IQ-TREE multicore version 2.4.0 for MacOS Intel 64-bit built Feb  7 2025
Developed by Bui Quang Minh, Nguyen Lam Tung, Olga Chernomor, Heiko Schmidt,
Dominik Schrempf, Michael Woodhams, Ly Trong Nhan, Thomas Wong

Host:    sc-sbs-383386 (AVX512, FMA3, 32 GB RAM)
Command: /Users/mful870/Bioinformatics_Programs/iqtree-2.4.0-macOS/bin/iqtree2 -s Alns/ -redo -p partition_file.nex -b 100
Seed:    665267 (Using SPRNG - Scalable Parallel Random Number Generator)
Time:    Mon Jun  2 22:51:50 2025
Kernel:  AVX+FMA - 1 threads (16 CPU cores detected)

HINT: Use -nt option to specify number of threads because your CPU has 16 cores!
HINT: -nt AUTO will automatically determine the best number of threads to use.

Reading partition model file partition_file.nex ...
Reading 2 alignment files in directory Alns/
Reading alignment file Alns/crystal.tdialn ... Fasta format detected
Reading fasta file: done in 0.000129938 secs using 83.12% CPU
Alignment most likely contains protein sequences
Alignment has 13 sequences with 354 columns, 268 distinct patterns
115 parsimony-informative, 110 singleton sites, 129 constant sites
WARNING: Some sequence names are changed as follows:
b_122_1_12+2zkd_A -> b_122_1_12_2zkd_A
b_122_1_12+4pw5_A -> b_122_1_12_4pw5_A
b_122_1_10+1zbo_A -> b_122_1_10_1zbo_A
b_122_1_10+2ane_A -> b_122_1_10_2ane_A
b_122_1_8+1zce_A -> b_122_1_8_1zce_A
b_122_1_8+2ar1_A -> b_122_1_8_2ar1_A
b_122_1_8+1wmm_A -> b_122_1_8_1wmm_A
b_122_1_6+1s04_A -> b_122_1_6_1s04_A
b_122_1_6+2z0t_A -> b_122_1_6_2z0t_A
b_122_1_6+1xne_A -> b_122_1_6_1xne_A
b_122_1_7+1te7_A -> b_122_1_7_1te7_A
b_122_1_5+1wk2_A -> b_122_1_5_1wk2_A
b_122_1_11+2gmq_A -> b_122_1_11_2gmq_A

                   Gap/Ambiguity  Composition  p-value
Analyzing sequences: done in 1.50204e-05 secs using 79.89% CPU
   1  b_122_1_12_2zkd_A   40.68%    passed      6.46%
   2  b_122_1_12_4pw5_A   46.61%    passed     93.78%
   3  b_122_1_10_1zbo_A   44.35%    passed     51.49%
   4  b_122_1_10_2ane_A   68.93%    passed     30.80%
   5  b_122_1_8_1zce_A    58.76%    passed     95.48%
   6  b_122_1_8_2ar1_A    55.65%    passed     62.69%
   7  b_122_1_8_1wmm_A    59.60%    passed     92.10%
   8  b_122_1_6_1s04_A    68.93%    passed     11.39%
   9  b_122_1_6_2z0t_A    69.21%    passed     67.03%
  10  b_122_1_6_1xne_A    68.08%    passed     47.63%
  11  b_122_1_7_1te7_A    70.90%    passed     95.38%
  12  b_122_1_5_1wk2_A    76.27%    passed     26.70%
  13  b_122_1_11_2gmq_A   72.03%    passed     20.11%
WARNING: 10 sequences contain more than 50% gaps/ambiguity
****  TOTAL               61.54%  0 sequences failed composition chi2 test (p-value<5%; df=19)
Reading alignment file Alns/crystal_aa.fa ... Fasta format detected
Reading fasta file: done in 0.000102997 secs using 91.26% CPU
Alignment most likely contains protein sequences
Alignment has 13 sequences with 354 columns, 285 distinct patterns
106 parsimony-informative, 126 singleton sites, 122 constant sites
WARNING: Some sequence names are changed as follows:
b_122_1_12+2zkd_A -> b_122_1_12_2zkd_A
b_122_1_12+4pw5_A -> b_122_1_12_4pw5_A
b_122_1_10+1zbo_A -> b_122_1_10_1zbo_A
b_122_1_10+2ane_A -> b_122_1_10_2ane_A
b_122_1_8+1zce_A -> b_122_1_8_1zce_A
b_122_1_8+2ar1_A -> b_122_1_8_2ar1_A
b_122_1_8+1wmm_A -> b_122_1_8_1wmm_A
b_122_1_6+1s04_A -> b_122_1_6_1s04_A
b_122_1_6+2z0t_A -> b_122_1_6_2z0t_A
b_122_1_6+1xne_A -> b_122_1_6_1xne_A
b_122_1_7+1te7_A -> b_122_1_7_1te7_A
b_122_1_5+1wk2_A -> b_122_1_5_1wk2_A
b_122_1_11+2gmq_A -> b_122_1_11_2gmq_A

                   Gap/Ambiguity  Composition  p-value
Analyzing sequences: done in 1.19209e-05 secs using 92.27% CPU
   1  b_122_1_12_2zkd_A   40.68%    passed      6.05%
   2  b_122_1_12_4pw5_A   46.61%    passed     12.05%
   3  b_122_1_10_1zbo_A   44.35%    failed      0.00%
   4  b_122_1_10_2ane_A   68.93%    passed     84.54%
   5  b_122_1_8_1zce_A    58.76%    passed     44.28%
   6  b_122_1_8_2ar1_A    55.65%    passed     39.78%
   7  b_122_1_8_1wmm_A    59.60%    passed      7.23%
   8  b_122_1_6_1s04_A    68.93%    failed      3.80%
   9  b_122_1_6_2z0t_A    69.21%    failed      0.11%
  10  b_122_1_6_1xne_A    68.08%    passed     17.75%
  11  b_122_1_7_1te7_A    70.90%    failed      0.02%
  12  b_122_1_5_1wk2_A    76.27%    passed     77.99%
  13  b_122_1_11_2gmq_A   72.03%    passed      7.06%
WARNING: 10 sequences contain more than 50% gaps/ambiguity
****  TOTAL               61.54%  4 sequences failed composition chi2 test (p-value<5%; df=19)

Loading 2 partitions...
Reading alignment file ./Alns/crystal_aa.fa ... Fasta format detected
Reading fasta file: done in 0.000103951 secs using 90.43% CPU
Alignment most likely contains protein sequences
Alignment has 13 sequences with 354 columns, 285 distinct patterns
106 parsimony-informative, 126 singleton sites, 122 constant sites
WARNING: Some sequence names are changed as follows:
b_122_1_12+2zkd_A -> b_122_1_12_2zkd_A
b_122_1_12+4pw5_A -> b_122_1_12_4pw5_A
b_122_1_10+1zbo_A -> b_122_1_10_1zbo_A
b_122_1_10+2ane_A -> b_122_1_10_2ane_A
b_122_1_8+1zce_A -> b_122_1_8_1zce_A
b_122_1_8+2ar1_A -> b_122_1_8_2ar1_A
b_122_1_8+1wmm_A -> b_122_1_8_1wmm_A
b_122_1_6+1s04_A -> b_122_1_6_1s04_A
b_122_1_6+2z0t_A -> b_122_1_6_2z0t_A
b_122_1_6+1xne_A -> b_122_1_6_1xne_A
b_122_1_7+1te7_A -> b_122_1_7_1te7_A
b_122_1_5+1wk2_A -> b_122_1_5_1wk2_A
b_122_1_11+2gmq_A -> b_122_1_11_2gmq_A

                   Gap/Ambiguity  Composition  p-value
Analyzing sequences: done in 1.71661e-05 secs using 81.56% CPU
   1  b_122_1_12_2zkd_A   40.68%    passed      6.05%
   2  b_122_1_12_4pw5_A   46.61%    passed     12.05%
   3  b_122_1_10_1zbo_A   44.35%    failed      0.00%
   4  b_122_1_10_2ane_A   68.93%    passed     84.54%
   5  b_122_1_8_1zce_A    58.76%    passed     44.28%
   6  b_122_1_8_2ar1_A    55.65%    passed     39.78%
   7  b_122_1_8_1wmm_A    59.60%    passed      7.23%
   8  b_122_1_6_1s04_A    68.93%    failed      3.80%
   9  b_122_1_6_2z0t_A    69.21%    failed      0.11%
  10  b_122_1_6_1xne_A    68.08%    passed     17.75%
  11  b_122_1_7_1te7_A    70.90%    failed      0.02%
  12  b_122_1_5_1wk2_A    76.27%    passed     77.99%
  13  b_122_1_11_2gmq_A   72.03%    passed      7.06%
WARNING: 10 sequences contain more than 50% gaps/ambiguity
****  TOTAL               61.54%  4 sequences failed composition chi2 test (p-value<5%; df=19)
Reading alignment file ./Alns/crystal.tdialn ... Fasta format detected
Reading fasta file: done in 0.000108957 secs using 87.19% CPU
Alignment most likely contains protein sequences
Alignment has 13 sequences with 354 columns, 268 distinct patterns
115 parsimony-informative, 110 singleton sites, 129 constant sites
WARNING: Some sequence names are changed as follows:
b_122_1_12+2zkd_A -> b_122_1_12_2zkd_A
b_122_1_12+4pw5_A -> b_122_1_12_4pw5_A
b_122_1_10+1zbo_A -> b_122_1_10_1zbo_A
b_122_1_10+2ane_A -> b_122_1_10_2ane_A
b_122_1_8+1zce_A -> b_122_1_8_1zce_A
b_122_1_8+2ar1_A -> b_122_1_8_2ar1_A
b_122_1_8+1wmm_A -> b_122_1_8_1wmm_A
b_122_1_6+1s04_A -> b_122_1_6_1s04_A
b_122_1_6+2z0t_A -> b_122_1_6_2z0t_A
b_122_1_6+1xne_A -> b_122_1_6_1xne_A
b_122_1_7+1te7_A -> b_122_1_7_1te7_A
b_122_1_5+1wk2_A -> b_122_1_5_1wk2_A
b_122_1_11+2gmq_A -> b_122_1_11_2gmq_A

                   Gap/Ambiguity  Composition  p-value
Analyzing sequences: done in 1.28746e-05 secs using 85.44% CPU
   1  b_122_1_12_2zkd_A   40.68%    passed      6.46%
   2  b_122_1_12_4pw5_A   46.61%    passed     93.78%
   3  b_122_1_10_1zbo_A   44.35%    passed     51.49%
   4  b_122_1_10_2ane_A   68.93%    passed     30.80%
   5  b_122_1_8_1zce_A    58.76%    passed     95.48%
   6  b_122_1_8_2ar1_A    55.65%    passed     62.69%
   7  b_122_1_8_1wmm_A    59.60%    passed     92.10%
   8  b_122_1_6_1s04_A    68.93%    passed     11.39%
   9  b_122_1_6_2z0t_A    69.21%    passed     67.03%
  10  b_122_1_6_1xne_A    68.08%    passed     47.63%
  11  b_122_1_7_1te7_A    70.90%    passed     95.38%
  12  b_122_1_5_1wk2_A    76.27%    passed     26.70%
  13  b_122_1_11_2gmq_A   72.03%    passed     20.11%
WARNING: 10 sequences contain more than 50% gaps/ambiguity
****  TOTAL               61.54%  0 sequences failed composition chi2 test (p-value<5%; df=19)
Subset	Type	Seqs	Sites	Infor	Invar	Model	Name
1	AA	13	354	106	122	LG	sequence
2		13	354	115	129	/Users/mful870/Desktop/MD_3di_Dev_02Oct24/Scriptorum/SubstitutionMatrix/3di_substmat	tdi
Degree of missing data: 0.000
Info: multi-threading strategy over partitions


===> START BOOTSTRAP REPLICATE NUMBER 1

Creating bootstrap alignment (seed: 665267)...

Create initial parsimony tree by phylogenetic likelihood library (PLL)... 0.001 seconds
Reading model parameters from file /Users/mful870/Desktop/MD_3di_Dev_02Oct24/Scriptorum/SubstitutionMatrix/3di_substmat
WARNING: Normalizing state frequencies so that sum of them equals to 1

NOTE: 0 MB RAM (0 GB) is required!
Estimate model parameters (epsilon = 0.100)
Initial log-likelihood: -9505.063
Current log-likelihood at step 1: -8481.224
Current log-likelihood at step 2: -8359.415
Current log-likelihood at step 3: -8359.406
Partition-specific rates:  1.445 0.555
Parameters optimization took 2 rounds (0.025 sec)

Wrote distance file to... 
Computing ML distances based on estimated model parameters...
Calculating distance matrix: done in 5.50747e-05 secs using 63.55% CPU
Computing ML distances took 0.000108 sec (of wall-clock time) 0.000064 sec (of CPU time)
Setting up auxiliary I and S matrices: done in 6.79493e-05 secs using 52.98% CPU
Computing RapidNJ tree took 0.000198 sec (of wall-clock time) 0.000116 sec (of CPU time)
Log-likelihood of RapidNJ tree: -8771.572
--------------------------------------------------------------------
|             INITIALIZING CANDIDATE TREE SET                      |
--------------------------------------------------------------------
Generating 98 parsimony trees... 0.164 second
Computing log-likelihood of 98 initial trees ... 0.223 seconds
Current best score: -8359.406

Do NNI search on 20 best initial trees
Estimate model parameters (epsilon = 0.100)
Initial log-likelihood: -8349.937
Current log-likelihood at step 1: -8349.880
Parameters optimization took 0 rounds (0.004 sec)

BETTER TREE FOUND at iteration 1: -8349.880
BETTER TREE FOUND at iteration 2: -8349.880
UPDATE BEST LOG-LIKELIHOOD: -8349.880
Iteration 10 / LogL: -8350.786 / Time: 0h:0m:1s
UPDATE BEST LOG-LIKELIHOOD: -8349.880
UPDATE BEST LOG-LIKELIHOOD: -8349.880
Iteration 20 / LogL: -8350.786 / Time: 0h:0m:1s
Finish initializing candidate tree set (6)
Current best tree score: -8349.880 / CPU time: 1.822
Number of iterations: 20
--------------------------------------------------------------------
|               OPTIMIZING CANDIDATE TREE SET                      |
--------------------------------------------------------------------
Iteration 30 / LogL: -8349.880 / Time: 0h:0m:2s (0h:0m:6s left)
Iteration 40 / LogL: -8349.880 / Time: 0h:0m:3s (0h:0m:5s left)
Iteration 50 / LogL: -8349.880 / Time: 0h:0m:3s (0h:0m:4s left)
Iteration 60 / LogL: -8349.880 / Time: 0h:0m:4s (0h:0m:3s left)
Iteration 70 / LogL: -8349.880 / Time: 0h:0m:5s (0h:0m:2s left)
UPDATE BEST LOG-LIKELIHOOD: -8349.880
Iteration 80 / LogL: -8349.880 / Time: 0h:0m:5s (0h:0m:1s left)
Iteration 90 / LogL: -8350.786 / Time: 0h:0m:6s (0h:0m:0s left)
UPDATE BEST LOG-LIKELIHOOD: -8349.880
Iteration 100 / LogL: -8349.880 / Time: 0h:0m:6s (0h:0m:0s left)
TREE SEARCH COMPLETED AFTER 103 ITERATIONS / Time: 0h:0m:7s

--------------------------------------------------------------------
|                    FINALIZING TREE SEARCH                        |
--------------------------------------------------------------------
Performs final model parameters optimization
Estimate model parameters (epsilon = 0.010)
Initial log-likelihood: -8349.880
Current log-likelihood at step 1: -8349.879
Partition-specific rates:  1.454 0.546
Parameters optimization took 0 rounds (0.004 sec)

Partition information was printed to partition_file.nex.best_model.nex
BEST SCORE FOUND : -8349.879
Total tree length: 13.613

Total number of iterations: 103
CPU time used for tree search: 7.110 sec (0h:0m:7s)
Wall-clock time used for tree search: 6.992 sec (0h:0m:6s)
Total CPU time used: 7.208 sec (0h:0m:7s)
Total wall-clock time used: 7.074 sec (0h:0m:7s)

===> START BOOTSTRAP REPLICATE NUMBER 2

Creating bootstrap alignment (seed: 665268)...

Create initial parsimony tree by phylogenetic likelihood library (PLL)... 0.001 seconds
Reading model parameters from file /Users/mful870/Desktop/MD_3di_Dev_02Oct24/Scriptorum/SubstitutionMatrix/3di_substmat
WARNING: Normalizing state frequencies so that sum of them equals to 1

NOTE: 0 MB RAM (0 GB) is required!
Estimate model parameters (epsilon = 0.100)
Initial log-likelihood: -9684.218
Current log-likelihood at step 1: -8655.732
Current log-likelihood at step 2: -8533.689
Current log-likelihood at step 3: -8533.432
Current log-likelihood at step 4: -8533.390
Partition-specific rates:  1.458 0.542
Parameters optimization took 3 rounds (0.033 sec)

Wrote distance file to... 
Computing ML distances based on estimated model parameters...
Calculating distance matrix: done in 3.88622e-05 secs using 84.92% CPU
Computing ML distances took 0.000085 sec (of wall-clock time) 0.000061 sec (of CPU time)
Setting up auxiliary I and S matrices: done in 3.40939e-05 secs using 76.26% CPU
Computing RapidNJ tree took 0.000142 sec (of wall-clock time) 0.000092 sec (of CPU time)
Log-likelihood of RapidNJ tree: -8929.962
--------------------------------------------------------------------
|             INITIALIZING CANDIDATE TREE SET                      |
--------------------------------------------------------------------
Generating 98 parsimony trees... 0.156 second
Computing log-likelihood of 97 initial trees ... 0.213 seconds
Current best score: -8533.390

Do NNI search on 20 best initial trees
Estimate model parameters (epsilon = 0.100)
Initial log-likelihood: -8529.630
Current log-likelihood at step 1: -8529.566
Parameters optimization took 0 rounds (0.004 sec)

BETTER TREE FOUND at iteration 1: -8529.566
Iteration 10 / LogL: -8532.998 / Time: 0h:0m:7s
Iteration 20 / LogL: -8532.130 / Time: 0h:0m:8s
Finish initializing candidate tree set (1)
Current best tree score: -8529.566 / CPU time: 1.028
Number of iterations: 20
--------------------------------------------------------------------
|               OPTIMIZING CANDIDATE TREE SET                      |
--------------------------------------------------------------------
Iteration 30 / LogL: -8529.616 / Time: 0h:0m:8s (0h:0m:3s left)
Iteration 40 / LogL: -8529.594 / Time: 0h:0m:8s (0h:0m:2s left)
Iteration 50 / LogL: -8529.581 / Time: 0h:0m:9s (0h:0m:2s left)
Iteration 60 / LogL: -8529.623 / Time: 0h:0m:9s (0h:0m:1s left)
Iteration 70 / LogL: -8530.069 / Time: 0h:0m:9s (0h:0m:1s left)
Iteration 80 / LogL: -8529.610 / Time: 0h:0m:10s (0h:0m:0s left)
Iteration 90 / LogL: -8529.573 / Time: 0h:0m:10s (0h:0m:0s left)
Iteration 100 / LogL: -8529.822 / Time: 0h:0m:10s (0h:0m:0s left)
TREE SEARCH COMPLETED AFTER 102 ITERATIONS / Time: 0h:0m:10s

--------------------------------------------------------------------
|                    FINALIZING TREE SEARCH                        |
--------------------------------------------------------------------
Performs final model parameters optimization
Estimate model parameters (epsilon = 0.010)
Initial log-likelihood: -8529.566
Current log-likelihood at step 1: -8529.559
Partition-specific rates:  1.453 0.547
Parameters optimization took 0 rounds (0.004 sec)

Partition information was printed to partition_file.nex.best_model.nex
BEST SCORE FOUND : -8529.559
Total tree length: 13.565

Total number of iterations: 102
CPU time used for tree search: 3.679 sec (0h:0m:3s)
Wall-clock time used for tree search: 3.552 sec (0h:0m:3s)
Total CPU time used: 11.005 sec (0h:0m:11s)
Total wall-clock time used: 10.723 sec (0h:0m:10s)

===> START BOOTSTRAP REPLICATE NUMBER 3

Creating bootstrap alignment (seed: 665269)...

Create initial parsimony tree by phylogenetic likelihood library (PLL)... 0.001 seconds
Reading model parameters from file /Users/mful870/Desktop/MD_3di_Dev_02Oct24/Scriptorum/SubstitutionMatrix/3di_substmat
WARNING: Normalizing state frequencies so that sum of them equals to 1

NOTE: 0 MB RAM (0 GB) is required!
Estimate model parameters (epsilon = 0.100)
Initial log-likelihood: -9133.298
Current log-likelihood at step 1: -8022.035
Current log-likelihood at step 2: -7915.677
Current log-likelihood at step 3: -7915.639
Partition-specific rates:  1.431 0.569
Parameters optimization took 2 rounds (0.027 sec)

Wrote distance file to... 
Computing ML distances based on estimated model parameters...
Calculating distance matrix: done in 3.60012e-05 secs using 86.11% CPU
Computing ML distances took 0.000081 sec (of wall-clock time) 0.000059 sec (of CPU time)
Setting up auxiliary I and S matrices: done in 3.09944e-05 secs using 77.43% CPU
Computing RapidNJ tree took 0.000129 sec (of wall-clock time) 0.000085 sec (of CPU time)
Log-likelihood of RapidNJ tree: -8233.269
--------------------------------------------------------------------
|             INITIALIZING CANDIDATE TREE SET                      |
--------------------------------------------------------------------
Generating 98 parsimony trees... 0.158 second
Computing log-likelihood of 96 initial trees ... 0.224 seconds
Current best score: -7915.639

Do NNI search on 20 best initial trees
Estimate model parameters (epsilon = 0.100)
Initial log-likelihood: -7898.897
Current log-likelihood at step 1: -7898.864
Parameters optimization took 0 rounds (0.004 sec)

BETTER TREE FOUND at iteration 1: -7898.864
Estimate model parameters (epsilon = 0.100)
Initial log-likelihood: -7897.483
Current log-likelihood at step 1: -7897.368
Current log-likelihood at step 2: -7897.363
Parameters optimization took 1 rounds (0.009 sec)

BETTER TREE FOUND at iteration 2: -7897.363
Iteration 10 / LogL: -7899.366 / Time: 0h:0m:11s
Iteration 20 / LogL: -7899.057 / Time: 0h:0m:12s
Finish initializing candidate tree set (2)
Current best tree score: -7897.363 / CPU time: 1.391
Number of iterations: 20
--------------------------------------------------------------------
|               OPTIMIZING CANDIDATE TREE SET                      |
--------------------------------------------------------------------
UPDATE BEST LOG-LIKELIHOOD: -7897.362
Iteration 30 / LogL: -7897.403 / Time: 0h:0m:12s (0h:0m:4s left)
Iteration 40 / LogL: -7897.476 / Time: 0h:0m:12s (0h:0m:3s left)
Iteration 50 / LogL: -7897.411 / Time: 0h:0m:13s (0h:0m:2s left)
Iteration 60 / LogL: -7897.517 / Time: 0h:0m:13s (0h:0m:2s left)
Iteration 70 / LogL: -7897.954 / Time: 0h:0m:14s (0h:0m:1s left)
Iteration 80 / LogL: -7897.388 / Time: 0h:0m:14s (0h:0m:1s left)
Iteration 90 / LogL: -7898.981 / Time: 0h:0m:14s (0h:0m:0s left)
Iteration 100 / LogL: -7897.659 / Time: 0h:0m:15s (0h:0m:0s left)
TREE SEARCH COMPLETED AFTER 103 ITERATIONS / Time: 0h:0m:15s

--------------------------------------------------------------------
|                    FINALIZING TREE SEARCH                        |
--------------------------------------------------------------------
Performs final model parameters optimization
Estimate model parameters (epsilon = 0.010)
Initial log-likelihood: -7897.362
Current log-likelihood at step 1: -7897.361
Partition-specific rates:  1.437 0.563
Parameters optimization took 0 rounds (0.004 sec)

Partition information was printed to partition_file.nex.best_model.nex
BEST SCORE FOUND : -7897.361
Total tree length: 14.934

Total number of iterations: 103
CPU time used for tree search: 4.623 sec (0h:0m:4s)
Wall-clock time used for tree search: 4.514 sec (0h:0m:4s)
Total CPU time used: 15.743 sec (0h:0m:15s)
Total wall-clock time used: 15.330 sec (0h:0m:15s)

===> START BOOTSTRAP REPLICATE NUMBER 4

Creating bootstrap alignment (seed: 665270)...

Create initial parsimony tree by phylogenetic likelihood library (PLL)... 0.001 seconds
Reading model parameters from file /Users/mful870/Desktop/MD_3di_Dev_02Oct24/Scriptorum/SubstitutionMatrix/3di_substmat
WARNING: Normalizing state frequencies so that sum of them equals to 1

NOTE: 0 MB RAM (0 GB) is required!
Estimate model parameters (epsilon = 0.100)
Initial log-likelihood: -8984.046
Current log-likelihood at step 1: -7921.217
Current log-likelihood at step 2: -7780.828
Current log-likelihood at step 3: -7780.575
Current log-likelihood at step 4: -7780.563
Partition-specific rates:  1.509 0.491
Parameters optimization took 3 rounds (0.030 sec)

Wrote distance file to... 
Computing ML distances based on estimated model parameters...
Calculating distance matrix: done in 3.60012e-05 secs using 83.33% CPU
Computing ML distances took 0.000076 sec (of wall-clock time) 0.000057 sec (of CPU time)
Setting up auxiliary I and S matrices: done in 3.09944e-05 secs using 74.21% CPU
Computing RapidNJ tree took 0.000126 sec (of wall-clock time) 0.000084 sec (of CPU time)
Log-likelihood of RapidNJ tree: -8161.567
--------------------------------------------------------------------
|             INITIALIZING CANDIDATE TREE SET                      |
--------------------------------------------------------------------
Generating 98 parsimony trees... 0.152 second
Computing log-likelihood of 98 initial trees ... 0.238 seconds
Current best score: -7780.563

Do NNI search on 20 best initial trees
Estimate model parameters (epsilon = 0.100)
Initial log-likelihood: -7767.187
Current log-likelihood at step 1: -7767.027
Current log-likelihood at step 2: -7766.979
Parameters optimization took 1 rounds (0.009 sec)

BETTER TREE FOUND at iteration 1: -7766.979
Iteration 10 / LogL: -7767.105 / Time: 0h:0m:16s
Estimate model parameters (epsilon = 0.100)
Initial log-likelihood: -7766.775
Current log-likelihood at step 1: -7766.515
Current log-likelihood at step 2: -7766.505
Parameters optimization took 1 rounds (0.011 sec)

UPDATE BEST LOG-LIKELIHOOD: -7766.505
Iteration 20 / LogL: -7767.117 / Time: 0h:0m:16s
Finish initializing candidate tree set (2)
Current best tree score: -7766.505 / CPU time: 1.264
Number of iterations: 20
--------------------------------------------------------------------
|               OPTIMIZING CANDIDATE TREE SET                      |
--------------------------------------------------------------------
Iteration 30 / LogL: -7767.187 / Time: 0h:0m:17s (0h:0m:4s left)
Iteration 40 / LogL: -7767.129 / Time: 0h:0m:17s (0h:0m:3s left)
Iteration 50 / LogL: -7767.086 / Time: 0h:0m:17s (0h:0m:2s left)
Iteration 60 / LogL: -7767.149 / Time: 0h:0m:18s (0h:0m:1s left)
Iteration 70 / LogL: -7767.398 / Time: 0h:0m:18s (0h:0m:1s left)
Iteration 80 / LogL: -7767.573 / Time: 0h:0m:18s (0h:0m:0s left)
Iteration 90 / LogL: -7766.961 / Time: 0h:0m:19s (0h:0m:0s left)
Iteration 100 / LogL: -7767.162 / Time: 0h:0m:19s (0h:0m:0s left)
TREE SEARCH COMPLETED AFTER 102 ITERATIONS / Time: 0h:0m:19s

--------------------------------------------------------------------
|                    FINALIZING TREE SEARCH                        |
--------------------------------------------------------------------
Performs final model parameters optimization
Estimate model parameters (epsilon = 0.010)
Initial log-likelihood: -7766.505
Current log-likelihood at step 1: -7766.503
Partition-specific rates:  1.495 0.505
Parameters optimization took 0 rounds (0.004 sec)

Partition information was printed to partition_file.nex.best_model.nex
BEST SCORE FOUND : -7766.503
Total tree length: 14.025

Total number of iterations: 102
CPU time used for tree search: 4.369 sec (0h:0m:4s)
Wall-clock time used for tree search: 4.260 sec (0h:0m:4s)
Total CPU time used: 20.231 sec (0h:0m:20s)
Total wall-clock time used: 19.685 sec (0h:0m:19s)

===> START BOOTSTRAP REPLICATE NUMBER 5

Creating bootstrap alignment (seed: 665271)...

Create initial parsimony tree by phylogenetic likelihood library (PLL)... 0.001 seconds
Reading model parameters from file /Users/mful870/Desktop/MD_3di_Dev_02Oct24/Scriptorum/SubstitutionMatrix/3di_substmat
WARNING: Normalizing state frequencies so that sum of them equals to 1

NOTE: 0 MB RAM (0 GB) is required!
Estimate model parameters (epsilon = 0.100)
Initial log-likelihood: -9417.914
Current log-likelihood at step 1: -8277.858
Current log-likelihood at step 2: -8164.929
Current log-likelihood at step 3: -8164.882
Partition-specific rates:  1.452 0.548
Parameters optimization took 2 rounds (0.024 sec)

Wrote distance file to... 
Computing ML distances based on estimated model parameters...
Calculating distance matrix: done in 3.60012e-05 secs using 86.11% CPU
Computing ML distances took 0.000099 sec (of wall-clock time) 0.000057 sec (of CPU time)
Setting up auxiliary I and S matrices: done in 3.09944e-05 secs using 74.21% CPU
Computing RapidNJ tree took 0.000124 sec (of wall-clock time) 0.000084 sec (of CPU time)
Log-likelihood of RapidNJ tree: -8529.427
--------------------------------------------------------------------
|             INITIALIZING CANDIDATE TREE SET                      |
--------------------------------------------------------------------
Generating 98 parsimony trees... 0.157 second
Computing log-likelihood of 98 initial trees ... 0.228 seconds
Current best score: -8164.882

Do NNI search on 20 best initial trees
Estimate model parameters (epsilon = 0.100)
Initial log-likelihood: -8140.393
Current log-likelihood at step 1: -8139.604
Current log-likelihood at step 2: -8139.532
Parameters optimization took 1 rounds (0.009 sec)

BETTER TREE FOUND at iteration 1: -8139.532
Iteration 10 / LogL: -8140.233 / Time: 0h:0m:20s
Iteration 20 / LogL: -8140.378 / Time: 0h:0m:20s
Finish initializing candidate tree set (2)
Current best tree score: -8139.532 / CPU time: 1.226
Number of iterations: 20
--------------------------------------------------------------------
|               OPTIMIZING CANDIDATE TREE SET                      |
--------------------------------------------------------------------
Iteration 30 / LogL: -8139.595 / Time: 0h:0m:21s (0h:0m:3s left)
Iteration 40 / LogL: -8140.014 / Time: 0h:0m:21s (0h:0m:2s left)
Iteration 50 / LogL: -8139.702 / Time: 0h:0m:21s (0h:0m:2s left)
Iteration 60 / LogL: -8139.795 / Time: 0h:0m:22s (0h:0m:1s left)
Iteration 70 / LogL: -8140.495 / Time: 0h:0m:22s (0h:0m:1s left)
Iteration 80 / LogL: -8151.378 / Time: 0h:0m:22s (0h:0m:0s left)
Iteration 90 / LogL: -8140.191 / Time: 0h:0m:23s (0h:0m:0s left)
Iteration 100 / LogL: -8140.573 / Time: 0h:0m:23s (0h:0m:0s left)
TREE SEARCH COMPLETED AFTER 102 ITERATIONS / Time: 0h:0m:23s

--------------------------------------------------------------------
|                    FINALIZING TREE SEARCH                        |
--------------------------------------------------------------------
Performs final model parameters optimization
Estimate model parameters (epsilon = 0.010)
Initial log-likelihood: -8139.532
Current log-likelihood at step 1: -8139.499
Current log-likelihood at step 2: -8139.496
Partition-specific rates:  1.449 0.551
Parameters optimization took 1 rounds (0.009 sec)

Partition information was printed to partition_file.nex.best_model.nex
BEST SCORE FOUND : -8139.496
Total tree length: 15.282

Total number of iterations: 102
CPU time used for tree search: 3.779 sec (0h:0m:3s)
Wall-clock time used for tree search: 3.681 sec (0h:0m:3s)
Total CPU time used: 24.137 sec (0h:0m:24s)
Total wall-clock time used: 23.465 sec (0h:0m:23s)

===> START BOOTSTRAP REPLICATE NUMBER 6

Creating bootstrap alignment (seed: 665272)...

Create initial parsimony tree by phylogenetic likelihood library (PLL)... 0.001 seconds
Reading model parameters from file /Users/mful870/Desktop/MD_3di_Dev_02Oct24/Scriptorum/SubstitutionMatrix/3di_substmat
WARNING: Normalizing state frequencies so that sum of them equals to 1

NOTE: 0 MB RAM (0 GB) is required!
Estimate model parameters (epsilon = 0.100)
Initial log-likelihood: -9076.848
Current log-likelihood at step 1: -8004.220
Current log-likelihood at step 2: -7897.821
Current log-likelihood at step 3: -7897.693
Current log-likelihood at step 4: -7897.679
Partition-specific rates:  1.451 0.549
Parameters optimization took 3 rounds (0.028 sec)

Wrote distance file to... 
Computing ML distances based on estimated model parameters...
Calculating distance matrix: done in 5.38826e-05 secs using 83.51% CPU
Computing ML distances took 0.000117 sec (of wall-clock time) 0.000086 sec (of CPU time)
Setting up auxiliary I and S matrices: done in 3.91006e-05 secs using 79.28% CPU
Computing RapidNJ tree took 0.000174 sec (of wall-clock time) 0.000103 sec (of CPU time)
Log-likelihood of RapidNJ tree: -8182.764
--------------------------------------------------------------------
|             INITIALIZING CANDIDATE TREE SET                      |
--------------------------------------------------------------------
Generating 98 parsimony trees... 0.171 second
Computing log-likelihood of 98 initial trees ... 0.230 seconds
Current best score: -7897.679

Do NNI search on 20 best initial trees
Estimate model parameters (epsilon = 0.100)
Initial log-likelihood: -7877.193
Current log-likelihood at step 1: -7877.144
Parameters optimization took 0 rounds (0.004 sec)

BETTER TREE FOUND at iteration 1: -7877.144
Estimate model parameters (epsilon = 0.100)
Initial log-likelihood: -7869.096
Current log-likelihood at step 1: -7869.034
Parameters optimization took 0 rounds (0.004 sec)

BETTER TREE FOUND at iteration 2: -7869.034
Iteration 10 / LogL: -7869.149 / Time: 0h:0m:24s
Iteration 20 / LogL: -7869.901 / Time: 0h:0m:24s
Finish initializing candidate tree set (3)
Current best tree score: -7869.034 / CPU time: 1.215
Number of iterations: 20
--------------------------------------------------------------------
|               OPTIMIZING CANDIDATE TREE SET                      |
--------------------------------------------------------------------
Iteration 30 / LogL: -7869.288 / Time: 0h:0m:25s (0h:0m:4s left)
Iteration 40 / LogL: -7869.071 / Time: 0h:0m:25s (0h:0m:3s left)
Iteration 50 / LogL: -7877.310 / Time: 0h:0m:25s (0h:0m:2s left)
Iteration 60 / LogL: -7869.224 / Time: 0h:0m:26s (0h:0m:1s left)
UPDATE BEST LOG-LIKELIHOOD: -7869.028
Iteration 70 / LogL: -7869.212 / Time: 0h:0m:26s (0h:0m:1s left)
Iteration 80 / LogL: -7869.116 / Time: 0h:0m:27s (0h:0m:0s left)
Iteration 90 / LogL: -7869.200 / Time: 0h:0m:27s (0h:0m:0s left)
Iteration 100 / LogL: -7869.117 / Time: 0h:0m:27s (0h:0m:0s left)
TREE SEARCH COMPLETED AFTER 103 ITERATIONS / Time: 0h:0m:27s

--------------------------------------------------------------------
|                    FINALIZING TREE SEARCH                        |
--------------------------------------------------------------------
Performs final model parameters optimization
Estimate model parameters (epsilon = 0.010)
Initial log-likelihood: -7869.028
Current log-likelihood at step 1: -7869.005
Current log-likelihood at step 2: -7869.004
Partition-specific rates:  1.446 0.554
Parameters optimization took 1 rounds (0.009 sec)

Partition information was printed to partition_file.nex.best_model.nex
BEST SCORE FOUND : -7869.004
Total tree length: 13.869

Total number of iterations: 103
CPU time used for tree search: 4.383 sec (0h:0m:4s)
Wall-clock time used for tree search: 4.314 sec (0h:0m:4s)
Total CPU time used: 28.644 sec (0h:0m:28s)
Total wall-clock time used: 27.892 sec (0h:0m:27s)

===> START BOOTSTRAP REPLICATE NUMBER 7

Creating bootstrap alignment (seed: 665273)...

Create initial parsimony tree by phylogenetic likelihood library (PLL)... 0.001 seconds
Reading model parameters from file /Users/mful870/Desktop/MD_3di_Dev_02Oct24/Scriptorum/SubstitutionMatrix/3di_substmat
WARNING: Normalizing state frequencies so that sum of them equals to 1

NOTE: 0 MB RAM (0 GB) is required!
Estimate model parameters (epsilon = 0.100)
Initial log-likelihood: -9343.752
Current log-likelihood at step 1: -8273.969
Current log-likelihood at step 2: -8179.620
Current log-likelihood at step 3: -8179.534
Partition-specific rates:  1.415 0.585
Parameters optimization took 2 rounds (0.023 sec)

Wrote distance file to... 
Computing ML distances based on estimated model parameters...
Calculating distance matrix: done in 3.50475e-05 secs using 85.6% CPU
Computing ML distances took 0.000086 sec (of wall-clock time) 0.000067 sec (of CPU time)
Setting up auxiliary I and S matrices: done in 3.79086e-05 secs using 76.5% CPU
Computing RapidNJ tree took 0.000159 sec (of wall-clock time) 0.000094 sec (of CPU time)
Log-likelihood of RapidNJ tree: -8582.367
--------------------------------------------------------------------
|             INITIALIZING CANDIDATE TREE SET                      |
--------------------------------------------------------------------
Generating 98 parsimony trees... 0.146 second
Computing log-likelihood of 98 initial trees ... 0.235 seconds
Current best score: -8179.534

Do NNI search on 20 best initial trees
Estimate model parameters (epsilon = 0.100)
Initial log-likelihood: -8173.612
Current log-likelihood at step 1: -8173.516
Parameters optimization took 0 rounds (0.004 sec)

BETTER TREE FOUND at iteration 1: -8173.516
Iteration 10 / LogL: -8174.104 / Time: 0h:0m:28s
Iteration 20 / LogL: -8173.867 / Time: 0h:0m:29s
Finish initializing candidate tree set (1)
Current best tree score: -8173.516 / CPU time: 1.204
Number of iterations: 20
--------------------------------------------------------------------
|               OPTIMIZING CANDIDATE TREE SET                      |
--------------------------------------------------------------------
Iteration 30 / LogL: -8180.646 / Time: 0h:0m:29s (0h:0m:3s left)
Iteration 40 / LogL: -8173.572 / Time: 0h:0m:29s (0h:0m:3s left)
Iteration 50 / LogL: -8173.890 / Time: 0h:0m:30s (0h:0m:2s left)
Iteration 60 / LogL: -8173.676 / Time: 0h:0m:30s (0h:0m:1s left)
Iteration 70 / LogL: -8173.746 / Time: 0h:0m:30s (0h:0m:1s left)
Iteration 80 / LogL: -8173.882 / Time: 0h:0m:31s (0h:0m:0s left)
Iteration 90 / LogL: -8174.275 / Time: 0h:0m:31s (0h:0m:0s left)
Iteration 100 / LogL: -8173.741 / Time: 0h:0m:31s (0h:0m:0s left)
TREE SEARCH COMPLETED AFTER 102 ITERATIONS / Time: 0h:0m:32s

--------------------------------------------------------------------
|                    FINALIZING TREE SEARCH                        |
--------------------------------------------------------------------
Performs final model parameters optimization
Estimate model parameters (epsilon = 0.010)
Initial log-likelihood: -8173.516
Current log-likelihood at step 1: -8173.493
Current log-likelihood at step 2: -8173.491
Partition-specific rates:  1.422 0.578
Parameters optimization took 1 rounds (0.010 sec)

Partition information was printed to partition_file.nex.best_model.nex
BEST SCORE FOUND : -8173.491
Total tree length: 14.380

Total number of iterations: 102
CPU time used for tree search: 4.204 sec (0h:0m:4s)
Wall-clock time used for tree search: 4.082 sec (0h:0m:4s)
Total CPU time used: 32.979 sec (0h:0m:32s)
Total wall-clock time used: 32.075 sec (0h:0m:32s)

===> START BOOTSTRAP REPLICATE NUMBER 8

Creating bootstrap alignment (seed: 665274)...

Create initial parsimony tree by phylogenetic likelihood library (PLL)... 0.001 seconds
Reading model parameters from file /Users/mful870/Desktop/MD_3di_Dev_02Oct24/Scriptorum/SubstitutionMatrix/3di_substmat
WARNING: Normalizing state frequencies so that sum of them equals to 1

NOTE: 0 MB RAM (0 GB) is required!
Estimate model parameters (epsilon = 0.100)
Initial log-likelihood: -9098.486
Current log-likelihood at step 1: -8051.067
Current log-likelihood at step 2: -7969.185
Current log-likelihood at step 3: -7969.148
Partition-specific rates:  1.382 0.618
Parameters optimization took 2 rounds (0.024 sec)

Wrote distance file to... 
Computing ML distances based on estimated model parameters...
Calculating distance matrix: done in 3.79086e-05 secs using 89.69% CPU
Computing ML distances took 0.000084 sec (of wall-clock time) 0.000062 sec (of CPU time)
Setting up auxiliary I and S matrices: done in 2.88486e-05 secs using 79.73% CPU
Computing RapidNJ tree took 0.000159 sec (of wall-clock time) 0.000099 sec (of CPU time)
Log-likelihood of RapidNJ tree: -8401.267
--------------------------------------------------------------------
|             INITIALIZING CANDIDATE TREE SET                      |
--------------------------------------------------------------------
Generating 98 parsimony trees... 0.144 second
Computing log-likelihood of 98 initial trees ... 0.220 seconds
Current best score: -7969.148

Do NNI search on 20 best initial trees
Estimate model parameters (epsilon = 0.100)
Initial log-likelihood: -7966.634
Current log-likelihood at step 1: -7966.623
Parameters optimization took 0 rounds (0.004 sec)

BETTER TREE FOUND at iteration 1: -7966.623
Iteration 10 / LogL: -7966.687 / Time: 0h:0m:32s
Iteration 20 / LogL: -7966.810 / Time: 0h:0m:33s
Finish initializing candidate tree set (1)
Current best tree score: -7966.623 / CPU time: 1.314
Number of iterations: 20
--------------------------------------------------------------------
|               OPTIMIZING CANDIDATE TREE SET                      |
--------------------------------------------------------------------
UPDATE BEST LOG-LIKELIHOOD: -7966.621
UPDATE BEST LOG-LIKELIHOOD: -7966.620
Iteration 30 / LogL: -7966.642 / Time: 0h:0m:33s (0h:0m:4s left)
Iteration 40 / LogL: -7966.673 / Time: 0h:0m:34s (0h:0m:3s left)
Iteration 50 / LogL: -7966.631 / Time: 0h:0m:34s (0h:0m:2s left)
UPDATE BEST LOG-LIKELIHOOD: -7966.619
Iteration 60 / LogL: -7966.672 / Time: 0h:0m:35s (0h:0m:2s left)
Iteration 70 / LogL: -7966.677 / Time: 0h:0m:35s (0h:0m:1s left)
Iteration 80 / LogL: -7966.745 / Time: 0h:0m:35s (0h:0m:1s left)
Iteration 90 / LogL: -7966.622 / Time: 0h:0m:36s (0h:0m:0s left)
Iteration 100 / LogL: -7966.653 / Time: 0h:0m:36s (0h:0m:0s left)
TREE SEARCH COMPLETED AFTER 102 ITERATIONS / Time: 0h:0m:36s

--------------------------------------------------------------------
|                    FINALIZING TREE SEARCH                        |
--------------------------------------------------------------------
Performs final model parameters optimization
Estimate model parameters (epsilon = 0.010)
Initial log-likelihood: -7966.619
Current log-likelihood at step 1: -7966.619
Partition-specific rates:  1.383 0.617
Parameters optimization took 0 rounds (0.004 sec)

Partition information was printed to partition_file.nex.best_model.nex
BEST SCORE FOUND : -7966.619
Total tree length: 13.182

Total number of iterations: 102
CPU time used for tree search: 4.793 sec (0h:0m:4s)
Wall-clock time used for tree search: 4.692 sec (0h:0m:4s)
Total CPU time used: 37.890 sec (0h:0m:37s)
Total wall-clock time used: 36.858 sec (0h:0m:36s)

===> START BOOTSTRAP REPLICATE NUMBER 9

Creating bootstrap alignment (seed: 665275)...

Create initial parsimony tree by phylogenetic likelihood library (PLL)... 0.001 seconds
Reading model parameters from file /Users/mful870/Desktop/MD_3di_Dev_02Oct24/Scriptorum/SubstitutionMatrix/3di_substmat
WARNING: Normalizing state frequencies so that sum of them equals to 1

NOTE: 0 MB RAM (0 GB) is required!
Estimate model parameters (epsilon = 0.100)
Initial log-likelihood: -9060.473
Current log-likelihood at step 1: -8054.555
Current log-likelihood at step 2: -7948.021
Current log-likelihood at step 3: -7948.006
Partition-specific rates:  1.441 0.559
Parameters optimization took 2 rounds (0.024 sec)

Wrote distance file to... 
Computing ML distances based on estimated model parameters...
Calculating distance matrix: done in 3.79086e-05 secs using 81.78% CPU
Computing ML distances took 0.000082 sec (of wall-clock time) 0.000060 sec (of CPU time)
Setting up auxiliary I and S matrices: done in 3.00407e-05 secs using 76.56% CPU
Computing RapidNJ tree took 0.000126 sec (of wall-clock time) 0.000082 sec (of CPU time)
Log-likelihood of RapidNJ tree: -8387.129
--------------------------------------------------------------------
|             INITIALIZING CANDIDATE TREE SET                      |
--------------------------------------------------------------------
Generating 98 parsimony trees... 0.154 second
Computing log-likelihood of 98 initial trees ... 0.220 seconds
Current best score: -7948.006

Do NNI search on 20 best initial trees
Estimate model parameters (epsilon = 0.100)
Initial log-likelihood: -7940.957
Current log-likelihood at step 1: -7940.941
Parameters optimization took 0 rounds (0.004 sec)

BETTER TREE FOUND at iteration 1: -7940.941
Estimate model parameters (epsilon = 0.100)
Initial log-likelihood: -7938.987
Current log-likelihood at step 1: -7938.572
Current log-likelihood at step 2: -7938.546
Parameters optimization took 1 rounds (0.011 sec)

BETTER TREE FOUND at iteration 2: -7938.546
Iteration 10 / LogL: -7941.285 / Time: 0h:0m:37s
Iteration 20 / LogL: -7941.142 / Time: 0h:0m:38s
Finish initializing candidate tree set (5)
Current best tree score: -7938.546 / CPU time: 1.363
Number of iterations: 20
--------------------------------------------------------------------
|               OPTIMIZING CANDIDATE TREE SET                      |
--------------------------------------------------------------------
UPDATE BEST LOG-LIKELIHOOD: -7938.536
Iteration 30 / LogL: -7941.042 / Time: 0h:0m:38s (0h:0m:4s left)
Iteration 40 / LogL: -7938.539 / Time: 0h:0m:39s (0h:0m:3s left)
Iteration 50 / LogL: -7938.542 / Time: 0h:0m:39s (0h:0m:2s left)
Iteration 60 / LogL: -7941.061 / Time: 0h:0m:39s (0h:0m:2s left)
Iteration 70 / LogL: -7938.603 / Time: 0h:0m:40s (0h:0m:1s left)
Iteration 80 / LogL: -7938.591 / Time: 0h:0m:40s (0h:0m:1s left)
UPDATE BEST LOG-LIKELIHOOD: -7938.535
Iteration 90 / LogL: -7938.535 / Time: 0h:0m:41s (0h:0m:0s left)
Iteration 100 / LogL: -7938.588 / Time: 0h:0m:41s (0h:0m:0s left)
TREE SEARCH COMPLETED AFTER 103 ITERATIONS / Time: 0h:0m:41s

--------------------------------------------------------------------
|                    FINALIZING TREE SEARCH                        |
--------------------------------------------------------------------
Performs final model parameters optimization
Estimate model parameters (epsilon = 0.010)
Initial log-likelihood: -7938.535
Current log-likelihood at step 1: -7938.533
Partition-specific rates:  1.450 0.550
Parameters optimization took 0 rounds (0.004 sec)

Partition information was printed to partition_file.nex.best_model.nex
BEST SCORE FOUND : -7938.533
Total tree length: 13.273

Total number of iterations: 103
CPU time used for tree search: 4.781 sec (0h:0m:4s)
Wall-clock time used for tree search: 4.672 sec (0h:0m:4s)
Total CPU time used: 42.785 sec (0h:0m:42s)
Total wall-clock time used: 41.620 sec (0h:0m:41s)

===> START BOOTSTRAP REPLICATE NUMBER 10

Creating bootstrap alignment (seed: 665276)...

Create initial parsimony tree by phylogenetic likelihood library (PLL)... 0.002 seconds
Reading model parameters from file /Users/mful870/Desktop/MD_3di_Dev_02Oct24/Scriptorum/SubstitutionMatrix/3di_substmat
WARNING: Normalizing state frequencies so that sum of them equals to 1

NOTE: 0 MB RAM (0 GB) is required!
Estimate model parameters (epsilon = 0.100)
Initial log-likelihood: -9525.687
Current log-likelihood at step 1: -8429.402
Current log-likelihood at step 2: -8350.709
Current log-likelihood at step 3: -8350.682
Partition-specific rates:  1.372 0.628
Parameters optimization took 2 rounds (0.024 sec)

Wrote distance file to... 
Computing ML distances based on estimated model parameters...
Calculating distance matrix: done in 3.60012e-05 secs using 86.11% CPU
Computing ML distances took 0.000077 sec (of wall-clock time) 0.000059 sec (of CPU time)
Setting up auxiliary I and S matrices: done in 3.91006e-05 secs using 76.73% CPU
Computing RapidNJ tree took 0.000202 sec (of wall-clock time) 0.000110 sec (of CPU time)
Log-likelihood of RapidNJ tree: -8780.430
--------------------------------------------------------------------
|             INITIALIZING CANDIDATE TREE SET                      |
--------------------------------------------------------------------
Generating 98 parsimony trees... 0.153 second
Computing log-likelihood of 98 initial trees ... 0.249 seconds
Current best score: -8350.682

Do NNI search on 20 best initial trees
Estimate model parameters (epsilon = 0.100)
Initial log-likelihood: -8346.340
Current log-likelihood at step 1: -8346.022
Current log-likelihood at step 2: -8346.009
Parameters optimization took 1 rounds (0.010 sec)

BETTER TREE FOUND at iteration 1: -8346.009
Iteration 10 / LogL: -8346.228 / Time: 0h:0m:42s
Iteration 20 / LogL: -8346.802 / Time: 0h:0m:42s
Finish initializing candidate tree set (1)
Current best tree score: -8346.009 / CPU time: 1.201
Number of iterations: 20
--------------------------------------------------------------------
|               OPTIMIZING CANDIDATE TREE SET                      |
--------------------------------------------------------------------
UPDATE BEST LOG-LIKELIHOOD: -8346.005
Iteration 30 / LogL: -8346.005 / Time: 0h:0m:43s (0h:0m:3s left)
Iteration 40 / LogL: -8346.256 / Time: 0h:0m:43s (0h:0m:2s left)
Iteration 50 / LogL: -8346.643 / Time: 0h:0m:43s (0h:0m:2s left)
Iteration 60 / LogL: -8346.740 / Time: 0h:0m:44s (0h:0m:1s left)
Iteration 70 / LogL: -8346.106 / Time: 0h:0m:44s (0h:0m:1s left)
Iteration 80 / LogL: -8346.131 / Time: 0h:0m:44s (0h:0m:0s left)
Iteration 90 / LogL: -8346.207 / Time: 0h:0m:45s (0h:0m:0s left)
Iteration 100 / LogL: -8346.291 / Time: 0h:0m:45s (0h:0m:0s left)
TREE SEARCH COMPLETED AFTER 102 ITERATIONS / Time: 0h:0m:45s

--------------------------------------------------------------------
|                    FINALIZING TREE SEARCH                        |
--------------------------------------------------------------------
Performs final model parameters optimization
Estimate model parameters (epsilon = 0.010)
Initial log-likelihood: -8346.005
Current log-likelihood at step 1: -8346.004
Partition-specific rates:  1.370 0.630
Parameters optimization took 0 rounds (0.004 sec)

Partition information was printed to partition_file.nex.best_model.nex
BEST SCORE FOUND : -8346.004
Total tree length: 14.256

Total number of iterations: 102
CPU time used for tree search: 4.049 sec (0h:0m:4s)
Wall-clock time used for tree search: 3.915 sec (0h:0m:3s)
Total CPU time used: 46.921 sec (0h:0m:46s)
Total wall-clock time used: 45.611 sec (0h:0m:45s)

===> START BOOTSTRAP REPLICATE NUMBER 11

Creating bootstrap alignment (seed: 665277)...

Create initial parsimony tree by phylogenetic likelihood library (PLL)... 0.001 seconds
Reading model parameters from file /Users/mful870/Desktop/MD_3di_Dev_02Oct24/Scriptorum/SubstitutionMatrix/3di_substmat
WARNING: Normalizing state frequencies so that sum of them equals to 1

NOTE: 0 MB RAM (0 GB) is required!
Estimate model parameters (epsilon = 0.100)
Initial log-likelihood: -9019.635
Current log-likelihood at step 1: -8013.327
Current log-likelihood at step 2: -7914.510
Current log-likelihood at step 3: -7914.491
Partition-specific rates:  1.433 0.567
Parameters optimization took 2 rounds (0.024 sec)

Wrote distance file to... 
Computing ML distances based on estimated model parameters...
Calculating distance matrix: done in 3.60012e-05 secs using 86.11% CPU
Computing ML distances took 0.000080 sec (of wall-clock time) 0.000058 sec (of CPU time)
Setting up auxiliary I and S matrices: done in 3.91006e-05 secs using 76.73% CPU
Computing RapidNJ tree took 0.000186 sec (of wall-clock time) 0.000108 sec (of CPU time)
Log-likelihood of RapidNJ tree: -8254.745
--------------------------------------------------------------------
|             INITIALIZING CANDIDATE TREE SET                      |
--------------------------------------------------------------------
Generating 98 parsimony trees... 0.161 second
Computing log-likelihood of 98 initial trees ... 0.235 seconds
Current best score: -7914.491

Do NNI search on 20 best initial trees
Estimate model parameters (epsilon = 0.100)
Initial log-likelihood: -7909.227
Current log-likelihood at step 1: -7909.163
Parameters optimization took 0 rounds (0.005 sec)

BETTER TREE FOUND at iteration 1: -7909.163
Iteration 10 / LogL: -7909.237 / Time: 0h:0m:46s
Iteration 20 / LogL: -7909.225 / Time: 0h:0m:46s
Finish initializing candidate tree set (1)
Current best tree score: -7909.163 / CPU time: 1.304
Number of iterations: 20
--------------------------------------------------------------------
|               OPTIMIZING CANDIDATE TREE SET                      |
--------------------------------------------------------------------
UPDATE BEST LOG-LIKELIHOOD: -7909.161
Iteration 30 / LogL: -7909.371 / Time: 0h:0m:47s (0h:0m:4s left)
Iteration 40 / LogL: -7909.178 / Time: 0h:0m:47s (0h:0m:3s left)
Iteration 50 / LogL: -7909.481 / Time: 0h:0m:48s (0h:0m:2s left)
UPDATE BEST LOG-LIKELIHOOD: -7909.155
Iteration 60 / LogL: -7909.268 / Time: 0h:0m:48s (0h:0m:1s left)
UPDATE BEST LOG-LIKELIHOOD: -7909.154
Iteration 70 / LogL: -7909.190 / Time: 0h:0m:48s (0h:0m:1s left)
Iteration 80 / LogL: -7909.226 / Time: 0h:0m:49s (0h:0m:0s left)
Iteration 90 / LogL: -7909.370 / Time: 0h:0m:49s (0h:0m:0s left)
Iteration 100 / LogL: -7909.188 / Time: 0h:0m:49s (0h:0m:0s left)
TREE SEARCH COMPLETED AFTER 102 ITERATIONS / Time: 0h:0m:49s

--------------------------------------------------------------------
|                    FINALIZING TREE SEARCH                        |
--------------------------------------------------------------------
Performs final model parameters optimization
Estimate model parameters (epsilon = 0.010)
Initial log-likelihood: -7909.154
Current log-likelihood at step 1: -7909.154
Partition-specific rates:  1.428 0.572
Parameters optimization took 0 rounds (0.004 sec)

Partition information was printed to partition_file.nex.best_model.nex
BEST SCORE FOUND : -7909.154
Total tree length: 12.318

Total number of iterations: 102
CPU time used for tree search: 4.320 sec (0h:0m:4s)
Wall-clock time used for tree search: 4.200 sec (0h:0m:4s)
Total CPU time used: 51.341 sec (0h:0m:51s)
Total wall-clock time used: 49.892 sec (0h:0m:49s)

===> START BOOTSTRAP REPLICATE NUMBER 12

Creating bootstrap alignment (seed: 665278)...

Create initial parsimony tree by phylogenetic likelihood library (PLL)... 0.001 seconds
Reading model parameters from file /Users/mful870/Desktop/MD_3di_Dev_02Oct24/Scriptorum/SubstitutionMatrix/3di_substmat
WARNING: Normalizing state frequencies so that sum of them equals to 1

NOTE: 0 MB RAM (0 GB) is required!
Estimate model parameters (epsilon = 0.100)
Initial log-likelihood: -9195.699
Current log-likelihood at step 1: -8134.070
Current log-likelihood at step 2: -8039.661
Current log-likelihood at step 3: -8039.540
Current log-likelihood at step 4: -8039.523
Partition-specific rates:  1.439 0.561
Parameters optimization took 3 rounds (0.028 sec)

Wrote distance file to... 
Computing ML distances based on estimated model parameters...
Calculating distance matrix: done in 3.50475e-05 secs using 88.45% CPU
Computing ML distances took 0.000078 sec (of wall-clock time) 0.000057 sec (of CPU time)
Setting up auxiliary I and S matrices: done in 5.4121e-05 secs using 62.82% CPU
Computing RapidNJ tree took 0.000138 sec (of wall-clock time) 0.000088 sec (of CPU time)
Log-likelihood of RapidNJ tree: -8288.876
--------------------------------------------------------------------
|             INITIALIZING CANDIDATE TREE SET                      |
--------------------------------------------------------------------
Generating 98 parsimony trees... 0.143 second
Computing log-likelihood of 98 initial trees ... 0.237 seconds
Current best score: -8039.523

Do NNI search on 20 best initial trees
Estimate model parameters (epsilon = 0.100)
Initial log-likelihood: -7977.982
Current log-likelihood at step 1: -7976.922
Current log-likelihood at step 2: -7976.907
Parameters optimization took 1 rounds (0.012 sec)

BETTER TREE FOUND at iteration 1: -7976.907
Iteration 10 / LogL: -7977.303 / Time: 0h:0m:50s
Iteration 20 / LogL: -7977.309 / Time: 0h:0m:51s
Finish initializing candidate tree set (1)
Current best tree score: -7976.907 / CPU time: 1.418
Number of iterations: 20
--------------------------------------------------------------------
|               OPTIMIZING CANDIDATE TREE SET                      |
--------------------------------------------------------------------
Iteration 30 / LogL: -7978.109 / Time: 0h:0m:51s (0h:0m:4s left)
Iteration 40 / LogL: -7977.122 / Time: 0h:0m:52s (0h:0m:3s left)
Iteration 50 / LogL: -7976.988 / Time: 0h:0m:52s (0h:0m:2s left)
Iteration 60 / LogL: -7977.279 / Time: 0h:0m:52s (0h:0m:2s left)
Iteration 70 / LogL: -7977.090 / Time: 0h:0m:53s (0h:0m:1s left)
Iteration 80 / LogL: -7977.061 / Time: 0h:0m:53s (0h:0m:1s left)
Iteration 90 / LogL: -7977.095 / Time: 0h:0m:54s (0h:0m:0s left)
Iteration 100 / LogL: -7977.298 / Time: 0h:0m:54s (0h:0m:0s left)
TREE SEARCH COMPLETED AFTER 102 ITERATIONS / Time: 0h:0m:54s

--------------------------------------------------------------------
|                    FINALIZING TREE SEARCH                        |
--------------------------------------------------------------------
Performs final model parameters optimization
Estimate model parameters (epsilon = 0.010)
Initial log-likelihood: -7976.907
Current log-likelihood at step 1: -7976.903
Partition-specific rates:  1.411 0.589
Parameters optimization took 0 rounds (0.004 sec)

Partition information was printed to partition_file.nex.best_model.nex
BEST SCORE FOUND : -7976.903
Total tree length: 13.600

Total number of iterations: 102
CPU time used for tree search: 4.668 sec (0h:0m:4s)
Wall-clock time used for tree search: 4.552 sec (0h:0m:4s)
Total CPU time used: 56.119 sec (0h:0m:56s)
Total wall-clock time used: 54.537 sec (0h:0m:54s)

===> START BOOTSTRAP REPLICATE NUMBER 13

Creating bootstrap alignment (seed: 665279)...

Create initial parsimony tree by phylogenetic likelihood library (PLL)... 0.001 seconds
Reading model parameters from file /Users/mful870/Desktop/MD_3di_Dev_02Oct24/Scriptorum/SubstitutionMatrix/3di_substmat
WARNING: Normalizing state frequencies so that sum of them equals to 1

NOTE: 0 MB RAM (0 GB) is required!
Estimate model parameters (epsilon = 0.100)
Initial log-likelihood: -9234.292
Current log-likelihood at step 1: -8214.216
Current log-likelihood at step 2: -8106.383
Current log-likelihood at step 3: -8106.283
Current log-likelihood at step 4: -8106.276
Partition-specific rates:  1.451 0.549
Parameters optimization took 3 rounds (0.027 sec)

Wrote distance file to... 
Computing ML distances based on estimated model parameters...
Calculating distance matrix: done in 3.60012e-05 secs using 83.33% CPU
Computing ML distances took 0.000086 sec (of wall-clock time) 0.000062 sec (of CPU time)
Setting up auxiliary I and S matrices: done in 2.88486e-05 secs using 72.79% CPU
Computing RapidNJ tree took 0.000137 sec (of wall-clock time) 0.000096 sec (of CPU time)
Log-likelihood of RapidNJ tree: -8555.117
--------------------------------------------------------------------
|             INITIALIZING CANDIDATE TREE SET                      |
--------------------------------------------------------------------
Generating 98 parsimony trees... 0.148 second
Computing log-likelihood of 98 initial trees ... 0.230 seconds
Current best score: -8106.276

Do NNI search on 20 best initial trees
Estimate model parameters (epsilon = 0.100)
Initial log-likelihood: -8098.910
Current log-likelihood at step 1: -8098.678
Current log-likelihood at step 2: -8098.667
Parameters optimization took 1 rounds (0.009 sec)

BETTER TREE FOUND at iteration 1: -8098.667
Estimate model parameters (epsilon = 0.100)
Initial log-likelihood: -8097.794
Current log-likelihood at step 1: -8097.404
Current log-likelihood at step 2: -8097.388
Parameters optimization took 1 rounds (0.010 sec)

BETTER TREE FOUND at iteration 3: -8097.388
Iteration 10 / LogL: -8097.757 / Time: 0h:0m:55s
Iteration 20 / LogL: -8098.846 / Time: 0h:0m:55s
Finish initializing candidate tree set (2)
Current best tree score: -8097.388 / CPU time: 1.296
Number of iterations: 20
--------------------------------------------------------------------
|               OPTIMIZING CANDIDATE TREE SET                      |
--------------------------------------------------------------------
Iteration 30 / LogL: -8098.737 / Time: 0h:0m:56s (0h:0m:4s left)
UPDATE BEST LOG-LIKELIHOOD: -8097.384
Iteration 40 / LogL: -8099.638 / Time: 0h:0m:56s (0h:0m:3s left)
Iteration 50 / LogL: -8097.395 / Time: 0h:0m:57s (0h:0m:2s left)
Iteration 60 / LogL: -8097.401 / Time: 0h:0m:57s (0h:0m:2s left)
Iteration 70 / LogL: -8099.344 / Time: 0h:0m:58s (0h:0m:1s left)
Iteration 80 / LogL: -8098.909 / Time: 0h:0m:58s (0h:0m:1s left)
Iteration 90 / LogL: -8097.504 / Time: 0h:0m:58s (0h:0m:0s left)
Iteration 100 / LogL: -8097.470 / Time: 0h:0m:59s (0h:0m:0s left)
TREE SEARCH COMPLETED AFTER 104 ITERATIONS / Time: 0h:0m:59s

--------------------------------------------------------------------
|                    FINALIZING TREE SEARCH                        |
--------------------------------------------------------------------
Performs final model parameters optimization
Estimate model parameters (epsilon = 0.010)
Initial log-likelihood: -8097.384
Current log-likelihood at step 1: -8097.383
Partition-specific rates:  1.449 0.551
Parameters optimization took 0 rounds (0.004 sec)

Partition information was printed to partition_file.nex.best_model.nex
BEST SCORE FOUND : -8097.383
Total tree length: 14.121

Total number of iterations: 104
CPU time used for tree search: 4.892 sec (0h:0m:4s)
Wall-clock time used for tree search: 4.781 sec (0h:0m:4s)
Total CPU time used: 61.129 sec (0h:1m:1s)
Total wall-clock time used: 59.413 sec (0h:0m:59s)

===> START BOOTSTRAP REPLICATE NUMBER 14

Creating bootstrap alignment (seed: 665280)...

Create initial parsimony tree by phylogenetic likelihood library (PLL)... 0.001 seconds
Reading model parameters from file /Users/mful870/Desktop/MD_3di_Dev_02Oct24/Scriptorum/SubstitutionMatrix/3di_substmat
WARNING: Normalizing state frequencies so that sum of them equals to 1

NOTE: 0 MB RAM (0 GB) is required!
Estimate model parameters (epsilon = 0.100)
Initial log-likelihood: -8633.941
Current log-likelihood at step 1: -7580.536
Current log-likelihood at step 2: -7480.309
Current log-likelihood at step 3: -7480.252
Partition-specific rates:  1.443 0.557
Parameters optimization took 2 rounds (0.023 sec)

Wrote distance file to... 
Computing ML distances based on estimated model parameters...
Calculating distance matrix: done in 3.50475e-05 secs using 85.6% CPU
Computing ML distances took 0.000077 sec (of wall-clock time) 0.000056 sec (of CPU time)
Setting up auxiliary I and S matrices: done in 2.7895e-05 secs using 78.87% CPU
Computing RapidNJ tree took 0.000179 sec (of wall-clock time) 0.000086 sec (of CPU time)
Log-likelihood of RapidNJ tree: -7812.254
--------------------------------------------------------------------
|             INITIALIZING CANDIDATE TREE SET                      |
--------------------------------------------------------------------
Generating 98 parsimony trees... 0.132 second
Computing log-likelihood of 98 initial trees ... 0.239 seconds
Current best score: -7480.252

Do NNI search on 20 best initial trees
Estimate model parameters (epsilon = 0.100)
Initial log-likelihood: -7472.897
Current log-likelihood at step 1: -7472.884
Parameters optimization took 0 rounds (0.004 sec)

BETTER TREE FOUND at iteration 1: -7472.884
Estimate model parameters (epsilon = 0.100)
Initial log-likelihood: -7471.281
Current log-likelihood at step 1: -7471.280
Parameters optimization took 0 rounds (0.004 sec)

BETTER TREE FOUND at iteration 2: -7471.280
Estimate model parameters (epsilon = 0.100)
Initial log-likelihood: -7471.137
Current log-likelihood at step 1: -7471.131
Parameters optimization took 0 rounds (0.004 sec)

BETTER TREE FOUND at iteration 5: -7471.131
Iteration 10 / LogL: -7472.897 / Time: 0h:1m:0s
Iteration 20 / LogL: -7471.131 / Time: 0h:1m:1s
Finish initializing candidate tree set (10)
Current best tree score: -7471.131 / CPU time: 1.754
Number of iterations: 20
--------------------------------------------------------------------
|               OPTIMIZING CANDIDATE TREE SET                      |
--------------------------------------------------------------------
Iteration 30 / LogL: -7471.287 / Time: 0h:1m:1s (0h:0m:6s left)
UPDATE BEST LOG-LIKELIHOOD: -7471.131
UPDATE BEST LOG-LIKELIHOOD: -7471.131
Iteration 40 / LogL: -7471.131 / Time: 0h:1m:2s (0h:0m:4s left)
Iteration 50 / LogL: -7477.195 / Time: 0h:1m:3s (0h:0m:4s left)
Iteration 60 / LogL: -7471.288 / Time: 0h:1m:3s (0h:0m:3s left)
Iteration 70 / LogL: -7471.287 / Time: 0h:1m:4s (0h:0m:2s left)
Iteration 80 / LogL: -7471.131 / Time: 0h:1m:4s (0h:0m:1s left)
Iteration 90 / LogL: -7471.131 / Time: 0h:1m:5s (0h:0m:0s left)
Iteration 100 / LogL: -7471.288 / Time: 0h:1m:5s (0h:0m:0s left)
UPDATE BEST LOG-LIKELIHOOD: -7471.130
TREE SEARCH COMPLETED AFTER 106 ITERATIONS / Time: 0h:1m:6s

--------------------------------------------------------------------
|                    FINALIZING TREE SEARCH                        |
--------------------------------------------------------------------
Performs final model parameters optimization
Estimate model parameters (epsilon = 0.010)
Initial log-likelihood: -7471.130
Current log-likelihood at step 1: -7471.130
Partition-specific rates:  1.443 0.557
Parameters optimization took 0 rounds (0.004 sec)

Partition information was printed to partition_file.nex.best_model.nex
BEST SCORE FOUND : -7471.130
Total tree length: 13.831

Total number of iterations: 106
CPU time used for tree search: 6.712 sec (0h:0m:6s)
Wall-clock time used for tree search: 6.592 sec (0h:0m:6s)
Total CPU time used: 67.935 sec (0h:1m:7s)
Total wall-clock time used: 66.081 sec (0h:1m:6s)

===> START BOOTSTRAP REPLICATE NUMBER 15

Creating bootstrap alignment (seed: 665281)...

Create initial parsimony tree by phylogenetic likelihood library (PLL)... 0.001 seconds
Reading model parameters from file /Users/mful870/Desktop/MD_3di_Dev_02Oct24/Scriptorum/SubstitutionMatrix/3di_substmat
WARNING: Normalizing state frequencies so that sum of them equals to 1

NOTE: 0 MB RAM (0 GB) is required!
Estimate model parameters (epsilon = 0.100)
Initial log-likelihood: -9123.055
Current log-likelihood at step 1: -8040.532
Current log-likelihood at step 2: -7939.228
Current log-likelihood at step 3: -7939.181
Partition-specific rates:  1.437 0.563
Parameters optimization took 2 rounds (0.024 sec)

Wrote distance file to... 
Computing ML distances based on estimated model parameters...
Calculating distance matrix: done in 3.50475e-05 secs using 85.6% CPU
Computing ML distances took 0.000079 sec (of wall-clock time) 0.000058 sec (of CPU time)
Setting up auxiliary I and S matrices: done in 3.09944e-05 secs using 74.21% CPU
Computing RapidNJ tree took 0.000123 sec (of wall-clock time) 0.000082 sec (of CPU time)
Log-likelihood of RapidNJ tree: -8301.544
--------------------------------------------------------------------
|             INITIALIZING CANDIDATE TREE SET                      |
--------------------------------------------------------------------
Generating 98 parsimony trees... 0.148 second
Computing log-likelihood of 98 initial trees ... 0.228 seconds
Current best score: -7939.181

Do NNI search on 20 best initial trees
Estimate model parameters (epsilon = 0.100)
Initial log-likelihood: -7933.593
Current log-likelihood at step 1: -7932.940
Current log-likelihood at step 2: -7932.898
Parameters optimization took 1 rounds (0.010 sec)

BETTER TREE FOUND at iteration 1: -7932.898
Estimate model parameters (epsilon = 0.100)
Initial log-likelihood: -7922.880
Current log-likelihood at step 1: -7922.647
Current log-likelihood at step 2: -7922.640
Parameters optimization took 1 rounds (0.010 sec)

BETTER TREE FOUND at iteration 2: -7922.640
Iteration 10 / LogL: -7922.907 / Time: 0h:1m:6s
Iteration 20 / LogL: -7933.323 / Time: 0h:1m:7s
Finish initializing candidate tree set (2)
Current best tree score: -7922.640 / CPU time: 1.185
Number of iterations: 20
--------------------------------------------------------------------
|               OPTIMIZING CANDIDATE TREE SET                      |
--------------------------------------------------------------------
Iteration 30 / LogL: -7922.722 / Time: 0h:1m:7s (0h:0m:4s left)
Iteration 40 / LogL: -7922.712 / Time: 0h:1m:8s (0h:0m:3s left)
Iteration 50 / LogL: -7924.623 / Time: 0h:1m:8s (0h:0m:2s left)
Iteration 60 / LogL: -7933.326 / Time: 0h:1m:8s (0h:0m:2s left)
Iteration 70 / LogL: -7922.737 / Time: 0h:1m:9s (0h:0m:1s left)
Iteration 80 / LogL: -7923.113 / Time: 0h:1m:9s (0h:0m:0s left)
Iteration 90 / LogL: -7933.055 / Time: 0h:1m:10s (0h:0m:0s left)
Iteration 100 / LogL: -7922.740 / Time: 0h:1m:10s (0h:0m:0s left)
TREE SEARCH COMPLETED AFTER 103 ITERATIONS / Time: 0h:1m:10s

--------------------------------------------------------------------
|                    FINALIZING TREE SEARCH                        |
--------------------------------------------------------------------
Performs final model parameters optimization
Estimate model parameters (epsilon = 0.010)
Initial log-likelihood: -7922.640
Current log-likelihood at step 1: -7922.639
Partition-specific rates:  1.448 0.552
Parameters optimization took 0 rounds (0.004 sec)

Partition information was printed to partition_file.nex.best_model.nex
BEST SCORE FOUND : -7922.639
Total tree length: 14.222

Total number of iterations: 103
CPU time used for tree search: 4.513 sec (0h:0m:4s)
Wall-clock time used for tree search: 4.401 sec (0h:0m:4s)
Total CPU time used: 72.553 sec (0h:1m:12s)
Total wall-clock time used: 70.569 sec (0h:1m:10s)

===> START BOOTSTRAP REPLICATE NUMBER 16

Creating bootstrap alignment (seed: 665282)...

Create initial parsimony tree by phylogenetic likelihood library (PLL)... 0.001 seconds
Reading model parameters from file /Users/mful870/Desktop/MD_3di_Dev_02Oct24/Scriptorum/SubstitutionMatrix/3di_substmat
WARNING: Normalizing state frequencies so that sum of them equals to 1

NOTE: 0 MB RAM (0 GB) is required!
Estimate model parameters (epsilon = 0.100)
Initial log-likelihood: -8798.470
Current log-likelihood at step 1: -7758.184
Current log-likelihood at step 2: -7628.752
Current log-likelihood at step 3: -7628.567
Current log-likelihood at step 4: -7628.559
Partition-specific rates:  1.491 0.509
Parameters optimization took 3 rounds (0.028 sec)

Wrote distance file to... 
Computing ML distances based on estimated model parameters...
Calculating distance matrix: done in 4.69685e-05 secs using 85.16% CPU
Computing ML distances took 0.000099 sec (of wall-clock time) 0.000075 sec (of CPU time)
Setting up auxiliary I and S matrices: done in 3.91006e-05 secs using 76.73% CPU
Computing RapidNJ tree took 0.000157 sec (of wall-clock time) 0.000095 sec (of CPU time)
Log-likelihood of RapidNJ tree: -7972.910
--------------------------------------------------------------------
|             INITIALIZING CANDIDATE TREE SET                      |
--------------------------------------------------------------------
Generating 98 parsimony trees... 0.157 second
Computing log-likelihood of 98 initial trees ... 0.244 seconds
Current best score: -7628.559

Do NNI search on 20 best initial trees
Estimate model parameters (epsilon = 0.100)
Initial log-likelihood: -7600.428
Current log-likelihood at step 1: -7600.107
Current log-likelihood at step 2: -7600.106
Parameters optimization took 1 rounds (0.009 sec)

BETTER TREE FOUND at iteration 1: -7600.106
Iteration 10 / LogL: -7600.229 / Time: 0h:1m:11s
Iteration 20 / LogL: -7600.168 / Time: 0h:1m:12s
Finish initializing candidate tree set (1)
Current best tree score: -7600.106 / CPU time: 1.515
Number of iterations: 20
--------------------------------------------------------------------
|               OPTIMIZING CANDIDATE TREE SET                      |
--------------------------------------------------------------------
Iteration 30 / LogL: -7600.107 / Time: 0h:1m:12s (0h:0m:4s left)
UPDATE BEST LOG-LIKELIHOOD: -7600.106
Iteration 40 / LogL: -7600.152 / Time: 0h:1m:13s (0h:0m:3s left)
Iteration 50 / LogL: -7600.117 / Time: 0h:1m:13s (0h:0m:2s left)
UPDATE BEST LOG-LIKELIHOOD: -7600.106
Iteration 60 / LogL: -7600.112 / Time: 0h:1m:13s (0h:0m:2s left)
Iteration 70 / LogL: -7600.152 / Time: 0h:1m:14s (0h:0m:1s left)
Iteration 80 / LogL: -7600.164 / Time: 0h:1m:14s (0h:0m:1s left)
Iteration 90 / LogL: -7600.111 / Time: 0h:1m:15s (0h:0m:0s left)
Iteration 100 / LogL: -7600.115 / Time: 0h:1m:15s (0h:0m:0s left)
TREE SEARCH COMPLETED AFTER 102 ITERATIONS / Time: 0h:1m:15s

--------------------------------------------------------------------
|                    FINALIZING TREE SEARCH                        |
--------------------------------------------------------------------
Performs final model parameters optimization
Estimate model parameters (epsilon = 0.010)
Initial log-likelihood: -7600.106
Current log-likelihood at step 1: -7600.106
Partition-specific rates:  1.511 0.489
Parameters optimization took 0 rounds (0.004 sec)

Partition information was printed to partition_file.nex.best_model.nex
BEST SCORE FOUND : -7600.106
Total tree length: 14.018

Total number of iterations: 102
CPU time used for tree search: 5.170 sec (0h:0m:5s)
Wall-clock time used for tree search: 5.079 sec (0h:0m:5s)
Total CPU time used: 77.821 sec (0h:1m:17s)
Total wall-clock time used: 75.732 sec (0h:1m:15s)

===> START BOOTSTRAP REPLICATE NUMBER 17

Creating bootstrap alignment (seed: 665283)...

Create initial parsimony tree by phylogenetic likelihood library (PLL)... 0.001 seconds
Reading model parameters from file /Users/mful870/Desktop/MD_3di_Dev_02Oct24/Scriptorum/SubstitutionMatrix/3di_substmat
WARNING: Normalizing state frequencies so that sum of them equals to 1

NOTE: 0 MB RAM (0 GB) is required!
Estimate model parameters (epsilon = 0.100)
Initial log-likelihood: -8733.172
Current log-likelihood at step 1: -7758.774
Current log-likelihood at step 2: -7685.398
Current log-likelihood at step 3: -7685.316
Partition-specific rates:  1.375 0.625
Parameters optimization took 2 rounds (0.023 sec)

Wrote distance file to... 
Computing ML distances based on estimated model parameters...
Calculating distance matrix: done in 3.60012e-05 secs using 83.33% CPU
Computing ML distances took 0.000079 sec (of wall-clock time) 0.000057 sec (of CPU time)
Setting up auxiliary I and S matrices: done in 2.90871e-05 secs using 79.07% CPU
Computing RapidNJ tree took 0.000185 sec (of wall-clock time) 0.000097 sec (of CPU time)
Log-likelihood of RapidNJ tree: -8020.482
--------------------------------------------------------------------
|             INITIALIZING CANDIDATE TREE SET                      |
--------------------------------------------------------------------
Generating 98 parsimony trees... 0.146 second
Computing log-likelihood of 98 initial trees ... 0.241 seconds
Current best score: -7685.316

Do NNI search on 20 best initial trees
Estimate model parameters (epsilon = 0.100)
Initial log-likelihood: -7671.983
Current log-likelihood at step 1: -7671.482
Current log-likelihood at step 2: -7671.406
Parameters optimization took 1 rounds (0.010 sec)

BETTER TREE FOUND at iteration 1: -7671.406
Estimate model parameters (epsilon = 0.100)
Initial log-likelihood: -7671.187
Current log-likelihood at step 1: -7670.789
Current log-likelihood at step 2: -7670.755
Parameters optimization took 1 rounds (0.010 sec)

BETTER TREE FOUND at iteration 2: -7670.755
Iteration 10 / LogL: -7671.294 / Time: 0h:1m:16s
Iteration 20 / LogL: -7671.779 / Time: 0h:1m:17s
Finish initializing candidate tree set (2)
Current best tree score: -7670.755 / CPU time: 1.236
Number of iterations: 20
--------------------------------------------------------------------
|               OPTIMIZING CANDIDATE TREE SET                      |
--------------------------------------------------------------------
Iteration 30 / LogL: -7670.855 / Time: 0h:1m:17s (0h:0m:4s left)
Estimate model parameters (epsilon = 0.100)
Initial log-likelihood: -7670.740
Current log-likelihood at step 1: -7670.733
Parameters optimization took 0 rounds (0.006 sec)

UPDATE BEST LOG-LIKELIHOOD: -7670.733
Iteration 40 / LogL: -7670.952 / Time: 0h:1m:17s (0h:0m:3s left)
Iteration 50 / LogL: -7670.886 / Time: 0h:1m:18s (0h:0m:2s left)
UPDATE BEST LOG-LIKELIHOOD: -7670.729
Iteration 60 / LogL: -7670.928 / Time: 0h:1m:18s (0h:0m:1s left)
Iteration 70 / LogL: -7670.794 / Time: 0h:1m:18s (0h:0m:1s left)
Iteration 80 / LogL: -7670.904 / Time: 0h:1m:19s (0h:0m:0s left)
Iteration 90 / LogL: -7672.200 / Time: 0h:1m:19s (0h:0m:0s left)
Iteration 100 / LogL: -7670.788 / Time: 0h:1m:19s (0h:0m:0s left)
TREE SEARCH COMPLETED AFTER 103 ITERATIONS / Time: 0h:1m:19s

--------------------------------------------------------------------
|                    FINALIZING TREE SEARCH                        |
--------------------------------------------------------------------
Performs final model parameters optimization
Estimate model parameters (epsilon = 0.010)
Initial log-likelihood: -7670.729
Current log-likelihood at step 1: -7670.728
Partition-specific rates:  1.378 0.622
Parameters optimization took 0 rounds (0.004 sec)

Partition information was printed to partition_file.nex.best_model.nex
BEST SCORE FOUND : -7670.728
Total tree length: 12.687

Total number of iterations: 103
CPU time used for tree search: 4.097 sec (0h:0m:4s)
Wall-clock time used for tree search: 4.005 sec (0h:0m:4s)
Total CPU time used: 82.009 sec (0h:1m:22s)
Total wall-clock time used: 79.817 sec (0h:1m:19s)

===> START BOOTSTRAP REPLICATE NUMBER 18

Creating bootstrap alignment (seed: 665284)...

Create initial parsimony tree by phylogenetic likelihood library (PLL)... 0.001 seconds
Reading model parameters from file /Users/mful870/Desktop/MD_3di_Dev_02Oct24/Scriptorum/SubstitutionMatrix/3di_substmat
WARNING: Normalizing state frequencies so that sum of them equals to 1

NOTE: 0 MB RAM (0 GB) is required!
Estimate model parameters (epsilon = 0.100)
Initial log-likelihood: -9363.147
Current log-likelihood at step 1: -8276.938
Current log-likelihood at step 2: -8173.393
Current log-likelihood at step 3: -8173.361
Partition-specific rates:  1.421 0.579
Parameters optimization took 2 rounds (0.024 sec)

Wrote distance file to... 
Computing ML distances based on estimated model parameters...
Calculating distance matrix: done in 8.79765e-05 secs using 77.29% CPU
Computing ML distances took 0.000178 sec (of wall-clock time) 0.000114 sec (of CPU time)
Setting up auxiliary I and S matrices: done in 3.69549e-05 secs using 75.77% CPU
Computing RapidNJ tree took 0.000140 sec (of wall-clock time) 0.000094 sec (of CPU time)
Log-likelihood of RapidNJ tree: -8623.508
--------------------------------------------------------------------
|             INITIALIZING CANDIDATE TREE SET                      |
--------------------------------------------------------------------
Generating 98 parsimony trees... 0.183 second
Computing log-likelihood of 96 initial trees ... 0.226 seconds
Current best score: -8173.361

Do NNI search on 20 best initial trees
Estimate model parameters (epsilon = 0.100)
Initial log-likelihood: -8162.613
Current log-likelihood at step 1: -8162.381
Current log-likelihood at step 2: -8162.375
Parameters optimization took 1 rounds (0.010 sec)

BETTER TREE FOUND at iteration 1: -8162.375
Iteration 10 / LogL: -8162.844 / Time: 0h:1m:20s
Iteration 20 / LogL: -8163.265 / Time: 0h:1m:21s
Finish initializing candidate tree set (1)
Current best tree score: -8162.375 / CPU time: 1.257
Number of iterations: 20
--------------------------------------------------------------------
|               OPTIMIZING CANDIDATE TREE SET                      |
--------------------------------------------------------------------
Iteration 30 / LogL: -8162.696 / Time: 0h:1m:21s (0h:0m:4s left)
Iteration 40 / LogL: -8162.521 / Time: 0h:1m:21s (0h:0m:3s left)
Iteration 50 / LogL: -8162.398 / Time: 0h:1m:22s (0h:0m:2s left)
Iteration 60 / LogL: -8162.638 / Time: 0h:1m:22s (0h:0m:1s left)
UPDATE BEST LOG-LIKELIHOOD: -8162.373
Iteration 70 / LogL: -8162.406 / Time: 0h:1m:23s (0h:0m:1s left)
Iteration 80 / LogL: -8162.652 / Time: 0h:1m:23s (0h:0m:0s left)
Iteration 90 / LogL: -8163.008 / Time: 0h:1m:23s (0h:0m:0s left)
Iteration 100 / LogL: -8162.443 / Time: 0h:1m:24s (0h:0m:0s left)
TREE SEARCH COMPLETED AFTER 102 ITERATIONS / Time: 0h:1m:24s

--------------------------------------------------------------------
|                    FINALIZING TREE SEARCH                        |
--------------------------------------------------------------------
Performs final model parameters optimization
Estimate model parameters (epsilon = 0.010)
Initial log-likelihood: -8162.373
Current log-likelihood at step 1: -8162.373
Partition-specific rates:  1.411 0.589
Parameters optimization took 0 rounds (0.004 sec)

Partition information was printed to partition_file.nex.best_model.nex
BEST SCORE FOUND : -8162.373
Total tree length: 14.216

Total number of iterations: 102
CPU time used for tree search: 4.392 sec (0h:0m:4s)
Wall-clock time used for tree search: 4.269 sec (0h:0m:4s)
Total CPU time used: 86.501 sec (0h:1m:26s)
Total wall-clock time used: 84.170 sec (0h:1m:24s)

===> START BOOTSTRAP REPLICATE NUMBER 19

Creating bootstrap alignment (seed: 665285)...

Create initial parsimony tree by phylogenetic likelihood library (PLL)... 0.001 seconds
Reading model parameters from file /Users/mful870/Desktop/MD_3di_Dev_02Oct24/Scriptorum/SubstitutionMatrix/3di_substmat
WARNING: Normalizing state frequencies so that sum of them equals to 1

NOTE: 0 MB RAM (0 GB) is required!
Estimate model parameters (epsilon = 0.100)
Initial log-likelihood: -9169.704
Current log-likelihood at step 1: -8116.056
Current log-likelihood at step 2: -7983.030
Current log-likelihood at step 3: -7982.969
Partition-specific rates:  1.492 0.508
Parameters optimization took 2 rounds (0.026 sec)

Wrote distance file to... 
Computing ML distances based on estimated model parameters...
Calculating distance matrix: done in 3.69549e-05 secs using 83.89% CPU
Computing ML distances took 0.000080 sec (of wall-clock time) 0.000059 sec (of CPU time)
Setting up auxiliary I and S matrices: done in 4.1008e-05 secs using 78.03% CPU
Computing RapidNJ tree took 0.000152 sec (of wall-clock time) 0.000096 sec (of CPU time)
Log-likelihood of RapidNJ tree: -8319.040
--------------------------------------------------------------------
|             INITIALIZING CANDIDATE TREE SET                      |
--------------------------------------------------------------------
Generating 98 parsimony trees... 0.173 second
Computing log-likelihood of 97 initial trees ... 0.231 seconds
Current best score: -7982.969

Do NNI search on 20 best initial trees
Estimate model parameters (epsilon = 0.100)
Initial log-likelihood: -7972.569
Current log-likelihood at step 1: -7972.371
Current log-likelihood at step 2: -7972.365
Parameters optimization took 1 rounds (0.011 sec)

BETTER TREE FOUND at iteration 1: -7972.365
Iteration 10 / LogL: -7972.520 / Time: 0h:1m:25s
Iteration 20 / LogL: -7973.307 / Time: 0h:1m:25s
Finish initializing candidate tree set (1)
Current best tree score: -7972.365 / CPU time: 1.368
Number of iterations: 20
--------------------------------------------------------------------
|               OPTIMIZING CANDIDATE TREE SET                      |
--------------------------------------------------------------------
Iteration 30 / LogL: -7972.566 / Time: 0h:1m:25s (0h:0m:4s left)
UPDATE BEST LOG-LIKELIHOOD: -7972.364
Iteration 40 / LogL: -7972.804 / Time: 0h:1m:26s (0h:0m:3s left)
Iteration 50 / LogL: -7972.447 / Time: 0h:1m:26s (0h:0m:2s left)
Iteration 60 / LogL: -7974.220 / Time: 0h:1m:26s (0h:0m:1s left)
Iteration 70 / LogL: -7973.255 / Time: 0h:1m:27s (0h:0m:1s left)
Iteration 80 / LogL: -7972.531 / Time: 0h:1m:27s (0h:0m:0s left)
Iteration 90 / LogL: -7972.538 / Time: 0h:1m:27s (0h:0m:0s left)
Iteration 100 / LogL: -7972.388 / Time: 0h:1m:28s (0h:0m:0s left)
TREE SEARCH COMPLETED AFTER 102 ITERATIONS / Time: 0h:1m:28s

--------------------------------------------------------------------
|                    FINALIZING TREE SEARCH                        |
--------------------------------------------------------------------
Performs final model parameters optimization
Estimate model parameters (epsilon = 0.010)
Initial log-likelihood: -7972.364
Current log-likelihood at step 1: -7972.364
Partition-specific rates:  1.498 0.502
Parameters optimization took 0 rounds (0.004 sec)

Partition information was printed to partition_file.nex.best_model.nex
BEST SCORE FOUND : -7972.364
Total tree length: 14.147

Total number of iterations: 102
CPU time used for tree search: 4.117 sec (0h:0m:4s)
Wall-clock time used for tree search: 4.046 sec (0h:0m:4s)
Total CPU time used: 90.706 sec (0h:1m:30s)
Total wall-clock time used: 88.300 sec (0h:1m:28s)

===> START BOOTSTRAP REPLICATE NUMBER 20

Creating bootstrap alignment (seed: 665286)...

Create initial parsimony tree by phylogenetic likelihood library (PLL)... 0.001 seconds
Reading model parameters from file /Users/mful870/Desktop/MD_3di_Dev_02Oct24/Scriptorum/SubstitutionMatrix/3di_substmat
WARNING: Normalizing state frequencies so that sum of them equals to 1

NOTE: 0 MB RAM (0 GB) is required!
Estimate model parameters (epsilon = 0.100)
Initial log-likelihood: -9213.015
Current log-likelihood at step 1: -8193.977
Current log-likelihood at step 2: -8067.425
Current log-likelihood at step 3: -8067.322
Current log-likelihood at step 4: -8067.316
Partition-specific rates:  1.484 0.516
Parameters optimization took 3 rounds (0.030 sec)

Wrote distance file to... 
Computing ML distances based on estimated model parameters...
Calculating distance matrix: done in 3.91006e-05 secs using 86.96% CPU
Computing ML distances took 0.000085 sec (of wall-clock time) 0.000064 sec (of CPU time)
Setting up auxiliary I and S matrices: done in 3.00407e-05 secs using 79.89% CPU
Computing RapidNJ tree took 0.000161 sec (of wall-clock time) 0.000094 sec (of CPU time)
Log-likelihood of RapidNJ tree: -8511.308
--------------------------------------------------------------------
|             INITIALIZING CANDIDATE TREE SET                      |
--------------------------------------------------------------------
Generating 98 parsimony trees... 0.160 second
Computing log-likelihood of 98 initial trees ... 0.221 seconds
Current best score: -8067.316

Do NNI search on 20 best initial trees
Estimate model parameters (epsilon = 0.100)
Initial log-likelihood: -8048.425
Current log-likelihood at step 1: -8048.385
Parameters optimization took 0 rounds (0.004 sec)

BETTER TREE FOUND at iteration 1: -8048.385
Estimate model parameters (epsilon = 0.100)
Initial log-likelihood: -8048.374
Current log-likelihood at step 1: -8048.362
Parameters optimization took 0 rounds (0.004 sec)

UPDATE BEST LOG-LIKELIHOOD: -8048.362
Iteration 10 / LogL: -8048.946 / Time: 0h:1m:29s
Iteration 20 / LogL: -8048.423 / Time: 0h:1m:29s
Finish initializing candidate tree set (2)
Current best tree score: -8048.362 / CPU time: 1.418
Number of iterations: 20
--------------------------------------------------------------------
|               OPTIMIZING CANDIDATE TREE SET                      |
--------------------------------------------------------------------
Iteration 30 / LogL: -8048.888 / Time: 0h:1m:30s (0h:0m:4s left)
Iteration 40 / LogL: -8049.032 / Time: 0h:1m:30s (0h:0m:3s left)
Iteration 50 / LogL: -8048.462 / Time: 0h:1m:30s (0h:0m:2s left)
Iteration 60 / LogL: -8048.504 / Time: 0h:1m:31s (0h:0m:2s left)
Iteration 70 / LogL: -8048.419 / Time: 0h:1m:31s (0h:0m:1s left)
Iteration 80 / LogL: -8048.374 / Time: 0h:1m:32s (0h:0m:1s left)
Iteration 90 / LogL: -8048.578 / Time: 0h:1m:32s (0h:0m:0s left)
Iteration 100 / LogL: -8048.414 / Time: 0h:1m:32s (0h:0m:0s left)
TREE SEARCH COMPLETED AFTER 102 ITERATIONS / Time: 0h:1m:32s

--------------------------------------------------------------------
|                    FINALIZING TREE SEARCH                        |
--------------------------------------------------------------------
Performs final model parameters optimization
Estimate model parameters (epsilon = 0.010)
Initial log-likelihood: -8048.362
Current log-likelihood at step 1: -8048.359
Partition-specific rates:  1.484 0.516
Parameters optimization took 0 rounds (0.004 sec)

Partition information was printed to partition_file.nex.best_model.nex
BEST SCORE FOUND : -8048.359
Total tree length: 14.319

Total number of iterations: 102
CPU time used for tree search: 4.610 sec (0h:0m:4s)
Wall-clock time used for tree search: 4.478 sec (0h:0m:4s)
Total CPU time used: 95.420 sec (0h:1m:35s)
Total wall-clock time used: 92.868 sec (0h:1m:32s)

===> START BOOTSTRAP REPLICATE NUMBER 21

Creating bootstrap alignment (seed: 665287)...

Create initial parsimony tree by phylogenetic likelihood library (PLL)... 0.001 seconds
Reading model parameters from file /Users/mful870/Desktop/MD_3di_Dev_02Oct24/Scriptorum/SubstitutionMatrix/3di_substmat
WARNING: Normalizing state frequencies so that sum of them equals to 1

NOTE: 0 MB RAM (0 GB) is required!
Estimate model parameters (epsilon = 0.100)
Initial log-likelihood: -9120.177
Current log-likelihood at step 1: -8079.307
Current log-likelihood at step 2: -7980.146
Current log-likelihood at step 3: -7980.121
Partition-specific rates:  1.435 0.565
Parameters optimization took 2 rounds (0.024 sec)

Wrote distance file to... 
Computing ML distances based on estimated model parameters...
Calculating distance matrix: done in 3.8147e-05 secs using 83.89% CPU
Computing ML distances took 0.000087 sec (of wall-clock time) 0.000062 sec (of CPU time)
Setting up auxiliary I and S matrices: done in 3.88622e-05 secs using 74.62% CPU
Computing RapidNJ tree took 0.000171 sec (of wall-clock time) 0.000100 sec (of CPU time)
Log-likelihood of RapidNJ tree: -8428.470
--------------------------------------------------------------------
|             INITIALIZING CANDIDATE TREE SET                      |
--------------------------------------------------------------------
Generating 98 parsimony trees... 0.148 second
Computing log-likelihood of 98 initial trees ... 0.233 seconds
Current best score: -7980.121

Do NNI search on 20 best initial trees
Estimate model parameters (epsilon = 0.100)
Initial log-likelihood: -7973.857
Current log-likelihood at step 1: -7973.764
Parameters optimization took 0 rounds (0.004 sec)

BETTER TREE FOUND at iteration 1: -7973.764
Iteration 10 / LogL: -7973.799 / Time: 0h:1m:33s
Iteration 20 / LogL: -7979.937 / Time: 0h:1m:34s
Finish initializing candidate tree set (4)
Current best tree score: -7973.764 / CPU time: 1.398
Number of iterations: 20
--------------------------------------------------------------------
|               OPTIMIZING CANDIDATE TREE SET                      |
--------------------------------------------------------------------
UPDATE BEST LOG-LIKELIHOOD: -7973.755
Iteration 30 / LogL: -7974.250 / Time: 0h:1m:34s (0h:0m:4s left)
Iteration 40 / LogL: -7974.325 / Time: 0h:1m:35s (0h:0m:3s left)
Iteration 50 / LogL: -7974.282 / Time: 0h:1m:35s (0h:0m:2s left)
Iteration 60 / LogL: -7973.759 / Time: 0h:1m:36s (0h:0m:2s left)
Iteration 70 / LogL: -7973.820 / Time: 0h:1m:36s (0h:0m:1s left)
Iteration 80 / LogL: -7974.253 / Time: 0h:1m:36s (0h:0m:1s left)
Iteration 90 / LogL: -7973.988 / Time: 0h:1m:37s (0h:0m:0s left)
Iteration 100 / LogL: -7974.251 / Time: 0h:1m:37s (0h:0m:0s left)
TREE SEARCH COMPLETED AFTER 102 ITERATIONS / Time: 0h:1m:37s

--------------------------------------------------------------------
|                    FINALIZING TREE SEARCH                        |
--------------------------------------------------------------------
Performs final model parameters optimization
Estimate model parameters (epsilon = 0.010)
Initial log-likelihood: -7973.755
Current log-likelihood at step 1: -7973.749
Partition-specific rates:  1.439 0.561
Parameters optimization took 0 rounds (0.004 sec)

Partition information was printed to partition_file.nex.best_model.nex
BEST SCORE FOUND : -7973.749
Total tree length: 13.490

Total number of iterations: 102
CPU time used for tree search: 4.871 sec (0h:0m:4s)
Wall-clock time used for tree search: 4.761 sec (0h:0m:4s)
Total CPU time used: 100.405 sec (0h:1m:40s)
Total wall-clock time used: 97.721 sec (0h:1m:37s)

===> START BOOTSTRAP REPLICATE NUMBER 22

Creating bootstrap alignment (seed: 665288)...

Create initial parsimony tree by phylogenetic likelihood library (PLL)... 0.001 seconds
Reading model parameters from file /Users/mful870/Desktop/MD_3di_Dev_02Oct24/Scriptorum/SubstitutionMatrix/3di_substmat
WARNING: Normalizing state frequencies so that sum of them equals to 1

NOTE: 0 MB RAM (0 GB) is required!
Estimate model parameters (epsilon = 0.100)
Initial log-likelihood: -8960.330
Current log-likelihood at step 1: -7925.903
Current log-likelihood at step 2: -7797.893
Current log-likelihood at step 3: -7797.729
Current log-likelihood at step 4: -7797.720
Partition-specific rates:  1.493 0.507
Parameters optimization took 3 rounds (0.027 sec)

Wrote distance file to... 
Computing ML distances based on estimated model parameters...
Calculating distance matrix: done in 3.60012e-05 secs using 83.33% CPU
Computing ML distances took 0.000079 sec (of wall-clock time) 0.000058 sec (of CPU time)
Setting up auxiliary I and S matrices: done in 3.00407e-05 secs using 76.56% CPU
Computing RapidNJ tree took 0.000145 sec (of wall-clock time) 0.000097 sec (of CPU time)
Log-likelihood of RapidNJ tree: -8141.858
--------------------------------------------------------------------
|             INITIALIZING CANDIDATE TREE SET                      |
--------------------------------------------------------------------
Generating 98 parsimony trees... 0.143 second
Computing log-likelihood of 98 initial trees ... 0.229 seconds
Current best score: -7797.720

Do NNI search on 20 best initial trees
Estimate model parameters (epsilon = 0.100)
Initial log-likelihood: -7786.410
Current log-likelihood at step 1: -7785.971
Current log-likelihood at step 2: -7785.950
Parameters optimization took 1 rounds (0.010 sec)

BETTER TREE FOUND at iteration 1: -7785.950
Iteration 10 / LogL: -7786.430 / Time: 0h:1m:38s
Iteration 20 / LogL: -7786.355 / Time: 0h:1m:39s
Finish initializing candidate tree set (2)
Current best tree score: -7785.950 / CPU time: 1.349
Number of iterations: 20
--------------------------------------------------------------------
|               OPTIMIZING CANDIDATE TREE SET                      |
--------------------------------------------------------------------
Iteration 30 / LogL: -7786.141 / Time: 0h:1m:39s (0h:0m:4s left)
Iteration 40 / LogL: -7786.215 / Time: 0h:1m:39s (0h:0m:3s left)
Iteration 50 / LogL: -7786.228 / Time: 0h:1m:40s (0h:0m:2s left)
Iteration 60 / LogL: -7786.168 / Time: 0h:1m:40s (0h:0m:1s left)
Iteration 70 / LogL: -7787.503 / Time: 0h:1m:40s (0h:0m:1s left)
Iteration 80 / LogL: -7787.162 / Time: 0h:1m:41s (0h:0m:0s left)
Iteration 90 / LogL: -7786.092 / Time: 0h:1m:41s (0h:0m:0s left)
Iteration 100 / LogL: -7786.130 / Time: 0h:1m:41s (0h:0m:0s left)
TREE SEARCH COMPLETED AFTER 102 ITERATIONS / Time: 0h:1m:41s

--------------------------------------------------------------------
|                    FINALIZING TREE SEARCH                        |
--------------------------------------------------------------------
Performs final model parameters optimization
Estimate model parameters (epsilon = 0.010)
Initial log-likelihood: -7785.950
Current log-likelihood at step 1: -7785.943
Partition-specific rates:  1.498 0.502
Parameters optimization took 0 rounds (0.004 sec)

Partition information was printed to partition_file.nex.best_model.nex
BEST SCORE FOUND : -7785.943
Total tree length: 14.359

Total number of iterations: 102
CPU time used for tree search: 4.114 sec (0h:0m:4s)
Wall-clock time used for tree search: 3.966 sec (0h:0m:3s)
Total CPU time used: 104.609 sec (0h:1m:44s)
Total wall-clock time used: 101.766 sec (0h:1m:41s)

===> START BOOTSTRAP REPLICATE NUMBER 23

Creating bootstrap alignment (seed: 665289)...

Create initial parsimony tree by phylogenetic likelihood library (PLL)... 0.001 seconds
Reading model parameters from file /Users/mful870/Desktop/MD_3di_Dev_02Oct24/Scriptorum/SubstitutionMatrix/3di_substmat
WARNING: Normalizing state frequencies so that sum of them equals to 1

NOTE: 0 MB RAM (0 GB) is required!
Estimate model parameters (epsilon = 0.100)
Initial log-likelihood: -9350.961
Current log-likelihood at step 1: -8285.746
Current log-likelihood at step 2: -8189.576
Current log-likelihood at step 3: -8189.460
Current log-likelihood at step 4: -8189.453
Partition-specific rates:  1.430 0.570
Parameters optimization took 3 rounds (0.028 sec)

Wrote distance file to... 
Computing ML distances based on estimated model parameters...
Calculating distance matrix: done in 3.60012e-05 secs using 86.11% CPU
Computing ML distances took 0.000083 sec (of wall-clock time) 0.000059 sec (of CPU time)
Setting up auxiliary I and S matrices: done in 4.19617e-05 secs using 78.64% CPU
Computing RapidNJ tree took 0.000182 sec (of wall-clock time) 0.000107 sec (of CPU time)
Log-likelihood of RapidNJ tree: -8469.398
--------------------------------------------------------------------
|             INITIALIZING CANDIDATE TREE SET                      |
--------------------------------------------------------------------
Generating 98 parsimony trees... 0.149 second
Computing log-likelihood of 98 initial trees ... 0.250 seconds
Current best score: -8189.453

Do NNI search on 20 best initial trees
Estimate model parameters (epsilon = 0.100)
Initial log-likelihood: -8124.298
Current log-likelihood at step 1: -8124.246
Parameters optimization took 0 rounds (0.004 sec)

BETTER TREE FOUND at iteration 1: -8124.246
UPDATE BEST LOG-LIKELIHOOD: -8124.241
Iteration 10 / LogL: -8124.245 / Time: 0h:1m:42s
UPDATE BEST LOG-LIKELIHOOD: -8124.233
Iteration 20 / LogL: -8124.308 / Time: 0h:1m:43s
Finish initializing candidate tree set (3)
Current best tree score: -8124.233 / CPU time: 1.481
Number of iterations: 20
--------------------------------------------------------------------
|               OPTIMIZING CANDIDATE TREE SET                      |
--------------------------------------------------------------------
Iteration 30 / LogL: -8124.339 / Time: 0h:1m:43s (0h:0m:4s left)
Iteration 40 / LogL: -8131.919 / Time: 0h:1m:44s (0h:0m:3s left)
Iteration 50 / LogL: -8131.672 / Time: 0h:1m:44s (0h:0m:2s left)
Iteration 60 / LogL: -8128.018 / Time: 0h:1m:44s (0h:0m:2s left)
Iteration 70 / LogL: -8124.234 / Time: 0h:1m:45s (0h:0m:1s left)
Iteration 80 / LogL: -8131.796 / Time: 0h:1m:45s (0h:0m:1s left)
UPDATE BEST LOG-LIKELIHOOD: -8124.233
Iteration 90 / LogL: -8131.974 / Time: 0h:1m:46s (0h:0m:0s left)
Iteration 100 / LogL: -8124.235 / Time: 0h:1m:46s (0h:0m:0s left)
TREE SEARCH COMPLETED AFTER 102 ITERATIONS / Time: 0h:1m:46s

--------------------------------------------------------------------
|                    FINALIZING TREE SEARCH                        |
--------------------------------------------------------------------
Performs final model parameters optimization
Estimate model parameters (epsilon = 0.010)
Initial log-likelihood: -8124.233
Current log-likelihood at step 1: -8124.228
Partition-specific rates:  1.426 0.574
Parameters optimization took 0 rounds (0.004 sec)

Partition information was printed to partition_file.nex.best_model.nex
BEST SCORE FOUND : -8124.228
Total tree length: 13.964

Total number of iterations: 102
CPU time used for tree search: 4.822 sec (0h:0m:4s)
Wall-clock time used for tree search: 4.694 sec (0h:0m:4s)
Total CPU time used: 109.531 sec (0h:1m:49s)
Total wall-clock time used: 106.544 sec (0h:1m:46s)

===> START BOOTSTRAP REPLICATE NUMBER 24

Creating bootstrap alignment (seed: 665290)...

Create initial parsimony tree by phylogenetic likelihood library (PLL)... 0.001 seconds
Reading model parameters from file /Users/mful870/Desktop/MD_3di_Dev_02Oct24/Scriptorum/SubstitutionMatrix/3di_substmat
WARNING: Normalizing state frequencies so that sum of them equals to 1

NOTE: 0 MB RAM (0 GB) is required!
Estimate model parameters (epsilon = 0.100)
Initial log-likelihood: -8956.535
Current log-likelihood at step 1: -7871.850
Current log-likelihood at step 2: -7763.271
Current log-likelihood at step 3: -7763.138
Current log-likelihood at step 4: -7763.113
Partition-specific rates:  1.459 0.541
Parameters optimization took 3 rounds (0.038 sec)

Wrote distance file to... 
Computing ML distances based on estimated model parameters...
Calculating distance matrix: done in 3.69549e-05 secs using 83.89% CPU
Computing ML distances took 0.000089 sec (of wall-clock time) 0.000060 sec (of CPU time)
Setting up auxiliary I and S matrices: done in 3.50475e-05 secs using 79.89% CPU
Computing RapidNJ tree took 0.000162 sec (of wall-clock time) 0.000092 sec (of CPU time)
Log-likelihood of RapidNJ tree: -8149.328
--------------------------------------------------------------------
|             INITIALIZING CANDIDATE TREE SET                      |
--------------------------------------------------------------------
Generating 98 parsimony trees... 0.170 second
Computing log-likelihood of 98 initial trees ... 0.235 seconds
Current best score: -7763.113

Do NNI search on 20 best initial trees
Estimate model parameters (epsilon = 0.100)
Initial log-likelihood: -7740.121
Current log-likelihood at step 1: -7740.100
Parameters optimization took 0 rounds (0.004 sec)

BETTER TREE FOUND at iteration 1: -7740.100
Iteration 10 / LogL: -7740.186 / Time: 0h:1m:47s
Iteration 20 / LogL: -7740.143 / Time: 0h:1m:48s
Finish initializing candidate tree set (2)
Current best tree score: -7740.100 / CPU time: 1.502
Number of iterations: 20
--------------------------------------------------------------------
|               OPTIMIZING CANDIDATE TREE SET                      |
--------------------------------------------------------------------
UPDATE BEST LOG-LIKELIHOOD: -7740.095
Iteration 30 / LogL: -7740.099 / Time: 0h:1m:48s (0h:0m:4s left)
Iteration 40 / LogL: -7740.114 / Time: 0h:1m:48s (0h:0m:3s left)
Iteration 50 / LogL: -7740.105 / Time: 0h:1m:49s (0h:0m:2s left)
UPDATE BEST LOG-LIKELIHOOD: -7740.093
Iteration 60 / LogL: -7740.131 / Time: 0h:1m:49s (0h:0m:2s left)
Iteration 70 / LogL: -7740.267 / Time: 0h:1m:50s (0h:0m:1s left)
UPDATE BEST LOG-LIKELIHOOD: -7740.092
Iteration 80 / LogL: -7740.543 / Time: 0h:1m:50s (0h:0m:1s left)
Iteration 90 / LogL: -7740.206 / Time: 0h:1m:51s (0h:0m:0s left)
Iteration 100 / LogL: -7740.355 / Time: 0h:1m:51s (0h:0m:0s left)
TREE SEARCH COMPLETED AFTER 102 ITERATIONS / Time: 0h:1m:51s

--------------------------------------------------------------------
|                    FINALIZING TREE SEARCH                        |
--------------------------------------------------------------------
Performs final model parameters optimization
Estimate model parameters (epsilon = 0.010)
Initial log-likelihood: -7740.092
Current log-likelihood at step 1: -7740.092
Partition-specific rates:  1.456 0.544
Parameters optimization took 0 rounds (0.004 sec)

Partition information was printed to partition_file.nex.best_model.nex
BEST SCORE FOUND : -7740.092
Total tree length: 13.711

Total number of iterations: 102
CPU time used for tree search: 5.056 sec (0h:0m:5s)
Wall-clock time used for tree search: 4.943 sec (0h:0m:4s)
Total CPU time used: 114.714 sec (0h:1m:54s)
Total wall-clock time used: 111.593 sec (0h:1m:51s)

===> START BOOTSTRAP REPLICATE NUMBER 25

Creating bootstrap alignment (seed: 665291)...

Create initial parsimony tree by phylogenetic likelihood library (PLL)... 0.001 seconds
Reading model parameters from file /Users/mful870/Desktop/MD_3di_Dev_02Oct24/Scriptorum/SubstitutionMatrix/3di_substmat
WARNING: Normalizing state frequencies so that sum of them equals to 1

NOTE: 0 MB RAM (0 GB) is required!
Estimate model parameters (epsilon = 0.100)
Initial log-likelihood: -9703.802
Current log-likelihood at step 1: -8626.759
Current log-likelihood at step 2: -8493.087
Current log-likelihood at step 3: -8492.930
Current log-likelihood at step 4: -8492.904
Partition-specific rates:  1.478 0.522
Parameters optimization took 3 rounds (0.033 sec)

Wrote distance file to... 
Computing ML distances based on estimated model parameters...
Calculating distance matrix: done in 3.91006e-05 secs using 84.4% CPU
Computing ML distances took 0.000095 sec (of wall-clock time) 0.000063 sec (of CPU time)
Setting up auxiliary I and S matrices: done in 2.69413e-05 secs using 81.66% CPU
Computing RapidNJ tree took 0.000120 sec (of wall-clock time) 0.000069 sec (of CPU time)
Log-likelihood of RapidNJ tree: -8904.175
--------------------------------------------------------------------
|             INITIALIZING CANDIDATE TREE SET                      |
--------------------------------------------------------------------
Generating 98 parsimony trees... 0.198 second
Computing log-likelihood of 98 initial trees ... 0.240 seconds
Current best score: -8492.904

Do NNI search on 20 best initial trees
Estimate model parameters (epsilon = 0.100)
Initial log-likelihood: -8486.353
Current log-likelihood at step 1: -8486.191
Current log-likelihood at step 2: -8486.179
Parameters optimization took 1 rounds (0.009 sec)

BETTER TREE FOUND at iteration 1: -8486.179
Iteration 10 / LogL: -8486.338 / Time: 0h:1m:52s
Iteration 20 / LogL: -8486.343 / Time: 0h:1m:53s
Finish initializing candidate tree set (1)
Current best tree score: -8486.179 / CPU time: 1.706
Number of iterations: 20
--------------------------------------------------------------------
|               OPTIMIZING CANDIDATE TREE SET                      |
--------------------------------------------------------------------
Iteration 30 / LogL: -8486.218 / Time: 0h:1m:53s (0h:0m:5s left)
Iteration 40 / LogL: -8486.614 / Time: 0h:1m:54s (0h:0m:4s left)
Iteration 50 / LogL: -8486.211 / Time: 0h:1m:54s (0h:0m:3s left)
Iteration 60 / LogL: -8486.269 / Time: 0h:1m:55s (0h:0m:2s left)
Iteration 70 / LogL: -8486.618 / Time: 0h:1m:55s (0h:0m:1s left)
Iteration 80 / LogL: -8500.344 / Time: 0h:1m:55s (0h:0m:1s left)
Iteration 90 / LogL: -8486.569 / Time: 0h:1m:56s (0h:0m:0s left)
UPDATE BEST LOG-LIKELIHOOD: -8486.176
Iteration 100 / LogL: -8500.466 / Time: 0h:1m:56s (0h:0m:0s left)
TREE SEARCH COMPLETED AFTER 102 ITERATIONS / Time: 0h:1m:56s

--------------------------------------------------------------------
|                    FINALIZING TREE SEARCH                        |
--------------------------------------------------------------------
Performs final model parameters optimization
Estimate model parameters (epsilon = 0.010)
Initial log-likelihood: -8486.176
Current log-likelihood at step 1: -8486.176
Partition-specific rates:  1.466 0.534
Parameters optimization took 0 rounds (0.004 sec)

Partition information was printed to partition_file.nex.best_model.nex
BEST SCORE FOUND : -8486.176
Total tree length: 14.437

Total number of iterations: 102
CPU time used for tree search: 5.063 sec (0h:0m:5s)
Wall-clock time used for tree search: 4.958 sec (0h:0m:4s)
Total CPU time used: 119.905 sec (0h:1m:59s)
Total wall-clock time used: 116.655 sec (0h:1m:56s)

===> START BOOTSTRAP REPLICATE NUMBER 26

Creating bootstrap alignment (seed: 665292)...

Create initial parsimony tree by phylogenetic likelihood library (PLL)... 0.001 seconds
Reading model parameters from file /Users/mful870/Desktop/MD_3di_Dev_02Oct24/Scriptorum/SubstitutionMatrix/3di_substmat
WARNING: Normalizing state frequencies so that sum of them equals to 1

NOTE: 0 MB RAM (0 GB) is required!
Estimate model parameters (epsilon = 0.100)
Initial log-likelihood: -8890.423
Current log-likelihood at step 1: -7854.296
Current log-likelihood at step 2: -7728.444
Current log-likelihood at step 3: -7728.393
Partition-specific rates:  1.476 0.524
Parameters optimization took 2 rounds (0.029 sec)

Wrote distance file to... 
Computing ML distances based on estimated model parameters...
Calculating distance matrix: done in 8.29697e-05 secs using 74.73% CPU
Computing ML distances took 0.000202 sec (of wall-clock time) 0.000118 sec (of CPU time)
Setting up auxiliary I and S matrices: done in 3.60012e-05 secs using 80.55% CPU
Computing RapidNJ tree took 0.000160 sec (of wall-clock time) 0.000097 sec (of CPU time)
Log-likelihood of RapidNJ tree: -8091.904
--------------------------------------------------------------------
|             INITIALIZING CANDIDATE TREE SET                      |
--------------------------------------------------------------------
Generating 98 parsimony trees... 0.138 second
Computing log-likelihood of 98 initial trees ... 0.232 seconds
Current best score: -7728.393

Do NNI search on 20 best initial trees
Estimate model parameters (epsilon = 0.100)
Initial log-likelihood: -7709.125
Current log-likelihood at step 1: -7709.022
Current log-likelihood at step 2: -7709.019
Parameters optimization took 1 rounds (0.008 sec)

BETTER TREE FOUND at iteration 1: -7709.019
Iteration 10 / LogL: -7709.039 / Time: 0h:1m:57s
Iteration 20 / LogL: -7709.037 / Time: 0h:1m:58s
Finish initializing candidate tree set (1)
Current best tree score: -7709.019 / CPU time: 1.645
Number of iterations: 20
--------------------------------------------------------------------
|               OPTIMIZING CANDIDATE TREE SET                      |
--------------------------------------------------------------------
Iteration 30 / LogL: -7709.035 / Time: 0h:1m:58s (0h:0m:5s left)
UPDATE BEST LOG-LIKELIHOOD: -7709.019
Iteration 40 / LogL: -7709.138 / Time: 0h:1m:59s (0h:0m:4s left)
Iteration 50 / LogL: -7709.059 / Time: 0h:1m:59s (0h:0m:3s left)
Iteration 60 / LogL: -7709.060 / Time: 0h:2m:0s (0h:0m:2s left)
Iteration 70 / LogL: -7709.205 / Time: 0h:2m:0s (0h:0m:1s left)
Iteration 80 / LogL: -7709.084 / Time: 0h:2m:0s (0h:0m:1s left)
Iteration 90 / LogL: -7709.061 / Time: 0h:2m:1s (0h:0m:0s left)
UPDATE BEST LOG-LIKELIHOOD: -7709.019
UPDATE BEST LOG-LIKELIHOOD: -7709.019
Iteration 100 / LogL: -7709.022 / Time: 0h:2m:1s (0h:0m:0s left)
TREE SEARCH COMPLETED AFTER 102 ITERATIONS / Time: 0h:2m:1s

--------------------------------------------------------------------
|                    FINALIZING TREE SEARCH                        |
--------------------------------------------------------------------
Performs final model parameters optimization
Estimate model parameters (epsilon = 0.010)
Initial log-likelihood: -7709.019
Current log-likelihood at step 1: -7709.019
Partition-specific rates:  1.465 0.535
Parameters optimization took 0 rounds (0.004 sec)

Partition information was printed to partition_file.nex.best_model.nex
BEST SCORE FOUND : -7709.019
Total tree length: 13.619

Total number of iterations: 102
CPU time used for tree search: 5.165 sec (0h:0m:5s)
Wall-clock time used for tree search: 5.056 sec (0h:0m:5s)
Total CPU time used: 125.183 sec (0h:2m:5s)
Total wall-clock time used: 121.808 sec (0h:2m:1s)

===> START BOOTSTRAP REPLICATE NUMBER 27

Creating bootstrap alignment (seed: 665293)...

Create initial parsimony tree by phylogenetic likelihood library (PLL)... 0.001 seconds
Reading model parameters from file /Users/mful870/Desktop/MD_3di_Dev_02Oct24/Scriptorum/SubstitutionMatrix/3di_substmat
WARNING: Normalizing state frequencies so that sum of them equals to 1

NOTE: 0 MB RAM (0 GB) is required!
Estimate model parameters (epsilon = 0.100)
Initial log-likelihood: -9322.381
Current log-likelihood at step 1: -8260.593
Current log-likelihood at step 2: -8139.547
Current log-likelihood at step 3: -8139.368
Current log-likelihood at step 4: -8139.364
Partition-specific rates:  1.471 0.529
Parameters optimization took 3 rounds (0.032 sec)

Wrote distance file to... 
Computing ML distances based on estimated model parameters...
Calculating distance matrix: done in 3.60012e-05 secs using 83.33% CPU
Computing ML distances took 0.000084 sec (of wall-clock time) 0.000056 sec (of CPU time)
Setting up auxiliary I and S matrices: done in 4.88758e-05 secs using 63.43% CPU
Computing RapidNJ tree took 0.000139 sec (of wall-clock time) 0.000086 sec (of CPU time)
Log-likelihood of RapidNJ tree: -8581.352
--------------------------------------------------------------------
|             INITIALIZING CANDIDATE TREE SET                      |
--------------------------------------------------------------------
Generating 98 parsimony trees... 0.162 second
Computing log-likelihood of 98 initial trees ... 0.236 seconds
Current best score: -8139.364

Do NNI search on 20 best initial trees
Estimate model parameters (epsilon = 0.100)
Initial log-likelihood: -8136.602
Current log-likelihood at step 1: -8136.587
Parameters optimization took 0 rounds (0.004 sec)

BETTER TREE FOUND at iteration 1: -8136.587
Estimate model parameters (epsilon = 0.100)
Initial log-likelihood: -8134.531
Current log-likelihood at step 1: -8134.506
Parameters optimization took 0 rounds (0.004 sec)

BETTER TREE FOUND at iteration 2: -8134.506
Iteration 10 / LogL: -8135.593 / Time: 0h:2m:2s
Iteration 20 / LogL: -8137.910 / Time: 0h:2m:3s
Finish initializing candidate tree set (4)
Current best tree score: -8134.506 / CPU time: 1.213
Number of iterations: 20
--------------------------------------------------------------------
|               OPTIMIZING CANDIDATE TREE SET                      |
--------------------------------------------------------------------
Iteration 30 / LogL: -8135.151 / Time: 0h:2m:3s (0h:0m:4s left)
Iteration 40 / LogL: -8134.996 / Time: 0h:2m:3s (0h:0m:3s left)
Iteration 50 / LogL: -8135.084 / Time: 0h:2m:4s (0h:0m:2s left)
Iteration 60 / LogL: -8134.535 / Time: 0h:2m:4s (0h:0m:1s left)
Iteration 70 / LogL: -8136.688 / Time: 0h:2m:5s (0h:0m:1s left)
Iteration 80 / LogL: -8134.537 / Time: 0h:2m:5s (0h:0m:1s left)
Iteration 90 / LogL: -8136.658 / Time: 0h:2m:5s (0h:0m:0s left)
Iteration 100 / LogL: -8134.543 / Time: 0h:2m:6s (0h:0m:0s left)
TREE SEARCH COMPLETED AFTER 103 ITERATIONS / Time: 0h:2m:6s

--------------------------------------------------------------------
|                    FINALIZING TREE SEARCH                        |
--------------------------------------------------------------------
Performs final model parameters optimization
Estimate model parameters (epsilon = 0.010)
Initial log-likelihood: -8134.506
Current log-likelihood at step 1: -8134.502
Partition-specific rates:  1.473 0.527
Parameters optimization took 0 rounds (0.004 sec)

Partition information was printed to partition_file.nex.best_model.nex
BEST SCORE FOUND : -8134.502
Total tree length: 14.394

Total number of iterations: 103
CPU time used for tree search: 4.671 sec (0h:0m:4s)
Wall-clock time used for tree search: 4.538 sec (0h:0m:4s)
Total CPU time used: 129.948 sec (0h:2m:9s)
Total wall-clock time used: 126.431 sec (0h:2m:6s)

===> START BOOTSTRAP REPLICATE NUMBER 28

Creating bootstrap alignment (seed: 665294)...

Create initial parsimony tree by phylogenetic likelihood library (PLL)... 0.001 seconds
Reading model parameters from file /Users/mful870/Desktop/MD_3di_Dev_02Oct24/Scriptorum/SubstitutionMatrix/3di_substmat
WARNING: Normalizing state frequencies so that sum of them equals to 1

NOTE: 0 MB RAM (0 GB) is required!
Estimate model parameters (epsilon = 0.100)
Initial log-likelihood: -9037.176
Current log-likelihood at step 1: -8020.746
Current log-likelihood at step 2: -7933.180
Current log-likelihood at step 3: -7933.130
Partition-specific rates:  1.403 0.597
Parameters optimization took 2 rounds (0.023 sec)

Wrote distance file to... 
Computing ML distances based on estimated model parameters...
Calculating distance matrix: done in 4.48227e-05 secs using 84.78% CPU
Computing ML distances took 0.000113 sec (of wall-clock time) 0.000076 sec (of CPU time)
Setting up auxiliary I and S matrices: done in 3.00407e-05 secs using 76.56% CPU
Computing RapidNJ tree took 0.000126 sec (of wall-clock time) 0.000080 sec (of CPU time)
Log-likelihood of RapidNJ tree: -8392.444
--------------------------------------------------------------------
|             INITIALIZING CANDIDATE TREE SET                      |
--------------------------------------------------------------------
Generating 98 parsimony trees... 0.147 second
Computing log-likelihood of 97 initial trees ... 0.227 seconds
Current best score: -7933.130

Do NNI search on 20 best initial trees
Estimate model parameters (epsilon = 0.100)
Initial log-likelihood: -7918.643
Current log-likelihood at step 1: -7918.389
Current log-likelihood at step 2: -7918.379
Parameters optimization took 1 rounds (0.010 sec)

BETTER TREE FOUND at iteration 1: -7918.379
Iteration 10 / LogL: -7919.005 / Time: 0h:2m:7s
Iteration 20 / LogL: -7918.708 / Time: 0h:2m:7s
Finish initializing candidate tree set (3)
Current best tree score: -7918.379 / CPU time: 1.171
Number of iterations: 20
--------------------------------------------------------------------
|               OPTIMIZING CANDIDATE TREE SET                      |
--------------------------------------------------------------------
Iteration 30 / LogL: -7920.488 / Time: 0h:2m:7s (0h:0m:3s left)
Iteration 40 / LogL: -7918.730 / Time: 0h:2m:8s (0h:0m:2s left)
Iteration 50 / LogL: -7919.048 / Time: 0h:2m:8s (0h:0m:2s left)
Iteration 60 / LogL: -7918.815 / Time: 0h:2m:9s (0h:0m:1s left)
Iteration 70 / LogL: -7919.056 / Time: 0h:2m:9s (0h:0m:1s left)
Iteration 80 / LogL: -7919.533 / Time: 0h:2m:9s (0h:0m:0s left)
Iteration 90 / LogL: -7919.248 / Time: 0h:2m:9s (0h:0m:0s left)
Iteration 100 / LogL: -7918.482 / Time: 0h:2m:10s (0h:0m:0s left)
TREE SEARCH COMPLETED AFTER 102 ITERATIONS / Time: 0h:2m:10s

--------------------------------------------------------------------
|                    FINALIZING TREE SEARCH                        |
--------------------------------------------------------------------
Performs final model parameters optimization
Estimate model parameters (epsilon = 0.010)
Initial log-likelihood: -7918.379
Current log-likelihood at step 1: -7918.377
Partition-specific rates:  1.411 0.589
Parameters optimization took 0 rounds (0.004 sec)

Partition information was printed to partition_file.nex.best_model.nex
BEST SCORE FOUND : -7918.377
Total tree length: 13.412

Total number of iterations: 102
CPU time used for tree search: 3.927 sec (0h:0m:3s)
Wall-clock time used for tree search: 3.796 sec (0h:0m:3s)
Total CPU time used: 133.971 sec (0h:2m:13s)
Total wall-clock time used: 130.306 sec (0h:2m:10s)

===> START BOOTSTRAP REPLICATE NUMBER 29

Creating bootstrap alignment (seed: 665295)...

Create initial parsimony tree by phylogenetic likelihood library (PLL)... 0.001 seconds
Reading model parameters from file /Users/mful870/Desktop/MD_3di_Dev_02Oct24/Scriptorum/SubstitutionMatrix/3di_substmat
WARNING: Normalizing state frequencies so that sum of them equals to 1

NOTE: 0 MB RAM (0 GB) is required!
Estimate model parameters (epsilon = 0.100)
Initial log-likelihood: -9577.085
Current log-likelihood at step 1: -8535.803
Current log-likelihood at step 2: -8389.592
Current log-likelihood at step 3: -8389.506
Partition-specific rates:  1.505 0.495
Parameters optimization took 2 rounds (0.023 sec)

Wrote distance file to... 
Computing ML distances based on estimated model parameters...
Calculating distance matrix: done in 3.60012e-05 secs using 86.11% CPU
Computing ML distances took 0.000088 sec (of wall-clock time) 0.000058 sec (of CPU time)
Setting up auxiliary I and S matrices: done in 2.88486e-05 secs using 72.79% CPU
Computing RapidNJ tree took 0.000148 sec (of wall-clock time) 0.000096 sec (of CPU time)
Log-likelihood of RapidNJ tree: -8760.544
--------------------------------------------------------------------
|             INITIALIZING CANDIDATE TREE SET                      |
--------------------------------------------------------------------
Generating 98 parsimony trees... 0.174 second
Computing log-likelihood of 98 initial trees ... 0.215 seconds
Current best score: -8389.506

Do NNI search on 20 best initial trees
Estimate model parameters (epsilon = 0.100)
Initial log-likelihood: -8378.686
Current log-likelihood at step 1: -8378.580
Current log-likelihood at step 2: -8378.558
Parameters optimization took 1 rounds (0.008 sec)

BETTER TREE FOUND at iteration 1: -8378.558
Estimate model parameters (epsilon = 0.100)
Initial log-likelihood: -8376.433
Current log-likelihood at step 1: -8376.047
Current log-likelihood at step 2: -8376.030
Parameters optimization took 1 rounds (0.010 sec)

UPDATE BEST LOG-LIKELIHOOD: -8376.030
Iteration 10 / LogL: -8378.792 / Time: 0h:2m:11s
Iteration 20 / LogL: -8379.354 / Time: 0h:2m:11s
Finish initializing candidate tree set (2)
Current best tree score: -8376.030 / CPU time: 1.092
Number of iterations: 20
--------------------------------------------------------------------
|               OPTIMIZING CANDIDATE TREE SET                      |
--------------------------------------------------------------------
Iteration 30 / LogL: -8376.076 / Time: 0h:2m:11s (0h:0m:3s left)
UPDATE BEST LOG-LIKELIHOOD: -8376.026
Iteration 40 / LogL: -8376.657 / Time: 0h:2m:12s (0h:0m:2s left)
Iteration 50 / LogL: -8376.153 / Time: 0h:2m:12s (0h:0m:2s left)
Iteration 60 / LogL: -8376.264 / Time: 0h:2m:12s (0h:0m:1s left)
Iteration 70 / LogL: -8376.248 / Time: 0h:2m:13s (0h:0m:1s left)
Iteration 80 / LogL: -8376.076 / Time: 0h:2m:13s (0h:0m:0s left)
Iteration 90 / LogL: -8376.248 / Time: 0h:2m:13s (0h:0m:0s left)
Iteration 100 / LogL: -8379.148 / Time: 0h:2m:14s (0h:0m:0s left)
TREE SEARCH COMPLETED AFTER 102 ITERATIONS / Time: 0h:2m:14s

--------------------------------------------------------------------
|                    FINALIZING TREE SEARCH                        |
--------------------------------------------------------------------
Performs final model parameters optimization
Estimate model parameters (epsilon = 0.010)
Initial log-likelihood: -8376.026
Current log-likelihood at step 1: -8376.025
Partition-specific rates:  1.499 0.501
Parameters optimization took 0 rounds (0.004 sec)

Partition information was printed to partition_file.nex.best_model.nex
BEST SCORE FOUND : -8376.025
Total tree length: 14.309

Total number of iterations: 102
CPU time used for tree search: 4.005 sec (0h:0m:4s)
Wall-clock time used for tree search: 3.868 sec (0h:0m:3s)
Total CPU time used: 138.055 sec (0h:2m:18s)
Total wall-clock time used: 134.243 sec (0h:2m:14s)

===> START BOOTSTRAP REPLICATE NUMBER 30

Creating bootstrap alignment (seed: 665296)...

Create initial parsimony tree by phylogenetic likelihood library (PLL)... 0.001 seconds
Reading model parameters from file /Users/mful870/Desktop/MD_3di_Dev_02Oct24/Scriptorum/SubstitutionMatrix/3di_substmat
WARNING: Normalizing state frequencies so that sum of them equals to 1

NOTE: 0 MB RAM (0 GB) is required!
Estimate model parameters (epsilon = 0.100)
Initial log-likelihood: -9074.397
Current log-likelihood at step 1: -8000.719
Current log-likelihood at step 2: -7917.521
Current log-likelihood at step 3: -7917.488
Partition-specific rates:  1.401 0.599
Parameters optimization took 2 rounds (0.024 sec)

Wrote distance file to... 
Computing ML distances based on estimated model parameters...
Calculating distance matrix: done in 4.3869e-05 secs using 79.78% CPU
Computing ML distances took 0.000096 sec (of wall-clock time) 0.000062 sec (of CPU time)
Setting up auxiliary I and S matrices: done in 3.09944e-05 secs using 74.21% CPU
Computing RapidNJ tree took 0.000128 sec (of wall-clock time) 0.000082 sec (of CPU time)
Log-likelihood of RapidNJ tree: -8277.798
--------------------------------------------------------------------
|             INITIALIZING CANDIDATE TREE SET                      |
--------------------------------------------------------------------
Generating 98 parsimony trees... 0.159 second
Computing log-likelihood of 98 initial trees ... 0.239 seconds
Current best score: -7917.488

Do NNI search on 20 best initial trees
Estimate model parameters (epsilon = 0.100)
Initial log-likelihood: -7893.827
Current log-likelihood at step 1: -7893.681
Current log-likelihood at step 2: -7893.673
Parameters optimization took 1 rounds (0.009 sec)

BETTER TREE FOUND at iteration 1: -7893.673
Iteration 10 / LogL: -7893.811 / Time: 0h:2m:15s
Iteration 20 / LogL: -7893.692 / Time: 0h:2m:15s
Finish initializing candidate tree set (2)
Current best tree score: -7893.673 / CPU time: 1.370
Number of iterations: 20
--------------------------------------------------------------------
|               OPTIMIZING CANDIDATE TREE SET                      |
--------------------------------------------------------------------
Iteration 30 / LogL: -7893.708 / Time: 0h:2m:16s (0h:0m:4s left)
Iteration 40 / LogL: -7893.774 / Time: 0h:2m:16s (0h:0m:3s left)
Iteration 50 / LogL: -7894.245 / Time: 0h:2m:16s (0h:0m:2s left)
Iteration 60 / LogL: -7894.136 / Time: 0h:2m:17s (0h:0m:2s left)
Iteration 70 / LogL: -7893.717 / Time: 0h:2m:17s (0h:0m:1s left)
Iteration 80 / LogL: -7893.688 / Time: 0h:2m:17s (0h:0m:0s left)
Iteration 90 / LogL: -7894.028 / Time: 0h:2m:18s (0h:0m:0s left)
Iteration 100 / LogL: -7893.951 / Time: 0h:2m:18s (0h:0m:0s left)
TREE SEARCH COMPLETED AFTER 102 ITERATIONS / Time: 0h:2m:18s

--------------------------------------------------------------------
|                    FINALIZING TREE SEARCH                        |
--------------------------------------------------------------------
Performs final model parameters optimization
Estimate model parameters (epsilon = 0.010)
Initial log-likelihood: -7893.673
Current log-likelihood at step 1: -7893.671
Partition-specific rates:  1.386 0.614
Parameters optimization took 0 rounds (0.004 sec)

Partition information was printed to partition_file.nex.best_model.nex
BEST SCORE FOUND : -7893.671
Total tree length: 12.711

Total number of iterations: 102
CPU time used for tree search: 4.601 sec (0h:0m:4s)
Wall-clock time used for tree search: 4.477 sec (0h:0m:4s)
Total CPU time used: 142.753 sec (0h:2m:22s)
Total wall-clock time used: 138.801 sec (0h:2m:18s)

===> START BOOTSTRAP REPLICATE NUMBER 31

Creating bootstrap alignment (seed: 665297)...

Create initial parsimony tree by phylogenetic likelihood library (PLL)... 0.001 seconds
Reading model parameters from file /Users/mful870/Desktop/MD_3di_Dev_02Oct24/Scriptorum/SubstitutionMatrix/3di_substmat
WARNING: Normalizing state frequencies so that sum of them equals to 1

NOTE: 0 MB RAM (0 GB) is required!
Estimate model parameters (epsilon = 0.100)
Initial log-likelihood: -9133.407
Current log-likelihood at step 1: -8092.665
Current log-likelihood at step 2: -7957.510
Current log-likelihood at step 3: -7957.437
Partition-specific rates:  1.491 0.509
Parameters optimization took 2 rounds (0.025 sec)

Wrote distance file to... 
Computing ML distances based on estimated model parameters...
Calculating distance matrix: done in 3.91006e-05 secs using 84.4% CPU
Computing ML distances took 0.000090 sec (of wall-clock time) 0.000060 sec (of CPU time)
Setting up auxiliary I and S matrices: done in 3.79086e-05 secs using 79.14% CPU
Computing RapidNJ tree took 0.000160 sec (of wall-clock time) 0.000096 sec (of CPU time)
Log-likelihood of RapidNJ tree: -8395.639
--------------------------------------------------------------------
|             INITIALIZING CANDIDATE TREE SET                      |
--------------------------------------------------------------------
Generating 98 parsimony trees... 0.166 second
Computing log-likelihood of 98 initial trees ... 0.216 seconds
Current best score: -7957.437

Do NNI search on 20 best initial trees
Estimate model parameters (epsilon = 0.100)
Initial log-likelihood: -7955.306
Current log-likelihood at step 1: -7954.705
Current log-likelihood at step 2: -7954.557
Current log-likelihood at step 3: -7954.540
Parameters optimization took 2 rounds (0.015 sec)

BETTER TREE FOUND at iteration 1: -7954.540
Estimate model parameters (epsilon = 0.100)
Initial log-likelihood: -7950.574
Current log-likelihood at step 1: -7949.997
Current log-likelihood at step 2: -7949.948
Parameters optimization took 1 rounds (0.010 sec)

BETTER TREE FOUND at iteration 2: -7949.948
Iteration 10 / LogL: -7955.290 / Time: 0h:2m:19s
Iteration 20 / LogL: -7955.137 / Time: 0h:2m:20s
Finish initializing candidate tree set (2)
Current best tree score: -7949.948 / CPU time: 1.282
Number of iterations: 20
--------------------------------------------------------------------
|               OPTIMIZING CANDIDATE TREE SET                      |
--------------------------------------------------------------------
Iteration 30 / LogL: -7950.315 / Time: 0h:2m:20s (0h:0m:4s left)
Iteration 40 / LogL: -7955.280 / Time: 0h:2m:20s (0h:0m:3s left)
Iteration 50 / LogL: -7949.957 / Time: 0h:2m:21s (0h:0m:2s left)
Estimate model parameters (epsilon = 0.100)
Initial log-likelihood: -7949.935
Current log-likelihood at step 1: -7949.918
Parameters optimization took 0 rounds (0.008 sec)

UPDATE BEST LOG-LIKELIHOOD: -7949.918
Iteration 60 / LogL: -7950.230 / Time: 0h:2m:21s (0h:0m:2s left)
Iteration 70 / LogL: -7954.964 / Time: 0h:2m:22s (0h:0m:1s left)
Iteration 80 / LogL: -7949.929 / Time: 0h:2m:22s (0h:0m:1s left)
Iteration 90 / LogL: -7950.158 / Time: 0h:2m:22s (0h:0m:0s left)
Iteration 100 / LogL: -7955.016 / Time: 0h:2m:23s (0h:0m:0s left)
TREE SEARCH COMPLETED AFTER 103 ITERATIONS / Time: 0h:2m:23s

--------------------------------------------------------------------
|                    FINALIZING TREE SEARCH                        |
--------------------------------------------------------------------
Performs final model parameters optimization
Estimate model parameters (epsilon = 0.010)
Initial log-likelihood: -7949.918
Current log-likelihood at step 1: -7949.914
Partition-specific rates:  1.476 0.524
Parameters optimization took 0 rounds (0.004 sec)

Partition information was printed to partition_file.nex.best_model.nex
BEST SCORE FOUND : -7949.914
Total tree length: 13.743

Total number of iterations: 103
CPU time used for tree search: 4.521 sec (0h:0m:4s)
Wall-clock time used for tree search: 4.401 sec (0h:0m:4s)
Total CPU time used: 147.388 sec (0h:2m:27s)
Total wall-clock time used: 143.290 sec (0h:2m:23s)

===> START BOOTSTRAP REPLICATE NUMBER 32

Creating bootstrap alignment (seed: 665298)...

Create initial parsimony tree by phylogenetic likelihood library (PLL)... 0.001 seconds
Reading model parameters from file /Users/mful870/Desktop/MD_3di_Dev_02Oct24/Scriptorum/SubstitutionMatrix/3di_substmat
WARNING: Normalizing state frequencies so that sum of them equals to 1

NOTE: 0 MB RAM (0 GB) is required!
Estimate model parameters (epsilon = 0.100)
Initial log-likelihood: -9021.237
Current log-likelihood at step 1: -7943.662
Current log-likelihood at step 2: -7829.540
Current log-likelihood at step 3: -7829.480
Partition-specific rates:  1.471 0.529
Parameters optimization took 2 rounds (0.024 sec)

Wrote distance file to... 
Computing ML distances based on estimated model parameters...
Calculating distance matrix: done in 3.60012e-05 secs using 83.33% CPU
Computing ML distances took 0.000086 sec (of wall-clock time) 0.000057 sec (of CPU time)
Setting up auxiliary I and S matrices: done in 5.48363e-05 secs using 62% CPU
Computing RapidNJ tree took 0.000145 sec (of wall-clock time) 0.000088 sec (of CPU time)
Log-likelihood of RapidNJ tree: -8163.954
--------------------------------------------------------------------
|             INITIALIZING CANDIDATE TREE SET                      |
--------------------------------------------------------------------
Generating 98 parsimony trees... 0.160 second
Computing log-likelihood of 98 initial trees ... 0.232 seconds
Current best score: -7829.480

Do NNI search on 20 best initial trees
Estimate model parameters (epsilon = 0.100)
Initial log-likelihood: -7827.578
Current log-likelihood at step 1: -7827.412
Current log-likelihood at step 2: -7827.408
Parameters optimization took 1 rounds (0.013 sec)

BETTER TREE FOUND at iteration 1: -7827.408
Iteration 10 / LogL: -7828.077 / Time: 0h:2m:24s
Iteration 20 / LogL: -7827.415 / Time: 0h:2m:24s
Finish initializing candidate tree set (1)
Current best tree score: -7827.408 / CPU time: 1.486
Number of iterations: 20
--------------------------------------------------------------------
|               OPTIMIZING CANDIDATE TREE SET                      |
--------------------------------------------------------------------
Iteration 30 / LogL: -7827.463 / Time: 0h:2m:25s (0h:0m:4s left)
Iteration 40 / LogL: -7827.589 / Time: 0h:2m:25s (0h:0m:3s left)
Iteration 50 / LogL: -7827.449 / Time: 0h:2m:25s (0h:0m:2s left)
Iteration 60 / LogL: -7827.459 / Time: 0h:2m:26s (0h:0m:2s left)
UPDATE BEST LOG-LIKELIHOOD: -7827.407
Iteration 70 / LogL: -7827.417 / Time: 0h:2m:26s (0h:0m:1s left)
UPDATE BEST LOG-LIKELIHOOD: -7827.407
Iteration 80 / LogL: -7827.446 / Time: 0h:2m:27s (0h:0m:0s left)
Iteration 90 / LogL: -7827.416 / Time: 0h:2m:27s (0h:0m:0s left)
Iteration 100 / LogL: -7827.465 / Time: 0h:2m:27s (0h:0m:0s left)
TREE SEARCH COMPLETED AFTER 102 ITERATIONS / Time: 0h:2m:27s

--------------------------------------------------------------------
|                    FINALIZING TREE SEARCH                        |
--------------------------------------------------------------------
Performs final model parameters optimization
Estimate model parameters (epsilon = 0.010)
Initial log-likelihood: -7827.407
Current log-likelihood at step 1: -7827.407
Partition-specific rates:  1.472 0.528
Parameters optimization took 0 rounds (0.004 sec)

Partition information was printed to partition_file.nex.best_model.nex
BEST SCORE FOUND : -7827.407
Total tree length: 13.866

Total number of iterations: 102
CPU time used for tree search: 4.606 sec (0h:0m:4s)
Wall-clock time used for tree search: 4.486 sec (0h:0m:4s)
Total CPU time used: 152.091 sec (0h:2m:32s)
Total wall-clock time used: 147.858 sec (0h:2m:27s)

===> START BOOTSTRAP REPLICATE NUMBER 33

Creating bootstrap alignment (seed: 665299)...

Create initial parsimony tree by phylogenetic likelihood library (PLL)... 0.001 seconds
Reading model parameters from file /Users/mful870/Desktop/MD_3di_Dev_02Oct24/Scriptorum/SubstitutionMatrix/3di_substmat
WARNING: Normalizing state frequencies so that sum of them equals to 1

NOTE: 0 MB RAM (0 GB) is required!
Estimate model parameters (epsilon = 0.100)
Initial log-likelihood: -9253.745
Current log-likelihood at step 1: -8178.003
Current log-likelihood at step 2: -8083.590
Current log-likelihood at step 3: -8083.508
Partition-specific rates:  1.428 0.572
Parameters optimization took 2 rounds (0.024 sec)

Wrote distance file to... 
Computing ML distances based on estimated model parameters...
Calculating distance matrix: done in 5.19753e-05 secs using 82.73% CPU
Computing ML distances took 0.000122 sec (of wall-clock time) 0.000078 sec (of CPU time)
Setting up auxiliary I and S matrices: done in 3.88622e-05 secs using 79.77% CPU
Computing RapidNJ tree took 0.000164 sec (of wall-clock time) 0.000100 sec (of CPU time)
Log-likelihood of RapidNJ tree: -8410.496
--------------------------------------------------------------------
|             INITIALIZING CANDIDATE TREE SET                      |
--------------------------------------------------------------------
Generating 98 parsimony trees... 0.167 second
Computing log-likelihood of 98 initial trees ... 0.229 seconds
Current best score: -8083.508

Do NNI search on 20 best initial trees
Estimate model parameters (epsilon = 0.100)
Initial log-likelihood: -8064.361
Current log-likelihood at step 1: -8064.339
Parameters optimization took 0 rounds (0.004 sec)

BETTER TREE FOUND at iteration 1: -8064.339
Iteration 10 / LogL: -8064.344 / Time: 0h:2m:28s
Iteration 20 / LogL: -8064.397 / Time: 0h:2m:29s
Finish initializing candidate tree set (2)
Current best tree score: -8064.339 / CPU time: 1.399
Number of iterations: 20
--------------------------------------------------------------------
|               OPTIMIZING CANDIDATE TREE SET                      |
--------------------------------------------------------------------
Iteration 30 / LogL: -8064.557 / Time: 0h:2m:29s (0h:0m:4s left)
Iteration 40 / LogL: -8064.368 / Time: 0h:2m:30s (0h:0m:3s left)
Iteration 50 / LogL: -8064.353 / Time: 0h:2m:30s (0h:0m:2s left)
Iteration 60 / LogL: -8064.341 / Time: 0h:2m:30s (0h:0m:2s left)
Iteration 70 / LogL: -8064.367 / Time: 0h:2m:31s (0h:0m:1s left)
Iteration 80 / LogL: -8064.378 / Time: 0h:2m:31s (0h:0m:1s left)
Iteration 90 / LogL: -8064.346 / Time: 0h:2m:32s (0h:0m:0s left)
Iteration 100 / LogL: -8064.493 / Time: 0h:2m:32s (0h:0m:0s left)
TREE SEARCH COMPLETED AFTER 102 ITERATIONS / Time: 0h:2m:32s

--------------------------------------------------------------------
|                    FINALIZING TREE SEARCH                        |
--------------------------------------------------------------------
Performs final model parameters optimization
Estimate model parameters (epsilon = 0.010)
Initial log-likelihood: -8064.339
Current log-likelihood at step 1: -8064.336
Partition-specific rates:  1.432 0.568
Parameters optimization took 0 rounds (0.004 sec)

Partition information was printed to partition_file.nex.best_model.nex
BEST SCORE FOUND : -8064.336
Total tree length: 13.896

Total number of iterations: 102
CPU time used for tree search: 4.734 sec (0h:0m:4s)
Wall-clock time used for tree search: 4.598 sec (0h:0m:4s)
Total CPU time used: 156.920 sec (0h:2m:36s)
Total wall-clock time used: 152.536 sec (0h:2m:32s)

===> START BOOTSTRAP REPLICATE NUMBER 34

Creating bootstrap alignment (seed: 665300)...

Create initial parsimony tree by phylogenetic likelihood library (PLL)... 0.001 seconds
Reading model parameters from file /Users/mful870/Desktop/MD_3di_Dev_02Oct24/Scriptorum/SubstitutionMatrix/3di_substmat
WARNING: Normalizing state frequencies so that sum of them equals to 1

NOTE: 0 MB RAM (0 GB) is required!
Estimate model parameters (epsilon = 0.100)
Initial log-likelihood: -9334.840
Current log-likelihood at step 1: -8292.447
Current log-likelihood at step 2: -8192.098
Current log-likelihood at step 3: -8192.003
Partition-specific rates:  1.437 0.563
Parameters optimization took 2 rounds (0.024 sec)

Wrote distance file to... 
Computing ML distances based on estimated model parameters...
Calculating distance matrix: done in 3.60012e-05 secs using 86.11% CPU
Computing ML distances took 0.000086 sec (of wall-clock time) 0.000057 sec (of CPU time)
Setting up auxiliary I and S matrices: done in 3.09944e-05 secs using 80.66% CPU
Computing RapidNJ tree took 0.000215 sec (of wall-clock time) 0.000098 sec (of CPU time)
Log-likelihood of RapidNJ tree: -8570.363
--------------------------------------------------------------------
|             INITIALIZING CANDIDATE TREE SET                      |
--------------------------------------------------------------------
Generating 98 parsimony trees... 0.163 second
Computing log-likelihood of 98 initial trees ... 0.224 seconds
Current best score: -8192.003

Do NNI search on 20 best initial trees
Estimate model parameters (epsilon = 0.100)
Initial log-likelihood: -8170.036
Current log-likelihood at step 1: -8169.731
Current log-likelihood at step 2: -8169.726
Parameters optimization took 1 rounds (0.010 sec)

BETTER TREE FOUND at iteration 1: -8169.726
Iteration 10 / LogL: -8169.751 / Time: 0h:2m:33s
Iteration 20 / LogL: -8169.740 / Time: 0h:2m:33s
Finish initializing candidate tree set (1)
Current best tree score: -8169.726 / CPU time: 1.297
Number of iterations: 20
--------------------------------------------------------------------
|               OPTIMIZING CANDIDATE TREE SET                      |
--------------------------------------------------------------------
Iteration 30 / LogL: -8171.872 / Time: 0h:2m:34s (0h:0m:4s left)
Iteration 40 / LogL: -8169.903 / Time: 0h:2m:34s (0h:0m:3s left)
Iteration 50 / LogL: -8169.815 / Time: 0h:2m:35s (0h:0m:2s left)
Iteration 60 / LogL: -8169.819 / Time: 0h:2m:35s (0h:0m:1s left)
Iteration 70 / LogL: -8169.834 / Time: 0h:2m:35s (0h:0m:1s left)
Iteration 80 / LogL: -8169.857 / Time: 0h:2m:36s (0h:0m:0s left)
Iteration 90 / LogL: -8169.748 / Time: 0h:2m:36s (0h:0m:0s left)
Iteration 100 / LogL: -8169.815 / Time: 0h:2m:36s (0h:0m:0s left)
TREE SEARCH COMPLETED AFTER 102 ITERATIONS / Time: 0h:2m:36s

--------------------------------------------------------------------
|                    FINALIZING TREE SEARCH                        |
--------------------------------------------------------------------
Performs final model parameters optimization
Estimate model parameters (epsilon = 0.010)
Initial log-likelihood: -8169.726
Current log-likelihood at step 1: -8169.725
Partition-specific rates:  1.443 0.557
Parameters optimization took 0 rounds (0.004 sec)

Partition information was printed to partition_file.nex.best_model.nex
BEST SCORE FOUND : -8169.725
Total tree length: 13.872

Total number of iterations: 102
CPU time used for tree search: 4.416 sec (0h:0m:4s)
Wall-clock time used for tree search: 4.279 sec (0h:0m:4s)
Total CPU time used: 161.438 sec (0h:2m:41s)
Total wall-clock time used: 156.902 sec (0h:2m:36s)

===> START BOOTSTRAP REPLICATE NUMBER 35

Creating bootstrap alignment (seed: 665301)...

Create initial parsimony tree by phylogenetic likelihood library (PLL)... 0.001 seconds
Reading model parameters from file /Users/mful870/Desktop/MD_3di_Dev_02Oct24/Scriptorum/SubstitutionMatrix/3di_substmat
WARNING: Normalizing state frequencies so that sum of them equals to 1

NOTE: 0 MB RAM (0 GB) is required!
Estimate model parameters (epsilon = 0.100)
Initial log-likelihood: -9220.107
Current log-likelihood at step 1: -8139.370
Current log-likelihood at step 2: -8025.610
Current log-likelihood at step 3: -8025.573
Partition-specific rates:  1.459 0.541
Parameters optimization took 2 rounds (0.024 sec)

Wrote distance file to... 
Computing ML distances based on estimated model parameters...
Calculating distance matrix: done in 5.31673e-05 secs using 84.64% CPU
Computing ML distances took 0.000127 sec (of wall-clock time) 0.000093 sec (of CPU time)
Setting up auxiliary I and S matrices: done in 3.29018e-05 secs using 75.98% CPU
Computing RapidNJ tree took 0.000145 sec (of wall-clock time) 0.000094 sec (of CPU time)
Log-likelihood of RapidNJ tree: -8429.535
--------------------------------------------------------------------
|             INITIALIZING CANDIDATE TREE SET                      |
--------------------------------------------------------------------
Generating 98 parsimony trees... 0.145 second
Computing log-likelihood of 97 initial trees ... 0.230 seconds
Current best score: -8025.573

Do NNI search on 20 best initial trees
Estimate model parameters (epsilon = 0.100)
Initial log-likelihood: -8014.217
Current log-likelihood at step 1: -8014.029
Current log-likelihood at step 2: -8014.024
Parameters optimization took 1 rounds (0.010 sec)

BETTER TREE FOUND at iteration 1: -8014.024
Iteration 10 / LogL: -8014.293 / Time: 0h:2m:37s
Iteration 20 / LogL: -8014.144 / Time: 0h:2m:38s
Finish initializing candidate tree set (2)
Current best tree score: -8014.024 / CPU time: 1.338
Number of iterations: 20
--------------------------------------------------------------------
|               OPTIMIZING CANDIDATE TREE SET                      |
--------------------------------------------------------------------
Iteration 30 / LogL: -8014.895 / Time: 0h:2m:38s (0h:0m:4s left)
Iteration 40 / LogL: -8014.190 / Time: 0h:2m:38s (0h:0m:3s left)
Estimate model parameters (epsilon = 0.100)
Initial log-likelihood: -8013.965
Current log-likelihood at step 1: -8013.949
Parameters optimization took 0 rounds (0.004 sec)

UPDATE BEST LOG-LIKELIHOOD: -8013.949
Iteration 50 / LogL: -8014.266 / Time: 0h:2m:39s (0h:0m:2s left)
Iteration 60 / LogL: -8014.080 / Time: 0h:2m:39s (0h:0m:1s left)
UPDATE BEST LOG-LIKELIHOOD: -8013.946
Iteration 70 / LogL: -8014.188 / Time: 0h:2m:39s (0h:0m:1s left)
Iteration 80 / LogL: -8014.152 / Time: 0h:2m:40s (0h:0m:0s left)
Iteration 90 / LogL: -8022.247 / Time: 0h:2m:40s (0h:0m:0s left)
UPDATE BEST LOG-LIKELIHOOD: -8013.946
Iteration 100 / LogL: -8014.219 / Time: 0h:2m:40s (0h:0m:0s left)
TREE SEARCH COMPLETED AFTER 102 ITERATIONS / Time: 0h:2m:40s

--------------------------------------------------------------------
|                    FINALIZING TREE SEARCH                        |
--------------------------------------------------------------------
Performs final model parameters optimization
Estimate model parameters (epsilon = 0.010)
Initial log-likelihood: -8013.946
Current log-likelihood at step 1: -8013.946
Partition-specific rates:  1.447 0.553
Parameters optimization took 0 rounds (0.004 sec)

Partition information was printed to partition_file.nex.best_model.nex
BEST SCORE FOUND : -8013.946
Total tree length: 14.575

Total number of iterations: 102
CPU time used for tree search: 4.146 sec (0h:0m:4s)
Wall-clock time used for tree search: 4.014 sec (0h:0m:4s)
Total CPU time used: 165.680 sec (0h:2m:45s)
Total wall-clock time used: 160.998 sec (0h:2m:40s)

===> START BOOTSTRAP REPLICATE NUMBER 36

Creating bootstrap alignment (seed: 665302)...

Create initial parsimony tree by phylogenetic likelihood library (PLL)... 0.001 seconds
Reading model parameters from file /Users/mful870/Desktop/MD_3di_Dev_02Oct24/Scriptorum/SubstitutionMatrix/3di_substmat
WARNING: Normalizing state frequencies so that sum of them equals to 1

NOTE: 0 MB RAM (0 GB) is required!
Estimate model parameters (epsilon = 0.100)
Initial log-likelihood: -9343.961
Current log-likelihood at step 1: -8275.953
Current log-likelihood at step 2: -8173.842
Current log-likelihood at step 3: -8173.792
Partition-specific rates:  1.442 0.558
Parameters optimization took 2 rounds (0.024 sec)

Wrote distance file to... 
Computing ML distances based on estimated model parameters...
Calculating distance matrix: done in 3.8147e-05 secs using 83.89% CPU
Computing ML distances took 0.000081 sec (of wall-clock time) 0.000060 sec (of CPU time)
Setting up auxiliary I and S matrices: done in 4.00543e-05 secs using 77.39% CPU
Computing RapidNJ tree took 0.000206 sec (of wall-clock time) 0.000112 sec (of CPU time)
Log-likelihood of RapidNJ tree: -8494.842
--------------------------------------------------------------------
|             INITIALIZING CANDIDATE TREE SET                      |
--------------------------------------------------------------------
Generating 98 parsimony trees... 0.154 second
Computing log-likelihood of 98 initial trees ... 0.214 seconds
Current best score: -8173.792

Do NNI search on 20 best initial trees
Estimate model parameters (epsilon = 0.100)
Initial log-likelihood: -8142.816
Current log-likelihood at step 1: -8142.755
Parameters optimization took 0 rounds (0.004 sec)

BETTER TREE FOUND at iteration 1: -8142.755
Iteration 10 / LogL: -8142.868 / Time: 0h:2m:42s
Iteration 20 / LogL: -8142.898 / Time: 0h:2m:42s
Finish initializing candidate tree set (1)
Current best tree score: -8142.755 / CPU time: 1.522
Number of iterations: 20
--------------------------------------------------------------------
|               OPTIMIZING CANDIDATE TREE SET                      |
--------------------------------------------------------------------
Iteration 30 / LogL: -8142.850 / Time: 0h:2m:43s (0h:0m:4s left)
Iteration 40 / LogL: -8142.800 / Time: 0h:2m:43s (0h:0m:3s left)
UPDATE BEST LOG-LIKELIHOOD: -8142.754
Iteration 50 / LogL: -8142.886 / Time: 0h:2m:43s (0h:0m:2s left)
Iteration 60 / LogL: -8142.794 / Time: 0h:2m:44s (0h:0m:2s left)
Iteration 70 / LogL: -8142.772 / Time: 0h:2m:44s (0h:0m:1s left)
UPDATE BEST LOG-LIKELIHOOD: -8142.747
Iteration 80 / LogL: -8142.802 / Time: 0h:2m:44s (0h:0m:0s left)
Iteration 90 / LogL: -8142.761 / Time: 0h:2m:45s (0h:0m:0s left)
UPDATE BEST LOG-LIKELIHOOD: -8142.746
Iteration 100 / LogL: -8142.792 / Time: 0h:2m:45s (0h:0m:0s left)
TREE SEARCH COMPLETED AFTER 102 ITERATIONS / Time: 0h:2m:45s

--------------------------------------------------------------------
|                    FINALIZING TREE SEARCH                        |
--------------------------------------------------------------------
Performs final model parameters optimization
Estimate model parameters (epsilon = 0.010)
Initial log-likelihood: -8142.746
Current log-likelihood at step 1: -8142.746
Partition-specific rates:  1.448 0.552
Parameters optimization took 0 rounds (0.004 sec)

Partition information was printed to partition_file.nex.best_model.nex
BEST SCORE FOUND : -8142.746
Total tree length: 13.984

Total number of iterations: 102
CPU time used for tree search: 4.563 sec (0h:0m:4s)
Wall-clock time used for tree search: 4.435 sec (0h:0m:4s)
Total CPU time used: 170.333 sec (0h:2m:50s)
Total wall-clock time used: 165.526 sec (0h:2m:45s)

===> START BOOTSTRAP REPLICATE NUMBER 37

Creating bootstrap alignment (seed: 665303)...

Create initial parsimony tree by phylogenetic likelihood library (PLL)... 0.001 seconds
Reading model parameters from file /Users/mful870/Desktop/MD_3di_Dev_02Oct24/Scriptorum/SubstitutionMatrix/3di_substmat
WARNING: Normalizing state frequencies so that sum of them equals to 1

NOTE: 0 MB RAM (0 GB) is required!
Estimate model parameters (epsilon = 0.100)
Initial log-likelihood: -9342.547
Current log-likelihood at step 1: -8295.530
Current log-likelihood at step 2: -8194.600
Current log-likelihood at step 3: -8194.592
Partition-specific rates:  1.423 0.577
Parameters optimization took 2 rounds (0.025 sec)

Wrote distance file to... 
Computing ML distances based on estimated model parameters...
Calculating distance matrix: done in 3.60012e-05 secs using 86.11% CPU
Computing ML distances took 0.000089 sec (of wall-clock time) 0.000058 sec (of CPU time)
Setting up auxiliary I and S matrices: done in 3.88622e-05 secs using 77.2% CPU
Computing RapidNJ tree took 0.000176 sec (of wall-clock time) 0.000101 sec (of CPU time)
Log-likelihood of RapidNJ tree: -8569.787
--------------------------------------------------------------------
|             INITIALIZING CANDIDATE TREE SET                      |
--------------------------------------------------------------------
Generating 98 parsimony trees... 0.173 second
Computing log-likelihood of 98 initial trees ... 0.235 seconds
Current best score: -8194.592

Do NNI search on 20 best initial trees
Estimate model parameters (epsilon = 0.100)
Initial log-likelihood: -8182.036
Current log-likelihood at step 1: -8181.998
Parameters optimization took 0 rounds (0.004 sec)

BETTER TREE FOUND at iteration 1: -8181.998
Iteration 10 / LogL: -8182.169 / Time: 0h:2m:46s
Iteration 20 / LogL: -8182.064 / Time: 0h:2m:46s
Finish initializing candidate tree set (2)
Current best tree score: -8181.998 / CPU time: 1.301
Number of iterations: 20
--------------------------------------------------------------------
|               OPTIMIZING CANDIDATE TREE SET                      |
--------------------------------------------------------------------
Iteration 30 / LogL: -8182.352 / Time: 0h:2m:47s (0h:0m:4s left)
UPDATE BEST LOG-LIKELIHOOD: -8181.992
Iteration 40 / LogL: -8182.160 / Time: 0h:2m:47s (0h:0m:3s left)
Iteration 50 / LogL: -8182.410 / Time: 0h:2m:48s (0h:0m:2s left)
Iteration 60 / LogL: -8182.200 / Time: 0h:2m:48s (0h:0m:1s left)
UPDATE BEST LOG-LIKELIHOOD: -8181.989
Iteration 70 / LogL: -8181.997 / Time: 0h:2m:48s (0h:0m:1s left)
Iteration 80 / LogL: -8182.456 / Time: 0h:2m:49s (0h:0m:0s left)
Iteration 90 / LogL: -8183.052 / Time: 0h:2m:49s (0h:0m:0s left)
Iteration 100 / LogL: -8182.094 / Time: 0h:2m:49s (0h:0m:0s left)
TREE SEARCH COMPLETED AFTER 102 ITERATIONS / Time: 0h:2m:49s

--------------------------------------------------------------------
|                    FINALIZING TREE SEARCH                        |
--------------------------------------------------------------------
Performs final model parameters optimization
Estimate model parameters (epsilon = 0.010)
Initial log-likelihood: -8181.989
Current log-likelihood at step 1: -8181.982
Partition-specific rates:  1.428 0.572
Parameters optimization took 0 rounds (0.004 sec)

Partition information was printed to partition_file.nex.best_model.nex
BEST SCORE FOUND : -8181.982
Total tree length: 14.601

Total number of iterations: 102
CPU time used for tree search: 4.353 sec (0h:0m:4s)
Wall-clock time used for tree search: 4.220 sec (0h:0m:4s)
Total CPU time used: 174.777 sec (0h:2m:54s)
Total wall-clock time used: 169.824 sec (0h:2m:49s)

===> START BOOTSTRAP REPLICATE NUMBER 38

Creating bootstrap alignment (seed: 665304)...

Create initial parsimony tree by phylogenetic likelihood library (PLL)... 0.001 seconds
Reading model parameters from file /Users/mful870/Desktop/MD_3di_Dev_02Oct24/Scriptorum/SubstitutionMatrix/3di_substmat
WARNING: Normalizing state frequencies so that sum of them equals to 1

NOTE: 0 MB RAM (0 GB) is required!
Estimate model parameters (epsilon = 0.100)
Initial log-likelihood: -9121.964
Current log-likelihood at step 1: -8083.483
Current log-likelihood at step 2: -7990.624
Current log-likelihood at step 3: -7990.522
Current log-likelihood at step 4: -7990.520
Partition-specific rates:  1.420 0.580
Parameters optimization took 3 rounds (0.029 sec)

Wrote distance file to... 
Computing ML distances based on estimated model parameters...
Calculating distance matrix: done in 3.60012e-05 secs using 83.33% CPU
Computing ML distances took 0.000089 sec (of wall-clock time) 0.000058 sec (of CPU time)
Setting up auxiliary I and S matrices: done in 3.00407e-05 secs using 76.56% CPU
Computing RapidNJ tree took 0.000133 sec (of wall-clock time) 0.000080 sec (of CPU time)
Log-likelihood of RapidNJ tree: -8276.089
--------------------------------------------------------------------
|             INITIALIZING CANDIDATE TREE SET                      |
--------------------------------------------------------------------
Generating 98 parsimony trees... 0.149 second
Computing log-likelihood of 98 initial trees ... 0.235 seconds
Current best score: -7990.520

Do NNI search on 20 best initial trees
Estimate model parameters (epsilon = 0.100)
Initial log-likelihood: -7935.376
Current log-likelihood at step 1: -7935.371
Parameters optimization took 0 rounds (0.004 sec)

BETTER TREE FOUND at iteration 1: -7935.371
UPDATE BEST LOG-LIKELIHOOD: -7935.371
WARNING: NNI search needs unusual large number of steps (13) to converge!
WARNING: NNI search needs unusual large number of steps (13) to converge!
Iteration 10 / LogL: -7935.371 / Time: 0h:2m:51s
WARNING: NNI search needs unusual large number of steps (13) to converge!
WARNING: NNI search needs unusual large number of steps (13) to converge!
Iteration 20 / LogL: -7935.372 / Time: 0h:2m:51s
Finish initializing candidate tree set (3)
Current best tree score: -7935.371 / CPU time: 2.022
Number of iterations: 20
--------------------------------------------------------------------
|               OPTIMIZING CANDIDATE TREE SET                      |
--------------------------------------------------------------------
UPDATE BEST LOG-LIKELIHOOD: -7935.371
UPDATE BEST LOG-LIKELIHOOD: -7935.371
Iteration 30 / LogL: -7935.371 / Time: 0h:2m:52s (0h:0m:6s left)
Iteration 40 / LogL: -7935.371 / Time: 0h:2m:53s (0h:0m:5s left)
Iteration 50 / LogL: -7935.372 / Time: 0h:2m:53s (0h:0m:3s left)
WARNING: NNI search needs unusual large number of steps (13) to converge!
Iteration 60 / LogL: -7935.371 / Time: 0h:2m:54s (0h:0m:3s left)
Iteration 70 / LogL: -7935.371 / Time: 0h:2m:54s (0h:0m:2s left)
Iteration 80 / LogL: -7935.371 / Time: 0h:2m:55s (0h:0m:1s left)
UPDATE BEST LOG-LIKELIHOOD: -7935.371
Iteration 90 / LogL: -7935.372 / Time: 0h:2m:55s (0h:0m:0s left)
Iteration 100 / LogL: -7935.372 / Time: 0h:2m:56s (0h:0m:0s left)
TREE SEARCH COMPLETED AFTER 102 ITERATIONS / Time: 0h:2m:56s

--------------------------------------------------------------------
|                    FINALIZING TREE SEARCH                        |
--------------------------------------------------------------------
Performs final model parameters optimization
Estimate model parameters (epsilon = 0.010)
Initial log-likelihood: -7935.371
Current log-likelihood at step 1: -7935.371
Partition-specific rates:  1.422 0.578
Parameters optimization took 0 rounds (0.004 sec)

Partition information was printed to partition_file.nex.best_model.nex
BEST SCORE FOUND : -7935.371
Total tree length: 12.536

Total number of iterations: 102
CPU time used for tree search: 6.847 sec (0h:0m:6s)
Wall-clock time used for tree search: 6.739 sec (0h:0m:6s)
Total CPU time used: 181.738 sec (0h:3m:1s)
Total wall-clock time used: 176.653 sec (0h:2m:56s)

===> START BOOTSTRAP REPLICATE NUMBER 39

Creating bootstrap alignment (seed: 665305)...

Create initial parsimony tree by phylogenetic likelihood library (PLL)... 0.001 seconds
Reading model parameters from file /Users/mful870/Desktop/MD_3di_Dev_02Oct24/Scriptorum/SubstitutionMatrix/3di_substmat
WARNING: Normalizing state frequencies so that sum of them equals to 1

NOTE: 0 MB RAM (0 GB) is required!
Estimate model parameters (epsilon = 0.100)
Initial log-likelihood: -9340.477
Current log-likelihood at step 1: -8237.269
Current log-likelihood at step 2: -8119.115
Current log-likelihood at step 3: -8118.939
Current log-likelihood at step 4: -8118.913
Partition-specific rates:  1.476 0.524
Parameters optimization took 3 rounds (0.029 sec)

Wrote distance file to... 
Computing ML distances based on estimated model parameters...
Calculating distance matrix: done in 3.69549e-05 secs using 83.89% CPU
Computing ML distances took 0.000088 sec (of wall-clock time) 0.000058 sec (of CPU time)
Setting up auxiliary I and S matrices: done in 3.09944e-05 secs using 74.21% CPU
Computing RapidNJ tree took 0.000132 sec (of wall-clock time) 0.000082 sec (of CPU time)
Log-likelihood of RapidNJ tree: -8484.286
--------------------------------------------------------------------
|             INITIALIZING CANDIDATE TREE SET                      |
--------------------------------------------------------------------
Generating 98 parsimony trees... 0.148 second
Computing log-likelihood of 97 initial trees ... 0.264 seconds
Current best score: -8118.913

Do NNI search on 20 best initial trees
Estimate model parameters (epsilon = 0.100)
Initial log-likelihood: -8118.913
Current log-likelihood at step 1: -8118.904
Parameters optimization took 0 rounds (0.004 sec)

BETTER TREE FOUND at iteration 1: -8118.904
Iteration 10 / LogL: -8120.055 / Time: 0h:2m:57s
Iteration 20 / LogL: -8119.716 / Time: 0h:2m:58s
Finish initializing candidate tree set (2)
Current best tree score: -8118.904 / CPU time: 1.356
Number of iterations: 20
--------------------------------------------------------------------
|               OPTIMIZING CANDIDATE TREE SET                      |
--------------------------------------------------------------------
Iteration 30 / LogL: -8118.925 / Time: 0h:2m:58s (0h:0m:4s left)
Iteration 40 / LogL: -8122.029 / Time: 0h:2m:58s (0h:0m:3s left)
Iteration 50 / LogL: -8118.936 / Time: 0h:2m:59s (0h:0m:2s left)
Iteration 60 / LogL: -8118.941 / Time: 0h:2m:59s (0h:0m:2s left)
Iteration 70 / LogL: -8118.956 / Time: 0h:3m:0s (0h:0m:1s left)
Iteration 80 / LogL: -8118.992 / Time: 0h:3m:0s (0h:0m:1s left)
Iteration 90 / LogL: -8118.968 / Time: 0h:3m:0s (0h:0m:0s left)
UPDATE BEST LOG-LIKELIHOOD: -8118.903
Iteration 100 / LogL: -8118.904 / Time: 0h:3m:1s (0h:0m:0s left)
TREE SEARCH COMPLETED AFTER 102 ITERATIONS / Time: 0h:3m:1s

--------------------------------------------------------------------
|                    FINALIZING TREE SEARCH                        |
--------------------------------------------------------------------
Performs final model parameters optimization
Estimate model parameters (epsilon = 0.010)
Initial log-likelihood: -8118.903
Current log-likelihood at step 1: -8118.901
Partition-specific rates:  1.475 0.525
Parameters optimization took 0 rounds (0.004 sec)

Partition information was printed to partition_file.nex.best_model.nex
BEST SCORE FOUND : -8118.901
Total tree length: 15.551

Total number of iterations: 102
CPU time used for tree search: 4.718 sec (0h:0m:4s)
Wall-clock time used for tree search: 4.594 sec (0h:0m:4s)
Total CPU time used: 186.574 sec (0h:3m:6s)
Total wall-clock time used: 181.340 sec (0h:3m:1s)

===> START BOOTSTRAP REPLICATE NUMBER 40

Creating bootstrap alignment (seed: 665306)...

Create initial parsimony tree by phylogenetic likelihood library (PLL)... 0.001 seconds
Reading model parameters from file /Users/mful870/Desktop/MD_3di_Dev_02Oct24/Scriptorum/SubstitutionMatrix/3di_substmat
WARNING: Normalizing state frequencies so that sum of them equals to 1

NOTE: 0 MB RAM (0 GB) is required!
Estimate model parameters (epsilon = 0.100)
Initial log-likelihood: -9379.081
Current log-likelihood at step 1: -8337.733
Current log-likelihood at step 2: -8257.642
Current log-likelihood at step 3: -8257.560
Partition-specific rates:  1.390 0.610
Parameters optimization took 2 rounds (0.023 sec)

Wrote distance file to... 
Computing ML distances based on estimated model parameters...
Calculating distance matrix: done in 3.60012e-05 secs using 86.11% CPU
Computing ML distances took 0.000084 sec (of wall-clock time) 0.000057 sec (of CPU time)
Setting up auxiliary I and S matrices: done in 3.69549e-05 secs using 78.47% CPU
Computing RapidNJ tree took 0.000141 sec (of wall-clock time) 0.000088 sec (of CPU time)
Log-likelihood of RapidNJ tree: -8655.642
--------------------------------------------------------------------
|             INITIALIZING CANDIDATE TREE SET                      |
--------------------------------------------------------------------
Generating 98 parsimony trees... 0.152 second
Computing log-likelihood of 97 initial trees ... 0.228 seconds
Current best score: -8257.560

Do NNI search on 20 best initial trees
Estimate model parameters (epsilon = 0.100)
Initial log-likelihood: -8240.587
Current log-likelihood at step 1: -8240.417
Current log-likelihood at step 2: -8240.391
Parameters optimization took 1 rounds (0.010 sec)

BETTER TREE FOUND at iteration 1: -8240.391
UPDATE BEST LOG-LIKELIHOOD: -8240.385
Estimate model parameters (epsilon = 0.100)
Initial log-likelihood: -8240.374
Current log-likelihood at step 1: -8240.371
Parameters optimization took 0 rounds (0.004 sec)

UPDATE BEST LOG-LIKELIHOOD: -8240.371
Iteration 10 / LogL: -8240.651 / Time: 0h:3m:2s
Iteration 20 / LogL: -8240.703 / Time: 0h:3m:2s
Finish initializing candidate tree set (3)
Current best tree score: -8240.371 / CPU time: 1.366
Number of iterations: 20
--------------------------------------------------------------------
|               OPTIMIZING CANDIDATE TREE SET                      |
--------------------------------------------------------------------
Iteration 30 / LogL: -8240.534 / Time: 0h:3m:3s (0h:0m:4s left)
Iteration 40 / LogL: -8240.773 / Time: 0h:3m:3s (0h:0m:3s left)
UPDATE BEST LOG-LIKELIHOOD: -8240.370
Iteration 50 / LogL: -8240.448 / Time: 0h:3m:4s (0h:0m:2s left)
Iteration 60 / LogL: -8240.497 / Time: 0h:3m:4s (0h:0m:2s left)
UPDATE BEST LOG-LIKELIHOOD: -8240.370
Iteration 70 / LogL: -8240.372 / Time: 0h:3m:4s (0h:0m:1s left)
Iteration 80 / LogL: -8244.647 / Time: 0h:3m:5s (0h:0m:1s left)
UPDATE BEST LOG-LIKELIHOOD: -8240.369
Iteration 90 / LogL: -8244.633 / Time: 0h:3m:5s (0h:0m:0s left)
Iteration 100 / LogL: -8240.624 / Time: 0h:3m:6s (0h:0m:0s left)
TREE SEARCH COMPLETED AFTER 102 ITERATIONS / Time: 0h:3m:6s

--------------------------------------------------------------------
|                    FINALIZING TREE SEARCH                        |
--------------------------------------------------------------------
Performs final model parameters optimization
Estimate model parameters (epsilon = 0.010)
Initial log-likelihood: -8240.369
Current log-likelihood at step 1: -8240.369
Partition-specific rates:  1.392 0.608
Parameters optimization took 0 rounds (0.004 sec)

Partition information was printed to partition_file.nex.best_model.nex
BEST SCORE FOUND : -8240.369
Total tree length: 14.135

Total number of iterations: 102
CPU time used for tree search: 4.818 sec (0h:0m:4s)
Wall-clock time used for tree search: 4.699 sec (0h:0m:4s)
Total CPU time used: 191.508 sec (0h:3m:11s)
Total wall-clock time used: 186.132 sec (0h:3m:6s)

===> START BOOTSTRAP REPLICATE NUMBER 41

Creating bootstrap alignment (seed: 665307)...

Create initial parsimony tree by phylogenetic likelihood library (PLL)... 0.002 seconds
Reading model parameters from file /Users/mful870/Desktop/MD_3di_Dev_02Oct24/Scriptorum/SubstitutionMatrix/3di_substmat
WARNING: Normalizing state frequencies so that sum of them equals to 1

NOTE: 0 MB RAM (0 GB) is required!
Estimate model parameters (epsilon = 0.100)
Initial log-likelihood: -9540.761
Current log-likelihood at step 1: -8531.959
Current log-likelihood at step 2: -8408.703
Current log-likelihood at step 3: -8408.653
Partition-specific rates:  1.458 0.542
Parameters optimization took 2 rounds (0.025 sec)

Wrote distance file to... 
Computing ML distances based on estimated model parameters...
Calculating distance matrix: done in 3.8147e-05 secs using 86.51% CPU
Computing ML distances took 0.000096 sec (of wall-clock time) 0.000061 sec (of CPU time)
Setting up auxiliary I and S matrices: done in 3.88622e-05 secs using 77.2% CPU
Computing RapidNJ tree took 0.000179 sec (of wall-clock time) 0.000103 sec (of CPU time)
Log-likelihood of RapidNJ tree: -8809.644
--------------------------------------------------------------------
|             INITIALIZING CANDIDATE TREE SET                      |
--------------------------------------------------------------------
Generating 98 parsimony trees... 0.164 second
Computing log-likelihood of 98 initial trees ... 0.219 seconds
Current best score: -8408.653

Do NNI search on 20 best initial trees
Estimate model parameters (epsilon = 0.100)
Initial log-likelihood: -8388.210
Current log-likelihood at step 1: -8387.695
Current log-likelihood at step 2: -8387.687
Parameters optimization took 1 rounds (0.010 sec)

BETTER TREE FOUND at iteration 1: -8387.687
Iteration 10 / LogL: -8388.400 / Time: 0h:3m:6s
Iteration 20 / LogL: -8387.841 / Time: 0h:3m:7s
Finish initializing candidate tree set (1)
Current best tree score: -8387.687 / CPU time: 1.170
Number of iterations: 20
--------------------------------------------------------------------
|               OPTIMIZING CANDIDATE TREE SET                      |
--------------------------------------------------------------------
Iteration 30 / LogL: -8387.727 / Time: 0h:3m:7s (0h:0m:3s left)
UPDATE BEST LOG-LIKELIHOOD: -8387.686
Iteration 40 / LogL: -8387.794 / Time: 0h:3m:8s (0h:0m:3s left)
Iteration 50 / LogL: -8387.999 / Time: 0h:3m:8s (0h:0m:2s left)
UPDATE BEST LOG-LIKELIHOOD: -8387.686
UPDATE BEST LOG-LIKELIHOOD: -8387.686
UPDATE BEST LOG-LIKELIHOOD: -8387.686
Iteration 60 / LogL: -8387.689 / Time: 0h:3m:8s (0h:0m:1s left)
Iteration 70 / LogL: -8388.775 / Time: 0h:3m:9s (0h:0m:1s left)
UPDATE BEST LOG-LIKELIHOOD: -8387.686
Iteration 80 / LogL: -8388.059 / Time: 0h:3m:9s (0h:0m:0s left)
Iteration 90 / LogL: -8387.859 / Time: 0h:3m:9s (0h:0m:0s left)
Iteration 100 / LogL: -8388.317 / Time: 0h:3m:10s (0h:0m:0s left)
TREE SEARCH COMPLETED AFTER 102 ITERATIONS / Time: 0h:3m:10s

--------------------------------------------------------------------
|                    FINALIZING TREE SEARCH                        |
--------------------------------------------------------------------
Performs final model parameters optimization
Estimate model parameters (epsilon = 0.010)
Initial log-likelihood: -8387.686
Current log-likelihood at step 1: -8387.686
Partition-specific rates:  1.458 0.542
Parameters optimization took 0 rounds (0.004 sec)

Partition information was printed to partition_file.nex.best_model.nex
BEST SCORE FOUND : -8387.686
Total tree length: 12.957

Total number of iterations: 102
CPU time used for tree search: 3.975 sec (0h:0m:3s)
Wall-clock time used for tree search: 3.880 sec (0h:0m:3s)
Total CPU time used: 195.588 sec (0h:3m:15s)
Total wall-clock time used: 190.101 sec (0h:3m:10s)

===> START BOOTSTRAP REPLICATE NUMBER 42

Creating bootstrap alignment (seed: 665308)...

Create initial parsimony tree by phylogenetic likelihood library (PLL)... 0.001 seconds
Reading model parameters from file /Users/mful870/Desktop/MD_3di_Dev_02Oct24/Scriptorum/SubstitutionMatrix/3di_substmat
WARNING: Normalizing state frequencies so that sum of them equals to 1

NOTE: 0 MB RAM (0 GB) is required!
Estimate model parameters (epsilon = 0.100)
Initial log-likelihood: -8672.023
Current log-likelihood at step 1: -7636.368
Current log-likelihood at step 2: -7527.635
Current log-likelihood at step 3: -7527.586
Partition-specific rates:  1.451 0.549
Parameters optimization took 2 rounds (0.024 sec)

Wrote distance file to... 
Computing ML distances based on estimated model parameters...
Calculating distance matrix: done in 3.8147e-05 secs using 83.89% CPU
Computing ML distances took 0.000092 sec (of wall-clock time) 0.000059 sec (of CPU time)
Setting up auxiliary I and S matrices: done in 4.1008e-05 secs using 78.03% CPU
Computing RapidNJ tree took 0.000180 sec (of wall-clock time) 0.000104 sec (of CPU time)
Log-likelihood of RapidNJ tree: -7913.715
--------------------------------------------------------------------
|             INITIALIZING CANDIDATE TREE SET                      |
--------------------------------------------------------------------
Generating 98 parsimony trees... 0.150 second
Computing log-likelihood of 98 initial trees ... 0.225 seconds
Current best score: -7527.586

Do NNI search on 20 best initial trees
Estimate model parameters (epsilon = 0.100)
Initial log-likelihood: -7515.982
Current log-likelihood at step 1: -7515.954
Parameters optimization took 0 rounds (0.004 sec)

BETTER TREE FOUND at iteration 1: -7515.954
Estimate model parameters (epsilon = 0.100)
Initial log-likelihood: -7515.904
Current log-likelihood at step 1: -7515.893
Parameters optimization took 0 rounds (0.004 sec)

BETTER TREE FOUND at iteration 2: -7515.893
BETTER TREE FOUND at iteration 7: -7515.893
UPDATE BEST LOG-LIKELIHOOD: -7515.893
Iteration 10 / LogL: -7515.893 / Time: 0h:3m:11s
UPDATE BEST LOG-LIKELIHOOD: -7515.892
Iteration 20 / LogL: -7515.962 / Time: 0h:3m:12s
Finish initializing candidate tree set (5)
Current best tree score: -7515.892 / CPU time: 1.911
Number of iterations: 20
--------------------------------------------------------------------
|               OPTIMIZING CANDIDATE TREE SET                      |
--------------------------------------------------------------------
Iteration 30 / LogL: -7515.962 / Time: 0h:3m:12s (0h:0m:6s left)
UPDATE BEST LOG-LIKELIHOOD: -7515.892
Iteration 40 / LogL: -7515.893 / Time: 0h:3m:13s (0h:0m:5s left)
UPDATE BEST LOG-LIKELIHOOD: -7515.892
Iteration 50 / LogL: -7515.962 / Time: 0h:3m:13s (0h:0m:4s left)
Iteration 60 / LogL: -7515.893 / Time: 0h:3m:14s (0h:0m:3s left)
Iteration 70 / LogL: -7515.892 / Time: 0h:3m:15s (0h:0m:2s left)
Iteration 80 / LogL: -7515.893 / Time: 0h:3m:15s (0h:0m:1s left)
UPDATE BEST LOG-LIKELIHOOD: -7515.892
Iteration 90 / LogL: -7515.892 / Time: 0h:3m:16s (0h:0m:1s left)
Iteration 100 / LogL: -7515.962 / Time: 0h:3m:16s (0h:0m:0s left)
TREE SEARCH COMPLETED AFTER 108 ITERATIONS / Time: 0h:3m:17s

--------------------------------------------------------------------
|                    FINALIZING TREE SEARCH                        |
--------------------------------------------------------------------
Performs final model parameters optimization
Estimate model parameters (epsilon = 0.010)
Initial log-likelihood: -7515.892
Current log-likelihood at step 1: -7515.892
Partition-specific rates:  1.461 0.539
Parameters optimization took 0 rounds (0.004 sec)

Partition information was printed to partition_file.nex.best_model.nex
BEST SCORE FOUND : -7515.892
Total tree length: 14.283

Total number of iterations: 108
CPU time used for tree search: 7.163 sec (0h:0m:7s)
Wall-clock time used for tree search: 7.043 sec (0h:0m:7s)
Total CPU time used: 202.849 sec (0h:3m:22s)
Total wall-clock time used: 197.228 sec (0h:3m:17s)

===> START BOOTSTRAP REPLICATE NUMBER 43

Creating bootstrap alignment (seed: 665309)...

Create initial parsimony tree by phylogenetic likelihood library (PLL)... 0.001 seconds
Reading model parameters from file /Users/mful870/Desktop/MD_3di_Dev_02Oct24/Scriptorum/SubstitutionMatrix/3di_substmat
WARNING: Normalizing state frequencies so that sum of them equals to 1

NOTE: 0 MB RAM (0 GB) is required!
Estimate model parameters (epsilon = 0.100)
Initial log-likelihood: -9167.159
Current log-likelihood at step 1: -8070.009
Current log-likelihood at step 2: -7959.626
Current log-likelihood at step 3: -7959.526
Partition-specific rates:  1.466 0.534
Parameters optimization took 2 rounds (0.024 sec)

Wrote distance file to... 
Computing ML distances based on estimated model parameters...
Calculating distance matrix: done in 3.60012e-05 secs using 83.33% CPU
Computing ML distances took 0.000087 sec (of wall-clock time) 0.000056 sec (of CPU time)
Setting up auxiliary I and S matrices: done in 3.19481e-05 secs using 75.12% CPU
Computing RapidNJ tree took 0.000135 sec (of wall-clock time) 0.000086 sec (of CPU time)
Log-likelihood of RapidNJ tree: -8372.331
--------------------------------------------------------------------
|             INITIALIZING CANDIDATE TREE SET                      |
--------------------------------------------------------------------
Generating 98 parsimony trees... 0.157 second
Computing log-likelihood of 98 initial trees ... 0.268 seconds
Current best score: -7959.526

Do NNI search on 20 best initial trees
Estimate model parameters (epsilon = 0.100)
Initial log-likelihood: -7948.524
Current log-likelihood at step 1: -7948.477
Parameters optimization took 0 rounds (0.004 sec)

BETTER TREE FOUND at iteration 1: -7948.477
Estimate model parameters (epsilon = 0.100)
Initial log-likelihood: -7947.869
Current log-likelihood at step 1: -7947.596
Current log-likelihood at step 2: -7947.541
Parameters optimization took 1 rounds (0.010 sec)

BETTER TREE FOUND at iteration 6: -7947.541
Iteration 10 / LogL: -7947.874 / Time: 0h:3m:18s
Estimate model parameters (epsilon = 0.100)
Initial log-likelihood: -7947.134
Current log-likelihood at step 1: -7947.107
Parameters optimization took 0 rounds (0.004 sec)

BETTER TREE FOUND at iteration 14: -7947.107
Iteration 20 / LogL: -7947.177 / Time: 0h:3m:18s
Finish initializing candidate tree set (4)
Current best tree score: -7947.107 / CPU time: 1.458
Number of iterations: 20
--------------------------------------------------------------------
|               OPTIMIZING CANDIDATE TREE SET                      |
--------------------------------------------------------------------
Estimate model parameters (epsilon = 0.100)
Initial log-likelihood: -7947.096
Current log-likelihood at step 1: -7947.090
Parameters optimization took 0 rounds (0.004 sec)

UPDATE BEST LOG-LIKELIHOOD: -7947.090
Iteration 30 / LogL: -7948.990 / Time: 0h:3m:19s (0h:0m:5s left)
Iteration 40 / LogL: -7947.377 / Time: 0h:3m:19s (0h:0m:4s left)
UPDATE BEST LOG-LIKELIHOOD: -7947.090
Iteration 50 / LogL: -7947.323 / Time: 0h:3m:19s (0h:0m:3s left)
Iteration 60 / LogL: -7948.240 / Time: 0h:3m:20s (0h:0m:2s left)
Iteration 70 / LogL: -7947.977 / Time: 0h:3m:20s (0h:0m:2s left)
Iteration 80 / LogL: -7947.093 / Time: 0h:3m:21s (0h:0m:1s left)
Iteration 90 / LogL: -7947.191 / Time: 0h:3m:21s (0h:0m:1s left)
Iteration 100 / LogL: -7947.396 / Time: 0h:3m:21s (0h:0m:0s left)
Iteration 110 / LogL: -7947.310 / Time: 0h:3m:22s (0h:0m:0s left)
TREE SEARCH COMPLETED AFTER 115 ITERATIONS / Time: 0h:3m:22s

--------------------------------------------------------------------
|                    FINALIZING TREE SEARCH                        |
--------------------------------------------------------------------
Performs final model parameters optimization
Estimate model parameters (epsilon = 0.010)
Initial log-likelihood: -7947.090
Current log-likelihood at step 1: -7947.088
Partition-specific rates:  1.468 0.532
Parameters optimization took 0 rounds (0.004 sec)

Partition information was printed to partition_file.nex.best_model.nex
BEST SCORE FOUND : -7947.088
Total tree length: 15.651

Total number of iterations: 115
CPU time used for tree search: 5.112 sec (0h:0m:5s)
Wall-clock time used for tree search: 5.047 sec (0h:0m:5s)
Total CPU time used: 208.098 sec (0h:3m:28s)
Total wall-clock time used: 202.375 sec (0h:3m:22s)

===> START BOOTSTRAP REPLICATE NUMBER 44

Creating bootstrap alignment (seed: 665310)...

Create initial parsimony tree by phylogenetic likelihood library (PLL)... 0.001 seconds
Reading model parameters from file /Users/mful870/Desktop/MD_3di_Dev_02Oct24/Scriptorum/SubstitutionMatrix/3di_substmat
WARNING: Normalizing state frequencies so that sum of them equals to 1

NOTE: 0 MB RAM (0 GB) is required!
Estimate model parameters (epsilon = 0.100)
Initial log-likelihood: -9328.002
Current log-likelihood at step 1: -8319.423
Current log-likelihood at step 2: -8180.917
Current log-likelihood at step 3: -8180.872
Partition-specific rates:  1.486 0.514
Parameters optimization took 2 rounds (0.024 sec)

Wrote distance file to... 
Computing ML distances based on estimated model parameters...
Calculating distance matrix: done in 3.60012e-05 secs using 83.33% CPU
Computing ML distances took 0.000089 sec (of wall-clock time) 0.000058 sec (of CPU time)
Setting up auxiliary I and S matrices: done in 4.1008e-05 secs using 80.47% CPU
Computing RapidNJ tree took 0.000181 sec (of wall-clock time) 0.000097 sec (of CPU time)
Log-likelihood of RapidNJ tree: -8604.343
--------------------------------------------------------------------
|             INITIALIZING CANDIDATE TREE SET                      |
--------------------------------------------------------------------
Generating 98 parsimony trees... 0.164 second
Computing log-likelihood of 98 initial trees ... 0.224 seconds
Current best score: -8180.872

Do NNI search on 20 best initial trees
Estimate model parameters (epsilon = 0.100)
Initial log-likelihood: -8156.523
Current log-likelihood at step 1: -8156.044
Current log-likelihood at step 2: -8156.040
Parameters optimization took 1 rounds (0.010 sec)

BETTER TREE FOUND at iteration 1: -8156.040
Iteration 10 / LogL: -8157.391 / Time: 0h:3m:23s
Iteration 20 / LogL: -8156.061 / Time: 0h:3m:23s
Finish initializing candidate tree set (1)
Current best tree score: -8156.040 / CPU time: 1.283
Number of iterations: 20
--------------------------------------------------------------------
|               OPTIMIZING CANDIDATE TREE SET                      |
--------------------------------------------------------------------
Iteration 30 / LogL: -8156.066 / Time: 0h:3m:24s (0h:0m:4s left)
Iteration 40 / LogL: -8156.166 / Time: 0h:3m:24s (0h:0m:3s left)
Iteration 50 / LogL: -8156.428 / Time: 0h:3m:24s (0h:0m:2s left)
Iteration 60 / LogL: -8156.063 / Time: 0h:3m:25s (0h:0m:1s left)
Iteration 70 / LogL: -8156.109 / Time: 0h:3m:25s (0h:0m:1s left)
Iteration 80 / LogL: -8156.125 / Time: 0h:3m:25s (0h:0m:0s left)
Iteration 90 / LogL: -8156.116 / Time: 0h:3m:26s (0h:0m:0s left)
Iteration 100 / LogL: -8156.135 / Time: 0h:3m:26s (0h:0m:0s left)
TREE SEARCH COMPLETED AFTER 102 ITERATIONS / Time: 0h:3m:26s

--------------------------------------------------------------------
|                    FINALIZING TREE SEARCH                        |
--------------------------------------------------------------------
Performs final model parameters optimization
Estimate model parameters (epsilon = 0.010)
Initial log-likelihood: -8156.040
Current log-likelihood at step 1: -8156.040
Partition-specific rates:  1.468 0.532
Parameters optimization took 0 rounds (0.004 sec)

Partition information was printed to partition_file.nex.best_model.nex
BEST SCORE FOUND : -8156.040
Total tree length: 12.778

Total number of iterations: 102
CPU time used for tree search: 4.368 sec (0h:0m:4s)
Wall-clock time used for tree search: 4.270 sec (0h:0m:4s)
Total CPU time used: 212.551 sec (0h:3m:32s)
Total wall-clock time used: 206.719 sec (0h:3m:26s)

===> START BOOTSTRAP REPLICATE NUMBER 45

Creating bootstrap alignment (seed: 665311)...

Create initial parsimony tree by phylogenetic likelihood library (PLL)... 0.001 seconds
Reading model parameters from file /Users/mful870/Desktop/MD_3di_Dev_02Oct24/Scriptorum/SubstitutionMatrix/3di_substmat
WARNING: Normalizing state frequencies so that sum of them equals to 1

NOTE: 0 MB RAM (0 GB) is required!
Estimate model parameters (epsilon = 0.100)
Initial log-likelihood: -8953.943
Current log-likelihood at step 1: -7880.336
Current log-likelihood at step 2: -7782.778
Current log-likelihood at step 3: -7782.739
Partition-specific rates:  1.432 0.568
Parameters optimization took 2 rounds (0.024 sec)

Wrote distance file to... 
Computing ML distances based on estimated model parameters...
Calculating distance matrix: done in 5.79357e-05 secs using 84.58% CPU
Computing ML distances took 0.000133 sec (of wall-clock time) 0.000090 sec (of CPU time)
Setting up auxiliary I and S matrices: done in 3.00407e-05 secs using 79.89% CPU
Computing RapidNJ tree took 0.000132 sec (of wall-clock time) 0.000081 sec (of CPU time)
Log-likelihood of RapidNJ tree: -8102.036
--------------------------------------------------------------------
|             INITIALIZING CANDIDATE TREE SET                      |
--------------------------------------------------------------------
Generating 98 parsimony trees... 0.163 second
Computing log-likelihood of 97 initial trees ... 0.239 seconds
Current best score: -7782.739

Do NNI search on 20 best initial trees
Estimate model parameters (epsilon = 0.100)
Initial log-likelihood: -7774.024
Current log-likelihood at step 1: -7773.731
Current log-likelihood at step 2: -7773.728
Parameters optimization took 1 rounds (0.010 sec)

BETTER TREE FOUND at iteration 1: -7773.728
Iteration 10 / LogL: -7773.950 / Time: 0h:3m:27s
Iteration 20 / LogL: -7779.880 / Time: 0h:3m:28s
Finish initializing candidate tree set (2)
Current best tree score: -7773.728 / CPU time: 1.261
Number of iterations: 20
--------------------------------------------------------------------
|               OPTIMIZING CANDIDATE TREE SET                      |
--------------------------------------------------------------------
Iteration 30 / LogL: -7773.910 / Time: 0h:3m:28s (0h:0m:4s left)
Iteration 40 / LogL: -7774.589 / Time: 0h:3m:28s (0h:0m:3s left)
Iteration 50 / LogL: -7779.881 / Time: 0h:3m:29s (0h:0m:2s left)
Iteration 60 / LogL: -7779.884 / Time: 0h:3m:29s (0h:0m:2s left)
Iteration 70 / LogL: -7773.744 / Time: 0h:3m:29s (0h:0m:1s left)
Iteration 80 / LogL: -7773.750 / Time: 0h:3m:30s (0h:0m:0s left)
UPDATE BEST LOG-LIKELIHOOD: -7773.727
Iteration 90 / LogL: -7773.727 / Time: 0h:3m:30s (0h:0m:0s left)
Iteration 100 / LogL: -7773.937 / Time: 0h:3m:31s (0h:0m:0s left)
TREE SEARCH COMPLETED AFTER 102 ITERATIONS / Time: 0h:3m:31s

--------------------------------------------------------------------
|                    FINALIZING TREE SEARCH                        |
--------------------------------------------------------------------
Performs final model parameters optimization
Estimate model parameters (epsilon = 0.010)
Initial log-likelihood: -7773.727
Current log-likelihood at step 1: -7773.727
Partition-specific rates:  1.434 0.566
Parameters optimization took 0 rounds (0.004 sec)

Partition information was printed to partition_file.nex.best_model.nex
BEST SCORE FOUND : -7773.727
Total tree length: 13.730

Total number of iterations: 102
CPU time used for tree search: 4.421 sec (0h:0m:4s)
Wall-clock time used for tree search: 4.286 sec (0h:0m:4s)
Total CPU time used: 217.063 sec (0h:3m:37s)
Total wall-clock time used: 211.083 sec (0h:3m:31s)

===> START BOOTSTRAP REPLICATE NUMBER 46

Creating bootstrap alignment (seed: 665312)...

Create initial parsimony tree by phylogenetic likelihood library (PLL)... 0.001 seconds
Reading model parameters from file /Users/mful870/Desktop/MD_3di_Dev_02Oct24/Scriptorum/SubstitutionMatrix/3di_substmat
WARNING: Normalizing state frequencies so that sum of them equals to 1

NOTE: 0 MB RAM (0 GB) is required!
Estimate model parameters (epsilon = 0.100)
Initial log-likelihood: -9132.852
Current log-likelihood at step 1: -8116.886
Current log-likelihood at step 2: -7966.430
Current log-likelihood at step 3: -7966.212
Current log-likelihood at step 4: -7966.182
Partition-specific rates:  1.518 0.482
Parameters optimization took 3 rounds (0.030 sec)

Wrote distance file to... 
Computing ML distances based on estimated model parameters...
Calculating distance matrix: done in 3.50475e-05 secs using 85.6% CPU
Computing ML distances took 0.000087 sec (of wall-clock time) 0.000057 sec (of CPU time)
Setting up auxiliary I and S matrices: done in 5.4121e-05 secs using 62.82% CPU
Computing RapidNJ tree took 0.000141 sec (of wall-clock time) 0.000088 sec (of CPU time)
Log-likelihood of RapidNJ tree: -8344.012
--------------------------------------------------------------------
|             INITIALIZING CANDIDATE TREE SET                      |
--------------------------------------------------------------------
Generating 98 parsimony trees... 0.156 second
Computing log-likelihood of 98 initial trees ... 0.224 seconds
Current best score: -7966.182

Do NNI search on 20 best initial trees
Estimate model parameters (epsilon = 0.100)
Initial log-likelihood: -7965.035
Current log-likelihood at step 1: -7965.035
Parameters optimization took 0 rounds (0.004 sec)

BETTER TREE FOUND at iteration 1: -7965.035
Iteration 10 / LogL: -7965.035 / Time: 0h:3m:32s
WARNING: NNI search needs unusual large number of steps (13) to converge!
Iteration 20 / LogL: -7966.216 / Time: 0h:3m:33s
Finish initializing candidate tree set (4)
Current best tree score: -7965.035 / CPU time: 2.116
Number of iterations: 20
--------------------------------------------------------------------
|               OPTIMIZING CANDIDATE TREE SET                      |
--------------------------------------------------------------------
Iteration 30 / LogL: -7965.035 / Time: 0h:3m:33s (0h:0m:7s left)
UPDATE BEST LOG-LIKELIHOOD: -7965.034
Iteration 40 / LogL: -7965.035 / Time: 0h:3m:34s (0h:0m:5s left)
UPDATE BEST LOG-LIKELIHOOD: -7965.034
Iteration 50 / LogL: -7965.034 / Time: 0h:3m:35s (0h:0m:4s left)
Iteration 60 / LogL: -7965.035 / Time: 0h:3m:35s (0h:0m:3s left)
UPDATE BEST LOG-LIKELIHOOD: -7965.034
Iteration 70 / LogL: -7965.035 / Time: 0h:3m:36s (0h:0m:2s left)
WARNING: NNI search needs unusual large number of steps (13) to converge!
Iteration 80 / LogL: -7965.035 / Time: 0h:3m:37s (0h:0m:1s left)
Iteration 90 / LogL: -7965.035 / Time: 0h:3m:37s (0h:0m:0s left)
Iteration 100 / LogL: -7965.035 / Time: 0h:3m:38s (0h:0m:0s left)
TREE SEARCH COMPLETED AFTER 102 ITERATIONS / Time: 0h:3m:38s

--------------------------------------------------------------------
|                    FINALIZING TREE SEARCH                        |
--------------------------------------------------------------------
Performs final model parameters optimization
Estimate model parameters (epsilon = 0.010)
Initial log-likelihood: -7965.034
Current log-likelihood at step 1: -7965.034
Partition-specific rates:  1.517 0.483
Parameters optimization took 0 rounds (0.004 sec)

Partition information was printed to partition_file.nex.best_model.nex
BEST SCORE FOUND : -7965.034
Total tree length: 14.496

Total number of iterations: 102
CPU time used for tree search: 7.571 sec (0h:0m:7s)
Wall-clock time used for tree search: 7.478 sec (0h:0m:7s)
Total CPU time used: 224.738 sec (0h:3m:44s)
Total wall-clock time used: 218.650 sec (0h:3m:38s)

===> START BOOTSTRAP REPLICATE NUMBER 47

Creating bootstrap alignment (seed: 665313)...

Create initial parsimony tree by phylogenetic likelihood library (PLL)... 0.001 seconds
Reading model parameters from file /Users/mful870/Desktop/MD_3di_Dev_02Oct24/Scriptorum/SubstitutionMatrix/3di_substmat
WARNING: Normalizing state frequencies so that sum of them equals to 1

NOTE: 0 MB RAM (0 GB) is required!
Estimate model parameters (epsilon = 0.100)
Initial log-likelihood: -9156.764
Current log-likelihood at step 1: -8095.567
Current log-likelihood at step 2: -7974.669
Current log-likelihood at step 3: -7974.535
Current log-likelihood at step 4: -7974.514
Partition-specific rates:  1.475 0.525
Parameters optimization took 3 rounds (0.028 sec)

Wrote distance file to... 
Computing ML distances based on estimated model parameters...
Calculating distance matrix: done in 3.91006e-05 secs using 84.4% CPU
Computing ML distances took 0.000096 sec (of wall-clock time) 0.000062 sec (of CPU time)
Setting up auxiliary I and S matrices: done in 4.00543e-05 secs using 77.39% CPU
Computing RapidNJ tree took 0.000175 sec (of wall-clock time) 0.000099 sec (of CPU time)
Log-likelihood of RapidNJ tree: -8309.716
--------------------------------------------------------------------
|             INITIALIZING CANDIDATE TREE SET                      |
--------------------------------------------------------------------
Generating 98 parsimony trees... 0.149 second
Computing log-likelihood of 98 initial trees ... 0.226 seconds
Current best score: -7974.514

Do NNI search on 20 best initial trees
Estimate model parameters (epsilon = 0.100)
Initial log-likelihood: -7951.781
Current log-likelihood at step 1: -7951.563
Current log-likelihood at step 2: -7951.552
Parameters optimization took 1 rounds (0.008 sec)

BETTER TREE FOUND at iteration 1: -7951.552
Iteration 10 / LogL: -7952.360 / Time: 0h:3m:39s
Iteration 20 / LogL: -7951.784 / Time: 0h:3m:39s
Finish initializing candidate tree set (1)
Current best tree score: -7951.552 / CPU time: 1.233
Number of iterations: 20
--------------------------------------------------------------------
|               OPTIMIZING CANDIDATE TREE SET                      |
--------------------------------------------------------------------
Iteration 30 / LogL: -7951.620 / Time: 0h:3m:40s (0h:0m:4s left)
Iteration 40 / LogL: -7951.650 / Time: 0h:3m:40s (0h:0m:3s left)
Iteration 50 / LogL: -7951.767 / Time: 0h:3m:40s (0h:0m:2s left)
Iteration 60 / LogL: -7952.086 / Time: 0h:3m:41s (0h:0m:1s left)
Iteration 70 / LogL: -7951.566 / Time: 0h:3m:41s (0h:0m:1s left)
Iteration 80 / LogL: -7951.582 / Time: 0h:3m:41s (0h:0m:0s left)
Iteration 90 / LogL: -7951.674 / Time: 0h:3m:42s (0h:0m:0s left)
Iteration 100 / LogL: -7951.762 / Time: 0h:3m:42s (0h:0m:0s left)
TREE SEARCH COMPLETED AFTER 102 ITERATIONS / Time: 0h:3m:42s

--------------------------------------------------------------------
|                    FINALIZING TREE SEARCH                        |
--------------------------------------------------------------------
Performs final model parameters optimization
Estimate model parameters (epsilon = 0.010)
Initial log-likelihood: -7951.552
Current log-likelihood at step 1: -7951.549
Partition-specific rates:  1.461 0.539
Parameters optimization took 0 rounds (0.004 sec)

Partition information was printed to partition_file.nex.best_model.nex
BEST SCORE FOUND : -7951.549
Total tree length: 13.568

Total number of iterations: 102
CPU time used for tree search: 4.116 sec (0h:0m:4s)
Wall-clock time used for tree search: 3.987 sec (0h:0m:3s)
Total CPU time used: 228.962 sec (0h:3m:48s)
Total wall-clock time used: 222.726 sec (0h:3m:42s)

===> START BOOTSTRAP REPLICATE NUMBER 48

Creating bootstrap alignment (seed: 665314)...

Create initial parsimony tree by phylogenetic likelihood library (PLL)... 0.002 seconds
Reading model parameters from file /Users/mful870/Desktop/MD_3di_Dev_02Oct24/Scriptorum/SubstitutionMatrix/3di_substmat
WARNING: Normalizing state frequencies so that sum of them equals to 1

NOTE: 0 MB RAM (0 GB) is required!
Estimate model parameters (epsilon = 0.100)
Initial log-likelihood: -9175.327
Current log-likelihood at step 1: -8042.232
Current log-likelihood at step 2: -7943.339
Current log-likelihood at step 3: -7943.323
Partition-specific rates:  1.438 0.562
Parameters optimization took 2 rounds (0.034 sec)

Wrote distance file to... 
Computing ML distances based on estimated model parameters...
Calculating distance matrix: done in 7.41482e-05 secs using 74.18% CPU
Computing ML distances took 0.000178 sec (of wall-clock time) 0.000100 sec (of CPU time)
Setting up auxiliary I and S matrices: done in 3.09944e-05 secs using 77.43% CPU
Computing RapidNJ tree took 0.000148 sec (of wall-clock time) 0.000097 sec (of CPU time)
Log-likelihood of RapidNJ tree: -8233.419
--------------------------------------------------------------------
|             INITIALIZING CANDIDATE TREE SET                      |
--------------------------------------------------------------------
Generating 98 parsimony trees... 0.154 second
Computing log-likelihood of 98 initial trees ... 0.225 seconds
Current best score: -7943.323

Do NNI search on 20 best initial trees
Estimate model parameters (epsilon = 0.100)
Initial log-likelihood: -7928.913
Current log-likelihood at step 1: -7928.881
Parameters optimization took 0 rounds (0.004 sec)

BETTER TREE FOUND at iteration 1: -7928.881
Iteration 10 / LogL: -7928.935 / Time: 0h:3m:43s
Iteration 20 / LogL: -7929.054 / Time: 0h:3m:44s
Finish initializing candidate tree set (1)
Current best tree score: -7928.881 / CPU time: 1.334
Number of iterations: 20
--------------------------------------------------------------------
|               OPTIMIZING CANDIDATE TREE SET                      |
--------------------------------------------------------------------
UPDATE BEST LOG-LIKELIHOOD: -7928.877
Iteration 30 / LogL: -7928.897 / Time: 0h:3m:44s (0h:0m:4s left)
Iteration 40 / LogL: -7928.937 / Time: 0h:3m:44s (0h:0m:3s left)
UPDATE BEST LOG-LIKELIHOOD: -7928.877
Iteration 50 / LogL: -7928.927 / Time: 0h:3m:45s (0h:0m:2s left)
UPDATE BEST LOG-LIKELIHOOD: -7928.874
Iteration 60 / LogL: -7928.890 / Time: 0h:3m:45s (0h:0m:2s left)
UPDATE BEST LOG-LIKELIHOOD: -7928.873
Iteration 70 / LogL: -7928.888 / Time: 0h:3m:46s (0h:0m:1s left)
Iteration 80 / LogL: -7928.881 / Time: 0h:3m:46s (0h:0m:0s left)
Iteration 90 / LogL: -7928.907 / Time: 0h:3m:46s (0h:0m:0s left)
Iteration 100 / LogL: -7929.010 / Time: 0h:3m:47s (0h:0m:0s left)
TREE SEARCH COMPLETED AFTER 102 ITERATIONS / Time: 0h:3m:47s

--------------------------------------------------------------------
|                    FINALIZING TREE SEARCH                        |
--------------------------------------------------------------------
Performs final model parameters optimization
Estimate model parameters (epsilon = 0.010)
Initial log-likelihood: -7928.873
Current log-likelihood at step 1: -7928.873
Partition-specific rates:  1.433 0.567
Parameters optimization took 0 rounds (0.004 sec)

Partition information was printed to partition_file.nex.best_model.nex
BEST SCORE FOUND : -7928.873
Total tree length: 14.381

Total number of iterations: 102
CPU time used for tree search: 4.583 sec (0h:0m:4s)
Wall-clock time used for tree search: 4.477 sec (0h:0m:4s)
Total CPU time used: 233.674 sec (0h:3m:53s)
Total wall-clock time used: 227.310 sec (0h:3m:47s)

===> START BOOTSTRAP REPLICATE NUMBER 49

Creating bootstrap alignment (seed: 665315)...

Create initial parsimony tree by phylogenetic likelihood library (PLL)... 0.001 seconds
Reading model parameters from file /Users/mful870/Desktop/MD_3di_Dev_02Oct24/Scriptorum/SubstitutionMatrix/3di_substmat
WARNING: Normalizing state frequencies so that sum of them equals to 1

NOTE: 0 MB RAM (0 GB) is required!
Estimate model parameters (epsilon = 0.100)
Initial log-likelihood: -9377.521
Current log-likelihood at step 1: -8320.091
Current log-likelihood at step 2: -8209.425
Current log-likelihood at step 3: -8209.356
Partition-specific rates:  1.450 0.550
Parameters optimization took 2 rounds (0.024 sec)

Wrote distance file to... 
Computing ML distances based on estimated model parameters...
Calculating distance matrix: done in 4.1008e-05 secs using 82.91% CPU
Computing ML distances took 0.000118 sec (of wall-clock time) 0.000073 sec (of CPU time)
Setting up auxiliary I and S matrices: done in 3.50475e-05 secs using 74.18% CPU
Computing RapidNJ tree took 0.000147 sec (of wall-clock time) 0.000096 sec (of CPU time)
Log-likelihood of RapidNJ tree: -8521.015
--------------------------------------------------------------------
|             INITIALIZING CANDIDATE TREE SET                      |
--------------------------------------------------------------------
Generating 98 parsimony trees... 0.178 second
Computing log-likelihood of 98 initial trees ... 0.239 seconds
Current best score: -8209.356

Do NNI search on 20 best initial trees
Estimate model parameters (epsilon = 0.100)
Initial log-likelihood: -8201.477
Current log-likelihood at step 1: -8201.419
Parameters optimization took 0 rounds (0.005 sec)

BETTER TREE FOUND at iteration 1: -8201.419
Iteration 10 / LogL: -8201.552 / Time: 0h:3m:48s
Iteration 20 / LogL: -8201.512 / Time: 0h:3m:48s
Finish initializing candidate tree set (2)
Current best tree score: -8201.419 / CPU time: 1.476
Number of iterations: 20
--------------------------------------------------------------------
|               OPTIMIZING CANDIDATE TREE SET                      |
--------------------------------------------------------------------
UPDATE BEST LOG-LIKELIHOOD: -8201.415
Iteration 30 / LogL: -8202.385 / Time: 0h:3m:49s (0h:0m:4s left)
Iteration 40 / LogL: -8202.353 / Time: 0h:3m:49s (0h:0m:3s left)
UPDATE BEST LOG-LIKELIHOOD: -8201.415
Iteration 50 / LogL: -8201.443 / Time: 0h:3m:49s (0h:0m:2s left)
UPDATE BEST LOG-LIKELIHOOD: -8201.414
Iteration 60 / LogL: -8201.417 / Time: 0h:3m:50s (0h:0m:2s left)
UPDATE BEST LOG-LIKELIHOOD: -8201.412
Iteration 70 / LogL: -8201.436 / Time: 0h:3m:50s (0h:0m:1s left)
Iteration 80 / LogL: -8201.611 / Time: 0h:3m:51s (0h:0m:1s left)
Iteration 90 / LogL: -8201.422 / Time: 0h:3m:51s (0h:0m:0s left)
Iteration 100 / LogL: -8202.282 / Time: 0h:3m:52s (0h:0m:0s left)
TREE SEARCH COMPLETED AFTER 102 ITERATIONS / Time: 0h:3m:52s

--------------------------------------------------------------------
|                    FINALIZING TREE SEARCH                        |
--------------------------------------------------------------------
Performs final model parameters optimization
Estimate model parameters (epsilon = 0.010)
Initial log-likelihood: -8201.412
Current log-likelihood at step 1: -8201.411
Partition-specific rates:  1.455 0.545
Parameters optimization took 0 rounds (0.004 sec)

Partition information was printed to partition_file.nex.best_model.nex
BEST SCORE FOUND : -8201.411
Total tree length: 13.706

Total number of iterations: 102
CPU time used for tree search: 4.991 sec (0h:0m:4s)
Wall-clock time used for tree search: 4.879 sec (0h:0m:4s)
Total CPU time used: 238.767 sec (0h:3m:58s)
Total wall-clock time used: 232.272 sec (0h:3m:52s)

===> START BOOTSTRAP REPLICATE NUMBER 50

Creating bootstrap alignment (seed: 665316)...

Create initial parsimony tree by phylogenetic likelihood library (PLL)... 0.001 seconds
Reading model parameters from file /Users/mful870/Desktop/MD_3di_Dev_02Oct24/Scriptorum/SubstitutionMatrix/3di_substmat
WARNING: Normalizing state frequencies so that sum of them equals to 1

NOTE: 0 MB RAM (0 GB) is required!
Estimate model parameters (epsilon = 0.100)
Initial log-likelihood: -9205.989
Current log-likelihood at step 1: -8212.592
Current log-likelihood at step 2: -8109.282
Current log-likelihood at step 3: -8109.186
Partition-specific rates:  1.436 0.564
Parameters optimization took 2 rounds (0.024 sec)

Wrote distance file to... 
Computing ML distances based on estimated model parameters...
Calculating distance matrix: done in 4.41074e-05 secs using 81.62% CPU
Computing ML distances took 0.000121 sec (of wall-clock time) 0.000070 sec (of CPU time)
Setting up auxiliary I and S matrices: done in 3.91006e-05 secs using 79.28% CPU
Computing RapidNJ tree took 0.000158 sec (of wall-clock time) 0.000098 sec (of CPU time)
Log-likelihood of RapidNJ tree: -8544.269
--------------------------------------------------------------------
|             INITIALIZING CANDIDATE TREE SET                      |
--------------------------------------------------------------------
Generating 98 parsimony trees... 0.140 second
Computing log-likelihood of 97 initial trees ... 0.229 seconds
Current best score: -8109.186

Do NNI search on 20 best initial trees
Estimate model parameters (epsilon = 0.100)
Initial log-likelihood: -8106.939
Current log-likelihood at step 1: -8106.774
Current log-likelihood at step 2: -8106.766
Parameters optimization took 1 rounds (0.011 sec)

BETTER TREE FOUND at iteration 1: -8106.766
Iteration 10 / LogL: -8108.059 / Time: 0h:3m:53s
Iteration 20 / LogL: -8108.248 / Time: 0h:3m:53s
Finish initializing candidate tree set (1)
Current best tree score: -8106.766 / CPU time: 1.015
Number of iterations: 20
--------------------------------------------------------------------
|               OPTIMIZING CANDIDATE TREE SET                      |
--------------------------------------------------------------------
Iteration 30 / LogL: -8106.922 / Time: 0h:3m:53s (0h:0m:3s left)
UPDATE BEST LOG-LIKELIHOOD: -8106.763
Iteration 40 / LogL: -8106.836 / Time: 0h:3m:54s (0h:0m:2s left)
UPDATE BEST LOG-LIKELIHOOD: -8106.763
Iteration 50 / LogL: -8106.905 / Time: 0h:3m:54s (0h:0m:2s left)
Iteration 60 / LogL: -8107.615 / Time: 0h:3m:54s (0h:0m:1s left)
Iteration 70 / LogL: -8107.979 / Time: 0h:3m:55s (0h:0m:1s left)
Iteration 80 / LogL: -8106.867 / Time: 0h:3m:55s (0h:0m:0s left)
Iteration 90 / LogL: -8108.162 / Time: 0h:3m:56s (0h:0m:0s left)
Iteration 100 / LogL: -8107.935 / Time: 0h:3m:56s (0h:0m:0s left)
TREE SEARCH COMPLETED AFTER 102 ITERATIONS / Time: 0h:3m:56s

--------------------------------------------------------------------
|                    FINALIZING TREE SEARCH                        |
--------------------------------------------------------------------
Performs final model parameters optimization
Estimate model parameters (epsilon = 0.010)
Initial log-likelihood: -8106.763
Current log-likelihood at step 1: -8106.762
Partition-specific rates:  1.436 0.564
Parameters optimization took 0 rounds (0.004 sec)

Partition information was printed to partition_file.nex.best_model.nex
BEST SCORE FOUND : -8106.762
Total tree length: 13.382

Total number of iterations: 102
CPU time used for tree search: 4.304 sec (0h:0m:4s)
Wall-clock time used for tree search: 4.192 sec (0h:0m:4s)
Total CPU time used: 243.192 sec (0h:4m:3s)
Total wall-clock time used: 236.562 sec (0h:3m:56s)

===> START BOOTSTRAP REPLICATE NUMBER 51

Creating bootstrap alignment (seed: 665317)...

Create initial parsimony tree by phylogenetic likelihood library (PLL)... 0.001 seconds
Reading model parameters from file /Users/mful870/Desktop/MD_3di_Dev_02Oct24/Scriptorum/SubstitutionMatrix/3di_substmat
WARNING: Normalizing state frequencies so that sum of them equals to 1

NOTE: 0 MB RAM (0 GB) is required!
Estimate model parameters (epsilon = 0.100)
Initial log-likelihood: -8796.257
Current log-likelihood at step 1: -7776.490
Current log-likelihood at step 2: -7641.216
Current log-likelihood at step 3: -7641.147
Partition-specific rates:  1.500 0.500
Parameters optimization took 2 rounds (0.024 sec)

Wrote distance file to... 
Computing ML distances based on estimated model parameters...
Calculating distance matrix: done in 3.69549e-05 secs using 83.89% CPU
Computing ML distances took 0.000088 sec (of wall-clock time) 0.000059 sec (of CPU time)
Setting up auxiliary I and S matrices: done in 3.91006e-05 secs using 79.28% CPU
Computing RapidNJ tree took 0.000145 sec (of wall-clock time) 0.000091 sec (of CPU time)
Log-likelihood of RapidNJ tree: -7976.819
--------------------------------------------------------------------
|             INITIALIZING CANDIDATE TREE SET                      |
--------------------------------------------------------------------
Generating 98 parsimony trees... 0.159 second
Computing log-likelihood of 97 initial trees ... 0.249 seconds
Current best score: -7641.147

Do NNI search on 20 best initial trees
Estimate model parameters (epsilon = 0.100)
Initial log-likelihood: -7635.410
Current log-likelihood at step 1: -7635.343
Parameters optimization took 0 rounds (0.004 sec)

BETTER TREE FOUND at iteration 1: -7635.343
Iteration 10 / LogL: -7637.117 / Time: 0h:3m:57s
Iteration 20 / LogL: -7639.151 / Time: 0h:3m:57s
Finish initializing candidate tree set (3)
Current best tree score: -7635.343 / CPU time: 1.283
Number of iterations: 20
--------------------------------------------------------------------
|               OPTIMIZING CANDIDATE TREE SET                      |
--------------------------------------------------------------------
Estimate model parameters (epsilon = 0.100)
Initial log-likelihood: -7635.320
Current log-likelihood at step 1: -7635.302
Parameters optimization took 0 rounds (0.004 sec)

UPDATE BEST LOG-LIKELIHOOD: -7635.302
Iteration 30 / LogL: -7637.022 / Time: 0h:3m:58s (0h:0m:4s left)
Iteration 40 / LogL: -7636.602 / Time: 0h:3m:58s (0h:0m:3s left)
Iteration 50 / LogL: -7635.427 / Time: 0h:3m:59s (0h:0m:2s left)
Iteration 60 / LogL: -7636.609 / Time: 0h:3m:59s (0h:0m:1s left)
Iteration 70 / LogL: -7635.478 / Time: 0h:3m:59s (0h:0m:1s left)
Iteration 80 / LogL: -7636.607 / Time: 0h:4m:0s (0h:0m:0s left)
Iteration 90 / LogL: -7636.639 / Time: 0h:4m:0s (0h:0m:0s left)
Iteration 100 / LogL: -7637.115 / Time: 0h:4m:0s (0h:0m:0s left)
TREE SEARCH COMPLETED AFTER 102 ITERATIONS / Time: 0h:4m:0s

--------------------------------------------------------------------
|                    FINALIZING TREE SEARCH                        |
--------------------------------------------------------------------
Performs final model parameters optimization
Estimate model parameters (epsilon = 0.010)
Initial log-likelihood: -7635.302
Current log-likelihood at step 1: -7635.296
Partition-specific rates:  1.498 0.502
Parameters optimization took 0 rounds (0.004 sec)

Partition information was printed to partition_file.nex.best_model.nex
BEST SCORE FOUND : -7635.296
Total tree length: 14.351

Total number of iterations: 102
CPU time used for tree search: 4.350 sec (0h:0m:4s)
Wall-clock time used for tree search: 4.243 sec (0h:0m:4s)
Total CPU time used: 247.653 sec (0h:4m:7s)
Total wall-clock time used: 240.895 sec (0h:4m:0s)

===> START BOOTSTRAP REPLICATE NUMBER 52

Creating bootstrap alignment (seed: 665318)...

Create initial parsimony tree by phylogenetic likelihood library (PLL)... 0.002 seconds
Reading model parameters from file /Users/mful870/Desktop/MD_3di_Dev_02Oct24/Scriptorum/SubstitutionMatrix/3di_substmat
WARNING: Normalizing state frequencies so that sum of them equals to 1

NOTE: 0 MB RAM (0 GB) is required!
Estimate model parameters (epsilon = 0.100)
Initial log-likelihood: -9494.078
Current log-likelihood at step 1: -8397.129
Current log-likelihood at step 2: -8287.401
Current log-likelihood at step 3: -8287.324
Partition-specific rates:  1.442 0.558
Parameters optimization took 2 rounds (0.024 sec)

Wrote distance file to... 
Computing ML distances based on estimated model parameters...
Calculating distance matrix: done in 3.48091e-05 secs using 86.18% CPU
Computing ML distances took 0.000078 sec (of wall-clock time) 0.000058 sec (of CPU time)
Setting up auxiliary I and S matrices: done in 3.79086e-05 secs using 79.14% CPU
Computing RapidNJ tree took 0.000148 sec (of wall-clock time) 0.000094 sec (of CPU time)
Log-likelihood of RapidNJ tree: -8650.015
--------------------------------------------------------------------
|             INITIALIZING CANDIDATE TREE SET                      |
--------------------------------------------------------------------
Generating 98 parsimony trees... 0.160 second
Computing log-likelihood of 96 initial trees ... 0.229 seconds
Current best score: -8287.324

Do NNI search on 20 best initial trees
Estimate model parameters (epsilon = 0.100)
Initial log-likelihood: -8279.119
Current log-likelihood at step 1: -8279.102
Parameters optimization took 0 rounds (0.004 sec)

BETTER TREE FOUND at iteration 1: -8279.102
Estimate model parameters (epsilon = 0.100)
Initial log-likelihood: -8277.725
Current log-likelihood at step 1: -8277.393
Current log-likelihood at step 2: -8277.380
Parameters optimization took 1 rounds (0.010 sec)

BETTER TREE FOUND at iteration 2: -8277.380
Iteration 10 / LogL: -8277.457 / Time: 0h:4m:1s
Iteration 20 / LogL: -8279.173 / Time: 0h:4m:2s
Finish initializing candidate tree set (2)
Current best tree score: -8277.380 / CPU time: 1.500
Number of iterations: 20
--------------------------------------------------------------------
|               OPTIMIZING CANDIDATE TREE SET                      |
--------------------------------------------------------------------
UPDATE BEST LOG-LIKELIHOOD: -8277.378
UPDATE BEST LOG-LIKELIHOOD: -8277.377
Iteration 30 / LogL: -8277.377 / Time: 0h:4m:2s (0h:0m:4s left)
Iteration 40 / LogL: -8279.114 / Time: 0h:4m:3s (0h:0m:3s left)
Iteration 50 / LogL: -8277.403 / Time: 0h:4m:3s (0h:0m:2s left)
Iteration 60 / LogL: -8277.551 / Time: 0h:4m:4s (0h:0m:2s left)
Iteration 70 / LogL: -8277.484 / Time: 0h:4m:4s (0h:0m:1s left)
Iteration 80 / LogL: -8277.492 / Time: 0h:4m:4s (0h:0m:1s left)
Iteration 90 / LogL: -8279.156 / Time: 0h:4m:5s (0h:0m:0s left)
Iteration 100 / LogL: -8277.434 / Time: 0h:4m:5s (0h:0m:0s left)
TREE SEARCH COMPLETED AFTER 103 ITERATIONS / Time: 0h:4m:5s

--------------------------------------------------------------------
|                    FINALIZING TREE SEARCH                        |
--------------------------------------------------------------------
Performs final model parameters optimization
Estimate model parameters (epsilon = 0.010)
Initial log-likelihood: -8277.377
Current log-likelihood at step 1: -8277.376
Partition-specific rates:  1.444 0.556
Parameters optimization took 0 rounds (0.004 sec)

Partition information was printed to partition_file.nex.best_model.nex
BEST SCORE FOUND : -8277.376
Total tree length: 14.445

Total number of iterations: 103
CPU time used for tree search: 4.857 sec (0h:0m:4s)
Wall-clock time used for tree search: 4.750 sec (0h:0m:4s)
Total CPU time used: 252.605 sec (0h:4m:12s)
Total wall-clock time used: 245.725 sec (0h:4m:5s)

===> START BOOTSTRAP REPLICATE NUMBER 53

Creating bootstrap alignment (seed: 665319)...

Create initial parsimony tree by phylogenetic likelihood library (PLL)... 0.001 seconds
Reading model parameters from file /Users/mful870/Desktop/MD_3di_Dev_02Oct24/Scriptorum/SubstitutionMatrix/3di_substmat
WARNING: Normalizing state frequencies so that sum of them equals to 1

NOTE: 0 MB RAM (0 GB) is required!
Estimate model parameters (epsilon = 0.100)
Initial log-likelihood: -9342.467
Current log-likelihood at step 1: -8272.149
Current log-likelihood at step 2: -8175.845
Current log-likelihood at step 3: -8175.832
Partition-specific rates:  1.394 0.606
Parameters optimization took 2 rounds (0.023 sec)

Wrote distance file to... 
Computing ML distances based on estimated model parameters...
Calculating distance matrix: done in 5.19753e-05 secs using 86.58% CPU
Computing ML distances took 0.000112 sec (of wall-clock time) 0.000082 sec (of CPU time)
Setting up auxiliary I and S matrices: done in 3.60012e-05 secs using 77.78% CPU
Computing RapidNJ tree took 0.000153 sec (of wall-clock time) 0.000092 sec (of CPU time)
Log-likelihood of RapidNJ tree: -8575.051
--------------------------------------------------------------------
|             INITIALIZING CANDIDATE TREE SET                      |
--------------------------------------------------------------------
Generating 98 parsimony trees... 0.168 second
Computing log-likelihood of 98 initial trees ... 0.221 seconds
Current best score: -8175.832

Do NNI search on 20 best initial trees
Estimate model parameters (epsilon = 0.100)
Initial log-likelihood: -8167.669
Current log-likelihood at step 1: -8167.519
Current log-likelihood at step 2: -8167.516
Parameters optimization took 1 rounds (0.009 sec)

BETTER TREE FOUND at iteration 1: -8167.516
Iteration 10 / LogL: -8171.584 / Time: 0h:4m:6s
Iteration 20 / LogL: -8168.166 / Time: 0h:4m:6s
Finish initializing candidate tree set (1)
Current best tree score: -8167.516 / CPU time: 1.150
Number of iterations: 20
--------------------------------------------------------------------
|               OPTIMIZING CANDIDATE TREE SET                      |
--------------------------------------------------------------------
Iteration 30 / LogL: -8167.698 / Time: 0h:4m:7s (0h:0m:3s left)
Iteration 40 / LogL: -8167.595 / Time: 0h:4m:7s (0h:0m:2s left)
Iteration 50 / LogL: -8167.560 / Time: 0h:4m:7s (0h:0m:2s left)
Iteration 60 / LogL: -8183.467 / Time: 0h:4m:8s (0h:0m:1s left)
Iteration 70 / LogL: -8183.860 / Time: 0h:4m:8s (0h:0m:1s left)
Iteration 80 / LogL: -8183.046 / Time: 0h:4m:8s (0h:0m:0s left)
Iteration 90 / LogL: -8167.694 / Time: 0h:4m:9s (0h:0m:0s left)
Iteration 100 / LogL: -8167.615 / Time: 0h:4m:9s (0h:0m:0s left)
TREE SEARCH COMPLETED AFTER 102 ITERATIONS / Time: 0h:4m:9s

--------------------------------------------------------------------
|                    FINALIZING TREE SEARCH                        |
--------------------------------------------------------------------
Performs final model parameters optimization
Estimate model parameters (epsilon = 0.010)
Initial log-likelihood: -8167.516
Current log-likelihood at step 1: -8167.516
Partition-specific rates:  1.393 0.607
Parameters optimization took 0 rounds (0.004 sec)

Partition information was printed to partition_file.nex.best_model.nex
BEST SCORE FOUND : -8167.516
Total tree length: 13.946

Total number of iterations: 102
CPU time used for tree search: 4.027 sec (0h:0m:4s)
Wall-clock time used for tree search: 3.882 sec (0h:0m:3s)
Total CPU time used: 256.705 sec (0h:4m:16s)
Total wall-clock time used: 249.675 sec (0h:4m:9s)

===> START BOOTSTRAP REPLICATE NUMBER 54

Creating bootstrap alignment (seed: 665320)...

Create initial parsimony tree by phylogenetic likelihood library (PLL)... 0.001 seconds
Reading model parameters from file /Users/mful870/Desktop/MD_3di_Dev_02Oct24/Scriptorum/SubstitutionMatrix/3di_substmat
WARNING: Normalizing state frequencies so that sum of them equals to 1

NOTE: 0 MB RAM (0 GB) is required!
Estimate model parameters (epsilon = 0.100)
Initial log-likelihood: -9152.477
Current log-likelihood at step 1: -8090.924
Current log-likelihood at step 2: -7988.115
Current log-likelihood at step 3: -7987.828
Current log-likelihood at step 4: -7987.809
Partition-specific rates:  1.441 0.559
Parameters optimization took 3 rounds (0.031 sec)

Wrote distance file to... 
Computing ML distances based on estimated model parameters...
Calculating distance matrix: done in 3.60012e-05 secs using 86.11% CPU
Computing ML distances took 0.000081 sec (of wall-clock time) 0.000057 sec (of CPU time)
Setting up auxiliary I and S matrices: done in 3.00407e-05 secs using 76.56% CPU
Computing RapidNJ tree took 0.000120 sec (of wall-clock time) 0.000080 sec (of CPU time)
Log-likelihood of RapidNJ tree: -8296.212
--------------------------------------------------------------------
|             INITIALIZING CANDIDATE TREE SET                      |
--------------------------------------------------------------------
Generating 98 parsimony trees... 0.145 second
Computing log-likelihood of 95 initial trees ... 0.229 seconds
Current best score: -7987.809

Do NNI search on 20 best initial trees
Estimate model parameters (epsilon = 0.100)
Initial log-likelihood: -7969.887
Current log-likelihood at step 1: -7969.830
Parameters optimization took 0 rounds (0.004 sec)

BETTER TREE FOUND at iteration 1: -7969.830
Iteration 10 / LogL: -7970.084 / Time: 0h:4m:10s
Iteration 20 / LogL: -7970.171 / Time: 0h:4m:11s
Finish initializing candidate tree set (1)
Current best tree score: -7969.830 / CPU time: 1.270
Number of iterations: 20
--------------------------------------------------------------------
|               OPTIMIZING CANDIDATE TREE SET                      |
--------------------------------------------------------------------
UPDATE BEST LOG-LIKELIHOOD: -7969.828
Iteration 30 / LogL: -7970.195 / Time: 0h:4m:11s (0h:0m:4s left)
Iteration 40 / LogL: -7970.362 / Time: 0h:4m:11s (0h:0m:3s left)
Iteration 50 / LogL: -7970.162 / Time: 0h:4m:11s (0h:0m:2s left)
Iteration 60 / LogL: -7969.981 / Time: 0h:4m:12s (0h:0m:1s left)
Estimate model parameters (epsilon = 0.100)
Initial log-likelihood: -7969.811
Current log-likelihood at step 1: -7969.809
Parameters optimization took 0 rounds (0.005 sec)

UPDATE BEST LOG-LIKELIHOOD: -7969.809
Iteration 70 / LogL: -7970.045 / Time: 0h:4m:12s (0h:0m:1s left)
Iteration 80 / LogL: -7969.904 / Time: 0h:4m:12s (0h:0m:0s left)
Iteration 90 / LogL: -7970.515 / Time: 0h:4m:13s (0h:0m:0s left)
UPDATE BEST LOG-LIKELIHOOD: -7969.809
Iteration 100 / LogL: -7969.873 / Time: 0h:4m:13s (0h:0m:0s left)
TREE SEARCH COMPLETED AFTER 102 ITERATIONS / Time: 0h:4m:13s

--------------------------------------------------------------------
|                    FINALIZING TREE SEARCH                        |
--------------------------------------------------------------------
Performs final model parameters optimization
Estimate model parameters (epsilon = 0.010)
Initial log-likelihood: -7969.809
Current log-likelihood at step 1: -7969.809
Partition-specific rates:  1.439 0.561
Parameters optimization took 0 rounds (0.004 sec)

Partition information was printed to partition_file.nex.best_model.nex
BEST SCORE FOUND : -7969.809
Total tree length: 13.858

Total number of iterations: 102
CPU time used for tree search: 3.873 sec (0h:0m:3s)
Wall-clock time used for tree search: 3.763 sec (0h:0m:3s)
Total CPU time used: 260.687 sec (0h:4m:20s)
Total wall-clock time used: 253.528 sec (0h:4m:13s)

===> START BOOTSTRAP REPLICATE NUMBER 55

Creating bootstrap alignment (seed: 665321)...

Create initial parsimony tree by phylogenetic likelihood library (PLL)... 0.001 seconds
Reading model parameters from file /Users/mful870/Desktop/MD_3di_Dev_02Oct24/Scriptorum/SubstitutionMatrix/3di_substmat
WARNING: Normalizing state frequencies so that sum of them equals to 1

NOTE: 0 MB RAM (0 GB) is required!
Estimate model parameters (epsilon = 0.100)
Initial log-likelihood: -9250.743
Current log-likelihood at step 1: -8282.559
Current log-likelihood at step 2: -8138.596
Current log-likelihood at step 3: -8138.521
Partition-specific rates:  1.493 0.507
Parameters optimization took 2 rounds (0.025 sec)

Wrote distance file to... 
Computing ML distances based on estimated model parameters...
Calculating distance matrix: done in 3.60012e-05 secs using 86.11% CPU
Computing ML distances took 0.000085 sec (of wall-clock time) 0.000057 sec (of CPU time)
Setting up auxiliary I and S matrices: done in 4.00543e-05 secs using 84.88% CPU
Computing RapidNJ tree took 0.000136 sec (of wall-clock time) 0.000088 sec (of CPU time)
Log-likelihood of RapidNJ tree: -8486.623
--------------------------------------------------------------------
|             INITIALIZING CANDIDATE TREE SET                      |
--------------------------------------------------------------------
Generating 98 parsimony trees... 0.167 second
Computing log-likelihood of 96 initial trees ... 0.240 seconds
Current best score: -8138.521

Do NNI search on 20 best initial trees
Estimate model parameters (epsilon = 0.100)
Initial log-likelihood: -8126.454
Current log-likelihood at step 1: -8126.376
Parameters optimization took 0 rounds (0.004 sec)

BETTER TREE FOUND at iteration 1: -8126.376
UPDATE BEST LOG-LIKELIHOOD: -8126.376
Iteration 10 / LogL: -8126.438 / Time: 0h:4m:14s
Iteration 20 / LogL: -8126.655 / Time: 0h:4m:14s
Finish initializing candidate tree set (1)
Current best tree score: -8126.376 / CPU time: 1.322
Number of iterations: 20
--------------------------------------------------------------------
|               OPTIMIZING CANDIDATE TREE SET                      |
--------------------------------------------------------------------
UPDATE BEST LOG-LIKELIHOOD: -8126.375
UPDATE BEST LOG-LIKELIHOOD: -8126.370
Iteration 30 / LogL: -8126.534 / Time: 0h:4m:15s (0h:0m:4s left)
Iteration 40 / LogL: -8126.371 / Time: 0h:4m:15s (0h:0m:3s left)
Iteration 50 / LogL: -8126.425 / Time: 0h:4m:16s (0h:0m:2s left)
UPDATE BEST LOG-LIKELIHOOD: -8126.370
Iteration 60 / LogL: -8126.446 / Time: 0h:4m:16s (0h:0m:1s left)
Iteration 70 / LogL: -8126.374 / Time: 0h:4m:16s (0h:0m:1s left)
Iteration 80 / LogL: -8126.379 / Time: 0h:4m:17s (0h:0m:0s left)
Iteration 90 / LogL: -8126.429 / Time: 0h:4m:17s (0h:0m:0s left)
UPDATE BEST LOG-LIKELIHOOD: -8126.369
Iteration 100 / LogL: -8126.420 / Time: 0h:4m:18s (0h:0m:0s left)
TREE SEARCH COMPLETED AFTER 102 ITERATIONS / Time: 0h:4m:18s

--------------------------------------------------------------------
|                    FINALIZING TREE SEARCH                        |
--------------------------------------------------------------------
Performs final model parameters optimization
Estimate model parameters (epsilon = 0.010)
Initial log-likelihood: -8126.369
Current log-likelihood at step 1: -8126.369
Partition-specific rates:  1.501 0.499
Parameters optimization took 0 rounds (0.004 sec)

Partition information was printed to partition_file.nex.best_model.nex
BEST SCORE FOUND : -8126.369
Total tree length: 13.463

Total number of iterations: 102
CPU time used for tree search: 4.700 sec (0h:0m:4s)
Wall-clock time used for tree search: 4.580 sec (0h:0m:4s)
Total CPU time used: 265.473 sec (0h:4m:25s)
Total wall-clock time used: 258.186 sec (0h:4m:18s)

===> START BOOTSTRAP REPLICATE NUMBER 56

Creating bootstrap alignment (seed: 665322)...

Create initial parsimony tree by phylogenetic likelihood library (PLL)... 0.001 seconds
Reading model parameters from file /Users/mful870/Desktop/MD_3di_Dev_02Oct24/Scriptorum/SubstitutionMatrix/3di_substmat
WARNING: Normalizing state frequencies so that sum of them equals to 1

NOTE: 0 MB RAM (0 GB) is required!
Estimate model parameters (epsilon = 0.100)
Initial log-likelihood: -8745.697
Current log-likelihood at step 1: -7756.245
Current log-likelihood at step 2: -7665.779
Current log-likelihood at step 3: -7665.717
Partition-specific rates:  1.432 0.568
Parameters optimization took 2 rounds (0.031 sec)

Wrote distance file to... 
Computing ML distances based on estimated model parameters...
Calculating distance matrix: done in 4.1008e-05 secs using 82.91% CPU
Computing ML distances took 0.000195 sec (of wall-clock time) 0.000085 sec (of CPU time)
Setting up auxiliary I and S matrices: done in 4.69685e-05 secs using 68.13% CPU
Computing RapidNJ tree took 0.000183 sec (of wall-clock time) 0.000111 sec (of CPU time)
Log-likelihood of RapidNJ tree: -8010.845
--------------------------------------------------------------------
|             INITIALIZING CANDIDATE TREE SET                      |
--------------------------------------------------------------------
Generating 98 parsimony trees... 0.141 second
Computing log-likelihood of 98 initial trees ... 0.219 seconds
Current best score: -7665.717

Do NNI search on 20 best initial trees
Estimate model parameters (epsilon = 0.100)
Initial log-likelihood: -7657.977
Current log-likelihood at step 1: -7657.902
Parameters optimization took 0 rounds (0.004 sec)

BETTER TREE FOUND at iteration 1: -7657.902
Iteration 10 / LogL: -7658.095 / Time: 0h:4m:19s
Iteration 20 / LogL: -7658.289 / Time: 0h:4m:19s
Finish initializing candidate tree set (3)
Current best tree score: -7657.902 / CPU time: 1.160
Number of iterations: 20
--------------------------------------------------------------------
|               OPTIMIZING CANDIDATE TREE SET                      |
--------------------------------------------------------------------
UPDATE BEST LOG-LIKELIHOOD: -7657.898
Iteration 30 / LogL: -7658.290 / Time: 0h:4m:19s (0h:0m:3s left)
UPDATE BEST LOG-LIKELIHOOD: -7657.896
Iteration 40 / LogL: -7658.521 / Time: 0h:4m:20s (0h:0m:3s left)
Iteration 50 / LogL: -7658.093 / Time: 0h:4m:20s (0h:0m:2s left)
Iteration 60 / LogL: -7657.913 / Time: 0h:4m:21s (0h:0m:1s left)
Iteration 70 / LogL: -7657.974 / Time: 0h:4m:21s (0h:0m:1s left)
Estimate model parameters (epsilon = 0.100)
Initial log-likelihood: -7657.869
Current log-likelihood at step 1: -7657.862
Parameters optimization took 0 rounds (0.004 sec)

UPDATE BEST LOG-LIKELIHOOD: -7657.862
Iteration 80 / LogL: -7662.216 / Time: 0h:4m:21s (0h:0m:0s left)
Iteration 90 / LogL: -7658.095 / Time: 0h:4m:22s (0h:0m:0s left)
Iteration 100 / LogL: -7658.139 / Time: 0h:4m:22s (0h:0m:0s left)
TREE SEARCH COMPLETED AFTER 102 ITERATIONS / Time: 0h:4m:22s

--------------------------------------------------------------------
|                    FINALIZING TREE SEARCH                        |
--------------------------------------------------------------------
Performs final model parameters optimization
Estimate model parameters (epsilon = 0.010)
Initial log-likelihood: -7657.862
Current log-likelihood at step 1: -7657.861
Partition-specific rates:  1.432 0.568
Parameters optimization took 0 rounds (0.005 sec)

Partition information was printed to partition_file.nex.best_model.nex
BEST SCORE FOUND : -7657.861
Total tree length: 13.353

Total number of iterations: 102
CPU time used for tree search: 4.394 sec (0h:0m:4s)
Wall-clock time used for tree search: 4.294 sec (0h:0m:4s)
Total CPU time used: 269.985 sec (0h:4m:29s)
Total wall-clock time used: 262.585 sec (0h:4m:22s)

===> START BOOTSTRAP REPLICATE NUMBER 57

Creating bootstrap alignment (seed: 665323)...

Create initial parsimony tree by phylogenetic likelihood library (PLL)... 0.002 seconds
Reading model parameters from file /Users/mful870/Desktop/MD_3di_Dev_02Oct24/Scriptorum/SubstitutionMatrix/3di_substmat
WARNING: Normalizing state frequencies so that sum of them equals to 1

NOTE: 0 MB RAM (0 GB) is required!
Estimate model parameters (epsilon = 0.100)
Initial log-likelihood: -9457.018
Current log-likelihood at step 1: -8397.281
Current log-likelihood at step 2: -8254.216
Current log-likelihood at step 3: -8254.102
Current log-likelihood at step 4: -8254.097
Partition-specific rates:  1.508 0.492
Parameters optimization took 3 rounds (0.028 sec)

Wrote distance file to... 
Computing ML distances based on estimated model parameters...
Calculating distance matrix: done in 3.60012e-05 secs using 86.11% CPU
Computing ML distances took 0.000088 sec (of wall-clock time) 0.000057 sec (of CPU time)
Setting up auxiliary I and S matrices: done in 3.00407e-05 secs using 76.56% CPU
Computing RapidNJ tree took 0.000132 sec (of wall-clock time) 0.000084 sec (of CPU time)
Log-likelihood of RapidNJ tree: -8566.769
--------------------------------------------------------------------
|             INITIALIZING CANDIDATE TREE SET                      |
--------------------------------------------------------------------
Generating 98 parsimony trees... 0.175 second
Computing log-likelihood of 98 initial trees ... 0.220 seconds
Current best score: -8254.097

Do NNI search on 20 best initial trees
Estimate model parameters (epsilon = 0.100)
Initial log-likelihood: -8236.966
Current log-likelihood at step 1: -8236.816
Current log-likelihood at step 2: -8236.813
Parameters optimization took 1 rounds (0.010 sec)

BETTER TREE FOUND at iteration 1: -8236.813
Iteration 10 / LogL: -8242.816 / Time: 0h:4m:23s
Iteration 20 / LogL: -8236.966 / Time: 0h:4m:23s
Finish initializing candidate tree set (2)
Current best tree score: -8236.813 / CPU time: 1.252
Number of iterations: 20
--------------------------------------------------------------------
|               OPTIMIZING CANDIDATE TREE SET                      |
--------------------------------------------------------------------
Iteration 30 / LogL: -8237.393 / Time: 0h:4m:24s (0h:0m:4s left)
Iteration 40 / LogL: -8236.840 / Time: 0h:4m:24s (0h:0m:3s left)
Iteration 50 / LogL: -8237.088 / Time: 0h:4m:24s (0h:0m:2s left)
Iteration 60 / LogL: -8237.100 / Time: 0h:4m:25s (0h:0m:1s left)
Iteration 70 / LogL: -8236.997 / Time: 0h:4m:25s (0h:0m:1s left)
Iteration 80 / LogL: -8236.949 / Time: 0h:4m:26s (0h:0m:0s left)
Iteration 90 / LogL: -8236.996 / Time: 0h:4m:26s (0h:0m:0s left)
Iteration 100 / LogL: -8236.982 / Time: 0h:4m:26s (0h:0m:0s left)
TREE SEARCH COMPLETED AFTER 102 ITERATIONS / Time: 0h:4m:26s

--------------------------------------------------------------------
|                    FINALIZING TREE SEARCH                        |
--------------------------------------------------------------------
Performs final model parameters optimization
Estimate model parameters (epsilon = 0.010)
Initial log-likelihood: -8236.813
Current log-likelihood at step 1: -8236.812
Partition-specific rates:  1.506 0.494
Parameters optimization took 0 rounds (0.004 sec)

Partition information was printed to partition_file.nex.best_model.nex
BEST SCORE FOUND : -8236.812
Total tree length: 14.849

Total number of iterations: 102
CPU time used for tree search: 4.264 sec (0h:0m:4s)
Wall-clock time used for tree search: 4.177 sec (0h:0m:4s)
Total CPU time used: 274.332 sec (0h:4m:34s)
Total wall-clock time used: 266.845 sec (0h:4m:26s)

===> START BOOTSTRAP REPLICATE NUMBER 58

Creating bootstrap alignment (seed: 665324)...

Create initial parsimony tree by phylogenetic likelihood library (PLL)... 0.001 seconds
Reading model parameters from file /Users/mful870/Desktop/MD_3di_Dev_02Oct24/Scriptorum/SubstitutionMatrix/3di_substmat
WARNING: Normalizing state frequencies so that sum of them equals to 1

NOTE: 0 MB RAM (0 GB) is required!
Estimate model parameters (epsilon = 0.100)
Initial log-likelihood: -9482.666
Current log-likelihood at step 1: -8426.448
Current log-likelihood at step 2: -8314.830
Current log-likelihood at step 3: -8314.729
Current log-likelihood at step 4: -8314.726
Partition-specific rates:  1.454 0.546
Parameters optimization took 3 rounds (0.029 sec)

Wrote distance file to... 
Computing ML distances based on estimated model parameters...
Calculating distance matrix: done in 3.50475e-05 secs using 85.6% CPU
Computing ML distances took 0.000086 sec (of wall-clock time) 0.000056 sec (of CPU time)
Setting up auxiliary I and S matrices: done in 3.09944e-05 secs using 74.21% CPU
Computing RapidNJ tree took 0.000162 sec (of wall-clock time) 0.000092 sec (of CPU time)
Log-likelihood of RapidNJ tree: -8618.061
--------------------------------------------------------------------
|             INITIALIZING CANDIDATE TREE SET                      |
--------------------------------------------------------------------
Generating 98 parsimony trees... 0.150 second
Computing log-likelihood of 97 initial trees ... 0.226 seconds
Current best score: -8314.726

Do NNI search on 20 best initial trees
Estimate model parameters (epsilon = 0.100)
Initial log-likelihood: -8300.517
Current log-likelihood at step 1: -8300.461
Parameters optimization took 0 rounds (0.005 sec)

BETTER TREE FOUND at iteration 1: -8300.461
Iteration 10 / LogL: -8300.610 / Time: 0h:4m:27s
Iteration 20 / LogL: -8300.792 / Time: 0h:4m:28s
Finish initializing candidate tree set (1)
Current best tree score: -8300.461 / CPU time: 1.317
Number of iterations: 20
--------------------------------------------------------------------
|               OPTIMIZING CANDIDATE TREE SET                      |
--------------------------------------------------------------------
Iteration 30 / LogL: -8300.580 / Time: 0h:4m:28s (0h:0m:4s left)
Iteration 40 / LogL: -8300.496 / Time: 0h:4m:28s (0h:0m:3s left)
Iteration 50 / LogL: -8300.972 / Time: 0h:4m:29s (0h:0m:2s left)
Iteration 60 / LogL: -8300.493 / Time: 0h:4m:29s (0h:0m:1s left)
Iteration 70 / LogL: -8300.491 / Time: 0h:4m:29s (0h:0m:1s left)
Iteration 80 / LogL: -8300.926 / Time: 0h:4m:30s (0h:0m:0s left)
UPDATE BEST LOG-LIKELIHOOD: -8300.455
Iteration 90 / LogL: -8300.532 / Time: 0h:4m:30s (0h:0m:0s left)
UPDATE BEST LOG-LIKELIHOOD: -8300.454
Iteration 100 / LogL: -8300.539 / Time: 0h:4m:30s (0h:0m:0s left)
TREE SEARCH COMPLETED AFTER 102 ITERATIONS / Time: 0h:4m:30s

--------------------------------------------------------------------
|                    FINALIZING TREE SEARCH                        |
--------------------------------------------------------------------
Performs final model parameters optimization
Estimate model parameters (epsilon = 0.010)
Initial log-likelihood: -8300.454
Current log-likelihood at step 1: -8300.454
Partition-specific rates:  1.459 0.541
Parameters optimization took 0 rounds (0.006 sec)

Partition information was printed to partition_file.nex.best_model.nex
BEST SCORE FOUND : -8300.454
Total tree length: 13.746

Total number of iterations: 102
CPU time used for tree search: 4.092 sec (0h:0m:4s)
Wall-clock time used for tree search: 3.991 sec (0h:0m:3s)
Total CPU time used: 278.533 sec (0h:4m:38s)
Total wall-clock time used: 270.927 sec (0h:4m:30s)

===> START BOOTSTRAP REPLICATE NUMBER 59

Creating bootstrap alignment (seed: 665325)...

Create initial parsimony tree by phylogenetic likelihood library (PLL)... 0.001 seconds
Reading model parameters from file /Users/mful870/Desktop/MD_3di_Dev_02Oct24/Scriptorum/SubstitutionMatrix/3di_substmat
WARNING: Normalizing state frequencies so that sum of them equals to 1

NOTE: 0 MB RAM (0 GB) is required!
Estimate model parameters (epsilon = 0.100)
Initial log-likelihood: -8914.470
Current log-likelihood at step 1: -7863.039
Current log-likelihood at step 2: -7759.984
Current log-likelihood at step 3: -7759.889
Partition-specific rates:  1.448 0.552
Parameters optimization took 2 rounds (0.028 sec)

Wrote distance file to... 
Computing ML distances based on estimated model parameters...
Calculating distance matrix: done in 3.57628e-05 secs using 83.89% CPU
Computing ML distances took 0.000086 sec (of wall-clock time) 0.000056 sec (of CPU time)
Setting up auxiliary I and S matrices: done in 3.29018e-05 secs using 75.98% CPU
Computing RapidNJ tree took 0.000151 sec (of wall-clock time) 0.000099 sec (of CPU time)
Log-likelihood of RapidNJ tree: -8078.210
--------------------------------------------------------------------
|             INITIALIZING CANDIDATE TREE SET                      |
--------------------------------------------------------------------
Generating 98 parsimony trees... 0.160 second
Computing log-likelihood of 98 initial trees ... 0.234 seconds
Current best score: -7759.889

Do NNI search on 20 best initial trees
Estimate model parameters (epsilon = 0.100)
Initial log-likelihood: -7744.919
Current log-likelihood at step 1: -7744.667
Current log-likelihood at step 2: -7744.663
Parameters optimization took 1 rounds (0.010 sec)

BETTER TREE FOUND at iteration 1: -7744.663
Iteration 10 / LogL: -7744.818 / Time: 0h:4m:31s
Iteration 20 / LogL: -7744.842 / Time: 0h:4m:32s
Finish initializing candidate tree set (1)
Current best tree score: -7744.663 / CPU time: 1.249
Number of iterations: 20
--------------------------------------------------------------------
|               OPTIMIZING CANDIDATE TREE SET                      |
--------------------------------------------------------------------
Iteration 30 / LogL: -7746.154 / Time: 0h:4m:32s (0h:0m:4s left)
Iteration 40 / LogL: -7744.842 / Time: 0h:4m:32s (0h:0m:3s left)
Iteration 50 / LogL: -7744.695 / Time: 0h:4m:33s (0h:0m:2s left)
Iteration 60 / LogL: -7752.775 / Time: 0h:4m:33s (0h:0m:1s left)
Iteration 70 / LogL: -7744.907 / Time: 0h:4m:34s (0h:0m:1s left)
Iteration 80 / LogL: -7744.795 / Time: 0h:4m:34s (0h:0m:0s left)
Iteration 90 / LogL: -7745.503 / Time: 0h:4m:34s (0h:0m:0s left)
Iteration 100 / LogL: -7744.926 / Time: 0h:4m:35s (0h:0m:0s left)
TREE SEARCH COMPLETED AFTER 102 ITERATIONS / Time: 0h:4m:35s

--------------------------------------------------------------------
|                    FINALIZING TREE SEARCH                        |
--------------------------------------------------------------------
Performs final model parameters optimization
Estimate model parameters (epsilon = 0.010)
Initial log-likelihood: -7744.663
Current log-likelihood at step 1: -7744.662
Partition-specific rates:  1.435 0.565
Parameters optimization took 0 rounds (0.005 sec)

Partition information was printed to partition_file.nex.best_model.nex
BEST SCORE FOUND : -7744.662
Total tree length: 13.632

Total number of iterations: 102
CPU time used for tree search: 4.249 sec (0h:0m:4s)
Wall-clock time used for tree search: 4.115 sec (0h:0m:4s)
Total CPU time used: 282.886 sec (0h:4m:42s)
Total wall-clock time used: 275.134 sec (0h:4m:35s)

===> START BOOTSTRAP REPLICATE NUMBER 60

Creating bootstrap alignment (seed: 665326)...

Create initial parsimony tree by phylogenetic likelihood library (PLL)... 0.001 seconds
Reading model parameters from file /Users/mful870/Desktop/MD_3di_Dev_02Oct24/Scriptorum/SubstitutionMatrix/3di_substmat
WARNING: Normalizing state frequencies so that sum of them equals to 1

NOTE: 0 MB RAM (0 GB) is required!
Estimate model parameters (epsilon = 0.100)
Initial log-likelihood: -8996.886
Current log-likelihood at step 1: -7893.564
Current log-likelihood at step 2: -7788.552
Current log-likelihood at step 3: -7788.351
Current log-likelihood at step 4: -7788.338
Partition-specific rates:  1.449 0.551
Parameters optimization took 3 rounds (0.034 sec)

Wrote distance file to... 
Computing ML distances based on estimated model parameters...
Calculating distance matrix: done in 3.8147e-05 secs using 83.89% CPU
Computing ML distances took 0.000098 sec (of wall-clock time) 0.000061 sec (of CPU time)
Setting up auxiliary I and S matrices: done in 3.12328e-05 secs using 76.84% CPU
Computing RapidNJ tree took 0.000141 sec (of wall-clock time) 0.000083 sec (of CPU time)
Log-likelihood of RapidNJ tree: -8118.266
--------------------------------------------------------------------
|             INITIALIZING CANDIDATE TREE SET                      |
--------------------------------------------------------------------
Generating 98 parsimony trees... 0.168 second
Computing log-likelihood of 97 initial trees ... 0.217 seconds
Current best score: -7788.338

Do NNI search on 20 best initial trees
Estimate model parameters (epsilon = 0.100)
Initial log-likelihood: -7762.722
Current log-likelihood at step 1: -7762.391
Current log-likelihood at step 2: -7762.377
Parameters optimization took 1 rounds (0.010 sec)

BETTER TREE FOUND at iteration 1: -7762.377
Iteration 10 / LogL: -7762.954 / Time: 0h:4m:36s
Iteration 20 / LogL: -7762.629 / Time: 0h:4m:36s
Finish initializing candidate tree set (1)
Current best tree score: -7762.377 / CPU time: 1.428
Number of iterations: 20
--------------------------------------------------------------------
|               OPTIMIZING CANDIDATE TREE SET                      |
--------------------------------------------------------------------
Iteration 30 / LogL: -7762.586 / Time: 0h:4m:36s (0h:0m:4s left)
Iteration 40 / LogL: -7763.028 / Time: 0h:4m:37s (0h:0m:3s left)
Iteration 50 / LogL: -7762.445 / Time: 0h:4m:37s (0h:0m:2s left)
UPDATE BEST LOG-LIKELIHOOD: -7762.372
Iteration 60 / LogL: -7762.441 / Time: 0h:4m:38s (0h:0m:2s left)
Iteration 70 / LogL: -7762.481 / Time: 0h:4m:38s (0h:0m:1s left)
Iteration 80 / LogL: -7762.434 / Time: 0h:4m:38s (0h:0m:0s left)
Iteration 90 / LogL: -7762.428 / Time: 0h:4m:39s (0h:0m:0s left)
Iteration 100 / LogL: -7762.482 / Time: 0h:4m:39s (0h:0m:0s left)
TREE SEARCH COMPLETED AFTER 102 ITERATIONS / Time: 0h:4m:39s

--------------------------------------------------------------------
|                    FINALIZING TREE SEARCH                        |
--------------------------------------------------------------------
Performs final model parameters optimization
Estimate model parameters (epsilon = 0.010)
Initial log-likelihood: -7762.372
Current log-likelihood at step 1: -7762.371
Partition-specific rates:  1.447 0.553
Parameters optimization took 0 rounds (0.004 sec)

Partition information was printed to partition_file.nex.best_model.nex
BEST SCORE FOUND : -7762.371
Total tree length: 14.653

Total number of iterations: 102
CPU time used for tree search: 4.351 sec (0h:0m:4s)
Wall-clock time used for tree search: 4.222 sec (0h:0m:4s)
Total CPU time used: 287.352 sec (0h:4m:47s)
Total wall-clock time used: 279.453 sec (0h:4m:39s)

===> START BOOTSTRAP REPLICATE NUMBER 61

Creating bootstrap alignment (seed: 665327)...

Create initial parsimony tree by phylogenetic likelihood library (PLL)... 0.001 seconds
Reading model parameters from file /Users/mful870/Desktop/MD_3di_Dev_02Oct24/Scriptorum/SubstitutionMatrix/3di_substmat
WARNING: Normalizing state frequencies so that sum of them equals to 1

NOTE: 0 MB RAM (0 GB) is required!
Estimate model parameters (epsilon = 0.100)
Initial log-likelihood: -9174.075
Current log-likelihood at step 1: -8049.865
Current log-likelihood at step 2: -7919.335
Current log-likelihood at step 3: -7919.193
Current log-likelihood at step 4: -7919.187
Partition-specific rates:  1.497 0.503
Parameters optimization took 3 rounds (0.028 sec)

Wrote distance file to... 
Computing ML distances based on estimated model parameters...
Calculating distance matrix: done in 3.60012e-05 secs using 83.33% CPU
Computing ML distances took 0.000085 sec (of wall-clock time) 0.000057 sec (of CPU time)
Setting up auxiliary I and S matrices: done in 3.91006e-05 secs using 76.73% CPU
Computing RapidNJ tree took 0.000212 sec (of wall-clock time) 0.000114 sec (of CPU time)
Log-likelihood of RapidNJ tree: -8123.722
--------------------------------------------------------------------
|             INITIALIZING CANDIDATE TREE SET                      |
--------------------------------------------------------------------
Generating 98 parsimony trees... 0.159 second
Computing log-likelihood of 98 initial trees ... 0.241 seconds
Current best score: -7919.187

Do NNI search on 20 best initial trees
Estimate model parameters (epsilon = 0.100)
Initial log-likelihood: -7852.207
Current log-likelihood at step 1: -7851.814
Current log-likelihood at step 2: -7851.799
Parameters optimization took 1 rounds (0.010 sec)

BETTER TREE FOUND at iteration 1: -7851.799
Iteration 10 / LogL: -7852.086 / Time: 0h:4m:40s
Iteration 20 / LogL: -7851.821 / Time: 0h:4m:41s
Finish initializing candidate tree set (2)
Current best tree score: -7851.799 / CPU time: 1.491
Number of iterations: 20
--------------------------------------------------------------------
|               OPTIMIZING CANDIDATE TREE SET                      |
--------------------------------------------------------------------
Iteration 30 / LogL: -7851.884 / Time: 0h:4m:41s (0h:0m:4s left)
Iteration 40 / LogL: -7852.609 / Time: 0h:4m:41s (0h:0m:3s left)
Iteration 50 / LogL: -7851.943 / Time: 0h:4m:42s (0h:0m:2s left)
Iteration 60 / LogL: -7851.959 / Time: 0h:4m:42s (0h:0m:2s left)
Iteration 70 / LogL: -7852.039 / Time: 0h:4m:42s (0h:0m:1s left)
UPDATE BEST LOG-LIKELIHOOD: -7851.796
Iteration 80 / LogL: -7852.056 / Time: 0h:4m:43s (0h:0m:0s left)
Iteration 90 / LogL: -7856.986 / Time: 0h:4m:43s (0h:0m:0s left)
Iteration 100 / LogL: -7851.896 / Time: 0h:4m:43s (0h:0m:0s left)
TREE SEARCH COMPLETED AFTER 102 ITERATIONS / Time: 0h:4m:43s

--------------------------------------------------------------------
|                    FINALIZING TREE SEARCH                        |
--------------------------------------------------------------------
Performs final model parameters optimization
Estimate model parameters (epsilon = 0.010)
Initial log-likelihood: -7851.796
Current log-likelihood at step 1: -7851.795
Partition-specific rates:  1.498 0.502
Parameters optimization took 0 rounds (0.006 sec)

Partition information was printed to partition_file.nex.best_model.nex
BEST SCORE FOUND : -7851.795
Total tree length: 14.849

Total number of iterations: 102
CPU time used for tree search: 4.545 sec (0h:0m:4s)
Wall-clock time used for tree search: 4.423 sec (0h:0m:4s)
Total CPU time used: 291.988 sec (0h:4m:51s)
Total wall-clock time used: 283.956 sec (0h:4m:43s)

===> START BOOTSTRAP REPLICATE NUMBER 62

Creating bootstrap alignment (seed: 665328)...

Create initial parsimony tree by phylogenetic likelihood library (PLL)... 0.001 seconds
Reading model parameters from file /Users/mful870/Desktop/MD_3di_Dev_02Oct24/Scriptorum/SubstitutionMatrix/3di_substmat
WARNING: Normalizing state frequencies so that sum of them equals to 1

NOTE: 0 MB RAM (0 GB) is required!
Estimate model parameters (epsilon = 0.100)
Initial log-likelihood: -8915.270
Current log-likelihood at step 1: -7851.126
Current log-likelihood at step 2: -7753.584
Current log-likelihood at step 3: -7753.366
Current log-likelihood at step 4: -7753.349
Partition-specific rates:  1.442 0.558
Parameters optimization took 3 rounds (0.031 sec)

Wrote distance file to... 
Computing ML distances based on estimated model parameters...
Calculating distance matrix: done in 3.50475e-05 secs using 85.6% CPU
Computing ML distances took 0.000085 sec (of wall-clock time) 0.000057 sec (of CPU time)
Setting up auxiliary I and S matrices: done in 3.09944e-05 secs using 74.21% CPU
Computing RapidNJ tree took 0.000125 sec (of wall-clock time) 0.000081 sec (of CPU time)
Log-likelihood of RapidNJ tree: -8084.234
--------------------------------------------------------------------
|             INITIALIZING CANDIDATE TREE SET                      |
--------------------------------------------------------------------
Generating 98 parsimony trees... 0.161 second
Computing log-likelihood of 98 initial trees ... 0.235 seconds
Current best score: -7753.349

Do NNI search on 20 best initial trees
Estimate model parameters (epsilon = 0.100)
Initial log-likelihood: -7746.890
Current log-likelihood at step 1: -7746.826
Parameters optimization took 0 rounds (0.004 sec)

BETTER TREE FOUND at iteration 1: -7746.826
Iteration 10 / LogL: -7746.847 / Time: 0h:4m:44s
UPDATE BEST LOG-LIKELIHOOD: -7746.822
Iteration 20 / LogL: -7746.966 / Time: 0h:4m:45s
Finish initializing candidate tree set (1)
Current best tree score: -7746.822 / CPU time: 1.399
Number of iterations: 20
--------------------------------------------------------------------
|               OPTIMIZING CANDIDATE TREE SET                      |
--------------------------------------------------------------------
UPDATE BEST LOG-LIKELIHOOD: -7746.815
UPDATE BEST LOG-LIKELIHOOD: -7746.811
UPDATE BEST LOG-LIKELIHOOD: -7746.811
Iteration 30 / LogL: -7746.811 / Time: 0h:4m:45s (0h:0m:4s left)
UPDATE BEST LOG-LIKELIHOOD: -7746.810
Iteration 40 / LogL: -7746.810 / Time: 0h:4m:46s (0h:0m:3s left)
Iteration 50 / LogL: -7746.853 / Time: 0h:4m:46s (0h:0m:2s left)
Iteration 60 / LogL: -7746.840 / Time: 0h:4m:46s (0h:0m:2s left)
Iteration 70 / LogL: -7746.814 / Time: 0h:4m:47s (0h:0m:1s left)
Iteration 80 / LogL: -7746.868 / Time: 0h:4m:47s (0h:0m:0s left)
Iteration 90 / LogL: -7746.835 / Time: 0h:4m:48s (0h:0m:0s left)
Iteration 100 / LogL: -7747.045 / Time: 0h:4m:48s (0h:0m:0s left)
TREE SEARCH COMPLETED AFTER 102 ITERATIONS / Time: 0h:4m:48s

--------------------------------------------------------------------
|                    FINALIZING TREE SEARCH                        |
--------------------------------------------------------------------
Performs final model parameters optimization
Estimate model parameters (epsilon = 0.010)
Initial log-likelihood: -7746.810
Current log-likelihood at step 1: -7746.809
Partition-specific rates:  1.437 0.563
Parameters optimization took 0 rounds (0.004 sec)

Partition information was printed to partition_file.nex.best_model.nex
BEST SCORE FOUND : -7746.809
Total tree length: 13.982

Total number of iterations: 102
CPU time used for tree search: 4.725 sec (0h:0m:4s)
Wall-clock time used for tree search: 4.598 sec (0h:0m:4s)
Total CPU time used: 296.806 sec (0h:4m:56s)
Total wall-clock time used: 288.636 sec (0h:4m:48s)

===> START BOOTSTRAP REPLICATE NUMBER 63

Creating bootstrap alignment (seed: 665329)...

Create initial parsimony tree by phylogenetic likelihood library (PLL)... 0.002 seconds
Reading model parameters from file /Users/mful870/Desktop/MD_3di_Dev_02Oct24/Scriptorum/SubstitutionMatrix/3di_substmat
WARNING: Normalizing state frequencies so that sum of them equals to 1

NOTE: 0 MB RAM (0 GB) is required!
Estimate model parameters (epsilon = 0.100)
Initial log-likelihood: -9141.880
Current log-likelihood at step 1: -8065.466
Current log-likelihood at step 2: -7980.236
Current log-likelihood at step 3: -7980.205
Partition-specific rates:  1.402 0.598
Parameters optimization took 2 rounds (0.029 sec)

Wrote distance file to... 
Computing ML distances based on estimated model parameters...
Calculating distance matrix: done in 3.79086e-05 secs using 87.05% CPU
Computing ML distances took 0.000099 sec (of wall-clock time) 0.000063 sec (of CPU time)
Setting up auxiliary I and S matrices: done in 3.8147e-05 secs using 76.02% CPU
Computing RapidNJ tree took 0.000177 sec (of wall-clock time) 0.000105 sec (of CPU time)
Log-likelihood of RapidNJ tree: -8343.648
--------------------------------------------------------------------
|             INITIALIZING CANDIDATE TREE SET                      |
--------------------------------------------------------------------
Generating 98 parsimony trees... 0.166 second
Computing log-likelihood of 98 initial trees ... 0.226 seconds
Current best score: -7980.205

Do NNI search on 20 best initial trees
Estimate model parameters (epsilon = 0.100)
Initial log-likelihood: -7958.511
Current log-likelihood at step 1: -7958.504
Parameters optimization took 0 rounds (0.004 sec)

BETTER TREE FOUND at iteration 1: -7958.504
Iteration 10 / LogL: -7959.090 / Time: 0h:4m:49s
Iteration 20 / LogL: -7959.550 / Time: 0h:4m:49s
Finish initializing candidate tree set (2)
Current best tree score: -7958.504 / CPU time: 1.189
Number of iterations: 20
--------------------------------------------------------------------
|               OPTIMIZING CANDIDATE TREE SET                      |
--------------------------------------------------------------------
Iteration 30 / LogL: -7958.605 / Time: 0h:4m:50s (0h:0m:3s left)
Iteration 40 / LogL: -7958.978 / Time: 0h:4m:50s (0h:0m:2s left)
Iteration 50 / LogL: -7958.760 / Time: 0h:4m:50s (0h:0m:2s left)
Iteration 60 / LogL: -7958.588 / Time: 0h:4m:51s (0h:0m:1s left)
Iteration 70 / LogL: -7959.263 / Time: 0h:4m:51s (0h:0m:1s left)
Iteration 80 / LogL: -7960.118 / Time: 0h:4m:51s (0h:0m:0s left)
Iteration 90 / LogL: -7958.675 / Time: 0h:4m:52s (0h:0m:0s left)
Iteration 100 / LogL: -7958.550 / Time: 0h:4m:52s (0h:0m:0s left)
TREE SEARCH COMPLETED AFTER 102 ITERATIONS / Time: 0h:4m:52s

--------------------------------------------------------------------
|                    FINALIZING TREE SEARCH                        |
--------------------------------------------------------------------
Performs final model parameters optimization
Estimate model parameters (epsilon = 0.010)
Initial log-likelihood: -7958.504
Current log-likelihood at step 1: -7958.503
Partition-specific rates:  1.402 0.598
Parameters optimization took 0 rounds (0.004 sec)

Partition information was printed to partition_file.nex.best_model.nex
BEST SCORE FOUND : -7958.503
Total tree length: 13.706

Total number of iterations: 102
CPU time used for tree search: 3.798 sec (0h:0m:3s)
Wall-clock time used for tree search: 3.655 sec (0h:0m:3s)
Total CPU time used: 300.699 sec (0h:5m:0s)
Total wall-clock time used: 292.379 sec (0h:4m:52s)

===> START BOOTSTRAP REPLICATE NUMBER 64

Creating bootstrap alignment (seed: 665330)...

Create initial parsimony tree by phylogenetic likelihood library (PLL)... 0.001 seconds
Reading model parameters from file /Users/mful870/Desktop/MD_3di_Dev_02Oct24/Scriptorum/SubstitutionMatrix/3di_substmat
WARNING: Normalizing state frequencies so that sum of them equals to 1

NOTE: 0 MB RAM (0 GB) is required!
Estimate model parameters (epsilon = 0.100)
Initial log-likelihood: -9033.942
Current log-likelihood at step 1: -7929.079
Current log-likelihood at step 2: -7839.326
Current log-likelihood at step 3: -7839.190
Current log-likelihood at step 4: -7839.173
Partition-specific rates:  1.424 0.576
Parameters optimization took 3 rounds (0.033 sec)

Wrote distance file to... 
Computing ML distances based on estimated model parameters...
Calculating distance matrix: done in 3.79086e-05 secs using 84.41% CPU
Computing ML distances took 0.000092 sec (of wall-clock time) 0.000060 sec (of CPU time)
Setting up auxiliary I and S matrices: done in 4.1008e-05 secs using 73.16% CPU
Computing RapidNJ tree took 0.000175 sec (of wall-clock time) 0.000104 sec (of CPU time)
Log-likelihood of RapidNJ tree: -8228.963
--------------------------------------------------------------------
|             INITIALIZING CANDIDATE TREE SET                      |
--------------------------------------------------------------------
Generating 98 parsimony trees... 0.154 second
Computing log-likelihood of 98 initial trees ... 0.237 seconds
Current best score: -7839.173

Do NNI search on 20 best initial trees
Estimate model parameters (epsilon = 0.100)
Initial log-likelihood: -7823.621
Current log-likelihood at step 1: -7823.238
Current log-likelihood at step 2: -7823.232
Parameters optimization took 1 rounds (0.011 sec)

BETTER TREE FOUND at iteration 1: -7823.232
Iteration 10 / LogL: -7826.713 / Time: 0h:4m:53s
Iteration 20 / LogL: -7828.389 / Time: 0h:4m:53s
Finish initializing candidate tree set (2)
Current best tree score: -7823.232 / CPU time: 1.306
Number of iterations: 20
--------------------------------------------------------------------
|               OPTIMIZING CANDIDATE TREE SET                      |
--------------------------------------------------------------------
Iteration 30 / LogL: -7823.444 / Time: 0h:4m:54s (0h:0m:4s left)
Iteration 40 / LogL: -7823.352 / Time: 0h:4m:54s (0h:0m:3s left)
Iteration 50 / LogL: -7823.346 / Time: 0h:4m:54s (0h:0m:2s left)
Iteration 60 / LogL: -7823.576 / Time: 0h:4m:54s (0h:0m:1s left)
Iteration 70 / LogL: -7828.536 / Time: 0h:4m:55s (0h:0m:1s left)
Iteration 80 / LogL: -7823.600 / Time: 0h:4m:55s (0h:0m:0s left)
Iteration 90 / LogL: -7823.602 / Time: 0h:4m:56s (0h:0m:0s left)
Iteration 100 / LogL: -7823.399 / Time: 0h:4m:56s (0h:0m:0s left)
TREE SEARCH COMPLETED AFTER 102 ITERATIONS / Time: 0h:4m:56s

--------------------------------------------------------------------
|                    FINALIZING TREE SEARCH                        |
--------------------------------------------------------------------
Performs final model parameters optimization
Estimate model parameters (epsilon = 0.010)
Initial log-likelihood: -7823.232
Current log-likelihood at step 1: -7823.230
Partition-specific rates:  1.430 0.570
Parameters optimization took 0 rounds (0.004 sec)

Partition information was printed to partition_file.nex.best_model.nex
BEST SCORE FOUND : -7823.230
Total tree length: 14.210

Total number of iterations: 102
CPU time used for tree search: 4.085 sec (0h:0m:4s)
Wall-clock time used for tree search: 3.950 sec (0h:0m:3s)
Total CPU time used: 304.896 sec (0h:5m:4s)
Total wall-clock time used: 296.425 sec (0h:4m:56s)

===> START BOOTSTRAP REPLICATE NUMBER 65

Creating bootstrap alignment (seed: 665331)...

Create initial parsimony tree by phylogenetic likelihood library (PLL)... 0.002 seconds
Reading model parameters from file /Users/mful870/Desktop/MD_3di_Dev_02Oct24/Scriptorum/SubstitutionMatrix/3di_substmat
WARNING: Normalizing state frequencies so that sum of them equals to 1

NOTE: 0 MB RAM (0 GB) is required!
Estimate model parameters (epsilon = 0.100)
Initial log-likelihood: -9115.657
Current log-likelihood at step 1: -8038.358
Current log-likelihood at step 2: -7932.872
Current log-likelihood at step 3: -7932.842
Partition-specific rates:  1.433 0.567
Parameters optimization took 2 rounds (0.028 sec)

Wrote distance file to... 
Computing ML distances based on estimated model parameters...
Calculating distance matrix: done in 6.19888e-05 secs using 87.11% CPU
Computing ML distances took 0.000159 sec (of wall-clock time) 0.000097 sec (of CPU time)
Setting up auxiliary I and S matrices: done in 3.88622e-05 secs using 74.62% CPU
Computing RapidNJ tree took 0.000172 sec (of wall-clock time) 0.000102 sec (of CPU time)
Log-likelihood of RapidNJ tree: -8321.735
--------------------------------------------------------------------
|             INITIALIZING CANDIDATE TREE SET                      |
--------------------------------------------------------------------
Generating 98 parsimony trees... 0.192 second
Computing log-likelihood of 98 initial trees ... 0.249 seconds
Current best score: -7932.842

Do NNI search on 20 best initial trees
Estimate model parameters (epsilon = 0.100)
Initial log-likelihood: -7923.374
Current log-likelihood at step 1: -7923.343
Parameters optimization took 0 rounds (0.004 sec)

BETTER TREE FOUND at iteration 1: -7923.343
Iteration 10 / LogL: -7923.387 / Time: 0h:4m:57s
UPDATE BEST LOG-LIKELIHOOD: -7923.342
Iteration 20 / LogL: -7923.420 / Time: 0h:4m:57s
Finish initializing candidate tree set (4)
Current best tree score: -7923.342 / CPU time: 1.287
Number of iterations: 20
--------------------------------------------------------------------
|               OPTIMIZING CANDIDATE TREE SET                      |
--------------------------------------------------------------------
UPDATE BEST LOG-LIKELIHOOD: -7923.340
UPDATE BEST LOG-LIKELIHOOD: -7923.339
Iteration 30 / LogL: -7923.675 / Time: 0h:4m:58s (0h:0m:4s left)
UPDATE BEST LOG-LIKELIHOOD: -7923.339
Iteration 40 / LogL: -7923.465 / Time: 0h:4m:58s (0h:0m:3s left)
Iteration 50 / LogL: -7923.827 / Time: 0h:4m:59s (0h:0m:2s left)
UPDATE BEST LOG-LIKELIHOOD: -7923.338
UPDATE BEST LOG-LIKELIHOOD: -7923.336
Iteration 60 / LogL: -7923.697 / Time: 0h:4m:59s (0h:0m:2s left)
Iteration 70 / LogL: -7923.389 / Time: 0h:4m:59s (0h:0m:1s left)
Iteration 80 / LogL: -7923.370 / Time: 0h:5m:0s (0h:0m:1s left)
Iteration 90 / LogL: -7923.727 / Time: 0h:5m:0s (0h:0m:0s left)
Iteration 100 / LogL: -7927.469 / Time: 0h:5m:1s (0h:0m:0s left)
TREE SEARCH COMPLETED AFTER 102 ITERATIONS / Time: 0h:5m:1s

--------------------------------------------------------------------
|                    FINALIZING TREE SEARCH                        |
--------------------------------------------------------------------
Performs final model parameters optimization
Estimate model parameters (epsilon = 0.010)
Initial log-likelihood: -7923.336
Current log-likelihood at step 1: -7923.336
Partition-specific rates:  1.436 0.564
Parameters optimization took 0 rounds (0.004 sec)

Partition information was printed to partition_file.nex.best_model.nex
BEST SCORE FOUND : -7923.336
Total tree length: 13.845

Total number of iterations: 102
CPU time used for tree search: 4.961 sec (0h:0m:4s)
Wall-clock time used for tree search: 4.851 sec (0h:0m:4s)
Total CPU time used: 309.968 sec (0h:5m:9s)
Total wall-clock time used: 301.375 sec (0h:5m:1s)

===> START BOOTSTRAP REPLICATE NUMBER 66

Creating bootstrap alignment (seed: 665332)...

Create initial parsimony tree by phylogenetic likelihood library (PLL)... 0.001 seconds
Reading model parameters from file /Users/mful870/Desktop/MD_3di_Dev_02Oct24/Scriptorum/SubstitutionMatrix/3di_substmat
WARNING: Normalizing state frequencies so that sum of them equals to 1

NOTE: 0 MB RAM (0 GB) is required!
Estimate model parameters (epsilon = 0.100)
Initial log-likelihood: -8961.822
Current log-likelihood at step 1: -7891.481
Current log-likelihood at step 2: -7783.297
Current log-likelihood at step 3: -7783.192
Current log-likelihood at step 4: -7783.172
Partition-specific rates:  1.467 0.533
Parameters optimization took 3 rounds (0.028 sec)

Wrote distance file to... 
Computing ML distances based on estimated model parameters...
Calculating distance matrix: done in 3.60012e-05 secs using 83.33% CPU
Computing ML distances took 0.000091 sec (of wall-clock time) 0.000058 sec (of CPU time)
Setting up auxiliary I and S matrices: done in 3.00407e-05 secs using 73.23% CPU
Computing RapidNJ tree took 0.000144 sec (of wall-clock time) 0.000094 sec (of CPU time)
Log-likelihood of RapidNJ tree: -8105.614
--------------------------------------------------------------------
|             INITIALIZING CANDIDATE TREE SET                      |
--------------------------------------------------------------------
Generating 98 parsimony trees... 0.166 second
Computing log-likelihood of 98 initial trees ... 0.232 seconds
Current best score: -7783.172

Do NNI search on 20 best initial trees
Estimate model parameters (epsilon = 0.100)
Initial log-likelihood: -7777.370
Current log-likelihood at step 1: -7777.305
Parameters optimization took 0 rounds (0.004 sec)

BETTER TREE FOUND at iteration 1: -7777.305
Iteration 10 / LogL: -7777.471 / Time: 0h:5m:2s
Estimate model parameters (epsilon = 0.100)
Initial log-likelihood: -7777.062
Current log-likelihood at step 1: -7776.983
Parameters optimization took 0 rounds (0.004 sec)

BETTER TREE FOUND at iteration 14: -7776.983
Iteration 20 / LogL: -7777.698 / Time: 0h:5m:2s
Finish initializing candidate tree set (7)
Current best tree score: -7776.983 / CPU time: 1.408
Number of iterations: 20
--------------------------------------------------------------------
|               OPTIMIZING CANDIDATE TREE SET                      |
--------------------------------------------------------------------
Iteration 30 / LogL: -7777.321 / Time: 0h:5m:3s (0h:0m:5s left)
Iteration 40 / LogL: -7777.364 / Time: 0h:5m:3s (0h:0m:4s left)
UPDATE BEST LOG-LIKELIHOOD: -7776.976
Iteration 50 / LogL: -7777.389 / Time: 0h:5m:3s (0h:0m:3s left)
Estimate model parameters (epsilon = 0.100)
Initial log-likelihood: -7776.924
Current log-likelihood at step 1: -7776.918
Parameters optimization took 0 rounds (0.004 sec)

UPDATE BEST LOG-LIKELIHOOD: -7776.918
Iteration 60 / LogL: -7777.887 / Time: 0h:5m:4s (0h:0m:2s left)
UPDATE BEST LOG-LIKELIHOOD: -7776.916
Iteration 70 / LogL: -7777.476 / Time: 0h:5m:4s (0h:0m:2s left)
Iteration 80 / LogL: -7777.118 / Time: 0h:5m:5s (0h:0m:1s left)
Iteration 90 / LogL: -7777.325 / Time: 0h:5m:5s (0h:0m:1s left)
Iteration 100 / LogL: -7777.390 / Time: 0h:5m:5s (0h:0m:0s left)
Iteration 110 / LogL: -7777.823 / Time: 0h:5m:6s (0h:0m:0s left)
TREE SEARCH COMPLETED AFTER 115 ITERATIONS / Time: 0h:5m:6s

--------------------------------------------------------------------
|                    FINALIZING TREE SEARCH                        |
--------------------------------------------------------------------
Performs final model parameters optimization
Estimate model parameters (epsilon = 0.010)
Initial log-likelihood: -7776.916
Current log-likelihood at step 1: -7776.915
Partition-specific rates:  1.464 0.536
Parameters optimization took 0 rounds (0.004 sec)

Partition information was printed to partition_file.nex.best_model.nex
BEST SCORE FOUND : -7776.915
Total tree length: 14.604

Total number of iterations: 115
CPU time used for tree search: 5.099 sec (0h:0m:5s)
Wall-clock time used for tree search: 4.999 sec (0h:0m:4s)
Total CPU time used: 315.156 sec (0h:5m:15s)
Total wall-clock time used: 306.451 sec (0h:5m:6s)

===> START BOOTSTRAP REPLICATE NUMBER 67

Creating bootstrap alignment (seed: 665333)...

Create initial parsimony tree by phylogenetic likelihood library (PLL)... 0.001 seconds
Reading model parameters from file /Users/mful870/Desktop/MD_3di_Dev_02Oct24/Scriptorum/SubstitutionMatrix/3di_substmat
WARNING: Normalizing state frequencies so that sum of them equals to 1

NOTE: 0 MB RAM (0 GB) is required!
Estimate model parameters (epsilon = 0.100)
Initial log-likelihood: -9257.487
Current log-likelihood at step 1: -8216.331
Current log-likelihood at step 2: -8094.865
Current log-likelihood at step 3: -8094.801
Partition-specific rates:  1.462 0.538
Parameters optimization took 2 rounds (0.024 sec)

Wrote distance file to... 
Computing ML distances based on estimated model parameters...
Calculating distance matrix: done in 3.50475e-05 secs using 85.6% CPU
Computing ML distances took 0.000086 sec (of wall-clock time) 0.000057 sec (of CPU time)
Setting up auxiliary I and S matrices: done in 3.19481e-05 secs using 75.12% CPU
Computing RapidNJ tree took 0.000132 sec (of wall-clock time) 0.000083 sec (of CPU time)
Log-likelihood of RapidNJ tree: -8482.234
--------------------------------------------------------------------
|             INITIALIZING CANDIDATE TREE SET                      |
--------------------------------------------------------------------
Generating 98 parsimony trees... 0.168 second
Computing log-likelihood of 98 initial trees ... 0.223 seconds
Current best score: -8094.801

Do NNI search on 20 best initial trees
Estimate model parameters (epsilon = 0.100)
Initial log-likelihood: -8094.163
Current log-likelihood at step 1: -8093.978
Current log-likelihood at step 2: -8093.951
Parameters optimization took 1 rounds (0.010 sec)

BETTER TREE FOUND at iteration 1: -8093.951
Estimate model parameters (epsilon = 0.100)
Initial log-likelihood: -8093.761
Current log-likelihood at step 1: -8093.392
Current log-likelihood at step 2: -8093.374
Parameters optimization took 1 rounds (0.010 sec)

BETTER TREE FOUND at iteration 2: -8093.374
Iteration 10 / LogL: -8093.420 / Time: 0h:5m:7s
Iteration 20 / LogL: -8093.598 / Time: 0h:5m:7s
Finish initializing candidate tree set (2)
Current best tree score: -8093.374 / CPU time: 1.273
Number of iterations: 20
--------------------------------------------------------------------
|               OPTIMIZING CANDIDATE TREE SET                      |
--------------------------------------------------------------------
Iteration 30 / LogL: -8096.907 / Time: 0h:5m:8s (0h:0m:4s left)
Iteration 40 / LogL: -8093.389 / Time: 0h:5m:8s (0h:0m:3s left)
Iteration 50 / LogL: -8093.469 / Time: 0h:5m:8s (0h:0m:2s left)
Iteration 60 / LogL: -8093.379 / Time: 0h:5m:9s (0h:0m:1s left)
Iteration 70 / LogL: -8096.867 / Time: 0h:5m:9s (0h:0m:1s left)
Iteration 80 / LogL: -8093.395 / Time: 0h:5m:9s (0h:0m:0s left)
Iteration 90 / LogL: -8093.452 / Time: 0h:5m:10s (0h:0m:0s left)
UPDATE BEST LOG-LIKELIHOOD: -8093.371
Iteration 100 / LogL: -8093.675 / Time: 0h:5m:10s (0h:0m:0s left)
TREE SEARCH COMPLETED AFTER 103 ITERATIONS / Time: 0h:5m:10s

--------------------------------------------------------------------
|                    FINALIZING TREE SEARCH                        |
--------------------------------------------------------------------
Performs final model parameters optimization
Estimate model parameters (epsilon = 0.010)
Initial log-likelihood: -8093.371
Current log-likelihood at step 1: -8093.362
Partition-specific rates:  1.474 0.526
Parameters optimization took 0 rounds (0.004 sec)

Partition information was printed to partition_file.nex.best_model.nex
BEST SCORE FOUND : -8093.362
Total tree length: 14.953

Total number of iterations: 103
CPU time used for tree search: 4.416 sec (0h:0m:4s)
Wall-clock time used for tree search: 4.278 sec (0h:0m:4s)
Total CPU time used: 319.661 sec (0h:5m:19s)
Total wall-clock time used: 310.807 sec (0h:5m:10s)

===> START BOOTSTRAP REPLICATE NUMBER 68

Creating bootstrap alignment (seed: 665334)...

Create initial parsimony tree by phylogenetic likelihood library (PLL)... 0.001 seconds
Reading model parameters from file /Users/mful870/Desktop/MD_3di_Dev_02Oct24/Scriptorum/SubstitutionMatrix/3di_substmat
WARNING: Normalizing state frequencies so that sum of them equals to 1

NOTE: 0 MB RAM (0 GB) is required!
Estimate model parameters (epsilon = 0.100)
Initial log-likelihood: -8627.353
Current log-likelihood at step 1: -7573.961
Current log-likelihood at step 2: -7498.213
Current log-likelihood at step 3: -7498.120
Partition-specific rates:  1.399 0.601
Parameters optimization took 2 rounds (0.025 sec)

Wrote distance file to... 
Computing ML distances based on estimated model parameters...
Calculating distance matrix: done in 3.79086e-05 secs using 81.78% CPU
Computing ML distances took 0.000090 sec (of wall-clock time) 0.000061 sec (of CPU time)
Setting up auxiliary I and S matrices: done in 2.98023e-05 secs using 80.53% CPU
Computing RapidNJ tree took 0.000199 sec (of wall-clock time) 0.000087 sec (of CPU time)
Log-likelihood of RapidNJ tree: -7856.532
--------------------------------------------------------------------
|             INITIALIZING CANDIDATE TREE SET                      |
--------------------------------------------------------------------
Generating 98 parsimony trees... 0.154 second
Computing log-likelihood of 98 initial trees ... 0.217 seconds
Current best score: -7498.120

Do NNI search on 20 best initial trees
Estimate model parameters (epsilon = 0.100)
Initial log-likelihood: -7466.554
Current log-likelihood at step 1: -7466.106
Current log-likelihood at step 2: -7466.092
Parameters optimization took 1 rounds (0.010 sec)

BETTER TREE FOUND at iteration 1: -7466.092
Estimate model parameters (epsilon = 0.100)
Initial log-likelihood: -7465.621
Current log-likelihood at step 1: -7464.965
Current log-likelihood at step 2: -7464.929
Parameters optimization took 1 rounds (0.012 sec)

UPDATE BEST LOG-LIKELIHOOD: -7464.929
Iteration 10 / LogL: -7465.382 / Time: 0h:5m:11s
Iteration 20 / LogL: -7465.937 / Time: 0h:5m:12s
Finish initializing candidate tree set (2)
Current best tree score: -7464.929 / CPU time: 1.297
Number of iterations: 20
--------------------------------------------------------------------
|               OPTIMIZING CANDIDATE TREE SET                      |
--------------------------------------------------------------------
Iteration 30 / LogL: -7464.980 / Time: 0h:5m:12s (0h:0m:4s left)
Iteration 40 / LogL: -7466.311 / Time: 0h:5m:12s (0h:0m:3s left)
Iteration 50 / LogL: -7466.314 / Time: 0h:5m:13s (0h:0m:2s left)
Iteration 60 / LogL: -7465.703 / Time: 0h:5m:13s (0h:0m:1s left)
UPDATE BEST LOG-LIKELIHOOD: -7464.926
Iteration 70 / LogL: -7473.669 / Time: 0h:5m:13s (0h:0m:1s left)
Iteration 80 / LogL: -7467.636 / Time: 0h:5m:14s (0h:0m:0s left)
Iteration 90 / LogL: -7466.081 / Time: 0h:5m:14s (0h:0m:0s left)
Iteration 100 / LogL: -7466.579 / Time: 0h:5m:14s (0h:0m:0s left)
TREE SEARCH COMPLETED AFTER 102 ITERATIONS / Time: 0h:5m:14s

--------------------------------------------------------------------
|                    FINALIZING TREE SEARCH                        |
--------------------------------------------------------------------
Performs final model parameters optimization
Estimate model parameters (epsilon = 0.010)
Initial log-likelihood: -7464.926
Current log-likelihood at step 1: -7464.917
Partition-specific rates:  1.398 0.602
Parameters optimization took 0 rounds (0.004 sec)

Partition information was printed to partition_file.nex.best_model.nex
BEST SCORE FOUND : -7464.917
Total tree length: 12.954

Total number of iterations: 102
CPU time used for tree search: 3.870 sec (0h:0m:3s)
Wall-clock time used for tree search: 3.783 sec (0h:0m:3s)
Total CPU time used: 323.621 sec (0h:5m:23s)
Total wall-clock time used: 314.676 sec (0h:5m:14s)

===> START BOOTSTRAP REPLICATE NUMBER 69

Creating bootstrap alignment (seed: 665335)...

Create initial parsimony tree by phylogenetic likelihood library (PLL)... 0.001 seconds
Reading model parameters from file /Users/mful870/Desktop/MD_3di_Dev_02Oct24/Scriptorum/SubstitutionMatrix/3di_substmat
WARNING: Normalizing state frequencies so that sum of them equals to 1

NOTE: 0 MB RAM (0 GB) is required!
Estimate model parameters (epsilon = 0.100)
Initial log-likelihood: -9031.658
Current log-likelihood at step 1: -7923.363
Current log-likelihood at step 2: -7820.212
Current log-likelihood at step 3: -7820.116
Partition-specific rates:  1.438 0.562
Parameters optimization took 2 rounds (0.025 sec)

Wrote distance file to... 
Computing ML distances based on estimated model parameters...
Calculating distance matrix: done in 5.50747e-05 secs using 85.34% CPU
Computing ML distances took 0.000116 sec (of wall-clock time) 0.000087 sec (of CPU time)
Setting up auxiliary I and S matrices: done in 3.91006e-05 secs using 76.73% CPU
Computing RapidNJ tree took 0.000174 sec (of wall-clock time) 0.000104 sec (of CPU time)
Log-likelihood of RapidNJ tree: -8222.829
--------------------------------------------------------------------
|             INITIALIZING CANDIDATE TREE SET                      |
--------------------------------------------------------------------
Generating 98 parsimony trees... 0.157 second
Computing log-likelihood of 98 initial trees ... 0.217 seconds
Current best score: -7820.116

Do NNI search on 20 best initial trees
Estimate model parameters (epsilon = 0.100)
Initial log-likelihood: -7813.420
Current log-likelihood at step 1: -7813.220
Current log-likelihood at step 2: -7813.210
Parameters optimization took 1 rounds (0.010 sec)

BETTER TREE FOUND at iteration 1: -7813.210
Iteration 10 / LogL: -7813.401 / Time: 0h:5m:15s
Iteration 20 / LogL: -7813.402 / Time: 0h:5m:15s
Finish initializing candidate tree set (1)
Current best tree score: -7813.210 / CPU time: 1.167
Number of iterations: 20
--------------------------------------------------------------------
|               OPTIMIZING CANDIDATE TREE SET                      |
--------------------------------------------------------------------
UPDATE BEST LOG-LIKELIHOOD: -7813.208
Iteration 30 / LogL: -7813.631 / Time: 0h:5m:16s (0h:0m:3s left)
Iteration 40 / LogL: -7813.303 / Time: 0h:5m:16s (0h:0m:2s left)
UPDATE BEST LOG-LIKELIHOOD: -7813.207
Iteration 50 / LogL: -7813.334 / Time: 0h:5m:16s (0h:0m:2s left)
Iteration 60 / LogL: -7813.562 / Time: 0h:5m:17s (0h:0m:1s left)
Iteration 70 / LogL: -7813.292 / Time: 0h:5m:17s (0h:0m:1s left)
Iteration 80 / LogL: -7813.404 / Time: 0h:5m:18s (0h:0m:0s left)
Iteration 90 / LogL: -7813.737 / Time: 0h:5m:18s (0h:0m:0s left)
Iteration 100 / LogL: -7813.464 / Time: 0h:5m:18s (0h:0m:0s left)
TREE SEARCH COMPLETED AFTER 102 ITERATIONS / Time: 0h:5m:18s

--------------------------------------------------------------------
|                    FINALIZING TREE SEARCH                        |
--------------------------------------------------------------------
Performs final model parameters optimization
Estimate model parameters (epsilon = 0.010)
Initial log-likelihood: -7813.207
Current log-likelihood at step 1: -7813.207
Partition-specific rates:  1.439 0.561
Parameters optimization took 0 rounds (0.004 sec)

Partition information was printed to partition_file.nex.best_model.nex
BEST SCORE FOUND : -7813.207
Total tree length: 14.213

Total number of iterations: 102
CPU time used for tree search: 4.226 sec (0h:0m:4s)
Wall-clock time used for tree search: 4.103 sec (0h:0m:4s)
Total CPU time used: 327.956 sec (0h:5m:27s)
Total wall-clock time used: 318.864 sec (0h:5m:18s)

===> START BOOTSTRAP REPLICATE NUMBER 70

Creating bootstrap alignment (seed: 665336)...

Create initial parsimony tree by phylogenetic likelihood library (PLL)... 0.002 seconds
Reading model parameters from file /Users/mful870/Desktop/MD_3di_Dev_02Oct24/Scriptorum/SubstitutionMatrix/3di_substmat
WARNING: Normalizing state frequencies so that sum of them equals to 1

NOTE: 0 MB RAM (0 GB) is required!
Estimate model parameters (epsilon = 0.100)
Initial log-likelihood: -9140.355
Current log-likelihood at step 1: -8064.963
Current log-likelihood at step 2: -7930.600
Current log-likelihood at step 3: -7930.479
Current log-likelihood at step 4: -7930.477
Partition-specific rates:  1.494 0.506
Parameters optimization took 3 rounds (0.029 sec)

Wrote distance file to... 
Computing ML distances based on estimated model parameters...
Calculating distance matrix: done in 3.50475e-05 secs using 85.6% CPU
Computing ML distances took 0.000075 sec (of wall-clock time) 0.000056 sec (of CPU time)
Setting up auxiliary I and S matrices: done in 3.79086e-05 secs using 79.14% CPU
Computing RapidNJ tree took 0.000143 sec (of wall-clock time) 0.000086 sec (of CPU time)
Log-likelihood of RapidNJ tree: -8317.608
--------------------------------------------------------------------
|             INITIALIZING CANDIDATE TREE SET                      |
--------------------------------------------------------------------
Generating 98 parsimony trees... 0.144 second
Computing log-likelihood of 98 initial trees ... 0.232 seconds
Current best score: -7930.477

Do NNI search on 20 best initial trees
Estimate model parameters (epsilon = 0.100)
Initial log-likelihood: -7897.672
Current log-likelihood at step 1: -7897.591
Parameters optimization took 0 rounds (0.004 sec)

BETTER TREE FOUND at iteration 1: -7897.591
Estimate model parameters (epsilon = 0.100)
Initial log-likelihood: -7897.580
Current log-likelihood at step 1: -7897.567
Parameters optimization took 0 rounds (0.004 sec)

UPDATE BEST LOG-LIKELIHOOD: -7897.567
Iteration 10 / LogL: -7897.684 / Time: 0h:5m:19s
Iteration 20 / LogL: -7897.579 / Time: 0h:5m:20s
Finish initializing candidate tree set (3)
Current best tree score: -7897.567 / CPU time: 1.332
Number of iterations: 20
--------------------------------------------------------------------
|               OPTIMIZING CANDIDATE TREE SET                      |
--------------------------------------------------------------------
Iteration 30 / LogL: -7897.889 / Time: 0h:5m:20s (0h:0m:4s left)
Iteration 40 / LogL: -7897.934 / Time: 0h:5m:21s (0h:0m:3s left)
Iteration 50 / LogL: -7897.617 / Time: 0h:5m:21s (0h:0m:2s left)
Iteration 60 / LogL: -7897.576 / Time: 0h:5m:21s (0h:0m:2s left)
Iteration 70 / LogL: -7898.289 / Time: 0h:5m:22s (0h:0m:1s left)
Iteration 80 / LogL: -7897.946 / Time: 0h:5m:22s (0h:0m:0s left)
Iteration 90 / LogL: -7897.615 / Time: 0h:5m:22s (0h:0m:0s left)
Iteration 100 / LogL: -7897.800 / Time: 0h:5m:23s (0h:0m:0s left)
TREE SEARCH COMPLETED AFTER 102 ITERATIONS / Time: 0h:5m:23s

--------------------------------------------------------------------
|                    FINALIZING TREE SEARCH                        |
--------------------------------------------------------------------
Performs final model parameters optimization
Estimate model parameters (epsilon = 0.010)
Initial log-likelihood: -7897.567
Current log-likelihood at step 1: -7897.562
Partition-specific rates:  1.494 0.506
Parameters optimization took 0 rounds (0.004 sec)

Partition information was printed to partition_file.nex.best_model.nex
BEST SCORE FOUND : -7897.562
Total tree length: 14.782

Total number of iterations: 102
CPU time used for tree search: 4.598 sec (0h:0m:4s)
Wall-clock time used for tree search: 4.467 sec (0h:0m:4s)
Total CPU time used: 332.655 sec (0h:5m:32s)
Total wall-clock time used: 323.418 sec (0h:5m:23s)

===> START BOOTSTRAP REPLICATE NUMBER 71

Creating bootstrap alignment (seed: 665337)...

Create initial parsimony tree by phylogenetic likelihood library (PLL)... 0.001 seconds
Reading model parameters from file /Users/mful870/Desktop/MD_3di_Dev_02Oct24/Scriptorum/SubstitutionMatrix/3di_substmat
WARNING: Normalizing state frequencies so that sum of them equals to 1

NOTE: 0 MB RAM (0 GB) is required!
Estimate model parameters (epsilon = 0.100)
Initial log-likelihood: -9305.137
Current log-likelihood at step 1: -8247.585
Current log-likelihood at step 2: -8150.052
Current log-likelihood at step 3: -8149.965
Partition-specific rates:  1.426 0.574
Parameters optimization took 2 rounds (0.025 sec)

Wrote distance file to... 
Computing ML distances based on estimated model parameters...
Calculating distance matrix: done in 3.91006e-05 secs using 84.4% CPU
Computing ML distances took 0.000091 sec (of wall-clock time) 0.000064 sec (of CPU time)
Setting up auxiliary I and S matrices: done in 3.79086e-05 secs using 79.14% CPU
Computing RapidNJ tree took 0.000163 sec (of wall-clock time) 0.000096 sec (of CPU time)
Log-likelihood of RapidNJ tree: -8514.712
--------------------------------------------------------------------
|             INITIALIZING CANDIDATE TREE SET                      |
--------------------------------------------------------------------
Generating 98 parsimony trees... 0.164 second
Computing log-likelihood of 98 initial trees ... 0.237 seconds
Current best score: -8149.965

Do NNI search on 20 best initial trees
Estimate model parameters (epsilon = 0.100)
Initial log-likelihood: -8133.827
Current log-likelihood at step 1: -8133.747
Parameters optimization took 0 rounds (0.004 sec)

BETTER TREE FOUND at iteration 1: -8133.747
UPDATE BEST LOG-LIKELIHOOD: -8133.746
Iteration 10 / LogL: -8133.748 / Time: 0h:5m:24s
Estimate model parameters (epsilon = 0.100)
Initial log-likelihood: -8133.188
Current log-likelihood at step 1: -8132.557
Current log-likelihood at step 2: -8132.542
Parameters optimization took 1 rounds (0.011 sec)

BETTER TREE FOUND at iteration 18: -8132.542
Iteration 20 / LogL: -8134.070 / Time: 0h:5m:25s
Finish initializing candidate tree set (2)
Current best tree score: -8132.542 / CPU time: 1.571
Number of iterations: 20
--------------------------------------------------------------------
|               OPTIMIZING CANDIDATE TREE SET                      |
--------------------------------------------------------------------
Iteration 30 / LogL: -8132.965 / Time: 0h:5m:25s (0h:0m:6s left)
Iteration 40 / LogL: -8133.975 / Time: 0h:5m:25s (0h:0m:4s left)
Iteration 50 / LogL: -8137.641 / Time: 0h:5m:26s (0h:0m:4s left)
Iteration 60 / LogL: -8134.063 / Time: 0h:5m:26s (0h:0m:3s left)
Iteration 70 / LogL: -8133.998 / Time: 0h:5m:27s (0h:0m:2s left)
UPDATE BEST LOG-LIKELIHOOD: -8132.538
Iteration 80 / LogL: -8133.957 / Time: 0h:5m:27s (0h:0m:2s left)
Iteration 90 / LogL: -8133.077 / Time: 0h:5m:28s (0h:0m:1s left)
Iteration 100 / LogL: -8137.642 / Time: 0h:5m:28s (0h:0m:0s left)
Iteration 110 / LogL: -8133.011 / Time: 0h:5m:29s (0h:0m:0s left)
TREE SEARCH COMPLETED AFTER 119 ITERATIONS / Time: 0h:5m:29s

--------------------------------------------------------------------
|                    FINALIZING TREE SEARCH                        |
--------------------------------------------------------------------
Performs final model parameters optimization
Estimate model parameters (epsilon = 0.010)
Initial log-likelihood: -8132.538
Current log-likelihood at step 1: -8132.537
Partition-specific rates:  1.452 0.548
Parameters optimization took 0 rounds (0.004 sec)

Partition information was printed to partition_file.nex.best_model.nex
BEST SCORE FOUND : -8132.537
Total tree length: 14.387

Total number of iterations: 119
CPU time used for tree search: 6.024 sec (0h:0m:6s)
Wall-clock time used for tree search: 5.907 sec (0h:0m:5s)
Total CPU time used: 338.777 sec (0h:5m:38s)
Total wall-clock time used: 329.407 sec (0h:5m:29s)

===> START BOOTSTRAP REPLICATE NUMBER 72

Creating bootstrap alignment (seed: 665338)...

Create initial parsimony tree by phylogenetic likelihood library (PLL)... 0.001 seconds
Reading model parameters from file /Users/mful870/Desktop/MD_3di_Dev_02Oct24/Scriptorum/SubstitutionMatrix/3di_substmat
WARNING: Normalizing state frequencies so that sum of them equals to 1

NOTE: 0 MB RAM (0 GB) is required!
Estimate model parameters (epsilon = 0.100)
Initial log-likelihood: -9478.044
Current log-likelihood at step 1: -8413.455
Current log-likelihood at step 2: -8303.823
Current log-likelihood at step 3: -8303.653
Current log-likelihood at step 4: -8303.627
Partition-specific rates:  1.452 0.548
Parameters optimization took 3 rounds (0.030 sec)

Wrote distance file to... 
Computing ML distances based on estimated model parameters...
Calculating distance matrix: done in 3.91006e-05 secs using 84.4% CPU
Computing ML distances took 0.000086 sec (of wall-clock time) 0.000063 sec (of CPU time)
Setting up auxiliary I and S matrices: done in 2.88486e-05 secs using 79.73% CPU
Computing RapidNJ tree took 0.000167 sec (of wall-clock time) 0.000102 sec (of CPU time)
Log-likelihood of RapidNJ tree: -8631.246
--------------------------------------------------------------------
|             INITIALIZING CANDIDATE TREE SET                      |
--------------------------------------------------------------------
Generating 98 parsimony trees... 0.157 second
Computing log-likelihood of 98 initial trees ... 0.229 seconds
Current best score: -8303.627

Do NNI search on 20 best initial trees
Estimate model parameters (epsilon = 0.100)
Initial log-likelihood: -8250.089
Current log-likelihood at step 1: -8250.032
Parameters optimization took 0 rounds (0.004 sec)

BETTER TREE FOUND at iteration 1: -8250.032
Iteration 10 / LogL: -8250.371 / Time: 0h:5m:30s
Iteration 20 / LogL: -8250.165 / Time: 0h:5m:30s
Finish initializing candidate tree set (1)
Current best tree score: -8250.032 / CPU time: 1.367
Number of iterations: 20
--------------------------------------------------------------------
|               OPTIMIZING CANDIDATE TREE SET                      |
--------------------------------------------------------------------
UPDATE BEST LOG-LIKELIHOOD: -8250.026
Iteration 30 / LogL: -8250.169 / Time: 0h:5m:31s (0h:0m:4s left)
Iteration 40 / LogL: -8250.193 / Time: 0h:5m:31s (0h:0m:3s left)
Iteration 50 / LogL: -8250.426 / Time: 0h:5m:31s (0h:0m:2s left)
Iteration 60 / LogL: -8250.731 / Time: 0h:5m:32s (0h:0m:1s left)
Iteration 70 / LogL: -8250.464 / Time: 0h:5m:32s (0h:0m:1s left)
Iteration 80 / LogL: -8250.992 / Time: 0h:5m:32s (0h:0m:0s left)
UPDATE BEST LOG-LIKELIHOOD: -8250.023
Iteration 90 / LogL: -8250.824 / Time: 0h:5m:33s (0h:0m:0s left)
Iteration 100 / LogL: -8250.137 / Time: 0h:5m:33s (0h:0m:0s left)
TREE SEARCH COMPLETED AFTER 102 ITERATIONS / Time: 0h:5m:33s

--------------------------------------------------------------------
|                    FINALIZING TREE SEARCH                        |
--------------------------------------------------------------------
Performs final model parameters optimization
Estimate model parameters (epsilon = 0.010)
Initial log-likelihood: -8250.023
Current log-likelihood at step 1: -8250.022
Partition-specific rates:  1.456 0.544
Parameters optimization took 0 rounds (0.004 sec)

Partition information was printed to partition_file.nex.best_model.nex
BEST SCORE FOUND : -8250.022
Total tree length: 13.921

Total number of iterations: 102
CPU time used for tree search: 4.058 sec (0h:0m:4s)
Wall-clock time used for tree search: 3.950 sec (0h:0m:3s)
Total CPU time used: 342.927 sec (0h:5m:42s)
Total wall-clock time used: 333.445 sec (0h:5m:33s)

===> START BOOTSTRAP REPLICATE NUMBER 73

Creating bootstrap alignment (seed: 665339)...

Create initial parsimony tree by phylogenetic likelihood library (PLL)... 0.001 seconds
Reading model parameters from file /Users/mful870/Desktop/MD_3di_Dev_02Oct24/Scriptorum/SubstitutionMatrix/3di_substmat
WARNING: Normalizing state frequencies so that sum of them equals to 1

NOTE: 0 MB RAM (0 GB) is required!
Estimate model parameters (epsilon = 0.100)
Initial log-likelihood: -9213.458
Current log-likelihood at step 1: -8210.521
Current log-likelihood at step 2: -8113.694
Current log-likelihood at step 3: -8113.615
Partition-specific rates:  1.420 0.580
Parameters optimization took 2 rounds (0.024 sec)

Wrote distance file to... 
Computing ML distances based on estimated model parameters...
Calculating distance matrix: done in 3.69549e-05 secs using 86.59% CPU
Computing ML distances took 0.000083 sec (of wall-clock time) 0.000059 sec (of CPU time)
Setting up auxiliary I and S matrices: done in 3.69549e-05 secs using 75.77% CPU
Computing RapidNJ tree took 0.000150 sec (of wall-clock time) 0.000100 sec (of CPU time)
Log-likelihood of RapidNJ tree: -8533.479
--------------------------------------------------------------------
|             INITIALIZING CANDIDATE TREE SET                      |
--------------------------------------------------------------------
Generating 98 parsimony trees... 0.160 second
Computing log-likelihood of 98 initial trees ... 0.224 seconds
Current best score: -8113.615

Do NNI search on 20 best initial trees
Estimate model parameters (epsilon = 0.100)
Initial log-likelihood: -8102.821
Current log-likelihood at step 1: -8102.805
Parameters optimization took 0 rounds (0.004 sec)

BETTER TREE FOUND at iteration 1: -8102.805
Iteration 10 / LogL: -8102.861 / Time: 0h:5m:34s
Iteration 20 / LogL: -8103.292 / Time: 0h:5m:34s
Finish initializing candidate tree set (2)
Current best tree score: -8102.805 / CPU time: 1.351
Number of iterations: 20
--------------------------------------------------------------------
|               OPTIMIZING CANDIDATE TREE SET                      |
--------------------------------------------------------------------
Iteration 30 / LogL: -8102.943 / Time: 0h:5m:35s (0h:0m:4s left)
UPDATE BEST LOG-LIKELIHOOD: -8102.801
Iteration 40 / LogL: -8102.827 / Time: 0h:5m:35s (0h:0m:3s left)
Iteration 50 / LogL: -8102.946 / Time: 0h:5m:36s (0h:0m:2s left)
Iteration 60 / LogL: -8102.942 / Time: 0h:5m:36s (0h:0m:2s left)
Iteration 70 / LogL: -8102.942 / Time: 0h:5m:36s (0h:0m:1s left)
Iteration 80 / LogL: -8102.944 / Time: 0h:5m:37s (0h:0m:1s left)
Iteration 90 / LogL: -8102.971 / Time: 0h:5m:37s (0h:0m:0s left)
Iteration 100 / LogL: -8102.836 / Time: 0h:5m:38s (0h:0m:0s left)
TREE SEARCH COMPLETED AFTER 102 ITERATIONS / Time: 0h:5m:38s

--------------------------------------------------------------------
|                    FINALIZING TREE SEARCH                        |
--------------------------------------------------------------------
Performs final model parameters optimization
Estimate model parameters (epsilon = 0.010)
Initial log-likelihood: -8102.801
Current log-likelihood at step 1: -8102.801
Partition-specific rates:  1.420 0.580
Parameters optimization took 0 rounds (0.004 sec)

Partition information was printed to partition_file.nex.best_model.nex
BEST SCORE FOUND : -8102.801
Total tree length: 12.834

Total number of iterations: 102
CPU time used for tree search: 4.771 sec (0h:0m:4s)
Wall-clock time used for tree search: 4.647 sec (0h:0m:4s)
Total CPU time used: 347.795 sec (0h:5m:47s)
Total wall-clock time used: 338.171 sec (0h:5m:38s)

===> START BOOTSTRAP REPLICATE NUMBER 74

Creating bootstrap alignment (seed: 665340)...

Create initial parsimony tree by phylogenetic likelihood library (PLL)... 0.001 seconds
Reading model parameters from file /Users/mful870/Desktop/MD_3di_Dev_02Oct24/Scriptorum/SubstitutionMatrix/3di_substmat
WARNING: Normalizing state frequencies so that sum of them equals to 1

NOTE: 0 MB RAM (0 GB) is required!
Estimate model parameters (epsilon = 0.100)
Initial log-likelihood: -9057.026
Current log-likelihood at step 1: -8062.912
Current log-likelihood at step 2: -7972.078
Current log-likelihood at step 3: -7972.055
Partition-specific rates:  1.413 0.587
Parameters optimization took 2 rounds (0.024 sec)

Wrote distance file to... 
Computing ML distances based on estimated model parameters...
Calculating distance matrix: done in 4.19617e-05 secs using 85.79% CPU
Computing ML distances took 0.000088 sec (of wall-clock time) 0.000067 sec (of CPU time)
Setting up auxiliary I and S matrices: done in 3.91006e-05 secs using 79.28% CPU
Computing RapidNJ tree took 0.000168 sec (of wall-clock time) 0.000103 sec (of CPU time)
Log-likelihood of RapidNJ tree: -8284.385
--------------------------------------------------------------------
|             INITIALIZING CANDIDATE TREE SET                      |
--------------------------------------------------------------------
Generating 98 parsimony trees... 0.151 second
Computing log-likelihood of 97 initial trees ... 0.221 seconds
Current best score: -7972.055

Do NNI search on 20 best initial trees
Estimate model parameters (epsilon = 0.100)
Initial log-likelihood: -7951.307
Current log-likelihood at step 1: -7951.129
Current log-likelihood at step 2: -7951.127
Parameters optimization took 1 rounds (0.010 sec)

BETTER TREE FOUND at iteration 1: -7951.127
Iteration 10 / LogL: -7951.332 / Time: 0h:5m:39s
Iteration 20 / LogL: -7951.324 / Time: 0h:5m:39s
Finish initializing candidate tree set (1)
Current best tree score: -7951.127 / CPU time: 1.157
Number of iterations: 20
--------------------------------------------------------------------
|               OPTIMIZING CANDIDATE TREE SET                      |
--------------------------------------------------------------------
UPDATE BEST LOG-LIKELIHOOD: -7951.127
Iteration 30 / LogL: -7951.557 / Time: 0h:5m:39s (0h:0m:3s left)
Iteration 40 / LogL: -7951.234 / Time: 0h:5m:39s (0h:0m:2s left)
Iteration 50 / LogL: -7951.314 / Time: 0h:5m:40s (0h:0m:2s left)
Iteration 60 / LogL: -7951.342 / Time: 0h:5m:40s (0h:0m:1s left)
Iteration 70 / LogL: -7951.639 / Time: 0h:5m:40s (0h:0m:1s left)
Iteration 80 / LogL: -7951.824 / Time: 0h:5m:41s (0h:0m:0s left)
Iteration 90 / LogL: -7951.695 / Time: 0h:5m:41s (0h:0m:0s left)
Iteration 100 / LogL: -7951.216 / Time: 0h:5m:41s (0h:0m:0s left)
TREE SEARCH COMPLETED AFTER 102 ITERATIONS / Time: 0h:5m:41s

--------------------------------------------------------------------
|                    FINALIZING TREE SEARCH                        |
--------------------------------------------------------------------
Performs final model parameters optimization
Estimate model parameters (epsilon = 0.010)
Initial log-likelihood: -7951.127
Current log-likelihood at step 1: -7951.127
Partition-specific rates:  1.414 0.586
Parameters optimization took 0 rounds (0.004 sec)

Partition information was printed to partition_file.nex.best_model.nex
BEST SCORE FOUND : -7951.127
Total tree length: 11.937

Total number of iterations: 102
CPU time used for tree search: 3.643 sec (0h:0m:3s)
Wall-clock time used for tree search: 3.505 sec (0h:0m:3s)
Total CPU time used: 351.517 sec (0h:5m:51s)
Total wall-clock time used: 341.748 sec (0h:5m:41s)

===> START BOOTSTRAP REPLICATE NUMBER 75

Creating bootstrap alignment (seed: 665341)...

Create initial parsimony tree by phylogenetic likelihood library (PLL)... 0.002 seconds
Reading model parameters from file /Users/mful870/Desktop/MD_3di_Dev_02Oct24/Scriptorum/SubstitutionMatrix/3di_substmat
WARNING: Normalizing state frequencies so that sum of them equals to 1

NOTE: 0 MB RAM (0 GB) is required!
Estimate model parameters (epsilon = 0.100)
Initial log-likelihood: -9111.272
Current log-likelihood at step 1: -8052.909
Current log-likelihood at step 2: -7930.598
Current log-likelihood at step 3: -7930.373
Current log-likelihood at step 4: -7930.356
Partition-specific rates:  1.480 0.520
Parameters optimization took 3 rounds (0.030 sec)

Wrote distance file to... 
Computing ML distances based on estimated model parameters...
Calculating distance matrix: done in 3.79086e-05 secs using 89.69% CPU
Computing ML distances took 0.000082 sec (of wall-clock time) 0.000062 sec (of CPU time)
Setting up auxiliary I and S matrices: done in 3.00407e-05 secs using 79.89% CPU
Computing RapidNJ tree took 0.000118 sec (of wall-clock time) 0.000074 sec (of CPU time)
Log-likelihood of RapidNJ tree: -8245.001
--------------------------------------------------------------------
|             INITIALIZING CANDIDATE TREE SET                      |
--------------------------------------------------------------------
Generating 98 parsimony trees... 0.158 second
Computing log-likelihood of 98 initial trees ... 0.239 seconds
Current best score: -7930.356

Do NNI search on 20 best initial trees
Estimate model parameters (epsilon = 0.100)
Initial log-likelihood: -7904.490
Current log-likelihood at step 1: -7904.146
Current log-likelihood at step 2: -7904.120
Parameters optimization took 1 rounds (0.010 sec)

BETTER TREE FOUND at iteration 1: -7904.120
Iteration 10 / LogL: -7904.285 / Time: 0h:5m:42s
Iteration 20 / LogL: -7904.219 / Time: 0h:5m:43s
Finish initializing candidate tree set (2)
Current best tree score: -7904.120 / CPU time: 1.423
Number of iterations: 20
--------------------------------------------------------------------
|               OPTIMIZING CANDIDATE TREE SET                      |
--------------------------------------------------------------------
Iteration 30 / LogL: -7904.309 / Time: 0h:5m:43s (0h:0m:4s left)
Iteration 40 / LogL: -7904.177 / Time: 0h:5m:43s (0h:0m:3s left)
Iteration 50 / LogL: -7904.142 / Time: 0h:5m:44s (0h:0m:2s left)
Iteration 60 / LogL: -7904.391 / Time: 0h:5m:44s (0h:0m:1s left)
Iteration 70 / LogL: -7904.280 / Time: 0h:5m:44s (0h:0m:1s left)
Iteration 80 / LogL: -7904.239 / Time: 0h:5m:45s (0h:0m:0s left)
Iteration 90 / LogL: -7904.230 / Time: 0h:5m:45s (0h:0m:0s left)
Iteration 100 / LogL: -7904.238 / Time: 0h:5m:45s (0h:0m:0s left)
TREE SEARCH COMPLETED AFTER 102 ITERATIONS / Time: 0h:5m:45s

--------------------------------------------------------------------
|                    FINALIZING TREE SEARCH                        |
--------------------------------------------------------------------
Performs final model parameters optimization
Estimate model parameters (epsilon = 0.010)
Initial log-likelihood: -7904.120
Current log-likelihood at step 1: -7904.105
Current log-likelihood at step 2: -7904.103
Partition-specific rates:  1.470 0.530
Parameters optimization took 1 rounds (0.009 sec)

Partition information was printed to partition_file.nex.best_model.nex
BEST SCORE FOUND : -7904.103
Total tree length: 14.059

Total number of iterations: 102
CPU time used for tree search: 4.171 sec (0h:0m:4s)
Wall-clock time used for tree search: 4.029 sec (0h:0m:4s)
Total CPU time used: 355.794 sec (0h:5m:55s)
Total wall-clock time used: 345.871 sec (0h:5m:45s)

===> START BOOTSTRAP REPLICATE NUMBER 76

Creating bootstrap alignment (seed: 665342)...

Create initial parsimony tree by phylogenetic likelihood library (PLL)... 0.001 seconds
Reading model parameters from file /Users/mful870/Desktop/MD_3di_Dev_02Oct24/Scriptorum/SubstitutionMatrix/3di_substmat
WARNING: Normalizing state frequencies so that sum of them equals to 1

NOTE: 0 MB RAM (0 GB) is required!
Estimate model parameters (epsilon = 0.100)
Initial log-likelihood: -9177.957
Current log-likelihood at step 1: -8088.268
Current log-likelihood at step 2: -7959.329
Current log-likelihood at step 3: -7959.214
Current log-likelihood at step 4: -7959.204
Partition-specific rates:  1.491 0.509
Parameters optimization took 3 rounds (0.028 sec)

Wrote distance file to... 
Computing ML distances based on estimated model parameters...
Calculating distance matrix: done in 3.50475e-05 secs using 88.45% CPU
Computing ML distances took 0.000090 sec (of wall-clock time) 0.000057 sec (of CPU time)
Setting up auxiliary I and S matrices: done in 3.19481e-05 secs using 78.25% CPU
Computing RapidNJ tree took 0.000133 sec (of wall-clock time) 0.000085 sec (of CPU time)
Log-likelihood of RapidNJ tree: -8299.849
--------------------------------------------------------------------
|             INITIALIZING CANDIDATE TREE SET                      |
--------------------------------------------------------------------
Generating 98 parsimony trees... 0.139 second
Computing log-likelihood of 93 initial trees ... 0.210 seconds
Current best score: -7959.204

Do NNI search on 20 best initial trees
Estimate model parameters (epsilon = 0.100)
Initial log-likelihood: -7953.351
Current log-likelihood at step 1: -7953.274
Parameters optimization took 0 rounds (0.004 sec)

BETTER TREE FOUND at iteration 1: -7953.274
Iteration 10 / LogL: -7953.718 / Time: 0h:5m:46s
Iteration 20 / LogL: -7953.690 / Time: 0h:5m:47s
Finish initializing candidate tree set (1)
Current best tree score: -7953.274 / CPU time: 1.230
Number of iterations: 20
--------------------------------------------------------------------
|               OPTIMIZING CANDIDATE TREE SET                      |
--------------------------------------------------------------------
Iteration 30 / LogL: -7953.388 / Time: 0h:5m:47s (0h:0m:3s left)
UPDATE BEST LOG-LIKELIHOOD: -7953.266
Iteration 40 / LogL: -7953.266 / Time: 0h:5m:47s (0h:0m:2s left)
Iteration 50 / LogL: -7953.511 / Time: 0h:5m:48s (0h:0m:2s left)
Iteration 60 / LogL: -7953.540 / Time: 0h:5m:48s (0h:0m:1s left)
UPDATE BEST LOG-LIKELIHOOD: -7953.266
Iteration 70 / LogL: -7953.589 / Time: 0h:5m:48s (0h:0m:1s left)
Iteration 80 / LogL: -7953.747 / Time: 0h:5m:49s (0h:0m:0s left)
Iteration 90 / LogL: -7953.479 / Time: 0h:5m:49s (0h:0m:0s left)
Iteration 100 / LogL: -7953.345 / Time: 0h:5m:49s (0h:0m:0s left)
TREE SEARCH COMPLETED AFTER 102 ITERATIONS / Time: 0h:5m:49s

--------------------------------------------------------------------
|                    FINALIZING TREE SEARCH                        |
--------------------------------------------------------------------
Performs final model parameters optimization
Estimate model parameters (epsilon = 0.010)
Initial log-likelihood: -7953.266
Current log-likelihood at step 1: -7953.261
Partition-specific rates:  1.488 0.512
Parameters optimization took 0 rounds (0.004 sec)

Partition information was printed to partition_file.nex.best_model.nex
BEST SCORE FOUND : -7953.261
Total tree length: 14.769

Total number of iterations: 102
CPU time used for tree search: 3.869 sec (0h:0m:3s)
Wall-clock time used for tree search: 3.733 sec (0h:0m:3s)
Total CPU time used: 359.755 sec (0h:5m:59s)
Total wall-clock time used: 349.685 sec (0h:5m:49s)

===> START BOOTSTRAP REPLICATE NUMBER 77

Creating bootstrap alignment (seed: 665343)...

Create initial parsimony tree by phylogenetic likelihood library (PLL)... 0.001 seconds
Reading model parameters from file /Users/mful870/Desktop/MD_3di_Dev_02Oct24/Scriptorum/SubstitutionMatrix/3di_substmat
WARNING: Normalizing state frequencies so that sum of them equals to 1

NOTE: 0 MB RAM (0 GB) is required!
Estimate model parameters (epsilon = 0.100)
Initial log-likelihood: -9018.455
Current log-likelihood at step 1: -7955.678
Current log-likelihood at step 2: -7852.668
Current log-likelihood at step 3: -7852.591
Partition-specific rates:  1.442 0.558
Parameters optimization took 2 rounds (0.025 sec)

Wrote distance file to... 
Computing ML distances based on estimated model parameters...
Calculating distance matrix: done in 3.60012e-05 secs using 83.33% CPU
Computing ML distances took 0.000089 sec (of wall-clock time) 0.000057 sec (of CPU time)
Setting up auxiliary I and S matrices: done in 3.09944e-05 secs using 77.43% CPU
Computing RapidNJ tree took 0.000134 sec (of wall-clock time) 0.000085 sec (of CPU time)
Log-likelihood of RapidNJ tree: -8243.758
--------------------------------------------------------------------
|             INITIALIZING CANDIDATE TREE SET                      |
--------------------------------------------------------------------
Generating 98 parsimony trees... 0.174 second
Computing log-likelihood of 97 initial trees ... 0.222 seconds
Current best score: -7852.591

Do NNI search on 20 best initial trees
Estimate model parameters (epsilon = 0.100)
Initial log-likelihood: -7839.440
Current log-likelihood at step 1: -7839.412
Parameters optimization took 0 rounds (0.005 sec)

BETTER TREE FOUND at iteration 1: -7839.412
Estimate model parameters (epsilon = 0.100)
Initial log-likelihood: -7839.093
Current log-likelihood at step 1: -7838.938
Current log-likelihood at step 2: -7838.932
Parameters optimization took 1 rounds (0.008 sec)

BETTER TREE FOUND at iteration 2: -7838.932
Estimate model parameters (epsilon = 0.100)
Initial log-likelihood: -7838.778
Current log-likelihood at step 1: -7838.658
Current log-likelihood at step 2: -7838.651
Parameters optimization took 1 rounds (0.008 sec)

BETTER TREE FOUND at iteration 5: -7838.651
Iteration 10 / LogL: -7838.766 / Time: 0h:5m:50s
Iteration 20 / LogL: -7839.442 / Time: 0h:5m:51s
Finish initializing candidate tree set (3)
Current best tree score: -7838.651 / CPU time: 1.371
Number of iterations: 20
--------------------------------------------------------------------
|               OPTIMIZING CANDIDATE TREE SET                      |
--------------------------------------------------------------------
Iteration 30 / LogL: -7838.655 / Time: 0h:5m:51s (0h:0m:4s left)
Iteration 40 / LogL: -7839.414 / Time: 0h:5m:51s (0h:0m:3s left)
Iteration 50 / LogL: -7838.695 / Time: 0h:5m:52s (0h:0m:2s left)
Iteration 60 / LogL: -7839.299 / Time: 0h:5m:52s (0h:0m:2s left)
Iteration 70 / LogL: -7838.707 / Time: 0h:5m:53s (0h:0m:1s left)
Iteration 80 / LogL: -7838.661 / Time: 0h:5m:53s (0h:0m:1s left)
Iteration 90 / LogL: -7839.507 / Time: 0h:5m:54s (0h:0m:0s left)
UPDATE BEST LOG-LIKELIHOOD: -7838.650
Iteration 100 / LogL: -7838.664 / Time: 0h:5m:54s (0h:0m:0s left)
TREE SEARCH COMPLETED AFTER 106 ITERATIONS / Time: 0h:5m:55s

--------------------------------------------------------------------
|                    FINALIZING TREE SEARCH                        |
--------------------------------------------------------------------
Performs final model parameters optimization
Estimate model parameters (epsilon = 0.010)
Initial log-likelihood: -7838.650
Current log-likelihood at step 1: -7838.648
Partition-specific rates:  1.439 0.561
Parameters optimization took 0 rounds (0.004 sec)

Partition information was printed to partition_file.nex.best_model.nex
BEST SCORE FOUND : -7838.648
Total tree length: 13.784

Total number of iterations: 106
CPU time used for tree search: 5.364 sec (0h:0m:5s)
Wall-clock time used for tree search: 5.238 sec (0h:0m:5s)
Total CPU time used: 365.216 sec (0h:6m:5s)
Total wall-clock time used: 355.008 sec (0h:5m:55s)

===> START BOOTSTRAP REPLICATE NUMBER 78

Creating bootstrap alignment (seed: 665344)...

Create initial parsimony tree by phylogenetic likelihood library (PLL)... 0.001 seconds
Reading model parameters from file /Users/mful870/Desktop/MD_3di_Dev_02Oct24/Scriptorum/SubstitutionMatrix/3di_substmat
WARNING: Normalizing state frequencies so that sum of them equals to 1

NOTE: 0 MB RAM (0 GB) is required!
Estimate model parameters (epsilon = 0.100)
Initial log-likelihood: -8527.139
Current log-likelihood at step 1: -7523.404
Current log-likelihood at step 2: -7420.444
Current log-likelihood at step 3: -7420.357
Partition-specific rates:  1.454 0.546
Parameters optimization took 2 rounds (0.024 sec)

Wrote distance file to... 
Computing ML distances based on estimated model parameters...
Calculating distance matrix: done in 5.10216e-05 secs using 84.28% CPU
Computing ML distances took 0.000131 sec (of wall-clock time) 0.000083 sec (of CPU time)
Setting up auxiliary I and S matrices: done in 3.50475e-05 secs using 79.89% CPU
Computing RapidNJ tree took 0.000156 sec (of wall-clock time) 0.000094 sec (of CPU time)
Log-likelihood of RapidNJ tree: -7680.761
--------------------------------------------------------------------
|             INITIALIZING CANDIDATE TREE SET                      |
--------------------------------------------------------------------
Generating 98 parsimony trees... 0.180 second
Computing log-likelihood of 97 initial trees ... 0.239 seconds
Current best score: -7420.357

Do NNI search on 20 best initial trees
Estimate model parameters (epsilon = 0.100)
Initial log-likelihood: -7394.295
Current log-likelihood at step 1: -7394.027
Current log-likelihood at step 2: -7394.015
Parameters optimization took 1 rounds (0.012 sec)

BETTER TREE FOUND at iteration 1: -7394.015
Iteration 10 / LogL: -7394.912 / Time: 0h:5m:55s
Iteration 20 / LogL: -7394.285 / Time: 0h:5m:56s
Finish initializing candidate tree set (1)
Current best tree score: -7394.015 / CPU time: 1.407
Number of iterations: 20
--------------------------------------------------------------------
|               OPTIMIZING CANDIDATE TREE SET                      |
--------------------------------------------------------------------
UPDATE BEST LOG-LIKELIHOOD: -7394.015
Iteration 30 / LogL: -7394.053 / Time: 0h:5m:56s (0h:0m:4s left)
Iteration 40 / LogL: -7394.240 / Time: 0h:5m:57s (0h:0m:3s left)
Iteration 50 / LogL: -7394.652 / Time: 0h:5m:57s (0h:0m:2s left)
Iteration 60 / LogL: -7394.137 / Time: 0h:5m:58s (0h:0m:2s left)
Iteration 70 / LogL: -7394.040 / Time: 0h:5m:58s (0h:0m:1s left)
Iteration 80 / LogL: -7394.143 / Time: 0h:5m:58s (0h:0m:1s left)
Iteration 90 / LogL: -7395.454 / Time: 0h:5m:59s (0h:0m:0s left)
Iteration 100 / LogL: -7394.391 / Time: 0h:5m:59s (0h:0m:0s left)
TREE SEARCH COMPLETED AFTER 102 ITERATIONS / Time: 0h:5m:59s

--------------------------------------------------------------------
|                    FINALIZING TREE SEARCH                        |
--------------------------------------------------------------------
Performs final model parameters optimization
Estimate model parameters (epsilon = 0.010)
Initial log-likelihood: -7394.015
Current log-likelihood at step 1: -7394.012
Partition-specific rates:  1.456 0.544
Parameters optimization took 0 rounds (0.004 sec)

Partition information was printed to partition_file.nex.best_model.nex
BEST SCORE FOUND : -7394.012
Total tree length: 13.779

Total number of iterations: 102
CPU time used for tree search: 4.819 sec (0h:0m:4s)
Wall-clock time used for tree search: 4.697 sec (0h:0m:4s)
Total CPU time used: 370.137 sec (0h:6m:10s)
Total wall-clock time used: 359.793 sec (0h:5m:59s)

===> START BOOTSTRAP REPLICATE NUMBER 79

Creating bootstrap alignment (seed: 665345)...

Create initial parsimony tree by phylogenetic likelihood library (PLL)... 0.001 seconds
Reading model parameters from file /Users/mful870/Desktop/MD_3di_Dev_02Oct24/Scriptorum/SubstitutionMatrix/3di_substmat
WARNING: Normalizing state frequencies so that sum of them equals to 1

NOTE: 0 MB RAM (0 GB) is required!
Estimate model parameters (epsilon = 0.100)
Initial log-likelihood: -8819.776
Current log-likelihood at step 1: -7765.266
Current log-likelihood at step 2: -7687.297
Current log-likelihood at step 3: -7687.279
Partition-specific rates:  1.389 0.611
Parameters optimization took 2 rounds (0.024 sec)

Wrote distance file to... 
Computing ML distances based on estimated model parameters...
Calculating distance matrix: done in 3.60012e-05 secs using 83.33% CPU
Computing ML distances took 0.000095 sec (of wall-clock time) 0.000060 sec (of CPU time)
Setting up auxiliary I and S matrices: done in 3.79086e-05 secs using 76.5% CPU
Computing RapidNJ tree took 0.000142 sec (of wall-clock time) 0.000087 sec (of CPU time)
Log-likelihood of RapidNJ tree: -7999.764
--------------------------------------------------------------------
|             INITIALIZING CANDIDATE TREE SET                      |
--------------------------------------------------------------------
Generating 98 parsimony trees... 0.168 second
Computing log-likelihood of 98 initial trees ... 0.245 seconds
Current best score: -7687.279

Do NNI search on 20 best initial trees
Estimate model parameters (epsilon = 0.100)
Initial log-likelihood: -7679.304
Current log-likelihood at step 1: -7679.220
Parameters optimization took 0 rounds (0.004 sec)

BETTER TREE FOUND at iteration 1: -7679.220
Iteration 10 / LogL: -7679.621 / Time: 0h:6m:0s
Iteration 20 / LogL: -7680.638 / Time: 0h:6m:1s
Finish initializing candidate tree set (1)
Current best tree score: -7679.220 / CPU time: 1.263
Number of iterations: 20
--------------------------------------------------------------------
|               OPTIMIZING CANDIDATE TREE SET                      |
--------------------------------------------------------------------
Iteration 30 / LogL: -7679.263 / Time: 0h:6m:1s (0h:0m:4s left)
Iteration 40 / LogL: -7679.267 / Time: 0h:6m:1s (0h:0m:3s left)
Iteration 50 / LogL: -7679.269 / Time: 0h:6m:2s (0h:0m:2s left)
Iteration 60 / LogL: -7679.243 / Time: 0h:6m:2s (0h:0m:1s left)
UPDATE BEST LOG-LIKELIHOOD: -7679.213
Iteration 70 / LogL: -7679.704 / Time: 0h:6m:2s (0h:0m:1s left)
Iteration 80 / LogL: -7679.608 / Time: 0h:6m:3s (0h:0m:0s left)
Iteration 90 / LogL: -7679.309 / Time: 0h:6m:3s (0h:0m:0s left)
UPDATE BEST LOG-LIKELIHOOD: -7679.212
Iteration 100 / LogL: -7679.294 / Time: 0h:6m:3s (0h:0m:0s left)
TREE SEARCH COMPLETED AFTER 102 ITERATIONS / Time: 0h:6m:3s

--------------------------------------------------------------------
|                    FINALIZING TREE SEARCH                        |
--------------------------------------------------------------------
Performs final model parameters optimization
Estimate model parameters (epsilon = 0.010)
Initial log-likelihood: -7679.212
Current log-likelihood at step 1: -7679.212
Partition-specific rates:  1.388 0.612
Parameters optimization took 0 rounds (0.004 sec)

Partition information was printed to partition_file.nex.best_model.nex
BEST SCORE FOUND : -7679.212
Total tree length: 12.904

Total number of iterations: 102
CPU time used for tree search: 4.083 sec (0h:0m:4s)
Wall-clock time used for tree search: 3.955 sec (0h:0m:3s)
Total CPU time used: 374.299 sec (0h:6m:14s)
Total wall-clock time used: 363.826 sec (0h:6m:3s)

===> START BOOTSTRAP REPLICATE NUMBER 80

Creating bootstrap alignment (seed: 665346)...

Create initial parsimony tree by phylogenetic likelihood library (PLL)... 0.001 seconds
Reading model parameters from file /Users/mful870/Desktop/MD_3di_Dev_02Oct24/Scriptorum/SubstitutionMatrix/3di_substmat
WARNING: Normalizing state frequencies so that sum of them equals to 1

NOTE: 0 MB RAM (0 GB) is required!
Estimate model parameters (epsilon = 0.100)
Initial log-likelihood: -8711.246
Current log-likelihood at step 1: -7699.567
Current log-likelihood at step 2: -7590.961
Current log-likelihood at step 3: -7590.690
Current log-likelihood at step 4: -7590.672
Partition-specific rates:  1.471 0.529
Parameters optimization took 3 rounds (0.028 sec)

Wrote distance file to... 
Computing ML distances based on estimated model parameters...
Calculating distance matrix: done in 4.00543e-05 secs using 84.88% CPU
Computing ML distances took 0.000095 sec (of wall-clock time) 0.000063 sec (of CPU time)
Setting up auxiliary I and S matrices: done in 3.69549e-05 secs using 75.77% CPU
Computing RapidNJ tree took 0.000219 sec (of wall-clock time) 0.000106 sec (of CPU time)
Log-likelihood of RapidNJ tree: -7925.848
--------------------------------------------------------------------
|             INITIALIZING CANDIDATE TREE SET                      |
--------------------------------------------------------------------
Generating 98 parsimony trees... 0.159 second
Computing log-likelihood of 98 initial trees ... 0.241 seconds
Current best score: -7590.672

Do NNI search on 20 best initial trees
Estimate model parameters (epsilon = 0.100)
Initial log-likelihood: -7590.214
Current log-likelihood at step 1: -7590.194
Parameters optimization took 0 rounds (0.004 sec)

BETTER TREE FOUND at iteration 1: -7590.194
Iteration 10 / LogL: -7590.699 / Time: 0h:6m:4s
Iteration 20 / LogL: -7590.963 / Time: 0h:6m:5s
Finish initializing candidate tree set (3)
Current best tree score: -7590.194 / CPU time: 1.192
Number of iterations: 20
--------------------------------------------------------------------
|               OPTIMIZING CANDIDATE TREE SET                      |
--------------------------------------------------------------------
Estimate model parameters (epsilon = 0.100)
Initial log-likelihood: -7590.176
Current log-likelihood at step 1: -7590.160
Parameters optimization took 0 rounds (0.004 sec)

UPDATE BEST LOG-LIKELIHOOD: -7590.160
Iteration 30 / LogL: -7593.584 / Time: 0h:6m:5s (0h:0m:3s left)
Iteration 40 / LogL: -7590.176 / Time: 0h:6m:5s (0h:0m:3s left)
Iteration 50 / LogL: -7593.535 / Time: 0h:6m:6s (0h:0m:2s left)
Iteration 60 / LogL: -7590.356 / Time: 0h:6m:6s (0h:0m:1s left)
Iteration 70 / LogL: -7593.534 / Time: 0h:6m:7s (0h:0m:1s left)
Iteration 80 / LogL: -7590.168 / Time: 0h:6m:7s (0h:0m:0s left)
Iteration 90 / LogL: -7590.181 / Time: 0h:6m:7s (0h:0m:0s left)
Iteration 100 / LogL: -7590.481 / Time: 0h:6m:8s (0h:0m:0s left)
TREE SEARCH COMPLETED AFTER 102 ITERATIONS / Time: 0h:6m:8s

--------------------------------------------------------------------
|                    FINALIZING TREE SEARCH                        |
--------------------------------------------------------------------
Performs final model parameters optimization
Estimate model parameters (epsilon = 0.010)
Initial log-likelihood: -7590.160
Current log-likelihood at step 1: -7590.158
Partition-specific rates:  1.467 0.533
Parameters optimization took 0 rounds (0.004 sec)

Partition information was printed to partition_file.nex.best_model.nex
BEST SCORE FOUND : -7590.158
Total tree length: 12.944

Total number of iterations: 102
CPU time used for tree search: 4.553 sec (0h:0m:4s)
Wall-clock time used for tree search: 4.447 sec (0h:0m:4s)
Total CPU time used: 378.964 sec (0h:6m:18s)
Total wall-clock time used: 368.366 sec (0h:6m:8s)

===> START BOOTSTRAP REPLICATE NUMBER 81

Creating bootstrap alignment (seed: 665347)...

Create initial parsimony tree by phylogenetic likelihood library (PLL)... 0.001 seconds
Reading model parameters from file /Users/mful870/Desktop/MD_3di_Dev_02Oct24/Scriptorum/SubstitutionMatrix/3di_substmat
WARNING: Normalizing state frequencies so that sum of them equals to 1

NOTE: 0 MB RAM (0 GB) is required!
Estimate model parameters (epsilon = 0.100)
Initial log-likelihood: -8957.382
Current log-likelihood at step 1: -7914.580
Current log-likelihood at step 2: -7809.392
Current log-likelihood at step 3: -7809.267
Current log-likelihood at step 4: -7809.263
Partition-specific rates:  1.448 0.552
Parameters optimization took 3 rounds (0.028 sec)

Wrote distance file to... 
Computing ML distances based on estimated model parameters...
Calculating distance matrix: done in 4.31538e-05 secs using 83.42% CPU
Computing ML distances took 0.000105 sec (of wall-clock time) 0.000069 sec (of CPU time)
Setting up auxiliary I and S matrices: done in 3.69549e-05 secs using 75.77% CPU
Computing RapidNJ tree took 0.000172 sec (of wall-clock time) 0.000097 sec (of CPU time)
Log-likelihood of RapidNJ tree: -8130.550
--------------------------------------------------------------------
|             INITIALIZING CANDIDATE TREE SET                      |
--------------------------------------------------------------------
Generating 98 parsimony trees... 0.164 second
Computing log-likelihood of 98 initial trees ... 0.235 seconds
Current best score: -7809.263

Do NNI search on 20 best initial trees
Estimate model parameters (epsilon = 0.100)
Initial log-likelihood: -7792.666
Current log-likelihood at step 1: -7792.629
Parameters optimization took 0 rounds (0.005 sec)

BETTER TREE FOUND at iteration 1: -7792.629
Iteration 10 / LogL: -7792.694 / Time: 0h:6m:9s
UPDATE BEST LOG-LIKELIHOOD: -7792.628
UPDATE BEST LOG-LIKELIHOOD: -7792.627
Iteration 20 / LogL: -7792.627 / Time: 0h:6m:9s
Finish initializing candidate tree set (2)
Current best tree score: -7792.627 / CPU time: 1.373
Number of iterations: 20
--------------------------------------------------------------------
|               OPTIMIZING CANDIDATE TREE SET                      |
--------------------------------------------------------------------
UPDATE BEST LOG-LIKELIHOOD: -7792.627
Iteration 30 / LogL: -7792.664 / Time: 0h:6m:10s (0h:0m:4s left)
Iteration 40 / LogL: -7797.874 / Time: 0h:6m:10s (0h:0m:3s left)
Iteration 50 / LogL: -7792.639 / Time: 0h:6m:11s (0h:0m:2s left)
Iteration 60 / LogL: -7792.713 / Time: 0h:6m:11s (0h:0m:2s left)
Iteration 70 / LogL: -7792.635 / Time: 0h:6m:11s (0h:0m:1s left)
Iteration 80 / LogL: -7792.628 / Time: 0h:6m:12s (0h:0m:1s left)
Iteration 90 / LogL: -7792.981 / Time: 0h:6m:12s (0h:0m:0s left)
Iteration 100 / LogL: -7792.797 / Time: 0h:6m:12s (0h:0m:0s left)
TREE SEARCH COMPLETED AFTER 102 ITERATIONS / Time: 0h:6m:13s

--------------------------------------------------------------------
|                    FINALIZING TREE SEARCH                        |
--------------------------------------------------------------------
Performs final model parameters optimization
Estimate model parameters (epsilon = 0.010)
Initial log-likelihood: -7792.627
Current log-likelihood at step 1: -7792.626
Partition-specific rates:  1.442 0.558
Parameters optimization took 0 rounds (0.004 sec)

Partition information was printed to partition_file.nex.best_model.nex
BEST SCORE FOUND : -7792.626
Total tree length: 13.269

Total number of iterations: 102
CPU time used for tree search: 4.683 sec (0h:0m:4s)
Wall-clock time used for tree search: 4.564 sec (0h:0m:4s)
Total CPU time used: 383.746 sec (0h:6m:23s)
Total wall-clock time used: 373.014 sec (0h:6m:13s)

===> START BOOTSTRAP REPLICATE NUMBER 82

Creating bootstrap alignment (seed: 665348)...

Create initial parsimony tree by phylogenetic likelihood library (PLL)... 0.001 seconds
Reading model parameters from file /Users/mful870/Desktop/MD_3di_Dev_02Oct24/Scriptorum/SubstitutionMatrix/3di_substmat
WARNING: Normalizing state frequencies so that sum of them equals to 1

NOTE: 0 MB RAM (0 GB) is required!
Estimate model parameters (epsilon = 0.100)
Initial log-likelihood: -9215.855
Current log-likelihood at step 1: -8141.281
Current log-likelihood at step 2: -8031.306
Current log-likelihood at step 3: -8031.052
Current log-likelihood at step 4: -8030.989
Partition-specific rates:  1.466 0.534
Parameters optimization took 3 rounds (0.030 sec)

Wrote distance file to... 
Computing ML distances based on estimated model parameters...
Calculating distance matrix: done in 5.50747e-05 secs using 85.34% CPU
Computing ML distances took 0.000134 sec (of wall-clock time) 0.000087 sec (of CPU time)
Setting up auxiliary I and S matrices: done in 4.29153e-05 secs using 76.9% CPU
Computing RapidNJ tree took 0.000173 sec (of wall-clock time) 0.000102 sec (of CPU time)
Log-likelihood of RapidNJ tree: -8348.178
--------------------------------------------------------------------
|             INITIALIZING CANDIDATE TREE SET                      |
--------------------------------------------------------------------
Generating 98 parsimony trees... 0.160 second
Computing log-likelihood of 98 initial trees ... 0.238 seconds
Current best score: -8030.989

Do NNI search on 20 best initial trees
Estimate model parameters (epsilon = 0.100)
Initial log-likelihood: -8026.839
Current log-likelihood at step 1: -8026.829
Parameters optimization took 0 rounds (0.004 sec)

BETTER TREE FOUND at iteration 1: -8026.829
Estimate model parameters (epsilon = 0.100)
Initial log-likelihood: -8026.724
Current log-likelihood at step 1: -8026.693
Parameters optimization took 0 rounds (0.004 sec)

BETTER TREE FOUND at iteration 10: -8026.693
Iteration 10 / LogL: -8026.693 / Time: 0h:6m:14s
Iteration 20 / LogL: -8027.487 / Time: 0h:6m:14s
Finish initializing candidate tree set (4)
Current best tree score: -8026.693 / CPU time: 1.553
Number of iterations: 20
--------------------------------------------------------------------
|               OPTIMIZING CANDIDATE TREE SET                      |
--------------------------------------------------------------------
UPDATE BEST LOG-LIKELIHOOD: -8026.687
Iteration 30 / LogL: -8030.844 / Time: 0h:6m:15s (0h:0m:6s left)
UPDATE BEST LOG-LIKELIHOOD: -8026.687
UPDATE BEST LOG-LIKELIHOOD: -8026.686
UPDATE BEST LOG-LIKELIHOOD: -8026.686
Iteration 40 / LogL: -8026.686 / Time: 0h:6m:15s (0h:0m:4s left)
Iteration 50 / LogL: -8026.688 / Time: 0h:6m:16s (0h:0m:4s left)
UPDATE BEST LOG-LIKELIHOOD: -8026.686
Iteration 60 / LogL: -8026.904 / Time: 0h:6m:16s (0h:0m:3s left)
Iteration 70 / LogL: -8026.859 / Time: 0h:6m:17s (0h:0m:2s left)
UPDATE BEST LOG-LIKELIHOOD: -8026.686
Iteration 80 / LogL: -8026.858 / Time: 0h:6m:18s (0h:0m:1s left)
Iteration 90 / LogL: -8026.858 / Time: 0h:6m:18s (0h:0m:1s left)
UPDATE BEST LOG-LIKELIHOOD: -8026.686
Iteration 100 / LogL: -8026.687 / Time: 0h:6m:19s (0h:0m:0s left)
WARNING: NNI search needs unusual large number of steps (13) to converge!
Iteration 110 / LogL: -8026.686 / Time: 0h:6m:19s (0h:0m:0s left)
TREE SEARCH COMPLETED AFTER 111 ITERATIONS / Time: 0h:6m:19s

--------------------------------------------------------------------
|                    FINALIZING TREE SEARCH                        |
--------------------------------------------------------------------
Performs final model parameters optimization
Estimate model parameters (epsilon = 0.010)
Initial log-likelihood: -8026.686
Current log-likelihood at step 1: -8026.686
Partition-specific rates:  1.463 0.537
Parameters optimization took 0 rounds (0.004 sec)

Partition information was printed to partition_file.nex.best_model.nex
BEST SCORE FOUND : -8026.686
Total tree length: 14.077

Total number of iterations: 111
CPU time used for tree search: 6.939 sec (0h:0m:6s)
Wall-clock time used for tree search: 6.827 sec (0h:0m:6s)
Total CPU time used: 390.786 sec (0h:6m:30s)
Total wall-clock time used: 379.929 sec (0h:6m:19s)

===> START BOOTSTRAP REPLICATE NUMBER 83

Creating bootstrap alignment (seed: 665349)...

Create initial parsimony tree by phylogenetic likelihood library (PLL)... 0.001 seconds
Reading model parameters from file /Users/mful870/Desktop/MD_3di_Dev_02Oct24/Scriptorum/SubstitutionMatrix/3di_substmat
WARNING: Normalizing state frequencies so that sum of them equals to 1

NOTE: 0 MB RAM (0 GB) is required!
Estimate model parameters (epsilon = 0.100)
Initial log-likelihood: -8981.165
Current log-likelihood at step 1: -7931.068
Current log-likelihood at step 2: -7828.263
Current log-likelihood at step 3: -7828.221
Partition-specific rates:  1.438 0.562
Parameters optimization took 2 rounds (0.025 sec)

Wrote distance file to... 
Computing ML distances based on estimated model parameters...
Calculating distance matrix: done in 4.19617e-05 secs using 88.18% CPU
Computing ML distances took 0.000100 sec (of wall-clock time) 0.000068 sec (of CPU time)
Setting up auxiliary I and S matrices: done in 3.91006e-05 secs using 76.73% CPU
Computing RapidNJ tree took 0.000177 sec (of wall-clock time) 0.000098 sec (of CPU time)
Log-likelihood of RapidNJ tree: -8200.494
--------------------------------------------------------------------
|             INITIALIZING CANDIDATE TREE SET                      |
--------------------------------------------------------------------
Generating 98 parsimony trees... 0.133 second
Computing log-likelihood of 97 initial trees ... 0.246 seconds
Current best score: -7828.221

Do NNI search on 20 best initial trees
Estimate model parameters (epsilon = 0.100)
Initial log-likelihood: -7819.856
Current log-likelihood at step 1: -7819.805
Parameters optimization took 0 rounds (0.007 sec)

BETTER TREE FOUND at iteration 1: -7819.805
UPDATE BEST LOG-LIKELIHOOD: -7819.805
Iteration 10 / LogL: -7819.821 / Time: 0h:6m:20s
Iteration 20 / LogL: -7819.811 / Time: 0h:6m:21s
Finish initializing candidate tree set (2)
Current best tree score: -7819.805 / CPU time: 1.520
Number of iterations: 20
--------------------------------------------------------------------
|               OPTIMIZING CANDIDATE TREE SET                      |
--------------------------------------------------------------------
Iteration 30 / LogL: -7819.811 / Time: 0h:6m:21s (0h:0m:4s left)
UPDATE BEST LOG-LIKELIHOOD: -7819.799
Iteration 40 / LogL: -7819.826 / Time: 0h:6m:22s (0h:0m:3s left)
Iteration 50 / LogL: -7819.810 / Time: 0h:6m:22s (0h:0m:2s left)
UPDATE BEST LOG-LIKELIHOOD: -7819.797
Iteration 60 / LogL: -7819.819 / Time: 0h:6m:23s (0h:0m:2s left)
Iteration 70 / LogL: -7819.807 / Time: 0h:6m:23s (0h:0m:1s left)
Iteration 80 / LogL: -7819.811 / Time: 0h:6m:23s (0h:0m:1s left)
Iteration 90 / LogL: -7819.824 / Time: 0h:6m:24s (0h:0m:0s left)
Iteration 100 / LogL: -7819.808 / Time: 0h:6m:24s (0h:0m:0s left)
TREE SEARCH COMPLETED AFTER 102 ITERATIONS / Time: 0h:6m:24s

--------------------------------------------------------------------
|                    FINALIZING TREE SEARCH                        |
--------------------------------------------------------------------
Performs final model parameters optimization
Estimate model parameters (epsilon = 0.010)
Initial log-likelihood: -7819.797
Current log-likelihood at step 1: -7819.797
Partition-specific rates:  1.444 0.556
Parameters optimization took 0 rounds (0.004 sec)

Partition information was printed to partition_file.nex.best_model.nex
BEST SCORE FOUND : -7819.797
Total tree length: 13.738

Total number of iterations: 102
CPU time used for tree search: 4.947 sec (0h:0m:4s)
Wall-clock time used for tree search: 4.825 sec (0h:0m:4s)
Total CPU time used: 395.817 sec (0h:6m:35s)
Total wall-clock time used: 384.829 sec (0h:6m:24s)

===> START BOOTSTRAP REPLICATE NUMBER 84

Creating bootstrap alignment (seed: 665350)...

Create initial parsimony tree by phylogenetic likelihood library (PLL)... 0.001 seconds
Reading model parameters from file /Users/mful870/Desktop/MD_3di_Dev_02Oct24/Scriptorum/SubstitutionMatrix/3di_substmat
WARNING: Normalizing state frequencies so that sum of them equals to 1

NOTE: 0 MB RAM (0 GB) is required!
Estimate model parameters (epsilon = 0.100)
Initial log-likelihood: -9143.711
Current log-likelihood at step 1: -8061.711
Current log-likelihood at step 2: -7961.109
Current log-likelihood at step 3: -7960.950
Current log-likelihood at step 4: -7960.937
Partition-specific rates:  1.435 0.565
Parameters optimization took 3 rounds (0.028 sec)

Wrote distance file to... 
Computing ML distances based on estimated model parameters...
Calculating distance matrix: done in 3.60012e-05 secs using 86.11% CPU
Computing ML distances took 0.000090 sec (of wall-clock time) 0.000058 sec (of CPU time)
Setting up auxiliary I and S matrices: done in 3.21865e-05 secs using 74.57% CPU
Computing RapidNJ tree took 0.000152 sec (of wall-clock time) 0.000097 sec (of CPU time)
Log-likelihood of RapidNJ tree: -8281.050
--------------------------------------------------------------------
|             INITIALIZING CANDIDATE TREE SET                      |
--------------------------------------------------------------------
Generating 98 parsimony trees... 0.147 second
Computing log-likelihood of 98 initial trees ... 0.230 seconds
Current best score: -7960.937

Do NNI search on 20 best initial trees
Estimate model parameters (epsilon = 0.100)
Initial log-likelihood: -7947.310
Current log-likelihood at step 1: -7947.050
Current log-likelihood at step 2: -7947.048
Parameters optimization took 1 rounds (0.010 sec)

BETTER TREE FOUND at iteration 1: -7947.048
Iteration 10 / LogL: -7947.313 / Time: 0h:6m:25s
Iteration 20 / LogL: -7947.196 / Time: 0h:6m:26s
Finish initializing candidate tree set (1)
Current best tree score: -7947.048 / CPU time: 1.335
Number of iterations: 20
--------------------------------------------------------------------
|               OPTIMIZING CANDIDATE TREE SET                      |
--------------------------------------------------------------------
Iteration 30 / LogL: -7947.121 / Time: 0h:6m:26s (0h:0m:4s left)
Iteration 40 / LogL: -7947.386 / Time: 0h:6m:26s (0h:0m:3s left)
Iteration 50 / LogL: -7947.228 / Time: 0h:6m:27s (0h:0m:2s left)
Iteration 60 / LogL: -7947.194 / Time: 0h:6m:27s (0h:0m:1s left)
Iteration 70 / LogL: -7947.340 / Time: 0h:6m:27s (0h:0m:1s left)
Iteration 80 / LogL: -7947.186 / Time: 0h:6m:28s (0h:0m:0s left)
Iteration 90 / LogL: -7947.142 / Time: 0h:6m:28s (0h:0m:0s left)
Iteration 100 / LogL: -7947.067 / Time: 0h:6m:28s (0h:0m:0s left)
TREE SEARCH COMPLETED AFTER 102 ITERATIONS / Time: 0h:6m:28s

--------------------------------------------------------------------
|                    FINALIZING TREE SEARCH                        |
--------------------------------------------------------------------
Performs final model parameters optimization
Estimate model parameters (epsilon = 0.010)
Initial log-likelihood: -7947.048
Current log-likelihood at step 1: -7947.047
Partition-specific rates:  1.425 0.575
Parameters optimization took 0 rounds (0.004 sec)

Partition information was printed to partition_file.nex.best_model.nex
BEST SCORE FOUND : -7947.047
Total tree length: 13.392

Total number of iterations: 102
CPU time used for tree search: 4.180 sec (0h:0m:4s)
Wall-clock time used for tree search: 4.045 sec (0h:0m:4s)
Total CPU time used: 400.095 sec (0h:6m:40s)
Total wall-clock time used: 388.962 sec (0h:6m:28s)

===> START BOOTSTRAP REPLICATE NUMBER 85

Creating bootstrap alignment (seed: 665351)...

Create initial parsimony tree by phylogenetic likelihood library (PLL)... 0.001 seconds
Reading model parameters from file /Users/mful870/Desktop/MD_3di_Dev_02Oct24/Scriptorum/SubstitutionMatrix/3di_substmat
WARNING: Normalizing state frequencies so that sum of them equals to 1

NOTE: 0 MB RAM (0 GB) is required!
Estimate model parameters (epsilon = 0.100)
Initial log-likelihood: -9204.397
Current log-likelihood at step 1: -8147.747
Current log-likelihood at step 2: -8030.773
Current log-likelihood at step 3: -8030.689
Partition-specific rates:  1.464 0.536
Parameters optimization took 2 rounds (0.024 sec)

Wrote distance file to... 
Computing ML distances based on estimated model parameters...
Calculating distance matrix: done in 3.60012e-05 secs using 86.11% CPU
Computing ML distances took 0.000086 sec (of wall-clock time) 0.000059 sec (of CPU time)
Setting up auxiliary I and S matrices: done in 3.00407e-05 secs using 76.56% CPU
Computing RapidNJ tree took 0.000121 sec (of wall-clock time) 0.000078 sec (of CPU time)
Log-likelihood of RapidNJ tree: -8368.158
--------------------------------------------------------------------
|             INITIALIZING CANDIDATE TREE SET                      |
--------------------------------------------------------------------
Generating 98 parsimony trees... 0.152 second
Computing log-likelihood of 98 initial trees ... 0.227 seconds
Current best score: -8030.689

Do NNI search on 20 best initial trees
Estimate model parameters (epsilon = 0.100)
Initial log-likelihood: -8008.335
Current log-likelihood at step 1: -8008.270
Parameters optimization took 0 rounds (0.004 sec)

BETTER TREE FOUND at iteration 1: -8008.270
Iteration 10 / LogL: -8008.568 / Time: 0h:6m:29s
Iteration 20 / LogL: -8008.417 / Time: 0h:6m:30s
Finish initializing candidate tree set (1)
Current best tree score: -8008.270 / CPU time: 1.367
Number of iterations: 20
--------------------------------------------------------------------
|               OPTIMIZING CANDIDATE TREE SET                      |
--------------------------------------------------------------------
Iteration 30 / LogL: -8008.318 / Time: 0h:6m:30s (0h:0m:4s left)
Iteration 40 / LogL: -8008.840 / Time: 0h:6m:31s (0h:0m:3s left)
Estimate model parameters (epsilon = 0.100)
Initial log-likelihood: -8008.257
Current log-likelihood at step 1: -8008.253
Parameters optimization took 0 rounds (0.004 sec)

UPDATE BEST LOG-LIKELIHOOD: -8008.253
Iteration 50 / LogL: -8008.303 / Time: 0h:6m:31s (0h:0m:2s left)
Iteration 60 / LogL: -8009.087 / Time: 0h:6m:31s (0h:0m:1s left)
Iteration 70 / LogL: -8008.583 / Time: 0h:6m:32s (0h:0m:1s left)
Iteration 80 / LogL: -8008.529 / Time: 0h:6m:32s (0h:0m:0s left)
UPDATE BEST LOG-LIKELIHOOD: -8008.252
UPDATE BEST LOG-LIKELIHOOD: -8008.251
Iteration 90 / LogL: -8008.778 / Time: 0h:6m:32s (0h:0m:0s left)
Iteration 100 / LogL: -8008.555 / Time: 0h:6m:33s (0h:0m:0s left)
TREE SEARCH COMPLETED AFTER 102 ITERATIONS / Time: 0h:6m:33s

--------------------------------------------------------------------
|                    FINALIZING TREE SEARCH                        |
--------------------------------------------------------------------
Performs final model parameters optimization
Estimate model parameters (epsilon = 0.010)
Initial log-likelihood: -8008.251
Current log-likelihood at step 1: -8008.251
Partition-specific rates:  1.461 0.539
Parameters optimization took 0 rounds (0.004 sec)

Partition information was printed to partition_file.nex.best_model.nex
BEST SCORE FOUND : -8008.251
Total tree length: 14.171

Total number of iterations: 102
CPU time used for tree search: 4.374 sec (0h:0m:4s)
Wall-clock time used for tree search: 4.251 sec (0h:0m:4s)
Total CPU time used: 404.560 sec (0h:6m:44s)
Total wall-clock time used: 393.290 sec (0h:6m:33s)

===> START BOOTSTRAP REPLICATE NUMBER 86

Creating bootstrap alignment (seed: 665352)...

Create initial parsimony tree by phylogenetic likelihood library (PLL)... 0.001 seconds
Reading model parameters from file /Users/mful870/Desktop/MD_3di_Dev_02Oct24/Scriptorum/SubstitutionMatrix/3di_substmat
WARNING: Normalizing state frequencies so that sum of them equals to 1

NOTE: 0 MB RAM (0 GB) is required!
Estimate model parameters (epsilon = 0.100)
Initial log-likelihood: -8631.492
Current log-likelihood at step 1: -7574.429
Current log-likelihood at step 2: -7490.671
Current log-likelihood at step 3: -7490.615
Partition-specific rates:  1.397 0.603
Parameters optimization took 2 rounds (0.024 sec)

Wrote distance file to... 
Computing ML distances based on estimated model parameters...
Calculating distance matrix: done in 3.60012e-05 secs using 83.33% CPU
Computing ML distances took 0.000078 sec (of wall-clock time) 0.000058 sec (of CPU time)
Setting up auxiliary I and S matrices: done in 3.19481e-05 secs using 75.12% CPU
Computing RapidNJ tree took 0.000128 sec (of wall-clock time) 0.000085 sec (of CPU time)
Log-likelihood of RapidNJ tree: -7857.467
--------------------------------------------------------------------
|             INITIALIZING CANDIDATE TREE SET                      |
--------------------------------------------------------------------
Generating 98 parsimony trees... 0.175 second
Computing log-likelihood of 97 initial trees ... 0.248 seconds
Current best score: -7490.615

Do NNI search on 20 best initial trees
Estimate model parameters (epsilon = 0.100)
Initial log-likelihood: -7482.219
Current log-likelihood at step 1: -7482.211
Parameters optimization took 0 rounds (0.004 sec)

BETTER TREE FOUND at iteration 1: -7482.211
Iteration 10 / LogL: -7482.780 / Time: 0h:6m:34s
Iteration 20 / LogL: -7482.278 / Time: 0h:6m:34s
Finish initializing candidate tree set (2)
Current best tree score: -7482.211 / CPU time: 1.304
Number of iterations: 20
--------------------------------------------------------------------
|               OPTIMIZING CANDIDATE TREE SET                      |
--------------------------------------------------------------------
Iteration 30 / LogL: -7482.225 / Time: 0h:6m:35s (0h:0m:4s left)
Iteration 40 / LogL: -7482.427 / Time: 0h:6m:35s (0h:0m:3s left)
Iteration 50 / LogL: -7482.696 / Time: 0h:6m:35s (0h:0m:2s left)
Iteration 60 / LogL: -7482.856 / Time: 0h:6m:36s (0h:0m:2s left)
Iteration 70 / LogL: -7482.428 / Time: 0h:6m:36s (0h:0m:1s left)
Iteration 80 / LogL: -7482.220 / Time: 0h:6m:36s (0h:0m:0s left)
Iteration 90 / LogL: -7482.220 / Time: 0h:6m:37s (0h:0m:0s left)
Iteration 100 / LogL: -7482.441 / Time: 0h:6m:37s (0h:0m:0s left)
TREE SEARCH COMPLETED AFTER 102 ITERATIONS / Time: 0h:6m:37s

--------------------------------------------------------------------
|                    FINALIZING TREE SEARCH                        |
--------------------------------------------------------------------
Performs final model parameters optimization
Estimate model parameters (epsilon = 0.010)
Initial log-likelihood: -7482.211
Current log-likelihood at step 1: -7482.208
Partition-specific rates:  1.397 0.603
Parameters optimization took 0 rounds (0.004 sec)

Partition information was printed to partition_file.nex.best_model.nex
BEST SCORE FOUND : -7482.208
Total tree length: 13.011

Total number of iterations: 102
CPU time used for tree search: 4.446 sec (0h:0m:4s)
Wall-clock time used for tree search: 4.307 sec (0h:0m:4s)
Total CPU time used: 409.088 sec (0h:6m:49s)
Total wall-clock time used: 397.671 sec (0h:6m:37s)

===> START BOOTSTRAP REPLICATE NUMBER 87

Creating bootstrap alignment (seed: 665353)...

Create initial parsimony tree by phylogenetic likelihood library (PLL)... 0.001 seconds
Reading model parameters from file /Users/mful870/Desktop/MD_3di_Dev_02Oct24/Scriptorum/SubstitutionMatrix/3di_substmat
WARNING: Normalizing state frequencies so that sum of them equals to 1

NOTE: 0 MB RAM (0 GB) is required!
Estimate model parameters (epsilon = 0.100)
Initial log-likelihood: -9003.553
Current log-likelihood at step 1: -7952.407
Current log-likelihood at step 2: -7822.536
Current log-likelihood at step 3: -7822.437
Partition-specific rates:  1.486 0.514
Parameters optimization took 2 rounds (0.024 sec)

Wrote distance file to... 
Computing ML distances based on estimated model parameters...
Calculating distance matrix: done in 3.88622e-05 secs using 84.92% CPU
Computing ML distances took 0.000088 sec (of wall-clock time) 0.000063 sec (of CPU time)
Setting up auxiliary I and S matrices: done in 3.21865e-05 secs using 71.46% CPU
Computing RapidNJ tree took 0.000158 sec (of wall-clock time) 0.000110 sec (of CPU time)
Log-likelihood of RapidNJ tree: -8193.647
--------------------------------------------------------------------
|             INITIALIZING CANDIDATE TREE SET                      |
--------------------------------------------------------------------
Generating 98 parsimony trees... 0.158 second
Computing log-likelihood of 98 initial trees ... 0.224 seconds
Current best score: -7822.437

Do NNI search on 20 best initial trees
Estimate model parameters (epsilon = 0.100)
Initial log-likelihood: -7816.320
Current log-likelihood at step 1: -7816.252
Parameters optimization took 0 rounds (0.004 sec)

BETTER TREE FOUND at iteration 1: -7816.252
Iteration 10 / LogL: -7817.765 / Time: 0h:6m:38s
Iteration 20 / LogL: -7817.028 / Time: 0h:6m:38s
Finish initializing candidate tree set (1)
Current best tree score: -7816.252 / CPU time: 1.164
Number of iterations: 20
--------------------------------------------------------------------
|               OPTIMIZING CANDIDATE TREE SET                      |
--------------------------------------------------------------------
Iteration 30 / LogL: -7816.298 / Time: 0h:6m:39s (0h:0m:3s left)
Iteration 40 / LogL: -7816.970 / Time: 0h:6m:39s (0h:0m:2s left)
Iteration 50 / LogL: -7816.258 / Time: 0h:6m:39s (0h:0m:2s left)
Estimate model parameters (epsilon = 0.100)
Initial log-likelihood: -7816.239
Current log-likelihood at step 1: -7816.236
Parameters optimization took 0 rounds (0.004 sec)

UPDATE BEST LOG-LIKELIHOOD: -7816.236
Iteration 60 / LogL: -7816.441 / Time: 0h:6m:40s (0h:0m:1s left)
Iteration 70 / LogL: -7816.458 / Time: 0h:6m:40s (0h:0m:1s left)
Iteration 80 / LogL: -7816.274 / Time: 0h:6m:40s (0h:0m:0s left)
Iteration 90 / LogL: -7816.619 / Time: 0h:6m:41s (0h:0m:0s left)
Iteration 100 / LogL: -7816.260 / Time: 0h:6m:41s (0h:0m:0s left)
UPDATE BEST LOG-LIKELIHOOD: -7816.235
TREE SEARCH COMPLETED AFTER 102 ITERATIONS / Time: 0h:6m:41s

--------------------------------------------------------------------
|                    FINALIZING TREE SEARCH                        |
--------------------------------------------------------------------
Performs final model parameters optimization
Estimate model parameters (epsilon = 0.010)
Initial log-likelihood: -7816.235
Current log-likelihood at step 1: -7816.235
Partition-specific rates:  1.486 0.514
Parameters optimization took 0 rounds (0.004 sec)

Partition information was printed to partition_file.nex.best_model.nex
BEST SCORE FOUND : -7816.235
Total tree length: 14.437

Total number of iterations: 102
CPU time used for tree search: 3.855 sec (0h:0m:3s)
Wall-clock time used for tree search: 3.742 sec (0h:0m:3s)
Total CPU time used: 413.068 sec (0h:6m:53s)
Total wall-clock time used: 401.508 sec (0h:6m:41s)

===> START BOOTSTRAP REPLICATE NUMBER 88

Creating bootstrap alignment (seed: 665354)...

Create initial parsimony tree by phylogenetic likelihood library (PLL)... 0.001 seconds
Reading model parameters from file /Users/mful870/Desktop/MD_3di_Dev_02Oct24/Scriptorum/SubstitutionMatrix/3di_substmat
WARNING: Normalizing state frequencies so that sum of them equals to 1

NOTE: 0 MB RAM (0 GB) is required!
Estimate model parameters (epsilon = 0.100)
Initial log-likelihood: -9056.190
Current log-likelihood at step 1: -7977.035
Current log-likelihood at step 2: -7882.613
Current log-likelihood at step 3: -7882.599
Partition-specific rates:  1.416 0.584
Parameters optimization took 2 rounds (0.024 sec)

Wrote distance file to... 
Computing ML distances based on estimated model parameters...
Calculating distance matrix: done in 3.60012e-05 secs using 86.11% CPU
Computing ML distances took 0.000078 sec (of wall-clock time) 0.000058 sec (of CPU time)
Setting up auxiliary I and S matrices: done in 3.09944e-05 secs using 77.43% CPU
Computing RapidNJ tree took 0.000122 sec (of wall-clock time) 0.000082 sec (of CPU time)
Log-likelihood of RapidNJ tree: -8355.927
--------------------------------------------------------------------
|             INITIALIZING CANDIDATE TREE SET                      |
--------------------------------------------------------------------
Generating 98 parsimony trees... 0.180 second
Computing log-likelihood of 96 initial trees ... 0.233 seconds
Current best score: -7882.599

Do NNI search on 20 best initial trees
Estimate model parameters (epsilon = 0.100)
Initial log-likelihood: -7872.056
Current log-likelihood at step 1: -7872.049
Parameters optimization took 0 rounds (0.006 sec)

BETTER TREE FOUND at iteration 1: -7872.049
Iteration 10 / LogL: -7872.053 / Time: 0h:6m:42s
Iteration 20 / LogL: -7872.072 / Time: 0h:6m:43s
Finish initializing candidate tree set (1)
Current best tree score: -7872.049 / CPU time: 1.467
Number of iterations: 20
--------------------------------------------------------------------
|               OPTIMIZING CANDIDATE TREE SET                      |
--------------------------------------------------------------------
Iteration 30 / LogL: -7872.058 / Time: 0h:6m:43s (0h:0m:4s left)
Iteration 40 / LogL: -7872.065 / Time: 0h:6m:43s (0h:0m:3s left)
UPDATE BEST LOG-LIKELIHOOD: -7872.049
UPDATE BEST LOG-LIKELIHOOD: -7872.049
Iteration 50 / LogL: -7873.051 / Time: 0h:6m:44s (0h:0m:2s left)
Iteration 60 / LogL: -7872.056 / Time: 0h:6m:44s (0h:0m:2s left)
Iteration 70 / LogL: -7872.064 / Time: 0h:6m:45s (0h:0m:1s left)
Iteration 80 / LogL: -7872.111 / Time: 0h:6m:45s (0h:0m:1s left)
Iteration 90 / LogL: -7872.059 / Time: 0h:6m:45s (0h:0m:0s left)
Iteration 100 / LogL: -7876.327 / Time: 0h:6m:46s (0h:0m:0s left)
TREE SEARCH COMPLETED AFTER 102 ITERATIONS / Time: 0h:6m:46s

--------------------------------------------------------------------
|                    FINALIZING TREE SEARCH                        |
--------------------------------------------------------------------
Performs final model parameters optimization
Estimate model parameters (epsilon = 0.010)
Initial log-likelihood: -7872.049
Current log-likelihood at step 1: -7872.049
Partition-specific rates:  1.414 0.586
Parameters optimization took 0 rounds (0.004 sec)

Partition information was printed to partition_file.nex.best_model.nex
BEST SCORE FOUND : -7872.049
Total tree length: 13.445

Total number of iterations: 102
CPU time used for tree search: 5.032 sec (0h:0m:5s)
Wall-clock time used for tree search: 4.911 sec (0h:0m:4s)
Total CPU time used: 418.187 sec (0h:6m:58s)
Total wall-clock time used: 406.498 sec (0h:6m:46s)

===> START BOOTSTRAP REPLICATE NUMBER 89

Creating bootstrap alignment (seed: 665355)...

Create initial parsimony tree by phylogenetic likelihood library (PLL)... 0.001 seconds
Reading model parameters from file /Users/mful870/Desktop/MD_3di_Dev_02Oct24/Scriptorum/SubstitutionMatrix/3di_substmat
WARNING: Normalizing state frequencies so that sum of them equals to 1

NOTE: 0 MB RAM (0 GB) is required!
Estimate model parameters (epsilon = 0.100)
Initial log-likelihood: -8776.195
Current log-likelihood at step 1: -7750.854
Current log-likelihood at step 2: -7633.431
Current log-likelihood at step 3: -7633.236
Current log-likelihood at step 4: -7633.206
Partition-specific rates:  1.486 0.514
Parameters optimization took 3 rounds (0.029 sec)

Wrote distance file to... 
Computing ML distances based on estimated model parameters...
Calculating distance matrix: done in 3.60012e-05 secs using 83.33% CPU
Computing ML distances took 0.000085 sec (of wall-clock time) 0.000056 sec (of CPU time)
Setting up auxiliary I and S matrices: done in 4.1008e-05 secs using 78.03% CPU
Computing RapidNJ tree took 0.000221 sec (of wall-clock time) 0.000112 sec (of CPU time)
Log-likelihood of RapidNJ tree: -8011.878
--------------------------------------------------------------------
|             INITIALIZING CANDIDATE TREE SET                      |
--------------------------------------------------------------------
Generating 98 parsimony trees... 0.135 second
Computing log-likelihood of 98 initial trees ... 0.272 seconds
Current best score: -7633.206

Do NNI search on 20 best initial trees
Estimate model parameters (epsilon = 0.100)
Initial log-likelihood: -7627.014
Current log-likelihood at step 1: -7626.948
Parameters optimization took 0 rounds (0.004 sec)

BETTER TREE FOUND at iteration 1: -7626.948
UPDATE BEST LOG-LIKELIHOOD: -7626.948
UPDATE BEST LOG-LIKELIHOOD: -7626.947
UPDATE BEST LOG-LIKELIHOOD: -7626.947
Iteration 10 / LogL: -7626.949 / Time: 0h:6m:47s
Iteration 20 / LogL: -7626.957 / Time: 0h:6m:48s
Finish initializing candidate tree set (1)
Current best tree score: -7626.947 / CPU time: 1.550
Number of iterations: 20
--------------------------------------------------------------------
|               OPTIMIZING CANDIDATE TREE SET                      |
--------------------------------------------------------------------
Iteration 30 / LogL: -7626.948 / Time: 0h:6m:48s (0h:0m:4s left)
Iteration 40 / LogL: -7626.949 / Time: 0h:6m:48s (0h:0m:3s left)
Iteration 50 / LogL: -7626.951 / Time: 0h:6m:49s (0h:0m:2s left)
Iteration 60 / LogL: -7626.982 / Time: 0h:6m:49s (0h:0m:2s left)
Iteration 70 / LogL: -7627.163 / Time: 0h:6m:50s (0h:0m:1s left)
UPDATE BEST LOG-LIKELIHOOD: -7626.946
Iteration 80 / LogL: -7626.948 / Time: 0h:6m:50s (0h:0m:1s left)
Iteration 90 / LogL: -7626.950 / Time: 0h:6m:51s (0h:0m:0s left)
Iteration 100 / LogL: -7626.953 / Time: 0h:6m:51s (0h:0m:0s left)
TREE SEARCH COMPLETED AFTER 102 ITERATIONS / Time: 0h:6m:51s

--------------------------------------------------------------------
|                    FINALIZING TREE SEARCH                        |
--------------------------------------------------------------------
Performs final model parameters optimization
Estimate model parameters (epsilon = 0.010)
Initial log-likelihood: -7626.946
Current log-likelihood at step 1: -7626.945
Partition-specific rates:  1.476 0.524
Parameters optimization took 0 rounds (0.004 sec)

Partition information was printed to partition_file.nex.best_model.nex
BEST SCORE FOUND : -7626.945
Total tree length: 13.556

Total number of iterations: 102
CPU time used for tree search: 5.132 sec (0h:0m:5s)
Wall-clock time used for tree search: 5.001 sec (0h:0m:5s)
Total CPU time used: 423.405 sec (0h:7m:3s)
Total wall-clock time used: 411.576 sec (0h:6m:51s)

===> START BOOTSTRAP REPLICATE NUMBER 90

Creating bootstrap alignment (seed: 665356)...

Create initial parsimony tree by phylogenetic likelihood library (PLL)... 0.001 seconds
Reading model parameters from file /Users/mful870/Desktop/MD_3di_Dev_02Oct24/Scriptorum/SubstitutionMatrix/3di_substmat
WARNING: Normalizing state frequencies so that sum of them equals to 1

NOTE: 0 MB RAM (0 GB) is required!
Estimate model parameters (epsilon = 0.100)
Initial log-likelihood: -9321.588
Current log-likelihood at step 1: -8240.655
Current log-likelihood at step 2: -8143.010
Current log-likelihood at step 3: -8142.916
Partition-specific rates:  1.417 0.583
Parameters optimization took 2 rounds (0.024 sec)

Wrote distance file to... 
Computing ML distances based on estimated model parameters...
Calculating distance matrix: done in 3.69549e-05 secs using 83.89% CPU
Computing ML distances took 0.000092 sec (of wall-clock time) 0.000058 sec (of CPU time)
Setting up auxiliary I and S matrices: done in 3.79086e-05 secs using 79.14% CPU
Computing RapidNJ tree took 0.000149 sec (of wall-clock time) 0.000090 sec (of CPU time)
Log-likelihood of RapidNJ tree: -8489.730
--------------------------------------------------------------------
|             INITIALIZING CANDIDATE TREE SET                      |
--------------------------------------------------------------------
Generating 98 parsimony trees... 0.139 second
Computing log-likelihood of 97 initial trees ... 0.227 seconds
Current best score: -8142.916

Do NNI search on 20 best initial trees
Estimate model parameters (epsilon = 0.100)
Initial log-likelihood: -8125.677
Current log-likelihood at step 1: -8125.588
Parameters optimization took 0 rounds (0.005 sec)

BETTER TREE FOUND at iteration 1: -8125.588
Estimate model parameters (epsilon = 0.100)
Initial log-likelihood: -8121.749
Current log-likelihood at step 1: -8121.698
Parameters optimization took 0 rounds (0.006 sec)

BETTER TREE FOUND at iteration 2: -8121.698
Iteration 10 / LogL: -8121.821 / Time: 0h:6m:52s
Iteration 20 / LogL: -8121.720 / Time: 0h:6m:53s
Finish initializing candidate tree set (2)
Current best tree score: -8121.698 / CPU time: 1.371
Number of iterations: 20
--------------------------------------------------------------------
|               OPTIMIZING CANDIDATE TREE SET                      |
--------------------------------------------------------------------
UPDATE BEST LOG-LIKELIHOOD: -8121.692
Iteration 30 / LogL: -8121.697 / Time: 0h:6m:53s (0h:0m:4s left)
Iteration 40 / LogL: -8121.852 / Time: 0h:6m:53s (0h:0m:3s left)
Iteration 50 / LogL: -8121.763 / Time: 0h:6m:54s (0h:0m:2s left)
Iteration 60 / LogL: -8125.614 / Time: 0h:6m:54s (0h:0m:1s left)
Iteration 70 / LogL: -8125.712 / Time: 0h:6m:54s (0h:0m:1s left)
Iteration 80 / LogL: -8121.791 / Time: 0h:6m:55s (0h:0m:1s left)
Iteration 90 / LogL: -8125.638 / Time: 0h:6m:55s (0h:0m:0s left)
Iteration 100 / LogL: -8121.785 / Time: 0h:6m:56s (0h:0m:0s left)
TREE SEARCH COMPLETED AFTER 103 ITERATIONS / Time: 0h:6m:56s

--------------------------------------------------------------------
|                    FINALIZING TREE SEARCH                        |
--------------------------------------------------------------------
Performs final model parameters optimization
Estimate model parameters (epsilon = 0.010)
Initial log-likelihood: -8121.692
Current log-likelihood at step 1: -8121.688
Partition-specific rates:  1.415 0.585
Parameters optimization took 0 rounds (0.004 sec)

Partition information was printed to partition_file.nex.best_model.nex
BEST SCORE FOUND : -8121.688
Total tree length: 13.822

Total number of iterations: 103
CPU time used for tree search: 4.564 sec (0h:0m:4s)
Wall-clock time used for tree search: 4.454 sec (0h:0m:4s)
Total CPU time used: 428.064 sec (0h:7m:8s)
Total wall-clock time used: 416.110 sec (0h:6m:56s)

===> START BOOTSTRAP REPLICATE NUMBER 91

Creating bootstrap alignment (seed: 665357)...

Create initial parsimony tree by phylogenetic likelihood library (PLL)... 0.001 seconds
Reading model parameters from file /Users/mful870/Desktop/MD_3di_Dev_02Oct24/Scriptorum/SubstitutionMatrix/3di_substmat
WARNING: Normalizing state frequencies so that sum of them equals to 1

NOTE: 0 MB RAM (0 GB) is required!
Estimate model parameters (epsilon = 0.100)
Initial log-likelihood: -9662.106
Current log-likelihood at step 1: -8560.488
Current log-likelihood at step 2: -8445.358
Current log-likelihood at step 3: -8445.231
Current log-likelihood at step 4: -8445.201
Partition-specific rates:  1.445 0.555
Parameters optimization took 3 rounds (0.028 sec)

Wrote distance file to... 
Computing ML distances based on estimated model parameters...
Calculating distance matrix: done in 3.60012e-05 secs using 83.33% CPU
Computing ML distances took 0.000086 sec (of wall-clock time) 0.000057 sec (of CPU time)
Setting up auxiliary I and S matrices: done in 3.09944e-05 secs using 74.21% CPU
Computing RapidNJ tree took 0.000130 sec (of wall-clock time) 0.000083 sec (of CPU time)
Log-likelihood of RapidNJ tree: -8890.908
--------------------------------------------------------------------
|             INITIALIZING CANDIDATE TREE SET                      |
--------------------------------------------------------------------
Generating 98 parsimony trees... 0.173 second
Computing log-likelihood of 97 initial trees ... 0.220 seconds
Current best score: -8445.201

Do NNI search on 20 best initial trees
Estimate model parameters (epsilon = 0.100)
Initial log-likelihood: -8438.696
Current log-likelihood at step 1: -8438.631
Parameters optimization took 0 rounds (0.004 sec)

BETTER TREE FOUND at iteration 1: -8438.631
Iteration 10 / LogL: -8438.680 / Time: 0h:6m:57s
Iteration 20 / LogL: -8438.654 / Time: 0h:6m:57s
Finish initializing candidate tree set (1)
Current best tree score: -8438.631 / CPU time: 1.459
Number of iterations: 20
--------------------------------------------------------------------
|               OPTIMIZING CANDIDATE TREE SET                      |
--------------------------------------------------------------------
Estimate model parameters (epsilon = 0.100)
Initial log-likelihood: -8438.610
Current log-likelihood at step 1: -8438.607
Parameters optimization took 0 rounds (0.007 sec)

UPDATE BEST LOG-LIKELIHOOD: -8438.607
Iteration 30 / LogL: -8438.803 / Time: 0h:6m:58s (0h:0m:4s left)
Iteration 40 / LogL: -8439.326 / Time: 0h:6m:58s (0h:0m:3s left)
Iteration 50 / LogL: -8438.692 / Time: 0h:6m:58s (0h:0m:2s left)
Iteration 60 / LogL: -8438.722 / Time: 0h:6m:59s (0h:0m:2s left)
Iteration 70 / LogL: -8438.985 / Time: 0h:6m:59s (0h:0m:1s left)
Iteration 80 / LogL: -8438.653 / Time: 0h:6m:59s (0h:0m:0s left)
Iteration 90 / LogL: -8438.827 / Time: 0h:7m:0s (0h:0m:0s left)
Iteration 100 / LogL: -8438.631 / Time: 0h:7m:0s (0h:0m:0s left)
TREE SEARCH COMPLETED AFTER 102 ITERATIONS / Time: 0h:7m:0s

--------------------------------------------------------------------
|                    FINALIZING TREE SEARCH                        |
--------------------------------------------------------------------
Performs final model parameters optimization
Estimate model parameters (epsilon = 0.010)
Initial log-likelihood: -8438.607
Current log-likelihood at step 1: -8438.606
Partition-specific rates:  1.448 0.552
Parameters optimization took 0 rounds (0.004 sec)

Partition information was printed to partition_file.nex.best_model.nex
BEST SCORE FOUND : -8438.606
Total tree length: 14.909

Total number of iterations: 102
CPU time used for tree search: 4.705 sec (0h:0m:4s)
Wall-clock time used for tree search: 4.582 sec (0h:0m:4s)
Total CPU time used: 432.878 sec (0h:7m:12s)
Total wall-clock time used: 420.781 sec (0h:7m:0s)

===> START BOOTSTRAP REPLICATE NUMBER 92

Creating bootstrap alignment (seed: 665358)...

Create initial parsimony tree by phylogenetic likelihood library (PLL)... 0.001 seconds
Reading model parameters from file /Users/mful870/Desktop/MD_3di_Dev_02Oct24/Scriptorum/SubstitutionMatrix/3di_substmat
WARNING: Normalizing state frequencies so that sum of them equals to 1

NOTE: 0 MB RAM (0 GB) is required!
Estimate model parameters (epsilon = 0.100)
Initial log-likelihood: -9191.849
Current log-likelihood at step 1: -8091.871
Current log-likelihood at step 2: -7975.015
Current log-likelihood at step 3: -7974.770
Current log-likelihood at step 4: -7974.746
Partition-specific rates:  1.477 0.523
Parameters optimization took 3 rounds (0.034 sec)

Wrote distance file to... 
Computing ML distances based on estimated model parameters...
Calculating distance matrix: done in 5.6982e-05 secs using 84.24% CPU
Computing ML distances took 0.000138 sec (of wall-clock time) 0.000090 sec (of CPU time)
Setting up auxiliary I and S matrices: done in 3.98159e-05 secs using 77.86% CPU
Computing RapidNJ tree took 0.000171 sec (of wall-clock time) 0.000095 sec (of CPU time)
Log-likelihood of RapidNJ tree: -8361.575
--------------------------------------------------------------------
|             INITIALIZING CANDIDATE TREE SET                      |
--------------------------------------------------------------------
Generating 98 parsimony trees... 0.154 second
Computing log-likelihood of 98 initial trees ... 0.222 seconds
Current best score: -7974.746

Do NNI search on 20 best initial trees
Estimate model parameters (epsilon = 0.100)
Initial log-likelihood: -7957.304
Current log-likelihood at step 1: -7956.902
Current log-likelihood at step 2: -7956.886
Parameters optimization took 1 rounds (0.010 sec)

BETTER TREE FOUND at iteration 1: -7956.886
Iteration 10 / LogL: -7957.003 / Time: 0h:7m:1s
Iteration 20 / LogL: -7957.138 / Time: 0h:7m:2s
Finish initializing candidate tree set (1)
Current best tree score: -7956.886 / CPU time: 1.423
Number of iterations: 20
--------------------------------------------------------------------
|               OPTIMIZING CANDIDATE TREE SET                      |
--------------------------------------------------------------------
UPDATE BEST LOG-LIKELIHOOD: -7956.881
UPDATE BEST LOG-LIKELIHOOD: -7956.879
Iteration 30 / LogL: -7956.984 / Time: 0h:7m:2s (0h:0m:4s left)
Iteration 40 / LogL: -7957.001 / Time: 0h:7m:3s (0h:0m:3s left)
Iteration 50 / LogL: -7957.577 / Time: 0h:7m:3s (0h:0m:2s left)
Iteration 60 / LogL: -7956.965 / Time: 0h:7m:3s (0h:0m:2s left)
Iteration 70 / LogL: -7956.901 / Time: 0h:7m:4s (0h:0m:1s left)
Iteration 80 / LogL: -7956.982 / Time: 0h:7m:4s (0h:0m:1s left)
UPDATE BEST LOG-LIKELIHOOD: -7956.878
Iteration 90 / LogL: -7957.258 / Time: 0h:7m:5s (0h:0m:0s left)
Iteration 100 / LogL: -7957.000 / Time: 0h:7m:5s (0h:0m:0s left)
TREE SEARCH COMPLETED AFTER 102 ITERATIONS / Time: 0h:7m:5s

--------------------------------------------------------------------
|                    FINALIZING TREE SEARCH                        |
--------------------------------------------------------------------
Performs final model parameters optimization
Estimate model parameters (epsilon = 0.010)
Initial log-likelihood: -7956.878
Current log-likelihood at step 1: -7956.878
Partition-specific rates:  1.477 0.523
Parameters optimization took 0 rounds (0.004 sec)

Partition information was printed to partition_file.nex.best_model.nex
BEST SCORE FOUND : -7956.878
Total tree length: 14.974

Total number of iterations: 102
CPU time used for tree search: 4.741 sec (0h:0m:4s)
Wall-clock time used for tree search: 4.647 sec (0h:0m:4s)
Total CPU time used: 437.749 sec (0h:7m:17s)
Total wall-clock time used: 425.528 sec (0h:7m:5s)

===> START BOOTSTRAP REPLICATE NUMBER 93

Creating bootstrap alignment (seed: 665359)...

Create initial parsimony tree by phylogenetic likelihood library (PLL)... 0.001 seconds
Reading model parameters from file /Users/mful870/Desktop/MD_3di_Dev_02Oct24/Scriptorum/SubstitutionMatrix/3di_substmat
WARNING: Normalizing state frequencies so that sum of them equals to 1

NOTE: 0 MB RAM (0 GB) is required!
Estimate model parameters (epsilon = 0.100)
Initial log-likelihood: -9012.816
Current log-likelihood at step 1: -7934.035
Current log-likelihood at step 2: -7805.485
Current log-likelihood at step 3: -7805.189
Current log-likelihood at step 4: -7805.170
Partition-specific rates:  1.501 0.499
Parameters optimization took 3 rounds (0.031 sec)

Wrote distance file to... 
Computing ML distances based on estimated model parameters...
Calculating distance matrix: done in 3.60012e-05 secs using 86.11% CPU
Computing ML distances took 0.000086 sec (of wall-clock time) 0.000057 sec (of CPU time)
Setting up auxiliary I and S matrices: done in 3.50475e-05 secs using 77.04% CPU
Computing RapidNJ tree took 0.000163 sec (of wall-clock time) 0.000090 sec (of CPU time)
Log-likelihood of RapidNJ tree: -8179.653
--------------------------------------------------------------------
|             INITIALIZING CANDIDATE TREE SET                      |
--------------------------------------------------------------------
Generating 98 parsimony trees... 0.149 second
Computing log-likelihood of 98 initial trees ... 0.245 seconds
Current best score: -7805.170

Do NNI search on 20 best initial trees
Estimate model parameters (epsilon = 0.100)
Initial log-likelihood: -7784.000
Current log-likelihood at step 1: -7783.713
Current log-likelihood at step 2: -7783.685
Parameters optimization took 1 rounds (0.010 sec)

BETTER TREE FOUND at iteration 1: -7783.685
Iteration 10 / LogL: -7784.133 / Time: 0h:7m:6s
Iteration 20 / LogL: -7784.219 / Time: 0h:7m:7s
Finish initializing candidate tree set (1)
Current best tree score: -7783.685 / CPU time: 1.513
Number of iterations: 20
--------------------------------------------------------------------
|               OPTIMIZING CANDIDATE TREE SET                      |
--------------------------------------------------------------------
Iteration 30 / LogL: -7783.798 / Time: 0h:7m:7s (0h:0m:4s left)
Iteration 40 / LogL: -7784.255 / Time: 0h:7m:7s (0h:0m:3s left)
Iteration 50 / LogL: -7784.321 / Time: 0h:7m:8s (0h:0m:2s left)
Iteration 60 / LogL: -7784.187 / Time: 0h:7m:8s (0h:0m:2s left)
Iteration 70 / LogL: -7784.628 / Time: 0h:7m:8s (0h:0m:1s left)
Iteration 80 / LogL: -7783.777 / Time: 0h:7m:9s (0h:0m:0s left)
Iteration 90 / LogL: -7783.843 / Time: 0h:7m:9s (0h:0m:0s left)
Iteration 100 / LogL: -7783.754 / Time: 0h:7m:9s (0h:0m:0s left)
TREE SEARCH COMPLETED AFTER 102 ITERATIONS / Time: 0h:7m:9s

--------------------------------------------------------------------
|                    FINALIZING TREE SEARCH                        |
--------------------------------------------------------------------
Performs final model parameters optimization
Estimate model parameters (epsilon = 0.010)
Initial log-likelihood: -7783.685
Current log-likelihood at step 1: -7783.675
Partition-specific rates:  1.504 0.496
Parameters optimization took 0 rounds (0.006 sec)

Partition information was printed to partition_file.nex.best_model.nex
BEST SCORE FOUND : -7783.675
Total tree length: 15.082

Total number of iterations: 102
CPU time used for tree search: 4.393 sec (0h:0m:4s)
Wall-clock time used for tree search: 4.308 sec (0h:0m:4s)
Total CPU time used: 442.246 sec (0h:7m:22s)
Total wall-clock time used: 429.923 sec (0h:7m:9s)

===> START BOOTSTRAP REPLICATE NUMBER 94

Creating bootstrap alignment (seed: 665360)...

Create initial parsimony tree by phylogenetic likelihood library (PLL)... 0.001 seconds
Reading model parameters from file /Users/mful870/Desktop/MD_3di_Dev_02Oct24/Scriptorum/SubstitutionMatrix/3di_substmat
WARNING: Normalizing state frequencies so that sum of them equals to 1

NOTE: 0 MB RAM (0 GB) is required!
Estimate model parameters (epsilon = 0.100)
Initial log-likelihood: -9099.096
Current log-likelihood at step 1: -8062.728
Current log-likelihood at step 2: -7952.225
Current log-likelihood at step 3: -7952.170
Partition-specific rates:  1.448 0.552
Parameters optimization took 2 rounds (0.030 sec)

Wrote distance file to... 
Computing ML distances based on estimated model parameters...
Calculating distance matrix: done in 4.00543e-05 secs using 84.88% CPU
Computing ML distances took 0.000108 sec (of wall-clock time) 0.000072 sec (of CPU time)
Setting up auxiliary I and S matrices: done in 5.19753e-05 secs using 69.26% CPU
Computing RapidNJ tree took 0.000161 sec (of wall-clock time) 0.000097 sec (of CPU time)
Log-likelihood of RapidNJ tree: -8344.205
--------------------------------------------------------------------
|             INITIALIZING CANDIDATE TREE SET                      |
--------------------------------------------------------------------
Generating 98 parsimony trees... 0.172 second
Computing log-likelihood of 98 initial trees ... 0.234 seconds
Current best score: -7952.170

Do NNI search on 20 best initial trees
Estimate model parameters (epsilon = 0.100)
Initial log-likelihood: -7936.685
Current log-likelihood at step 1: -7936.661
Parameters optimization took 0 rounds (0.005 sec)

BETTER TREE FOUND at iteration 1: -7936.661
Iteration 10 / LogL: -7936.775 / Time: 0h:7m:10s
Iteration 20 / LogL: -7937.836 / Time: 0h:7m:11s
Finish initializing candidate tree set (1)
Current best tree score: -7936.661 / CPU time: 1.465
Number of iterations: 20
--------------------------------------------------------------------
|               OPTIMIZING CANDIDATE TREE SET                      |
--------------------------------------------------------------------
Iteration 30 / LogL: -7936.783 / Time: 0h:7m:11s (0h:0m:4s left)
UPDATE BEST LOG-LIKELIHOOD: -7936.655
Iteration 40 / LogL: -7937.003 / Time: 0h:7m:12s (0h:0m:3s left)
Iteration 50 / LogL: -7936.774 / Time: 0h:7m:12s (0h:0m:3s left)
Iteration 60 / LogL: -7936.698 / Time: 0h:7m:13s (0h:0m:2s left)
Iteration 70 / LogL: -7937.159 / Time: 0h:7m:13s (0h:0m:1s left)
Iteration 80 / LogL: -7936.765 / Time: 0h:7m:14s (0h:0m:1s left)
Iteration 90 / LogL: -7950.158 / Time: 0h:7m:14s (0h:0m:0s left)
Iteration 100 / LogL: -7936.702 / Time: 0h:7m:15s (0h:0m:0s left)
TREE SEARCH COMPLETED AFTER 102 ITERATIONS / Time: 0h:7m:15s

--------------------------------------------------------------------
|                    FINALIZING TREE SEARCH                        |
--------------------------------------------------------------------
Performs final model parameters optimization
Estimate model parameters (epsilon = 0.010)
Initial log-likelihood: -7936.655
Current log-likelihood at step 1: -7936.647
Partition-specific rates:  1.450 0.550
Parameters optimization took 0 rounds (0.004 sec)

Partition information was printed to partition_file.nex.best_model.nex
BEST SCORE FOUND : -7936.647
Total tree length: 13.626

Total number of iterations: 102
CPU time used for tree search: 5.290 sec (0h:0m:5s)
Wall-clock time used for tree search: 5.188 sec (0h:0m:5s)
Total CPU time used: 447.661 sec (0h:7m:27s)
Total wall-clock time used: 435.213 sec (0h:7m:15s)

===> START BOOTSTRAP REPLICATE NUMBER 95

Creating bootstrap alignment (seed: 665361)...

Create initial parsimony tree by phylogenetic likelihood library (PLL)... 0.001 seconds
Reading model parameters from file /Users/mful870/Desktop/MD_3di_Dev_02Oct24/Scriptorum/SubstitutionMatrix/3di_substmat
WARNING: Normalizing state frequencies so that sum of them equals to 1

NOTE: 0 MB RAM (0 GB) is required!
Estimate model parameters (epsilon = 0.100)
Initial log-likelihood: -9138.870
Current log-likelihood at step 1: -8079.351
Current log-likelihood at step 2: -7998.178
Current log-likelihood at step 3: -7998.115
Partition-specific rates:  1.385 0.615
Parameters optimization took 2 rounds (0.023 sec)

Wrote distance file to... 
Computing ML distances based on estimated model parameters...
Calculating distance matrix: done in 4.1008e-05 secs using 85.35% CPU
Computing ML distances took 0.000112 sec (of wall-clock time) 0.000071 sec (of CPU time)
Setting up auxiliary I and S matrices: done in 3.8147e-05 secs using 76.02% CPU
Computing RapidNJ tree took 0.000165 sec (of wall-clock time) 0.000099 sec (of CPU time)
Log-likelihood of RapidNJ tree: -8462.041
--------------------------------------------------------------------
|             INITIALIZING CANDIDATE TREE SET                      |
--------------------------------------------------------------------
Generating 98 parsimony trees... 0.150 second
Computing log-likelihood of 98 initial trees ... 0.221 seconds
Current best score: -7998.115

Do NNI search on 20 best initial trees
Estimate model parameters (epsilon = 0.100)
Initial log-likelihood: -7991.658
Current log-likelihood at step 1: -7991.518
Current log-likelihood at step 2: -7991.513
Parameters optimization took 1 rounds (0.009 sec)

BETTER TREE FOUND at iteration 1: -7991.513
Iteration 10 / LogL: -7991.561 / Time: 0h:7m:16s
Iteration 20 / LogL: -7993.573 / Time: 0h:7m:16s
Finish initializing candidate tree set (2)
Current best tree score: -7991.513 / CPU time: 1.295
Number of iterations: 20
--------------------------------------------------------------------
|               OPTIMIZING CANDIDATE TREE SET                      |
--------------------------------------------------------------------
Iteration 30 / LogL: -7991.689 / Time: 0h:7m:17s (0h:0m:4s left)
Iteration 40 / LogL: -7991.718 / Time: 0h:7m:17s (0h:0m:3s left)
Iteration 50 / LogL: -7992.454 / Time: 0h:7m:17s (0h:0m:2s left)
Iteration 60 / LogL: -7992.063 / Time: 0h:7m:18s (0h:0m:2s left)
Iteration 70 / LogL: -7991.570 / Time: 0h:7m:18s (0h:0m:1s left)
Iteration 80 / LogL: -7991.567 / Time: 0h:7m:18s (0h:0m:0s left)
Iteration 90 / LogL: -7991.613 / Time: 0h:7m:19s (0h:0m:0s left)
Iteration 100 / LogL: -7991.578 / Time: 0h:7m:19s (0h:0m:0s left)
TREE SEARCH COMPLETED AFTER 102 ITERATIONS / Time: 0h:7m:19s

--------------------------------------------------------------------
|                    FINALIZING TREE SEARCH                        |
--------------------------------------------------------------------
Performs final model parameters optimization
Estimate model parameters (epsilon = 0.010)
Initial log-likelihood: -7991.513
Current log-likelihood at step 1: -7991.512
Partition-specific rates:  1.385 0.615
Parameters optimization took 0 rounds (0.007 sec)

Partition information was printed to partition_file.nex.best_model.nex
BEST SCORE FOUND : -7991.512
Total tree length: 13.354

Total number of iterations: 102
CPU time used for tree search: 4.589 sec (0h:0m:4s)
Wall-clock time used for tree search: 4.468 sec (0h:0m:4s)
Total CPU time used: 452.344 sec (0h:7m:32s)
Total wall-clock time used: 439.763 sec (0h:7m:19s)

===> START BOOTSTRAP REPLICATE NUMBER 96

Creating bootstrap alignment (seed: 665362)...

Create initial parsimony tree by phylogenetic likelihood library (PLL)... 0.001 seconds
Reading model parameters from file /Users/mful870/Desktop/MD_3di_Dev_02Oct24/Scriptorum/SubstitutionMatrix/3di_substmat
WARNING: Normalizing state frequencies so that sum of them equals to 1

NOTE: 0 MB RAM (0 GB) is required!
Estimate model parameters (epsilon = 0.100)
Initial log-likelihood: -9279.010
Current log-likelihood at step 1: -8241.230
Current log-likelihood at step 2: -8128.480
Current log-likelihood at step 3: -8128.346
Current log-likelihood at step 4: -8128.332
Partition-specific rates:  1.462 0.538
Parameters optimization took 3 rounds (0.028 sec)

Wrote distance file to... 
Computing ML distances based on estimated model parameters...
Calculating distance matrix: done in 3.50475e-05 secs using 85.6% CPU
Computing ML distances took 0.000086 sec (of wall-clock time) 0.000057 sec (of CPU time)
Setting up auxiliary I and S matrices: done in 2.81334e-05 secs using 81.75% CPU
Computing RapidNJ tree took 0.000136 sec (of wall-clock time) 0.000079 sec (of CPU time)
Log-likelihood of RapidNJ tree: -8474.570
--------------------------------------------------------------------
|             INITIALIZING CANDIDATE TREE SET                      |
--------------------------------------------------------------------
Generating 98 parsimony trees... 0.164 second
Computing log-likelihood of 98 initial trees ... 0.245 seconds
Current best score: -8128.332

Do NNI search on 20 best initial trees
Estimate model parameters (epsilon = 0.100)
Initial log-likelihood: -8115.921
Current log-likelihood at step 1: -8115.736
Current log-likelihood at step 2: -8115.713
Parameters optimization took 1 rounds (0.013 sec)

BETTER TREE FOUND at iteration 1: -8115.713
Estimate model parameters (epsilon = 0.100)
Initial log-likelihood: -8113.975
Current log-likelihood at step 1: -8113.860
Current log-likelihood at step 2: -8113.849
Parameters optimization took 1 rounds (0.008 sec)

BETTER TREE FOUND at iteration 5: -8113.849
Iteration 10 / LogL: -8114.203 / Time: 0h:7m:20s
Iteration 20 / LogL: -8114.154 / Time: 0h:7m:21s
Finish initializing candidate tree set (2)
Current best tree score: -8113.849 / CPU time: 1.348
Number of iterations: 20
--------------------------------------------------------------------
|               OPTIMIZING CANDIDATE TREE SET                      |
--------------------------------------------------------------------
Iteration 30 / LogL: -8115.945 / Time: 0h:7m:21s (0h:0m:4s left)
Iteration 40 / LogL: -8114.013 / Time: 0h:7m:21s (0h:0m:3s left)
Iteration 50 / LogL: -8115.774 / Time: 0h:7m:22s (0h:0m:2s left)
Iteration 60 / LogL: -8113.902 / Time: 0h:7m:22s (0h:0m:2s left)
Iteration 70 / LogL: -8116.024 / Time: 0h:7m:22s (0h:0m:1s left)
Iteration 80 / LogL: -8114.069 / Time: 0h:7m:23s (0h:0m:1s left)
Iteration 90 / LogL: -8113.995 / Time: 0h:7m:23s (0h:0m:0s left)
Iteration 100 / LogL: -8114.024 / Time: 0h:7m:23s (0h:0m:0s left)
TREE SEARCH COMPLETED AFTER 106 ITERATIONS / Time: 0h:7m:24s

--------------------------------------------------------------------
|                    FINALIZING TREE SEARCH                        |
--------------------------------------------------------------------
Performs final model parameters optimization
Estimate model parameters (epsilon = 0.010)
Initial log-likelihood: -8113.849
Current log-likelihood at step 1: -8113.846
Partition-specific rates:  1.447 0.553
Parameters optimization took 0 rounds (0.004 sec)

Partition information was printed to partition_file.nex.best_model.nex
BEST SCORE FOUND : -8113.846
Total tree length: 13.623

Total number of iterations: 106
CPU time used for tree search: 4.351 sec (0h:0m:4s)
Wall-clock time used for tree search: 4.271 sec (0h:0m:4s)
Total CPU time used: 456.782 sec (0h:7m:36s)
Total wall-clock time used: 444.115 sec (0h:7m:24s)

===> START BOOTSTRAP REPLICATE NUMBER 97

Creating bootstrap alignment (seed: 665363)...

Create initial parsimony tree by phylogenetic likelihood library (PLL)... 0.001 seconds
Reading model parameters from file /Users/mful870/Desktop/MD_3di_Dev_02Oct24/Scriptorum/SubstitutionMatrix/3di_substmat
WARNING: Normalizing state frequencies so that sum of them equals to 1

NOTE: 0 MB RAM (0 GB) is required!
Estimate model parameters (epsilon = 0.100)
Initial log-likelihood: -9454.372
Current log-likelihood at step 1: -8383.089
Current log-likelihood at step 2: -8291.671
Current log-likelihood at step 3: -8291.561
Current log-likelihood at step 4: -8291.540
Partition-specific rates:  1.413 0.587
Parameters optimization took 3 rounds (0.026 sec)

Wrote distance file to... 
Computing ML distances based on estimated model parameters...
Calculating distance matrix: done in 5.00679e-05 secs using 83.89% CPU
Computing ML distances took 0.000124 sec (of wall-clock time) 0.000079 sec (of CPU time)
Setting up auxiliary I and S matrices: done in 3.79086e-05 secs using 76.5% CPU
Computing RapidNJ tree took 0.000159 sec (of wall-clock time) 0.000097 sec (of CPU time)
Log-likelihood of RapidNJ tree: -8735.366
--------------------------------------------------------------------
|             INITIALIZING CANDIDATE TREE SET                      |
--------------------------------------------------------------------
Generating 98 parsimony trees... 0.150 second
Computing log-likelihood of 98 initial trees ... 0.211 seconds
Current best score: -8291.540

Do NNI search on 20 best initial trees
Estimate model parameters (epsilon = 0.100)
Initial log-likelihood: -8264.907
Current log-likelihood at step 1: -8264.166
Current log-likelihood at step 2: -8264.150
Parameters optimization took 1 rounds (0.012 sec)

BETTER TREE FOUND at iteration 1: -8264.150
Iteration 10 / LogL: -8264.633 / Time: 0h:7m:24s
Estimate model parameters (epsilon = 0.100)
Initial log-likelihood: -8263.986
Current log-likelihood at step 1: -8263.879
Current log-likelihood at step 2: -8263.859
Parameters optimization took 1 rounds (0.008 sec)

UPDATE BEST LOG-LIKELIHOOD: -8263.859
Iteration 20 / LogL: -8264.568 / Time: 0h:7m:25s
Finish initializing candidate tree set (2)
Current best tree score: -8263.859 / CPU time: 1.150
Number of iterations: 20
--------------------------------------------------------------------
|               OPTIMIZING CANDIDATE TREE SET                      |
--------------------------------------------------------------------
UPDATE BEST LOG-LIKELIHOOD: -8263.854
Iteration 30 / LogL: -8263.969 / Time: 0h:7m:25s (0h:0m:3s left)
Iteration 40 / LogL: -8264.214 / Time: 0h:7m:26s (0h:0m:3s left)
Iteration 50 / LogL: -8265.164 / Time: 0h:7m:26s (0h:0m:2s left)
UPDATE BEST LOG-LIKELIHOOD: -8263.853
Iteration 60 / LogL: -8264.216 / Time: 0h:7m:26s (0h:0m:1s left)
Iteration 70 / LogL: -8264.022 / Time: 0h:7m:27s (0h:0m:1s left)
Iteration 80 / LogL: -8264.429 / Time: 0h:7m:27s (0h:0m:0s left)
Iteration 90 / LogL: -8264.334 / Time: 0h:7m:27s (0h:0m:0s left)
Iteration 100 / LogL: -8264.279 / Time: 0h:7m:27s (0h:0m:0s left)
TREE SEARCH COMPLETED AFTER 102 ITERATIONS / Time: 0h:7m:28s

--------------------------------------------------------------------
|                    FINALIZING TREE SEARCH                        |
--------------------------------------------------------------------
Performs final model parameters optimization
Estimate model parameters (epsilon = 0.010)
Initial log-likelihood: -8263.853
Current log-likelihood at step 1: -8263.853
Partition-specific rates:  1.393 0.607
Parameters optimization took 0 rounds (0.004 sec)

Partition information was printed to partition_file.nex.best_model.nex
BEST SCORE FOUND : -8263.853
Total tree length: 13.869

Total number of iterations: 102
CPU time used for tree search: 3.988 sec (0h:0m:3s)
Wall-clock time used for tree search: 3.867 sec (0h:0m:3s)
Total CPU time used: 460.864 sec (0h:7m:40s)
Total wall-clock time used: 448.067 sec (0h:7m:28s)

===> START BOOTSTRAP REPLICATE NUMBER 98

Creating bootstrap alignment (seed: 665364)...

Create initial parsimony tree by phylogenetic likelihood library (PLL)... 0.001 seconds
Reading model parameters from file /Users/mful870/Desktop/MD_3di_Dev_02Oct24/Scriptorum/SubstitutionMatrix/3di_substmat
WARNING: Normalizing state frequencies so that sum of them equals to 1

NOTE: 0 MB RAM (0 GB) is required!
Estimate model parameters (epsilon = 0.100)
Initial log-likelihood: -8995.625
Current log-likelihood at step 1: -7915.626
Current log-likelihood at step 2: -7827.683
Current log-likelihood at step 3: -7827.617
Partition-specific rates:  1.409 0.591
Parameters optimization took 2 rounds (0.027 sec)

Wrote distance file to... 
Computing ML distances based on estimated model parameters...
Calculating distance matrix: done in 3.79086e-05 secs using 84.41% CPU
Computing ML distances took 0.000097 sec (of wall-clock time) 0.000062 sec (of CPU time)
Setting up auxiliary I and S matrices: done in 3.71933e-05 secs using 77.97% CPU
Computing RapidNJ tree took 0.000203 sec (of wall-clock time) 0.000110 sec (of CPU time)
Log-likelihood of RapidNJ tree: -8244.616
--------------------------------------------------------------------
|             INITIALIZING CANDIDATE TREE SET                      |
--------------------------------------------------------------------
Generating 98 parsimony trees... 0.142 second
Computing log-likelihood of 98 initial trees ... 0.232 seconds
Current best score: -7827.617

Do NNI search on 20 best initial trees
Estimate model parameters (epsilon = 0.100)
Initial log-likelihood: -7815.746
Current log-likelihood at step 1: -7815.738
Parameters optimization took 0 rounds (0.004 sec)

BETTER TREE FOUND at iteration 1: -7815.738
UPDATE BEST LOG-LIKELIHOOD: -7815.738
Iteration 10 / LogL: -7815.756 / Time: 0h:7m:29s
Iteration 20 / LogL: -7815.738 / Time: 0h:7m:29s
Finish initializing candidate tree set (3)
Current best tree score: -7815.738 / CPU time: 1.751
Number of iterations: 20
--------------------------------------------------------------------
|               OPTIMIZING CANDIDATE TREE SET                      |
--------------------------------------------------------------------
UPDATE BEST LOG-LIKELIHOOD: -7815.737
Iteration 30 / LogL: -7815.737 / Time: 0h:7m:30s (0h:0m:5s left)
Iteration 40 / LogL: -7815.738 / Time: 0h:7m:30s (0h:0m:4s left)
Iteration 50 / LogL: -7815.738 / Time: 0h:7m:31s (0h:0m:3s left)
Iteration 60 / LogL: -7815.738 / Time: 0h:7m:32s (0h:0m:2s left)
Iteration 70 / LogL: -7816.464 / Time: 0h:7m:32s (0h:0m:2s left)
Iteration 80 / LogL: -7815.754 / Time: 0h:7m:33s (0h:0m:1s left)
UPDATE BEST LOG-LIKELIHOOD: -7815.737
Iteration 90 / LogL: -7815.737 / Time: 0h:7m:33s (0h:0m:0s left)
Iteration 100 / LogL: -7816.005 / Time: 0h:7m:34s (0h:0m:0s left)
TREE SEARCH COMPLETED AFTER 102 ITERATIONS / Time: 0h:7m:34s

--------------------------------------------------------------------
|                    FINALIZING TREE SEARCH                        |
--------------------------------------------------------------------
Performs final model parameters optimization
Estimate model parameters (epsilon = 0.010)
Initial log-likelihood: -7815.737
Current log-likelihood at step 1: -7815.737
Partition-specific rates:  1.412 0.588
Parameters optimization took 0 rounds (0.004 sec)

Partition information was printed to partition_file.nex.best_model.nex
BEST SCORE FOUND : -7815.737
Total tree length: 14.236

Total number of iterations: 102
CPU time used for tree search: 6.257 sec (0h:0m:6s)
Wall-clock time used for tree search: 6.150 sec (0h:0m:6s)
Total CPU time used: 467.235 sec (0h:7m:47s)
Total wall-clock time used: 454.316 sec (0h:7m:34s)

===> START BOOTSTRAP REPLICATE NUMBER 99

Creating bootstrap alignment (seed: 665365)...

Create initial parsimony tree by phylogenetic likelihood library (PLL)... 0.001 seconds
Reading model parameters from file /Users/mful870/Desktop/MD_3di_Dev_02Oct24/Scriptorum/SubstitutionMatrix/3di_substmat
WARNING: Normalizing state frequencies so that sum of them equals to 1

NOTE: 0 MB RAM (0 GB) is required!
Estimate model parameters (epsilon = 0.100)
Initial log-likelihood: -9420.426
Current log-likelihood at step 1: -8418.389
Current log-likelihood at step 2: -8290.932
Current log-likelihood at step 3: -8290.822
Current log-likelihood at step 4: -8290.820
Partition-specific rates:  1.464 0.536
Parameters optimization took 3 rounds (0.029 sec)

Wrote distance file to... 
Computing ML distances based on estimated model parameters...
Calculating distance matrix: done in 3.50475e-05 secs using 85.6% CPU
Computing ML distances took 0.000086 sec (of wall-clock time) 0.000057 sec (of CPU time)
Setting up auxiliary I and S matrices: done in 3.88622e-05 secs using 77.2% CPU
Computing RapidNJ tree took 0.000184 sec (of wall-clock time) 0.000101 sec (of CPU time)
Log-likelihood of RapidNJ tree: -8663.421
--------------------------------------------------------------------
|             INITIALIZING CANDIDATE TREE SET                      |
--------------------------------------------------------------------
Generating 98 parsimony trees... 0.144 second
Computing log-likelihood of 95 initial trees ... 0.214 seconds
Current best score: -8290.820

Do NNI search on 20 best initial trees
Estimate model parameters (epsilon = 0.100)
Initial log-likelihood: -8283.768
Current log-likelihood at step 1: -8283.763
Parameters optimization took 0 rounds (0.007 sec)

BETTER TREE FOUND at iteration 1: -8283.763
BETTER TREE FOUND at iteration 2: -8283.763
UPDATE BEST LOG-LIKELIHOOD: -8283.762
UPDATE BEST LOG-LIKELIHOOD: -8283.762
Iteration 10 / LogL: -8289.976 / Time: 0h:7m:35s
Iteration 20 / LogL: -8283.763 / Time: 0h:7m:36s
Finish initializing candidate tree set (3)
Current best tree score: -8283.762 / CPU time: 1.623
Number of iterations: 20
--------------------------------------------------------------------
|               OPTIMIZING CANDIDATE TREE SET                      |
--------------------------------------------------------------------
UPDATE BEST LOG-LIKELIHOOD: -8283.762
Iteration 30 / LogL: -8290.282 / Time: 0h:7m:36s (0h:0m:5s left)
UPDATE BEST LOG-LIKELIHOOD: -8283.762
Iteration 40 / LogL: -8290.136 / Time: 0h:7m:37s (0h:0m:4s left)
Iteration 50 / LogL: -8283.762 / Time: 0h:7m:37s (0h:0m:3s left)
UPDATE BEST LOG-LIKELIHOOD: -8283.762
UPDATE BEST LOG-LIKELIHOOD: -8283.762
Iteration 60 / LogL: -8290.414 / Time: 0h:7m:38s (0h:0m:2s left)
Iteration 70 / LogL: -8283.764 / Time: 0h:7m:38s (0h:0m:2s left)
UPDATE BEST LOG-LIKELIHOOD: -8283.762
UPDATE BEST LOG-LIKELIHOOD: -8283.762
Iteration 80 / LogL: -8283.762 / Time: 0h:7m:39s (0h:0m:1s left)
Iteration 90 / LogL: -8290.521 / Time: 0h:7m:39s (0h:0m:0s left)
Iteration 100 / LogL: -8283.763 / Time: 0h:7m:40s (0h:0m:0s left)
TREE SEARCH COMPLETED AFTER 103 ITERATIONS / Time: 0h:7m:40s

--------------------------------------------------------------------
|                    FINALIZING TREE SEARCH                        |
--------------------------------------------------------------------
Performs final model parameters optimization
Estimate model parameters (epsilon = 0.010)
Initial log-likelihood: -8283.762
Current log-likelihood at step 1: -8283.762
Partition-specific rates:  1.466 0.534
Parameters optimization took 0 rounds (0.004 sec)

Partition information was printed to partition_file.nex.best_model.nex
BEST SCORE FOUND : -8283.762
Total tree length: 13.746

Total number of iterations: 103
CPU time used for tree search: 6.160 sec (0h:0m:6s)
Wall-clock time used for tree search: 6.061 sec (0h:0m:6s)
Total CPU time used: 473.482 sec (0h:7m:53s)
Total wall-clock time used: 460.453 sec (0h:7m:40s)

===> START BOOTSTRAP REPLICATE NUMBER 100

Creating bootstrap alignment (seed: 665366)...

Create initial parsimony tree by phylogenetic likelihood library (PLL)... 0.001 seconds
Reading model parameters from file /Users/mful870/Desktop/MD_3di_Dev_02Oct24/Scriptorum/SubstitutionMatrix/3di_substmat
WARNING: Normalizing state frequencies so that sum of them equals to 1

NOTE: 0 MB RAM (0 GB) is required!
Estimate model parameters (epsilon = 0.100)
Initial log-likelihood: -8964.863
Current log-likelihood at step 1: -7926.089
Current log-likelihood at step 2: -7826.542
Current log-likelihood at step 3: -7826.474
Partition-specific rates:  1.429 0.571
Parameters optimization took 2 rounds (0.024 sec)

Wrote distance file to... 
Computing ML distances based on estimated model parameters...
Calculating distance matrix: done in 3.60012e-05 secs using 86.11% CPU
Computing ML distances took 0.000087 sec (of wall-clock time) 0.000058 sec (of CPU time)
Setting up auxiliary I and S matrices: done in 3.09944e-05 secs using 77.43% CPU
Computing RapidNJ tree took 0.000131 sec (of wall-clock time) 0.000081 sec (of CPU time)
Log-likelihood of RapidNJ tree: -8185.648
--------------------------------------------------------------------
|             INITIALIZING CANDIDATE TREE SET                      |
--------------------------------------------------------------------
Generating 98 parsimony trees... 0.150 second
Computing log-likelihood of 95 initial trees ... 0.218 seconds
Current best score: -7826.474

Do NNI search on 20 best initial trees
Estimate model parameters (epsilon = 0.100)
Initial log-likelihood: -7783.800
Current log-likelihood at step 1: -7783.470
Current log-likelihood at step 2: -7783.461
Parameters optimization took 1 rounds (0.010 sec)

BETTER TREE FOUND at iteration 1: -7783.461
Iteration 10 / LogL: -7783.748 / Time: 0h:7m:41s
Iteration 20 / LogL: -7783.812 / Time: 0h:7m:41s
Finish initializing candidate tree set (1)
Current best tree score: -7783.461 / CPU time: 1.266
Number of iterations: 20
--------------------------------------------------------------------
|               OPTIMIZING CANDIDATE TREE SET                      |
--------------------------------------------------------------------
Iteration 30 / LogL: -7783.690 / Time: 0h:7m:42s (0h:0m:3s left)
UPDATE BEST LOG-LIKELIHOOD: -7783.459
Iteration 40 / LogL: -7783.758 / Time: 0h:7m:42s (0h:0m:2s left)
Iteration 50 / LogL: -7783.839 / Time: 0h:7m:42s (0h:0m:2s left)
Iteration 60 / LogL: -7783.848 / Time: 0h:7m:42s (0h:0m:1s left)
Iteration 70 / LogL: -7783.644 / Time: 0h:7m:43s (0h:0m:1s left)
Iteration 80 / LogL: -7784.129 / Time: 0h:7m:43s (0h:0m:0s left)
UPDATE BEST LOG-LIKELIHOOD: -7783.459
Iteration 90 / LogL: -7784.264 / Time: 0h:7m:43s (0h:0m:0s left)
Iteration 100 / LogL: -7783.826 / Time: 0h:7m:44s (0h:0m:0s left)
TREE SEARCH COMPLETED AFTER 102 ITERATIONS / Time: 0h:7m:44s

--------------------------------------------------------------------
|                    FINALIZING TREE SEARCH                        |
--------------------------------------------------------------------
Performs final model parameters optimization
Estimate model parameters (epsilon = 0.010)
Initial log-likelihood: -7783.459
Current log-likelihood at step 1: -7783.459
Partition-specific rates:  1.416 0.584
Parameters optimization took 0 rounds (0.004 sec)

Partition information was printed to partition_file.nex.best_model.nex
BEST SCORE FOUND : -7783.459
Total tree length: 13.001

Total number of iterations: 102
CPU time used for tree search: 3.910 sec (0h:0m:3s)
Wall-clock time used for tree search: 3.775 sec (0h:0m:3s)
Total CPU time used: 477.472 sec (0h:7m:57s)
Total wall-clock time used: 464.300 sec (0h:7m:44s)

===> COMPUTE CONSENSUS TREE FROM 100 BOOTSTRAP TREES

Reading tree(s) file partition_file.nex.boottrees ...
100 tree(s) loaded (0 rooted and 100 unrooted)
0 split(s) discarded because frequency <= -1.000
47 splits found
Consensus tree written to partition_file.nex.contree

===> START ANALYSIS ON THE ORIGINAL ALIGNMENT


Create initial parsimony tree by phylogenetic likelihood library (PLL)... 0.001 seconds
Reading model parameters from file /Users/mful870/Desktop/MD_3di_Dev_02Oct24/Scriptorum/SubstitutionMatrix/3di_substmat
WARNING: Normalizing state frequencies so that sum of them equals to 1

NOTE: 1 MB RAM (0 GB) is required!
Estimate model parameters (epsilon = 0.100)
Initial log-likelihood: -9180.579
Current log-likelihood at step 1: -8107.864
Current log-likelihood at step 2: -7995.835
Current log-likelihood at step 3: -7995.807
Partition-specific rates:  1.449 0.551
Parameters optimization took 2 rounds (0.035 sec)

Wrote distance file to... 
Computing ML distances based on estimated model parameters...
Calculating distance matrix: done in 6.38962e-05 secs using 82.95% CPU
Computing ML distances took 0.000211 sec (of wall-clock time) 0.000111 sec (of CPU time)
Setting up auxiliary I and S matrices: done in 3.8147e-05 secs using 78.64% CPU
Computing RapidNJ tree took 0.000149 sec (of wall-clock time) 0.000093 sec (of CPU time)
Log-likelihood of RapidNJ tree: -8363.414
--------------------------------------------------------------------
|             INITIALIZING CANDIDATE TREE SET                      |
--------------------------------------------------------------------
Generating 98 parsimony trees... 0.142 second
Computing log-likelihood of 98 initial trees ... 0.317 seconds
Current best score: -7995.807

Do NNI search on 20 best initial trees
Estimate model parameters (epsilon = 0.100)
Initial log-likelihood: -7984.337
Current log-likelihood at step 1: -7984.246
Parameters optimization took 0 rounds (0.006 sec)

BETTER TREE FOUND at iteration 1: -7984.246
Iteration 10 / LogL: -7984.582 / Time: 0h:7m:45s
Iteration 20 / LogL: -7984.440 / Time: 0h:7m:46s
Finish initializing candidate tree set (1)
Current best tree score: -7984.246 / CPU time: 1.679
Number of iterations: 20
--------------------------------------------------------------------
|               OPTIMIZING CANDIDATE TREE SET                      |
--------------------------------------------------------------------
Iteration 30 / LogL: -7984.288 / Time: 0h:7m:46s (0h:0m:5s left)
UPDATE BEST LOG-LIKELIHOOD: -7984.246
UPDATE BEST LOG-LIKELIHOOD: -7984.243
Iteration 40 / LogL: -7984.243 / Time: 0h:7m:47s (0h:0m:4s left)
Iteration 50 / LogL: -7984.260 / Time: 0h:7m:47s (0h:0m:3s left)
UPDATE BEST LOG-LIKELIHOOD: -7984.242
UPDATE BEST LOG-LIKELIHOOD: -7984.242
Iteration 60 / LogL: -7984.263 / Time: 0h:7m:48s (0h:0m:2s left)
UPDATE BEST LOG-LIKELIHOOD: -7984.242
UPDATE BEST LOG-LIKELIHOOD: -7984.239
Iteration 70 / LogL: -7984.338 / Time: 0h:7m:48s (0h:0m:1s left)
Iteration 80 / LogL: -7984.324 / Time: 0h:7m:49s (0h:0m:1s left)
Iteration 90 / LogL: -7984.266 / Time: 0h:7m:49s (0h:0m:0s left)
Iteration 100 / LogL: -7984.389 / Time: 0h:7m:50s (0h:0m:0s left)
UPDATE BEST LOG-LIKELIHOOD: -7984.239
TREE SEARCH COMPLETED AFTER 102 ITERATIONS / Time: 0h:7m:50s

--------------------------------------------------------------------
|                    FINALIZING TREE SEARCH                        |
--------------------------------------------------------------------
Performs final model parameters optimization
Estimate model parameters (epsilon = 0.010)
Initial log-likelihood: -7984.239
Current log-likelihood at step 1: -7984.239
Partition-specific rates:  1.450 0.550
Parameters optimization took 0 rounds (0.006 sec)

Partition information was printed to partition_file.nex.best_model.nex
BEST SCORE FOUND : -7984.239
Total tree length: 13.768

Total number of iterations: 102
CPU time used for tree search: 5.811 sec (0h:0m:5s)
Wall-clock time used for tree search: 5.722 sec (0h:0m:5s)
Total CPU time used: 483.413 sec (0h:8m:3s)
Total wall-clock time used: 470.137 sec (0h:7m:50s)
Reading input trees file partition_file.nex.contree
Log-likelihood of consensus tree: -7984.239

===> ASSIGN BOOTSTRAP SUPPORTS TO THE TREE FROM ORIGINAL ALIGNMENT

Reading tree partition_file.nex.treefile ...
unrooted tree detected
Reading tree(s) file partition_file.nex.boottrees ...
100 tree(s) loaded (0 rooted and 100 unrooted)
Rescaling split weights by 1.000
47 splits found
Creating bootstrap support values...
Tree with assigned support written to partition_file.nex.treefile

Analysis results written to: 
  IQ-TREE report:                partition_file.nex.iqtree
  Maximum-likelihood tree:       partition_file.nex.treefile
  Likelihood distances:          partition_file.nex.mldist
  Screen log file:               partition_file.nex.log

Total CPU time for bootstrap: 483.437 seconds.
Total wall-clock time for bootstrap: 470.176 seconds.

Non-parametric bootstrap results written to:
  Bootstrap trees:          partition_file.nex.boottrees
  Consensus tree:           partition_file.nex.contree

Date and Time: Mon Jun  2 22:59:40 2025
