IQ-TREE multicore version 1.6.8 for Mac OS X 64-bit built Oct 28 2018
Developed by Bui Quang Minh, Nguyen Lam Tung, Olga Chernomor,
Heiko Schmidt, Dominik Schrempf, Michael Woodhams.

Host:    sc-sbs-383386 (AVX512, FMA3, 32 GB RAM)
Command: /Users/mful870/Bioinformatics_Programs/iqtree-1.6.8-MacOSX/bin/iqtree -redo -s crystal.tdialn -m /Users/mful870/Desktop/MD_3di_Dev_02Oct24/Scriptorum/SubstitutionMatrix/3di_substmat+F+G4 -b 100
Seed:    788470 (Using SPRNG - Scalable Parallel Random Number Generator)
Time:    Sun Jun  1 14:05:35 2025
Kernel:  AVX+FMA - 1 threads (16 CPU cores detected)

HINT: Use -nt option to specify number of threads because your CPU has 16 cores!
HINT: -nt AUTO will automatically determine the best number of threads to use.

Reading alignment file crystal.tdialn ... Fasta format detected
Alignment most likely contains protein sequences
Alignment has 7 sequences with 100 columns, 61 distinct patterns
12 parsimony-informative, 48 singleton sites, 40 constant sites
WARNING: Some sequence names are changed as follows:
a_38_1_1+1an2_A -> a_38_1_1_1an2_A
a_38_1_1+1mdy_A -> a_38_1_1_1mdy_A
a_38_1_0+5i4z_A -> a_38_1_0_5i4z_A
a_38_1_1+1nlw_A -> a_38_1_1_1nlw_A
a_38_1_1+1am9_A -> a_38_1_1_1am9_A
a_38_1_1+1ukl_C -> a_38_1_1_1ukl_C
a_38_1_1+1a0a_A -> a_38_1_1_1a0a_A

                 Gap/Ambiguity  Composition  p-value
   1  a_38_1_1_1an2_A   14.00%    passed     99.83%
   2  a_38_1_1_1mdy_A   32.00%    passed     99.73%
   3  a_38_1_0_5i4z_A   26.00%    passed     99.84%
   4  a_38_1_1_1nlw_A   21.00%    passed     83.19%
   5  a_38_1_1_1am9_A   20.00%    passed     99.98%
   6  a_38_1_1_1ukl_C   39.00%    passed     89.56%
   7  a_38_1_1_1a0a_A   37.00%    failed      0.31%
****  TOTAL             27.00%  1 sequences failed composition chi2 test (p-value<5%; df=19)

===> START BOOTSTRAP REPLICATE NUMBER 1

Creating bootstrap alignment (seed: 788470)...
WARNING: States(s) N, E, I, K, M, T, W, Y rarely appear in alignment and may cause numerical problems

Create initial parsimony tree by phylogenetic likelihood library (PLL)... 0.000 seconds
Reading model parameters from file /Users/mful870/Desktop/MD_3di_Dev_02Oct24/Scriptorum/SubstitutionMatrix/3di_substmat

NOTE: 0 MB RAM (0 GB) is required!
Estimate model parameters (epsilon = 0.100)
1. Initial log-likelihood: -564.102
2. Current log-likelihood: -544.886
3. Current log-likelihood: -544.030
Optimal log-likelihood: -543.971
Gamma shape alpha: 0.759
Parameters optimization took 3 rounds (0.007 sec)
Computing ML distances based on estimated model parameters... 0.012 sec
WARNING: Some pairwise ML distances are too long (saturated)
Computing BIONJ tree...
0.007 seconds
Log-likelihood of BIONJ tree: -544.376
--------------------------------------------------------------------
|             INITIALIZING CANDIDATE TREE SET                      |
--------------------------------------------------------------------
Generating 98 parsimony trees... 0.014 second
Computing log-likelihood of 38 initial trees ... 0.029 seconds
Current best score: -543.971

Do NNI search on 20 best initial trees
Estimate model parameters (epsilon = 0.100)
BETTER TREE FOUND at iteration 1: -543.950
UPDATE BEST LOG-LIKELIHOOD: -543.948
Iteration 10 / LogL: -543.949 / Time: 0h:0m:0s
Iteration 20 / LogL: -544.150 / Time: 0h:0m:0s
Finish initializing candidate tree set (4)
Current best tree score: -543.948 / CPU time: 0.196
Number of iterations: 20
--------------------------------------------------------------------
|               OPTIMIZING CANDIDATE TREE SET                      |
--------------------------------------------------------------------
UPDATE BEST LOG-LIKELIHOOD: -543.948
UPDATE BEST LOG-LIKELIHOOD: -543.948
UPDATE BEST LOG-LIKELIHOOD: -543.948
UPDATE BEST LOG-LIKELIHOOD: -543.948
Iteration 30 / LogL: -544.690 / Time: 0h:0m:0s (0h:0m:0s left)
WARNING: NNI search needs unusual large number of steps (7) to converge!
WARNING: NNI search needs unusual large number of steps (7) to converge!
UPDATE BEST LOG-LIKELIHOOD: -543.948
Iteration 40 / LogL: -544.150 / Time: 0h:0m:0s (0h:0m:0s left)
WARNING: NNI search needs unusual large number of steps (7) to converge!
WARNING: NNI search needs unusual large number of steps (7) to converge!
Iteration 50 / LogL: -544.183 / Time: 0h:0m:0s (0h:0m:0s left)
WARNING: NNI search needs unusual large number of steps (7) to converge!
UPDATE BEST LOG-LIKELIHOOD: -543.948
Iteration 60 / LogL: -543.949 / Time: 0h:0m:0s (0h:0m:0s left)
WARNING: NNI search needs unusual large number of steps (7) to converge!
Iteration 70 / LogL: -543.949 / Time: 0h:0m:0s (0h:0m:0s left)
WARNING: NNI search needs unusual large number of steps (7) to converge!
WARNING: NNI search needs unusual large number of steps (7) to converge!
Iteration 80 / LogL: -543.948 / Time: 0h:0m:0s (0h:0m:0s left)
UPDATE BEST LOG-LIKELIHOOD: -543.948
WARNING: NNI search needs unusual large number of steps (7) to converge!
Iteration 90 / LogL: -544.690 / Time: 0h:0m:0s (0h:0m:0s left)
WARNING: NNI search needs unusual large number of steps (7) to converge!
Iteration 100 / LogL: -543.949 / Time: 0h:0m:0s (0h:0m:0s left)
WARNING: NNI search needs unusual large number of steps (7) to converge!
TREE SEARCH COMPLETED AFTER 102 ITERATIONS / Time: 0h:0m:0s

--------------------------------------------------------------------
|                    FINALIZING TREE SEARCH                        |
--------------------------------------------------------------------
Performs final model parameters optimization
Estimate model parameters (epsilon = 0.010)
1. Initial log-likelihood: -543.948
Optimal log-likelihood: -543.946
Gamma shape alpha: 0.723
Parameters optimization took 1 rounds (0.001 sec)
BEST SCORE FOUND : -543.946
Total tree length: 5.460

Total number of iterations: 102
CPU time used for tree search: 0.695 sec (0h:0m:0s)
Wall-clock time used for tree search: 0.711 sec (0h:0m:0s)
Total CPU time used: 0.722 sec (0h:0m:0s)
Total wall-clock time used: 0.748 sec (0h:0m:0s)

===> START BOOTSTRAP REPLICATE NUMBER 2

Creating bootstrap alignment (seed: 788471)...
WARNING: States(s) N, E, H, I, K, M, T, W, Y rarely appear in alignment and may cause numerical problems

Create initial parsimony tree by phylogenetic likelihood library (PLL)... 0.000 seconds
Reading model parameters from file /Users/mful870/Desktop/MD_3di_Dev_02Oct24/Scriptorum/SubstitutionMatrix/3di_substmat

NOTE: 0 MB RAM (0 GB) is required!
Estimate model parameters (epsilon = 0.100)
1. Initial log-likelihood: -569.895
2. Current log-likelihood: -550.743
3. Current log-likelihood: -550.462
Optimal log-likelihood: -550.449
Gamma shape alpha: 1.062
Parameters optimization took 3 rounds (0.005 sec)
Computing ML distances based on estimated model parameters... 0.010 sec
Computing BIONJ tree...
0.007 seconds
Log-likelihood of BIONJ tree: -556.417
--------------------------------------------------------------------
|             INITIALIZING CANDIDATE TREE SET                      |
--------------------------------------------------------------------
Generating 98 parsimony trees... 0.013 second
Computing log-likelihood of 50 initial trees ... 0.038 seconds
Current best score: -550.449

Do NNI search on 20 best initial trees
Estimate model parameters (epsilon = 0.100)
BETTER TREE FOUND at iteration 1: -550.443
Iteration 10 / LogL: -550.539 / Time: 0h:0m:0s
Iteration 20 / LogL: -550.468 / Time: 0h:0m:0s
Finish initializing candidate tree set (1)
Current best tree score: -550.443 / CPU time: 0.132
Number of iterations: 20
--------------------------------------------------------------------
|               OPTIMIZING CANDIDATE TREE SET                      |
--------------------------------------------------------------------
Iteration 30 / LogL: -550.443 / Time: 0h:0m:0s (0h:0m:0s left)
Iteration 40 / LogL: -554.088 / Time: 0h:0m:0s (0h:0m:0s left)
Iteration 50 / LogL: -550.443 / Time: 0h:0m:0s (0h:0m:0s left)
Iteration 60 / LogL: -554.022 / Time: 0h:0m:0s (0h:0m:0s left)
Iteration 70 / LogL: -550.545 / Time: 0h:0m:0s (0h:0m:0s left)
WARNING: NNI search needs unusual large number of steps (7) to converge!
Iteration 80 / LogL: -553.973 / Time: 0h:0m:0s (0h:0m:0s left)
UPDATE BEST LOG-LIKELIHOOD: -550.442
Iteration 90 / LogL: -553.959 / Time: 0h:0m:0s (0h:0m:0s left)
Iteration 100 / LogL: -553.996 / Time: 0h:0m:0s (0h:0m:0s left)
TREE SEARCH COMPLETED AFTER 102 ITERATIONS / Time: 0h:0m:0s

--------------------------------------------------------------------
|                    FINALIZING TREE SEARCH                        |
--------------------------------------------------------------------
Performs final model parameters optimization
Estimate model parameters (epsilon = 0.010)
1. Initial log-likelihood: -550.442
Optimal log-likelihood: -550.439
Gamma shape alpha: 1.027
Parameters optimization took 1 rounds (0.001 sec)
BEST SCORE FOUND : -550.439
Total tree length: 3.522

Total number of iterations: 102
CPU time used for tree search: 0.495 sec (0h:0m:0s)
Wall-clock time used for tree search: 0.507 sec (0h:0m:0s)
Total CPU time used: 0.517 sec (0h:0m:0s)
Total wall-clock time used: 0.544 sec (0h:0m:0s)

===> START BOOTSTRAP REPLICATE NUMBER 3

Creating bootstrap alignment (seed: 788472)...
WARNING: States(s) N, E, G, I, K, M, T, W, Y rarely appear in alignment and may cause numerical problems

Create initial parsimony tree by phylogenetic likelihood library (PLL)... 0.000 seconds
Reading model parameters from file /Users/mful870/Desktop/MD_3di_Dev_02Oct24/Scriptorum/SubstitutionMatrix/3di_substmat

NOTE: 0 MB RAM (0 GB) is required!
Estimate model parameters (epsilon = 0.100)
1. Initial log-likelihood: -506.279
2. Current log-likelihood: -486.401
3. Current log-likelihood: -485.772
4. Current log-likelihood: -485.541
Optimal log-likelihood: -485.487
Gamma shape alpha: 2.692
Parameters optimization took 4 rounds (0.008 sec)
Computing ML distances based on estimated model parameters... 0.009 sec
Computing BIONJ tree...
0.007 seconds
Log-likelihood of BIONJ tree: -490.695
--------------------------------------------------------------------
|             INITIALIZING CANDIDATE TREE SET                      |
--------------------------------------------------------------------
Generating 98 parsimony trees... 0.012 second
Computing log-likelihood of 59 initial trees ... 0.041 seconds
Current best score: -484.605

Do NNI search on 20 best initial trees
Estimate model parameters (epsilon = 0.100)
BETTER TREE FOUND at iteration 1: -484.478
Estimate model parameters (epsilon = 0.100)
UPDATE BEST LOG-LIKELIHOOD: -484.434
Iteration 10 / LogL: -484.588 / Time: 0h:0m:0s
Iteration 20 / LogL: -484.484 / Time: 0h:0m:0s
Finish initializing candidate tree set (1)
Current best tree score: -484.434 / CPU time: 0.144
Number of iterations: 20
--------------------------------------------------------------------
|               OPTIMIZING CANDIDATE TREE SET                      |
--------------------------------------------------------------------
UPDATE BEST LOG-LIKELIHOOD: -484.434
Estimate model parameters (epsilon = 0.100)
BETTER TREE FOUND at iteration 25: -483.207
UPDATE BEST LOG-LIKELIHOOD: -483.206
BETTER TREE FOUND at iteration 30: -483.206
Iteration 30 / LogL: -483.206 / Time: 0h:0m:0s (0h:0m:0s left)
UPDATE BEST LOG-LIKELIHOOD: -483.206
UPDATE BEST LOG-LIKELIHOOD: -483.206
UPDATE BEST LOG-LIKELIHOOD: -483.206
Iteration 40 / LogL: -483.288 / Time: 0h:0m:0s (0h:0m:0s left)
UPDATE BEST LOG-LIKELIHOOD: -483.206
UPDATE BEST LOG-LIKELIHOOD: -483.206
Iteration 50 / LogL: -484.319 / Time: 0h:0m:0s (0h:0m:0s left)
UPDATE BEST LOG-LIKELIHOOD: -483.206
UPDATE BEST LOG-LIKELIHOOD: -483.206
Iteration 60 / LogL: -483.206 / Time: 0h:0m:0s (0h:0m:0s left)
UPDATE BEST LOG-LIKELIHOOD: -483.206
Iteration 70 / LogL: -484.319 / Time: 0h:0m:0s (0h:0m:0s left)
Iteration 80 / LogL: -483.206 / Time: 0h:0m:0s (0h:0m:0s left)
Iteration 90 / LogL: -483.206 / Time: 0h:0m:0s (0h:0m:0s left)
UPDATE BEST LOG-LIKELIHOOD: -483.206
Iteration 100 / LogL: -483.288 / Time: 0h:0m:0s (0h:0m:0s left)
Iteration 110 / LogL: -483.206 / Time: 0h:0m:0s (0h:0m:0s left)
UPDATE BEST LOG-LIKELIHOOD: -483.206
Iteration 120 / LogL: -483.206 / Time: 0h:0m:0s (0h:0m:0s left)
Iteration 130 / LogL: -483.206 / Time: 0h:0m:0s (0h:0m:0s left)
UPDATE BEST LOG-LIKELIHOOD: -483.206
TREE SEARCH COMPLETED AFTER 131 ITERATIONS / Time: 0h:0m:0s

--------------------------------------------------------------------
|                    FINALIZING TREE SEARCH                        |
--------------------------------------------------------------------
Performs final model parameters optimization
Estimate model parameters (epsilon = 0.010)
1. Initial log-likelihood: -483.206
Optimal log-likelihood: -483.198
Gamma shape alpha: 13.081
Parameters optimization took 1 rounds (0.002 sec)
BEST SCORE FOUND : -483.198
Total tree length: 1.986

Total number of iterations: 131
CPU time used for tree search: 0.603 sec (0h:0m:0s)
Wall-clock time used for tree search: 0.672 sec (0h:0m:0s)
Total CPU time used: 0.631 sec (0h:0m:0s)
Total wall-clock time used: 0.715 sec (0h:0m:0s)

===> START BOOTSTRAP REPLICATE NUMBER 4

Creating bootstrap alignment (seed: 788473)...
WARNING: States(s) A, N, E, G, I, K, M, F, T, W, Y rarely appear in alignment and may cause numerical problems

Create initial parsimony tree by phylogenetic likelihood library (PLL)... 0.000 seconds
Reading model parameters from file /Users/mful870/Desktop/MD_3di_Dev_02Oct24/Scriptorum/SubstitutionMatrix/3di_substmat

NOTE: 0 MB RAM (0 GB) is required!
Estimate model parameters (epsilon = 0.100)
1. Initial log-likelihood: -458.431
2. Current log-likelihood: -444.672
3. Current log-likelihood: -443.210
4. Current log-likelihood: -442.877
Optimal log-likelihood: -442.772
Gamma shape alpha: 3.804
Parameters optimization took 4 rounds (0.009 sec)
Computing ML distances based on estimated model parameters... 0.010 sec
WARNING: Some pairwise ML distances are too long (saturated)
Computing BIONJ tree...
0.007 seconds
Log-likelihood of BIONJ tree: -441.497
--------------------------------------------------------------------
|             INITIALIZING CANDIDATE TREE SET                      |
--------------------------------------------------------------------
Generating 98 parsimony trees... 0.012 second
Computing log-likelihood of 59 initial trees ... 0.043 seconds
Current best score: -440.819

Do NNI search on 20 best initial trees
Estimate model parameters (epsilon = 0.100)
BETTER TREE FOUND at iteration 1: -440.683
Iteration 10 / LogL: -440.685 / Time: 0h:0m:0s
Iteration 20 / LogL: -440.689 / Time: 0h:0m:0s
Finish initializing candidate tree set (3)
Current best tree score: -440.683 / CPU time: 0.157
Number of iterations: 20
--------------------------------------------------------------------
|               OPTIMIZING CANDIDATE TREE SET                      |
--------------------------------------------------------------------
UPDATE BEST LOG-LIKELIHOOD: -440.683
Iteration 30 / LogL: -441.538 / Time: 0h:0m:0s (0h:0m:0s left)
UPDATE BEST LOG-LIKELIHOOD: -440.683
UPDATE BEST LOG-LIKELIHOOD: -440.683
Iteration 40 / LogL: -441.538 / Time: 0h:0m:0s (0h:0m:0s left)
Iteration 50 / LogL: -441.538 / Time: 0h:0m:0s (0h:0m:0s left)
Iteration 60 / LogL: -440.683 / Time: 0h:0m:0s (0h:0m:0s left)
Iteration 70 / LogL: -440.689 / Time: 0h:0m:0s (0h:0m:0s left)
WARNING: NNI search needs unusual large number of steps (7) to converge!
Iteration 80 / LogL: -441.538 / Time: 0h:0m:0s (0h:0m:0s left)
UPDATE BEST LOG-LIKELIHOOD: -440.683
UPDATE BEST LOG-LIKELIHOOD: -440.683
Iteration 90 / LogL: -441.538 / Time: 0h:0m:0s (0h:0m:0s left)
UPDATE BEST LOG-LIKELIHOOD: -440.683
UPDATE BEST LOG-LIKELIHOOD: -440.683
Iteration 100 / LogL: -440.683 / Time: 0h:0m:0s (0h:0m:0s left)
TREE SEARCH COMPLETED AFTER 102 ITERATIONS / Time: 0h:0m:0s

--------------------------------------------------------------------
|                    FINALIZING TREE SEARCH                        |
--------------------------------------------------------------------
Performs final model parameters optimization
Estimate model parameters (epsilon = 0.010)
1. Initial log-likelihood: -440.683
2. Current log-likelihood: -440.658
3. Current log-likelihood: -440.640
Optimal log-likelihood: -440.635
Gamma shape alpha: 10.014
Parameters optimization took 3 rounds (0.006 sec)
BEST SCORE FOUND : -440.635
Total tree length: 1.653

Total number of iterations: 102
CPU time used for tree search: 0.486 sec (0h:0m:0s)
Wall-clock time used for tree search: 0.539 sec (0h:0m:0s)
Total CPU time used: 0.517 sec (0h:0m:0s)
Total wall-clock time used: 0.585 sec (0h:0m:0s)

===> START BOOTSTRAP REPLICATE NUMBER 5

Creating bootstrap alignment (seed: 788474)...
WARNING: States(s) N, E, G, I, K, M, T, W, Y rarely appear in alignment and may cause numerical problems

Create initial parsimony tree by phylogenetic likelihood library (PLL)... 0.000 seconds
Reading model parameters from file /Users/mful870/Desktop/MD_3di_Dev_02Oct24/Scriptorum/SubstitutionMatrix/3di_substmat

NOTE: 0 MB RAM (0 GB) is required!
Estimate model parameters (epsilon = 0.100)
1. Initial log-likelihood: -559.288
2. Current log-likelihood: -538.210
3. Current log-likelihood: -537.304
4. Current log-likelihood: -537.019
Optimal log-likelihood: -536.930
Gamma shape alpha: 2.554
Parameters optimization took 4 rounds (0.009 sec)
Computing ML distances based on estimated model parameters... 0.009 sec
Computing BIONJ tree...
0.011 seconds
Log-likelihood of BIONJ tree: -539.765
--------------------------------------------------------------------
|             INITIALIZING CANDIDATE TREE SET                      |
--------------------------------------------------------------------
Generating 98 parsimony trees... 0.013 second
Computing log-likelihood of 56 initial trees ... 0.043 seconds
Current best score: -536.773

Do NNI search on 20 best initial trees
Estimate model parameters (epsilon = 0.100)
BETTER TREE FOUND at iteration 1: -536.578
Iteration 10 / LogL: -536.582 / Time: 0h:0m:0s
Iteration 20 / LogL: -536.599 / Time: 0h:0m:0s
Finish initializing candidate tree set (4)
Current best tree score: -536.578 / CPU time: 0.268
Number of iterations: 20
--------------------------------------------------------------------
|               OPTIMIZING CANDIDATE TREE SET                      |
--------------------------------------------------------------------
UPDATE BEST LOG-LIKELIHOOD: -536.577
UPDATE BEST LOG-LIKELIHOOD: -536.577
UPDATE BEST LOG-LIKELIHOOD: -536.577
UPDATE BEST LOG-LIKELIHOOD: -536.577
Iteration 30 / LogL: -536.577 / Time: 0h:0m:0s (0h:0m:0s left)
Iteration 40 / LogL: -537.202 / Time: 0h:0m:0s (0h:0m:0s left)
UPDATE BEST LOG-LIKELIHOOD: -536.577
Iteration 50 / LogL: -536.577 / Time: 0h:0m:0s (0h:0m:0s left)
Iteration 60 / LogL: -536.577 / Time: 0h:0m:0s (0h:0m:0s left)
Iteration 70 / LogL: -536.577 / Time: 0h:0m:0s (0h:0m:0s left)
Iteration 80 / LogL: -536.938 / Time: 0h:0m:0s (0h:0m:0s left)
WARNING: NNI search needs unusual large number of steps (7) to converge!
Iteration 90 / LogL: -536.938 / Time: 0h:0m:0s (0h:0m:0s left)
WARNING: NNI search needs unusual large number of steps (7) to converge!
Iteration 100 / LogL: -536.612 / Time: 0h:0m:0s (0h:0m:0s left)
TREE SEARCH COMPLETED AFTER 102 ITERATIONS / Time: 0h:0m:0s

--------------------------------------------------------------------
|                    FINALIZING TREE SEARCH                        |
--------------------------------------------------------------------
Performs final model parameters optimization
Estimate model parameters (epsilon = 0.010)
1. Initial log-likelihood: -536.577
Optimal log-likelihood: -536.567
Gamma shape alpha: 3.179
Parameters optimization took 1 rounds (0.002 sec)
BEST SCORE FOUND : -536.567
Total tree length: 2.824

Total number of iterations: 102
CPU time used for tree search: 0.774 sec (0h:0m:0s)
Wall-clock time used for tree search: 0.802 sec (0h:0m:0s)
Total CPU time used: 0.801 sec (0h:0m:0s)
Total wall-clock time used: 0.848 sec (0h:0m:0s)

===> START BOOTSTRAP REPLICATE NUMBER 6

Creating bootstrap alignment (seed: 788475)...
WARNING: States(s) N, E, I, K, M, T, W, Y rarely appear in alignment and may cause numerical problems

Create initial parsimony tree by phylogenetic likelihood library (PLL)... 0.000 seconds
Reading model parameters from file /Users/mful870/Desktop/MD_3di_Dev_02Oct24/Scriptorum/SubstitutionMatrix/3di_substmat

NOTE: 0 MB RAM (0 GB) is required!
Estimate model parameters (epsilon = 0.100)
1. Initial log-likelihood: -477.351
2. Current log-likelihood: -461.318
3. Current log-likelihood: -460.959
4. Current log-likelihood: -460.849
Optimal log-likelihood: -460.804
Gamma shape alpha: 2.404
Parameters optimization took 4 rounds (0.008 sec)
Computing ML distances based on estimated model parameters... 0.008 sec
Computing BIONJ tree...
0.007 seconds
Log-likelihood of BIONJ tree: -459.839
--------------------------------------------------------------------
|             INITIALIZING CANDIDATE TREE SET                      |
--------------------------------------------------------------------
Generating 98 parsimony trees... 0.013 second
Computing log-likelihood of 52 initial trees ... 0.036 seconds
Current best score: -458.499

Do NNI search on 20 best initial trees
Estimate model parameters (epsilon = 0.100)
BETTER TREE FOUND at iteration 1: -458.393
UPDATE BEST LOG-LIKELIHOOD: -458.393
UPDATE BEST LOG-LIKELIHOOD: -458.393
UPDATE BEST LOG-LIKELIHOOD: -458.393
Iteration 10 / LogL: -458.393 / Time: 0h:0m:0s
UPDATE BEST LOG-LIKELIHOOD: -458.393
Iteration 20 / LogL: -458.393 / Time: 0h:0m:0s
Finish initializing candidate tree set (3)
Current best tree score: -458.393 / CPU time: 0.141
Number of iterations: 20
--------------------------------------------------------------------
|               OPTIMIZING CANDIDATE TREE SET                      |
--------------------------------------------------------------------
UPDATE BEST LOG-LIKELIHOOD: -458.393
UPDATE BEST LOG-LIKELIHOOD: -458.393
Iteration 30 / LogL: -458.393 / Time: 0h:0m:0s (0h:0m:0s left)
UPDATE BEST LOG-LIKELIHOOD: -458.393
Iteration 40 / LogL: -458.393 / Time: 0h:0m:0s (0h:0m:0s left)
Iteration 50 / LogL: -459.702 / Time: 0h:0m:0s (0h:0m:0s left)
UPDATE BEST LOG-LIKELIHOOD: -458.393
Iteration 60 / LogL: -458.393 / Time: 0h:0m:0s (0h:0m:0s left)
Iteration 70 / LogL: -459.702 / Time: 0h:0m:0s (0h:0m:0s left)
Iteration 80 / LogL: -459.702 / Time: 0h:0m:0s (0h:0m:0s left)
Iteration 90 / LogL: -459.702 / Time: 0h:0m:0s (0h:0m:0s left)
Iteration 100 / LogL: -459.709 / Time: 0h:0m:0s (0h:0m:0s left)
TREE SEARCH COMPLETED AFTER 102 ITERATIONS / Time: 0h:0m:0s

--------------------------------------------------------------------
|                    FINALIZING TREE SEARCH                        |
--------------------------------------------------------------------
Performs final model parameters optimization
Estimate model parameters (epsilon = 0.010)
1. Initial log-likelihood: -458.393
2. Current log-likelihood: -458.375
3. Current log-likelihood: -458.363
Optimal log-likelihood: -458.359
Gamma shape alpha: 3.898
Parameters optimization took 3 rounds (0.005 sec)
BEST SCORE FOUND : -458.359
Total tree length: 1.813

Total number of iterations: 102
CPU time used for tree search: 0.473 sec (0h:0m:0s)
Wall-clock time used for tree search: 0.496 sec (0h:0m:0s)
Total CPU time used: 0.500 sec (0h:0m:0s)
Total wall-clock time used: 0.537 sec (0h:0m:0s)

===> START BOOTSTRAP REPLICATE NUMBER 7

Creating bootstrap alignment (seed: 788476)...
WARNING: States(s) N, E, G, I, K, M, T, W, Y rarely appear in alignment and may cause numerical problems

Create initial parsimony tree by phylogenetic likelihood library (PLL)... 0.000 seconds
Reading model parameters from file /Users/mful870/Desktop/MD_3di_Dev_02Oct24/Scriptorum/SubstitutionMatrix/3di_substmat

NOTE: 0 MB RAM (0 GB) is required!
Estimate model parameters (epsilon = 0.100)
1. Initial log-likelihood: -513.679
2. Current log-likelihood: -496.981
3. Current log-likelihood: -496.814
Optimal log-likelihood: -496.743
Gamma shape alpha: 1.441
Parameters optimization took 3 rounds (0.006 sec)
Computing ML distances based on estimated model parameters... 0.009 sec
Computing BIONJ tree...
0.008 seconds
Log-likelihood of BIONJ tree: -498.554
--------------------------------------------------------------------
|             INITIALIZING CANDIDATE TREE SET                      |
--------------------------------------------------------------------
Generating 98 parsimony trees... 0.012 second
Computing log-likelihood of 67 initial trees ... 0.046 seconds
Current best score: -496.743

Do NNI search on 20 best initial trees
Estimate model parameters (epsilon = 0.100)
BETTER TREE FOUND at iteration 1: -496.724
BETTER TREE FOUND at iteration 2: -496.724
BETTER TREE FOUND at iteration 4: -496.724
Iteration 10 / LogL: -496.724 / Time: 0h:0m:0s
UPDATE BEST LOG-LIKELIHOOD: -496.724
BETTER TREE FOUND at iteration 14: -496.724
Iteration 20 / LogL: -496.782 / Time: 0h:0m:0s
Finish initializing candidate tree set (9)
Current best tree score: -496.724 / CPU time: 0.140
Number of iterations: 20
--------------------------------------------------------------------
|               OPTIMIZING CANDIDATE TREE SET                      |
--------------------------------------------------------------------
UPDATE BEST LOG-LIKELIHOOD: -496.724
UPDATE BEST LOG-LIKELIHOOD: -496.724
Iteration 30 / LogL: -496.724 / Time: 0h:0m:0s (0h:0m:0s left)
Iteration 40 / LogL: -496.724 / Time: 0h:0m:0s (0h:0m:0s left)
UPDATE BEST LOG-LIKELIHOOD: -496.724
Iteration 50 / LogL: -496.724 / Time: 0h:0m:0s (0h:0m:0s left)
UPDATE BEST LOG-LIKELIHOOD: -496.724
WARNING: NNI search needs unusual large number of steps (7) to converge!
Iteration 60 / LogL: -496.724 / Time: 0h:0m:0s (0h:0m:0s left)
UPDATE BEST LOG-LIKELIHOOD: -496.724
UPDATE BEST LOG-LIKELIHOOD: -496.724
Iteration 70 / LogL: -496.724 / Time: 0h:0m:0s (0h:0m:0s left)
UPDATE BEST LOG-LIKELIHOOD: -496.724
WARNING: NNI search needs unusual large number of steps (7) to converge!
Iteration 80 / LogL: -496.724 / Time: 0h:0m:0s (0h:0m:0s left)
Iteration 90 / LogL: -496.724 / Time: 0h:0m:0s (0h:0m:0s left)
Iteration 100 / LogL: -496.724 / Time: 0h:0m:0s (0h:0m:0s left)
Iteration 110 / LogL: -496.724 / Time: 0h:0m:0s (0h:0m:0s left)
TREE SEARCH COMPLETED AFTER 115 ITERATIONS / Time: 0h:0m:0s

--------------------------------------------------------------------
|                    FINALIZING TREE SEARCH                        |
--------------------------------------------------------------------
Performs final model parameters optimization
Estimate model parameters (epsilon = 0.010)
1. Initial log-likelihood: -496.724
Optimal log-likelihood: -496.718
Gamma shape alpha: 1.575
Parameters optimization took 1 rounds (0.002 sec)
BEST SCORE FOUND : -496.718
Total tree length: 2.833

Total number of iterations: 115
CPU time used for tree search: 0.480 sec (0h:0m:0s)
Wall-clock time used for tree search: 0.514 sec (0h:0m:0s)
Total CPU time used: 0.506 sec (0h:0m:0s)
Total wall-clock time used: 0.556 sec (0h:0m:0s)

===> START BOOTSTRAP REPLICATE NUMBER 8

Creating bootstrap alignment (seed: 788477)...
WARNING: States(s) A, N, E, I, K, M, F, T, W, Y rarely appear in alignment and may cause numerical problems

Create initial parsimony tree by phylogenetic likelihood library (PLL)... 0.000 seconds
Reading model parameters from file /Users/mful870/Desktop/MD_3di_Dev_02Oct24/Scriptorum/SubstitutionMatrix/3di_substmat

NOTE: 0 MB RAM (0 GB) is required!
Estimate model parameters (epsilon = 0.100)
1. Initial log-likelihood: -489.393
2. Current log-likelihood: -477.423
3. Current log-likelihood: -474.941
Optimal log-likelihood: -474.923
Gamma shape alpha: 0.975
Parameters optimization took 3 rounds (0.004 sec)
Computing ML distances based on estimated model parameters... 0.012 sec
Computing BIONJ tree...
0.007 seconds
Log-likelihood of BIONJ tree: -470.872
--------------------------------------------------------------------
|             INITIALIZING CANDIDATE TREE SET                      |
--------------------------------------------------------------------
Generating 98 parsimony trees... 0.012 second
Computing log-likelihood of 47 initial trees ... 0.034 seconds
Current best score: -469.626

Do NNI search on 20 best initial trees
Estimate model parameters (epsilon = 0.100)
BETTER TREE FOUND at iteration 1: -469.276
Iteration 10 / LogL: -470.890 / Time: 0h:0m:0s
WARNING: NNI search needs unusual large number of steps (7) to converge!
Iteration 20 / LogL: -469.284 / Time: 0h:0m:0s
Finish initializing candidate tree set (6)
Current best tree score: -469.276 / CPU time: 0.233
Number of iterations: 20
--------------------------------------------------------------------
|               OPTIMIZING CANDIDATE TREE SET                      |
--------------------------------------------------------------------
UPDATE BEST LOG-LIKELIHOOD: -469.275
WARNING: NNI search needs unusual large number of steps (7) to converge!
UPDATE BEST LOG-LIKELIHOOD: -469.270
UPDATE BEST LOG-LIKELIHOOD: -469.270
UPDATE BEST LOG-LIKELIHOOD: -469.270
Iteration 30 / LogL: -469.270 / Time: 0h:0m:0s (0h:0m:0s left)
UPDATE BEST LOG-LIKELIHOOD: -469.270
Iteration 40 / LogL: -469.282 / Time: 0h:0m:0s (0h:0m:0s left)
Iteration 50 / LogL: -469.276 / Time: 0h:0m:0s (0h:0m:0s left)
Iteration 60 / LogL: -469.270 / Time: 0h:0m:0s (0h:0m:0s left)
Iteration 70 / LogL: -469.280 / Time: 0h:0m:0s (0h:0m:0s left)
UPDATE BEST LOG-LIKELIHOOD: -469.270
WARNING: NNI search needs unusual large number of steps (7) to converge!
Iteration 80 / LogL: -469.270 / Time: 0h:0m:0s (0h:0m:0s left)
UPDATE BEST LOG-LIKELIHOOD: -469.270
UPDATE BEST LOG-LIKELIHOOD: -469.270
Iteration 90 / LogL: -469.270 / Time: 0h:0m:0s (0h:0m:0s left)
UPDATE BEST LOG-LIKELIHOOD: -469.270
Iteration 100 / LogL: -469.270 / Time: 0h:0m:0s (0h:0m:0s left)
TREE SEARCH COMPLETED AFTER 102 ITERATIONS / Time: 0h:0m:0s

--------------------------------------------------------------------
|                    FINALIZING TREE SEARCH                        |
--------------------------------------------------------------------
Performs final model parameters optimization
Estimate model parameters (epsilon = 0.010)
1. Initial log-likelihood: -469.270
Optimal log-likelihood: -469.265
Gamma shape alpha: 0.939
Parameters optimization took 1 rounds (0.001 sec)
BEST SCORE FOUND : -469.265
Total tree length: 4.074

Total number of iterations: 102
CPU time used for tree search: 0.736 sec (0h:0m:0s)
Wall-clock time used for tree search: 0.779 sec (0h:0m:0s)
Total CPU time used: 0.761 sec (0h:0m:0s)
Total wall-clock time used: 0.820 sec (0h:0m:0s)

===> START BOOTSTRAP REPLICATE NUMBER 9

Creating bootstrap alignment (seed: 788478)...
WARNING: States(s) N, E, I, K, M, T, W, Y rarely appear in alignment and may cause numerical problems

Create initial parsimony tree by phylogenetic likelihood library (PLL)... 0.000 seconds
Reading model parameters from file /Users/mful870/Desktop/MD_3di_Dev_02Oct24/Scriptorum/SubstitutionMatrix/3di_substmat

NOTE: 0 MB RAM (0 GB) is required!
Estimate model parameters (epsilon = 0.100)
1. Initial log-likelihood: -571.382
2. Current log-likelihood: -550.706
3. Current log-likelihood: -550.436
Optimal log-likelihood: -550.436
Gamma shape alpha: 1.167
Parameters optimization took 3 rounds (0.004 sec)
Computing ML distances based on estimated model parameters... 0.009 sec
Computing BIONJ tree...
0.007 seconds
Log-likelihood of BIONJ tree: -543.466
--------------------------------------------------------------------
|             INITIALIZING CANDIDATE TREE SET                      |
--------------------------------------------------------------------
Generating 98 parsimony trees... 0.014 second
Computing log-likelihood of 57 initial trees ... 0.040 seconds
Current best score: -537.552

Do NNI search on 20 best initial trees
Estimate model parameters (epsilon = 0.100)
BETTER TREE FOUND at iteration 1: -537.503
UPDATE BEST LOG-LIKELIHOOD: -537.502
Iteration 10 / LogL: -539.307 / Time: 0h:0m:0s
UPDATE BEST LOG-LIKELIHOOD: -537.502
Iteration 20 / LogL: -537.503 / Time: 0h:0m:0s
Finish initializing candidate tree set (3)
Current best tree score: -537.502 / CPU time: 0.165
Number of iterations: 20
--------------------------------------------------------------------
|               OPTIMIZING CANDIDATE TREE SET                      |
--------------------------------------------------------------------
UPDATE BEST LOG-LIKELIHOOD: -537.502
UPDATE BEST LOG-LIKELIHOOD: -537.502
Iteration 30 / LogL: -537.502 / Time: 0h:0m:0s (0h:0m:0s left)
UPDATE BEST LOG-LIKELIHOOD: -537.502
UPDATE BEST LOG-LIKELIHOOD: -537.502
Iteration 40 / LogL: -537.502 / Time: 0h:0m:0s (0h:0m:0s left)
UPDATE BEST LOG-LIKELIHOOD: -537.502
Iteration 50 / LogL: -539.305 / Time: 0h:0m:0s (0h:0m:0s left)
UPDATE BEST LOG-LIKELIHOOD: -537.502
Iteration 60 / LogL: -537.502 / Time: 0h:0m:0s (0h:0m:0s left)
UPDATE BEST LOG-LIKELIHOOD: -537.502
Iteration 70 / LogL: -537.502 / Time: 0h:0m:0s (0h:0m:0s left)
UPDATE BEST LOG-LIKELIHOOD: -537.502
Iteration 80 / LogL: -537.502 / Time: 0h:0m:0s (0h:0m:0s left)
Iteration 90 / LogL: -539.305 / Time: 0h:0m:0s (0h:0m:0s left)
Iteration 100 / LogL: -537.504 / Time: 0h:0m:0s (0h:0m:0s left)
TREE SEARCH COMPLETED AFTER 102 ITERATIONS / Time: 0h:0m:0s

--------------------------------------------------------------------
|                    FINALIZING TREE SEARCH                        |
--------------------------------------------------------------------
Performs final model parameters optimization
Estimate model parameters (epsilon = 0.010)
1. Initial log-likelihood: -537.502
Optimal log-likelihood: -537.501
Gamma shape alpha: 1.265
Parameters optimization took 1 rounds (0.001 sec)
BEST SCORE FOUND : -537.501
Total tree length: 2.388

Total number of iterations: 102
CPU time used for tree search: 0.555 sec (0h:0m:0s)
Wall-clock time used for tree search: 0.589 sec (0h:0m:0s)
Total CPU time used: 0.577 sec (0h:0m:0s)
Total wall-clock time used: 0.625 sec (0h:0m:0s)

===> START BOOTSTRAP REPLICATE NUMBER 10

Creating bootstrap alignment (seed: 788479)...
WARNING: States(s) N, E, G, I, K, M, T, W, Y rarely appear in alignment and may cause numerical problems

Create initial parsimony tree by phylogenetic likelihood library (PLL)... 0.000 seconds
Reading model parameters from file /Users/mful870/Desktop/MD_3di_Dev_02Oct24/Scriptorum/SubstitutionMatrix/3di_substmat

NOTE: 0 MB RAM (0 GB) is required!
Estimate model parameters (epsilon = 0.100)
1. Initial log-likelihood: -542.526
2. Current log-likelihood: -519.888
3. Current log-likelihood: -519.597
Optimal log-likelihood: -519.481
Gamma shape alpha: 1.944
Parameters optimization took 3 rounds (0.007 sec)
Computing ML distances based on estimated model parameters... 0.009 sec
Computing BIONJ tree...
0.007 seconds
Log-likelihood of BIONJ tree: -521.386
--------------------------------------------------------------------
|             INITIALIZING CANDIDATE TREE SET                      |
--------------------------------------------------------------------
Generating 98 parsimony trees... 0.013 second
Computing log-likelihood of 56 initial trees ... 0.041 seconds
Current best score: -518.630

Do NNI search on 20 best initial trees
Estimate model parameters (epsilon = 0.100)
BETTER TREE FOUND at iteration 1: -517.481
BETTER TREE FOUND at iteration 2: -517.480
Iteration 10 / LogL: -517.480 / Time: 0h:0m:0s
WARNING: NNI search needs unusual large number of steps (7) to converge!
WARNING: NNI search needs unusual large number of steps (7) to converge!
Iteration 20 / LogL: -517.480 / Time: 0h:0m:0s
Finish initializing candidate tree set (7)
Current best tree score: -517.480 / CPU time: 0.197
Number of iterations: 20
--------------------------------------------------------------------
|               OPTIMIZING CANDIDATE TREE SET                      |
--------------------------------------------------------------------
UPDATE BEST LOG-LIKELIHOOD: -517.480
Iteration 30 / LogL: -517.480 / Time: 0h:0m:0s (0h:0m:0s left)
UPDATE BEST LOG-LIKELIHOOD: -517.480
UPDATE BEST LOG-LIKELIHOOD: -517.480
Iteration 40 / LogL: -517.480 / Time: 0h:0m:0s (0h:0m:0s left)
UPDATE BEST LOG-LIKELIHOOD: -517.480
Iteration 50 / LogL: -517.480 / Time: 0h:0m:0s (0h:0m:0s left)
UPDATE BEST LOG-LIKELIHOOD: -517.480
UPDATE BEST LOG-LIKELIHOOD: -517.480
Iteration 60 / LogL: -517.480 / Time: 0h:0m:0s (0h:0m:0s left)
UPDATE BEST LOG-LIKELIHOOD: -517.480
UPDATE BEST LOG-LIKELIHOOD: -517.480
UPDATE BEST LOG-LIKELIHOOD: -517.480
Iteration 70 / LogL: -517.480 / Time: 0h:0m:0s (0h:0m:0s left)
Iteration 80 / LogL: -517.480 / Time: 0h:0m:0s (0h:0m:0s left)
UPDATE BEST LOG-LIKELIHOOD: -517.480
Iteration 90 / LogL: -517.480 / Time: 0h:0m:0s (0h:0m:0s left)
Iteration 100 / LogL: -517.480 / Time: 0h:0m:0s (0h:0m:0s left)
TREE SEARCH COMPLETED AFTER 103 ITERATIONS / Time: 0h:0m:0s

--------------------------------------------------------------------
|                    FINALIZING TREE SEARCH                        |
--------------------------------------------------------------------
Performs final model parameters optimization
Estimate model parameters (epsilon = 0.010)
1. Initial log-likelihood: -517.480
Optimal log-likelihood: -517.471
Gamma shape alpha: 11.508
Parameters optimization took 1 rounds (0.002 sec)
BEST SCORE FOUND : -517.471
Total tree length: 2.121

Total number of iterations: 103
CPU time used for tree search: 0.473 sec (0h:0m:0s)
Wall-clock time used for tree search: 0.518 sec (0h:0m:0s)
Total CPU time used: 0.497 sec (0h:0m:0s)
Total wall-clock time used: 0.558 sec (0h:0m:0s)

===> START BOOTSTRAP REPLICATE NUMBER 11

Creating bootstrap alignment (seed: 788480)...
WARNING: States(s) A, N, E, I, K, M, F, T, W, Y rarely appear in alignment and may cause numerical problems

Create initial parsimony tree by phylogenetic likelihood library (PLL)... 0.000 seconds
Reading model parameters from file /Users/mful870/Desktop/MD_3di_Dev_02Oct24/Scriptorum/SubstitutionMatrix/3di_substmat

NOTE: 0 MB RAM (0 GB) is required!
Estimate model parameters (epsilon = 0.100)
1. Initial log-likelihood: -640.297
2. Current log-likelihood: -615.121
3. Current log-likelihood: -614.826
Optimal log-likelihood: -614.820
Gamma shape alpha: 1.289
Parameters optimization took 3 rounds (0.006 sec)
Computing ML distances based on estimated model parameters... 0.009 sec
Computing BIONJ tree...
0.007 seconds
Log-likelihood of BIONJ tree: -612.192
--------------------------------------------------------------------
|             INITIALIZING CANDIDATE TREE SET                      |
--------------------------------------------------------------------
Generating 98 parsimony trees... 0.013 second
Computing log-likelihood of 68 initial trees ... 0.053 seconds
Current best score: -612.192

Do NNI search on 20 best initial trees
Estimate model parameters (epsilon = 0.100)
BETTER TREE FOUND at iteration 1: -612.114
Estimate model parameters (epsilon = 0.100)
BETTER TREE FOUND at iteration 2: -611.978
WARNING: NNI search needs unusual large number of steps (7) to converge!
Iteration 10 / LogL: -612.110 / Time: 0h:0m:0s
WARNING: NNI search needs unusual large number of steps (7) to converge!
WARNING: NNI search needs unusual large number of steps (7) to converge!
Iteration 20 / LogL: -612.124 / Time: 0h:0m:0s
Finish initializing candidate tree set (9)
Current best tree score: -611.978 / CPU time: 0.272
Number of iterations: 20
--------------------------------------------------------------------
|               OPTIMIZING CANDIDATE TREE SET                      |
--------------------------------------------------------------------
UPDATE BEST LOG-LIKELIHOOD: -611.974
UPDATE BEST LOG-LIKELIHOOD: -611.968
UPDATE BEST LOG-LIKELIHOOD: -611.968
Iteration 30 / LogL: -612.100 / Time: 0h:0m:0s (0h:0m:0s left)
UPDATE BEST LOG-LIKELIHOOD: -611.966
BETTER TREE FOUND at iteration 34: -611.964
Iteration 40 / LogL: -611.964 / Time: 0h:0m:0s (0h:0m:1s left)
WARNING: NNI search needs unusual large number of steps (7) to converge!
UPDATE BEST LOG-LIKELIHOOD: -611.963
Iteration 50 / LogL: -611.963 / Time: 0h:0m:0s (0h:0m:0s left)
UPDATE BEST LOG-LIKELIHOOD: -611.963
Iteration 60 / LogL: -612.136 / Time: 0h:0m:0s (0h:0m:0s left)
UPDATE BEST LOG-LIKELIHOOD: -611.963
WARNING: NNI search needs unusual large number of steps (7) to converge!
UPDATE BEST LOG-LIKELIHOOD: -611.963
WARNING: NNI search needs unusual large number of steps (7) to converge!
Iteration 70 / LogL: -612.100 / Time: 0h:0m:0s (0h:0m:0s left)
UPDATE BEST LOG-LIKELIHOOD: -611.963
UPDATE BEST LOG-LIKELIHOOD: -611.963
WARNING: NNI search needs unusual large number of steps (7) to converge!
Iteration 80 / LogL: -612.100 / Time: 0h:0m:0s (0h:0m:0s left)
UPDATE BEST LOG-LIKELIHOOD: -611.963
Iteration 90 / LogL: -611.963 / Time: 0h:0m:0s (0h:0m:0s left)
WARNING: NNI search needs unusual large number of steps (7) to converge!
WARNING: NNI search needs unusual large number of steps (7) to converge!
Iteration 100 / LogL: -612.099 / Time: 0h:0m:0s (0h:0m:0s left)
Iteration 110 / LogL: -612.033 / Time: 0h:0m:1s (0h:0m:0s left)
WARNING: NNI search needs unusual large number of steps (7) to converge!
Iteration 120 / LogL: -612.107 / Time: 0h:0m:1s (0h:0m:0s left)
Iteration 130 / LogL: -611.964 / Time: 0h:0m:1s (0h:0m:0s left)
TREE SEARCH COMPLETED AFTER 135 ITERATIONS / Time: 0h:0m:1s

--------------------------------------------------------------------
|                    FINALIZING TREE SEARCH                        |
--------------------------------------------------------------------
Performs final model parameters optimization
Estimate model parameters (epsilon = 0.010)
1. Initial log-likelihood: -611.963
Optimal log-likelihood: -611.960
Gamma shape alpha: 1.143
Parameters optimization took 1 rounds (0.001 sec)
BEST SCORE FOUND : -611.960
Total tree length: 4.297

Total number of iterations: 135
CPU time used for tree search: 1.153 sec (0h:0m:1s)
Wall-clock time used for tree search: 1.204 sec (0h:0m:1s)
Total CPU time used: 1.178 sec (0h:0m:1s)
Total wall-clock time used: 1.244 sec (0h:0m:1s)

===> START BOOTSTRAP REPLICATE NUMBER 12

Creating bootstrap alignment (seed: 788481)...
WARNING: States(s) A, N, E, G, I, K, M, F, T, W, Y rarely appear in alignment and may cause numerical problems

Create initial parsimony tree by phylogenetic likelihood library (PLL)... 0.000 seconds
Reading model parameters from file /Users/mful870/Desktop/MD_3di_Dev_02Oct24/Scriptorum/SubstitutionMatrix/3di_substmat

NOTE: 0 MB RAM (0 GB) is required!
Estimate model parameters (epsilon = 0.100)
1. Initial log-likelihood: -469.957
2. Current log-likelihood: -451.208
3. Current log-likelihood: -450.691
Optimal log-likelihood: -450.623
Gamma shape alpha: 1.777
Parameters optimization took 3 rounds (0.006 sec)
Computing ML distances based on estimated model parameters... 0.007 sec
Computing BIONJ tree...
0.007 seconds
Log-likelihood of BIONJ tree: -447.293
--------------------------------------------------------------------
|             INITIALIZING CANDIDATE TREE SET                      |
--------------------------------------------------------------------
Generating 98 parsimony trees... 0.013 second
Computing log-likelihood of 60 initial trees ... 0.041 seconds
Current best score: -446.217

Do NNI search on 20 best initial trees
Estimate model parameters (epsilon = 0.100)
BETTER TREE FOUND at iteration 1: -445.381
Estimate model parameters (epsilon = 0.100)
UPDATE BEST LOG-LIKELIHOOD: -445.149
Iteration 10 / LogL: -445.160 / Time: 0h:0m:0s
Iteration 20 / LogL: -445.212 / Time: 0h:0m:0s
Finish initializing candidate tree set (4)
Current best tree score: -445.149 / CPU time: 0.165
Number of iterations: 20
--------------------------------------------------------------------
|               OPTIMIZING CANDIDATE TREE SET                      |
--------------------------------------------------------------------
Iteration 30 / LogL: -445.182 / Time: 0h:0m:0s (0h:0m:0s left)
Iteration 40 / LogL: -447.671 / Time: 0h:0m:0s (0h:0m:0s left)
Iteration 50 / LogL: -447.671 / Time: 0h:0m:0s (0h:0m:0s left)
Iteration 60 / LogL: -447.671 / Time: 0h:0m:0s (0h:0m:0s left)
Iteration 70 / LogL: -447.671 / Time: 0h:0m:0s (0h:0m:0s left)
Iteration 80 / LogL: -445.499 / Time: 0h:0m:0s (0h:0m:0s left)
Iteration 90 / LogL: -447.671 / Time: 0h:0m:0s (0h:0m:0s left)
WARNING: NNI search needs unusual large number of steps (7) to converge!
Iteration 100 / LogL: -447.671 / Time: 0h:0m:0s (0h:0m:0s left)
TREE SEARCH COMPLETED AFTER 102 ITERATIONS / Time: 0h:0m:0s

--------------------------------------------------------------------
|                    FINALIZING TREE SEARCH                        |
--------------------------------------------------------------------
Performs final model parameters optimization
Estimate model parameters (epsilon = 0.010)
1. Initial log-likelihood: -445.149
Optimal log-likelihood: -445.147
Gamma shape alpha: 5.489
Parameters optimization took 1 rounds (0.002 sec)
BEST SCORE FOUND : -445.147
Total tree length: 1.683

Total number of iterations: 102
CPU time used for tree search: 0.460 sec (0h:0m:0s)
Wall-clock time used for tree search: 0.468 sec (0h:0m:0s)
Total CPU time used: 0.484 sec (0h:0m:0s)
Total wall-clock time used: 0.507 sec (0h:0m:0s)

===> START BOOTSTRAP REPLICATE NUMBER 13

Creating bootstrap alignment (seed: 788482)...
WARNING: States(s) N, E, I, K, M, T, W, Y rarely appear in alignment and may cause numerical problems

Create initial parsimony tree by phylogenetic likelihood library (PLL)... 0.000 seconds
Reading model parameters from file /Users/mful870/Desktop/MD_3di_Dev_02Oct24/Scriptorum/SubstitutionMatrix/3di_substmat

NOTE: 0 MB RAM (0 GB) is required!
Estimate model parameters (epsilon = 0.100)
1. Initial log-likelihood: -574.554
2. Current log-likelihood: -557.186
3. Current log-likelihood: -556.627
4. Current log-likelihood: -556.265
5. Current log-likelihood: -556.019
6. Current log-likelihood: -555.917
Optimal log-likelihood: -555.870
Gamma shape alpha: 6.074
Parameters optimization took 6 rounds (0.014 sec)
Computing ML distances based on estimated model parameters... 0.008 sec
Computing BIONJ tree...
0.007 seconds
Log-likelihood of BIONJ tree: -555.083
--------------------------------------------------------------------
|             INITIALIZING CANDIDATE TREE SET                      |
--------------------------------------------------------------------
Generating 98 parsimony trees... 0.014 second
Computing log-likelihood of 55 initial trees ... 0.045 seconds
Current best score: -550.111

Do NNI search on 20 best initial trees
Estimate model parameters (epsilon = 0.100)
BETTER TREE FOUND at iteration 1: -549.977
Iteration 10 / LogL: -550.003 / Time: 0h:0m:0s
Iteration 20 / LogL: -550.001 / Time: 0h:0m:0s
Finish initializing candidate tree set (1)
Current best tree score: -549.977 / CPU time: 0.166
Number of iterations: 20
--------------------------------------------------------------------
|               OPTIMIZING CANDIDATE TREE SET                      |
--------------------------------------------------------------------
Iteration 30 / LogL: -549.987 / Time: 0h:0m:0s (0h:0m:0s left)
UPDATE BEST LOG-LIKELIHOOD: -549.975
UPDATE BEST LOG-LIKELIHOOD: -549.974
Iteration 40 / LogL: -549.986 / Time: 0h:0m:0s (0h:0m:0s left)
Iteration 50 / LogL: -549.975 / Time: 0h:0m:0s (0h:0m:0s left)
UPDATE BEST LOG-LIKELIHOOD: -549.974
Iteration 60 / LogL: -549.974 / Time: 0h:0m:0s (0h:0m:0s left)
UPDATE BEST LOG-LIKELIHOOD: -549.974
Iteration 70 / LogL: -550.004 / Time: 0h:0m:0s (0h:0m:0s left)
Iteration 80 / LogL: -549.984 / Time: 0h:0m:0s (0h:0m:0s left)
Iteration 90 / LogL: -549.990 / Time: 0h:0m:0s (0h:0m:0s left)
Iteration 100 / LogL: -549.975 / Time: 0h:0m:0s (0h:0m:0s left)
TREE SEARCH COMPLETED AFTER 102 ITERATIONS / Time: 0h:0m:0s

--------------------------------------------------------------------
|                    FINALIZING TREE SEARCH                        |
--------------------------------------------------------------------
Performs final model parameters optimization
Estimate model parameters (epsilon = 0.010)
1. Initial log-likelihood: -549.974
2. Current log-likelihood: -549.944
3. Current log-likelihood: -549.907
4. Current log-likelihood: -549.887
Optimal log-likelihood: -549.873
Gamma shape alpha: 2.474
Parameters optimization took 4 rounds (0.010 sec)
BEST SCORE FOUND : -549.873
Total tree length: 2.375

Total number of iterations: 102
CPU time used for tree search: 0.482 sec (0h:0m:0s)
Wall-clock time used for tree search: 0.501 sec (0h:0m:0s)
Total CPU time used: 0.522 sec (0h:0m:0s)
Total wall-clock time used: 0.556 sec (0h:0m:0s)

===> START BOOTSTRAP REPLICATE NUMBER 14

Creating bootstrap alignment (seed: 788483)...
WARNING: States(s) A, N, E, I, K, M, F, T, W, Y rarely appear in alignment and may cause numerical problems

Create initial parsimony tree by phylogenetic likelihood library (PLL)... 0.000 seconds
Reading model parameters from file /Users/mful870/Desktop/MD_3di_Dev_02Oct24/Scriptorum/SubstitutionMatrix/3di_substmat

NOTE: 0 MB RAM (0 GB) is required!
Estimate model parameters (epsilon = 0.100)
1. Initial log-likelihood: -635.183
2. Current log-likelihood: -614.875
3. Current log-likelihood: -614.676
Optimal log-likelihood: -614.565
Gamma shape alpha: 0.821
Parameters optimization took 3 rounds (0.007 sec)
Computing ML distances based on estimated model parameters... 0.013 sec
WARNING: Some pairwise ML distances are too long (saturated)
Computing BIONJ tree...
0.007 seconds
Log-likelihood of BIONJ tree: -614.518
--------------------------------------------------------------------
|             INITIALIZING CANDIDATE TREE SET                      |
--------------------------------------------------------------------
Generating 98 parsimony trees... 0.013 second
Computing log-likelihood of 65 initial trees ... 0.050 seconds
Current best score: -614.518

Do NNI search on 20 best initial trees
Estimate model parameters (epsilon = 0.100)
BETTER TREE FOUND at iteration 1: -614.482
WARNING: NNI search needs unusual large number of steps (7) to converge!
Iteration 10 / LogL: -614.512 / Time: 0h:0m:0s
WARNING: NNI search needs unusual large number of steps (7) to converge!
Iteration 20 / LogL: -614.624 / Time: 0h:0m:0s
Finish initializing candidate tree set (2)
Current best tree score: -614.482 / CPU time: 0.212
Number of iterations: 20
--------------------------------------------------------------------
|               OPTIMIZING CANDIDATE TREE SET                      |
--------------------------------------------------------------------
BETTER TREE FOUND at iteration 22: -614.479
UPDATE BEST LOG-LIKELIHOOD: -614.479
WARNING: NNI search needs unusual large number of steps (7) to converge!
UPDATE BEST LOG-LIKELIHOOD: -614.479
UPDATE BEST LOG-LIKELIHOOD: -614.479
Iteration 30 / LogL: -614.479 / Time: 0h:0m:0s (0h:0m:0s left)
UPDATE BEST LOG-LIKELIHOOD: -614.479
Iteration 40 / LogL: -614.728 / Time: 0h:0m:0s (0h:0m:0s left)
UPDATE BEST LOG-LIKELIHOOD: -614.479
WARNING: NNI search needs unusual large number of steps (7) to converge!
UPDATE BEST LOG-LIKELIHOOD: -614.479
UPDATE BEST LOG-LIKELIHOOD: -614.479
Iteration 50 / LogL: -614.479 / Time: 0h:0m:0s (0h:0m:0s left)
UPDATE BEST LOG-LIKELIHOOD: -614.479
UPDATE BEST LOG-LIKELIHOOD: -614.479
Iteration 60 / LogL: -624.124 / Time: 0h:0m:0s (0h:0m:0s left)
UPDATE BEST LOG-LIKELIHOOD: -614.479
Iteration 70 / LogL: -614.479 / Time: 0h:0m:0s (0h:0m:0s left)
UPDATE BEST LOG-LIKELIHOOD: -614.479
UPDATE BEST LOG-LIKELIHOOD: -614.479
Iteration 80 / LogL: -614.479 / Time: 0h:0m:0s (0h:0m:0s left)
Iteration 90 / LogL: -614.701 / Time: 0h:0m:0s (0h:0m:0s left)
UPDATE BEST LOG-LIKELIHOOD: -614.479
UPDATE BEST LOG-LIKELIHOOD: -614.479
Iteration 100 / LogL: -614.479 / Time: 0h:0m:0s (0h:0m:0s left)
UPDATE BEST LOG-LIKELIHOOD: -614.479
UPDATE BEST LOG-LIKELIHOOD: -614.479
WARNING: NNI search needs unusual large number of steps (7) to converge!
Iteration 110 / LogL: -614.479 / Time: 0h:0m:0s (0h:0m:0s left)
UPDATE BEST LOG-LIKELIHOOD: -614.479
UPDATE BEST LOG-LIKELIHOOD: -614.479
Iteration 120 / LogL: -614.479 / Time: 0h:0m:0s (0h:0m:0s left)
TREE SEARCH COMPLETED AFTER 123 ITERATIONS / Time: 0h:0m:0s

--------------------------------------------------------------------
|                    FINALIZING TREE SEARCH                        |
--------------------------------------------------------------------
Performs final model parameters optimization
Estimate model parameters (epsilon = 0.010)
1. Initial log-likelihood: -614.479
Optimal log-likelihood: -614.464
Gamma shape alpha: 0.762
Parameters optimization took 1 rounds (0.002 sec)
BEST SCORE FOUND : -614.464
Total tree length: 6.906

Total number of iterations: 123
CPU time used for tree search: 0.640 sec (0h:0m:0s)
Wall-clock time used for tree search: 0.723 sec (0h:0m:0s)
Total CPU time used: 0.669 sec (0h:0m:0s)
Total wall-clock time used: 0.760 sec (0h:0m:0s)

===> START BOOTSTRAP REPLICATE NUMBER 15

Creating bootstrap alignment (seed: 788484)...
WARNING: States(s) N, E, I, K, M, T, W, Y rarely appear in alignment and may cause numerical problems

Create initial parsimony tree by phylogenetic likelihood library (PLL)... 0.000 seconds
Reading model parameters from file /Users/mful870/Desktop/MD_3di_Dev_02Oct24/Scriptorum/SubstitutionMatrix/3di_substmat

NOTE: 0 MB RAM (0 GB) is required!
Estimate model parameters (epsilon = 0.100)
1. Initial log-likelihood: -568.441
2. Current log-likelihood: -550.458
3. Current log-likelihood: -550.258
Optimal log-likelihood: -550.242
Gamma shape alpha: 1.431
Parameters optimization took 3 rounds (0.007 sec)
Computing ML distances based on estimated model parameters... 0.008 sec
Computing BIONJ tree...
0.007 seconds
Log-likelihood of BIONJ tree: -548.540
--------------------------------------------------------------------
|             INITIALIZING CANDIDATE TREE SET                      |
--------------------------------------------------------------------
Generating 98 parsimony trees... 0.014 second
Computing log-likelihood of 50 initial trees ... 0.039 seconds
Current best score: -545.301

Do NNI search on 20 best initial trees
Estimate model parameters (epsilon = 0.100)
BETTER TREE FOUND at iteration 1: -545.128
Iteration 10 / LogL: -545.137 / Time: 0h:0m:0s
Iteration 20 / LogL: -545.136 / Time: 0h:0m:0s
Finish initializing candidate tree set (2)
Current best tree score: -545.128 / CPU time: 0.159
Number of iterations: 20
--------------------------------------------------------------------
|               OPTIMIZING CANDIDATE TREE SET                      |
--------------------------------------------------------------------
Iteration 30 / LogL: -545.128 / Time: 0h:0m:0s (0h:0m:0s left)
Iteration 40 / LogL: -549.370 / Time: 0h:0m:0s (0h:0m:0s left)
UPDATE BEST LOG-LIKELIHOOD: -545.127
Iteration 50 / LogL: -545.142 / Time: 0h:0m:0s (0h:0m:0s left)
Iteration 60 / LogL: -549.370 / Time: 0h:0m:0s (0h:0m:0s left)
WARNING: NNI search needs unusual large number of steps (7) to converge!
WARNING: NNI search needs unusual large number of steps (7) to converge!
Iteration 70 / LogL: -545.140 / Time: 0h:0m:0s (0h:0m:0s left)
UPDATE BEST LOG-LIKELIHOOD: -545.127
Iteration 80 / LogL: -545.127 / Time: 0h:0m:0s (0h:0m:0s left)
Iteration 90 / LogL: -549.370 / Time: 0h:0m:0s (0h:0m:0s left)
Iteration 100 / LogL: -545.134 / Time: 0h:0m:0s (0h:0m:0s left)
TREE SEARCH COMPLETED AFTER 102 ITERATIONS / Time: 0h:0m:0s

--------------------------------------------------------------------
|                    FINALIZING TREE SEARCH                        |
--------------------------------------------------------------------
Performs final model parameters optimization
Estimate model parameters (epsilon = 0.010)
1. Initial log-likelihood: -545.127
Optimal log-likelihood: -545.119
Gamma shape alpha: 1.838
Parameters optimization took 1 rounds (0.002 sec)
BEST SCORE FOUND : -545.119
Total tree length: 2.458

Total number of iterations: 102
CPU time used for tree search: 0.559 sec (0h:0m:0s)
Wall-clock time used for tree search: 0.576 sec (0h:0m:0s)
Total CPU time used: 0.584 sec (0h:0m:0s)
Total wall-clock time used: 0.617 sec (0h:0m:0s)

===> START BOOTSTRAP REPLICATE NUMBER 16

Creating bootstrap alignment (seed: 788485)...
WARNING: States(s) N, E, I, K, M, T, W, Y rarely appear in alignment and may cause numerical problems

Create initial parsimony tree by phylogenetic likelihood library (PLL)... 0.000 seconds
Reading model parameters from file /Users/mful870/Desktop/MD_3di_Dev_02Oct24/Scriptorum/SubstitutionMatrix/3di_substmat

NOTE: 0 MB RAM (0 GB) is required!
Estimate model parameters (epsilon = 0.100)
1. Initial log-likelihood: -566.434
2. Current log-likelihood: -545.709
Optimal log-likelihood: -545.645
Gamma shape alpha: 1.423
Parameters optimization took 2 rounds (0.005 sec)
Computing ML distances based on estimated model parameters... 0.009 sec
Computing BIONJ tree...
0.007 seconds
Log-likelihood of BIONJ tree: -545.644
--------------------------------------------------------------------
|             INITIALIZING CANDIDATE TREE SET                      |
--------------------------------------------------------------------
Generating 98 parsimony trees... 0.014 second
Computing log-likelihood of 48 initial trees ... 0.039 seconds
Current best score: -545.641

Do NNI search on 20 best initial trees
Estimate model parameters (epsilon = 0.100)
BETTER TREE FOUND at iteration 1: -545.575
BETTER TREE FOUND at iteration 2: -545.574
Iteration 10 / LogL: -545.574 / Time: 0h:0m:0s
UPDATE BEST LOG-LIKELIHOOD: -545.574
Iteration 20 / LogL: -545.574 / Time: 0h:0m:0s
Finish initializing candidate tree set (2)
Current best tree score: -545.574 / CPU time: 0.162
Number of iterations: 20
--------------------------------------------------------------------
|               OPTIMIZING CANDIDATE TREE SET                      |
--------------------------------------------------------------------
WARNING: NNI search needs unusual large number of steps (7) to converge!
UPDATE BEST LOG-LIKELIHOOD: -545.574
UPDATE BEST LOG-LIKELIHOOD: -545.574
Iteration 30 / LogL: -545.574 / Time: 0h:0m:0s (0h:0m:0s left)
UPDATE BEST LOG-LIKELIHOOD: -545.574
Iteration 40 / LogL: -545.574 / Time: 0h:0m:0s (0h:0m:0s left)
WARNING: NNI search needs unusual large number of steps (7) to converge!
UPDATE BEST LOG-LIKELIHOOD: -545.574
Iteration 50 / LogL: -545.574 / Time: 0h:0m:0s (0h:0m:0s left)
Iteration 60 / LogL: -550.010 / Time: 0h:0m:0s (0h:0m:0s left)
UPDATE BEST LOG-LIKELIHOOD: -545.574
Iteration 70 / LogL: -545.574 / Time: 0h:0m:0s (0h:0m:0s left)
Iteration 80 / LogL: -545.574 / Time: 0h:0m:0s (0h:0m:0s left)
Iteration 90 / LogL: -545.574 / Time: 0h:0m:0s (0h:0m:0s left)
UPDATE BEST LOG-LIKELIHOOD: -545.574
Iteration 100 / LogL: -545.574 / Time: 0h:0m:0s (0h:0m:0s left)
TREE SEARCH COMPLETED AFTER 103 ITERATIONS / Time: 0h:0m:0s

--------------------------------------------------------------------
|                    FINALIZING TREE SEARCH                        |
--------------------------------------------------------------------
Performs final model parameters optimization
Estimate model parameters (epsilon = 0.010)
1. Initial log-likelihood: -545.574
Optimal log-likelihood: -545.566
Gamma shape alpha: 1.568
Parameters optimization took 1 rounds (0.002 sec)
BEST SCORE FOUND : -545.566
Total tree length: 2.924

Total number of iterations: 103
CPU time used for tree search: 0.608 sec (0h:0m:0s)
Wall-clock time used for tree search: 0.640 sec (0h:0m:0s)
Total CPU time used: 0.632 sec (0h:0m:0s)
Total wall-clock time used: 0.679 sec (0h:0m:0s)

===> START BOOTSTRAP REPLICATE NUMBER 17

Creating bootstrap alignment (seed: 788486)...
WARNING: States(s) A, N, E, I, K, M, F, T, W, Y rarely appear in alignment and may cause numerical problems

Create initial parsimony tree by phylogenetic likelihood library (PLL)... 0.000 seconds
Reading model parameters from file /Users/mful870/Desktop/MD_3di_Dev_02Oct24/Scriptorum/SubstitutionMatrix/3di_substmat

NOTE: 0 MB RAM (0 GB) is required!
Estimate model parameters (epsilon = 0.100)
1. Initial log-likelihood: -536.426
2. Current log-likelihood: -517.524
3. Current log-likelihood: -517.187
Optimal log-likelihood: -517.186
Gamma shape alpha: 1.054
Parameters optimization took 3 rounds (0.004 sec)
Computing ML distances based on estimated model parameters... 0.012 sec
Computing BIONJ tree...
0.007 seconds
Log-likelihood of BIONJ tree: -520.676
--------------------------------------------------------------------
|             INITIALIZING CANDIDATE TREE SET                      |
--------------------------------------------------------------------
Generating 98 parsimony trees... 0.012 second
Computing log-likelihood of 74 initial trees ... 0.052 seconds
Current best score: -517.186

Do NNI search on 20 best initial trees
Estimate model parameters (epsilon = 0.100)
BETTER TREE FOUND at iteration 1: -517.185
WARNING: NNI search needs unusual large number of steps (7) to converge!
WARNING: NNI search needs unusual large number of steps (7) to converge!
WARNING: NNI search needs unusual large number of steps (7) to converge!
Estimate model parameters (epsilon = 0.100)
BETTER TREE FOUND at iteration 10: -515.601
Iteration 10 / LogL: -515.601 / Time: 0h:0m:0s
WARNING: NNI search needs unusual large number of steps (7) to converge!
Iteration 20 / LogL: -515.603 / Time: 0h:0m:0s
Finish initializing candidate tree set (4)
Current best tree score: -515.601 / CPU time: 0.205
Number of iterations: 20
--------------------------------------------------------------------
|               OPTIMIZING CANDIDATE TREE SET                      |
--------------------------------------------------------------------
UPDATE BEST LOG-LIKELIHOOD: -515.600
Iteration 30 / LogL: -515.603 / Time: 0h:0m:0s (0h:0m:0s left)
Iteration 40 / LogL: -517.327 / Time: 0h:0m:0s (0h:0m:0s left)
WARNING: NNI search needs unusual large number of steps (7) to converge!
UPDATE BEST LOG-LIKELIHOOD: -515.600
Iteration 50 / LogL: -517.326 / Time: 0h:0m:0s (0h:0m:0s left)
UPDATE BEST LOG-LIKELIHOOD: -515.600
WARNING: NNI search needs unusual large number of steps (7) to converge!
Iteration 60 / LogL: -515.610 / Time: 0h:0m:0s (0h:0m:0s left)
UPDATE BEST LOG-LIKELIHOOD: -515.600
Iteration 70 / LogL: -515.605 / Time: 0h:0m:0s (0h:0m:0s left)
WARNING: NNI search needs unusual large number of steps (7) to converge!
UPDATE BEST LOG-LIKELIHOOD: -515.600
UPDATE BEST LOG-LIKELIHOOD: -515.600
Iteration 80 / LogL: -515.600 / Time: 0h:0m:0s (0h:0m:0s left)
Iteration 90 / LogL: -517.201 / Time: 0h:0m:0s (0h:0m:0s left)
UPDATE BEST LOG-LIKELIHOOD: -515.600
Iteration 100 / LogL: -517.199 / Time: 0h:0m:0s (0h:0m:0s left)
Iteration 110 / LogL: -517.199 / Time: 0h:0m:0s (0h:0m:0s left)
TREE SEARCH COMPLETED AFTER 111 ITERATIONS / Time: 0h:0m:0s

--------------------------------------------------------------------
|                    FINALIZING TREE SEARCH                        |
--------------------------------------------------------------------
Performs final model parameters optimization
Estimate model parameters (epsilon = 0.010)
1. Initial log-likelihood: -515.600
Optimal log-likelihood: -515.593
Gamma shape alpha: 1.164
Parameters optimization took 1 rounds (0.002 sec)
BEST SCORE FOUND : -515.593
Total tree length: 3.978

Total number of iterations: 111
CPU time used for tree search: 0.690 sec (0h:0m:0s)
Wall-clock time used for tree search: 0.722 sec (0h:0m:0s)
Total CPU time used: 0.714 sec (0h:0m:0s)
Total wall-clock time used: 0.761 sec (0h:0m:0s)

===> START BOOTSTRAP REPLICATE NUMBER 18

Creating bootstrap alignment (seed: 788487)...
WARNING: States(s) A, N, E, I, K, M, F, T, W, Y rarely appear in alignment and may cause numerical problems

Create initial parsimony tree by phylogenetic likelihood library (PLL)... 0.000 seconds
Reading model parameters from file /Users/mful870/Desktop/MD_3di_Dev_02Oct24/Scriptorum/SubstitutionMatrix/3di_substmat

NOTE: 0 MB RAM (0 GB) is required!
Estimate model parameters (epsilon = 0.100)
1. Initial log-likelihood: -489.624
2. Current log-likelihood: -475.162
3. Current log-likelihood: -474.545
Optimal log-likelihood: -474.540
Gamma shape alpha: 1.283
Parameters optimization took 3 rounds (0.005 sec)
Computing ML distances based on estimated model parameters... 0.008 sec
Computing BIONJ tree...
0.013 seconds
Log-likelihood of BIONJ tree: -475.285
--------------------------------------------------------------------
|             INITIALIZING CANDIDATE TREE SET                      |
--------------------------------------------------------------------
Generating 98 parsimony trees... 0.013 second
Computing log-likelihood of 55 initial trees ... 0.038 seconds
Current best score: -472.857

Do NNI search on 20 best initial trees
Estimate model parameters (epsilon = 0.100)
BETTER TREE FOUND at iteration 1: -472.320
Iteration 10 / LogL: -472.824 / Time: 0h:0m:0s
Iteration 20 / LogL: -472.828 / Time: 0h:0m:0s
Finish initializing candidate tree set (2)
Current best tree score: -472.320 / CPU time: 0.148
Number of iterations: 20
--------------------------------------------------------------------
|               OPTIMIZING CANDIDATE TREE SET                      |
--------------------------------------------------------------------
UPDATE BEST LOG-LIKELIHOOD: -472.320
UPDATE BEST LOG-LIKELIHOOD: -472.320
UPDATE BEST LOG-LIKELIHOOD: -472.320
Iteration 30 / LogL: -472.322 / Time: 0h:0m:0s (0h:0m:0s left)
Iteration 40 / LogL: -472.328 / Time: 0h:0m:0s (0h:0m:0s left)
Iteration 50 / LogL: -472.338 / Time: 0h:0m:0s (0h:0m:0s left)
Iteration 60 / LogL: -472.682 / Time: 0h:0m:0s (0h:0m:0s left)
Iteration 70 / LogL: -472.322 / Time: 0h:0m:0s (0h:0m:0s left)
Iteration 80 / LogL: -472.321 / Time: 0h:0m:0s (0h:0m:0s left)
Iteration 90 / LogL: -472.320 / Time: 0h:0m:0s (0h:0m:0s left)
UPDATE BEST LOG-LIKELIHOOD: -472.320
Iteration 100 / LogL: -472.513 / Time: 0h:0m:0s (0h:0m:0s left)
UPDATE BEST LOG-LIKELIHOOD: -472.320
TREE SEARCH COMPLETED AFTER 102 ITERATIONS / Time: 0h:0m:0s

--------------------------------------------------------------------
|                    FINALIZING TREE SEARCH                        |
--------------------------------------------------------------------
Performs final model parameters optimization
Estimate model parameters (epsilon = 0.010)
1. Initial log-likelihood: -472.320
Optimal log-likelihood: -472.318
Gamma shape alpha: 1.202
Parameters optimization took 1 rounds (0.001 sec)
BEST SCORE FOUND : -472.318
Total tree length: 2.806

Total number of iterations: 102
CPU time used for tree search: 0.442 sec (0h:0m:0s)
Wall-clock time used for tree search: 0.463 sec (0h:0m:0s)
Total CPU time used: 0.465 sec (0h:0m:0s)
Total wall-clock time used: 0.507 sec (0h:0m:0s)

===> START BOOTSTRAP REPLICATE NUMBER 19

Creating bootstrap alignment (seed: 788488)...
WARNING: States(s) N, E, I, K, M, T, W, Y rarely appear in alignment and may cause numerical problems

Create initial parsimony tree by phylogenetic likelihood library (PLL)... 0.000 seconds
Reading model parameters from file /Users/mful870/Desktop/MD_3di_Dev_02Oct24/Scriptorum/SubstitutionMatrix/3di_substmat

NOTE: 0 MB RAM (0 GB) is required!
Estimate model parameters (epsilon = 0.100)
1. Initial log-likelihood: -658.319
2. Current log-likelihood: -634.491
3. Current log-likelihood: -634.380
Optimal log-likelihood: -634.379
Gamma shape alpha: 1.275
Parameters optimization took 3 rounds (0.005 sec)
Computing ML distances based on estimated model parameters... 0.009 sec
Computing BIONJ tree...
0.007 seconds
Log-likelihood of BIONJ tree: -634.443
--------------------------------------------------------------------
|             INITIALIZING CANDIDATE TREE SET                      |
--------------------------------------------------------------------
Generating 98 parsimony trees... 0.014 second
Computing log-likelihood of 49 initial trees ... 0.039 seconds
Current best score: -633.892

Do NNI search on 20 best initial trees
Estimate model parameters (epsilon = 0.100)
BETTER TREE FOUND at iteration 1: -633.874
UPDATE BEST LOG-LIKELIHOOD: -633.874
Iteration 10 / LogL: -633.874 / Time: 0h:0m:0s
UPDATE BEST LOG-LIKELIHOOD: -633.874
UPDATE BEST LOG-LIKELIHOOD: -633.874
Iteration 20 / LogL: -633.874 / Time: 0h:0m:0s
Finish initializing candidate tree set (7)
Current best tree score: -633.874 / CPU time: 0.129
Number of iterations: 20
--------------------------------------------------------------------
|               OPTIMIZING CANDIDATE TREE SET                      |
--------------------------------------------------------------------
Iteration 30 / LogL: -633.874 / Time: 0h:0m:0s (0h:0m:0s left)
UPDATE BEST LOG-LIKELIHOOD: -633.874
Iteration 40 / LogL: -634.106 / Time: 0h:0m:0s (0h:0m:0s left)
UPDATE BEST LOG-LIKELIHOOD: -633.874
Iteration 50 / LogL: -633.874 / Time: 0h:0m:0s (0h:0m:0s left)
UPDATE BEST LOG-LIKELIHOOD: -633.874
Iteration 60 / LogL: -633.874 / Time: 0h:0m:0s (0h:0m:0s left)
UPDATE BEST LOG-LIKELIHOOD: -633.874
Iteration 70 / LogL: -633.874 / Time: 0h:0m:0s (0h:0m:0s left)
Iteration 80 / LogL: -634.106 / Time: 0h:0m:0s (0h:0m:0s left)
Iteration 90 / LogL: -634.106 / Time: 0h:0m:0s (0h:0m:0s left)
Iteration 100 / LogL: -634.106 / Time: 0h:0m:0s (0h:0m:0s left)
TREE SEARCH COMPLETED AFTER 102 ITERATIONS / Time: 0h:0m:0s

--------------------------------------------------------------------
|                    FINALIZING TREE SEARCH                        |
--------------------------------------------------------------------
Performs final model parameters optimization
Estimate model parameters (epsilon = 0.010)
1. Initial log-likelihood: -633.874
Optimal log-likelihood: -633.873
Gamma shape alpha: 1.315
Parameters optimization took 1 rounds (0.001 sec)
BEST SCORE FOUND : -633.873
Total tree length: 3.648

Total number of iterations: 102
CPU time used for tree search: 0.467 sec (0h:0m:0s)
Wall-clock time used for tree search: 0.490 sec (0h:0m:0s)
Total CPU time used: 0.488 sec (0h:0m:0s)
Total wall-clock time used: 0.526 sec (0h:0m:0s)

===> START BOOTSTRAP REPLICATE NUMBER 20

Creating bootstrap alignment (seed: 788489)...
WARNING: States(s) A, N, E, I, K, M, F, T, W, Y rarely appear in alignment and may cause numerical problems

Create initial parsimony tree by phylogenetic likelihood library (PLL)... 0.000 seconds
Reading model parameters from file /Users/mful870/Desktop/MD_3di_Dev_02Oct24/Scriptorum/SubstitutionMatrix/3di_substmat

NOTE: 0 MB RAM (0 GB) is required!
Estimate model parameters (epsilon = 0.100)
1. Initial log-likelihood: -485.610
2. Current log-likelihood: -470.265
3. Current log-likelihood: -469.858
4. Current log-likelihood: -469.527
Optimal log-likelihood: -469.452
Gamma shape alpha: 1.327
Parameters optimization took 4 rounds (0.007 sec)
Computing ML distances based on estimated model parameters... 0.009 sec
Computing BIONJ tree...
0.007 seconds
Log-likelihood of BIONJ tree: -468.309
--------------------------------------------------------------------
|             INITIALIZING CANDIDATE TREE SET                      |
--------------------------------------------------------------------
Generating 98 parsimony trees... 0.012 second
Computing log-likelihood of 59 initial trees ... 0.043 seconds
Current best score: -460.584

Do NNI search on 20 best initial trees
Estimate model parameters (epsilon = 0.100)
BETTER TREE FOUND at iteration 1: -459.998
Iteration 10 / LogL: -460.075 / Time: 0h:0m:0s
Iteration 20 / LogL: -460.075 / Time: 0h:0m:0s
Finish initializing candidate tree set (1)
Current best tree score: -459.998 / CPU time: 0.140
Number of iterations: 20
--------------------------------------------------------------------
|               OPTIMIZING CANDIDATE TREE SET                      |
--------------------------------------------------------------------
Iteration 30 / LogL: -460.065 / Time: 0h:0m:0s (0h:0m:0s left)
Iteration 40 / LogL: -459.998 / Time: 0h:0m:0s (0h:0m:0s left)
Iteration 50 / LogL: -460.074 / Time: 0h:0m:0s (0h:0m:0s left)
Iteration 60 / LogL: -459.998 / Time: 0h:0m:0s (0h:0m:0s left)
Iteration 70 / LogL: -460.080 / Time: 0h:0m:0s (0h:0m:0s left)
Iteration 80 / LogL: -460.080 / Time: 0h:0m:0s (0h:0m:0s left)
UPDATE BEST LOG-LIKELIHOOD: -459.998
UPDATE BEST LOG-LIKELIHOOD: -459.998
Iteration 90 / LogL: -460.151 / Time: 0h:0m:0s (0h:0m:0s left)
Iteration 100 / LogL: -460.016 / Time: 0h:0m:0s (0h:0m:0s left)
TREE SEARCH COMPLETED AFTER 102 ITERATIONS / Time: 0h:0m:0s

--------------------------------------------------------------------
|                    FINALIZING TREE SEARCH                        |
--------------------------------------------------------------------
Performs final model parameters optimization
Estimate model parameters (epsilon = 0.010)
1. Initial log-likelihood: -459.998
Optimal log-likelihood: -459.997
Gamma shape alpha: 1.999
Parameters optimization took 1 rounds (0.001 sec)
BEST SCORE FOUND : -459.997
Total tree length: 1.961

Total number of iterations: 102
CPU time used for tree search: 0.460 sec (0h:0m:0s)
Wall-clock time used for tree search: 0.476 sec (0h:0m:0s)
Total CPU time used: 0.485 sec (0h:0m:0s)
Total wall-clock time used: 0.515 sec (0h:0m:0s)

===> START BOOTSTRAP REPLICATE NUMBER 21

Creating bootstrap alignment (seed: 788490)...
WARNING: States(s) N, E, G, I, K, M, T, W, Y rarely appear in alignment and may cause numerical problems

Create initial parsimony tree by phylogenetic likelihood library (PLL)... 0.000 seconds
Reading model parameters from file /Users/mful870/Desktop/MD_3di_Dev_02Oct24/Scriptorum/SubstitutionMatrix/3di_substmat

NOTE: 0 MB RAM (0 GB) is required!
Estimate model parameters (epsilon = 0.100)
1. Initial log-likelihood: -557.732
2. Current log-likelihood: -536.770
3. Current log-likelihood: -534.464
4. Current log-likelihood: -533.715
5. Current log-likelihood: -533.455
Optimal log-likelihood: -533.368
Gamma shape alpha: 998.701
Parameters optimization took 5 rounds (0.011 sec)
Computing ML distances based on estimated model parameters... 0.007 sec
Computing BIONJ tree...
0.007 seconds
Log-likelihood of BIONJ tree: -532.787
--------------------------------------------------------------------
|             INITIALIZING CANDIDATE TREE SET                      |
--------------------------------------------------------------------
Generating 98 parsimony trees... 0.012 second
Computing log-likelihood of 74 initial trees ... 0.051 seconds
Current best score: -532.331

Do NNI search on 20 best initial trees
Estimate model parameters (epsilon = 0.100)
BETTER TREE FOUND at iteration 1: -532.307
UPDATE BEST LOG-LIKELIHOOD: -532.307
Iteration 10 / LogL: -532.307 / Time: 0h:0m:0s
Iteration 20 / LogL: -532.307 / Time: 0h:0m:0s
Finish initializing candidate tree set (7)
Current best tree score: -532.307 / CPU time: 0.169
Number of iterations: 20
--------------------------------------------------------------------
|               OPTIMIZING CANDIDATE TREE SET                      |
--------------------------------------------------------------------
UPDATE BEST LOG-LIKELIHOOD: -532.307
WARNING: NNI search needs unusual large number of steps (7) to converge!
UPDATE BEST LOG-LIKELIHOOD: -532.307
Iteration 30 / LogL: -532.307 / Time: 0h:0m:0s (0h:0m:0s left)
Iteration 40 / LogL: -532.499 / Time: 0h:0m:0s (0h:0m:0s left)
UPDATE BEST LOG-LIKELIHOOD: -532.307
Iteration 50 / LogL: -532.475 / Time: 0h:0m:0s (0h:0m:0s left)
Iteration 60 / LogL: -532.499 / Time: 0h:0m:0s (0h:0m:0s left)
Iteration 70 / LogL: -532.307 / Time: 0h:0m:0s (0h:0m:0s left)
Iteration 80 / LogL: -532.502 / Time: 0h:0m:0s (0h:0m:0s left)
Iteration 90 / LogL: -532.499 / Time: 0h:0m:0s (0h:0m:0s left)
UPDATE BEST LOG-LIKELIHOOD: -532.307
Iteration 100 / LogL: -532.499 / Time: 0h:0m:0s (0h:0m:0s left)
TREE SEARCH COMPLETED AFTER 102 ITERATIONS / Time: 0h:0m:0s

--------------------------------------------------------------------
|                    FINALIZING TREE SEARCH                        |
--------------------------------------------------------------------
Performs final model parameters optimization
Estimate model parameters (epsilon = 0.010)
1. Initial log-likelihood: -532.307
Optimal log-likelihood: -532.307
Gamma shape alpha: 998.701
Parameters optimization took 1 rounds (0.002 sec)
BEST SCORE FOUND : -532.307
Total tree length: 2.174

Total number of iterations: 102
CPU time used for tree search: 0.513 sec (0h:0m:0s)
Wall-clock time used for tree search: 0.537 sec (0h:0m:0s)
Total CPU time used: 0.540 sec (0h:0m:0s)
Total wall-clock time used: 0.578 sec (0h:0m:0s)

===> START BOOTSTRAP REPLICATE NUMBER 22

Creating bootstrap alignment (seed: 788491)...
WARNING: States(s) A, N, E, H, I, K, M, F, T, W, Y rarely appear in alignment and may cause numerical problems

Create initial parsimony tree by phylogenetic likelihood library (PLL)... 0.000 seconds
Reading model parameters from file /Users/mful870/Desktop/MD_3di_Dev_02Oct24/Scriptorum/SubstitutionMatrix/3di_substmat

NOTE: 0 MB RAM (0 GB) is required!
Estimate model parameters (epsilon = 0.100)
1. Initial log-likelihood: -554.227
2. Current log-likelihood: -534.661
3. Current log-likelihood: -533.458
Optimal log-likelihood: -533.456
Gamma shape alpha: 1.222
Parameters optimization took 3 rounds (0.005 sec)
Computing ML distances based on estimated model parameters... 0.010 sec
Computing BIONJ tree...
0.007 seconds
Log-likelihood of BIONJ tree: -531.062
--------------------------------------------------------------------
|             INITIALIZING CANDIDATE TREE SET                      |
--------------------------------------------------------------------
Generating 98 parsimony trees... 0.013 second
Computing log-likelihood of 68 initial trees ... 0.055 seconds
Current best score: -531.062

Do NNI search on 20 best initial trees
Estimate model parameters (epsilon = 0.100)
BETTER TREE FOUND at iteration 1: -529.371
Iteration 10 / LogL: -532.689 / Time: 0h:0m:0s
Iteration 20 / LogL: -529.458 / Time: 0h:0m:0s
Finish initializing candidate tree set (3)
Current best tree score: -529.371 / CPU time: 0.181
Number of iterations: 20
--------------------------------------------------------------------
|               OPTIMIZING CANDIDATE TREE SET                      |
--------------------------------------------------------------------
Iteration 30 / LogL: -529.462 / Time: 0h:0m:0s (0h:0m:0s left)
UPDATE BEST LOG-LIKELIHOOD: -529.371
UPDATE BEST LOG-LIKELIHOOD: -529.371
Iteration 40 / LogL: -532.689 / Time: 0h:0m:0s (0h:0m:0s left)
Iteration 50 / LogL: -532.689 / Time: 0h:0m:0s (0h:0m:0s left)
Iteration 60 / LogL: -532.689 / Time: 0h:0m:0s (0h:0m:0s left)
Iteration 70 / LogL: -529.502 / Time: 0h:0m:0s (0h:0m:0s left)
Iteration 80 / LogL: -529.397 / Time: 0h:0m:0s (0h:0m:0s left)
Iteration 90 / LogL: -533.108 / Time: 0h:0m:0s (0h:0m:0s left)
WARNING: NNI search needs unusual large number of steps (7) to converge!
Iteration 100 / LogL: -533.113 / Time: 0h:0m:0s (0h:0m:0s left)
UPDATE BEST LOG-LIKELIHOOD: -529.371
TREE SEARCH COMPLETED AFTER 102 ITERATIONS / Time: 0h:0m:0s

--------------------------------------------------------------------
|                    FINALIZING TREE SEARCH                        |
--------------------------------------------------------------------
Performs final model parameters optimization
Estimate model parameters (epsilon = 0.010)
1. Initial log-likelihood: -529.371
Optimal log-likelihood: -529.368
Gamma shape alpha: 1.390
Parameters optimization took 1 rounds (0.001 sec)
BEST SCORE FOUND : -529.368
Total tree length: 3.674

Total number of iterations: 102
CPU time used for tree search: 0.602 sec (0h:0m:0s)
Wall-clock time used for tree search: 0.622 sec (0h:0m:0s)
Total CPU time used: 0.626 sec (0h:0m:0s)
Total wall-clock time used: 0.661 sec (0h:0m:0s)

===> START BOOTSTRAP REPLICATE NUMBER 23

Creating bootstrap alignment (seed: 788492)...
WARNING: States(s) A, N, E, G, I, K, M, F, T, W, Y rarely appear in alignment and may cause numerical problems

Create initial parsimony tree by phylogenetic likelihood library (PLL)... 0.000 seconds
Reading model parameters from file /Users/mful870/Desktop/MD_3di_Dev_02Oct24/Scriptorum/SubstitutionMatrix/3di_substmat

NOTE: 0 MB RAM (0 GB) is required!
Estimate model parameters (epsilon = 0.100)
1. Initial log-likelihood: -573.182
2. Current log-likelihood: -547.737
3. Current log-likelihood: -547.288
4. Current log-likelihood: -546.973
5. Current log-likelihood: -546.768
6. Current log-likelihood: -546.663
Optimal log-likelihood: -546.575
Gamma shape alpha: 2.250
Parameters optimization took 6 rounds (0.013 sec)
Computing ML distances based on estimated model parameters... 0.009 sec
Computing BIONJ tree...
0.007 seconds
Log-likelihood of BIONJ tree: -546.949
--------------------------------------------------------------------
|             INITIALIZING CANDIDATE TREE SET                      |
--------------------------------------------------------------------
Generating 98 parsimony trees... 0.014 second
Computing log-likelihood of 51 initial trees ... 0.038 seconds
Current best score: -544.430

Do NNI search on 20 best initial trees
Estimate model parameters (epsilon = 0.100)
BETTER TREE FOUND at iteration 1: -544.307
Iteration 10 / LogL: -544.328 / Time: 0h:0m:0s
Iteration 20 / LogL: -544.323 / Time: 0h:0m:0s
Finish initializing candidate tree set (3)
Current best tree score: -544.307 / CPU time: 0.152
Number of iterations: 20
--------------------------------------------------------------------
|               OPTIMIZING CANDIDATE TREE SET                      |
--------------------------------------------------------------------
Iteration 30 / LogL: -545.775 / Time: 0h:0m:0s (0h:0m:0s left)
UPDATE BEST LOG-LIKELIHOOD: -544.306
UPDATE BEST LOG-LIKELIHOOD: -544.306
Iteration 40 / LogL: -545.775 / Time: 0h:0m:0s (0h:0m:0s left)
UPDATE BEST LOG-LIKELIHOOD: -544.306
WARNING: NNI search needs unusual large number of steps (7) to converge!
Iteration 50 / LogL: -547.980 / Time: 0h:0m:0s (0h:0m:0s left)
Iteration 60 / LogL: -545.597 / Time: 0h:0m:0s (0h:0m:0s left)
WARNING: NNI search needs unusual large number of steps (7) to converge!
Iteration 70 / LogL: -544.311 / Time: 0h:0m:0s (0h:0m:0s left)
Iteration 80 / LogL: -544.307 / Time: 0h:0m:0s (0h:0m:0s left)
Iteration 90 / LogL: -544.663 / Time: 0h:0m:0s (0h:0m:0s left)
UPDATE BEST LOG-LIKELIHOOD: -544.306
Iteration 100 / LogL: -544.345 / Time: 0h:0m:0s (0h:0m:0s left)
TREE SEARCH COMPLETED AFTER 102 ITERATIONS / Time: 0h:0m:0s

--------------------------------------------------------------------
|                    FINALIZING TREE SEARCH                        |
--------------------------------------------------------------------
Performs final model parameters optimization
Estimate model parameters (epsilon = 0.010)
1. Initial log-likelihood: -544.306
2. Current log-likelihood: -544.279
3. Current log-likelihood: -544.248
4. Current log-likelihood: -544.235
Optimal log-likelihood: -544.226
Gamma shape alpha: 3.665
Parameters optimization took 4 rounds (0.008 sec)
BEST SCORE FOUND : -544.226
Total tree length: 3.121

Total number of iterations: 102
CPU time used for tree search: 0.525 sec (0h:0m:0s)
Wall-clock time used for tree search: 0.546 sec (0h:0m:0s)
Total CPU time used: 0.562 sec (0h:0m:0s)
Total wall-clock time used: 0.598 sec (0h:0m:0s)

===> START BOOTSTRAP REPLICATE NUMBER 24

Creating bootstrap alignment (seed: 788493)...
WARNING: States(s) N, E, I, K, M, T, W, Y rarely appear in alignment and may cause numerical problems

Create initial parsimony tree by phylogenetic likelihood library (PLL)... 0.000 seconds
Reading model parameters from file /Users/mful870/Desktop/MD_3di_Dev_02Oct24/Scriptorum/SubstitutionMatrix/3di_substmat

NOTE: 0 MB RAM (0 GB) is required!
Estimate model parameters (epsilon = 0.100)
1. Initial log-likelihood: -464.423
2. Current log-likelihood: -445.958
3. Current log-likelihood: -445.834
Optimal log-likelihood: -445.824
Gamma shape alpha: 1.186
Parameters optimization took 3 rounds (0.006 sec)
Computing ML distances based on estimated model parameters... 0.009 sec
Computing BIONJ tree...
0.008 seconds
Log-likelihood of BIONJ tree: -443.600
--------------------------------------------------------------------
|             INITIALIZING CANDIDATE TREE SET                      |
--------------------------------------------------------------------
Generating 98 parsimony trees... 0.013 second
Computing log-likelihood of 45 initial trees ... 0.034 seconds
Current best score: -443.600

Do NNI search on 20 best initial trees
Estimate model parameters (epsilon = 0.100)
BETTER TREE FOUND at iteration 1: -443.550
Estimate model parameters (epsilon = 0.100)
BETTER TREE FOUND at iteration 2: -443.353
Iteration 10 / LogL: -443.365 / Time: 0h:0m:0s
WARNING: NNI search needs unusual large number of steps (7) to converge!
Iteration 20 / LogL: -443.529 / Time: 0h:0m:0s
Finish initializing candidate tree set (2)
Current best tree score: -443.353 / CPU time: 0.152
Number of iterations: 20
--------------------------------------------------------------------
|               OPTIMIZING CANDIDATE TREE SET                      |
--------------------------------------------------------------------
Iteration 30 / LogL: -443.607 / Time: 0h:0m:0s (0h:0m:0s left)
Iteration 40 / LogL: -443.362 / Time: 0h:0m:0s (0h:0m:0s left)
UPDATE BEST LOG-LIKELIHOOD: -443.346
UPDATE BEST LOG-LIKELIHOOD: -443.346
Iteration 50 / LogL: -443.374 / Time: 0h:0m:0s (0h:0m:0s left)
Iteration 60 / LogL: -443.371 / Time: 0h:0m:0s (0h:0m:0s left)
Iteration 70 / LogL: -443.363 / Time: 0h:0m:0s (0h:0m:0s left)
Iteration 80 / LogL: -443.360 / Time: 0h:0m:0s (0h:0m:0s left)
Iteration 90 / LogL: -443.397 / Time: 0h:0m:0s (0h:0m:0s left)
WARNING: NNI search needs unusual large number of steps (7) to converge!
Iteration 100 / LogL: -443.362 / Time: 0h:0m:0s (0h:0m:0s left)
TREE SEARCH COMPLETED AFTER 103 ITERATIONS / Time: 0h:0m:0s

--------------------------------------------------------------------
|                    FINALIZING TREE SEARCH                        |
--------------------------------------------------------------------
Performs final model parameters optimization
Estimate model parameters (epsilon = 0.010)
1. Initial log-likelihood: -443.346
2. Current log-likelihood: -443.320
3. Current log-likelihood: -443.294
Optimal log-likelihood: -443.281
Gamma shape alpha: 1.768
Parameters optimization took 3 rounds (0.006 sec)
BEST SCORE FOUND : -443.281
Total tree length: 2.637

Total number of iterations: 103
CPU time used for tree search: 0.521 sec (0h:0m:0s)
Wall-clock time used for tree search: 0.537 sec (0h:0m:0s)
Total CPU time used: 0.548 sec (0h:0m:0s)
Total wall-clock time used: 0.580 sec (0h:0m:0s)

===> START BOOTSTRAP REPLICATE NUMBER 25

Creating bootstrap alignment (seed: 788494)...
WARNING: States(s) N, E, I, K, M, T, W, Y rarely appear in alignment and may cause numerical problems

Create initial parsimony tree by phylogenetic likelihood library (PLL)... 0.000 seconds
Reading model parameters from file /Users/mful870/Desktop/MD_3di_Dev_02Oct24/Scriptorum/SubstitutionMatrix/3di_substmat

NOTE: 0 MB RAM (0 GB) is required!
Estimate model parameters (epsilon = 0.100)
1. Initial log-likelihood: -485.563
2. Current log-likelihood: -466.473
3. Current log-likelihood: -465.885
4. Current log-likelihood: -465.738
Optimal log-likelihood: -465.668
Gamma shape alpha: 1.140
Parameters optimization took 4 rounds (0.007 sec)
Computing ML distances based on estimated model parameters... 0.010 sec
Computing BIONJ tree...
0.007 seconds
Log-likelihood of BIONJ tree: -464.405
--------------------------------------------------------------------
|             INITIALIZING CANDIDATE TREE SET                      |
--------------------------------------------------------------------
Generating 98 parsimony trees... 0.013 second
Computing log-likelihood of 56 initial trees ... 0.039 seconds
Current best score: -462.544

Do NNI search on 20 best initial trees
Estimate model parameters (epsilon = 0.100)
BETTER TREE FOUND at iteration 1: -461.002
Estimate model parameters (epsilon = 0.100)
UPDATE BEST LOG-LIKELIHOOD: -460.855
WARNING: NNI search needs unusual large number of steps (7) to converge!
Iteration 10 / LogL: -460.952 / Time: 0h:0m:0s
WARNING: NNI search needs unusual large number of steps (7) to converge!
Iteration 20 / LogL: -461.060 / Time: 0h:0m:0s
Finish initializing candidate tree set (5)
Current best tree score: -460.855 / CPU time: 0.175
Number of iterations: 20
--------------------------------------------------------------------
|               OPTIMIZING CANDIDATE TREE SET                      |
--------------------------------------------------------------------
Iteration 30 / LogL: -465.636 / Time: 0h:0m:0s (0h:0m:0s left)
Estimate model parameters (epsilon = 0.100)
UPDATE BEST LOG-LIKELIHOOD: -460.809
Iteration 40 / LogL: -465.190 / Time: 0h:0m:0s (0h:0m:0s left)
UPDATE BEST LOG-LIKELIHOOD: -460.808
Iteration 50 / LogL: -460.846 / Time: 0h:0m:0s (0h:0m:0s left)
Iteration 60 / LogL: -460.947 / Time: 0h:0m:0s (0h:0m:0s left)
UPDATE BEST LOG-LIKELIHOOD: -460.808
Iteration 70 / LogL: -461.042 / Time: 0h:0m:0s (0h:0m:0s left)
Iteration 80 / LogL: -462.749 / Time: 0h:0m:0s (0h:0m:0s left)
Iteration 90 / LogL: -465.643 / Time: 0h:0m:0s (0h:0m:0s left)
Iteration 100 / LogL: -461.180 / Time: 0h:0m:0s (0h:0m:0s left)
TREE SEARCH COMPLETED AFTER 102 ITERATIONS / Time: 0h:0m:0s

--------------------------------------------------------------------
|                    FINALIZING TREE SEARCH                        |
--------------------------------------------------------------------
Performs final model parameters optimization
Estimate model parameters (epsilon = 0.010)
1. Initial log-likelihood: -460.808
Optimal log-likelihood: -460.805
Gamma shape alpha: 1.306
Parameters optimization took 1 rounds (0.001 sec)
BEST SCORE FOUND : -460.805
Total tree length: 3.614

Total number of iterations: 102
CPU time used for tree search: 0.535 sec (0h:0m:0s)
Wall-clock time used for tree search: 0.555 sec (0h:0m:0s)
Total CPU time used: 0.563 sec (0h:0m:0s)
Total wall-clock time used: 0.597 sec (0h:0m:0s)

===> START BOOTSTRAP REPLICATE NUMBER 26

Creating bootstrap alignment (seed: 788495)...
WARNING: States(s) N, E, G, H, I, K, M, T, W, Y rarely appear in alignment and may cause numerical problems

Create initial parsimony tree by phylogenetic likelihood library (PLL)... 0.000 seconds
Reading model parameters from file /Users/mful870/Desktop/MD_3di_Dev_02Oct24/Scriptorum/SubstitutionMatrix/3di_substmat

NOTE: 0 MB RAM (0 GB) is required!
Estimate model parameters (epsilon = 0.100)
1. Initial log-likelihood: -540.527
2. Current log-likelihood: -521.011
3. Current log-likelihood: -520.540
Optimal log-likelihood: -520.477
Gamma shape alpha: 1.866
Parameters optimization took 3 rounds (0.007 sec)
Computing ML distances based on estimated model parameters... 0.009 sec
Computing BIONJ tree...
0.007 seconds
Log-likelihood of BIONJ tree: -523.703
--------------------------------------------------------------------
|             INITIALIZING CANDIDATE TREE SET                      |
--------------------------------------------------------------------
Generating 98 parsimony trees... 0.013 second
Computing log-likelihood of 46 initial trees ... 0.035 seconds
Current best score: -520.477

Do NNI search on 20 best initial trees
Estimate model parameters (epsilon = 0.100)
BETTER TREE FOUND at iteration 1: -520.465
UPDATE BEST LOG-LIKELIHOOD: -520.464
UPDATE BEST LOG-LIKELIHOOD: -520.464
Iteration 10 / LogL: -520.467 / Time: 0h:0m:0s
Iteration 20 / LogL: -520.471 / Time: 0h:0m:0s
Finish initializing candidate tree set (1)
Current best tree score: -520.464 / CPU time: 0.145
Number of iterations: 20
--------------------------------------------------------------------
|               OPTIMIZING CANDIDATE TREE SET                      |
--------------------------------------------------------------------
Iteration 30 / LogL: -523.682 / Time: 0h:0m:0s (0h:0m:0s left)
UPDATE BEST LOG-LIKELIHOOD: -520.463
Iteration 40 / LogL: -523.682 / Time: 0h:0m:0s (0h:0m:0s left)
UPDATE BEST LOG-LIKELIHOOD: -520.463
Iteration 50 / LogL: -520.466 / Time: 0h:0m:0s (0h:0m:0s left)
Iteration 60 / LogL: -520.472 / Time: 0h:0m:0s (0h:0m:0s left)
Iteration 70 / LogL: -520.465 / Time: 0h:0m:0s (0h:0m:0s left)
WARNING: NNI search needs unusual large number of steps (7) to converge!
Iteration 80 / LogL: -520.481 / Time: 0h:0m:0s (0h:0m:0s left)
Iteration 90 / LogL: -520.465 / Time: 0h:0m:0s (0h:0m:0s left)
Iteration 100 / LogL: -523.682 / Time: 0h:0m:0s (0h:0m:0s left)
TREE SEARCH COMPLETED AFTER 102 ITERATIONS / Time: 0h:0m:0s

--------------------------------------------------------------------
|                    FINALIZING TREE SEARCH                        |
--------------------------------------------------------------------
Performs final model parameters optimization
Estimate model parameters (epsilon = 0.010)
1. Initial log-likelihood: -520.463
Optimal log-likelihood: -520.460
Gamma shape alpha: 2.009
Parameters optimization took 1 rounds (0.002 sec)
BEST SCORE FOUND : -520.460
Total tree length: 2.918

Total number of iterations: 102
CPU time used for tree search: 0.542 sec (0h:0m:0s)
Wall-clock time used for tree search: 0.545 sec (0h:0m:0s)
Total CPU time used: 0.566 sec (0h:0m:0s)
Total wall-clock time used: 0.586 sec (0h:0m:0s)

===> START BOOTSTRAP REPLICATE NUMBER 27

Creating bootstrap alignment (seed: 788496)...
WARNING: States(s) N, E, I, K, M, T, W, Y rarely appear in alignment and may cause numerical problems

Create initial parsimony tree by phylogenetic likelihood library (PLL)... 0.000 seconds
Reading model parameters from file /Users/mful870/Desktop/MD_3di_Dev_02Oct24/Scriptorum/SubstitutionMatrix/3di_substmat

NOTE: 0 MB RAM (0 GB) is required!
Estimate model parameters (epsilon = 0.100)
1. Initial log-likelihood: -535.581
2. Current log-likelihood: -520.648
3. Current log-likelihood: -520.190
Optimal log-likelihood: -520.123
Gamma shape alpha: 2.014
Parameters optimization took 3 rounds (0.006 sec)
Computing ML distances based on estimated model parameters... 0.017 sec
Computing BIONJ tree...
0.007 seconds
Log-likelihood of BIONJ tree: -522.699
--------------------------------------------------------------------
|             INITIALIZING CANDIDATE TREE SET                      |
--------------------------------------------------------------------
Generating 98 parsimony trees... 0.013 second
Computing log-likelihood of 68 initial trees ... 0.050 seconds
Current best score: -519.976

Do NNI search on 20 best initial trees
Estimate model parameters (epsilon = 0.100)
BETTER TREE FOUND at iteration 1: -519.827
BETTER TREE FOUND at iteration 2: -519.827
WARNING: NNI search needs unusual large number of steps (7) to converge!
WARNING: NNI search needs unusual large number of steps (7) to converge!
WARNING: NNI search needs unusual large number of steps (7) to converge!
Iteration 10 / LogL: -521.220 / Time: 0h:0m:0s
UPDATE BEST LOG-LIKELIHOOD: -519.827
Iteration 20 / LogL: -519.827 / Time: 0h:0m:0s
Finish initializing candidate tree set (7)
Current best tree score: -519.827 / CPU time: 0.189
Number of iterations: 20
--------------------------------------------------------------------
|               OPTIMIZING CANDIDATE TREE SET                      |
--------------------------------------------------------------------
UPDATE BEST LOG-LIKELIHOOD: -519.827
Iteration 30 / LogL: -519.827 / Time: 0h:0m:0s (0h:0m:0s left)
Iteration 40 / LogL: -520.981 / Time: 0h:0m:0s (0h:0m:0s left)
Iteration 50 / LogL: -519.827 / Time: 0h:0m:0s (0h:0m:0s left)
UPDATE BEST LOG-LIKELIHOOD: -519.827
Iteration 60 / LogL: -520.506 / Time: 0h:0m:0s (0h:0m:0s left)
Iteration 70 / LogL: -520.955 / Time: 0h:0m:0s (0h:0m:0s left)
UPDATE BEST LOG-LIKELIHOOD: -519.827
Iteration 80 / LogL: -520.506 / Time: 0h:0m:0s (0h:0m:0s left)
Iteration 90 / LogL: -519.827 / Time: 0h:0m:0s (0h:0m:0s left)
Iteration 100 / LogL: -520.506 / Time: 0h:0m:0s (0h:0m:0s left)
TREE SEARCH COMPLETED AFTER 103 ITERATIONS / Time: 0h:0m:0s

--------------------------------------------------------------------
|                    FINALIZING TREE SEARCH                        |
--------------------------------------------------------------------
Performs final model parameters optimization
Estimate model parameters (epsilon = 0.010)
1. Initial log-likelihood: -519.827
Optimal log-likelihood: -519.825
Gamma shape alpha: 2.207
Parameters optimization took 1 rounds (0.002 sec)
BEST SCORE FOUND : -519.825
Total tree length: 2.423

Total number of iterations: 103
CPU time used for tree search: 0.514 sec (0h:0m:0s)
Wall-clock time used for tree search: 0.532 sec (0h:0m:0s)
Total CPU time used: 0.547 sec (0h:0m:0s)
Total wall-clock time used: 0.580 sec (0h:0m:0s)

===> START BOOTSTRAP REPLICATE NUMBER 28

Creating bootstrap alignment (seed: 788497)...
WARNING: States(s) N, E, G, I, K, M, T, W, Y rarely appear in alignment and may cause numerical problems

Create initial parsimony tree by phylogenetic likelihood library (PLL)... 0.000 seconds
Reading model parameters from file /Users/mful870/Desktop/MD_3di_Dev_02Oct24/Scriptorum/SubstitutionMatrix/3di_substmat

NOTE: 0 MB RAM (0 GB) is required!
Estimate model parameters (epsilon = 0.100)
1. Initial log-likelihood: -561.403
2. Current log-likelihood: -544.784
3. Current log-likelihood: -543.475
Optimal log-likelihood: -543.371
Gamma shape alpha: 0.798
Parameters optimization took 3 rounds (0.007 sec)
Computing ML distances based on estimated model parameters... 0.010 sec
Computing BIONJ tree...
0.013 seconds
Log-likelihood of BIONJ tree: -544.646
--------------------------------------------------------------------
|             INITIALIZING CANDIDATE TREE SET                      |
--------------------------------------------------------------------
Generating 98 parsimony trees... 0.014 second
Computing log-likelihood of 37 initial trees ... 0.028 seconds
Current best score: -543.371

Do NNI search on 20 best initial trees
Estimate model parameters (epsilon = 0.100)
BETTER TREE FOUND at iteration 1: -543.341
Estimate model parameters (epsilon = 0.100)
UPDATE BEST LOG-LIKELIHOOD: -542.976
UPDATE BEST LOG-LIKELIHOOD: -542.976
Iteration 10 / LogL: -542.976 / Time: 0h:0m:0s
WARNING: NNI search needs unusual large number of steps (7) to converge!
UPDATE BEST LOG-LIKELIHOOD: -542.976
Iteration 20 / LogL: -542.976 / Time: 0h:0m:0s
Finish initializing candidate tree set (6)
Current best tree score: -542.976 / CPU time: 0.187
Number of iterations: 20
--------------------------------------------------------------------
|               OPTIMIZING CANDIDATE TREE SET                      |
--------------------------------------------------------------------
WARNING: NNI search needs unusual large number of steps (7) to converge!
Iteration 30 / LogL: -542.976 / Time: 0h:0m:0s (0h:0m:0s left)
UPDATE BEST LOG-LIKELIHOOD: -542.976
Iteration 40 / LogL: -542.976 / Time: 0h:0m:0s (0h:0m:0s left)
UPDATE BEST LOG-LIKELIHOOD: -542.976
WARNING: NNI search needs unusual large number of steps (7) to converge!
Iteration 50 / LogL: -545.691 / Time: 0h:0m:0s (0h:0m:0s left)
UPDATE BEST LOG-LIKELIHOOD: -542.976
Iteration 60 / LogL: -543.341 / Time: 0h:0m:0s (0h:0m:0s left)
WARNING: NNI search needs unusual large number of steps (7) to converge!
Iteration 70 / LogL: -544.784 / Time: 0h:0m:0s (0h:0m:0s left)
Iteration 80 / LogL: -542.976 / Time: 0h:0m:0s (0h:0m:0s left)
WARNING: NNI search needs unusual large number of steps (7) to converge!
Iteration 90 / LogL: -543.341 / Time: 0h:0m:0s (0h:0m:0s left)
UPDATE BEST LOG-LIKELIHOOD: -542.976
WARNING: NNI search needs unusual large number of steps (7) to converge!
Iteration 100 / LogL: -544.763 / Time: 0h:0m:0s (0h:0m:0s left)
TREE SEARCH COMPLETED AFTER 102 ITERATIONS / Time: 0h:0m:0s

--------------------------------------------------------------------
|                    FINALIZING TREE SEARCH                        |
--------------------------------------------------------------------
Performs final model parameters optimization
Estimate model parameters (epsilon = 0.010)
1. Initial log-likelihood: -542.976
Optimal log-likelihood: -542.976
Gamma shape alpha: 0.769
Parameters optimization took 1 rounds (0.001 sec)
BEST SCORE FOUND : -542.976
Total tree length: 5.502

Total number of iterations: 102
CPU time used for tree search: 0.634 sec (0h:0m:0s)
Wall-clock time used for tree search: 0.658 sec (0h:0m:0s)
Total CPU time used: 0.661 sec (0h:0m:0s)
Total wall-clock time used: 0.706 sec (0h:0m:0s)

===> START BOOTSTRAP REPLICATE NUMBER 29

Creating bootstrap alignment (seed: 788498)...
WARNING: States(s) A, N, E, G, I, K, M, F, T, W, Y rarely appear in alignment and may cause numerical problems

Create initial parsimony tree by phylogenetic likelihood library (PLL)... 0.000 seconds
Reading model parameters from file /Users/mful870/Desktop/MD_3di_Dev_02Oct24/Scriptorum/SubstitutionMatrix/3di_substmat

NOTE: 0 MB RAM (0 GB) is required!
Estimate model parameters (epsilon = 0.100)
1. Initial log-likelihood: -553.179
2. Current log-likelihood: -535.401
3. Current log-likelihood: -535.092
Optimal log-likelihood: -535.009
Gamma shape alpha: 2.112
Parameters optimization took 3 rounds (0.007 sec)
Computing ML distances based on estimated model parameters... 0.009 sec
Computing BIONJ tree...
0.008 seconds
Log-likelihood of BIONJ tree: -539.337
--------------------------------------------------------------------
|             INITIALIZING CANDIDATE TREE SET                      |
--------------------------------------------------------------------
Generating 98 parsimony trees... 0.013 second
Computing log-likelihood of 52 initial trees ... 0.040 seconds
Current best score: -534.847

Do NNI search on 20 best initial trees
Estimate model parameters (epsilon = 0.100)
BETTER TREE FOUND at iteration 1: -534.825
Iteration 10 / LogL: -535.672 / Time: 0h:0m:0s
Iteration 20 / LogL: -535.682 / Time: 0h:0m:0s
Finish initializing candidate tree set (3)
Current best tree score: -534.825 / CPU time: 0.148
Number of iterations: 20
--------------------------------------------------------------------
|               OPTIMIZING CANDIDATE TREE SET                      |
--------------------------------------------------------------------
Iteration 30 / LogL: -534.825 / Time: 0h:0m:0s (0h:0m:0s left)
Iteration 40 / LogL: -535.756 / Time: 0h:0m:0s (0h:0m:0s left)
Iteration 50 / LogL: -535.057 / Time: 0h:0m:0s (0h:0m:0s left)
UPDATE BEST LOG-LIKELIHOOD: -534.825
Iteration 60 / LogL: -535.688 / Time: 0h:0m:0s (0h:0m:0s left)
UPDATE BEST LOG-LIKELIHOOD: -534.825
UPDATE BEST LOG-LIKELIHOOD: -534.825
Iteration 70 / LogL: -535.718 / Time: 0h:0m:0s (0h:0m:0s left)
Iteration 80 / LogL: -534.828 / Time: 0h:0m:0s (0h:0m:0s left)
UPDATE BEST LOG-LIKELIHOOD: -534.825
Iteration 90 / LogL: -534.825 / Time: 0h:0m:0s (0h:0m:0s left)
Iteration 100 / LogL: -534.927 / Time: 0h:0m:0s (0h:0m:0s left)
TREE SEARCH COMPLETED AFTER 102 ITERATIONS / Time: 0h:0m:0s

--------------------------------------------------------------------
|                    FINALIZING TREE SEARCH                        |
--------------------------------------------------------------------
Performs final model parameters optimization
Estimate model parameters (epsilon = 0.010)
1. Initial log-likelihood: -534.825
Optimal log-likelihood: -534.822
Gamma shape alpha: 2.362
Parameters optimization took 1 rounds (0.002 sec)
BEST SCORE FOUND : -534.822
Total tree length: 2.392

Total number of iterations: 102
CPU time used for tree search: 0.511 sec (0h:0m:0s)
Wall-clock time used for tree search: 0.534 sec (0h:0m:0s)
Total CPU time used: 0.538 sec (0h:0m:0s)
Total wall-clock time used: 0.578 sec (0h:0m:0s)

===> START BOOTSTRAP REPLICATE NUMBER 30

Creating bootstrap alignment (seed: 788499)...
WARNING: States(s) A, N, E, I, K, M, F, T, W, Y rarely appear in alignment and may cause numerical problems

Create initial parsimony tree by phylogenetic likelihood library (PLL)... 0.000 seconds
Reading model parameters from file /Users/mful870/Desktop/MD_3di_Dev_02Oct24/Scriptorum/SubstitutionMatrix/3di_substmat

NOTE: 0 MB RAM (0 GB) is required!
Estimate model parameters (epsilon = 0.100)
1. Initial log-likelihood: -544.168
2. Current log-likelihood: -521.119
3. Current log-likelihood: -520.512
Optimal log-likelihood: -520.512
Gamma shape alpha: 0.998
Parameters optimization took 3 rounds (0.004 sec)
Computing ML distances based on estimated model parameters... 0.011 sec
Computing BIONJ tree...
0.007 seconds
Log-likelihood of BIONJ tree: -519.996
--------------------------------------------------------------------
|             INITIALIZING CANDIDATE TREE SET                      |
--------------------------------------------------------------------
Generating 98 parsimony trees... 0.012 second
Computing log-likelihood of 78 initial trees ... 0.062 seconds
Current best score: -519.996

Do NNI search on 20 best initial trees
Estimate model parameters (epsilon = 0.100)
BETTER TREE FOUND at iteration 1: -519.574
Iteration 10 / LogL: -520.401 / Time: 0h:0m:0s
WARNING: NNI search needs unusual large number of steps (7) to converge!
Iteration 20 / LogL: -520.101 / Time: 0h:0m:0s
Finish initializing candidate tree set (3)
Current best tree score: -519.574 / CPU time: 0.212
Number of iterations: 20
--------------------------------------------------------------------
|               OPTIMIZING CANDIDATE TREE SET                      |
--------------------------------------------------------------------
UPDATE BEST LOG-LIKELIHOOD: -519.573
UPDATE BEST LOG-LIKELIHOOD: -519.573
Iteration 30 / LogL: -519.595 / Time: 0h:0m:0s (0h:0m:0s left)
Iteration 40 / LogL: -520.970 / Time: 0h:0m:0s (0h:0m:0s left)
Iteration 50 / LogL: -519.639 / Time: 0h:0m:0s (0h:0m:0s left)
Iteration 60 / LogL: -519.632 / Time: 0h:0m:0s (0h:0m:0s left)
UPDATE BEST LOG-LIKELIHOOD: -519.573
Iteration 70 / LogL: -520.393 / Time: 0h:0m:0s (0h:0m:0s left)
WARNING: NNI search needs unusual large number of steps (7) to converge!
Iteration 80 / LogL: -520.346 / Time: 0h:0m:0s (0h:0m:0s left)
Iteration 90 / LogL: -520.380 / Time: 0h:0m:0s (0h:0m:0s left)
UPDATE BEST LOG-LIKELIHOOD: -519.573
Iteration 100 / LogL: -519.573 / Time: 0h:0m:0s (0h:0m:0s left)
TREE SEARCH COMPLETED AFTER 102 ITERATIONS / Time: 0h:0m:0s

--------------------------------------------------------------------
|                    FINALIZING TREE SEARCH                        |
--------------------------------------------------------------------
Performs final model parameters optimization
Estimate model parameters (epsilon = 0.010)
1. Initial log-likelihood: -519.573
Optimal log-likelihood: -519.563
Gamma shape alpha: 1.549
Parameters optimization took 1 rounds (0.002 sec)
BEST SCORE FOUND : -519.563
Total tree length: 3.525

Total number of iterations: 102
CPU time used for tree search: 0.535 sec (0h:0m:0s)
Wall-clock time used for tree search: 0.556 sec (0h:0m:0s)
Total CPU time used: 0.559 sec (0h:0m:0s)
Total wall-clock time used: 0.595 sec (0h:0m:0s)

===> START BOOTSTRAP REPLICATE NUMBER 31

Creating bootstrap alignment (seed: 788500)...
WARNING: States(s) A, N, E, I, K, M, F, T, W, Y rarely appear in alignment and may cause numerical problems

Create initial parsimony tree by phylogenetic likelihood library (PLL)... 0.000 seconds
Reading model parameters from file /Users/mful870/Desktop/MD_3di_Dev_02Oct24/Scriptorum/SubstitutionMatrix/3di_substmat

NOTE: 0 MB RAM (0 GB) is required!
Estimate model parameters (epsilon = 0.100)
1. Initial log-likelihood: -619.830
2. Current log-likelihood: -602.759
3. Current log-likelihood: -601.148
4. Current log-likelihood: -600.154
5. Current log-likelihood: -599.724
Optimal log-likelihood: -599.622
Gamma shape alpha: 998.244
Parameters optimization took 5 rounds (0.011 sec)
Computing ML distances based on estimated model parameters... 0.009 sec
Computing BIONJ tree...
0.007 seconds
Log-likelihood of BIONJ tree: -599.619
--------------------------------------------------------------------
|             INITIALIZING CANDIDATE TREE SET                      |
--------------------------------------------------------------------
Generating 98 parsimony trees... 0.013 second
Computing log-likelihood of 62 initial trees ... 0.045 seconds
Current best score: -599.619

Do NNI search on 20 best initial trees
Estimate model parameters (epsilon = 0.100)
BETTER TREE FOUND at iteration 1: -599.619
UPDATE BEST LOG-LIKELIHOOD: -599.619
Iteration 10 / LogL: -599.622 / Time: 0h:0m:0s
Iteration 20 / LogL: -599.619 / Time: 0h:0m:0s
Finish initializing candidate tree set (6)
Current best tree score: -599.619 / CPU time: 0.147
Number of iterations: 20
--------------------------------------------------------------------
|               OPTIMIZING CANDIDATE TREE SET                      |
--------------------------------------------------------------------
Iteration 30 / LogL: -599.622 / Time: 0h:0m:0s (0h:0m:0s left)
UPDATE BEST LOG-LIKELIHOOD: -599.619
Iteration 40 / LogL: -599.619 / Time: 0h:0m:0s (0h:0m:0s left)
UPDATE BEST LOG-LIKELIHOOD: -599.619
UPDATE BEST LOG-LIKELIHOOD: -599.619
Iteration 50 / LogL: -599.622 / Time: 0h:0m:0s (0h:0m:0s left)
Iteration 60 / LogL: -599.622 / Time: 0h:0m:0s (0h:0m:0s left)
UPDATE BEST LOG-LIKELIHOOD: -599.619
UPDATE BEST LOG-LIKELIHOOD: -599.619
Iteration 70 / LogL: -599.622 / Time: 0h:0m:0s (0h:0m:0s left)
Iteration 80 / LogL: -599.619 / Time: 0h:0m:0s (0h:0m:0s left)
Iteration 90 / LogL: -599.622 / Time: 0h:0m:0s (0h:0m:0s left)
UPDATE BEST LOG-LIKELIHOOD: -599.619
UPDATE BEST LOG-LIKELIHOOD: -599.619
Iteration 100 / LogL: -599.619 / Time: 0h:0m:0s (0h:0m:0s left)
UPDATE BEST LOG-LIKELIHOOD: -599.619
TREE SEARCH COMPLETED AFTER 102 ITERATIONS / Time: 0h:0m:0s

--------------------------------------------------------------------
|                    FINALIZING TREE SEARCH                        |
--------------------------------------------------------------------
Performs final model parameters optimization
Estimate model parameters (epsilon = 0.010)
1. Initial log-likelihood: -599.619
Optimal log-likelihood: -599.619
Gamma shape alpha: 998.244
Parameters optimization took 1 rounds (0.001 sec)
BEST SCORE FOUND : -599.619
Total tree length: 2.230

Total number of iterations: 102
CPU time used for tree search: 0.450 sec (0h:0m:0s)
Wall-clock time used for tree search: 0.489 sec (0h:0m:0s)
Total CPU time used: 0.479 sec (0h:0m:0s)
Total wall-clock time used: 0.533 sec (0h:0m:0s)

===> START BOOTSTRAP REPLICATE NUMBER 32

Creating bootstrap alignment (seed: 788501)...
WARNING: States(s) N, E, I, K, M, T, W, Y rarely appear in alignment and may cause numerical problems

Create initial parsimony tree by phylogenetic likelihood library (PLL)... 0.000 seconds
Reading model parameters from file /Users/mful870/Desktop/MD_3di_Dev_02Oct24/Scriptorum/SubstitutionMatrix/3di_substmat

NOTE: 0 MB RAM (0 GB) is required!
Estimate model parameters (epsilon = 0.100)
1. Initial log-likelihood: -602.865
2. Current log-likelihood: -580.112
3. Current log-likelihood: -579.667
4. Current log-likelihood: -579.549
Optimal log-likelihood: -579.471
Gamma shape alpha: 1.705
Parameters optimization took 4 rounds (0.009 sec)
Computing ML distances based on estimated model parameters... 0.008 sec
Computing BIONJ tree...
0.007 seconds
Log-likelihood of BIONJ tree: -578.547
--------------------------------------------------------------------
|             INITIALIZING CANDIDATE TREE SET                      |
--------------------------------------------------------------------
Generating 98 parsimony trees... 0.014 second
Computing log-likelihood of 60 initial trees ... 0.051 seconds
Current best score: -575.697

Do NNI search on 20 best initial trees
Estimate model parameters (epsilon = 0.100)
BETTER TREE FOUND at iteration 1: -575.296
BETTER TREE FOUND at iteration 2: -575.295
Iteration 10 / LogL: -575.295 / Time: 0h:0m:0s
Iteration 20 / LogL: -575.295 / Time: 0h:0m:0s
Finish initializing candidate tree set (2)
Current best tree score: -575.295 / CPU time: 0.193
Number of iterations: 20
--------------------------------------------------------------------
|               OPTIMIZING CANDIDATE TREE SET                      |
--------------------------------------------------------------------
UPDATE BEST LOG-LIKELIHOOD: -575.295
UPDATE BEST LOG-LIKELIHOOD: -575.295
UPDATE BEST LOG-LIKELIHOOD: -575.295
UPDATE BEST LOG-LIKELIHOOD: -575.295
UPDATE BEST LOG-LIKELIHOOD: -575.295
Iteration 30 / LogL: -575.295 / Time: 0h:0m:0s (0h:0m:0s left)
Iteration 40 / LogL: -575.295 / Time: 0h:0m:0s (0h:0m:0s left)
UPDATE BEST LOG-LIKELIHOOD: -575.295
Iteration 50 / LogL: -578.121 / Time: 0h:0m:0s (0h:0m:0s left)
Iteration 60 / LogL: -575.295 / Time: 0h:0m:0s (0h:0m:0s left)
Iteration 70 / LogL: -575.295 / Time: 0h:0m:0s (0h:0m:0s left)
Iteration 80 / LogL: -578.121 / Time: 0h:0m:0s (0h:0m:0s left)
Iteration 90 / LogL: -575.295 / Time: 0h:0m:0s (0h:0m:0s left)
Iteration 100 / LogL: -575.295 / Time: 0h:0m:0s (0h:0m:0s left)
TREE SEARCH COMPLETED AFTER 103 ITERATIONS / Time: 0h:0m:0s

--------------------------------------------------------------------
|                    FINALIZING TREE SEARCH                        |
--------------------------------------------------------------------
Performs final model parameters optimization
Estimate model parameters (epsilon = 0.010)
1. Initial log-likelihood: -575.295
Optimal log-likelihood: -575.282
Gamma shape alpha: 2.774
Parameters optimization took 1 rounds (0.003 sec)
BEST SCORE FOUND : -575.282
Total tree length: 2.724

Total number of iterations: 103
CPU time used for tree search: 0.624 sec (0h:0m:0s)
Wall-clock time used for tree search: 0.653 sec (0h:0m:0s)
Total CPU time used: 0.651 sec (0h:0m:0s)
Total wall-clock time used: 0.693 sec (0h:0m:0s)

===> START BOOTSTRAP REPLICATE NUMBER 33

Creating bootstrap alignment (seed: 788502)...
WARNING: States(s) N, E, G, I, K, M, T, W, Y rarely appear in alignment and may cause numerical problems

Create initial parsimony tree by phylogenetic likelihood library (PLL)... 0.000 seconds
Reading model parameters from file /Users/mful870/Desktop/MD_3di_Dev_02Oct24/Scriptorum/SubstitutionMatrix/3di_substmat

NOTE: 0 MB RAM (0 GB) is required!
Estimate model parameters (epsilon = 0.100)
1. Initial log-likelihood: -544.244
2. Current log-likelihood: -524.700
3. Current log-likelihood: -524.303
Optimal log-likelihood: -524.283
Gamma shape alpha: 1.349
Parameters optimization took 3 rounds (0.007 sec)
Computing ML distances based on estimated model parameters... 0.009 sec
Computing BIONJ tree...
0.007 seconds
Log-likelihood of BIONJ tree: -536.346
--------------------------------------------------------------------
|             INITIALIZING CANDIDATE TREE SET                      |
--------------------------------------------------------------------
Generating 98 parsimony trees... 0.013 second
Computing log-likelihood of 52 initial trees ... 0.039 seconds
Current best score: -524.283

Do NNI search on 20 best initial trees
Estimate model parameters (epsilon = 0.100)
BETTER TREE FOUND at iteration 1: -524.265
BETTER TREE FOUND at iteration 2: -524.264
UPDATE BEST LOG-LIKELIHOOD: -524.263
Iteration 10 / LogL: -524.264 / Time: 0h:0m:0s
UPDATE BEST LOG-LIKELIHOOD: -524.263
UPDATE BEST LOG-LIKELIHOOD: -524.263
Iteration 20 / LogL: -524.263 / Time: 0h:0m:0s
Finish initializing candidate tree set (2)
Current best tree score: -524.263 / CPU time: 0.190
Number of iterations: 20
--------------------------------------------------------------------
|               OPTIMIZING CANDIDATE TREE SET                      |
--------------------------------------------------------------------
UPDATE BEST LOG-LIKELIHOOD: -524.263
UPDATE BEST LOG-LIKELIHOOD: -524.263
WARNING: NNI search needs unusual large number of steps (7) to converge!
Iteration 30 / LogL: -524.264 / Time: 0h:0m:0s (0h:0m:0s left)
Iteration 40 / LogL: -524.263 / Time: 0h:0m:0s (0h:0m:0s left)
WARNING: NNI search needs unusual large number of steps (7) to converge!
WARNING: NNI search needs unusual large number of steps (7) to converge!
WARNING: NNI search needs unusual large number of steps (7) to converge!
Iteration 50 / LogL: -529.706 / Time: 0h:0m:0s (0h:0m:0s left)
WARNING: NNI search needs unusual large number of steps (7) to converge!
Iteration 60 / LogL: -524.264 / Time: 0h:0m:0s (0h:0m:0s left)
WARNING: NNI search needs unusual large number of steps (7) to converge!
Iteration 70 / LogL: -530.114 / Time: 0h:0m:0s (0h:0m:0s left)
UPDATE BEST LOG-LIKELIHOOD: -524.263
Iteration 80 / LogL: -524.263 / Time: 0h:0m:0s (0h:0m:0s left)
UPDATE BEST LOG-LIKELIHOOD: -524.263
WARNING: NNI search needs unusual large number of steps (7) to converge!
Iteration 90 / LogL: -524.264 / Time: 0h:0m:0s (0h:0m:0s left)
WARNING: NNI search needs unusual large number of steps (7) to converge!
Iteration 100 / LogL: -524.263 / Time: 0h:0m:0s (0h:0m:0s left)
TREE SEARCH COMPLETED AFTER 103 ITERATIONS / Time: 0h:0m:0s

--------------------------------------------------------------------
|                    FINALIZING TREE SEARCH                        |
--------------------------------------------------------------------
Performs final model parameters optimization
Estimate model parameters (epsilon = 0.010)
1. Initial log-likelihood: -524.263
Optimal log-likelihood: -524.259
Gamma shape alpha: 1.440
Parameters optimization took 1 rounds (0.002 sec)
BEST SCORE FOUND : -524.259
Total tree length: 2.881

Total number of iterations: 103
CPU time used for tree search: 0.666 sec (0h:0m:0s)
Wall-clock time used for tree search: 0.690 sec (0h:0m:0s)
Total CPU time used: 0.691 sec (0h:0m:0s)
Total wall-clock time used: 0.730 sec (0h:0m:0s)

===> START BOOTSTRAP REPLICATE NUMBER 34

Creating bootstrap alignment (seed: 788503)...
WARNING: States(s) N, E, G, I, K, M, T, W, Y rarely appear in alignment and may cause numerical problems

Create initial parsimony tree by phylogenetic likelihood library (PLL)... 0.000 seconds
Reading model parameters from file /Users/mful870/Desktop/MD_3di_Dev_02Oct24/Scriptorum/SubstitutionMatrix/3di_substmat

NOTE: 0 MB RAM (0 GB) is required!
Estimate model parameters (epsilon = 0.100)
1. Initial log-likelihood: -597.370
2. Current log-likelihood: -581.215
3. Current log-likelihood: -581.110
Optimal log-likelihood: -581.071
Gamma shape alpha: 1.221
Parameters optimization took 3 rounds (0.007 sec)
Computing ML distances based on estimated model parameters... 0.010 sec
Computing BIONJ tree...
0.007 seconds
Log-likelihood of BIONJ tree: -577.810
--------------------------------------------------------------------
|             INITIALIZING CANDIDATE TREE SET                      |
--------------------------------------------------------------------
Generating 98 parsimony trees... 0.013 second
Computing log-likelihood of 73 initial trees ... 0.051 seconds
Current best score: -574.357

Do NNI search on 20 best initial trees
Estimate model parameters (epsilon = 0.100)
BETTER TREE FOUND at iteration 1: -573.844
BETTER TREE FOUND at iteration 2: -573.839
UPDATE BEST LOG-LIKELIHOOD: -573.839
Iteration 10 / LogL: -573.840 / Time: 0h:0m:0s
UPDATE BEST LOG-LIKELIHOOD: -573.838
UPDATE BEST LOG-LIKELIHOOD: -573.838
WARNING: NNI search needs unusual large number of steps (7) to converge!
Iteration 20 / LogL: -577.835 / Time: 0h:0m:0s
Finish initializing candidate tree set (7)
Current best tree score: -573.838 / CPU time: 0.235
Number of iterations: 20
--------------------------------------------------------------------
|               OPTIMIZING CANDIDATE TREE SET                      |
--------------------------------------------------------------------
UPDATE BEST LOG-LIKELIHOOD: -573.838
WARNING: NNI search needs unusual large number of steps (7) to converge!
Iteration 30 / LogL: -573.981 / Time: 0h:0m:0s (0h:0m:0s left)
UPDATE BEST LOG-LIKELIHOOD: -573.838
Iteration 40 / LogL: -573.838 / Time: 0h:0m:0s (0h:0m:0s left)
WARNING: NNI search needs unusual large number of steps (7) to converge!
WARNING: NNI search needs unusual large number of steps (7) to converge!
UPDATE BEST LOG-LIKELIHOOD: -573.838
UPDATE BEST LOG-LIKELIHOOD: -573.838
Iteration 50 / LogL: -573.838 / Time: 0h:0m:0s (0h:0m:0s left)
Iteration 60 / LogL: -573.839 / Time: 0h:0m:0s (0h:0m:0s left)
UPDATE BEST LOG-LIKELIHOOD: -573.838
WARNING: NNI search needs unusual large number of steps (7) to converge!
WARNING: NNI search needs unusual large number of steps (7) to converge!
Iteration 70 / LogL: -573.839 / Time: 0h:0m:0s (0h:0m:0s left)
WARNING: NNI search needs unusual large number of steps (7) to converge!
WARNING: NNI search needs unusual large number of steps (7) to converge!
WARNING: NNI search needs unusual large number of steps (7) to converge!
UPDATE BEST LOG-LIKELIHOOD: -573.838
WARNING: NNI search needs unusual large number of steps (7) to converge!
Iteration 80 / LogL: -573.838 / Time: 0h:0m:0s (0h:0m:0s left)
UPDATE BEST LOG-LIKELIHOOD: -573.838
Iteration 90 / LogL: -573.981 / Time: 0h:0m:0s (0h:0m:0s left)
WARNING: NNI search needs unusual large number of steps (7) to converge!
Iteration 100 / LogL: -573.981 / Time: 0h:0m:0s (0h:0m:0s left)
TREE SEARCH COMPLETED AFTER 103 ITERATIONS / Time: 0h:0m:0s

--------------------------------------------------------------------
|                    FINALIZING TREE SEARCH                        |
--------------------------------------------------------------------
Performs final model parameters optimization
Estimate model parameters (epsilon = 0.010)
1. Initial log-likelihood: -573.838
2. Current log-likelihood: -573.809
3. Current log-likelihood: -573.783
Optimal log-likelihood: -573.772
Gamma shape alpha: 0.922
Parameters optimization took 3 rounds (0.005 sec)
BEST SCORE FOUND : -573.772
Total tree length: 4.292

Total number of iterations: 103
CPU time used for tree search: 0.725 sec (0h:0m:0s)
Wall-clock time used for tree search: 0.754 sec (0h:0m:0s)
Total CPU time used: 0.753 sec (0h:0m:0s)
Total wall-clock time used: 0.797 sec (0h:0m:0s)

===> START BOOTSTRAP REPLICATE NUMBER 35

Creating bootstrap alignment (seed: 788504)...
WARNING: States(s) N, E, H, I, K, M, T, W, Y rarely appear in alignment and may cause numerical problems

Create initial parsimony tree by phylogenetic likelihood library (PLL)... 0.000 seconds
Reading model parameters from file /Users/mful870/Desktop/MD_3di_Dev_02Oct24/Scriptorum/SubstitutionMatrix/3di_substmat

NOTE: 0 MB RAM (0 GB) is required!
Estimate model parameters (epsilon = 0.100)
1. Initial log-likelihood: -537.301
2. Current log-likelihood: -514.413
3. Current log-likelihood: -514.164
4. Current log-likelihood: -514.063
Optimal log-likelihood: -513.897
Gamma shape alpha: 1.369
Parameters optimization took 4 rounds (0.009 sec)
Computing ML distances based on estimated model parameters... 0.009 sec
Computing BIONJ tree...
0.007 seconds
Log-likelihood of BIONJ tree: -511.584
--------------------------------------------------------------------
|             INITIALIZING CANDIDATE TREE SET                      |
--------------------------------------------------------------------
Generating 98 parsimony trees... 0.014 second
Computing log-likelihood of 61 initial trees ... 0.048 seconds
Current best score: -511.584

Do NNI search on 20 best initial trees
Estimate model parameters (epsilon = 0.100)
BETTER TREE FOUND at iteration 1: -511.310
Iteration 10 / LogL: -513.418 / Time: 0h:0m:0s
Iteration 20 / LogL: -511.321 / Time: 0h:0m:0s
Finish initializing candidate tree set (5)
Current best tree score: -511.310 / CPU time: 0.206
Number of iterations: 20
--------------------------------------------------------------------
|               OPTIMIZING CANDIDATE TREE SET                      |
--------------------------------------------------------------------
WARNING: NNI search needs unusual large number of steps (7) to converge!
Iteration 30 / LogL: -511.318 / Time: 0h:0m:0s (0h:0m:0s left)
WARNING: NNI search needs unusual large number of steps (7) to converge!
Iteration 40 / LogL: -511.327 / Time: 0h:0m:0s (0h:0m:0s left)
Iteration 50 / LogL: -511.316 / Time: 0h:0m:0s (0h:0m:0s left)
Iteration 60 / LogL: -513.449 / Time: 0h:0m:0s (0h:0m:0s left)
WARNING: NNI search needs unusual large number of steps (7) to converge!
Iteration 70 / LogL: -511.316 / Time: 0h:0m:0s (0h:0m:0s left)
WARNING: NNI search needs unusual large number of steps (7) to converge!
UPDATE BEST LOG-LIKELIHOOD: -511.310
Iteration 80 / LogL: -511.310 / Time: 0h:0m:0s (0h:0m:0s left)
Iteration 90 / LogL: -513.838 / Time: 0h:0m:0s (0h:0m:0s left)
WARNING: NNI search needs unusual large number of steps (7) to converge!
Iteration 100 / LogL: -511.320 / Time: 0h:0m:0s (0h:0m:0s left)
TREE SEARCH COMPLETED AFTER 102 ITERATIONS / Time: 0h:0m:0s

--------------------------------------------------------------------
|                    FINALIZING TREE SEARCH                        |
--------------------------------------------------------------------
Performs final model parameters optimization
Estimate model parameters (epsilon = 0.010)
1. Initial log-likelihood: -511.310
Optimal log-likelihood: -511.310
Gamma shape alpha: 1.336
Parameters optimization took 1 rounds (0.001 sec)
BEST SCORE FOUND : -511.310
Total tree length: 4.490

Total number of iterations: 102
CPU time used for tree search: 0.693 sec (0h:0m:0s)
Wall-clock time used for tree search: 0.706 sec (0h:0m:0s)
Total CPU time used: 0.720 sec (0h:0m:0s)
Total wall-clock time used: 0.748 sec (0h:0m:0s)

===> START BOOTSTRAP REPLICATE NUMBER 36

Creating bootstrap alignment (seed: 788505)...
WARNING: States(s) N, E, I, K, M, T, W, Y rarely appear in alignment and may cause numerical problems

Create initial parsimony tree by phylogenetic likelihood library (PLL)... 0.000 seconds
Reading model parameters from file /Users/mful870/Desktop/MD_3di_Dev_02Oct24/Scriptorum/SubstitutionMatrix/3di_substmat

NOTE: 0 MB RAM (0 GB) is required!
Estimate model parameters (epsilon = 0.100)
1. Initial log-likelihood: -638.998
2. Current log-likelihood: -617.128
3. Current log-likelihood: -616.595
Optimal log-likelihood: -616.535
Gamma shape alpha: 2.260
Parameters optimization took 3 rounds (0.007 sec)
Computing ML distances based on estimated model parameters... 0.008 sec
Computing BIONJ tree...
0.007 seconds
Log-likelihood of BIONJ tree: -616.107
--------------------------------------------------------------------
|             INITIALIZING CANDIDATE TREE SET                      |
--------------------------------------------------------------------
Generating 98 parsimony trees... 0.013 second
Computing log-likelihood of 56 initial trees ... 0.044 seconds
Current best score: -612.901

Do NNI search on 20 best initial trees
Estimate model parameters (epsilon = 0.100)
BETTER TREE FOUND at iteration 1: -612.703
Iteration 10 / LogL: -612.703 / Time: 0h:0m:0s
UPDATE BEST LOG-LIKELIHOOD: -612.702
Iteration 20 / LogL: -612.728 / Time: 0h:0m:0s
Finish initializing candidate tree set (2)
Current best tree score: -612.702 / CPU time: 0.148
Number of iterations: 20
--------------------------------------------------------------------
|               OPTIMIZING CANDIDATE TREE SET                      |
--------------------------------------------------------------------
Iteration 30 / LogL: -612.710 / Time: 0h:0m:0s (0h:0m:0s left)
Iteration 40 / LogL: -615.289 / Time: 0h:0m:0s (0h:0m:0s left)
UPDATE BEST LOG-LIKELIHOOD: -612.702
Iteration 50 / LogL: -615.289 / Time: 0h:0m:0s (0h:0m:0s left)
Iteration 60 / LogL: -612.898 / Time: 0h:0m:0s (0h:0m:0s left)
UPDATE BEST LOG-LIKELIHOOD: -612.702
UPDATE BEST LOG-LIKELIHOOD: -612.702
Iteration 70 / LogL: -615.289 / Time: 0h:0m:0s (0h:0m:0s left)
Iteration 80 / LogL: -612.746 / Time: 0h:0m:0s (0h:0m:0s left)
UPDATE BEST LOG-LIKELIHOOD: -612.702
Iteration 90 / LogL: -612.704 / Time: 0h:0m:0s (0h:0m:0s left)
UPDATE BEST LOG-LIKELIHOOD: -612.702
Iteration 100 / LogL: -612.720 / Time: 0h:0m:0s (0h:0m:0s left)
UPDATE BEST LOG-LIKELIHOOD: -612.702
TREE SEARCH COMPLETED AFTER 102 ITERATIONS / Time: 0h:0m:0s

--------------------------------------------------------------------
|                    FINALIZING TREE SEARCH                        |
--------------------------------------------------------------------
Performs final model parameters optimization
Estimate model parameters (epsilon = 0.010)
1. Initial log-likelihood: -612.702
Optimal log-likelihood: -612.700
Gamma shape alpha: 3.140
Parameters optimization took 1 rounds (0.002 sec)
BEST SCORE FOUND : -612.700
Total tree length: 2.501

Total number of iterations: 102
CPU time used for tree search: 0.454 sec (0h:0m:0s)
Wall-clock time used for tree search: 0.481 sec (0h:0m:0s)
Total CPU time used: 0.478 sec (0h:0m:0s)
Total wall-clock time used: 0.520 sec (0h:0m:0s)

===> START BOOTSTRAP REPLICATE NUMBER 37

Creating bootstrap alignment (seed: 788506)...
WARNING: States(s) N, E, I, K, M, T, W, Y rarely appear in alignment and may cause numerical problems

Create initial parsimony tree by phylogenetic likelihood library (PLL)... 0.000 seconds
Reading model parameters from file /Users/mful870/Desktop/MD_3di_Dev_02Oct24/Scriptorum/SubstitutionMatrix/3di_substmat

NOTE: 0 MB RAM (0 GB) is required!
Estimate model parameters (epsilon = 0.100)
1. Initial log-likelihood: -502.584
2. Current log-likelihood: -491.114
3. Current log-likelihood: -490.928
Optimal log-likelihood: -490.896
Gamma shape alpha: 1.599
Parameters optimization took 3 rounds (0.007 sec)
Computing ML distances based on estimated model parameters... 0.008 sec
Computing BIONJ tree...
0.007 seconds
Log-likelihood of BIONJ tree: -492.692
--------------------------------------------------------------------
|             INITIALIZING CANDIDATE TREE SET                      |
--------------------------------------------------------------------
Generating 98 parsimony trees... 0.013 second
Computing log-likelihood of 48 initial trees ... 0.035 seconds
Current best score: -490.896

Do NNI search on 20 best initial trees
Estimate model parameters (epsilon = 0.100)
BETTER TREE FOUND at iteration 1: -490.894
UPDATE BEST LOG-LIKELIHOOD: -490.894
BETTER TREE FOUND at iteration 3: -490.894
UPDATE BEST LOG-LIKELIHOOD: -490.894
UPDATE BEST LOG-LIKELIHOOD: -490.894
Iteration 10 / LogL: -490.894 / Time: 0h:0m:0s
UPDATE BEST LOG-LIKELIHOOD: -490.894
UPDATE BEST LOG-LIKELIHOOD: -490.894
Iteration 20 / LogL: -490.894 / Time: 0h:0m:0s
Finish initializing candidate tree set (2)
Current best tree score: -490.894 / CPU time: 0.136
Number of iterations: 20
--------------------------------------------------------------------
|               OPTIMIZING CANDIDATE TREE SET                      |
--------------------------------------------------------------------
UPDATE BEST LOG-LIKELIHOOD: -490.894
UPDATE BEST LOG-LIKELIHOOD: -490.894
UPDATE BEST LOG-LIKELIHOOD: -490.894
Iteration 30 / LogL: -490.894 / Time: 0h:0m:0s (0h:0m:0s left)
UPDATE BEST LOG-LIKELIHOOD: -490.894
UPDATE BEST LOG-LIKELIHOOD: -490.894
Iteration 40 / LogL: -490.894 / Time: 0h:0m:0s (0h:0m:0s left)
Iteration 50 / LogL: -490.894 / Time: 0h:0m:0s (0h:0m:0s left)
Iteration 60 / LogL: -490.894 / Time: 0h:0m:0s (0h:0m:0s left)
Iteration 70 / LogL: -490.894 / Time: 0h:0m:0s (0h:0m:0s left)
Iteration 80 / LogL: -490.894 / Time: 0h:0m:0s (0h:0m:0s left)
Iteration 90 / LogL: -490.894 / Time: 0h:0m:0s (0h:0m:0s left)
Iteration 100 / LogL: -490.894 / Time: 0h:0m:0s (0h:0m:0s left)
TREE SEARCH COMPLETED AFTER 104 ITERATIONS / Time: 0h:0m:0s

--------------------------------------------------------------------
|                    FINALIZING TREE SEARCH                        |
--------------------------------------------------------------------
Performs final model parameters optimization
Estimate model parameters (epsilon = 0.010)
1. Initial log-likelihood: -490.894
Optimal log-likelihood: -490.893
Gamma shape alpha: 1.663
Parameters optimization took 1 rounds (0.001 sec)
BEST SCORE FOUND : -490.893
Total tree length: 2.168

Total number of iterations: 104
CPU time used for tree search: 0.446 sec (0h:0m:0s)
Wall-clock time used for tree search: 0.472 sec (0h:0m:0s)
Total CPU time used: 0.469 sec (0h:0m:0s)
Total wall-clock time used: 0.510 sec (0h:0m:0s)

===> START BOOTSTRAP REPLICATE NUMBER 38

Creating bootstrap alignment (seed: 788507)...
WARNING: States(s) A, N, E, G, I, K, M, F, T, W, Y rarely appear in alignment and may cause numerical problems

Create initial parsimony tree by phylogenetic likelihood library (PLL)... 0.000 seconds
Reading model parameters from file /Users/mful870/Desktop/MD_3di_Dev_02Oct24/Scriptorum/SubstitutionMatrix/3di_substmat

NOTE: 0 MB RAM (0 GB) is required!
Estimate model parameters (epsilon = 0.100)
1. Initial log-likelihood: -537.774
2. Current log-likelihood: -521.447
3. Current log-likelihood: -521.277
Optimal log-likelihood: -521.221
Gamma shape alpha: 1.431
Parameters optimization took 3 rounds (0.006 sec)
Computing ML distances based on estimated model parameters... 0.009 sec
Computing BIONJ tree...
0.007 seconds
Log-likelihood of BIONJ tree: -529.312
--------------------------------------------------------------------
|             INITIALIZING CANDIDATE TREE SET                      |
--------------------------------------------------------------------
Generating 98 parsimony trees... 0.013 second
Computing log-likelihood of 58 initial trees ... 0.043 seconds
Current best score: -521.221

Do NNI search on 20 best initial trees
Estimate model parameters (epsilon = 0.100)
BETTER TREE FOUND at iteration 1: -521.213
UPDATE BEST LOG-LIKELIHOOD: -521.213
Iteration 10 / LogL: -521.213 / Time: 0h:0m:0s
UPDATE BEST LOG-LIKELIHOOD: -521.213
UPDATE BEST LOG-LIKELIHOOD: -521.213
Iteration 20 / LogL: -521.213 / Time: 0h:0m:0s
Finish initializing candidate tree set (3)
Current best tree score: -521.213 / CPU time: 0.177
Number of iterations: 20
--------------------------------------------------------------------
|               OPTIMIZING CANDIDATE TREE SET                      |
--------------------------------------------------------------------
UPDATE BEST LOG-LIKELIHOOD: -521.213
UPDATE BEST LOG-LIKELIHOOD: -521.213
Iteration 30 / LogL: -521.213 / Time: 0h:0m:0s (0h:0m:0s left)
UPDATE BEST LOG-LIKELIHOOD: -521.213
Iteration 40 / LogL: -521.215 / Time: 0h:0m:0s (0h:0m:0s left)
UPDATE BEST LOG-LIKELIHOOD: -521.213
UPDATE BEST LOG-LIKELIHOOD: -521.213
UPDATE BEST LOG-LIKELIHOOD: -521.213
UPDATE BEST LOG-LIKELIHOOD: -521.213
Iteration 50 / LogL: -521.213 / Time: 0h:0m:0s (0h:0m:0s left)
UPDATE BEST LOG-LIKELIHOOD: -521.213
Iteration 60 / LogL: -521.213 / Time: 0h:0m:0s (0h:0m:0s left)
Iteration 70 / LogL: -521.514 / Time: 0h:0m:0s (0h:0m:0s left)
Iteration 80 / LogL: -521.213 / Time: 0h:0m:0s (0h:0m:0s left)
Iteration 90 / LogL: -521.494 / Time: 0h:0m:0s (0h:0m:0s left)
Iteration 100 / LogL: -521.213 / Time: 0h:0m:0s (0h:0m:0s left)
TREE SEARCH COMPLETED AFTER 102 ITERATIONS / Time: 0h:0m:0s

--------------------------------------------------------------------
|                    FINALIZING TREE SEARCH                        |
--------------------------------------------------------------------
Performs final model parameters optimization
Estimate model parameters (epsilon = 0.010)
1. Initial log-likelihood: -521.213
Optimal log-likelihood: -521.212
Gamma shape alpha: 1.505
Parameters optimization took 1 rounds (0.001 sec)
BEST SCORE FOUND : -521.212
Total tree length: 2.838

Total number of iterations: 102
CPU time used for tree search: 0.503 sec (0h:0m:0s)
Wall-clock time used for tree search: 0.538 sec (0h:0m:0s)
Total CPU time used: 0.525 sec (0h:0m:0s)
Total wall-clock time used: 0.575 sec (0h:0m:0s)

===> START BOOTSTRAP REPLICATE NUMBER 39

Creating bootstrap alignment (seed: 788508)...
WARNING: States(s) N, E, I, K, M, T, W, Y rarely appear in alignment and may cause numerical problems

Create initial parsimony tree by phylogenetic likelihood library (PLL)... 0.000 seconds
Reading model parameters from file /Users/mful870/Desktop/MD_3di_Dev_02Oct24/Scriptorum/SubstitutionMatrix/3di_substmat

NOTE: 0 MB RAM (0 GB) is required!
Estimate model parameters (epsilon = 0.100)
1. Initial log-likelihood: -529.532
2. Current log-likelihood: -507.781
3. Current log-likelihood: -507.430
Optimal log-likelihood: -507.403
Gamma shape alpha: 0.944
Parameters optimization took 3 rounds (0.005 sec)
Computing ML distances based on estimated model parameters... 0.013 sec
WARNING: Some pairwise ML distances are too long (saturated)
Computing BIONJ tree...
0.007 seconds
Log-likelihood of BIONJ tree: -508.211
--------------------------------------------------------------------
|             INITIALIZING CANDIDATE TREE SET                      |
--------------------------------------------------------------------
Generating 98 parsimony trees... 0.013 second
Computing log-likelihood of 47 initial trees ... 0.035 seconds
Current best score: -507.403

Do NNI search on 20 best initial trees
Estimate model parameters (epsilon = 0.100)
BETTER TREE FOUND at iteration 1: -507.392
Iteration 10 / LogL: -507.395 / Time: 0h:0m:0s
Iteration 20 / LogL: -507.407 / Time: 0h:0m:0s
Finish initializing candidate tree set (1)
Current best tree score: -507.392 / CPU time: 0.142
Number of iterations: 20
--------------------------------------------------------------------
|               OPTIMIZING CANDIDATE TREE SET                      |
--------------------------------------------------------------------
UPDATE BEST LOG-LIKELIHOOD: -507.391
UPDATE BEST LOG-LIKELIHOOD: -507.391
Iteration 30 / LogL: -507.391 / Time: 0h:0m:0s (0h:0m:0s left)
Iteration 40 / LogL: -507.417 / Time: 0h:0m:0s (0h:0m:0s left)
UPDATE BEST LOG-LIKELIHOOD: -507.390
UPDATE BEST LOG-LIKELIHOOD: -507.390
Iteration 50 / LogL: -507.401 / Time: 0h:0m:0s (0h:0m:0s left)
UPDATE BEST LOG-LIKELIHOOD: -507.390
Iteration 60 / LogL: -507.390 / Time: 0h:0m:0s (0h:0m:0s left)
UPDATE BEST LOG-LIKELIHOOD: -507.390
UPDATE BEST LOG-LIKELIHOOD: -507.389
Iteration 70 / LogL: -507.401 / Time: 0h:0m:0s (0h:0m:0s left)
UPDATE BEST LOG-LIKELIHOOD: -507.389
Iteration 80 / LogL: -507.389 / Time: 0h:0m:0s (0h:0m:0s left)
UPDATE BEST LOG-LIKELIHOOD: -507.389
Iteration 90 / LogL: -507.389 / Time: 0h:0m:0s (0h:0m:0s left)
Iteration 100 / LogL: -507.395 / Time: 0h:0m:0s (0h:0m:0s left)
TREE SEARCH COMPLETED AFTER 102 ITERATIONS / Time: 0h:0m:0s

--------------------------------------------------------------------
|                    FINALIZING TREE SEARCH                        |
--------------------------------------------------------------------
Performs final model parameters optimization
Estimate model parameters (epsilon = 0.010)
1. Initial log-likelihood: -507.389
Optimal log-likelihood: -507.383
Gamma shape alpha: 0.903
Parameters optimization took 1 rounds (0.001 sec)
BEST SCORE FOUND : -507.383
Total tree length: 5.190

Total number of iterations: 102
CPU time used for tree search: 0.506 sec (0h:0m:0s)
Wall-clock time used for tree search: 0.544 sec (0h:0m:0s)
Total CPU time used: 0.533 sec (0h:0m:0s)
Total wall-clock time used: 0.586 sec (0h:0m:0s)

===> START BOOTSTRAP REPLICATE NUMBER 40

Creating bootstrap alignment (seed: 788509)...
WARNING: States(s) A, N, E, I, K, M, F, T, W, Y rarely appear in alignment and may cause numerical problems

Create initial parsimony tree by phylogenetic likelihood library (PLL)... 0.000 seconds
Reading model parameters from file /Users/mful870/Desktop/MD_3di_Dev_02Oct24/Scriptorum/SubstitutionMatrix/3di_substmat

NOTE: 0 MB RAM (0 GB) is required!
Estimate model parameters (epsilon = 0.100)
1. Initial log-likelihood: -598.465
2. Current log-likelihood: -569.371
Optimal log-likelihood: -569.305
Gamma shape alpha: 1.157
Parameters optimization took 2 rounds (0.004 sec)
Computing ML distances based on estimated model parameters... 0.010 sec
Computing BIONJ tree...
0.007 seconds
Log-likelihood of BIONJ tree: -567.224
--------------------------------------------------------------------
|             INITIALIZING CANDIDATE TREE SET                      |
--------------------------------------------------------------------
Generating 98 parsimony trees... 0.013 second
Computing log-likelihood of 73 initial trees ... 0.058 seconds
Current best score: -565.104

Do NNI search on 20 best initial trees
Estimate model parameters (epsilon = 0.100)
BETTER TREE FOUND at iteration 1: -564.663
UPDATE BEST LOG-LIKELIHOOD: -564.662
UPDATE BEST LOG-LIKELIHOOD: -564.662
Iteration 10 / LogL: -565.465 / Time: 0h:0m:0s
WARNING: NNI search needs unusual large number of steps (7) to converge!
UPDATE BEST LOG-LIKELIHOOD: -564.661
UPDATE BEST LOG-LIKELIHOOD: -564.661
Iteration 20 / LogL: -564.661 / Time: 0h:0m:0s
Finish initializing candidate tree set (6)
Current best tree score: -564.661 / CPU time: 0.198
Number of iterations: 20
--------------------------------------------------------------------
|               OPTIMIZING CANDIDATE TREE SET                      |
--------------------------------------------------------------------
UPDATE BEST LOG-LIKELIHOOD: -564.660
UPDATE BEST LOG-LIKELIHOOD: -564.660
Iteration 30 / LogL: -564.752 / Time: 0h:0m:0s (0h:0m:0s left)
Iteration 40 / LogL: -564.689 / Time: 0h:0m:0s (0h:0m:0s left)
WARNING: NNI search needs unusual large number of steps (7) to converge!
Iteration 50 / LogL: -566.607 / Time: 0h:0m:0s (0h:0m:0s left)
UPDATE BEST LOG-LIKELIHOOD: -564.660
Iteration 60 / LogL: -564.766 / Time: 0h:0m:0s (0h:0m:0s left)
UPDATE BEST LOG-LIKELIHOOD: -564.660
Iteration 70 / LogL: -565.465 / Time: 0h:0m:0s (0h:0m:0s left)
Iteration 80 / LogL: -565.465 / Time: 0h:0m:0s (0h:0m:0s left)
UPDATE BEST LOG-LIKELIHOOD: -564.659
Iteration 90 / LogL: -565.466 / Time: 0h:0m:0s (0h:0m:0s left)
UPDATE BEST LOG-LIKELIHOOD: -564.659
Iteration 100 / LogL: -565.465 / Time: 0h:0m:0s (0h:0m:0s left)
TREE SEARCH COMPLETED AFTER 102 ITERATIONS / Time: 0h:0m:0s

--------------------------------------------------------------------
|                    FINALIZING TREE SEARCH                        |
--------------------------------------------------------------------
Performs final model parameters optimization
Estimate model parameters (epsilon = 0.010)
1. Initial log-likelihood: -564.659
Optimal log-likelihood: -564.649
Gamma shape alpha: 1.683
Parameters optimization took 1 rounds (0.002 sec)
BEST SCORE FOUND : -564.649
Total tree length: 3.688

Total number of iterations: 102
CPU time used for tree search: 0.607 sec (0h:0m:0s)
Wall-clock time used for tree search: 0.639 sec (0h:0m:0s)
Total CPU time used: 0.629 sec (0h:0m:0s)
Total wall-clock time used: 0.676 sec (0h:0m:0s)

===> START BOOTSTRAP REPLICATE NUMBER 41

Creating bootstrap alignment (seed: 788510)...
WARNING: States(s) A, N, E, I, K, M, F, T, W, Y rarely appear in alignment and may cause numerical problems

Create initial parsimony tree by phylogenetic likelihood library (PLL)... 0.000 seconds
Reading model parameters from file /Users/mful870/Desktop/MD_3di_Dev_02Oct24/Scriptorum/SubstitutionMatrix/3di_substmat

NOTE: 0 MB RAM (0 GB) is required!
Estimate model parameters (epsilon = 0.100)
1. Initial log-likelihood: -572.253
2. Current log-likelihood: -552.698
3. Current log-likelihood: -551.015
4. Current log-likelihood: -550.649
5. Current log-likelihood: -550.537
Optimal log-likelihood: -550.474
Gamma shape alpha: 4.874
Parameters optimization took 5 rounds (0.011 sec)
Computing ML distances based on estimated model parameters... 0.009 sec
Computing BIONJ tree...
0.007 seconds
Log-likelihood of BIONJ tree: -550.464
--------------------------------------------------------------------
|             INITIALIZING CANDIDATE TREE SET                      |
--------------------------------------------------------------------
Generating 98 parsimony trees... 0.013 second
Computing log-likelihood of 68 initial trees ... 0.053 seconds
Current best score: -550.461

Do NNI search on 20 best initial trees
Estimate model parameters (epsilon = 0.100)
BETTER TREE FOUND at iteration 1: -550.340
UPDATE BEST LOG-LIKELIHOOD: -550.339
Iteration 10 / LogL: -550.341 / Time: 0h:0m:0s
WARNING: NNI search needs unusual large number of steps (7) to converge!
Iteration 20 / LogL: -550.340 / Time: 0h:0m:0s
Finish initializing candidate tree set (6)
Current best tree score: -550.339 / CPU time: 0.253
Number of iterations: 20
--------------------------------------------------------------------
|               OPTIMIZING CANDIDATE TREE SET                      |
--------------------------------------------------------------------
UPDATE BEST LOG-LIKELIHOOD: -550.339
Iteration 30 / LogL: -550.340 / Time: 0h:0m:0s (0h:0m:0s left)
UPDATE BEST LOG-LIKELIHOOD: -550.339
WARNING: NNI search needs unusual large number of steps (7) to converge!
WARNING: NNI search needs unusual large number of steps (7) to converge!
Iteration 40 / LogL: -550.340 / Time: 0h:0m:0s (0h:0m:0s left)
WARNING: NNI search needs unusual large number of steps (7) to converge!
UPDATE BEST LOG-LIKELIHOOD: -550.339
WARNING: NNI search needs unusual large number of steps (7) to converge!
Iteration 50 / LogL: -552.684 / Time: 0h:0m:0s (0h:0m:0s left)
WARNING: NNI search needs unusual large number of steps (7) to converge!
UPDATE BEST LOG-LIKELIHOOD: -550.339
UPDATE BEST LOG-LIKELIHOOD: -550.339
Iteration 60 / LogL: -552.684 / Time: 0h:0m:0s (0h:0m:0s left)
WARNING: NNI search needs unusual large number of steps (7) to converge!
WARNING: NNI search needs unusual large number of steps (7) to converge!
UPDATE BEST LOG-LIKELIHOOD: -550.339
Iteration 70 / LogL: -552.683 / Time: 0h:0m:0s (0h:0m:0s left)
WARNING: NNI search needs unusual large number of steps (7) to converge!
WARNING: NNI search needs unusual large number of steps (7) to converge!
Iteration 80 / LogL: -550.348 / Time: 0h:0m:0s (0h:0m:0s left)
WARNING: NNI search needs unusual large number of steps (7) to converge!
WARNING: NNI search needs unusual large number of steps (7) to converge!
Iteration 90 / LogL: -550.340 / Time: 0h:0m:0s (0h:0m:0s left)
WARNING: NNI search needs unusual large number of steps (7) to converge!
WARNING: NNI search needs unusual large number of steps (7) to converge!
WARNING: NNI search needs unusual large number of steps (7) to converge!
Iteration 100 / LogL: -550.340 / Time: 0h:0m:0s (0h:0m:0s left)
WARNING: NNI search needs unusual large number of steps (7) to converge!
TREE SEARCH COMPLETED AFTER 102 ITERATIONS / Time: 0h:0m:0s

--------------------------------------------------------------------
|                    FINALIZING TREE SEARCH                        |
--------------------------------------------------------------------
Performs final model parameters optimization
Estimate model parameters (epsilon = 0.010)
1. Initial log-likelihood: -550.339
Optimal log-likelihood: -550.336
Gamma shape alpha: 6.019
Parameters optimization took 1 rounds (0.002 sec)
BEST SCORE FOUND : -550.336
Total tree length: 2.485

Total number of iterations: 102
CPU time used for tree search: 0.809 sec (0h:0m:0s)
Wall-clock time used for tree search: 0.841 sec (0h:0m:0s)
Total CPU time used: 0.841 sec (0h:0m:0s)
Total wall-clock time used: 0.886 sec (0h:0m:0s)

===> START BOOTSTRAP REPLICATE NUMBER 42

Creating bootstrap alignment (seed: 788511)...
WARNING: States(s) A, N, E, I, K, M, F, T, W, Y rarely appear in alignment and may cause numerical problems

Create initial parsimony tree by phylogenetic likelihood library (PLL)... 0.000 seconds
Reading model parameters from file /Users/mful870/Desktop/MD_3di_Dev_02Oct24/Scriptorum/SubstitutionMatrix/3di_substmat

NOTE: 0 MB RAM (0 GB) is required!
Estimate model parameters (epsilon = 0.100)
1. Initial log-likelihood: -541.159
2. Current log-likelihood: -525.112
3. Current log-likelihood: -524.720
Optimal log-likelihood: -524.636
Gamma shape alpha: 0.684
Parameters optimization took 3 rounds (0.007 sec)
Computing ML distances based on estimated model parameters... 0.010 sec
Computing BIONJ tree...
0.007 seconds
Log-likelihood of BIONJ tree: -527.909
--------------------------------------------------------------------
|             INITIALIZING CANDIDATE TREE SET                      |
--------------------------------------------------------------------
Generating 98 parsimony trees... 0.013 second
Computing log-likelihood of 49 initial trees ... 0.040 seconds
Current best score: -523.034

Do NNI search on 20 best initial trees
Estimate model parameters (epsilon = 0.100)
BETTER TREE FOUND at iteration 1: -522.961
BETTER TREE FOUND at iteration 2: -522.960
UPDATE BEST LOG-LIKELIHOOD: -522.960
Iteration 10 / LogL: -522.961 / Time: 0h:0m:0s
UPDATE BEST LOG-LIKELIHOOD: -522.960
UPDATE BEST LOG-LIKELIHOOD: -522.960
Iteration 20 / LogL: -522.960 / Time: 0h:0m:0s
Finish initializing candidate tree set (2)
Current best tree score: -522.960 / CPU time: 0.200
Number of iterations: 20
--------------------------------------------------------------------
|               OPTIMIZING CANDIDATE TREE SET                      |
--------------------------------------------------------------------
UPDATE BEST LOG-LIKELIHOOD: -522.960
UPDATE BEST LOG-LIKELIHOOD: -522.960
Iteration 30 / LogL: -522.960 / Time: 0h:0m:0s (0h:0m:0s left)
UPDATE BEST LOG-LIKELIHOOD: -522.960
UPDATE BEST LOG-LIKELIHOOD: -522.960
Iteration 40 / LogL: -522.960 / Time: 0h:0m:0s (0h:0m:0s left)
UPDATE BEST LOG-LIKELIHOOD: -522.960
Iteration 50 / LogL: -524.372 / Time: 0h:0m:0s (0h:0m:0s left)
Iteration 60 / LogL: -524.372 / Time: 0h:0m:0s (0h:0m:0s left)
Iteration 70 / LogL: -522.961 / Time: 0h:0m:0s (0h:0m:0s left)
WARNING: NNI search needs unusual large number of steps (7) to converge!
Iteration 80 / LogL: -522.960 / Time: 0h:0m:0s (0h:0m:0s left)
WARNING: NNI search needs unusual large number of steps (7) to converge!
Iteration 90 / LogL: -522.961 / Time: 0h:0m:0s (0h:0m:0s left)
WARNING: NNI search needs unusual large number of steps (7) to converge!
Iteration 100 / LogL: -522.961 / Time: 0h:0m:0s (0h:0m:0s left)
TREE SEARCH COMPLETED AFTER 103 ITERATIONS / Time: 0h:0m:0s

--------------------------------------------------------------------
|                    FINALIZING TREE SEARCH                        |
--------------------------------------------------------------------
Performs final model parameters optimization
Estimate model parameters (epsilon = 0.010)
1. Initial log-likelihood: -522.960
Optimal log-likelihood: -522.958
Gamma shape alpha: 0.643
Parameters optimization took 1 rounds (0.001 sec)
BEST SCORE FOUND : -522.958
Total tree length: 3.671

Total number of iterations: 103
CPU time used for tree search: 0.660 sec (0h:0m:0s)
Wall-clock time used for tree search: 0.714 sec (0h:0m:0s)
Total CPU time used: 0.685 sec (0h:0m:0s)
Total wall-clock time used: 0.756 sec (0h:0m:0s)

===> START BOOTSTRAP REPLICATE NUMBER 43

Creating bootstrap alignment (seed: 788512)...
WARNING: States(s) N, E, G, I, K, M, T, W, Y rarely appear in alignment and may cause numerical problems

Create initial parsimony tree by phylogenetic likelihood library (PLL)... 0.000 seconds
Reading model parameters from file /Users/mful870/Desktop/MD_3di_Dev_02Oct24/Scriptorum/SubstitutionMatrix/3di_substmat

NOTE: 0 MB RAM (0 GB) is required!
Estimate model parameters (epsilon = 0.100)
1. Initial log-likelihood: -574.326
2. Current log-likelihood: -552.081
3. Current log-likelihood: -551.856
Optimal log-likelihood: -551.682
Gamma shape alpha: 0.856
Parameters optimization took 3 rounds (0.006 sec)
Computing ML distances based on estimated model parameters... 0.014 sec
WARNING: Some pairwise ML distances are too long (saturated)
Computing BIONJ tree...
0.007 seconds
Log-likelihood of BIONJ tree: -555.086
--------------------------------------------------------------------
|             INITIALIZING CANDIDATE TREE SET                      |
--------------------------------------------------------------------
Generating 98 parsimony trees... 0.013 second
Computing log-likelihood of 72 initial trees ... 0.055 seconds
Current best score: -550.790

Do NNI search on 20 best initial trees
Estimate model parameters (epsilon = 0.100)
BETTER TREE FOUND at iteration 1: -549.586
Iteration 10 / LogL: -550.827 / Time: 0h:0m:0s
Iteration 20 / LogL: -551.399 / Time: 0h:0m:0s
Finish initializing candidate tree set (6)
Current best tree score: -549.586 / CPU time: 0.158
Number of iterations: 20
--------------------------------------------------------------------
|               OPTIMIZING CANDIDATE TREE SET                      |
--------------------------------------------------------------------
Iteration 30 / LogL: -550.435 / Time: 0h:0m:0s (0h:0m:0s left)
Iteration 40 / LogL: -549.696 / Time: 0h:0m:0s (0h:0m:0s left)
Iteration 50 / LogL: -550.886 / Time: 0h:0m:0s (0h:0m:0s left)
Iteration 60 / LogL: -550.884 / Time: 0h:0m:0s (0h:0m:0s left)
Iteration 70 / LogL: -550.834 / Time: 0h:0m:0s (0h:0m:0s left)
Iteration 80 / LogL: -550.884 / Time: 0h:0m:0s (0h:0m:0s left)
Iteration 90 / LogL: -549.828 / Time: 0h:0m:0s (0h:0m:0s left)
Iteration 100 / LogL: -550.824 / Time: 0h:0m:0s (0h:0m:0s left)
TREE SEARCH COMPLETED AFTER 102 ITERATIONS / Time: 0h:0m:0s

--------------------------------------------------------------------
|                    FINALIZING TREE SEARCH                        |
--------------------------------------------------------------------
Performs final model parameters optimization
Estimate model parameters (epsilon = 0.010)
1. Initial log-likelihood: -549.586
Optimal log-likelihood: -549.585
Gamma shape alpha: 0.867
Parameters optimization took 1 rounds (0.001 sec)
BEST SCORE FOUND : -549.585
Total tree length: 6.131

Total number of iterations: 102
CPU time used for tree search: 0.488 sec (0h:0m:0s)
Wall-clock time used for tree search: 0.497 sec (0h:0m:0s)
Total CPU time used: 0.516 sec (0h:0m:0s)
Total wall-clock time used: 0.539 sec (0h:0m:0s)

===> START BOOTSTRAP REPLICATE NUMBER 44

Creating bootstrap alignment (seed: 788513)...
WARNING: States(s) N, E, I, K, M, T, W, Y rarely appear in alignment and may cause numerical problems

Create initial parsimony tree by phylogenetic likelihood library (PLL)... 0.000 seconds
Reading model parameters from file /Users/mful870/Desktop/MD_3di_Dev_02Oct24/Scriptorum/SubstitutionMatrix/3di_substmat

NOTE: 0 MB RAM (0 GB) is required!
Estimate model parameters (epsilon = 0.100)
1. Initial log-likelihood: -578.112
2. Current log-likelihood: -563.693
Optimal log-likelihood: -563.603
Gamma shape alpha: 1.248
Parameters optimization took 2 rounds (0.003 sec)
Computing ML distances based on estimated model parameters... 0.009 sec
Computing BIONJ tree...
0.007 seconds
Log-likelihood of BIONJ tree: -563.817
--------------------------------------------------------------------
|             INITIALIZING CANDIDATE TREE SET                      |
--------------------------------------------------------------------
Generating 98 parsimony trees... 0.013 second
Computing log-likelihood of 49 initial trees ... 0.037 seconds
Current best score: -563.603

Do NNI search on 20 best initial trees
Estimate model parameters (epsilon = 0.100)
BETTER TREE FOUND at iteration 1: -563.592
BETTER TREE FOUND at iteration 2: -563.589
Iteration 10 / LogL: -563.590 / Time: 0h:0m:0s
UPDATE BEST LOG-LIKELIHOOD: -563.589
UPDATE BEST LOG-LIKELIHOOD: -563.589
Iteration 20 / LogL: -563.592 / Time: 0h:0m:0s
Finish initializing candidate tree set (4)
Current best tree score: -563.589 / CPU time: 0.149
Number of iterations: 20
--------------------------------------------------------------------
|               OPTIMIZING CANDIDATE TREE SET                      |
--------------------------------------------------------------------
Iteration 30 / LogL: -563.822 / Time: 0h:0m:0s (0h:0m:0s left)
WARNING: NNI search needs unusual large number of steps (7) to converge!
Iteration 40 / LogL: -563.592 / Time: 0h:0m:0s (0h:0m:0s left)
Iteration 50 / LogL: -563.592 / Time: 0h:0m:0s (0h:0m:0s left)
UPDATE BEST LOG-LIKELIHOOD: -563.589
Iteration 60 / LogL: -563.589 / Time: 0h:0m:0s (0h:0m:0s left)
Iteration 70 / LogL: -563.822 / Time: 0h:0m:0s (0h:0m:0s left)
Iteration 80 / LogL: -563.592 / Time: 0h:0m:0s (0h:0m:0s left)
Iteration 90 / LogL: -563.822 / Time: 0h:0m:0s (0h:0m:0s left)
UPDATE BEST LOG-LIKELIHOOD: -563.589
Iteration 100 / LogL: -563.589 / Time: 0h:0m:0s (0h:0m:0s left)
TREE SEARCH COMPLETED AFTER 103 ITERATIONS / Time: 0h:0m:0s

--------------------------------------------------------------------
|                    FINALIZING TREE SEARCH                        |
--------------------------------------------------------------------
Performs final model parameters optimization
Estimate model parameters (epsilon = 0.010)
1. Initial log-likelihood: -563.589
Optimal log-likelihood: -563.589
Gamma shape alpha: 1.250
Parameters optimization took 1 rounds (0.001 sec)
BEST SCORE FOUND : -563.589
Total tree length: 2.524

Total number of iterations: 103
CPU time used for tree search: 0.512 sec (0h:0m:0s)
Wall-clock time used for tree search: 0.528 sec (0h:0m:0s)
Total CPU time used: 0.532 sec (0h:0m:0s)
Total wall-clock time used: 0.563 sec (0h:0m:0s)

===> START BOOTSTRAP REPLICATE NUMBER 45

Creating bootstrap alignment (seed: 788514)...
WARNING: States(s) A, N, E, G, I, K, M, F, T, W, Y rarely appear in alignment and may cause numerical problems

Create initial parsimony tree by phylogenetic likelihood library (PLL)... 0.000 seconds
Reading model parameters from file /Users/mful870/Desktop/MD_3di_Dev_02Oct24/Scriptorum/SubstitutionMatrix/3di_substmat

NOTE: 0 MB RAM (0 GB) is required!
Estimate model parameters (epsilon = 0.100)
1. Initial log-likelihood: -505.700
2. Current log-likelihood: -484.476
3. Current log-likelihood: -484.238
Optimal log-likelihood: -484.226
Gamma shape alpha: 1.014
Parameters optimization took 3 rounds (0.005 sec)
Computing ML distances based on estimated model parameters... 0.011 sec
Computing BIONJ tree...
0.007 seconds
Log-likelihood of BIONJ tree: -485.068
--------------------------------------------------------------------
|             INITIALIZING CANDIDATE TREE SET                      |
--------------------------------------------------------------------
Generating 98 parsimony trees... 0.011 second
Computing log-likelihood of 73 initial trees ... 0.055 seconds
Current best score: -483.031

Do NNI search on 20 best initial trees
Estimate model parameters (epsilon = 0.100)
BETTER TREE FOUND at iteration 1: -482.880
UPDATE BEST LOG-LIKELIHOOD: -482.879
Iteration 10 / LogL: -484.250 / Time: 0h:0m:0s
Iteration 20 / LogL: -484.250 / Time: 0h:0m:0s
Finish initializing candidate tree set (6)
Current best tree score: -482.879 / CPU time: 0.178
Number of iterations: 20
--------------------------------------------------------------------
|               OPTIMIZING CANDIDATE TREE SET                      |
--------------------------------------------------------------------
WARNING: NNI search needs unusual large number of steps (7) to converge!
WARNING: NNI search needs unusual large number of steps (7) to converge!
WARNING: NNI search needs unusual large number of steps (7) to converge!
UPDATE BEST LOG-LIKELIHOOD: -482.879
Iteration 30 / LogL: -482.879 / Time: 0h:0m:0s (0h:0m:0s left)
Iteration 40 / LogL: -482.879 / Time: 0h:0m:0s (0h:0m:0s left)
UPDATE BEST LOG-LIKELIHOOD: -482.879
UPDATE BEST LOG-LIKELIHOOD: -482.879
Iteration 50 / LogL: -484.250 / Time: 0h:0m:0s (0h:0m:0s left)
Iteration 60 / LogL: -482.879 / Time: 0h:0m:0s (0h:0m:0s left)
UPDATE BEST LOG-LIKELIHOOD: -482.879
Iteration 70 / LogL: -482.880 / Time: 0h:0m:0s (0h:0m:0s left)
Iteration 80 / LogL: -482.879 / Time: 0h:0m:0s (0h:0m:0s left)
UPDATE BEST LOG-LIKELIHOOD: -482.879
UPDATE BEST LOG-LIKELIHOOD: -482.879
Iteration 90 / LogL: -482.879 / Time: 0h:0m:0s (0h:0m:0s left)
Iteration 100 / LogL: -482.879 / Time: 0h:0m:0s (0h:0m:0s left)
TREE SEARCH COMPLETED AFTER 102 ITERATIONS / Time: 0h:0m:0s

--------------------------------------------------------------------
|                    FINALIZING TREE SEARCH                        |
--------------------------------------------------------------------
Performs final model parameters optimization
Estimate model parameters (epsilon = 0.010)
1. Initial log-likelihood: -482.879
2. Current log-likelihood: -482.868
Optimal log-likelihood: -482.856
Gamma shape alpha: 1.178
Parameters optimization took 2 rounds (0.004 sec)
BEST SCORE FOUND : -482.856
Total tree length: 3.952

Total number of iterations: 102
CPU time used for tree search: 0.540 sec (0h:0m:0s)
Wall-clock time used for tree search: 0.572 sec (0h:0m:0s)
Total CPU time used: 0.566 sec (0h:0m:0s)
Total wall-clock time used: 0.613 sec (0h:0m:0s)

===> START BOOTSTRAP REPLICATE NUMBER 46

Creating bootstrap alignment (seed: 788515)...
WARNING: States(s) N, E, I, K, M, T, W, Y rarely appear in alignment and may cause numerical problems

Create initial parsimony tree by phylogenetic likelihood library (PLL)... 0.000 seconds
Reading model parameters from file /Users/mful870/Desktop/MD_3di_Dev_02Oct24/Scriptorum/SubstitutionMatrix/3di_substmat

NOTE: 0 MB RAM (0 GB) is required!
Estimate model parameters (epsilon = 0.100)
1. Initial log-likelihood: -544.430
2. Current log-likelihood: -523.208
3. Current log-likelihood: -522.732
4. Current log-likelihood: -522.531
Optimal log-likelihood: -522.465
Gamma shape alpha: 2.171
Parameters optimization took 4 rounds (0.009 sec)
Computing ML distances based on estimated model parameters... 0.008 sec
Computing BIONJ tree...
0.007 seconds
Log-likelihood of BIONJ tree: -519.736
--------------------------------------------------------------------
|             INITIALIZING CANDIDATE TREE SET                      |
--------------------------------------------------------------------
Generating 98 parsimony trees... 0.013 second
Computing log-likelihood of 71 initial trees ... 0.055 seconds
Current best score: -517.677

Do NNI search on 20 best initial trees
Estimate model parameters (epsilon = 0.100)
BETTER TREE FOUND at iteration 1: -517.659
BETTER TREE FOUND at iteration 2: -517.659
UPDATE BEST LOG-LIKELIHOOD: -517.659
WARNING: NNI search needs unusual large number of steps (7) to converge!
Iteration 10 / LogL: -517.659 / Time: 0h:0m:0s
WARNING: NNI search needs unusual large number of steps (7) to converge!
Iteration 20 / LogL: -517.659 / Time: 0h:0m:0s
Finish initializing candidate tree set (4)
Current best tree score: -517.659 / CPU time: 0.203
Number of iterations: 20
--------------------------------------------------------------------
|               OPTIMIZING CANDIDATE TREE SET                      |
--------------------------------------------------------------------
UPDATE BEST LOG-LIKELIHOOD: -517.659
UPDATE BEST LOG-LIKELIHOOD: -517.659
Iteration 30 / LogL: -518.571 / Time: 0h:0m:0s (0h:0m:0s left)
WARNING: NNI search needs unusual large number of steps (7) to converge!
Iteration 40 / LogL: -518.571 / Time: 0h:0m:0s (0h:0m:0s left)
UPDATE BEST LOG-LIKELIHOOD: -517.659
WARNING: NNI search needs unusual large number of steps (7) to converge!
UPDATE BEST LOG-LIKELIHOOD: -517.659
Iteration 50 / LogL: -517.659 / Time: 0h:0m:0s (0h:0m:0s left)
UPDATE BEST LOG-LIKELIHOOD: -517.659
Iteration 60 / LogL: -517.659 / Time: 0h:0m:0s (0h:0m:0s left)
WARNING: NNI search needs unusual large number of steps (7) to converge!
WARNING: NNI search needs unusual large number of steps (7) to converge!
WARNING: NNI search needs unusual large number of steps (7) to converge!
UPDATE BEST LOG-LIKELIHOOD: -517.659
Iteration 70 / LogL: -517.659 / Time: 0h:0m:0s (0h:0m:0s left)
Iteration 80 / LogL: -517.659 / Time: 0h:0m:0s (0h:0m:0s left)
Iteration 90 / LogL: -517.659 / Time: 0h:0m:0s (0h:0m:0s left)
UPDATE BEST LOG-LIKELIHOOD: -517.659
Iteration 100 / LogL: -517.659 / Time: 0h:0m:0s (0h:0m:0s left)
TREE SEARCH COMPLETED AFTER 103 ITERATIONS / Time: 0h:0m:0s

--------------------------------------------------------------------
|                    FINALIZING TREE SEARCH                        |
--------------------------------------------------------------------
Performs final model parameters optimization
Estimate model parameters (epsilon = 0.010)
1. Initial log-likelihood: -517.659
Optimal log-likelihood: -517.658
Gamma shape alpha: 2.357
Parameters optimization took 1 rounds (0.002 sec)
BEST SCORE FOUND : -517.658
Total tree length: 2.724

Total number of iterations: 103
CPU time used for tree search: 0.729 sec (0h:0m:0s)
Wall-clock time used for tree search: 0.765 sec (0h:0m:0s)
Total CPU time used: 0.755 sec (0h:0m:0s)
Total wall-clock time used: 0.804 sec (0h:0m:0s)

===> START BOOTSTRAP REPLICATE NUMBER 47

Creating bootstrap alignment (seed: 788516)...
WARNING: States(s) N, E, H, I, K, M, T, W, Y rarely appear in alignment and may cause numerical problems

Create initial parsimony tree by phylogenetic likelihood library (PLL)... 0.000 seconds
Reading model parameters from file /Users/mful870/Desktop/MD_3di_Dev_02Oct24/Scriptorum/SubstitutionMatrix/3di_substmat

NOTE: 0 MB RAM (0 GB) is required!
Estimate model parameters (epsilon = 0.100)
1. Initial log-likelihood: -590.180
2. Current log-likelihood: -563.030
3. Current log-likelihood: -562.788
Optimal log-likelihood: -562.769
Gamma shape alpha: 1.223
Parameters optimization took 3 rounds (0.005 sec)
Computing ML distances based on estimated model parameters... 0.009 sec
Computing BIONJ tree...
0.007 seconds
Log-likelihood of BIONJ tree: -562.373
--------------------------------------------------------------------
|             INITIALIZING CANDIDATE TREE SET                      |
--------------------------------------------------------------------
Generating 98 parsimony trees... 0.013 second
Computing log-likelihood of 72 initial trees ... 0.056 seconds
Current best score: -561.805

Do NNI search on 20 best initial trees
Estimate model parameters (epsilon = 0.100)
BETTER TREE FOUND at iteration 1: -561.743
UPDATE BEST LOG-LIKELIHOOD: -561.743
UPDATE BEST LOG-LIKELIHOOD: -561.743
UPDATE BEST LOG-LIKELIHOOD: -561.743
BETTER TREE FOUND at iteration 7: -561.740
Estimate model parameters (epsilon = 0.100)
UPDATE BEST LOG-LIKELIHOOD: -561.715
Iteration 10 / LogL: -561.715 / Time: 0h:0m:0s
Iteration 20 / LogL: -562.119 / Time: 0h:0m:0s
Finish initializing candidate tree set (6)
Current best tree score: -561.715 / CPU time: 0.178
Number of iterations: 20
--------------------------------------------------------------------
|               OPTIMIZING CANDIDATE TREE SET                      |
--------------------------------------------------------------------
UPDATE BEST LOG-LIKELIHOOD: -561.715
Iteration 30 / LogL: -561.723 / Time: 0h:0m:0s (0h:0m:0s left)
Iteration 40 / LogL: -561.721 / Time: 0h:0m:0s (0h:0m:0s left)
UPDATE BEST LOG-LIKELIHOOD: -561.715
WARNING: NNI search needs unusual large number of steps (7) to converge!
Iteration 50 / LogL: -561.743 / Time: 0h:0m:0s (0h:0m:0s left)
Iteration 60 / LogL: -561.743 / Time: 0h:0m:0s (0h:0m:0s left)
Iteration 70 / LogL: -561.719 / Time: 0h:0m:0s (0h:0m:0s left)
Iteration 80 / LogL: -561.743 / Time: 0h:0m:0s (0h:0m:0s left)
WARNING: NNI search needs unusual large number of steps (7) to converge!
Iteration 90 / LogL: -561.754 / Time: 0h:0m:0s (0h:0m:0s left)
Iteration 100 / LogL: -561.743 / Time: 0h:0m:0s (0h:0m:0s left)
TREE SEARCH COMPLETED AFTER 108 ITERATIONS / Time: 0h:0m:0s

--------------------------------------------------------------------
|                    FINALIZING TREE SEARCH                        |
--------------------------------------------------------------------
Performs final model parameters optimization
Estimate model parameters (epsilon = 0.010)
1. Initial log-likelihood: -561.715
Optimal log-likelihood: -561.715
Gamma shape alpha: 1.244
Parameters optimization took 1 rounds (0.001 sec)
BEST SCORE FOUND : -561.715
Total tree length: 4.452

Total number of iterations: 108
CPU time used for tree search: 0.586 sec (0h:0m:0s)
Wall-clock time used for tree search: 0.598 sec (0h:0m:0s)
Total CPU time used: 0.608 sec (0h:0m:0s)
Total wall-clock time used: 0.635 sec (0h:0m:0s)

===> START BOOTSTRAP REPLICATE NUMBER 48

Creating bootstrap alignment (seed: 788517)...
WARNING: States(s) A, N, E, G, I, K, M, F, T, W, Y rarely appear in alignment and may cause numerical problems

Create initial parsimony tree by phylogenetic likelihood library (PLL)... 0.000 seconds
Reading model parameters from file /Users/mful870/Desktop/MD_3di_Dev_02Oct24/Scriptorum/SubstitutionMatrix/3di_substmat

NOTE: 0 MB RAM (0 GB) is required!
Estimate model parameters (epsilon = 0.100)
1. Initial log-likelihood: -538.550
2. Current log-likelihood: -518.879
3. Current log-likelihood: -518.493
Optimal log-likelihood: -518.436
Gamma shape alpha: 1.376
Parameters optimization took 3 rounds (0.006 sec)
Computing ML distances based on estimated model parameters... 0.009 sec
Computing BIONJ tree...
0.007 seconds
Log-likelihood of BIONJ tree: -519.337
--------------------------------------------------------------------
|             INITIALIZING CANDIDATE TREE SET                      |
--------------------------------------------------------------------
Generating 98 parsimony trees... 0.014 second
Computing log-likelihood of 37 initial trees ... 0.028 seconds
Current best score: -517.065

Do NNI search on 20 best initial trees
Estimate model parameters (epsilon = 0.100)
BETTER TREE FOUND at iteration 1: -516.922
BETTER TREE FOUND at iteration 2: -516.920
UPDATE BEST LOG-LIKELIHOOD: -516.920
UPDATE BEST LOG-LIKELIHOOD: -516.920
Iteration 10 / LogL: -516.920 / Time: 0h:0m:0s
Iteration 20 / LogL: -516.920 / Time: 0h:0m:0s
Finish initializing candidate tree set (4)
Current best tree score: -516.920 / CPU time: 0.175
Number of iterations: 20
--------------------------------------------------------------------
|               OPTIMIZING CANDIDATE TREE SET                      |
--------------------------------------------------------------------
Iteration 30 / LogL: -516.920 / Time: 0h:0m:0s (0h:0m:0s left)
Iteration 40 / LogL: -520.896 / Time: 0h:0m:0s (0h:0m:0s left)
UPDATE BEST LOG-LIKELIHOOD: -516.920
UPDATE BEST LOG-LIKELIHOOD: -516.920
WARNING: NNI search needs unusual large number of steps (7) to converge!
Iteration 50 / LogL: -520.286 / Time: 0h:0m:0s (0h:0m:0s left)
Iteration 60 / LogL: -518.684 / Time: 0h:0m:0s (0h:0m:0s left)
UPDATE BEST LOG-LIKELIHOOD: -516.920
Iteration 70 / LogL: -516.920 / Time: 0h:0m:0s (0h:0m:0s left)
UPDATE BEST LOG-LIKELIHOOD: -516.920
Iteration 80 / LogL: -516.920 / Time: 0h:0m:0s (0h:0m:0s left)
Iteration 90 / LogL: -518.418 / Time: 0h:0m:0s (0h:0m:0s left)
Iteration 100 / LogL: -516.920 / Time: 0h:0m:0s (0h:0m:0s left)
TREE SEARCH COMPLETED AFTER 103 ITERATIONS / Time: 0h:0m:0s

--------------------------------------------------------------------
|                    FINALIZING TREE SEARCH                        |
--------------------------------------------------------------------
Performs final model parameters optimization
Estimate model parameters (epsilon = 0.010)
1. Initial log-likelihood: -516.920
2. Current log-likelihood: -516.900
3. Current log-likelihood: -516.887
Optimal log-likelihood: -516.882
Gamma shape alpha: 1.806
Parameters optimization took 3 rounds (0.005 sec)
BEST SCORE FOUND : -516.882
Total tree length: 2.598

Total number of iterations: 103
CPU time used for tree search: 0.572 sec (0h:0m:0s)
Wall-clock time used for tree search: 0.596 sec (0h:0m:0s)
Total CPU time used: 0.600 sec (0h:0m:0s)
Total wall-clock time used: 0.638 sec (0h:0m:0s)

===> START BOOTSTRAP REPLICATE NUMBER 49

Creating bootstrap alignment (seed: 788518)...
WARNING: States(s) N, E, I, K, M, T, W, Y rarely appear in alignment and may cause numerical problems

Create initial parsimony tree by phylogenetic likelihood library (PLL)... 0.000 seconds
Reading model parameters from file /Users/mful870/Desktop/MD_3di_Dev_02Oct24/Scriptorum/SubstitutionMatrix/3di_substmat

NOTE: 0 MB RAM (0 GB) is required!
Estimate model parameters (epsilon = 0.100)
1. Initial log-likelihood: -607.144
2. Current log-likelihood: -584.931
Optimal log-likelihood: -584.878
Gamma shape alpha: 1.205
Parameters optimization took 2 rounds (0.004 sec)
Computing ML distances based on estimated model parameters... 0.009 sec
Computing BIONJ tree...
0.007 seconds
Log-likelihood of BIONJ tree: -589.894
--------------------------------------------------------------------
|             INITIALIZING CANDIDATE TREE SET                      |
--------------------------------------------------------------------
Generating 98 parsimony trees... 0.013 second
Computing log-likelihood of 60 initial trees ... 0.047 seconds
Current best score: -583.419

Do NNI search on 20 best initial trees
Estimate model parameters (epsilon = 0.100)
BETTER TREE FOUND at iteration 1: -583.221
UPDATE BEST LOG-LIKELIHOOD: -583.220
Iteration 10 / LogL: -583.220 / Time: 0h:0m:0s
Iteration 20 / LogL: -583.220 / Time: 0h:0m:0s
Finish initializing candidate tree set (3)
Current best tree score: -583.220 / CPU time: 0.167
Number of iterations: 20
--------------------------------------------------------------------
|               OPTIMIZING CANDIDATE TREE SET                      |
--------------------------------------------------------------------
UPDATE BEST LOG-LIKELIHOOD: -583.220
WARNING: NNI search needs unusual large number of steps (7) to converge!
Iteration 30 / LogL: -585.570 / Time: 0h:0m:0s (0h:0m:0s left)
Iteration 40 / LogL: -584.607 / Time: 0h:0m:0s (0h:0m:0s left)
UPDATE BEST LOG-LIKELIHOOD: -583.220
UPDATE BEST LOG-LIKELIHOOD: -583.220
Iteration 50 / LogL: -584.582 / Time: 0h:0m:0s (0h:0m:0s left)
Iteration 60 / LogL: -583.220 / Time: 0h:0m:0s (0h:0m:0s left)
UPDATE BEST LOG-LIKELIHOOD: -583.220
UPDATE BEST LOG-LIKELIHOOD: -583.220
Iteration 70 / LogL: -583.220 / Time: 0h:0m:0s (0h:0m:0s left)
WARNING: NNI search needs unusual large number of steps (7) to converge!
WARNING: NNI search needs unusual large number of steps (7) to converge!
Iteration 80 / LogL: -584.179 / Time: 0h:0m:0s (0h:0m:0s left)
UPDATE BEST LOG-LIKELIHOOD: -583.220
Iteration 90 / LogL: -584.570 / Time: 0h:0m:0s (0h:0m:0s left)
WARNING: NNI search needs unusual large number of steps (7) to converge!
Iteration 100 / LogL: -583.220 / Time: 0h:0m:0s (0h:0m:0s left)
TREE SEARCH COMPLETED AFTER 102 ITERATIONS / Time: 0h:0m:0s

--------------------------------------------------------------------
|                    FINALIZING TREE SEARCH                        |
--------------------------------------------------------------------
Performs final model parameters optimization
Estimate model parameters (epsilon = 0.010)
1. Initial log-likelihood: -583.220
Optimal log-likelihood: -583.209
Gamma shape alpha: 1.553
Parameters optimization took 1 rounds (0.002 sec)
BEST SCORE FOUND : -583.209
Total tree length: 3.034

Total number of iterations: 102
CPU time used for tree search: 0.615 sec (0h:0m:0s)
Wall-clock time used for tree search: 0.640 sec (0h:0m:0s)
Total CPU time used: 0.639 sec (0h:0m:0s)
Total wall-clock time used: 0.679 sec (0h:0m:0s)

===> START BOOTSTRAP REPLICATE NUMBER 50

Creating bootstrap alignment (seed: 788519)...
WARNING: States(s) A, N, E, G, I, K, M, F, T, W, Y rarely appear in alignment and may cause numerical problems

Create initial parsimony tree by phylogenetic likelihood library (PLL)... 0.000 seconds
Reading model parameters from file /Users/mful870/Desktop/MD_3di_Dev_02Oct24/Scriptorum/SubstitutionMatrix/3di_substmat

NOTE: 0 MB RAM (0 GB) is required!
Estimate model parameters (epsilon = 0.100)
1. Initial log-likelihood: -477.423
2. Current log-likelihood: -462.970
3. Current log-likelihood: -462.432
Optimal log-likelihood: -462.365
Gamma shape alpha: 0.918
Parameters optimization took 3 rounds (0.007 sec)
Computing ML distances based on estimated model parameters... 0.013 sec
WARNING: Some pairwise ML distances are too long (saturated)
Computing BIONJ tree...
0.007 seconds
Log-likelihood of BIONJ tree: -461.941
--------------------------------------------------------------------
|             INITIALIZING CANDIDATE TREE SET                      |
--------------------------------------------------------------------
Generating 98 parsimony trees... 0.012 second
Computing log-likelihood of 44 initial trees ... 0.033 seconds
Current best score: -461.941

Do NNI search on 20 best initial trees
Estimate model parameters (epsilon = 0.100)
BETTER TREE FOUND at iteration 1: -461.940
Iteration 10 / LogL: -461.979 / Time: 0h:0m:0s
WARNING: NNI search needs unusual large number of steps (7) to converge!
WARNING: NNI search needs unusual large number of steps (7) to converge!
WARNING: NNI search needs unusual large number of steps (7) to converge!
Iteration 20 / LogL: -461.942 / Time: 0h:0m:0s
Finish initializing candidate tree set (4)
Current best tree score: -461.940 / CPU time: 0.236
Number of iterations: 20
--------------------------------------------------------------------
|               OPTIMIZING CANDIDATE TREE SET                      |
--------------------------------------------------------------------
Iteration 30 / LogL: -462.290 / Time: 0h:0m:0s (0h:0m:0s left)
UPDATE BEST LOG-LIKELIHOOD: -461.940
Iteration 40 / LogL: -462.290 / Time: 0h:0m:0s (0h:0m:0s left)
UPDATE BEST LOG-LIKELIHOOD: -461.940
Iteration 50 / LogL: -461.940 / Time: 0h:0m:0s (0h:0m:0s left)
WARNING: NNI search needs unusual large number of steps (7) to converge!
UPDATE BEST LOG-LIKELIHOOD: -461.940
Iteration 60 / LogL: -462.290 / Time: 0h:0m:0s (0h:0m:0s left)
UPDATE BEST LOG-LIKELIHOOD: -461.940
UPDATE BEST LOG-LIKELIHOOD: -461.940
Iteration 70 / LogL: -461.981 / Time: 0h:0m:0s (0h:0m:0s left)
UPDATE BEST LOG-LIKELIHOOD: -461.940
UPDATE BEST LOG-LIKELIHOOD: -461.940
Iteration 80 / LogL: -462.008 / Time: 0h:0m:0s (0h:0m:0s left)
WARNING: NNI search needs unusual large number of steps (7) to converge!
Iteration 90 / LogL: -462.290 / Time: 0h:0m:0s (0h:0m:0s left)
UPDATE BEST LOG-LIKELIHOOD: -461.940
Iteration 100 / LogL: -461.940 / Time: 0h:0m:0s (0h:0m:0s left)
TREE SEARCH COMPLETED AFTER 102 ITERATIONS / Time: 0h:0m:0s

--------------------------------------------------------------------
|                    FINALIZING TREE SEARCH                        |
--------------------------------------------------------------------
Performs final model parameters optimization
Estimate model parameters (epsilon = 0.010)
1. Initial log-likelihood: -461.940
Optimal log-likelihood: -461.940
Gamma shape alpha: 0.924
Parameters optimization took 1 rounds (0.001 sec)
BEST SCORE FOUND : -461.940
Total tree length: 3.401

Total number of iterations: 102
CPU time used for tree search: 0.771 sec (0h:0m:0s)
Wall-clock time used for tree search: 0.817 sec (0h:0m:0s)
Total CPU time used: 0.798 sec (0h:0m:0s)
Total wall-clock time used: 0.858 sec (0h:0m:0s)

===> START BOOTSTRAP REPLICATE NUMBER 51

Creating bootstrap alignment (seed: 788520)...
WARNING: States(s) N, E, G, I, K, M, T, W, Y rarely appear in alignment and may cause numerical problems

Create initial parsimony tree by phylogenetic likelihood library (PLL)... 0.000 seconds
Reading model parameters from file /Users/mful870/Desktop/MD_3di_Dev_02Oct24/Scriptorum/SubstitutionMatrix/3di_substmat

NOTE: 0 MB RAM (0 GB) is required!
Estimate model parameters (epsilon = 0.100)
1. Initial log-likelihood: -616.553
2. Current log-likelihood: -598.797
3. Current log-likelihood: -597.903
Optimal log-likelihood: -597.831
Gamma shape alpha: 1.128
Parameters optimization took 3 rounds (0.007 sec)
Computing ML distances based on estimated model parameters... 0.009 sec
Computing BIONJ tree...
0.012 seconds
Log-likelihood of BIONJ tree: -598.695
--------------------------------------------------------------------
|             INITIALIZING CANDIDATE TREE SET                      |
--------------------------------------------------------------------
Generating 98 parsimony trees... 0.013 second
Computing log-likelihood of 59 initial trees ... 0.044 seconds
Current best score: -595.324

Do NNI search on 20 best initial trees
Estimate model parameters (epsilon = 0.100)
BETTER TREE FOUND at iteration 1: -594.221
Estimate model parameters (epsilon = 0.100)
BETTER TREE FOUND at iteration 2: -592.243
Iteration 10 / LogL: -592.276 / Time: 0h:0m:0s
Iteration 20 / LogL: -598.480 / Time: 0h:0m:0s
Finish initializing candidate tree set (6)
Current best tree score: -592.243 / CPU time: 0.160
Number of iterations: 20
--------------------------------------------------------------------
|               OPTIMIZING CANDIDATE TREE SET                      |
--------------------------------------------------------------------
UPDATE BEST LOG-LIKELIHOOD: -592.243
Iteration 30 / LogL: -596.173 / Time: 0h:0m:0s (0h:0m:0s left)
Iteration 40 / LogL: -592.253 / Time: 0h:0m:0s (0h:0m:0s left)
Iteration 50 / LogL: -592.247 / Time: 0h:0m:0s (0h:0m:0s left)
Iteration 60 / LogL: -592.245 / Time: 0h:0m:0s (0h:0m:0s left)
Iteration 70 / LogL: -592.252 / Time: 0h:0m:0s (0h:0m:0s left)
Iteration 80 / LogL: -598.479 / Time: 0h:0m:0s (0h:0m:0s left)
Iteration 90 / LogL: -598.480 / Time: 0h:0m:0s (0h:0m:0s left)
Iteration 100 / LogL: -600.839 / Time: 0h:0m:0s (0h:0m:0s left)
TREE SEARCH COMPLETED AFTER 103 ITERATIONS / Time: 0h:0m:0s

--------------------------------------------------------------------
|                    FINALIZING TREE SEARCH                        |
--------------------------------------------------------------------
Performs final model parameters optimization
Estimate model parameters (epsilon = 0.010)
1. Initial log-likelihood: -592.243
Optimal log-likelihood: -592.242
Gamma shape alpha: 3.816
Parameters optimization took 1 rounds (0.002 sec)
BEST SCORE FOUND : -592.242
Total tree length: 2.340

Total number of iterations: 103
CPU time used for tree search: 0.461 sec (0h:0m:0s)
Wall-clock time used for tree search: 0.473 sec (0h:0m:0s)
Total CPU time used: 0.488 sec (0h:0m:0s)
Total wall-clock time used: 0.521 sec (0h:0m:0s)

===> START BOOTSTRAP REPLICATE NUMBER 52

Creating bootstrap alignment (seed: 788521)...
WARNING: States(s) A, N, E, I, K, M, F, T, W, Y rarely appear in alignment and may cause numerical problems

Create initial parsimony tree by phylogenetic likelihood library (PLL)... 0.000 seconds
Reading model parameters from file /Users/mful870/Desktop/MD_3di_Dev_02Oct24/Scriptorum/SubstitutionMatrix/3di_substmat

NOTE: 0 MB RAM (0 GB) is required!
Estimate model parameters (epsilon = 0.100)
1. Initial log-likelihood: -535.087
2. Current log-likelihood: -517.092
3. Current log-likelihood: -516.775
Optimal log-likelihood: -516.722
Gamma shape alpha: 2.089
Parameters optimization took 3 rounds (0.007 sec)
Computing ML distances based on estimated model parameters... 0.008 sec
Computing BIONJ tree...
0.007 seconds
Log-likelihood of BIONJ tree: -513.104
--------------------------------------------------------------------
|             INITIALIZING CANDIDATE TREE SET                      |
--------------------------------------------------------------------
Generating 98 parsimony trees... 0.013 second
Computing log-likelihood of 56 initial trees ... 0.044 seconds
Current best score: -512.723

Do NNI search on 20 best initial trees
Estimate model parameters (epsilon = 0.100)
BETTER TREE FOUND at iteration 1: -512.667
Iteration 10 / LogL: -512.698 / Time: 0h:0m:0s
WARNING: NNI search needs unusual large number of steps (7) to converge!
Iteration 20 / LogL: -512.719 / Time: 0h:0m:0s
Finish initializing candidate tree set (5)
Current best tree score: -512.667 / CPU time: 0.165
Number of iterations: 20
--------------------------------------------------------------------
|               OPTIMIZING CANDIDATE TREE SET                      |
--------------------------------------------------------------------
Iteration 30 / LogL: -516.280 / Time: 0h:0m:0s (0h:0m:0s left)
Iteration 40 / LogL: -512.692 / Time: 0h:0m:0s (0h:0m:0s left)
Iteration 50 / LogL: -512.942 / Time: 0h:0m:0s (0h:0m:0s left)
Iteration 60 / LogL: -513.049 / Time: 0h:0m:0s (0h:0m:0s left)
Iteration 70 / LogL: -516.280 / Time: 0h:0m:0s (0h:0m:0s left)
Iteration 80 / LogL: -513.049 / Time: 0h:0m:0s (0h:0m:0s left)
Iteration 90 / LogL: -512.673 / Time: 0h:0m:0s (0h:0m:0s left)
Iteration 100 / LogL: -513.049 / Time: 0h:0m:0s (0h:0m:0s left)
TREE SEARCH COMPLETED AFTER 102 ITERATIONS / Time: 0h:0m:0s

--------------------------------------------------------------------
|                    FINALIZING TREE SEARCH                        |
--------------------------------------------------------------------
Performs final model parameters optimization
Estimate model parameters (epsilon = 0.010)
1. Initial log-likelihood: -512.667
Optimal log-likelihood: -512.655
Gamma shape alpha: 2.522
Parameters optimization took 1 rounds (0.002 sec)
BEST SCORE FOUND : -512.655
Total tree length: 2.232

Total number of iterations: 102
CPU time used for tree search: 0.559 sec (0h:0m:0s)
Wall-clock time used for tree search: 0.567 sec (0h:0m:0s)
Total CPU time used: 0.582 sec (0h:0m:0s)
Total wall-clock time used: 0.606 sec (0h:0m:0s)

===> START BOOTSTRAP REPLICATE NUMBER 53

Creating bootstrap alignment (seed: 788522)...
WARNING: States(s) N, E, I, K, M, T, W, Y rarely appear in alignment and may cause numerical problems

Create initial parsimony tree by phylogenetic likelihood library (PLL)... 0.000 seconds
Reading model parameters from file /Users/mful870/Desktop/MD_3di_Dev_02Oct24/Scriptorum/SubstitutionMatrix/3di_substmat

NOTE: 0 MB RAM (0 GB) is required!
Estimate model parameters (epsilon = 0.100)
1. Initial log-likelihood: -601.812
2. Current log-likelihood: -577.814
Optimal log-likelihood: -577.779
Gamma shape alpha: 1.341
Parameters optimization took 2 rounds (0.004 sec)
Computing ML distances based on estimated model parameters... 0.009 sec
Computing BIONJ tree...
0.007 seconds
Log-likelihood of BIONJ tree: -576.031
--------------------------------------------------------------------
|             INITIALIZING CANDIDATE TREE SET                      |
--------------------------------------------------------------------
Generating 98 parsimony trees... 0.013 second
Computing log-likelihood of 51 initial trees ... 0.038 seconds
Current best score: -575.551

Do NNI search on 20 best initial trees
Estimate model parameters (epsilon = 0.100)
BETTER TREE FOUND at iteration 1: -575.219
BETTER TREE FOUND at iteration 2: -575.219
Estimate model parameters (epsilon = 0.100)
BETTER TREE FOUND at iteration 4: -573.937
Iteration 10 / LogL: -575.207 / Time: 0h:0m:0s
Iteration 20 / LogL: -575.207 / Time: 0h:0m:0s
Finish initializing candidate tree set (4)
Current best tree score: -573.937 / CPU time: 0.159
Number of iterations: 20
--------------------------------------------------------------------
|               OPTIMIZING CANDIDATE TREE SET                      |
--------------------------------------------------------------------
UPDATE BEST LOG-LIKELIHOOD: -573.937
UPDATE BEST LOG-LIKELIHOOD: -573.937
Iteration 30 / LogL: -575.207 / Time: 0h:0m:0s (0h:0m:0s left)
Iteration 40 / LogL: -575.207 / Time: 0h:0m:0s (0h:0m:0s left)
Iteration 50 / LogL: -575.207 / Time: 0h:0m:0s (0h:0m:0s left)
Iteration 60 / LogL: -575.207 / Time: 0h:0m:0s (0h:0m:0s left)
Iteration 70 / LogL: -575.207 / Time: 0h:0m:0s (0h:0m:0s left)
Iteration 80 / LogL: -575.207 / Time: 0h:0m:0s (0h:0m:0s left)
Iteration 90 / LogL: -575.207 / Time: 0h:0m:0s (0h:0m:0s left)
Iteration 100 / LogL: -573.951 / Time: 0h:0m:0s (0h:0m:0s left)
UPDATE BEST LOG-LIKELIHOOD: -573.937
TREE SEARCH COMPLETED AFTER 105 ITERATIONS / Time: 0h:0m:0s

--------------------------------------------------------------------
|                    FINALIZING TREE SEARCH                        |
--------------------------------------------------------------------
Performs final model parameters optimization
Estimate model parameters (epsilon = 0.010)
1. Initial log-likelihood: -573.937
Optimal log-likelihood: -573.931
Gamma shape alpha: 2.093
Parameters optimization took 1 rounds (0.002 sec)
BEST SCORE FOUND : -573.931
Total tree length: 2.562

Total number of iterations: 105
CPU time used for tree search: 0.481 sec (0h:0m:0s)
Wall-clock time used for tree search: 0.502 sec (0h:0m:0s)
Total CPU time used: 0.504 sec (0h:0m:0s)
Total wall-clock time used: 0.540 sec (0h:0m:0s)

===> START BOOTSTRAP REPLICATE NUMBER 54

Creating bootstrap alignment (seed: 788523)...
WARNING: States(s) N, E, I, K, M, T, W, Y rarely appear in alignment and may cause numerical problems

Create initial parsimony tree by phylogenetic likelihood library (PLL)... 0.000 seconds
Reading model parameters from file /Users/mful870/Desktop/MD_3di_Dev_02Oct24/Scriptorum/SubstitutionMatrix/3di_substmat

NOTE: 0 MB RAM (0 GB) is required!
Estimate model parameters (epsilon = 0.100)
1. Initial log-likelihood: -586.467
2. Current log-likelihood: -569.173
3. Current log-likelihood: -569.025
Optimal log-likelihood: -569.006
Gamma shape alpha: 1.154
Parameters optimization took 3 rounds (0.005 sec)
Computing ML distances based on estimated model parameters... 0.009 sec
Computing BIONJ tree...
0.007 seconds
Log-likelihood of BIONJ tree: -569.110
--------------------------------------------------------------------
|             INITIALIZING CANDIDATE TREE SET                      |
--------------------------------------------------------------------
Generating 98 parsimony trees... 0.013 second
Computing log-likelihood of 64 initial trees ... 0.051 seconds
Current best score: -567.015

Do NNI search on 20 best initial trees
Estimate model parameters (epsilon = 0.100)
BETTER TREE FOUND at iteration 1: -566.853
UPDATE BEST LOG-LIKELIHOOD: -566.852
UPDATE BEST LOG-LIKELIHOOD: -566.852
Estimate model parameters (epsilon = 0.100)
BETTER TREE FOUND at iteration 9: -565.974
Iteration 10 / LogL: -567.902 / Time: 0h:0m:0s
Iteration 20 / LogL: -566.079 / Time: 0h:0m:0s
Finish initializing candidate tree set (7)
Current best tree score: -565.974 / CPU time: 0.172
Number of iterations: 20
--------------------------------------------------------------------
|               OPTIMIZING CANDIDATE TREE SET                      |
--------------------------------------------------------------------
Iteration 30 / LogL: -566.866 / Time: 0h:0m:0s (0h:0m:0s left)
Iteration 40 / LogL: -566.866 / Time: 0h:0m:0s (0h:0m:0s left)
WARNING: NNI search needs unusual large number of steps (7) to converge!
Iteration 50 / LogL: -566.866 / Time: 0h:0m:0s (0h:0m:0s left)
WARNING: NNI search needs unusual large number of steps (7) to converge!
UPDATE BEST LOG-LIKELIHOOD: -565.973
UPDATE BEST LOG-LIKELIHOOD: -565.972
Iteration 60 / LogL: -565.972 / Time: 0h:0m:0s (0h:0m:0s left)
UPDATE BEST LOG-LIKELIHOOD: -565.972
WARNING: NNI search needs unusual large number of steps (7) to converge!
Iteration 70 / LogL: -566.140 / Time: 0h:0m:0s (0h:0m:0s left)
WARNING: NNI search needs unusual large number of steps (7) to converge!
Iteration 80 / LogL: -566.185 / Time: 0h:0m:0s (0h:0m:0s left)
Iteration 90 / LogL: -567.851 / Time: 0h:0m:0s (0h:0m:0s left)
UPDATE BEST LOG-LIKELIHOOD: -565.972
Iteration 100 / LogL: -567.864 / Time: 0h:0m:0s (0h:0m:0s left)
Iteration 110 / LogL: -566.866 / Time: 0h:0m:0s (0h:0m:-1s left)
TREE SEARCH COMPLETED AFTER 110 ITERATIONS / Time: 0h:0m:0s

--------------------------------------------------------------------
|                    FINALIZING TREE SEARCH                        |
--------------------------------------------------------------------
Performs final model parameters optimization
Estimate model parameters (epsilon = 0.010)
1. Initial log-likelihood: -565.972
Optimal log-likelihood: -565.962
Gamma shape alpha: 1.496
Parameters optimization took 1 rounds (0.002 sec)
BEST SCORE FOUND : -565.962
Total tree length: 2.958

Total number of iterations: 110
CPU time used for tree search: 0.660 sec (0h:0m:0s)
Wall-clock time used for tree search: 0.684 sec (0h:0m:0s)
Total CPU time used: 0.683 sec (0h:0m:0s)
Total wall-clock time used: 0.722 sec (0h:0m:0s)

===> START BOOTSTRAP REPLICATE NUMBER 55

Creating bootstrap alignment (seed: 788524)...
WARNING: States(s) N, E, G, I, K, M, T, W, Y rarely appear in alignment and may cause numerical problems

Create initial parsimony tree by phylogenetic likelihood library (PLL)... 0.000 seconds
Reading model parameters from file /Users/mful870/Desktop/MD_3di_Dev_02Oct24/Scriptorum/SubstitutionMatrix/3di_substmat

NOTE: 0 MB RAM (0 GB) is required!
Estimate model parameters (epsilon = 0.100)
1. Initial log-likelihood: -519.463
2. Current log-likelihood: -498.850
3. Current log-likelihood: -497.515
4. Current log-likelihood: -497.223
Optimal log-likelihood: -497.182
Gamma shape alpha: 9.066
Parameters optimization took 4 rounds (0.010 sec)
Computing ML distances based on estimated model parameters... 0.006 sec
Computing BIONJ tree...
0.007 seconds
Log-likelihood of BIONJ tree: -504.110
--------------------------------------------------------------------
|             INITIALIZING CANDIDATE TREE SET                      |
--------------------------------------------------------------------
Generating 98 parsimony trees... 0.013 second
Computing log-likelihood of 56 initial trees ... 0.044 seconds
Current best score: -497.155

Do NNI search on 20 best initial trees
Estimate model parameters (epsilon = 0.100)
BETTER TREE FOUND at iteration 1: -497.121
Iteration 10 / LogL: -497.133 / Time: 0h:0m:0s
Iteration 20 / LogL: -497.122 / Time: 0h:0m:0s
Finish initializing candidate tree set (2)
Current best tree score: -497.121 / CPU time: 0.143
Number of iterations: 20
--------------------------------------------------------------------
|               OPTIMIZING CANDIDATE TREE SET                      |
--------------------------------------------------------------------
Iteration 30 / LogL: -497.143 / Time: 0h:0m:0s (0h:0m:0s left)
Iteration 40 / LogL: -497.121 / Time: 0h:0m:0s (0h:0m:0s left)
Iteration 50 / LogL: -497.340 / Time: 0h:0m:0s (0h:0m:0s left)
Iteration 60 / LogL: -497.338 / Time: 0h:0m:0s (0h:0m:0s left)
Iteration 70 / LogL: -497.358 / Time: 0h:0m:0s (0h:0m:0s left)
Iteration 80 / LogL: -497.122 / Time: 0h:0m:0s (0h:0m:0s left)
Iteration 90 / LogL: -497.349 / Time: 0h:0m:0s (0h:0m:0s left)
Iteration 100 / LogL: -497.122 / Time: 0h:0m:0s (0h:0m:0s left)
TREE SEARCH COMPLETED AFTER 102 ITERATIONS / Time: 0h:0m:0s

--------------------------------------------------------------------
|                    FINALIZING TREE SEARCH                        |
--------------------------------------------------------------------
Performs final model parameters optimization
Estimate model parameters (epsilon = 0.010)
1. Initial log-likelihood: -497.121
Optimal log-likelihood: -497.118
Gamma shape alpha: 13.406
Parameters optimization took 1 rounds (0.002 sec)
BEST SCORE FOUND : -497.118
Total tree length: 1.893

Total number of iterations: 102
CPU time used for tree search: 0.446 sec (0h:0m:0s)
Wall-clock time used for tree search: 0.454 sec (0h:0m:0s)
Total CPU time used: 0.473 sec (0h:0m:0s)
Total wall-clock time used: 0.496 sec (0h:0m:0s)

===> START BOOTSTRAP REPLICATE NUMBER 56

Creating bootstrap alignment (seed: 788525)...
WARNING: States(s) N, E, I, K, M, T, W, Y rarely appear in alignment and may cause numerical problems

Create initial parsimony tree by phylogenetic likelihood library (PLL)... 0.000 seconds
Reading model parameters from file /Users/mful870/Desktop/MD_3di_Dev_02Oct24/Scriptorum/SubstitutionMatrix/3di_substmat

NOTE: 0 MB RAM (0 GB) is required!
Estimate model parameters (epsilon = 0.100)
1. Initial log-likelihood: -583.393
2. Current log-likelihood: -568.932
3. Current log-likelihood: -568.669
Optimal log-likelihood: -568.632
Gamma shape alpha: 0.955
Parameters optimization took 3 rounds (0.005 sec)
Computing ML distances based on estimated model parameters... 0.009 sec
Computing BIONJ tree...
0.007 seconds
Log-likelihood of BIONJ tree: -567.057
--------------------------------------------------------------------
|             INITIALIZING CANDIDATE TREE SET                      |
--------------------------------------------------------------------
Generating 98 parsimony trees... 0.013 second
Computing log-likelihood of 52 initial trees ... 0.041 seconds
Current best score: -567.057

Do NNI search on 20 best initial trees
Estimate model parameters (epsilon = 0.100)
BETTER TREE FOUND at iteration 1: -566.855
UPDATE BEST LOG-LIKELIHOOD: -566.851
UPDATE BEST LOG-LIKELIHOOD: -566.851
BETTER TREE FOUND at iteration 4: -566.850
Iteration 10 / LogL: -566.878 / Time: 0h:0m:0s
WARNING: NNI search needs unusual large number of steps (7) to converge!
WARNING: NNI search needs unusual large number of steps (7) to converge!
WARNING: NNI search needs unusual large number of steps (7) to converge!
Iteration 20 / LogL: -566.850 / Time: 0h:0m:0s
Finish initializing candidate tree set (2)
Current best tree score: -566.850 / CPU time: 0.223
Number of iterations: 20
--------------------------------------------------------------------
|               OPTIMIZING CANDIDATE TREE SET                      |
--------------------------------------------------------------------
UPDATE BEST LOG-LIKELIHOOD: -566.850
Iteration 30 / LogL: -571.244 / Time: 0h:0m:0s (0h:0m:0s left)
UPDATE BEST LOG-LIKELIHOOD: -566.850
Iteration 40 / LogL: -566.850 / Time: 0h:0m:0s (0h:0m:0s left)
WARNING: NNI search needs unusual large number of steps (7) to converge!
Iteration 50 / LogL: -566.850 / Time: 0h:0m:0s (0h:0m:0s left)
WARNING: NNI search needs unusual large number of steps (7) to converge!
Iteration 60 / LogL: -566.850 / Time: 0h:0m:0s (0h:0m:0s left)
WARNING: NNI search needs unusual large number of steps (7) to converge!
WARNING: NNI search needs unusual large number of steps (7) to converge!
Iteration 70 / LogL: -571.244 / Time: 0h:0m:0s (0h:0m:0s left)
UPDATE BEST LOG-LIKELIHOOD: -566.850
WARNING: NNI search needs unusual large number of steps (7) to converge!
Iteration 80 / LogL: -566.850 / Time: 0h:0m:0s (0h:0m:0s left)
Iteration 90 / LogL: -571.244 / Time: 0h:0m:0s (0h:0m:0s left)
WARNING: NNI search needs unusual large number of steps (7) to converge!
UPDATE BEST LOG-LIKELIHOOD: -566.850
WARNING: NNI search needs unusual large number of steps (7) to converge!
UPDATE BEST LOG-LIKELIHOOD: -566.850
UPDATE BEST LOG-LIKELIHOOD: -566.850
WARNING: NNI search needs unusual large number of steps (7) to converge!
Iteration 100 / LogL: -568.615 / Time: 0h:0m:0s (0h:0m:0s left)
TREE SEARCH COMPLETED AFTER 105 ITERATIONS / Time: 0h:0m:0s

--------------------------------------------------------------------
|                    FINALIZING TREE SEARCH                        |
--------------------------------------------------------------------
Performs final model parameters optimization
Estimate model parameters (epsilon = 0.010)
1. Initial log-likelihood: -566.850
Optimal log-likelihood: -566.840
Gamma shape alpha: 1.212
Parameters optimization took 1 rounds (0.002 sec)
BEST SCORE FOUND : -566.840
Total tree length: 2.748

Total number of iterations: 105
CPU time used for tree search: 0.702 sec (0h:0m:0s)
Wall-clock time used for tree search: 0.732 sec (0h:0m:0s)
Total CPU time used: 0.725 sec (0h:0m:0s)
Total wall-clock time used: 0.770 sec (0h:0m:0s)

===> START BOOTSTRAP REPLICATE NUMBER 57

Creating bootstrap alignment (seed: 788526)...
WARNING: States(s) A, N, E, G, I, K, M, F, T, W, Y rarely appear in alignment and may cause numerical problems

Create initial parsimony tree by phylogenetic likelihood library (PLL)... 0.000 seconds
Reading model parameters from file /Users/mful870/Desktop/MD_3di_Dev_02Oct24/Scriptorum/SubstitutionMatrix/3di_substmat

NOTE: 0 MB RAM (0 GB) is required!
Estimate model parameters (epsilon = 0.100)
1. Initial log-likelihood: -569.454
2. Current log-likelihood: -551.893
3. Current log-likelihood: -551.022
Optimal log-likelihood: -550.937
Gamma shape alpha: 1.049
Parameters optimization took 3 rounds (0.006 sec)
Computing ML distances based on estimated model parameters... 0.010 sec
Computing BIONJ tree...
0.007 seconds
Log-likelihood of BIONJ tree: -553.080
--------------------------------------------------------------------
|             INITIALIZING CANDIDATE TREE SET                      |
--------------------------------------------------------------------
Generating 98 parsimony trees... 0.013 second
Computing log-likelihood of 57 initial trees ... 0.040 seconds
Current best score: -544.609

Do NNI search on 20 best initial trees
Estimate model parameters (epsilon = 0.100)
BETTER TREE FOUND at iteration 1: -544.392
WARNING: NNI search needs unusual large number of steps (7) to converge!
Iteration 10 / LogL: -548.346 / Time: 0h:0m:0s
WARNING: NNI search needs unusual large number of steps (7) to converge!
WARNING: NNI search needs unusual large number of steps (7) to converge!
WARNING: NNI search needs unusual large number of steps (7) to converge!
WARNING: NNI search needs unusual large number of steps (7) to converge!
WARNING: NNI search needs unusual large number of steps (7) to converge!
Iteration 20 / LogL: -548.357 / Time: 0h:0m:0s
Finish initializing candidate tree set (2)
Current best tree score: -544.392 / CPU time: 0.198
Number of iterations: 20
--------------------------------------------------------------------
|               OPTIMIZING CANDIDATE TREE SET                      |
--------------------------------------------------------------------
UPDATE BEST LOG-LIKELIHOOD: -544.391
Iteration 30 / LogL: -544.656 / Time: 0h:0m:0s (0h:0m:0s left)
WARNING: NNI search needs unusual large number of steps (7) to converge!
Iteration 40 / LogL: -552.975 / Time: 0h:0m:0s (0h:0m:0s left)
WARNING: NNI search needs unusual large number of steps (7) to converge!
Iteration 50 / LogL: -548.328 / Time: 0h:0m:0s (0h:0m:0s left)
Iteration 60 / LogL: -544.523 / Time: 0h:0m:0s (0h:0m:0s left)
WARNING: NNI search needs unusual large number of steps (7) to converge!
Iteration 70 / LogL: -548.328 / Time: 0h:0m:0s (0h:0m:0s left)
Iteration 80 / LogL: -548.343 / Time: 0h:0m:0s (0h:0m:0s left)
Iteration 90 / LogL: -548.328 / Time: 0h:0m:0s (0h:0m:0s left)
Iteration 100 / LogL: -544.391 / Time: 0h:0m:0s (0h:0m:0s left)
TREE SEARCH COMPLETED AFTER 102 ITERATIONS / Time: 0h:0m:0s

--------------------------------------------------------------------
|                    FINALIZING TREE SEARCH                        |
--------------------------------------------------------------------
Performs final model parameters optimization
Estimate model parameters (epsilon = 0.010)
1. Initial log-likelihood: -544.391
Optimal log-likelihood: -544.379
Gamma shape alpha: 1.210
Parameters optimization took 1 rounds (0.002 sec)
BEST SCORE FOUND : -544.379
Total tree length: 4.361

Total number of iterations: 102
CPU time used for tree search: 0.524 sec (0h:0m:0s)
Wall-clock time used for tree search: 0.537 sec (0h:0m:0s)
Total CPU time used: 0.548 sec (0h:0m:0s)
Total wall-clock time used: 0.576 sec (0h:0m:0s)

===> START BOOTSTRAP REPLICATE NUMBER 58

Creating bootstrap alignment (seed: 788527)...
WARNING: States(s) N, E, I, K, M, T, W, Y rarely appear in alignment and may cause numerical problems

Create initial parsimony tree by phylogenetic likelihood library (PLL)... 0.000 seconds
Reading model parameters from file /Users/mful870/Desktop/MD_3di_Dev_02Oct24/Scriptorum/SubstitutionMatrix/3di_substmat

NOTE: 0 MB RAM (0 GB) is required!
Estimate model parameters (epsilon = 0.100)
1. Initial log-likelihood: -600.434
2. Current log-likelihood: -581.595
Optimal log-likelihood: -581.515
Gamma shape alpha: 1.168
Parameters optimization took 2 rounds (0.004 sec)
Computing ML distances based on estimated model parameters... 0.009 sec
Computing BIONJ tree...
0.007 seconds
Log-likelihood of BIONJ tree: -581.792
--------------------------------------------------------------------
|             INITIALIZING CANDIDATE TREE SET                      |
--------------------------------------------------------------------
Generating 98 parsimony trees... 0.013 second
Computing log-likelihood of 50 initial trees ... 0.038 seconds
Current best score: -579.753

Do NNI search on 20 best initial trees
Estimate model parameters (epsilon = 0.100)
BETTER TREE FOUND at iteration 1: -579.523
Iteration 10 / LogL: -580.664 / Time: 0h:0m:0s
WARNING: NNI search needs unusual large number of steps (7) to converge!
Iteration 20 / LogL: -580.662 / Time: 0h:0m:0s
Finish initializing candidate tree set (5)
Current best tree score: -579.523 / CPU time: 0.185
Number of iterations: 20
--------------------------------------------------------------------
|               OPTIMIZING CANDIDATE TREE SET                      |
--------------------------------------------------------------------
WARNING: NNI search needs unusual large number of steps (7) to converge!
Iteration 30 / LogL: -580.662 / Time: 0h:0m:0s (0h:0m:0s left)
WARNING: NNI search needs unusual large number of steps (7) to converge!
Iteration 40 / LogL: -580.046 / Time: 0h:0m:0s (0h:0m:0s left)
Iteration 50 / LogL: -580.043 / Time: 0h:0m:0s (0h:0m:0s left)
WARNING: NNI search needs unusual large number of steps (7) to converge!
WARNING: NNI search needs unusual large number of steps (7) to converge!
UPDATE BEST LOG-LIKELIHOOD: -579.523
Iteration 60 / LogL: -580.662 / Time: 0h:0m:0s (0h:0m:0s left)
Iteration 70 / LogL: -580.662 / Time: 0h:0m:0s (0h:0m:0s left)
UPDATE BEST LOG-LIKELIHOOD: -579.520
Iteration 80 / LogL: -580.062 / Time: 0h:0m:0s (0h:0m:0s left)
Iteration 90 / LogL: -580.179 / Time: 0h:0m:0s (0h:0m:0s left)
Iteration 100 / LogL: -579.554 / Time: 0h:0m:0s (0h:0m:0s left)
TREE SEARCH COMPLETED AFTER 102 ITERATIONS / Time: 0h:0m:0s

--------------------------------------------------------------------
|                    FINALIZING TREE SEARCH                        |
--------------------------------------------------------------------
Performs final model parameters optimization
Estimate model parameters (epsilon = 0.010)
1. Initial log-likelihood: -579.520
2. Current log-likelihood: -579.510
Optimal log-likelihood: -579.503
Gamma shape alpha: 1.591
Parameters optimization took 2 rounds (0.003 sec)
BEST SCORE FOUND : -579.503
Total tree length: 2.641

Total number of iterations: 102
CPU time used for tree search: 0.552 sec (0h:0m:0s)
Wall-clock time used for tree search: 0.568 sec (0h:0m:0s)
Total CPU time used: 0.575 sec (0h:0m:0s)
Total wall-clock time used: 0.606 sec (0h:0m:0s)

===> START BOOTSTRAP REPLICATE NUMBER 59

Creating bootstrap alignment (seed: 788528)...
WARNING: States(s) N, E, I, K, M, T, W, Y rarely appear in alignment and may cause numerical problems

Create initial parsimony tree by phylogenetic likelihood library (PLL)... 0.000 seconds
Reading model parameters from file /Users/mful870/Desktop/MD_3di_Dev_02Oct24/Scriptorum/SubstitutionMatrix/3di_substmat

NOTE: 0 MB RAM (0 GB) is required!
Estimate model parameters (epsilon = 0.100)
1. Initial log-likelihood: -536.130
2. Current log-likelihood: -519.532
3. Current log-likelihood: -518.735
4. Current log-likelihood: -518.398
5. Current log-likelihood: -518.271
Optimal log-likelihood: -518.167
Gamma shape alpha: 4.351
Parameters optimization took 5 rounds (0.012 sec)
Computing ML distances based on estimated model parameters... 0.008 sec
Computing BIONJ tree...
0.007 seconds
Log-likelihood of BIONJ tree: -519.453
--------------------------------------------------------------------
|             INITIALIZING CANDIDATE TREE SET                      |
--------------------------------------------------------------------
Generating 98 parsimony trees... 0.014 second
Computing log-likelihood of 51 initial trees ... 0.039 seconds
Current best score: -518.012

Do NNI search on 20 best initial trees
Estimate model parameters (epsilon = 0.100)
BETTER TREE FOUND at iteration 1: -518.001
Iteration 10 / LogL: -518.016 / Time: 0h:0m:0s
Iteration 20 / LogL: -518.036 / Time: 0h:0m:0s
Finish initializing candidate tree set (1)
Current best tree score: -518.001 / CPU time: 0.150
Number of iterations: 20
--------------------------------------------------------------------
|               OPTIMIZING CANDIDATE TREE SET                      |
--------------------------------------------------------------------
UPDATE BEST LOG-LIKELIHOOD: -518.001
WARNING: NNI search needs unusual large number of steps (7) to converge!
Iteration 30 / LogL: -518.015 / Time: 0h:0m:0s (0h:0m:0s left)
UPDATE BEST LOG-LIKELIHOOD: -518.001
WARNING: NNI search needs unusual large number of steps (7) to converge!
Iteration 40 / LogL: -518.003 / Time: 0h:0m:0s (0h:0m:0s left)
UPDATE BEST LOG-LIKELIHOOD: -518.001
WARNING: NNI search needs unusual large number of steps (7) to converge!
Iteration 50 / LogL: -518.009 / Time: 0h:0m:0s (0h:0m:0s left)
UPDATE BEST LOG-LIKELIHOOD: -518.000
UPDATE BEST LOG-LIKELIHOOD: -518.000
Iteration 60 / LogL: -518.009 / Time: 0h:0m:0s (0h:0m:0s left)
UPDATE BEST LOG-LIKELIHOOD: -518.000
UPDATE BEST LOG-LIKELIHOOD: -518.000
Iteration 70 / LogL: -518.000 / Time: 0h:0m:0s (0h:0m:0s left)
UPDATE BEST LOG-LIKELIHOOD: -518.000
UPDATE BEST LOG-LIKELIHOOD: -518.000
Iteration 80 / LogL: -518.106 / Time: 0h:0m:0s (0h:0m:0s left)
UPDATE BEST LOG-LIKELIHOOD: -518.000
Iteration 90 / LogL: -518.015 / Time: 0h:0m:0s (0h:0m:0s left)
Iteration 100 / LogL: -518.029 / Time: 0h:0m:0s (0h:0m:0s left)
UPDATE BEST LOG-LIKELIHOOD: -518.000
TREE SEARCH COMPLETED AFTER 102 ITERATIONS / Time: 0h:0m:0s

--------------------------------------------------------------------
|                    FINALIZING TREE SEARCH                        |
--------------------------------------------------------------------
Performs final model parameters optimization
Estimate model parameters (epsilon = 0.010)
1. Initial log-likelihood: -518.000
Optimal log-likelihood: -517.998
Gamma shape alpha: 4.930
Parameters optimization took 1 rounds (0.003 sec)
BEST SCORE FOUND : -517.998
Total tree length: 2.169

Total number of iterations: 102
CPU time used for tree search: 0.486 sec (0h:0m:0s)
Wall-clock time used for tree search: 0.529 sec (0h:0m:0s)
Total CPU time used: 0.518 sec (0h:0m:0s)
Total wall-clock time used: 0.577 sec (0h:0m:0s)

===> START BOOTSTRAP REPLICATE NUMBER 60

Creating bootstrap alignment (seed: 788529)...
WARNING: States(s) R, N, E, G, H, I, K, M, T, W, Y rarely appear in alignment and may cause numerical problems

Create initial parsimony tree by phylogenetic likelihood library (PLL)... 0.000 seconds
Reading model parameters from file /Users/mful870/Desktop/MD_3di_Dev_02Oct24/Scriptorum/SubstitutionMatrix/3di_substmat

NOTE: 0 MB RAM (0 GB) is required!
Estimate model parameters (epsilon = 0.100)
1. Initial log-likelihood: -473.566
2. Current log-likelihood: -454.200
3. Current log-likelihood: -453.553
4. Current log-likelihood: -453.310
Optimal log-likelihood: -453.216
Gamma shape alpha: 3.757
Parameters optimization took 4 rounds (0.009 sec)
Computing ML distances based on estimated model parameters... 0.008 sec
Computing BIONJ tree...
0.008 seconds
Log-likelihood of BIONJ tree: -449.931
--------------------------------------------------------------------
|             INITIALIZING CANDIDATE TREE SET                      |
--------------------------------------------------------------------
Generating 98 parsimony trees... 0.013 second
Computing log-likelihood of 53 initial trees ... 0.039 seconds
Current best score: -447.170

Do NNI search on 20 best initial trees
Estimate model parameters (epsilon = 0.100)
BETTER TREE FOUND at iteration 1: -447.138
Iteration 10 / LogL: -447.169 / Time: 0h:0m:0s
Iteration 20 / LogL: -447.196 / Time: 0h:0m:0s
Finish initializing candidate tree set (1)
Current best tree score: -447.138 / CPU time: 0.139
Number of iterations: 20
--------------------------------------------------------------------
|               OPTIMIZING CANDIDATE TREE SET                      |
--------------------------------------------------------------------
Iteration 30 / LogL: -453.198 / Time: 0h:0m:0s (0h:0m:0s left)
Iteration 40 / LogL: -447.142 / Time: 0h:0m:0s (0h:0m:0s left)
Iteration 50 / LogL: -447.140 / Time: 0h:0m:0s (0h:0m:0s left)
Iteration 60 / LogL: -453.198 / Time: 0h:0m:0s (0h:0m:0s left)
Iteration 70 / LogL: -447.195 / Time: 0h:0m:0s (0h:0m:0s left)
Iteration 80 / LogL: -447.148 / Time: 0h:0m:0s (0h:0m:0s left)
Iteration 90 / LogL: -447.149 / Time: 0h:0m:0s (0h:0m:0s left)
Iteration 100 / LogL: -447.180 / Time: 0h:0m:0s (0h:0m:0s left)
TREE SEARCH COMPLETED AFTER 102 ITERATIONS / Time: 0h:0m:0s

--------------------------------------------------------------------
|                    FINALIZING TREE SEARCH                        |
--------------------------------------------------------------------
Performs final model parameters optimization
Estimate model parameters (epsilon = 0.010)
1. Initial log-likelihood: -447.138
Optimal log-likelihood: -447.131
Gamma shape alpha: 4.660
Parameters optimization took 1 rounds (0.002 sec)
BEST SCORE FOUND : -447.131
Total tree length: 2.438

Total number of iterations: 102
CPU time used for tree search: 0.469 sec (0h:0m:0s)
Wall-clock time used for tree search: 0.470 sec (0h:0m:0s)
Total CPU time used: 0.496 sec (0h:0m:0s)
Total wall-clock time used: 0.514 sec (0h:0m:0s)

===> START BOOTSTRAP REPLICATE NUMBER 61

Creating bootstrap alignment (seed: 788530)...
WARNING: States(s) N, E, G, I, K, M, T, W, Y rarely appear in alignment and may cause numerical problems

Create initial parsimony tree by phylogenetic likelihood library (PLL)... 0.000 seconds
Reading model parameters from file /Users/mful870/Desktop/MD_3di_Dev_02Oct24/Scriptorum/SubstitutionMatrix/3di_substmat

NOTE: 0 MB RAM (0 GB) is required!
Estimate model parameters (epsilon = 0.100)
1. Initial log-likelihood: -554.591
2. Current log-likelihood: -538.154
3. Current log-likelihood: -537.311
4. Current log-likelihood: -537.192
Optimal log-likelihood: -537.152
Gamma shape alpha: 3.006
Parameters optimization took 4 rounds (0.011 sec)
Computing ML distances based on estimated model parameters... 0.009 sec
Computing BIONJ tree...
0.007 seconds
Log-likelihood of BIONJ tree: -529.564
--------------------------------------------------------------------
|             INITIALIZING CANDIDATE TREE SET                      |
--------------------------------------------------------------------
Generating 98 parsimony trees... 0.013 second
Computing log-likelihood of 58 initial trees ... 0.048 seconds
Current best score: -529.564

Do NNI search on 20 best initial trees
Estimate model parameters (epsilon = 0.100)
BETTER TREE FOUND at iteration 1: -529.561
Iteration 10 / LogL: -529.616 / Time: 0h:0m:0s
Iteration 20 / LogL: -529.635 / Time: 0h:0m:0s
Finish initializing candidate tree set (1)
Current best tree score: -529.561 / CPU time: 0.162
Number of iterations: 20
--------------------------------------------------------------------
|               OPTIMIZING CANDIDATE TREE SET                      |
--------------------------------------------------------------------
UPDATE BEST LOG-LIKELIHOOD: -529.561
UPDATE BEST LOG-LIKELIHOOD: -529.561
Iteration 30 / LogL: -530.113 / Time: 0h:0m:0s (0h:0m:0s left)
UPDATE BEST LOG-LIKELIHOOD: -529.561
Iteration 40 / LogL: -530.829 / Time: 0h:0m:0s (0h:0m:0s left)
UPDATE BEST LOG-LIKELIHOOD: -529.561
Iteration 50 / LogL: -529.602 / Time: 0h:0m:0s (0h:0m:0s left)
Iteration 60 / LogL: -529.594 / Time: 0h:0m:0s (0h:0m:0s left)
UPDATE BEST LOG-LIKELIHOOD: -529.561
Iteration 70 / LogL: -529.573 / Time: 0h:0m:0s (0h:0m:0s left)
Iteration 80 / LogL: -529.561 / Time: 0h:0m:0s (0h:0m:0s left)
Iteration 90 / LogL: -530.847 / Time: 0h:0m:0s (0h:0m:0s left)
Iteration 100 / LogL: -529.623 / Time: 0h:0m:0s (0h:0m:0s left)
TREE SEARCH COMPLETED AFTER 102 ITERATIONS / Time: 0h:0m:0s

--------------------------------------------------------------------
|                    FINALIZING TREE SEARCH                        |
--------------------------------------------------------------------
Performs final model parameters optimization
Estimate model parameters (epsilon = 0.010)
1. Initial log-likelihood: -529.561
Optimal log-likelihood: -529.561
Gamma shape alpha: 3.185
Parameters optimization took 1 rounds (0.001 sec)
BEST SCORE FOUND : -529.561
Total tree length: 2.001

Total number of iterations: 102
CPU time used for tree search: 0.509 sec (0h:0m:0s)
Wall-clock time used for tree search: 0.533 sec (0h:0m:0s)
Total CPU time used: 0.536 sec (0h:0m:0s)
Total wall-clock time used: 0.583 sec (0h:0m:0s)

===> START BOOTSTRAP REPLICATE NUMBER 62

Creating bootstrap alignment (seed: 788531)...
WARNING: States(s) A, N, E, I, K, M, F, T, W, Y rarely appear in alignment and may cause numerical problems

Create initial parsimony tree by phylogenetic likelihood library (PLL)... 0.000 seconds
Reading model parameters from file /Users/mful870/Desktop/MD_3di_Dev_02Oct24/Scriptorum/SubstitutionMatrix/3di_substmat

NOTE: 0 MB RAM (0 GB) is required!
Estimate model parameters (epsilon = 0.100)
1. Initial log-likelihood: -540.826
2. Current log-likelihood: -523.938
Optimal log-likelihood: -523.853
Gamma shape alpha: 1.408
Parameters optimization took 2 rounds (0.004 sec)
Computing ML distances based on estimated model parameters... 0.008 sec
Computing BIONJ tree...
0.007 seconds
Log-likelihood of BIONJ tree: -524.314
--------------------------------------------------------------------
|             INITIALIZING CANDIDATE TREE SET                      |
--------------------------------------------------------------------
Generating 98 parsimony trees... 0.012 second
Computing log-likelihood of 47 initial trees ... 0.034 seconds
Current best score: -523.421

Do NNI search on 20 best initial trees
Estimate model parameters (epsilon = 0.100)
BETTER TREE FOUND at iteration 1: -523.399
BETTER TREE FOUND at iteration 2: -523.399
UPDATE BEST LOG-LIKELIHOOD: -523.399
Iteration 10 / LogL: -523.399 / Time: 0h:0m:0s
WARNING: NNI search needs unusual large number of steps (7) to converge!
Iteration 20 / LogL: -523.399 / Time: 0h:0m:0s
Finish initializing candidate tree set (3)
Current best tree score: -523.399 / CPU time: 0.186
Number of iterations: 20
--------------------------------------------------------------------
|               OPTIMIZING CANDIDATE TREE SET                      |
--------------------------------------------------------------------
UPDATE BEST LOG-LIKELIHOOD: -523.399
Iteration 30 / LogL: -523.473 / Time: 0h:0m:0s (0h:0m:0s left)
UPDATE BEST LOG-LIKELIHOOD: -523.399
UPDATE BEST LOG-LIKELIHOOD: -523.399
Iteration 40 / LogL: -523.399 / Time: 0h:0m:0s (0h:0m:0s left)
UPDATE BEST LOG-LIKELIHOOD: -523.399
WARNING: NNI search needs unusual large number of steps (7) to converge!
UPDATE BEST LOG-LIKELIHOOD: -523.399
Iteration 50 / LogL: -523.473 / Time: 0h:0m:0s (0h:0m:0s left)
UPDATE BEST LOG-LIKELIHOOD: -523.399
UPDATE BEST LOG-LIKELIHOOD: -523.399
WARNING: NNI search needs unusual large number of steps (7) to converge!
Iteration 60 / LogL: -523.399 / Time: 0h:0m:0s (0h:0m:0s left)
WARNING: NNI search needs unusual large number of steps (7) to converge!
Iteration 70 / LogL: -523.399 / Time: 0h:0m:0s (0h:0m:0s left)
WARNING: NNI search needs unusual large number of steps (7) to converge!
WARNING: NNI search needs unusual large number of steps (7) to converge!
Iteration 80 / LogL: -523.399 / Time: 0h:0m:0s (0h:0m:0s left)
UPDATE BEST LOG-LIKELIHOOD: -523.399
Iteration 90 / LogL: -523.829 / Time: 0h:0m:0s (0h:0m:0s left)
Iteration 100 / LogL: -523.399 / Time: 0h:0m:0s (0h:0m:0s left)
TREE SEARCH COMPLETED AFTER 103 ITERATIONS / Time: 0h:0m:0s

--------------------------------------------------------------------
|                    FINALIZING TREE SEARCH                        |
--------------------------------------------------------------------
Performs final model parameters optimization
Estimate model parameters (epsilon = 0.010)
1. Initial log-likelihood: -523.399
Optimal log-likelihood: -523.398
Gamma shape alpha: 1.486
Parameters optimization took 1 rounds (0.001 sec)
BEST SCORE FOUND : -523.398
Total tree length: 2.440

Total number of iterations: 103
CPU time used for tree search: 0.625 sec (0h:0m:0s)
Wall-clock time used for tree search: 0.662 sec (0h:0m:0s)
Total CPU time used: 0.646 sec (0h:0m:0s)
Total wall-clock time used: 0.697 sec (0h:0m:0s)

===> START BOOTSTRAP REPLICATE NUMBER 63

Creating bootstrap alignment (seed: 788532)...
WARNING: States(s) A, N, E, H, I, K, M, F, T, W, Y rarely appear in alignment and may cause numerical problems

Create initial parsimony tree by phylogenetic likelihood library (PLL)... 0.000 seconds
Reading model parameters from file /Users/mful870/Desktop/MD_3di_Dev_02Oct24/Scriptorum/SubstitutionMatrix/3di_substmat

NOTE: 0 MB RAM (0 GB) is required!
Estimate model parameters (epsilon = 0.100)
1. Initial log-likelihood: -515.104
2. Current log-likelihood: -491.604
3. Current log-likelihood: -491.220
Optimal log-likelihood: -491.211
Gamma shape alpha: 0.969
Parameters optimization took 3 rounds (0.003 sec)
Computing ML distances based on estimated model parameters... 0.012 sec
Computing BIONJ tree...
0.007 seconds
Log-likelihood of BIONJ tree: -489.947
--------------------------------------------------------------------
|             INITIALIZING CANDIDATE TREE SET                      |
--------------------------------------------------------------------
Generating 98 parsimony trees... 0.013 second
Computing log-likelihood of 63 initial trees ... 0.044 seconds
Current best score: -489.947

Do NNI search on 20 best initial trees
Estimate model parameters (epsilon = 0.100)
BETTER TREE FOUND at iteration 1: -489.824
WARNING: NNI search needs unusual large number of steps (7) to converge!
Iteration 10 / LogL: -489.853 / Time: 0h:0m:0s
Iteration 20 / LogL: -490.752 / Time: 0h:0m:0s
Finish initializing candidate tree set (4)
Current best tree score: -489.824 / CPU time: 0.197
Number of iterations: 20
--------------------------------------------------------------------
|               OPTIMIZING CANDIDATE TREE SET                      |
--------------------------------------------------------------------
UPDATE BEST LOG-LIKELIHOOD: -489.818
Iteration 30 / LogL: -489.901 / Time: 0h:0m:0s (0h:0m:0s left)
WARNING: NNI search needs unusual large number of steps (7) to converge!
WARNING: NNI search needs unusual large number of steps (7) to converge!
Iteration 40 / LogL: -490.407 / Time: 0h:0m:0s (0h:0m:0s left)
Iteration 50 / LogL: -490.407 / Time: 0h:0m:0s (0h:0m:0s left)
UPDATE BEST LOG-LIKELIHOOD: -489.815
UPDATE BEST LOG-LIKELIHOOD: -489.815
WARNING: NNI search needs unusual large number of steps (7) to converge!
WARNING: NNI search needs unusual large number of steps (7) to converge!
Iteration 60 / LogL: -489.893 / Time: 0h:0m:0s (0h:0m:0s left)
Iteration 70 / LogL: -489.891 / Time: 0h:0m:0s (0h:0m:0s left)
WARNING: NNI search needs unusual large number of steps (7) to converge!
WARNING: NNI search needs unusual large number of steps (7) to converge!
Iteration 80 / LogL: -489.894 / Time: 0h:0m:0s (0h:0m:0s left)
Iteration 90 / LogL: -489.895 / Time: 0h:0m:0s (0h:0m:0s left)
Iteration 100 / LogL: -489.894 / Time: 0h:0m:0s (0h:0m:0s left)
TREE SEARCH COMPLETED AFTER 102 ITERATIONS / Time: 0h:0m:0s

--------------------------------------------------------------------
|                    FINALIZING TREE SEARCH                        |
--------------------------------------------------------------------
Performs final model parameters optimization
Estimate model parameters (epsilon = 0.010)
1. Initial log-likelihood: -489.815
2. Current log-likelihood: -489.797
3. Current log-likelihood: -489.787
Optimal log-likelihood: -489.781
Gamma shape alpha: 1.165
Parameters optimization took 3 rounds (0.003 sec)
BEST SCORE FOUND : -489.781
Total tree length: 4.435

Total number of iterations: 102
CPU time used for tree search: 0.589 sec (0h:0m:0s)
Wall-clock time used for tree search: 0.606 sec (0h:0m:0s)
Total CPU time used: 0.615 sec (0h:0m:0s)
Total wall-clock time used: 0.647 sec (0h:0m:0s)

===> START BOOTSTRAP REPLICATE NUMBER 64

Creating bootstrap alignment (seed: 788533)...
WARNING: States(s) N, E, I, K, M, T, W, Y rarely appear in alignment and may cause numerical problems

Create initial parsimony tree by phylogenetic likelihood library (PLL)... 0.000 seconds
Reading model parameters from file /Users/mful870/Desktop/MD_3di_Dev_02Oct24/Scriptorum/SubstitutionMatrix/3di_substmat

NOTE: 0 MB RAM (0 GB) is required!
Estimate model parameters (epsilon = 0.100)
1. Initial log-likelihood: -558.326
2. Current log-likelihood: -539.984
3. Current log-likelihood: -539.656
Optimal log-likelihood: -539.554
Gamma shape alpha: 0.842
Parameters optimization took 3 rounds (0.007 sec)
Computing ML distances based on estimated model parameters... 0.009 sec
Computing BIONJ tree...
0.007 seconds
Log-likelihood of BIONJ tree: -538.342
--------------------------------------------------------------------
|             INITIALIZING CANDIDATE TREE SET                      |
--------------------------------------------------------------------
Generating 98 parsimony trees... 0.013 second
Computing log-likelihood of 42 initial trees ... 0.032 seconds
Current best score: -538.315

Do NNI search on 20 best initial trees
Estimate model parameters (epsilon = 0.100)
BETTER TREE FOUND at iteration 1: -538.100
Iteration 10 / LogL: -539.538 / Time: 0h:0m:0s
Iteration 20 / LogL: -538.131 / Time: 0h:0m:0s
Finish initializing candidate tree set (4)
Current best tree score: -538.100 / CPU time: 0.171
Number of iterations: 20
--------------------------------------------------------------------
|               OPTIMIZING CANDIDATE TREE SET                      |
--------------------------------------------------------------------
Iteration 30 / LogL: -538.170 / Time: 0h:0m:0s (0h:0m:0s left)
UPDATE BEST LOG-LIKELIHOOD: -538.099
Iteration 40 / LogL: -539.538 / Time: 0h:0m:0s (0h:0m:0s left)
Iteration 50 / LogL: -538.735 / Time: 0h:0m:0s (0h:0m:0s left)
Iteration 60 / LogL: -538.112 / Time: 0h:0m:0s (0h:0m:0s left)
Iteration 70 / LogL: -538.105 / Time: 0h:0m:0s (0h:0m:0s left)
WARNING: NNI search needs unusual large number of steps (7) to converge!
Iteration 80 / LogL: -539.538 / Time: 0h:0m:0s (0h:0m:0s left)
Iteration 90 / LogL: -538.100 / Time: 0h:0m:0s (0h:0m:0s left)
Iteration 100 / LogL: -539.538 / Time: 0h:0m:0s (0h:0m:0s left)
TREE SEARCH COMPLETED AFTER 102 ITERATIONS / Time: 0h:0m:0s

--------------------------------------------------------------------
|                    FINALIZING TREE SEARCH                        |
--------------------------------------------------------------------
Performs final model parameters optimization
Estimate model parameters (epsilon = 0.010)
1. Initial log-likelihood: -538.099
Optimal log-likelihood: -538.096
Gamma shape alpha: 0.829
Parameters optimization took 1 rounds (0.001 sec)
BEST SCORE FOUND : -538.096
Total tree length: 4.292

Total number of iterations: 102
CPU time used for tree search: 0.553 sec (0h:0m:0s)
Wall-clock time used for tree search: 0.567 sec (0h:0m:0s)
Total CPU time used: 0.577 sec (0h:0m:0s)
Total wall-clock time used: 0.605 sec (0h:0m:0s)

===> START BOOTSTRAP REPLICATE NUMBER 65

Creating bootstrap alignment (seed: 788534)...
WARNING: States(s) A, N, E, I, K, M, F, T, W, Y rarely appear in alignment and may cause numerical problems

Create initial parsimony tree by phylogenetic likelihood library (PLL)... 0.000 seconds
Reading model parameters from file /Users/mful870/Desktop/MD_3di_Dev_02Oct24/Scriptorum/SubstitutionMatrix/3di_substmat

NOTE: 0 MB RAM (0 GB) is required!
Estimate model parameters (epsilon = 0.100)
1. Initial log-likelihood: -538.196
2. Current log-likelihood: -522.274
3. Current log-likelihood: -521.673
4. Current log-likelihood: -521.142
5. Current log-likelihood: -520.845
Optimal log-likelihood: -520.832
Gamma shape alpha: 0.556
Parameters optimization took 5 rounds (0.010 sec)
Computing ML distances based on estimated model parameters... 0.011 sec
WARNING: Some pairwise ML distances are too long (saturated)
Computing BIONJ tree...
0.007 seconds
Log-likelihood of BIONJ tree: -521.152
--------------------------------------------------------------------
|             INITIALIZING CANDIDATE TREE SET                      |
--------------------------------------------------------------------
Generating 98 parsimony trees... 0.013 second
Computing log-likelihood of 72 initial trees ... 0.055 seconds
Current best score: -518.553

Do NNI search on 20 best initial trees
Estimate model parameters (epsilon = 0.100)
BETTER TREE FOUND at iteration 1: -518.363
Estimate model parameters (epsilon = 0.100)
BETTER TREE FOUND at iteration 2: -518.253
Estimate model parameters (epsilon = 0.100)
BETTER TREE FOUND at iteration 7: -518.125
Estimate model parameters (epsilon = 0.100)
UPDATE BEST LOG-LIKELIHOOD: -518.043
Iteration 10 / LogL: -518.430 / Time: 0h:0m:0s
WARNING: NNI search needs unusual large number of steps (7) to converge!
Iteration 20 / LogL: -519.949 / Time: 0h:0m:0s
Finish initializing candidate tree set (9)
Current best tree score: -518.043 / CPU time: 0.208
Number of iterations: 20
--------------------------------------------------------------------
|               OPTIMIZING CANDIDATE TREE SET                      |
--------------------------------------------------------------------
Iteration 30 / LogL: -518.430 / Time: 0h:0m:0s (0h:0m:0s left)
Iteration 40 / LogL: -519.949 / Time: 0h:0m:0s (0h:0m:0s left)
Iteration 50 / LogL: -518.196 / Time: 0h:0m:0s (0h:0m:0s left)
Iteration 60 / LogL: -518.430 / Time: 0h:0m:0s (0h:0m:0s left)
UPDATE BEST LOG-LIKELIHOOD: -518.043
Iteration 70 / LogL: -518.429 / Time: 0h:0m:0s (0h:0m:0s left)
Iteration 80 / LogL: -518.217 / Time: 0h:0m:0s (0h:0m:0s left)
Iteration 90 / LogL: -518.255 / Time: 0h:0m:0s (0h:0m:0s left)
Iteration 100 / LogL: -518.276 / Time: 0h:0m:0s (0h:0m:0s left)
TREE SEARCH COMPLETED AFTER 108 ITERATIONS / Time: 0h:0m:0s

--------------------------------------------------------------------
|                    FINALIZING TREE SEARCH                        |
--------------------------------------------------------------------
Performs final model parameters optimization
Estimate model parameters (epsilon = 0.010)
1. Initial log-likelihood: -518.043
Optimal log-likelihood: -518.027
Gamma shape alpha: 0.614
Parameters optimization took 1 rounds (0.002 sec)
BEST SCORE FOUND : -518.027
Total tree length: 7.335

Total number of iterations: 108
CPU time used for tree search: 0.631 sec (0h:0m:0s)
Wall-clock time used for tree search: 0.643 sec (0h:0m:0s)
Total CPU time used: 0.661 sec (0h:0m:0s)
Total wall-clock time used: 0.688 sec (0h:0m:0s)

===> START BOOTSTRAP REPLICATE NUMBER 66

Creating bootstrap alignment (seed: 788535)...
WARNING: States(s) N, E, I, K, M, T, W, Y rarely appear in alignment and may cause numerical problems

Create initial parsimony tree by phylogenetic likelihood library (PLL)... 0.000 seconds
Reading model parameters from file /Users/mful870/Desktop/MD_3di_Dev_02Oct24/Scriptorum/SubstitutionMatrix/3di_substmat

NOTE: 0 MB RAM (0 GB) is required!
Estimate model parameters (epsilon = 0.100)
1. Initial log-likelihood: -553.203
2. Current log-likelihood: -541.824
Optimal log-likelihood: -541.758
Gamma shape alpha: 1.142
Parameters optimization took 2 rounds (0.003 sec)
Computing ML distances based on estimated model parameters... 0.008 sec
Computing BIONJ tree...
0.007 seconds
Log-likelihood of BIONJ tree: -542.372
--------------------------------------------------------------------
|             INITIALIZING CANDIDATE TREE SET                      |
--------------------------------------------------------------------
Generating 98 parsimony trees... 0.012 second
Computing log-likelihood of 71 initial trees ... 0.052 seconds
Current best score: -539.533

Do NNI search on 20 best initial trees
Estimate model parameters (epsilon = 0.100)
BETTER TREE FOUND at iteration 1: -538.063
Iteration 10 / LogL: -539.537 / Time: 0h:0m:0s
Iteration 20 / LogL: -538.156 / Time: 0h:0m:0s
Finish initializing candidate tree set (3)
Current best tree score: -538.063 / CPU time: 0.191
Number of iterations: 20
--------------------------------------------------------------------
|               OPTIMIZING CANDIDATE TREE SET                      |
--------------------------------------------------------------------
UPDATE BEST LOG-LIKELIHOOD: -538.063
Iteration 30 / LogL: -538.065 / Time: 0h:0m:0s (0h:0m:0s left)
Iteration 40 / LogL: -539.537 / Time: 0h:0m:0s (0h:0m:0s left)
UPDATE BEST LOG-LIKELIHOOD: -538.058
Iteration 50 / LogL: -538.085 / Time: 0h:0m:0s (0h:0m:0s left)
Iteration 60 / LogL: -539.537 / Time: 0h:0m:0s (0h:0m:0s left)
UPDATE BEST LOG-LIKELIHOOD: -538.058
UPDATE BEST LOG-LIKELIHOOD: -538.051
UPDATE BEST LOG-LIKELIHOOD: -538.051
Iteration 70 / LogL: -539.537 / Time: 0h:0m:0s (0h:0m:0s left)
Iteration 80 / LogL: -538.112 / Time: 0h:0m:0s (0h:0m:0s left)
Iteration 90 / LogL: -538.147 / Time: 0h:0m:0s (0h:0m:0s left)
Iteration 100 / LogL: -538.082 / Time: 0h:0m:0s (0h:0m:0s left)
TREE SEARCH COMPLETED AFTER 102 ITERATIONS / Time: 0h:0m:0s

--------------------------------------------------------------------
|                    FINALIZING TREE SEARCH                        |
--------------------------------------------------------------------
Performs final model parameters optimization
Estimate model parameters (epsilon = 0.010)
1. Initial log-likelihood: -538.051
Optimal log-likelihood: -538.039
Gamma shape alpha: 0.768
Parameters optimization took 1 rounds (0.002 sec)
BEST SCORE FOUND : -538.039
Total tree length: 2.968

Total number of iterations: 102
CPU time used for tree search: 0.535 sec (0h:0m:0s)
Wall-clock time used for tree search: 0.559 sec (0h:0m:0s)
Total CPU time used: 0.556 sec (0h:0m:0s)
Total wall-clock time used: 0.594 sec (0h:0m:0s)

===> START BOOTSTRAP REPLICATE NUMBER 67

Creating bootstrap alignment (seed: 788536)...
WARNING: States(s) A, N, E, H, I, K, M, F, T, W, Y rarely appear in alignment and may cause numerical problems

Create initial parsimony tree by phylogenetic likelihood library (PLL)... 0.000 seconds
Reading model parameters from file /Users/mful870/Desktop/MD_3di_Dev_02Oct24/Scriptorum/SubstitutionMatrix/3di_substmat

NOTE: 0 MB RAM (0 GB) is required!
Estimate model parameters (epsilon = 0.100)
1. Initial log-likelihood: -457.207
2. Current log-likelihood: -440.927
3. Current log-likelihood: -440.147
Optimal log-likelihood: -440.028
Gamma shape alpha: 0.532
Parameters optimization took 3 rounds (0.007 sec)
Computing ML distances based on estimated model parameters... 0.012 sec
Computing BIONJ tree...
0.007 seconds
Log-likelihood of BIONJ tree: -441.736
--------------------------------------------------------------------
|             INITIALIZING CANDIDATE TREE SET                      |
--------------------------------------------------------------------
Generating 98 parsimony trees... 0.014 second
Computing log-likelihood of 41 initial trees ... 0.029 seconds
Current best score: -439.989

Do NNI search on 20 best initial trees
Estimate model parameters (epsilon = 0.100)
BETTER TREE FOUND at iteration 1: -439.768
Iteration 10 / LogL: -439.884 / Time: 0h:0m:0s
WARNING: NNI search needs unusual large number of steps (7) to converge!
Iteration 20 / LogL: -440.005 / Time: 0h:0m:0s
Finish initializing candidate tree set (7)
Current best tree score: -439.768 / CPU time: 0.161
Number of iterations: 20
--------------------------------------------------------------------
|               OPTIMIZING CANDIDATE TREE SET                      |
--------------------------------------------------------------------
WARNING: NNI search needs unusual large number of steps (7) to converge!
Iteration 30 / LogL: -440.005 / Time: 0h:0m:0s (0h:0m:0s left)
Iteration 40 / LogL: -439.843 / Time: 0h:0m:0s (0h:0m:0s left)
Iteration 50 / LogL: -440.005 / Time: 0h:0m:0s (0h:0m:0s left)
Estimate model parameters (epsilon = 0.100)
UPDATE BEST LOG-LIKELIHOOD: -439.687
Iteration 60 / LogL: -439.767 / Time: 0h:0m:0s (0h:0m:0s left)
Estimate model parameters (epsilon = 0.100)
UPDATE BEST LOG-LIKELIHOOD: -439.665
Iteration 70 / LogL: -439.665 / Time: 0h:0m:0s (0h:0m:0s left)
Iteration 80 / LogL: -439.696 / Time: 0h:0m:0s (0h:0m:0s left)
Iteration 90 / LogL: -439.796 / Time: 0h:0m:0s (0h:0m:0s left)
Iteration 100 / LogL: -439.813 / Time: 0h:0m:0s (0h:0m:0s left)
TREE SEARCH COMPLETED AFTER 102 ITERATIONS / Time: 0h:0m:0s

--------------------------------------------------------------------
|                    FINALIZING TREE SEARCH                        |
--------------------------------------------------------------------
Performs final model parameters optimization
Estimate model parameters (epsilon = 0.010)
1. Initial log-likelihood: -439.665
Optimal log-likelihood: -439.665
Gamma shape alpha: 0.509
Parameters optimization took 1 rounds (0.001 sec)
BEST SCORE FOUND : -439.665
Total tree length: 5.191

Total number of iterations: 102
CPU time used for tree search: 0.550 sec (0h:0m:0s)
Wall-clock time used for tree search: 0.566 sec (0h:0m:0s)
Total CPU time used: 0.583 sec (0h:0m:0s)
Total wall-clock time used: 0.624 sec (0h:0m:0s)

===> START BOOTSTRAP REPLICATE NUMBER 68

Creating bootstrap alignment (seed: 788537)...
WARNING: States(s) N, E, G, I, K, M, T, W, Y rarely appear in alignment and may cause numerical problems

Create initial parsimony tree by phylogenetic likelihood library (PLL)... 0.000 seconds
Reading model parameters from file /Users/mful870/Desktop/MD_3di_Dev_02Oct24/Scriptorum/SubstitutionMatrix/3di_substmat

NOTE: 0 MB RAM (0 GB) is required!
Estimate model parameters (epsilon = 0.100)
1. Initial log-likelihood: -562.280
2. Current log-likelihood: -541.453
3. Current log-likelihood: -541.330
Optimal log-likelihood: -541.240
Gamma shape alpha: 1.403
Parameters optimization took 3 rounds (0.007 sec)
Computing ML distances based on estimated model parameters... 0.009 sec
Computing BIONJ tree...
0.007 seconds
Log-likelihood of BIONJ tree: -544.314
--------------------------------------------------------------------
|             INITIALIZING CANDIDATE TREE SET                      |
--------------------------------------------------------------------
Generating 98 parsimony trees... 0.013 second
Computing log-likelihood of 60 initial trees ... 0.047 seconds
Current best score: -541.232

Do NNI search on 20 best initial trees
Estimate model parameters (epsilon = 0.100)
BETTER TREE FOUND at iteration 1: -541.062
Iteration 10 / LogL: -541.112 / Time: 0h:0m:0s
WARNING: NNI search needs unusual large number of steps (7) to converge!
BETTER TREE FOUND at iteration 11: -541.056
WARNING: NNI search needs unusual large number of steps (7) to converge!
UPDATE BEST LOG-LIKELIHOOD: -541.056
UPDATE BEST LOG-LIKELIHOOD: -541.055
Iteration 20 / LogL: -541.056 / Time: 0h:0m:0s
Finish initializing candidate tree set (5)
Current best tree score: -541.055 / CPU time: 0.180
Number of iterations: 20
--------------------------------------------------------------------
|               OPTIMIZING CANDIDATE TREE SET                      |
--------------------------------------------------------------------
Iteration 30 / LogL: -541.208 / Time: 0h:0m:0s (0h:0m:0s left)
UPDATE BEST LOG-LIKELIHOOD: -541.055
WARNING: NNI search needs unusual large number of steps (7) to converge!
UPDATE BEST LOG-LIKELIHOOD: -541.055
Iteration 40 / LogL: -541.055 / Time: 0h:0m:0s (0h:0m:0s left)
UPDATE BEST LOG-LIKELIHOOD: -541.055
Iteration 50 / LogL: -541.112 / Time: 0h:0m:0s (0h:0m:0s left)
UPDATE BEST LOG-LIKELIHOOD: -541.055
Iteration 60 / LogL: -543.432 / Time: 0h:0m:0s (0h:0m:0s left)
UPDATE BEST LOG-LIKELIHOOD: -541.055
WARNING: NNI search needs unusual large number of steps (7) to converge!
Iteration 70 / LogL: -541.112 / Time: 0h:0m:0s (0h:0m:0s left)
Iteration 80 / LogL: -541.208 / Time: 0h:0m:0s (0h:0m:0s left)
UPDATE BEST LOG-LIKELIHOOD: -541.055
Iteration 90 / LogL: -541.112 / Time: 0h:0m:0s (0h:0m:0s left)
WARNING: NNI search needs unusual large number of steps (7) to converge!
Iteration 100 / LogL: -541.056 / Time: 0h:0m:0s (0h:0m:0s left)
UPDATE BEST LOG-LIKELIHOOD: -541.055
UPDATE BEST LOG-LIKELIHOOD: -541.055
Iteration 110 / LogL: -541.208 / Time: 0h:0m:0s (0h:0m:0s left)
TREE SEARCH COMPLETED AFTER 112 ITERATIONS / Time: 0h:0m:0s

--------------------------------------------------------------------
|                    FINALIZING TREE SEARCH                        |
--------------------------------------------------------------------
Performs final model parameters optimization
Estimate model parameters (epsilon = 0.010)
1. Initial log-likelihood: -541.055
2. Current log-likelihood: -541.024
3. Current log-likelihood: -540.994
4. Current log-likelihood: -540.983
Optimal log-likelihood: -540.977
Gamma shape alpha: 2.004
Parameters optimization took 4 rounds (0.007 sec)
BEST SCORE FOUND : -540.977
Total tree length: 2.672

Total number of iterations: 112
CPU time used for tree search: 0.649 sec (0h:0m:0s)
Wall-clock time used for tree search: 0.684 sec (0h:0m:0s)
Total CPU time used: 0.678 sec (0h:0m:0s)
Total wall-clock time used: 0.728 sec (0h:0m:0s)

===> START BOOTSTRAP REPLICATE NUMBER 69

Creating bootstrap alignment (seed: 788538)...
WARNING: States(s) A, N, E, I, K, M, F, T, W, Y rarely appear in alignment and may cause numerical problems

Create initial parsimony tree by phylogenetic likelihood library (PLL)... 0.000 seconds
Reading model parameters from file /Users/mful870/Desktop/MD_3di_Dev_02Oct24/Scriptorum/SubstitutionMatrix/3di_substmat

NOTE: 0 MB RAM (0 GB) is required!
Estimate model parameters (epsilon = 0.100)
1. Initial log-likelihood: -510.125
2. Current log-likelihood: -490.963
3. Current log-likelihood: -490.747
Optimal log-likelihood: -490.726
Gamma shape alpha: 1.167
Parameters optimization took 3 rounds (0.005 sec)
Computing ML distances based on estimated model parameters... 0.010 sec
Computing BIONJ tree...
0.007 seconds
Log-likelihood of BIONJ tree: -483.325
--------------------------------------------------------------------
|             INITIALIZING CANDIDATE TREE SET                      |
--------------------------------------------------------------------
Generating 98 parsimony trees... 0.013 second
Computing log-likelihood of 57 initial trees ... 0.040 seconds
Current best score: -483.325

Do NNI search on 20 best initial trees
Estimate model parameters (epsilon = 0.100)
BETTER TREE FOUND at iteration 1: -481.314
Estimate model parameters (epsilon = 0.100)
UPDATE BEST LOG-LIKELIHOOD: -481.282
WARNING: NNI search needs unusual large number of steps (7) to converge!
BETTER TREE FOUND at iteration 6: -481.279
Iteration 10 / LogL: -481.295 / Time: 0h:0m:0s
Iteration 20 / LogL: -487.663 / Time: 0h:0m:0s
Finish initializing candidate tree set (9)
Current best tree score: -481.279 / CPU time: 0.206
Number of iterations: 20
--------------------------------------------------------------------
|               OPTIMIZING CANDIDATE TREE SET                      |
--------------------------------------------------------------------
UPDATE BEST LOG-LIKELIHOOD: -481.279
Iteration 30 / LogL: -481.292 / Time: 0h:0m:0s (0h:0m:0s left)
Iteration 40 / LogL: -481.279 / Time: 0h:0m:0s (0h:0m:0s left)
WARNING: NNI search needs unusual large number of steps (7) to converge!
UPDATE BEST LOG-LIKELIHOOD: -481.278
UPDATE BEST LOG-LIKELIHOOD: -481.278
Iteration 50 / LogL: -487.663 / Time: 0h:0m:0s (0h:0m:0s left)
WARNING: NNI search needs unusual large number of steps (7) to converge!
Iteration 60 / LogL: -481.302 / Time: 0h:0m:0s (0h:0m:0s left)
WARNING: NNI search needs unusual large number of steps (7) to converge!
Iteration 70 / LogL: -481.294 / Time: 0h:0m:0s (0h:0m:0s left)
Iteration 80 / LogL: -487.663 / Time: 0h:0m:0s (0h:0m:0s left)
UPDATE BEST LOG-LIKELIHOOD: -481.278
Iteration 90 / LogL: -481.301 / Time: 0h:0m:0s (0h:0m:0s left)
WARNING: NNI search needs unusual large number of steps (7) to converge!
Iteration 100 / LogL: -481.319 / Time: 0h:0m:0s (0h:0m:0s left)
UPDATE BEST LOG-LIKELIHOOD: -481.278
WARNING: NNI search needs unusual large number of steps (7) to converge!
TREE SEARCH COMPLETED AFTER 107 ITERATIONS / Time: 0h:0m:0s

--------------------------------------------------------------------
|                    FINALIZING TREE SEARCH                        |
--------------------------------------------------------------------
Performs final model parameters optimization
Estimate model parameters (epsilon = 0.010)
1. Initial log-likelihood: -481.278
Optimal log-likelihood: -481.273
Gamma shape alpha: 4.026
Parameters optimization took 1 rounds (0.002 sec)
BEST SCORE FOUND : -481.273
Total tree length: 2.176

Total number of iterations: 107
CPU time used for tree search: 0.815 sec (0h:0m:0s)
Wall-clock time used for tree search: 0.840 sec (0h:0m:0s)
Total CPU time used: 0.838 sec (0h:0m:0s)
Total wall-clock time used: 0.878 sec (0h:0m:0s)

===> START BOOTSTRAP REPLICATE NUMBER 70

Creating bootstrap alignment (seed: 788539)...
WARNING: States(s) N, E, I, K, M, T, W, Y rarely appear in alignment and may cause numerical problems

Create initial parsimony tree by phylogenetic likelihood library (PLL)... 0.000 seconds
Reading model parameters from file /Users/mful870/Desktop/MD_3di_Dev_02Oct24/Scriptorum/SubstitutionMatrix/3di_substmat

NOTE: 0 MB RAM (0 GB) is required!
Estimate model parameters (epsilon = 0.100)
1. Initial log-likelihood: -496.697
2. Current log-likelihood: -479.935
Optimal log-likelihood: -479.844
Gamma shape alpha: 0.989
Parameters optimization took 2 rounds (0.003 sec)
Computing ML distances based on estimated model parameters... 0.040 sec
Computing BIONJ tree...
0.007 seconds
Log-likelihood of BIONJ tree: -482.496
--------------------------------------------------------------------
|             INITIALIZING CANDIDATE TREE SET                      |
--------------------------------------------------------------------
Generating 98 parsimony trees... 0.012 second
Computing log-likelihood of 54 initial trees ... 0.037 seconds
Current best score: -479.844

Do NNI search on 20 best initial trees
Estimate model parameters (epsilon = 0.100)
BETTER TREE FOUND at iteration 1: -479.829
Iteration 10 / LogL: -479.851 / Time: 0h:0m:0s
Iteration 20 / LogL: -479.855 / Time: 0h:0m:0s
Finish initializing candidate tree set (1)
Current best tree score: -479.829 / CPU time: 0.126
Number of iterations: 20
--------------------------------------------------------------------
|               OPTIMIZING CANDIDATE TREE SET                      |
--------------------------------------------------------------------
Iteration 30 / LogL: -481.295 / Time: 0h:0m:0s (0h:0m:0s left)
UPDATE BEST LOG-LIKELIHOOD: -479.826
Iteration 40 / LogL: -479.855 / Time: 0h:0m:0s (0h:0m:0s left)
Iteration 50 / LogL: -481.295 / Time: 0h:0m:0s (0h:0m:0s left)
UPDATE BEST LOG-LIKELIHOOD: -479.826
Iteration 60 / LogL: -479.850 / Time: 0h:0m:0s (0h:0m:0s left)
Iteration 70 / LogL: -479.855 / Time: 0h:0m:0s (0h:0m:0s left)
UPDATE BEST LOG-LIKELIHOOD: -479.826
Iteration 80 / LogL: -480.006 / Time: 0h:0m:0s (0h:0m:0s left)
Iteration 90 / LogL: -479.842 / Time: 0h:0m:0s (0h:0m:0s left)
Iteration 100 / LogL: -479.985 / Time: 0h:0m:0s (0h:0m:0s left)
TREE SEARCH COMPLETED AFTER 102 ITERATIONS / Time: 0h:0m:0s

--------------------------------------------------------------------
|                    FINALIZING TREE SEARCH                        |
--------------------------------------------------------------------
Performs final model parameters optimization
Estimate model parameters (epsilon = 0.010)
1. Initial log-likelihood: -479.826
Optimal log-likelihood: -479.820
Gamma shape alpha: 0.956
Parameters optimization took 1 rounds (0.001 sec)
BEST SCORE FOUND : -479.820
Total tree length: 3.516

Total number of iterations: 102
CPU time used for tree search: 0.507 sec (0h:0m:0s)
Wall-clock time used for tree search: 0.526 sec (0h:0m:0s)
Total CPU time used: 0.559 sec (0h:0m:0s)
Total wall-clock time used: 0.592 sec (0h:0m:0s)

===> START BOOTSTRAP REPLICATE NUMBER 71

Creating bootstrap alignment (seed: 788540)...
WARNING: States(s) N, E, I, K, M, T, W, Y rarely appear in alignment and may cause numerical problems

Create initial parsimony tree by phylogenetic likelihood library (PLL)... 0.000 seconds
Reading model parameters from file /Users/mful870/Desktop/MD_3di_Dev_02Oct24/Scriptorum/SubstitutionMatrix/3di_substmat

NOTE: 0 MB RAM (0 GB) is required!
Estimate model parameters (epsilon = 0.100)
1. Initial log-likelihood: -592.879
2. Current log-likelihood: -569.672
3. Current log-likelihood: -569.503
Optimal log-likelihood: -569.405
Gamma shape alpha: 1.271
Parameters optimization took 3 rounds (0.007 sec)
Computing ML distances based on estimated model parameters... 0.011 sec
WARNING: Some pairwise ML distances are too long (saturated)
Computing BIONJ tree...
0.007 seconds
Log-likelihood of BIONJ tree: -569.692
--------------------------------------------------------------------
|             INITIALIZING CANDIDATE TREE SET                      |
--------------------------------------------------------------------
Generating 98 parsimony trees... 0.013 second
Computing log-likelihood of 53 initial trees ... 0.040 seconds
Current best score: -569.259

Do NNI search on 20 best initial trees
Estimate model parameters (epsilon = 0.100)
BETTER TREE FOUND at iteration 1: -569.123
Iteration 10 / LogL: -569.167 / Time: 0h:0m:0s
Iteration 20 / LogL: -569.233 / Time: 0h:0m:0s
Finish initializing candidate tree set (1)
Current best tree score: -569.123 / CPU time: 0.149
Number of iterations: 20
--------------------------------------------------------------------
|               OPTIMIZING CANDIDATE TREE SET                      |
--------------------------------------------------------------------
UPDATE BEST LOG-LIKELIHOOD: -569.121
UPDATE BEST LOG-LIKELIHOOD: -569.120
UPDATE BEST LOG-LIKELIHOOD: -569.120
UPDATE BEST LOG-LIKELIHOOD: -569.120
Iteration 30 / LogL: -569.129 / Time: 0h:0m:0s (0h:0m:0s left)
UPDATE BEST LOG-LIKELIHOOD: -569.120
UPDATE BEST LOG-LIKELIHOOD: -569.120
Iteration 40 / LogL: -569.155 / Time: 0h:0m:0s (0h:0m:0s left)
UPDATE BEST LOG-LIKELIHOOD: -569.120
Iteration 50 / LogL: -569.177 / Time: 0h:0m:0s (0h:0m:0s left)
Iteration 60 / LogL: -569.127 / Time: 0h:0m:0s (0h:0m:0s left)
UPDATE BEST LOG-LIKELIHOOD: -569.120
Iteration 70 / LogL: -569.121 / Time: 0h:0m:0s (0h:0m:0s left)
UPDATE BEST LOG-LIKELIHOOD: -569.120
UPDATE BEST LOG-LIKELIHOOD: -569.120
Iteration 80 / LogL: -569.129 / Time: 0h:0m:0s (0h:0m:0s left)
UPDATE BEST LOG-LIKELIHOOD: -569.120
Iteration 90 / LogL: -569.130 / Time: 0h:0m:0s (0h:0m:0s left)
Iteration 100 / LogL: -569.522 / Time: 0h:0m:0s (0h:0m:0s left)
UPDATE BEST LOG-LIKELIHOOD: -569.120
TREE SEARCH COMPLETED AFTER 102 ITERATIONS / Time: 0h:0m:0s

--------------------------------------------------------------------
|                    FINALIZING TREE SEARCH                        |
--------------------------------------------------------------------
Performs final model parameters optimization
Estimate model parameters (epsilon = 0.010)
1. Initial log-likelihood: -569.120
2. Current log-likelihood: -569.073
3. Current log-likelihood: -568.999
4. Current log-likelihood: -568.943
5. Current log-likelihood: -568.904
6. Current log-likelihood: -568.877
7. Current log-likelihood: -568.861
8. Current log-likelihood: -568.850
Optimal log-likelihood: -568.840
Gamma shape alpha: 2.315
Parameters optimization took 8 rounds (0.016 sec)
BEST SCORE FOUND : -568.840
Total tree length: 3.347

Total number of iterations: 102
CPU time used for tree search: 0.453 sec (0h:0m:0s)
Wall-clock time used for tree search: 0.504 sec (0h:0m:0s)
Total CPU time used: 0.494 sec (0h:0m:0s)
Total wall-clock time used: 0.560 sec (0h:0m:0s)

===> START BOOTSTRAP REPLICATE NUMBER 72

Creating bootstrap alignment (seed: 788541)...
WARNING: States(s) A, N, E, G, I, K, M, F, T, W, Y rarely appear in alignment and may cause numerical problems

Create initial parsimony tree by phylogenetic likelihood library (PLL)... 0.000 seconds
Reading model parameters from file /Users/mful870/Desktop/MD_3di_Dev_02Oct24/Scriptorum/SubstitutionMatrix/3di_substmat

NOTE: 0 MB RAM (0 GB) is required!
Estimate model parameters (epsilon = 0.100)
1. Initial log-likelihood: -596.405
2. Current log-likelihood: -574.375
3. Current log-likelihood: -573.918
Optimal log-likelihood: -573.904
Gamma shape alpha: 1.209
Parameters optimization took 3 rounds (0.005 sec)
Computing ML distances based on estimated model parameters... 0.010 sec
Computing BIONJ tree...
0.007 seconds
Log-likelihood of BIONJ tree: -575.934
--------------------------------------------------------------------
|             INITIALIZING CANDIDATE TREE SET                      |
--------------------------------------------------------------------
Generating 98 parsimony trees... 0.014 second
Computing log-likelihood of 41 initial trees ... 0.028 seconds
Current best score: -573.904

Do NNI search on 20 best initial trees
Estimate model parameters (epsilon = 0.100)
BETTER TREE FOUND at iteration 1: -573.904
Iteration 10 / LogL: -573.904 / Time: 0h:0m:0s
Iteration 20 / LogL: -573.904 / Time: 0h:0m:0s
Finish initializing candidate tree set (2)
Current best tree score: -573.904 / CPU time: 0.185
Number of iterations: 20
--------------------------------------------------------------------
|               OPTIMIZING CANDIDATE TREE SET                      |
--------------------------------------------------------------------
Iteration 30 / LogL: -573.904 / Time: 0h:0m:0s (0h:0m:0s left)
UPDATE BEST LOG-LIKELIHOOD: -573.904
WARNING: NNI search needs unusual large number of steps (7) to converge!
Iteration 40 / LogL: -573.904 / Time: 0h:0m:0s (0h:0m:0s left)
Iteration 50 / LogL: -573.904 / Time: 0h:0m:0s (0h:0m:0s left)
Iteration 60 / LogL: -573.904 / Time: 0h:0m:0s (0h:0m:0s left)
UPDATE BEST LOG-LIKELIHOOD: -573.904
Iteration 70 / LogL: -573.904 / Time: 0h:0m:0s (0h:0m:0s left)
WARNING: NNI search needs unusual large number of steps (7) to converge!
Iteration 80 / LogL: -573.904 / Time: 0h:0m:0s (0h:0m:0s left)
Iteration 90 / LogL: -573.904 / Time: 0h:0m:0s (0h:0m:0s left)
Iteration 100 / LogL: -573.904 / Time: 0h:0m:0s (0h:0m:0s left)
TREE SEARCH COMPLETED AFTER 102 ITERATIONS / Time: 0h:0m:0s

--------------------------------------------------------------------
|                    FINALIZING TREE SEARCH                        |
--------------------------------------------------------------------
Performs final model parameters optimization
Estimate model parameters (epsilon = 0.010)
1. Initial log-likelihood: -573.904
Optimal log-likelihood: -573.904
Gamma shape alpha: 1.209
Parameters optimization took 1 rounds (0.001 sec)
BEST SCORE FOUND : -573.904
Total tree length: 4.156

Total number of iterations: 102
CPU time used for tree search: 0.602 sec (0h:0m:0s)
Wall-clock time used for tree search: 0.617 sec (0h:0m:0s)
Total CPU time used: 0.624 sec (0h:0m:0s)
Total wall-clock time used: 0.655 sec (0h:0m:0s)

===> START BOOTSTRAP REPLICATE NUMBER 73

Creating bootstrap alignment (seed: 788542)...
WARNING: States(s) N, E, G, I, K, M, T, W, Y rarely appear in alignment and may cause numerical problems

Create initial parsimony tree by phylogenetic likelihood library (PLL)... 0.000 seconds
Reading model parameters from file /Users/mful870/Desktop/MD_3di_Dev_02Oct24/Scriptorum/SubstitutionMatrix/3di_substmat

NOTE: 0 MB RAM (0 GB) is required!
Estimate model parameters (epsilon = 0.100)
1. Initial log-likelihood: -536.290
2. Current log-likelihood: -522.976
Optimal log-likelihood: -522.875
Gamma shape alpha: 1.484
Parameters optimization took 2 rounds (0.005 sec)
Computing ML distances based on estimated model parameters... 0.008 sec
Computing BIONJ tree...
0.007 seconds
Log-likelihood of BIONJ tree: -524.161
--------------------------------------------------------------------
|             INITIALIZING CANDIDATE TREE SET                      |
--------------------------------------------------------------------
Generating 98 parsimony trees... 0.012 second
Computing log-likelihood of 49 initial trees ... 0.038 seconds
Current best score: -522.875

Do NNI search on 20 best initial trees
Estimate model parameters (epsilon = 0.100)
BETTER TREE FOUND at iteration 1: -522.847
UPDATE BEST LOG-LIKELIHOOD: -522.846
BETTER TREE FOUND at iteration 3: -522.846
Iteration 10 / LogL: -522.846 / Time: 0h:0m:0s
UPDATE BEST LOG-LIKELIHOOD: -522.846
UPDATE BEST LOG-LIKELIHOOD: -522.846
UPDATE BEST LOG-LIKELIHOOD: -522.846
Iteration 20 / LogL: -522.846 / Time: 0h:0m:0s
Finish initializing candidate tree set (3)
Current best tree score: -522.846 / CPU time: 0.174
Number of iterations: 20
--------------------------------------------------------------------
|               OPTIMIZING CANDIDATE TREE SET                      |
--------------------------------------------------------------------
UPDATE BEST LOG-LIKELIHOOD: -522.846
UPDATE BEST LOG-LIKELIHOOD: -522.846
Iteration 30 / LogL: -522.846 / Time: 0h:0m:0s (0h:0m:0s left)
Iteration 40 / LogL: -522.972 / Time: 0h:0m:0s (0h:0m:0s left)
UPDATE BEST LOG-LIKELIHOOD: -522.846
Iteration 50 / LogL: -523.018 / Time: 0h:0m:0s (0h:0m:0s left)
UPDATE BEST LOG-LIKELIHOOD: -522.846
Iteration 60 / LogL: -522.846 / Time: 0h:0m:0s (0h:0m:0s left)
Iteration 70 / LogL: -522.846 / Time: 0h:0m:0s (0h:0m:0s left)
Iteration 80 / LogL: -523.142 / Time: 0h:0m:0s (0h:0m:0s left)
Iteration 90 / LogL: -522.846 / Time: 0h:0m:0s (0h:0m:0s left)
Iteration 100 / LogL: -522.967 / Time: 0h:0m:0s (0h:0m:0s left)
TREE SEARCH COMPLETED AFTER 104 ITERATIONS / Time: 0h:0m:0s

--------------------------------------------------------------------
|                    FINALIZING TREE SEARCH                        |
--------------------------------------------------------------------
Performs final model parameters optimization
Estimate model parameters (epsilon = 0.010)
1. Initial log-likelihood: -522.846
Optimal log-likelihood: -522.839
Gamma shape alpha: 1.652
Parameters optimization took 1 rounds (0.002 sec)
BEST SCORE FOUND : -522.839
Total tree length: 2.586

Total number of iterations: 104
CPU time used for tree search: 0.533 sec (0h:0m:0s)
Wall-clock time used for tree search: 0.556 sec (0h:0m:0s)
Total CPU time used: 0.556 sec (0h:0m:0s)
Total wall-clock time used: 0.594 sec (0h:0m:0s)

===> START BOOTSTRAP REPLICATE NUMBER 74

Creating bootstrap alignment (seed: 788543)...
WARNING: States(s) A, N, E, I, K, M, F, T, W, Y rarely appear in alignment and may cause numerical problems

Create initial parsimony tree by phylogenetic likelihood library (PLL)... 0.000 seconds
Reading model parameters from file /Users/mful870/Desktop/MD_3di_Dev_02Oct24/Scriptorum/SubstitutionMatrix/3di_substmat

NOTE: 0 MB RAM (0 GB) is required!
Estimate model parameters (epsilon = 0.100)
1. Initial log-likelihood: -505.780
2. Current log-likelihood: -486.898
3. Current log-likelihood: -486.383
Optimal log-likelihood: -486.306
Gamma shape alpha: 1.478
Parameters optimization took 3 rounds (0.006 sec)
Computing ML distances based on estimated model parameters... 0.009 sec
Computing BIONJ tree...
0.006 seconds
Log-likelihood of BIONJ tree: -490.258
--------------------------------------------------------------------
|             INITIALIZING CANDIDATE TREE SET                      |
--------------------------------------------------------------------
Generating 98 parsimony trees... 0.013 second
Computing log-likelihood of 61 initial trees ... 0.043 seconds
Current best score: -484.516

Do NNI search on 20 best initial trees
Estimate model parameters (epsilon = 0.100)
BETTER TREE FOUND at iteration 1: -483.480
BETTER TREE FOUND at iteration 2: -483.473
Iteration 10 / LogL: -483.497 / Time: 0h:0m:0s
WARNING: NNI search needs unusual large number of steps (7) to converge!
UPDATE BEST LOG-LIKELIHOOD: -483.473
Iteration 20 / LogL: -483.478 / Time: 0h:0m:0s
Finish initializing candidate tree set (5)
Current best tree score: -483.473 / CPU time: 0.183
Number of iterations: 20
--------------------------------------------------------------------
|               OPTIMIZING CANDIDATE TREE SET                      |
--------------------------------------------------------------------
UPDATE BEST LOG-LIKELIHOOD: -483.473
UPDATE BEST LOG-LIKELIHOOD: -483.473
WARNING: NNI search needs unusual large number of steps (7) to converge!
Iteration 30 / LogL: -483.473 / Time: 0h:0m:0s (0h:0m:0s left)
Iteration 40 / LogL: -483.497 / Time: 0h:0m:0s (0h:0m:0s left)
WARNING: NNI search needs unusual large number of steps (7) to converge!
Iteration 50 / LogL: -483.474 / Time: 0h:0m:0s (0h:0m:0s left)
Iteration 60 / LogL: -483.473 / Time: 0h:0m:0s (0h:0m:0s left)
UPDATE BEST LOG-LIKELIHOOD: -483.473
UPDATE BEST LOG-LIKELIHOOD: -483.473
Iteration 70 / LogL: -483.497 / Time: 0h:0m:0s (0h:0m:0s left)
UPDATE BEST LOG-LIKELIHOOD: -483.473
WARNING: NNI search needs unusual large number of steps (7) to converge!
WARNING: NNI search needs unusual large number of steps (7) to converge!
Iteration 80 / LogL: -483.473 / Time: 0h:0m:0s (0h:0m:0s left)
UPDATE BEST LOG-LIKELIHOOD: -483.473
UPDATE BEST LOG-LIKELIHOOD: -483.473
Iteration 90 / LogL: -483.497 / Time: 0h:0m:0s (0h:0m:0s left)
WARNING: NNI search needs unusual large number of steps (7) to converge!
Iteration 100 / LogL: -483.473 / Time: 0h:0m:0s (0h:0m:0s left)
UPDATE BEST LOG-LIKELIHOOD: -483.473
TREE SEARCH COMPLETED AFTER 103 ITERATIONS / Time: 0h:0m:0s

--------------------------------------------------------------------
|                    FINALIZING TREE SEARCH                        |
--------------------------------------------------------------------
Performs final model parameters optimization
Estimate model parameters (epsilon = 0.010)
1. Initial log-likelihood: -483.473
2. Current log-likelihood: -483.461
Optimal log-likelihood: -483.453
Gamma shape alpha: 3.927
Parameters optimization took 2 rounds (0.003 sec)
BEST SCORE FOUND : -483.453
Total tree length: 2.225

Total number of iterations: 103
CPU time used for tree search: 0.567 sec (0h:0m:0s)
Wall-clock time used for tree search: 0.604 sec (0h:0m:0s)
Total CPU time used: 0.595 sec (0h:0m:0s)
Total wall-clock time used: 0.646 sec (0h:0m:0s)

===> START BOOTSTRAP REPLICATE NUMBER 75

Creating bootstrap alignment (seed: 788544)...
WARNING: States(s) A, N, E, I, K, M, F, T, W, Y rarely appear in alignment and may cause numerical problems

Create initial parsimony tree by phylogenetic likelihood library (PLL)... 0.000 seconds
Reading model parameters from file /Users/mful870/Desktop/MD_3di_Dev_02Oct24/Scriptorum/SubstitutionMatrix/3di_substmat

NOTE: 0 MB RAM (0 GB) is required!
Estimate model parameters (epsilon = 0.100)
1. Initial log-likelihood: -569.480
2. Current log-likelihood: -552.439
3. Current log-likelihood: -552.067
Optimal log-likelihood: -551.995
Gamma shape alpha: 0.919
Parameters optimization took 3 rounds (0.007 sec)
Computing ML distances based on estimated model parameters... 0.010 sec
Computing BIONJ tree...
0.007 seconds
Log-likelihood of BIONJ tree: -554.076
--------------------------------------------------------------------
|             INITIALIZING CANDIDATE TREE SET                      |
--------------------------------------------------------------------
Generating 98 parsimony trees... 0.013 second
Computing log-likelihood of 39 initial trees ... 0.031 seconds
Current best score: -550.290

Do NNI search on 20 best initial trees
Estimate model parameters (epsilon = 0.100)
BETTER TREE FOUND at iteration 1: -549.688
WARNING: NNI search needs unusual large number of steps (7) to converge!
BETTER TREE FOUND at iteration 2: -549.685
Iteration 10 / LogL: -551.971 / Time: 0h:0m:0s
WARNING: NNI search needs unusual large number of steps (7) to converge!
Iteration 20 / LogL: -551.971 / Time: 0h:0m:0s
Finish initializing candidate tree set (6)
Current best tree score: -549.685 / CPU time: 0.211
Number of iterations: 20
--------------------------------------------------------------------
|               OPTIMIZING CANDIDATE TREE SET                      |
--------------------------------------------------------------------
UPDATE BEST LOG-LIKELIHOOD: -549.685
WARNING: NNI search needs unusual large number of steps (7) to converge!
UPDATE BEST LOG-LIKELIHOOD: -549.685
WARNING: NNI search needs unusual large number of steps (7) to converge!
WARNING: NNI search needs unusual large number of steps (7) to converge!
Iteration 30 / LogL: -549.685 / Time: 0h:0m:0s (0h:0m:0s left)
UPDATE BEST LOG-LIKELIHOOD: -549.685
UPDATE BEST LOG-LIKELIHOOD: -549.685
Iteration 40 / LogL: -551.971 / Time: 0h:0m:0s (0h:0m:0s left)
UPDATE BEST LOG-LIKELIHOOD: -549.685
UPDATE BEST LOG-LIKELIHOOD: -549.685
Iteration 50 / LogL: -549.686 / Time: 0h:0m:0s (0h:0m:0s left)
UPDATE BEST LOG-LIKELIHOOD: -549.685
Iteration 60 / LogL: -549.686 / Time: 0h:0m:0s (0h:0m:0s left)
WARNING: NNI search needs unusual large number of steps (7) to converge!
UPDATE BEST LOG-LIKELIHOOD: -549.685
UPDATE BEST LOG-LIKELIHOOD: -549.685
Iteration 70 / LogL: -549.685 / Time: 0h:0m:0s (0h:0m:0s left)
UPDATE BEST LOG-LIKELIHOOD: -549.685
UPDATE BEST LOG-LIKELIHOOD: -549.685
WARNING: NNI search needs unusual large number of steps (7) to converge!
Iteration 80 / LogL: -549.685 / Time: 0h:0m:0s (0h:0m:0s left)
WARNING: NNI search needs unusual large number of steps (7) to converge!
WARNING: NNI search needs unusual large number of steps (7) to converge!
Iteration 90 / LogL: -550.984 / Time: 0h:0m:0s (0h:0m:0s left)
WARNING: NNI search needs unusual large number of steps (7) to converge!
Iteration 100 / LogL: -550.956 / Time: 0h:0m:0s (0h:0m:0s left)
TREE SEARCH COMPLETED AFTER 103 ITERATIONS / Time: 0h:0m:0s

--------------------------------------------------------------------
|                    FINALIZING TREE SEARCH                        |
--------------------------------------------------------------------
Performs final model parameters optimization
Estimate model parameters (epsilon = 0.010)
1. Initial log-likelihood: -549.685
Optimal log-likelihood: -549.675
Gamma shape alpha: 0.853
Parameters optimization took 1 rounds (0.002 sec)
BEST SCORE FOUND : -549.675
Total tree length: 5.026

Total number of iterations: 103
CPU time used for tree search: 0.704 sec (0h:0m:0s)
Wall-clock time used for tree search: 0.755 sec (0h:0m:0s)
Total CPU time used: 0.730 sec (0h:0m:0s)
Total wall-clock time used: 0.795 sec (0h:0m:0s)

===> START BOOTSTRAP REPLICATE NUMBER 76

Creating bootstrap alignment (seed: 788545)...
WARNING: States(s) N, E, I, K, M, T, W, Y rarely appear in alignment and may cause numerical problems

Create initial parsimony tree by phylogenetic likelihood library (PLL)... 0.000 seconds
Reading model parameters from file /Users/mful870/Desktop/MD_3di_Dev_02Oct24/Scriptorum/SubstitutionMatrix/3di_substmat

NOTE: 0 MB RAM (0 GB) is required!
Estimate model parameters (epsilon = 0.100)
1. Initial log-likelihood: -610.204
2. Current log-likelihood: -586.439
3. Current log-likelihood: -586.238
Optimal log-likelihood: -586.169
Gamma shape alpha: 1.402
Parameters optimization took 3 rounds (0.007 sec)
Computing ML distances based on estimated model parameters... 0.010 sec
Computing BIONJ tree...
0.014 seconds
Log-likelihood of BIONJ tree: -587.071
--------------------------------------------------------------------
|             INITIALIZING CANDIDATE TREE SET                      |
--------------------------------------------------------------------
Generating 98 parsimony trees... 0.013 second
Computing log-likelihood of 72 initial trees ... 0.054 seconds
Current best score: -585.346

Do NNI search on 20 best initial trees
Estimate model parameters (epsilon = 0.100)
BETTER TREE FOUND at iteration 1: -584.829
Iteration 10 / LogL: -586.213 / Time: 0h:0m:0s
Iteration 20 / LogL: -586.213 / Time: 0h:0m:0s
Finish initializing candidate tree set (7)
Current best tree score: -584.829 / CPU time: 0.181
Number of iterations: 20
--------------------------------------------------------------------
|               OPTIMIZING CANDIDATE TREE SET                      |
--------------------------------------------------------------------
Iteration 30 / LogL: -584.864 / Time: 0h:0m:0s (0h:0m:0s left)
Iteration 40 / LogL: -584.832 / Time: 0h:0m:0s (0h:0m:0s left)
Iteration 50 / LogL: -585.739 / Time: 0h:0m:0s (0h:0m:0s left)
Iteration 60 / LogL: -584.832 / Time: 0h:0m:0s (0h:0m:0s left)
Iteration 70 / LogL: -586.213 / Time: 0h:0m:0s (0h:0m:0s left)
UPDATE BEST LOG-LIKELIHOOD: -584.829
Iteration 80 / LogL: -585.739 / Time: 0h:0m:0s (0h:0m:0s left)
Iteration 90 / LogL: -586.213 / Time: 0h:0m:0s (0h:0m:0s left)
UPDATE BEST LOG-LIKELIHOOD: -584.829
Iteration 100 / LogL: -585.739 / Time: 0h:0m:0s (0h:0m:0s left)
TREE SEARCH COMPLETED AFTER 102 ITERATIONS / Time: 0h:0m:0s

--------------------------------------------------------------------
|                    FINALIZING TREE SEARCH                        |
--------------------------------------------------------------------
Performs final model parameters optimization
Estimate model parameters (epsilon = 0.010)
1. Initial log-likelihood: -584.829
2. Current log-likelihood: -584.817
Optimal log-likelihood: -584.806
Gamma shape alpha: 2.675
Parameters optimization took 2 rounds (0.004 sec)
BEST SCORE FOUND : -584.806
Total tree length: 3.137

Total number of iterations: 102
CPU time used for tree search: 0.481 sec (0h:0m:0s)
Wall-clock time used for tree search: 0.490 sec (0h:0m:0s)
Total CPU time used: 0.508 sec (0h:0m:0s)
Total wall-clock time used: 0.539 sec (0h:0m:0s)

===> START BOOTSTRAP REPLICATE NUMBER 77

Creating bootstrap alignment (seed: 788546)...
WARNING: States(s) N, E, G, I, K, M, T, W, Y rarely appear in alignment and may cause numerical problems

Create initial parsimony tree by phylogenetic likelihood library (PLL)... 0.000 seconds
Reading model parameters from file /Users/mful870/Desktop/MD_3di_Dev_02Oct24/Scriptorum/SubstitutionMatrix/3di_substmat

NOTE: 0 MB RAM (0 GB) is required!
Estimate model parameters (epsilon = 0.100)
1. Initial log-likelihood: -534.859
2. Current log-likelihood: -519.740
3. Current log-likelihood: -519.419
Optimal log-likelihood: -519.370
Gamma shape alpha: 1.841
Parameters optimization took 3 rounds (0.007 sec)
Computing ML distances based on estimated model parameters... 0.007 sec
Computing BIONJ tree...
0.007 seconds
Log-likelihood of BIONJ tree: -519.116
--------------------------------------------------------------------
|             INITIALIZING CANDIDATE TREE SET                      |
--------------------------------------------------------------------
Generating 98 parsimony trees... 0.013 second
Computing log-likelihood of 54 initial trees ... 0.041 seconds
Current best score: -519.116

Do NNI search on 20 best initial trees
Estimate model parameters (epsilon = 0.100)
BETTER TREE FOUND at iteration 1: -519.091
UPDATE BEST LOG-LIKELIHOOD: -519.091
Estimate model parameters (epsilon = 0.100)
BETTER TREE FOUND at iteration 10: -517.323
Iteration 10 / LogL: -517.323 / Time: 0h:0m:0s
Estimate model parameters (epsilon = 0.100)
BETTER TREE FOUND at iteration 11: -517.067
WARNING: NNI search needs unusual large number of steps (7) to converge!
BETTER TREE FOUND at iteration 16: -517.067
Iteration 20 / LogL: -519.356 / Time: 0h:0m:0s
Finish initializing candidate tree set (7)
Current best tree score: -517.067 / CPU time: 0.195
Number of iterations: 20
--------------------------------------------------------------------
|               OPTIMIZING CANDIDATE TREE SET                      |
--------------------------------------------------------------------
UPDATE BEST LOG-LIKELIHOOD: -517.067
UPDATE BEST LOG-LIKELIHOOD: -517.067
UPDATE BEST LOG-LIKELIHOOD: -517.067
Iteration 30 / LogL: -519.356 / Time: 0h:0m:0s (0h:0m:0s left)
WARNING: NNI search needs unusual large number of steps (7) to converge!
Iteration 40 / LogL: -519.356 / Time: 0h:0m:0s (0h:0m:0s left)
WARNING: NNI search needs unusual large number of steps (7) to converge!
WARNING: NNI search needs unusual large number of steps (7) to converge!
Iteration 50 / LogL: -519.356 / Time: 0h:0m:0s (0h:0m:0s left)
Estimate model parameters (epsilon = 0.100)
BETTER TREE FOUND at iteration 56: -516.873
Iteration 60 / LogL: -517.112 / Time: 0h:0m:0s (0h:0m:0s left)
UPDATE BEST LOG-LIKELIHOOD: -516.872
WARNING: NNI search needs unusual large number of steps (7) to converge!
BETTER TREE FOUND at iteration 68: -516.872
Iteration 70 / LogL: -517.367 / Time: 0h:0m:0s (0h:0m:0s left)
UPDATE BEST LOG-LIKELIHOOD: -516.872
Iteration 80 / LogL: -517.111 / Time: 0h:0m:0s (0h:0m:0s left)
UPDATE BEST LOG-LIKELIHOOD: -516.872
Iteration 90 / LogL: -517.112 / Time: 0h:0m:0s (0h:0m:0s left)
Iteration 100 / LogL: -517.112 / Time: 0h:0m:0s (0h:0m:0s left)
WARNING: NNI search needs unusual large number of steps (7) to converge!
Iteration 110 / LogL: -516.872 / Time: 0h:0m:0s (0h:0m:0s left)
Iteration 120 / LogL: -517.112 / Time: 0h:0m:0s (0h:0m:0s left)
WARNING: NNI search needs unusual large number of steps (7) to converge!
Iteration 130 / LogL: -517.325 / Time: 0h:0m:0s (0h:0m:0s left)
Iteration 140 / LogL: -519.242 / Time: 0h:0m:1s (0h:0m:0s left)
Iteration 150 / LogL: -517.112 / Time: 0h:0m:1s (0h:0m:0s left)
Iteration 160 / LogL: -517.112 / Time: 0h:0m:1s (0h:0m:0s left)
TREE SEARCH COMPLETED AFTER 169 ITERATIONS / Time: 0h:0m:1s

--------------------------------------------------------------------
|                    FINALIZING TREE SEARCH                        |
--------------------------------------------------------------------
Performs final model parameters optimization
Estimate model parameters (epsilon = 0.010)
1. Initial log-likelihood: -516.872
Optimal log-likelihood: -516.858
Gamma shape alpha: 1.647
Parameters optimization took 1 rounds (0.002 sec)
BEST SCORE FOUND : -516.858
Total tree length: 2.587

Total number of iterations: 169
CPU time used for tree search: 1.102 sec (0h:0m:1s)
Wall-clock time used for tree search: 1.143 sec (0h:0m:1s)
Total CPU time used: 1.127 sec (0h:0m:1s)
Total wall-clock time used: 1.183 sec (0h:0m:1s)

===> START BOOTSTRAP REPLICATE NUMBER 78

Creating bootstrap alignment (seed: 788547)...
WARNING: States(s) A, N, E, I, K, M, F, T, W, Y rarely appear in alignment and may cause numerical problems

Create initial parsimony tree by phylogenetic likelihood library (PLL)... 0.000 seconds
Reading model parameters from file /Users/mful870/Desktop/MD_3di_Dev_02Oct24/Scriptorum/SubstitutionMatrix/3di_substmat

NOTE: 0 MB RAM (0 GB) is required!
Estimate model parameters (epsilon = 0.100)
1. Initial log-likelihood: -513.989
2. Current log-likelihood: -490.730
3. Current log-likelihood: -490.345
Optimal log-likelihood: -490.253
Gamma shape alpha: 2.546
Parameters optimization took 3 rounds (0.006 sec)
Computing ML distances based on estimated model parameters... 0.008 sec
Computing BIONJ tree...
0.007 seconds
Log-likelihood of BIONJ tree: -491.601
--------------------------------------------------------------------
|             INITIALIZING CANDIDATE TREE SET                      |
--------------------------------------------------------------------
Generating 98 parsimony trees... 0.013 second
Computing log-likelihood of 68 initial trees ... 0.050 seconds
Current best score: -488.643

Do NNI search on 20 best initial trees
Estimate model parameters (epsilon = 0.100)
BETTER TREE FOUND at iteration 1: -488.376
Iteration 10 / LogL: -488.436 / Time: 0h:0m:0s
WARNING: NNI search needs unusual large number of steps (7) to converge!
Iteration 20 / LogL: -488.380 / Time: 0h:0m:0s
Finish initializing candidate tree set (3)
Current best tree score: -488.376 / CPU time: 0.201
Number of iterations: 20
--------------------------------------------------------------------
|               OPTIMIZING CANDIDATE TREE SET                      |
--------------------------------------------------------------------
Iteration 30 / LogL: -488.436 / Time: 0h:0m:0s (0h:0m:0s left)
Iteration 40 / LogL: -488.380 / Time: 0h:0m:0s (0h:0m:0s left)
Iteration 50 / LogL: -488.376 / Time: 0h:0m:0s (0h:0m:0s left)
Iteration 60 / LogL: -488.509 / Time: 0h:0m:0s (0h:0m:0s left)
Iteration 70 / LogL: -488.406 / Time: 0h:0m:0s (0h:0m:0s left)
WARNING: NNI search needs unusual large number of steps (7) to converge!
Iteration 80 / LogL: -488.436 / Time: 0h:0m:0s (0h:0m:0s left)
Iteration 90 / LogL: -488.437 / Time: 0h:0m:0s (0h:0m:0s left)
UPDATE BEST LOG-LIKELIHOOD: -488.373
Iteration 100 / LogL: -488.373 / Time: 0h:0m:0s (0h:0m:0s left)
TREE SEARCH COMPLETED AFTER 102 ITERATIONS / Time: 0h:0m:0s

--------------------------------------------------------------------
|                    FINALIZING TREE SEARCH                        |
--------------------------------------------------------------------
Performs final model parameters optimization
Estimate model parameters (epsilon = 0.010)
1. Initial log-likelihood: -488.373
2. Current log-likelihood: -488.357
3. Current log-likelihood: -488.346
Optimal log-likelihood: -488.342
Gamma shape alpha: 6.271
Parameters optimization took 3 rounds (0.006 sec)
BEST SCORE FOUND : -488.342
Total tree length: 2.094

Total number of iterations: 102
CPU time used for tree search: 0.550 sec (0h:0m:0s)
Wall-clock time used for tree search: 0.563 sec (0h:0m:0s)
Total CPU time used: 0.578 sec (0h:0m:0s)
Total wall-clock time used: 0.605 sec (0h:0m:0s)

===> START BOOTSTRAP REPLICATE NUMBER 79

Creating bootstrap alignment (seed: 788548)...
WARNING: States(s) N, E, I, K, M, T, W, Y rarely appear in alignment and may cause numerical problems

Create initial parsimony tree by phylogenetic likelihood library (PLL)... 0.000 seconds
Reading model parameters from file /Users/mful870/Desktop/MD_3di_Dev_02Oct24/Scriptorum/SubstitutionMatrix/3di_substmat

NOTE: 0 MB RAM (0 GB) is required!
Estimate model parameters (epsilon = 0.100)
1. Initial log-likelihood: -575.451
2. Current log-likelihood: -562.641
3. Current log-likelihood: -562.194
Optimal log-likelihood: -562.160
Gamma shape alpha: 1.295
Parameters optimization took 3 rounds (0.006 sec)
Computing ML distances based on estimated model parameters... 0.008 sec
Computing BIONJ tree...
0.007 seconds
Log-likelihood of BIONJ tree: -559.215
--------------------------------------------------------------------
|             INITIALIZING CANDIDATE TREE SET                      |
--------------------------------------------------------------------
Generating 98 parsimony trees... 0.014 second
Computing log-likelihood of 53 initial trees ... 0.036 seconds
Current best score: -557.495

Do NNI search on 20 best initial trees
Estimate model parameters (epsilon = 0.100)
BETTER TREE FOUND at iteration 1: -557.017
Iteration 10 / LogL: -557.115 / Time: 0h:0m:0s
Iteration 20 / LogL: -557.171 / Time: 0h:0m:0s
Finish initializing candidate tree set (1)
Current best tree score: -557.017 / CPU time: 0.141
Number of iterations: 20
--------------------------------------------------------------------
|               OPTIMIZING CANDIDATE TREE SET                      |
--------------------------------------------------------------------
UPDATE BEST LOG-LIKELIHOOD: -557.013
UPDATE BEST LOG-LIKELIHOOD: -557.004
UPDATE BEST LOG-LIKELIHOOD: -556.994
Iteration 30 / LogL: -557.793 / Time: 0h:0m:0s (0h:0m:0s left)
Estimate model parameters (epsilon = 0.100)
UPDATE BEST LOG-LIKELIHOOD: -556.952
Iteration 40 / LogL: -557.006 / Time: 0h:0m:0s (0h:0m:0s left)
Iteration 50 / LogL: -557.138 / Time: 0h:0m:0s (0h:0m:0s left)
UPDATE BEST LOG-LIKELIHOOD: -556.952
UPDATE BEST LOG-LIKELIHOOD: -556.952
Iteration 60 / LogL: -557.001 / Time: 0h:0m:0s (0h:0m:0s left)
Iteration 70 / LogL: -556.979 / Time: 0h:0m:0s (0h:0m:0s left)
UPDATE BEST LOG-LIKELIHOOD: -556.952
UPDATE BEST LOG-LIKELIHOOD: -556.952
Iteration 80 / LogL: -557.192 / Time: 0h:0m:0s (0h:0m:0s left)
Iteration 90 / LogL: -557.539 / Time: 0h:0m:0s (0h:0m:0s left)
Iteration 100 / LogL: -557.693 / Time: 0h:0m:0s (0h:0m:0s left)
TREE SEARCH COMPLETED AFTER 102 ITERATIONS / Time: 0h:0m:0s

--------------------------------------------------------------------
|                    FINALIZING TREE SEARCH                        |
--------------------------------------------------------------------
Performs final model parameters optimization
Estimate model parameters (epsilon = 0.010)
1. Initial log-likelihood: -556.952
Optimal log-likelihood: -556.946
Gamma shape alpha: 1.191
Parameters optimization took 1 rounds (0.002 sec)
BEST SCORE FOUND : -556.946
Total tree length: 3.334

Total number of iterations: 102
CPU time used for tree search: 0.430 sec (0h:0m:0s)
Wall-clock time used for tree search: 0.465 sec (0h:0m:0s)
Total CPU time used: 0.455 sec (0h:0m:0s)
Total wall-clock time used: 0.506 sec (0h:0m:0s)

===> START BOOTSTRAP REPLICATE NUMBER 80

Creating bootstrap alignment (seed: 788549)...
WARNING: States(s) A, N, E, I, K, M, F, T, W, Y rarely appear in alignment and may cause numerical problems

Create initial parsimony tree by phylogenetic likelihood library (PLL)... 0.000 seconds
Reading model parameters from file /Users/mful870/Desktop/MD_3di_Dev_02Oct24/Scriptorum/SubstitutionMatrix/3di_substmat

NOTE: 0 MB RAM (0 GB) is required!
Estimate model parameters (epsilon = 0.100)
1. Initial log-likelihood: -588.182
2. Current log-likelihood: -566.014
3. Current log-likelihood: -565.869
Optimal log-likelihood: -565.847
Gamma shape alpha: 1.460
Parameters optimization took 3 rounds (0.007 sec)
Computing ML distances based on estimated model parameters... 0.011 sec
WARNING: Some pairwise ML distances are too long (saturated)
Computing BIONJ tree...
0.007 seconds
Log-likelihood of BIONJ tree: -566.803
--------------------------------------------------------------------
|             INITIALIZING CANDIDATE TREE SET                      |
--------------------------------------------------------------------
Generating 98 parsimony trees... 0.012 second
Computing log-likelihood of 58 initial trees ... 0.046 seconds
Current best score: -565.398

Do NNI search on 20 best initial trees
Estimate model parameters (epsilon = 0.100)
BETTER TREE FOUND at iteration 1: -565.293
UPDATE BEST LOG-LIKELIHOOD: -565.292
BETTER TREE FOUND at iteration 3: -565.292
Iteration 10 / LogL: -565.838 / Time: 0h:0m:0s
Iteration 20 / LogL: -565.292 / Time: 0h:0m:0s
Finish initializing candidate tree set (3)
Current best tree score: -565.292 / CPU time: 0.151
Number of iterations: 20
--------------------------------------------------------------------
|               OPTIMIZING CANDIDATE TREE SET                      |
--------------------------------------------------------------------
UPDATE BEST LOG-LIKELIHOOD: -565.292
Iteration 30 / LogL: -565.292 / Time: 0h:0m:0s (0h:0m:0s left)
UPDATE BEST LOG-LIKELIHOOD: -565.292
UPDATE BEST LOG-LIKELIHOOD: -565.292
UPDATE BEST LOG-LIKELIHOOD: -565.292
Iteration 40 / LogL: -566.452 / Time: 0h:0m:0s (0h:0m:0s left)
UPDATE BEST LOG-LIKELIHOOD: -565.292
Iteration 50 / LogL: -565.292 / Time: 0h:0m:0s (0h:0m:0s left)
UPDATE BEST LOG-LIKELIHOOD: -565.292
UPDATE BEST LOG-LIKELIHOOD: -565.292
Iteration 60 / LogL: -565.292 / Time: 0h:0m:0s (0h:0m:0s left)
UPDATE BEST LOG-LIKELIHOOD: -565.292
Iteration 70 / LogL: -565.292 / Time: 0h:0m:0s (0h:0m:0s left)
Iteration 80 / LogL: -566.452 / Time: 0h:0m:0s (0h:0m:0s left)
UPDATE BEST LOG-LIKELIHOOD: -565.292
Iteration 90 / LogL: -565.811 / Time: 0h:0m:0s (0h:0m:0s left)
UPDATE BEST LOG-LIKELIHOOD: -565.292
Iteration 100 / LogL: -565.828 / Time: 0h:0m:0s (0h:0m:0s left)
TREE SEARCH COMPLETED AFTER 104 ITERATIONS / Time: 0h:0m:0s

--------------------------------------------------------------------
|                    FINALIZING TREE SEARCH                        |
--------------------------------------------------------------------
Performs final model parameters optimization
Estimate model parameters (epsilon = 0.010)
1. Initial log-likelihood: -565.292
2. Current log-likelihood: -565.275
3. Current log-likelihood: -565.265
Optimal log-likelihood: -565.261
Gamma shape alpha: 1.841
Parameters optimization took 3 rounds (0.005 sec)
BEST SCORE FOUND : -565.261
Total tree length: 3.126

Total number of iterations: 104
CPU time used for tree search: 0.514 sec (0h:0m:0s)
Wall-clock time used for tree search: 0.565 sec (0h:0m:0s)
Total CPU time used: 0.544 sec (0h:0m:0s)
Total wall-clock time used: 0.610 sec (0h:0m:0s)

===> START BOOTSTRAP REPLICATE NUMBER 81

Creating bootstrap alignment (seed: 788550)...
WARNING: States(s) A, N, E, G, I, K, M, F, T, W, Y rarely appear in alignment and may cause numerical problems

Create initial parsimony tree by phylogenetic likelihood library (PLL)... 0.000 seconds
Reading model parameters from file /Users/mful870/Desktop/MD_3di_Dev_02Oct24/Scriptorum/SubstitutionMatrix/3di_substmat

NOTE: 0 MB RAM (0 GB) is required!
Estimate model parameters (epsilon = 0.100)
1. Initial log-likelihood: -550.370
2. Current log-likelihood: -534.802
3. Current log-likelihood: -534.601
Optimal log-likelihood: -534.572
Gamma shape alpha: 1.296
Parameters optimization took 3 rounds (0.006 sec)
Computing ML distances based on estimated model parameters... 0.012 sec
WARNING: Some pairwise ML distances are too long (saturated)
Computing BIONJ tree...
0.007 seconds
Log-likelihood of BIONJ tree: -533.394
--------------------------------------------------------------------
|             INITIALIZING CANDIDATE TREE SET                      |
--------------------------------------------------------------------
Generating 98 parsimony trees... 0.012 second
Computing log-likelihood of 59 initial trees ... 0.044 seconds
Current best score: -533.394

Do NNI search on 20 best initial trees
Estimate model parameters (epsilon = 0.100)
BETTER TREE FOUND at iteration 1: -533.384
Estimate model parameters (epsilon = 0.100)
BETTER TREE FOUND at iteration 2: -533.308
UPDATE BEST LOG-LIKELIHOOD: -533.304
BETTER TREE FOUND at iteration 4: -533.304
UPDATE BEST LOG-LIKELIHOOD: -533.304
UPDATE BEST LOG-LIKELIHOOD: -533.304
Iteration 10 / LogL: -533.304 / Time: 0h:0m:0s
UPDATE BEST LOG-LIKELIHOOD: -533.304
Iteration 20 / LogL: -533.304 / Time: 0h:0m:0s
Finish initializing candidate tree set (4)
Current best tree score: -533.304 / CPU time: 0.167
Number of iterations: 20
--------------------------------------------------------------------
|               OPTIMIZING CANDIDATE TREE SET                      |
--------------------------------------------------------------------
UPDATE BEST LOG-LIKELIHOOD: -533.304
UPDATE BEST LOG-LIKELIHOOD: -533.304
WARNING: NNI search needs unusual large number of steps (7) to converge!
Iteration 30 / LogL: -533.304 / Time: 0h:0m:0s (0h:0m:0s left)
WARNING: NNI search needs unusual large number of steps (7) to converge!
Iteration 40 / LogL: -533.304 / Time: 0h:0m:0s (0h:0m:0s left)
Iteration 50 / LogL: -533.304 / Time: 0h:0m:0s (0h:0m:0s left)
UPDATE BEST LOG-LIKELIHOOD: -533.304
Iteration 60 / LogL: -533.304 / Time: 0h:0m:0s (0h:0m:0s left)
Iteration 70 / LogL: -533.304 / Time: 0h:0m:0s (0h:0m:0s left)
Iteration 80 / LogL: -533.304 / Time: 0h:0m:0s (0h:0m:0s left)
Iteration 90 / LogL: -533.304 / Time: 0h:0m:0s (0h:0m:0s left)
Iteration 100 / LogL: -533.304 / Time: 0h:0m:0s (0h:0m:0s left)
TREE SEARCH COMPLETED AFTER 105 ITERATIONS / Time: 0h:0m:0s

--------------------------------------------------------------------
|                    FINALIZING TREE SEARCH                        |
--------------------------------------------------------------------
Performs final model parameters optimization
Estimate model parameters (epsilon = 0.010)
1. Initial log-likelihood: -533.304
2. Current log-likelihood: -533.293
Optimal log-likelihood: -533.280
Gamma shape alpha: 1.588
Parameters optimization took 2 rounds (0.004 sec)
BEST SCORE FOUND : -533.280
Total tree length: 3.463

Total number of iterations: 105
CPU time used for tree search: 0.614 sec (0h:0m:0s)
Wall-clock time used for tree search: 0.634 sec (0h:0m:0s)
Total CPU time used: 0.643 sec (0h:0m:0s)
Total wall-clock time used: 0.678 sec (0h:0m:0s)

===> START BOOTSTRAP REPLICATE NUMBER 82

Creating bootstrap alignment (seed: 788551)...
WARNING: States(s) A, N, E, G, I, K, M, F, T, W, Y rarely appear in alignment and may cause numerical problems

Create initial parsimony tree by phylogenetic likelihood library (PLL)... 0.000 seconds
Reading model parameters from file /Users/mful870/Desktop/MD_3di_Dev_02Oct24/Scriptorum/SubstitutionMatrix/3di_substmat

NOTE: 0 MB RAM (0 GB) is required!
Estimate model parameters (epsilon = 0.100)
1. Initial log-likelihood: -606.078
2. Current log-likelihood: -585.063
3. Current log-likelihood: -584.860
Optimal log-likelihood: -584.841
Gamma shape alpha: 0.891
Parameters optimization took 3 rounds (0.006 sec)
Computing ML distances based on estimated model parameters... 0.011 sec
WARNING: Some pairwise ML distances are too long (saturated)
Computing BIONJ tree...
0.007 seconds
Log-likelihood of BIONJ tree: -584.095
--------------------------------------------------------------------
|             INITIALIZING CANDIDATE TREE SET                      |
--------------------------------------------------------------------
Generating 98 parsimony trees... 0.014 second
Computing log-likelihood of 49 initial trees ... 0.039 seconds
Current best score: -583.273

Do NNI search on 20 best initial trees
Estimate model parameters (epsilon = 0.100)
BETTER TREE FOUND at iteration 1: -581.845
WARNING: NNI search needs unusual large number of steps (7) to converge!
WARNING: NNI search needs unusual large number of steps (7) to converge!
Iteration 10 / LogL: -582.355 / Time: 0h:0m:0s
WARNING: NNI search needs unusual large number of steps (7) to converge!
WARNING: NNI search needs unusual large number of steps (7) to converge!
Iteration 20 / LogL: -581.859 / Time: 0h:0m:0s
Finish initializing candidate tree set (3)
Current best tree score: -581.845 / CPU time: 0.221
Number of iterations: 20
--------------------------------------------------------------------
|               OPTIMIZING CANDIDATE TREE SET                      |
--------------------------------------------------------------------
Iteration 30 / LogL: -582.355 / Time: 0h:0m:0s (0h:0m:0s left)
Iteration 40 / LogL: -582.355 / Time: 0h:0m:0s (0h:0m:0s left)
Iteration 50 / LogL: -582.355 / Time: 0h:0m:0s (0h:0m:0s left)
Iteration 60 / LogL: -582.355 / Time: 0h:0m:0s (0h:0m:0s left)
UPDATE BEST LOG-LIKELIHOOD: -581.844
Iteration 70 / LogL: -582.355 / Time: 0h:0m:0s (0h:0m:0s left)
Iteration 80 / LogL: -582.355 / Time: 0h:0m:0s (0h:0m:0s left)
Iteration 90 / LogL: -582.355 / Time: 0h:0m:0s (0h:0m:0s left)
Iteration 100 / LogL: -582.355 / Time: 0h:0m:0s (0h:0m:0s left)
TREE SEARCH COMPLETED AFTER 102 ITERATIONS / Time: 0h:0m:0s

--------------------------------------------------------------------
|                    FINALIZING TREE SEARCH                        |
--------------------------------------------------------------------
Performs final model parameters optimization
Estimate model parameters (epsilon = 0.010)
1. Initial log-likelihood: -581.844
Optimal log-likelihood: -581.841
Gamma shape alpha: 0.927
Parameters optimization took 1 rounds (0.001 sec)
BEST SCORE FOUND : -581.841
Total tree length: 4.948

Total number of iterations: 102
CPU time used for tree search: 0.557 sec (0h:0m:0s)
Wall-clock time used for tree search: 0.570 sec (0h:0m:0s)
Total CPU time used: 0.588 sec (0h:0m:0s)
Total wall-clock time used: 0.615 sec (0h:0m:0s)

===> START BOOTSTRAP REPLICATE NUMBER 83

Creating bootstrap alignment (seed: 788552)...
WARNING: States(s) N, E, G, H, I, K, M, T, W, Y rarely appear in alignment and may cause numerical problems

Create initial parsimony tree by phylogenetic likelihood library (PLL)... 0.000 seconds
Reading model parameters from file /Users/mful870/Desktop/MD_3di_Dev_02Oct24/Scriptorum/SubstitutionMatrix/3di_substmat

NOTE: 0 MB RAM (0 GB) is required!
Estimate model parameters (epsilon = 0.100)
1. Initial log-likelihood: -557.498
2. Current log-likelihood: -535.619
3. Current log-likelihood: -535.266
Optimal log-likelihood: -535.188
Gamma shape alpha: 1.329
Parameters optimization took 3 rounds (0.006 sec)
Computing ML distances based on estimated model parameters... 0.009 sec
Computing BIONJ tree...
0.007 seconds
Log-likelihood of BIONJ tree: -534.085
--------------------------------------------------------------------
|             INITIALIZING CANDIDATE TREE SET                      |
--------------------------------------------------------------------
Generating 98 parsimony trees... 0.013 second
Computing log-likelihood of 53 initial trees ... 0.039 seconds
Current best score: -531.233

Do NNI search on 20 best initial trees
Estimate model parameters (epsilon = 0.100)
BETTER TREE FOUND at iteration 1: -530.574
UPDATE BEST LOG-LIKELIHOOD: -530.570
UPDATE BEST LOG-LIKELIHOOD: -530.569
Iteration 10 / LogL: -531.200 / Time: 0h:0m:0s
UPDATE BEST LOG-LIKELIHOOD: -530.568
WARNING: NNI search needs unusual large number of steps (7) to converge!
Iteration 20 / LogL: -531.200 / Time: 0h:0m:0s
Finish initializing candidate tree set (6)
Current best tree score: -530.568 / CPU time: 0.191
Number of iterations: 20
--------------------------------------------------------------------
|               OPTIMIZING CANDIDATE TREE SET                      |
--------------------------------------------------------------------
WARNING: NNI search needs unusual large number of steps (7) to converge!
Iteration 30 / LogL: -531.200 / Time: 0h:0m:0s (0h:0m:0s left)
Iteration 40 / LogL: -530.571 / Time: 0h:0m:0s (0h:0m:0s left)
Iteration 50 / LogL: -531.200 / Time: 0h:0m:0s (0h:0m:0s left)
Iteration 60 / LogL: -530.574 / Time: 0h:0m:0s (0h:0m:0s left)
Iteration 70 / LogL: -530.568 / Time: 0h:0m:0s (0h:0m:0s left)
Iteration 80 / LogL: -530.764 / Time: 0h:0m:0s (0h:0m:0s left)
WARNING: NNI search needs unusual large number of steps (7) to converge!
UPDATE BEST LOG-LIKELIHOOD: -530.568
Iteration 90 / LogL: -530.570 / Time: 0h:0m:0s (0h:0m:0s left)
Iteration 100 / LogL: -531.200 / Time: 0h:0m:0s (0h:0m:0s left)
TREE SEARCH COMPLETED AFTER 102 ITERATIONS / Time: 0h:0m:0s

--------------------------------------------------------------------
|                    FINALIZING TREE SEARCH                        |
--------------------------------------------------------------------
Performs final model parameters optimization
Estimate model parameters (epsilon = 0.010)
1. Initial log-likelihood: -530.568
2. Current log-likelihood: -530.536
3. Current log-likelihood: -530.498
4. Current log-likelihood: -530.480
Optimal log-likelihood: -530.469
Gamma shape alpha: 2.476
Parameters optimization took 4 rounds (0.008 sec)
BEST SCORE FOUND : -530.469
Total tree length: 3.133

Total number of iterations: 102
CPU time used for tree search: 0.609 sec (0h:0m:0s)
Wall-clock time used for tree search: 0.622 sec (0h:0m:0s)
Total CPU time used: 0.640 sec (0h:0m:0s)
Total wall-clock time used: 0.667 sec (0h:0m:0s)

===> START BOOTSTRAP REPLICATE NUMBER 84

Creating bootstrap alignment (seed: 788553)...
WARNING: States(s) N, E, I, K, M, T, W, Y rarely appear in alignment and may cause numerical problems

Create initial parsimony tree by phylogenetic likelihood library (PLL)... 0.000 seconds
Reading model parameters from file /Users/mful870/Desktop/MD_3di_Dev_02Oct24/Scriptorum/SubstitutionMatrix/3di_substmat

NOTE: 0 MB RAM (0 GB) is required!
Estimate model parameters (epsilon = 0.100)
1. Initial log-likelihood: -581.049
2. Current log-likelihood: -560.933
Optimal log-likelihood: -560.880
Gamma shape alpha: 1.159
Parameters optimization took 2 rounds (0.003 sec)
Computing ML distances based on estimated model parameters... 0.009 sec
Computing BIONJ tree...
0.016 seconds
Log-likelihood of BIONJ tree: -556.674
--------------------------------------------------------------------
|             INITIALIZING CANDIDATE TREE SET                      |
--------------------------------------------------------------------
Generating 98 parsimony trees... 0.012 second
Computing log-likelihood of 63 initial trees ... 0.047 seconds
Current best score: -556.674

Do NNI search on 20 best initial trees
Estimate model parameters (epsilon = 0.100)
BETTER TREE FOUND at iteration 1: -556.611
Iteration 10 / LogL: -556.619 / Time: 0h:0m:0s
Iteration 20 / LogL: -556.644 / Time: 0h:0m:0s
Finish initializing candidate tree set (5)
Current best tree score: -556.611 / CPU time: 0.146
Number of iterations: 20
--------------------------------------------------------------------
|               OPTIMIZING CANDIDATE TREE SET                      |
--------------------------------------------------------------------
UPDATE BEST LOG-LIKELIHOOD: -556.610
Iteration 30 / LogL: -556.636 / Time: 0h:0m:0s (0h:0m:0s left)
Iteration 40 / LogL: -556.785 / Time: 0h:0m:0s (0h:0m:0s left)
WARNING: NNI search needs unusual large number of steps (7) to converge!
Iteration 50 / LogL: -557.378 / Time: 0h:0m:0s (0h:0m:0s left)
Iteration 60 / LogL: -556.799 / Time: 0h:0m:0s (0h:0m:0s left)
Iteration 70 / LogL: -557.378 / Time: 0h:0m:0s (0h:0m:0s left)
Iteration 80 / LogL: -560.234 / Time: 0h:0m:0s (0h:0m:0s left)
Iteration 90 / LogL: -557.378 / Time: 0h:0m:0s (0h:0m:0s left)
UPDATE BEST LOG-LIKELIHOOD: -556.609
Iteration 100 / LogL: -560.202 / Time: 0h:0m:0s (0h:0m:0s left)
TREE SEARCH COMPLETED AFTER 102 ITERATIONS / Time: 0h:0m:0s

--------------------------------------------------------------------
|                    FINALIZING TREE SEARCH                        |
--------------------------------------------------------------------
Performs final model parameters optimization
Estimate model parameters (epsilon = 0.010)
1. Initial log-likelihood: -556.609
2. Current log-likelihood: -556.595
3. Current log-likelihood: -556.584
Optimal log-likelihood: -556.579
Gamma shape alpha: 1.425
Parameters optimization took 3 rounds (0.005 sec)
BEST SCORE FOUND : -556.579
Total tree length: 2.835

Total number of iterations: 102
CPU time used for tree search: 0.490 sec (0h:0m:0s)
Wall-clock time used for tree search: 0.503 sec (0h:0m:0s)
Total CPU time used: 0.513 sec (0h:0m:0s)
Total wall-clock time used: 0.550 sec (0h:0m:0s)

===> START BOOTSTRAP REPLICATE NUMBER 85

Creating bootstrap alignment (seed: 788554)...
WARNING: States(s) N, E, G, H, I, K, M, T, W, Y rarely appear in alignment and may cause numerical problems

Create initial parsimony tree by phylogenetic likelihood library (PLL)... 0.000 seconds
Reading model parameters from file /Users/mful870/Desktop/MD_3di_Dev_02Oct24/Scriptorum/SubstitutionMatrix/3di_substmat

NOTE: 0 MB RAM (0 GB) is required!
Estimate model parameters (epsilon = 0.100)
1. Initial log-likelihood: -555.732
2. Current log-likelihood: -539.631
3. Current log-likelihood: -538.893
4. Current log-likelihood: -538.788
Optimal log-likelihood: -538.764
Gamma shape alpha: 6.190
Parameters optimization took 4 rounds (0.009 sec)
Computing ML distances based on estimated model parameters... 0.007 sec
Computing BIONJ tree...
0.007 seconds
Log-likelihood of BIONJ tree: -536.814
--------------------------------------------------------------------
|             INITIALIZING CANDIDATE TREE SET                      |
--------------------------------------------------------------------
Generating 98 parsimony trees... 0.013 second
Computing log-likelihood of 46 initial trees ... 0.034 seconds
Current best score: -535.405

Do NNI search on 20 best initial trees
Estimate model parameters (epsilon = 0.100)
BETTER TREE FOUND at iteration 1: -535.117
Iteration 10 / LogL: -535.151 / Time: 0h:0m:0s
Iteration 20 / LogL: -535.128 / Time: 0h:0m:0s
Finish initializing candidate tree set (4)
Current best tree score: -535.117 / CPU time: 0.146
Number of iterations: 20
--------------------------------------------------------------------
|               OPTIMIZING CANDIDATE TREE SET                      |
--------------------------------------------------------------------
Iteration 30 / LogL: -537.306 / Time: 0h:0m:0s (0h:0m:0s left)
UPDATE BEST LOG-LIKELIHOOD: -535.117
Iteration 40 / LogL: -535.122 / Time: 0h:0m:0s (0h:0m:0s left)
Iteration 50 / LogL: -535.128 / Time: 0h:0m:0s (0h:0m:0s left)
UPDATE BEST LOG-LIKELIHOOD: -535.117
Iteration 60 / LogL: -535.130 / Time: 0h:0m:0s (0h:0m:0s left)
Iteration 70 / LogL: -535.126 / Time: 0h:0m:0s (0h:0m:0s left)
Iteration 80 / LogL: -537.306 / Time: 0h:0m:0s (0h:0m:0s left)
Iteration 90 / LogL: -535.121 / Time: 0h:0m:0s (0h:0m:0s left)
Iteration 100 / LogL: -535.134 / Time: 0h:0m:0s (0h:0m:0s left)
TREE SEARCH COMPLETED AFTER 102 ITERATIONS / Time: 0h:0m:0s

--------------------------------------------------------------------
|                    FINALIZING TREE SEARCH                        |
--------------------------------------------------------------------
Performs final model parameters optimization
Estimate model parameters (epsilon = 0.010)
1. Initial log-likelihood: -535.117
Optimal log-likelihood: -535.116
Gamma shape alpha: 998.387
Parameters optimization took 1 rounds (0.002 sec)
BEST SCORE FOUND : -535.116
Total tree length: 1.818

Total number of iterations: 102
CPU time used for tree search: 0.561 sec (0h:0m:0s)
Wall-clock time used for tree search: 0.576 sec (0h:0m:0s)
Total CPU time used: 0.586 sec (0h:0m:0s)
Total wall-clock time used: 0.615 sec (0h:0m:0s)

===> START BOOTSTRAP REPLICATE NUMBER 86

Creating bootstrap alignment (seed: 788555)...
WARNING: States(s) N, E, I, K, M, T, W, Y rarely appear in alignment and may cause numerical problems

Create initial parsimony tree by phylogenetic likelihood library (PLL)... 0.000 seconds
Reading model parameters from file /Users/mful870/Desktop/MD_3di_Dev_02Oct24/Scriptorum/SubstitutionMatrix/3di_substmat

NOTE: 0 MB RAM (0 GB) is required!
Estimate model parameters (epsilon = 0.100)
1. Initial log-likelihood: -621.089
2. Current log-likelihood: -607.549
3. Current log-likelihood: -607.268
Optimal log-likelihood: -607.209
Gamma shape alpha: 1.846
Parameters optimization took 3 rounds (0.007 sec)
Computing ML distances based on estimated model parameters... 0.009 sec
Computing BIONJ tree...
0.007 seconds
Log-likelihood of BIONJ tree: -601.739
--------------------------------------------------------------------
|             INITIALIZING CANDIDATE TREE SET                      |
--------------------------------------------------------------------
Generating 98 parsimony trees... 0.014 second
Computing log-likelihood of 47 initial trees ... 0.034 seconds
Current best score: -601.739

Do NNI search on 20 best initial trees
Estimate model parameters (epsilon = 0.100)
BETTER TREE FOUND at iteration 1: -601.652
UPDATE BEST LOG-LIKELIHOOD: -601.650
UPDATE BEST LOG-LIKELIHOOD: -601.649
Iteration 10 / LogL: -601.720 / Time: 0h:0m:0s
UPDATE BEST LOG-LIKELIHOOD: -601.649
Iteration 20 / LogL: -601.653 / Time: 0h:0m:0s
Finish initializing candidate tree set (3)
Current best tree score: -601.649 / CPU time: 0.156
Number of iterations: 20
--------------------------------------------------------------------
|               OPTIMIZING CANDIDATE TREE SET                      |
--------------------------------------------------------------------
UPDATE BEST LOG-LIKELIHOOD: -601.649
UPDATE BEST LOG-LIKELIHOOD: -601.649
Iteration 30 / LogL: -601.782 / Time: 0h:0m:0s (0h:0m:0s left)
Iteration 40 / LogL: -602.543 / Time: 0h:0m:0s (0h:0m:0s left)
UPDATE BEST LOG-LIKELIHOOD: -601.648
Iteration 50 / LogL: -601.741 / Time: 0h:0m:0s (0h:0m:0s left)
Iteration 60 / LogL: -601.819 / Time: 0h:0m:0s (0h:0m:0s left)
Iteration 70 / LogL: -601.715 / Time: 0h:0m:0s (0h:0m:0s left)
Iteration 80 / LogL: -601.652 / Time: 0h:0m:0s (0h:0m:0s left)
Iteration 90 / LogL: -602.543 / Time: 0h:0m:0s (0h:0m:0s left)
Iteration 100 / LogL: -602.543 / Time: 0h:0m:0s (0h:0m:0s left)
TREE SEARCH COMPLETED AFTER 102 ITERATIONS / Time: 0h:0m:0s

--------------------------------------------------------------------
|                    FINALIZING TREE SEARCH                        |
--------------------------------------------------------------------
Performs final model parameters optimization
Estimate model parameters (epsilon = 0.010)
1. Initial log-likelihood: -601.648
2. Current log-likelihood: -601.637
Optimal log-likelihood: -601.632
Gamma shape alpha: 2.345
Parameters optimization took 2 rounds (0.003 sec)
BEST SCORE FOUND : -601.632
Total tree length: 2.657

Total number of iterations: 102
CPU time used for tree search: 0.525 sec (0h:0m:0s)
Wall-clock time used for tree search: 0.543 sec (0h:0m:0s)
Total CPU time used: 0.550 sec (0h:0m:0s)
Total wall-clock time used: 0.582 sec (0h:0m:0s)

===> START BOOTSTRAP REPLICATE NUMBER 87

Creating bootstrap alignment (seed: 788556)...
WARNING: States(s) N, E, I, K, M, T, W, Y rarely appear in alignment and may cause numerical problems

Create initial parsimony tree by phylogenetic likelihood library (PLL)... 0.000 seconds
Reading model parameters from file /Users/mful870/Desktop/MD_3di_Dev_02Oct24/Scriptorum/SubstitutionMatrix/3di_substmat

NOTE: 0 MB RAM (0 GB) is required!
Estimate model parameters (epsilon = 0.100)
1. Initial log-likelihood: -570.438
2. Current log-likelihood: -542.712
3. Current log-likelihood: -541.597
4. Current log-likelihood: -541.311
5. Current log-likelihood: -541.194
Optimal log-likelihood: -541.086
Gamma shape alpha: 1.711
Parameters optimization took 5 rounds (0.011 sec)
Computing ML distances based on estimated model parameters... 0.009 sec
Computing BIONJ tree...
0.007 seconds
Log-likelihood of BIONJ tree: -539.859
--------------------------------------------------------------------
|             INITIALIZING CANDIDATE TREE SET                      |
--------------------------------------------------------------------
Generating 98 parsimony trees... 0.014 second
Computing log-likelihood of 47 initial trees ... 0.035 seconds
Current best score: -539.487

Do NNI search on 20 best initial trees
Estimate model parameters (epsilon = 0.100)
BETTER TREE FOUND at iteration 1: -538.731
Iteration 10 / LogL: -539.676 / Time: 0h:0m:0s
Iteration 20 / LogL: -539.701 / Time: 0h:0m:0s
Finish initializing candidate tree set (4)
Current best tree score: -538.731 / CPU time: 0.144
Number of iterations: 20
--------------------------------------------------------------------
|               OPTIMIZING CANDIDATE TREE SET                      |
--------------------------------------------------------------------
Iteration 30 / LogL: -539.673 / Time: 0h:0m:0s (0h:0m:0s left)
Iteration 40 / LogL: -538.731 / Time: 0h:0m:0s (0h:0m:0s left)
UPDATE BEST LOG-LIKELIHOOD: -538.731
UPDATE BEST LOG-LIKELIHOOD: -538.730
Iteration 50 / LogL: -539.180 / Time: 0h:0m:0s (0h:0m:0s left)
Iteration 60 / LogL: -538.733 / Time: 0h:0m:0s (0h:0m:0s left)
Iteration 70 / LogL: -540.134 / Time: 0h:0m:0s (0h:0m:0s left)
Iteration 80 / LogL: -540.134 / Time: 0h:0m:0s (0h:0m:0s left)
Iteration 90 / LogL: -540.134 / Time: 0h:0m:0s (0h:0m:0s left)
Iteration 100 / LogL: -539.472 / Time: 0h:0m:0s (0h:0m:0s left)
TREE SEARCH COMPLETED AFTER 102 ITERATIONS / Time: 0h:0m:0s

--------------------------------------------------------------------
|                    FINALIZING TREE SEARCH                        |
--------------------------------------------------------------------
Performs final model parameters optimization
Estimate model parameters (epsilon = 0.010)
1. Initial log-likelihood: -538.730
2. Current log-likelihood: -538.716
3. Current log-likelihood: -538.705
Optimal log-likelihood: -538.700
Gamma shape alpha: 4.238
Parameters optimization took 3 rounds (0.006 sec)
BEST SCORE FOUND : -538.700
Total tree length: 3.223

Total number of iterations: 102
CPU time used for tree search: 0.458 sec (0h:0m:0s)
Wall-clock time used for tree search: 0.474 sec (0h:0m:0s)
Total CPU time used: 0.490 sec (0h:0m:0s)
Total wall-clock time used: 0.521 sec (0h:0m:0s)

===> START BOOTSTRAP REPLICATE NUMBER 88

Creating bootstrap alignment (seed: 788557)...
WARNING: States(s) N, E, I, K, M, T, W, Y rarely appear in alignment and may cause numerical problems

Create initial parsimony tree by phylogenetic likelihood library (PLL)... 0.000 seconds
Reading model parameters from file /Users/mful870/Desktop/MD_3di_Dev_02Oct24/Scriptorum/SubstitutionMatrix/3di_substmat

NOTE: 0 MB RAM (0 GB) is required!
Estimate model parameters (epsilon = 0.100)
1. Initial log-likelihood: -560.567
2. Current log-likelihood: -543.912
3. Current log-likelihood: -543.334
Optimal log-likelihood: -543.220
Gamma shape alpha: 2.332
Parameters optimization took 3 rounds (0.007 sec)
Computing ML distances based on estimated model parameters... 0.008 sec
Computing BIONJ tree...
0.007 seconds
Log-likelihood of BIONJ tree: -543.866
--------------------------------------------------------------------
|             INITIALIZING CANDIDATE TREE SET                      |
--------------------------------------------------------------------
Generating 98 parsimony trees... 0.013 second
Computing log-likelihood of 63 initial trees ... 0.046 seconds
Current best score: -542.367

Do NNI search on 20 best initial trees
Estimate model parameters (epsilon = 0.100)
BETTER TREE FOUND at iteration 1: -542.216
Iteration 10 / LogL: -542.226 / Time: 0h:0m:0s
Iteration 20 / LogL: -542.408 / Time: 0h:0m:0s
Finish initializing candidate tree set (1)
Current best tree score: -542.216 / CPU time: 0.152
Number of iterations: 20
--------------------------------------------------------------------
|               OPTIMIZING CANDIDATE TREE SET                      |
--------------------------------------------------------------------
UPDATE BEST LOG-LIKELIHOOD: -542.216
Iteration 30 / LogL: -542.216 / Time: 0h:0m:0s (0h:0m:0s left)
Iteration 40 / LogL: -542.216 / Time: 0h:0m:0s (0h:0m:0s left)
Iteration 50 / LogL: -542.586 / Time: 0h:0m:0s (0h:0m:0s left)
UPDATE BEST LOG-LIKELIHOOD: -542.216
Iteration 60 / LogL: -542.216 / Time: 0h:0m:0s (0h:0m:0s left)
Iteration 70 / LogL: -542.216 / Time: 0h:0m:0s (0h:0m:0s left)
Iteration 80 / LogL: -542.406 / Time: 0h:0m:0s (0h:0m:0s left)
Iteration 90 / LogL: -542.715 / Time: 0h:0m:0s (0h:0m:0s left)
Iteration 100 / LogL: -542.216 / Time: 0h:0m:0s (0h:0m:0s left)
TREE SEARCH COMPLETED AFTER 102 ITERATIONS / Time: 0h:0m:0s

--------------------------------------------------------------------
|                    FINALIZING TREE SEARCH                        |
--------------------------------------------------------------------
Performs final model parameters optimization
Estimate model parameters (epsilon = 0.010)
1. Initial log-likelihood: -542.216
Optimal log-likelihood: -542.214
Gamma shape alpha: 3.159
Parameters optimization took 1 rounds (0.002 sec)
BEST SCORE FOUND : -542.214
Total tree length: 2.251

Total number of iterations: 102
CPU time used for tree search: 0.478 sec (0h:0m:0s)
Wall-clock time used for tree search: 0.496 sec (0h:0m:0s)
Total CPU time used: 0.502 sec (0h:0m:0s)
Total wall-clock time used: 0.533 sec (0h:0m:0s)

===> START BOOTSTRAP REPLICATE NUMBER 89

Creating bootstrap alignment (seed: 788558)...
WARNING: States(s) A, N, E, G, I, K, M, F, T, W, Y rarely appear in alignment and may cause numerical problems

Create initial parsimony tree by phylogenetic likelihood library (PLL)... 0.000 seconds
Reading model parameters from file /Users/mful870/Desktop/MD_3di_Dev_02Oct24/Scriptorum/SubstitutionMatrix/3di_substmat

NOTE: 0 MB RAM (0 GB) is required!
Estimate model parameters (epsilon = 0.100)
1. Initial log-likelihood: -520.660
2. Current log-likelihood: -503.737
3. Current log-likelihood: -503.431
Optimal log-likelihood: -503.339
Gamma shape alpha: 0.848
Parameters optimization took 3 rounds (0.007 sec)
Computing ML distances based on estimated model parameters... 0.013 sec
WARNING: Some pairwise ML distances are too long (saturated)
Computing BIONJ tree...
0.006 seconds
Log-likelihood of BIONJ tree: -506.491
--------------------------------------------------------------------
|             INITIALIZING CANDIDATE TREE SET                      |
--------------------------------------------------------------------
Generating 98 parsimony trees... 0.013 second
Computing log-likelihood of 55 initial trees ... 0.044 seconds
Current best score: -502.785

Do NNI search on 20 best initial trees
Estimate model parameters (epsilon = 0.100)
BETTER TREE FOUND at iteration 1: -502.319
Iteration 10 / LogL: -502.438 / Time: 0h:0m:0s
WARNING: NNI search needs unusual large number of steps (7) to converge!
Iteration 20 / LogL: -502.723 / Time: 0h:0m:0s
Finish initializing candidate tree set (3)
Current best tree score: -502.319 / CPU time: 0.191
Number of iterations: 20
--------------------------------------------------------------------
|               OPTIMIZING CANDIDATE TREE SET                      |
--------------------------------------------------------------------
Iteration 30 / LogL: -502.319 / Time: 0h:0m:0s (0h:0m:0s left)
UPDATE BEST LOG-LIKELIHOOD: -502.319
Iteration 40 / LogL: -502.675 / Time: 0h:0m:0s (0h:0m:0s left)
Iteration 50 / LogL: -502.329 / Time: 0h:0m:0s (0h:0m:0s left)
Iteration 60 / LogL: -502.343 / Time: 0h:0m:0s (0h:0m:0s left)
Iteration 70 / LogL: -503.735 / Time: 0h:0m:0s (0h:0m:0s left)
Iteration 80 / LogL: -503.555 / Time: 0h:0m:0s (0h:0m:0s left)
UPDATE BEST LOG-LIKELIHOOD: -502.319
Iteration 90 / LogL: -502.410 / Time: 0h:0m:0s (0h:0m:0s left)
Iteration 100 / LogL: -506.509 / Time: 0h:0m:0s (0h:0m:0s left)
TREE SEARCH COMPLETED AFTER 102 ITERATIONS / Time: 0h:0m:0s

--------------------------------------------------------------------
|                    FINALIZING TREE SEARCH                        |
--------------------------------------------------------------------
Performs final model parameters optimization
Estimate model parameters (epsilon = 0.010)
1. Initial log-likelihood: -502.319
Optimal log-likelihood: -502.319
Gamma shape alpha: 0.867
Parameters optimization took 1 rounds (0.001 sec)
BEST SCORE FOUND : -502.319
Total tree length: 4.309

Total number of iterations: 102
CPU time used for tree search: 0.616 sec (0h:0m:0s)
Wall-clock time used for tree search: 0.627 sec (0h:0m:0s)
Total CPU time used: 0.645 sec (0h:0m:0s)
Total wall-clock time used: 0.670 sec (0h:0m:0s)

===> START BOOTSTRAP REPLICATE NUMBER 90

Creating bootstrap alignment (seed: 788559)...
WARNING: States(s) N, E, G, I, K, M, T, W, Y rarely appear in alignment and may cause numerical problems

Create initial parsimony tree by phylogenetic likelihood library (PLL)... 0.000 seconds
Reading model parameters from file /Users/mful870/Desktop/MD_3di_Dev_02Oct24/Scriptorum/SubstitutionMatrix/3di_substmat

NOTE: 0 MB RAM (0 GB) is required!
Estimate model parameters (epsilon = 0.100)
1. Initial log-likelihood: -512.110
2. Current log-likelihood: -498.759
Optimal log-likelihood: -498.722
Gamma shape alpha: 1.087
Parameters optimization took 2 rounds (0.003 sec)
Computing ML distances based on estimated model parameters... 0.008 sec
Computing BIONJ tree...
0.007 seconds
Log-likelihood of BIONJ tree: -501.140
--------------------------------------------------------------------
|             INITIALIZING CANDIDATE TREE SET                      |
--------------------------------------------------------------------
Generating 98 parsimony trees... 0.012 second
Computing log-likelihood of 53 initial trees ... 0.039 seconds
Current best score: -498.722

Do NNI search on 20 best initial trees
Estimate model parameters (epsilon = 0.100)
BETTER TREE FOUND at iteration 1: -498.722
Iteration 10 / LogL: -498.722 / Time: 0h:0m:0s
Iteration 20 / LogL: -498.722 / Time: 0h:0m:0s
Finish initializing candidate tree set (5)
Current best tree score: -498.722 / CPU time: 0.182
Number of iterations: 20
--------------------------------------------------------------------
|               OPTIMIZING CANDIDATE TREE SET                      |
--------------------------------------------------------------------
WARNING: NNI search needs unusual large number of steps (7) to converge!
WARNING: NNI search needs unusual large number of steps (7) to converge!
UPDATE BEST LOG-LIKELIHOOD: -498.722
Iteration 30 / LogL: -498.722 / Time: 0h:0m:0s (0h:0m:0s left)
UPDATE BEST LOG-LIKELIHOOD: -498.722
UPDATE BEST LOG-LIKELIHOOD: -498.722
Iteration 40 / LogL: -498.722 / Time: 0h:0m:0s (0h:0m:0s left)
UPDATE BEST LOG-LIKELIHOOD: -498.722
WARNING: NNI search needs unusual large number of steps (7) to converge!
Iteration 50 / LogL: -498.722 / Time: 0h:0m:0s (0h:0m:0s left)
UPDATE BEST LOG-LIKELIHOOD: -498.722
UPDATE BEST LOG-LIKELIHOOD: -498.722
UPDATE BEST LOG-LIKELIHOOD: -498.722
Iteration 60 / LogL: -498.722 / Time: 0h:0m:0s (0h:0m:0s left)
WARNING: NNI search needs unusual large number of steps (7) to converge!
UPDATE BEST LOG-LIKELIHOOD: -498.722
Iteration 70 / LogL: -498.722 / Time: 0h:0m:0s (0h:0m:0s left)
WARNING: NNI search needs unusual large number of steps (7) to converge!
Iteration 80 / LogL: -498.722 / Time: 0h:0m:0s (0h:0m:0s left)
WARNING: NNI search needs unusual large number of steps (7) to converge!
UPDATE BEST LOG-LIKELIHOOD: -498.722
Iteration 90 / LogL: -498.722 / Time: 0h:0m:0s (0h:0m:0s left)
UPDATE BEST LOG-LIKELIHOOD: -498.722
UPDATE BEST LOG-LIKELIHOOD: -498.722
Iteration 100 / LogL: -498.722 / Time: 0h:0m:0s (0h:0m:0s left)
TREE SEARCH COMPLETED AFTER 102 ITERATIONS / Time: 0h:0m:0s

--------------------------------------------------------------------
|                    FINALIZING TREE SEARCH                        |
--------------------------------------------------------------------
Performs final model parameters optimization
Estimate model parameters (epsilon = 0.010)
1. Initial log-likelihood: -498.722
Optimal log-likelihood: -498.722
Gamma shape alpha: 1.096
Parameters optimization took 1 rounds (0.001 sec)
BEST SCORE FOUND : -498.722
Total tree length: 2.488

Total number of iterations: 102
CPU time used for tree search: 0.562 sec (0h:0m:0s)
Wall-clock time used for tree search: 0.613 sec (0h:0m:0s)
Total CPU time used: 0.582 sec (0h:0m:0s)
Total wall-clock time used: 0.647 sec (0h:0m:0s)

===> START BOOTSTRAP REPLICATE NUMBER 91

Creating bootstrap alignment (seed: 788560)...
WARNING: States(s) N, E, I, K, M, T, W, Y rarely appear in alignment and may cause numerical problems

Create initial parsimony tree by phylogenetic likelihood library (PLL)... 0.000 seconds
Reading model parameters from file /Users/mful870/Desktop/MD_3di_Dev_02Oct24/Scriptorum/SubstitutionMatrix/3di_substmat

NOTE: 0 MB RAM (0 GB) is required!
Estimate model parameters (epsilon = 0.100)
1. Initial log-likelihood: -569.112
2. Current log-likelihood: -541.299
3. Current log-likelihood: -541.159
Optimal log-likelihood: -541.157
Gamma shape alpha: 1.191
Parameters optimization took 3 rounds (0.005 sec)
Computing ML distances based on estimated model parameters... 0.009 sec
Computing BIONJ tree...
0.007 seconds
Log-likelihood of BIONJ tree: -537.721
--------------------------------------------------------------------
|             INITIALIZING CANDIDATE TREE SET                      |
--------------------------------------------------------------------
Generating 98 parsimony trees... 0.013 second
Computing log-likelihood of 53 initial trees ... 0.043 seconds
Current best score: -537.721

Do NNI search on 20 best initial trees
Estimate model parameters (epsilon = 0.100)
BETTER TREE FOUND at iteration 1: -537.702
UPDATE BEST LOG-LIKELIHOOD: -537.701
Iteration 10 / LogL: -540.612 / Time: 0h:0m:0s
Iteration 20 / LogL: -540.464 / Time: 0h:0m:0s
Finish initializing candidate tree set (5)
Current best tree score: -537.701 / CPU time: 0.182
Number of iterations: 20
--------------------------------------------------------------------
|               OPTIMIZING CANDIDATE TREE SET                      |
--------------------------------------------------------------------
UPDATE BEST LOG-LIKELIHOOD: -537.701
UPDATE BEST LOG-LIKELIHOOD: -537.701
Iteration 30 / LogL: -540.465 / Time: 0h:0m:0s (0h:0m:0s left)
UPDATE BEST LOG-LIKELIHOOD: -537.701
Iteration 40 / LogL: -537.701 / Time: 0h:0m:0s (0h:0m:0s left)
WARNING: NNI search needs unusual large number of steps (7) to converge!
Iteration 50 / LogL: -537.701 / Time: 0h:0m:0s (0h:0m:0s left)
UPDATE BEST LOG-LIKELIHOOD: -537.701
WARNING: NNI search needs unusual large number of steps (7) to converge!
Iteration 60 / LogL: -537.701 / Time: 0h:0m:0s (0h:0m:0s left)
WARNING: NNI search needs unusual large number of steps (7) to converge!
WARNING: NNI search needs unusual large number of steps (7) to converge!
UPDATE BEST LOG-LIKELIHOOD: -537.700
Iteration 70 / LogL: -537.700 / Time: 0h:0m:0s (0h:0m:0s left)
WARNING: NNI search needs unusual large number of steps (7) to converge!
UPDATE BEST LOG-LIKELIHOOD: -537.700
Iteration 80 / LogL: -537.701 / Time: 0h:0m:0s (0h:0m:0s left)
UPDATE BEST LOG-LIKELIHOOD: -537.700
Iteration 90 / LogL: -537.701 / Time: 0h:0m:0s (0h:0m:0s left)
WARNING: NNI search needs unusual large number of steps (7) to converge!
Iteration 100 / LogL: -537.700 / Time: 0h:0m:0s (0h:0m:0s left)
WARNING: NNI search needs unusual large number of steps (7) to converge!
WARNING: NNI search needs unusual large number of steps (7) to converge!
TREE SEARCH COMPLETED AFTER 102 ITERATIONS / Time: 0h:0m:0s

--------------------------------------------------------------------
|                    FINALIZING TREE SEARCH                        |
--------------------------------------------------------------------
Performs final model parameters optimization
Estimate model parameters (epsilon = 0.010)
1. Initial log-likelihood: -537.700
Optimal log-likelihood: -537.685
Gamma shape alpha: 1.298
Parameters optimization took 1 rounds (0.002 sec)
BEST SCORE FOUND : -537.685
Total tree length: 5.133

Total number of iterations: 102
CPU time used for tree search: 0.664 sec (0h:0m:0s)
Wall-clock time used for tree search: 0.694 sec (0h:0m:0s)
Total CPU time used: 0.688 sec (0h:0m:0s)
Total wall-clock time used: 0.733 sec (0h:0m:0s)

===> START BOOTSTRAP REPLICATE NUMBER 92

Creating bootstrap alignment (seed: 788561)...
WARNING: States(s) N, E, I, K, M, T, W, Y rarely appear in alignment and may cause numerical problems

Create initial parsimony tree by phylogenetic likelihood library (PLL)... 0.000 seconds
Reading model parameters from file /Users/mful870/Desktop/MD_3di_Dev_02Oct24/Scriptorum/SubstitutionMatrix/3di_substmat

NOTE: 0 MB RAM (0 GB) is required!
Estimate model parameters (epsilon = 0.100)
1. Initial log-likelihood: -537.161
2. Current log-likelihood: -519.395
3. Current log-likelihood: -519.188
Optimal log-likelihood: -519.103
Gamma shape alpha: 1.386
Parameters optimization took 3 rounds (0.006 sec)
Computing ML distances based on estimated model parameters... 0.010 sec
Computing BIONJ tree...
0.007 seconds
Log-likelihood of BIONJ tree: -518.901
--------------------------------------------------------------------
|             INITIALIZING CANDIDATE TREE SET                      |
--------------------------------------------------------------------
Generating 98 parsimony trees... 0.015 second
Computing log-likelihood of 51 initial trees ... 0.039 seconds
Current best score: -517.923

Do NNI search on 20 best initial trees
Estimate model parameters (epsilon = 0.100)
BETTER TREE FOUND at iteration 1: -517.793
UPDATE BEST LOG-LIKELIHOOD: -517.792
BETTER TREE FOUND at iteration 7: -517.792
Iteration 10 / LogL: -517.792 / Time: 0h:0m:0s
UPDATE BEST LOG-LIKELIHOOD: -517.792
WARNING: NNI search needs unusual large number of steps (7) to converge!
Iteration 20 / LogL: -517.792 / Time: 0h:0m:0s
Finish initializing candidate tree set (5)
Current best tree score: -517.792 / CPU time: 0.190
Number of iterations: 20
--------------------------------------------------------------------
|               OPTIMIZING CANDIDATE TREE SET                      |
--------------------------------------------------------------------
Iteration 30 / LogL: -517.792 / Time: 0h:0m:0s (0h:0m:0s left)
UPDATE BEST LOG-LIKELIHOOD: -517.792
UPDATE BEST LOG-LIKELIHOOD: -517.792
Iteration 40 / LogL: -517.792 / Time: 0h:0m:0s (0h:0m:0s left)
UPDATE BEST LOG-LIKELIHOOD: -517.792
Iteration 50 / LogL: -517.794 / Time: 0h:0m:0s (0h:0m:0s left)
UPDATE BEST LOG-LIKELIHOOD: -517.792
Iteration 60 / LogL: -517.793 / Time: 0h:0m:0s (0h:0m:0s left)
Iteration 70 / LogL: -517.793 / Time: 0h:0m:0s (0h:0m:0s left)
UPDATE BEST LOG-LIKELIHOOD: -517.792
Iteration 80 / LogL: -519.045 / Time: 0h:0m:0s (0h:0m:0s left)
Iteration 90 / LogL: -517.792 / Time: 0h:0m:0s (0h:0m:0s left)
WARNING: NNI search needs unusual large number of steps (7) to converge!
Iteration 100 / LogL: -518.409 / Time: 0h:0m:0s (0h:0m:0s left)
WARNING: NNI search needs unusual large number of steps (7) to converge!
WARNING: NNI search needs unusual large number of steps (7) to converge!
TREE SEARCH COMPLETED AFTER 108 ITERATIONS / Time: 0h:0m:0s

--------------------------------------------------------------------
|                    FINALIZING TREE SEARCH                        |
--------------------------------------------------------------------
Performs final model parameters optimization
Estimate model parameters (epsilon = 0.010)
1. Initial log-likelihood: -517.792
2. Current log-likelihood: -517.781
Optimal log-likelihood: -517.767
Gamma shape alpha: 1.686
Parameters optimization took 2 rounds (0.004 sec)
BEST SCORE FOUND : -517.767
Total tree length: 2.812

Total number of iterations: 108
CPU time used for tree search: 0.662 sec (0h:0m:0s)
Wall-clock time used for tree search: 0.689 sec (0h:0m:0s)
Total CPU time used: 0.690 sec (0h:0m:0s)
Total wall-clock time used: 0.731 sec (0h:0m:0s)

===> START BOOTSTRAP REPLICATE NUMBER 93

Creating bootstrap alignment (seed: 788562)...
WARNING: States(s) A, N, Q, E, I, K, M, F, T, W, Y rarely appear in alignment and may cause numerical problems

Create initial parsimony tree by phylogenetic likelihood library (PLL)... 0.000 seconds
Reading model parameters from file /Users/mful870/Desktop/MD_3di_Dev_02Oct24/Scriptorum/SubstitutionMatrix/3di_substmat

NOTE: 0 MB RAM (0 GB) is required!
Estimate model parameters (epsilon = 0.100)
1. Initial log-likelihood: -429.340
2. Current log-likelihood: -417.802
Optimal log-likelihood: -417.724
Gamma shape alpha: 1.007
Parameters optimization took 2 rounds (0.002 sec)
Computing ML distances based on estimated model parameters... 0.010 sec
Computing BIONJ tree...
0.007 seconds
Log-likelihood of BIONJ tree: -418.718
--------------------------------------------------------------------
|             INITIALIZING CANDIDATE TREE SET                      |
--------------------------------------------------------------------
Generating 98 parsimony trees... 0.012 second
Computing log-likelihood of 64 initial trees ... 0.045 seconds
Current best score: -417.568

Do NNI search on 20 best initial trees
Estimate model parameters (epsilon = 0.100)
BETTER TREE FOUND at iteration 1: -417.502
UPDATE BEST LOG-LIKELIHOOD: -417.502
UPDATE BEST LOG-LIKELIHOOD: -417.502
UPDATE BEST LOG-LIKELIHOOD: -417.502
Iteration 10 / LogL: -417.502 / Time: 0h:0m:0s
WARNING: NNI search needs unusual large number of steps (7) to converge!
UPDATE BEST LOG-LIKELIHOOD: -417.502
WARNING: NNI search needs unusual large number of steps (7) to converge!
UPDATE BEST LOG-LIKELIHOOD: -417.502
Iteration 20 / LogL: -417.502 / Time: 0h:0m:0s
Finish initializing candidate tree set (2)
Current best tree score: -417.502 / CPU time: 0.179
Number of iterations: 20
--------------------------------------------------------------------
|               OPTIMIZING CANDIDATE TREE SET                      |
--------------------------------------------------------------------
UPDATE BEST LOG-LIKELIHOOD: -417.502
UPDATE BEST LOG-LIKELIHOOD: -417.502
Iteration 30 / LogL: -417.502 / Time: 0h:0m:0s (0h:0m:0s left)
UPDATE BEST LOG-LIKELIHOOD: -417.502
WARNING: NNI search needs unusual large number of steps (7) to converge!
Iteration 40 / LogL: -417.502 / Time: 0h:0m:0s (0h:0m:0s left)
Iteration 50 / LogL: -417.832 / Time: 0h:0m:0s (0h:0m:0s left)
Iteration 60 / LogL: -417.831 / Time: 0h:0m:0s (0h:0m:0s left)
WARNING: NNI search needs unusual large number of steps (7) to converge!
Iteration 70 / LogL: -417.502 / Time: 0h:0m:0s (0h:0m:0s left)
Iteration 80 / LogL: -417.502 / Time: 0h:0m:0s (0h:0m:0s left)
Iteration 90 / LogL: -417.502 / Time: 0h:0m:0s (0h:0m:0s left)
Iteration 100 / LogL: -417.502 / Time: 0h:0m:0s (0h:0m:0s left)
TREE SEARCH COMPLETED AFTER 102 ITERATIONS / Time: 0h:0m:0s

--------------------------------------------------------------------
|                    FINALIZING TREE SEARCH                        |
--------------------------------------------------------------------
Performs final model parameters optimization
Estimate model parameters (epsilon = 0.010)
1. Initial log-likelihood: -417.502
Optimal log-likelihood: -417.500
Gamma shape alpha: 1.075
Parameters optimization took 1 rounds (0.001 sec)
BEST SCORE FOUND : -417.500
Total tree length: 2.285

Total number of iterations: 102
CPU time used for tree search: 0.549 sec (0h:0m:0s)
Wall-clock time used for tree search: 0.566 sec (0h:0m:0s)
Total CPU time used: 0.569 sec (0h:0m:0s)
Total wall-clock time used: 0.601 sec (0h:0m:0s)

===> START BOOTSTRAP REPLICATE NUMBER 94

Creating bootstrap alignment (seed: 788563)...
WARNING: States(s) N, E, G, I, K, M, T, W, Y rarely appear in alignment and may cause numerical problems

Create initial parsimony tree by phylogenetic likelihood library (PLL)... 0.000 seconds
Reading model parameters from file /Users/mful870/Desktop/MD_3di_Dev_02Oct24/Scriptorum/SubstitutionMatrix/3di_substmat

NOTE: 0 MB RAM (0 GB) is required!
Estimate model parameters (epsilon = 0.100)
1. Initial log-likelihood: -572.070
2. Current log-likelihood: -553.778
Optimal log-likelihood: -553.681
Gamma shape alpha: 0.886
Parameters optimization took 2 rounds (0.005 sec)
Computing ML distances based on estimated model parameters... 0.012 sec
WARNING: Some pairwise ML distances are too long (saturated)
Computing BIONJ tree...
0.007 seconds
Log-likelihood of BIONJ tree: -554.771
--------------------------------------------------------------------
|             INITIALIZING CANDIDATE TREE SET                      |
--------------------------------------------------------------------
Generating 98 parsimony trees... 0.014 second
Computing log-likelihood of 46 initial trees ... 0.034 seconds
Current best score: -552.025

Do NNI search on 20 best initial trees
Estimate model parameters (epsilon = 0.100)
BETTER TREE FOUND at iteration 1: -551.996
Iteration 10 / LogL: -553.770 / Time: 0h:0m:0s
Iteration 20 / LogL: -553.684 / Time: 0h:0m:0s
Finish initializing candidate tree set (4)
Current best tree score: -551.996 / CPU time: 0.150
Number of iterations: 20
--------------------------------------------------------------------
|               OPTIMIZING CANDIDATE TREE SET                      |
--------------------------------------------------------------------
Iteration 30 / LogL: -553.684 / Time: 0h:0m:0s (0h:0m:0s left)
WARNING: NNI search needs unusual large number of steps (7) to converge!
UPDATE BEST LOG-LIKELIHOOD: -551.996
Iteration 40 / LogL: -552.004 / Time: 0h:0m:0s (0h:0m:0s left)
Iteration 50 / LogL: -552.006 / Time: 0h:0m:0s (0h:0m:0s left)
UPDATE BEST LOG-LIKELIHOOD: -551.995
Iteration 60 / LogL: -552.006 / Time: 0h:0m:0s (0h:0m:0s left)
WARNING: NNI search needs unusual large number of steps (7) to converge!
Iteration 70 / LogL: -558.722 / Time: 0h:0m:0s (0h:0m:0s left)
WARNING: NNI search needs unusual large number of steps (7) to converge!
WARNING: NNI search needs unusual large number of steps (7) to converge!
WARNING: NNI search needs unusual large number of steps (7) to converge!
Iteration 80 / LogL: -552.006 / Time: 0h:0m:0s (0h:0m:0s left)
WARNING: NNI search needs unusual large number of steps (7) to converge!
Iteration 90 / LogL: -552.005 / Time: 0h:0m:0s (0h:0m:0s left)
Iteration 100 / LogL: -552.010 / Time: 0h:0m:0s (0h:0m:0s left)
TREE SEARCH COMPLETED AFTER 102 ITERATIONS / Time: 0h:0m:0s

--------------------------------------------------------------------
|                    FINALIZING TREE SEARCH                        |
--------------------------------------------------------------------
Performs final model parameters optimization
Estimate model parameters (epsilon = 0.010)
1. Initial log-likelihood: -551.995
Optimal log-likelihood: -551.993
Gamma shape alpha: 0.906
Parameters optimization took 1 rounds (0.001 sec)
BEST SCORE FOUND : -551.993
Total tree length: 4.970

Total number of iterations: 102
CPU time used for tree search: 0.602 sec (0h:0m:0s)
Wall-clock time used for tree search: 0.616 sec (0h:0m:0s)
Total CPU time used: 0.629 sec (0h:0m:0s)
Total wall-clock time used: 0.658 sec (0h:0m:0s)

===> START BOOTSTRAP REPLICATE NUMBER 95

Creating bootstrap alignment (seed: 788564)...
WARNING: States(s) A, N, E, I, K, M, F, T, W, Y rarely appear in alignment and may cause numerical problems

Create initial parsimony tree by phylogenetic likelihood library (PLL)... 0.000 seconds
Reading model parameters from file /Users/mful870/Desktop/MD_3di_Dev_02Oct24/Scriptorum/SubstitutionMatrix/3di_substmat

NOTE: 0 MB RAM (0 GB) is required!
Estimate model parameters (epsilon = 0.100)
1. Initial log-likelihood: -586.892
2. Current log-likelihood: -566.701
3. Current log-likelihood: -565.923
4. Current log-likelihood: -565.673
Optimal log-likelihood: -565.599
Gamma shape alpha: 4.217
Parameters optimization took 4 rounds (0.009 sec)
Computing ML distances based on estimated model parameters... 0.008 sec
Computing BIONJ tree...
0.007 seconds
Log-likelihood of BIONJ tree: -559.129
--------------------------------------------------------------------
|             INITIALIZING CANDIDATE TREE SET                      |
--------------------------------------------------------------------
Generating 98 parsimony trees... 0.013 second
Computing log-likelihood of 54 initial trees ... 0.040 seconds
Current best score: -558.775

Do NNI search on 20 best initial trees
Estimate model parameters (epsilon = 0.100)
BETTER TREE FOUND at iteration 1: -557.297
Iteration 10 / LogL: -562.097 / Time: 0h:0m:0s
Iteration 20 / LogL: -557.526 / Time: 0h:0m:0s
Finish initializing candidate tree set (2)
Current best tree score: -557.297 / CPU time: 0.148
Number of iterations: 20
--------------------------------------------------------------------
|               OPTIMIZING CANDIDATE TREE SET                      |
--------------------------------------------------------------------
UPDATE BEST LOG-LIKELIHOOD: -557.296
Iteration 30 / LogL: -562.096 / Time: 0h:0m:0s (0h:0m:0s left)
UPDATE BEST LOG-LIKELIHOOD: -557.296
Iteration 40 / LogL: -557.297 / Time: 0h:0m:0s (0h:0m:0s left)
UPDATE BEST LOG-LIKELIHOOD: -557.296
Iteration 50 / LogL: -557.298 / Time: 0h:0m:0s (0h:0m:0s left)
Iteration 60 / LogL: -557.300 / Time: 0h:0m:0s (0h:0m:0s left)
Iteration 70 / LogL: -557.297 / Time: 0h:0m:0s (0h:0m:0s left)
Iteration 80 / LogL: -557.304 / Time: 0h:0m:0s (0h:0m:0s left)
UPDATE BEST LOG-LIKELIHOOD: -557.296
UPDATE BEST LOG-LIKELIHOOD: -557.296
Iteration 90 / LogL: -557.300 / Time: 0h:0m:0s (0h:0m:0s left)
Iteration 100 / LogL: -562.097 / Time: 0h:0m:0s (0h:0m:0s left)
TREE SEARCH COMPLETED AFTER 102 ITERATIONS / Time: 0h:0m:0s

--------------------------------------------------------------------
|                    FINALIZING TREE SEARCH                        |
--------------------------------------------------------------------
Performs final model parameters optimization
Estimate model parameters (epsilon = 0.010)
1. Initial log-likelihood: -557.296
Optimal log-likelihood: -557.289
Gamma shape alpha: 10.034
Parameters optimization took 1 rounds (0.002 sec)
BEST SCORE FOUND : -557.289
Total tree length: 2.147

Total number of iterations: 102
CPU time used for tree search: 0.458 sec (0h:0m:0s)
Wall-clock time used for tree search: 0.479 sec (0h:0m:0s)
Total CPU time used: 0.484 sec (0h:0m:0s)
Total wall-clock time used: 0.520 sec (0h:0m:0s)

===> START BOOTSTRAP REPLICATE NUMBER 96

Creating bootstrap alignment (seed: 788565)...
WARNING: States(s) N, E, H, I, K, M, T, W, Y rarely appear in alignment and may cause numerical problems

Create initial parsimony tree by phylogenetic likelihood library (PLL)... 0.000 seconds
Reading model parameters from file /Users/mful870/Desktop/MD_3di_Dev_02Oct24/Scriptorum/SubstitutionMatrix/3di_substmat

NOTE: 0 MB RAM (0 GB) is required!
Estimate model parameters (epsilon = 0.100)
1. Initial log-likelihood: -470.462
2. Current log-likelihood: -454.795
3. Current log-likelihood: -454.615
Optimal log-likelihood: -454.575
Gamma shape alpha: 1.568
Parameters optimization took 3 rounds (0.006 sec)
Computing ML distances based on estimated model parameters... 0.009 sec
Computing BIONJ tree...
0.007 seconds
Log-likelihood of BIONJ tree: -453.264
--------------------------------------------------------------------
|             INITIALIZING CANDIDATE TREE SET                      |
--------------------------------------------------------------------
Generating 98 parsimony trees... 0.012 second
Computing log-likelihood of 58 initial trees ... 0.041 seconds
Current best score: -453.005

Do NNI search on 20 best initial trees
Estimate model parameters (epsilon = 0.100)
BETTER TREE FOUND at iteration 1: -452.990
Iteration 10 / LogL: -452.990 / Time: 0h:0m:0s
UPDATE BEST LOG-LIKELIHOOD: -452.990
WARNING: NNI search needs unusual large number of steps (7) to converge!
Iteration 20 / LogL: -452.990 / Time: 0h:0m:0s
Finish initializing candidate tree set (2)
Current best tree score: -452.990 / CPU time: 0.155
Number of iterations: 20
--------------------------------------------------------------------
|               OPTIMIZING CANDIDATE TREE SET                      |
--------------------------------------------------------------------
UPDATE BEST LOG-LIKELIHOOD: -452.990
UPDATE BEST LOG-LIKELIHOOD: -452.990
UPDATE BEST LOG-LIKELIHOOD: -452.990
WARNING: NNI search needs unusual large number of steps (7) to converge!
Iteration 30 / LogL: -452.990 / Time: 0h:0m:0s (0h:0m:0s left)
Iteration 40 / LogL: -452.990 / Time: 0h:0m:0s (0h:0m:0s left)
Iteration 50 / LogL: -452.990 / Time: 0h:0m:0s (0h:0m:0s left)
UPDATE BEST LOG-LIKELIHOOD: -452.990
Iteration 60 / LogL: -452.990 / Time: 0h:0m:0s (0h:0m:0s left)
UPDATE BEST LOG-LIKELIHOOD: -452.990
Iteration 70 / LogL: -452.990 / Time: 0h:0m:0s (0h:0m:0s left)
Iteration 80 / LogL: -452.990 / Time: 0h:0m:0s (0h:0m:0s left)
WARNING: NNI search needs unusual large number of steps (7) to converge!
Iteration 90 / LogL: -452.990 / Time: 0h:0m:0s (0h:0m:0s left)
Iteration 100 / LogL: -452.990 / Time: 0h:0m:0s (0h:0m:0s left)
TREE SEARCH COMPLETED AFTER 102 ITERATIONS / Time: 0h:0m:0s

--------------------------------------------------------------------
|                    FINALIZING TREE SEARCH                        |
--------------------------------------------------------------------
Performs final model parameters optimization
Estimate model parameters (epsilon = 0.010)
1. Initial log-likelihood: -452.990
Optimal log-likelihood: -452.990
Gamma shape alpha: 1.594
Parameters optimization took 1 rounds (0.001 sec)
BEST SCORE FOUND : -452.990
Total tree length: 2.464

Total number of iterations: 102
CPU time used for tree search: 0.485 sec (0h:0m:0s)
Wall-clock time used for tree search: 0.510 sec (0h:0m:0s)
Total CPU time used: 0.508 sec (0h:0m:0s)
Total wall-clock time used: 0.548 sec (0h:0m:0s)

===> START BOOTSTRAP REPLICATE NUMBER 97

Creating bootstrap alignment (seed: 788566)...
WARNING: States(s) N, E, I, K, M, T, W, Y rarely appear in alignment and may cause numerical problems

Create initial parsimony tree by phylogenetic likelihood library (PLL)... 0.000 seconds
Reading model parameters from file /Users/mful870/Desktop/MD_3di_Dev_02Oct24/Scriptorum/SubstitutionMatrix/3di_substmat

NOTE: 0 MB RAM (0 GB) is required!
Estimate model parameters (epsilon = 0.100)
1. Initial log-likelihood: -605.560
2. Current log-likelihood: -579.155
3. Current log-likelihood: -578.839
Optimal log-likelihood: -578.775
Gamma shape alpha: 1.332
Parameters optimization took 3 rounds (0.007 sec)
Computing ML distances based on estimated model parameters... 0.008 sec
Computing BIONJ tree...
0.007 seconds
Log-likelihood of BIONJ tree: -577.345
--------------------------------------------------------------------
|             INITIALIZING CANDIDATE TREE SET                      |
--------------------------------------------------------------------
Generating 98 parsimony trees... 0.012 second
Computing log-likelihood of 70 initial trees ... 0.053 seconds
Current best score: -576.759

Do NNI search on 20 best initial trees
Estimate model parameters (epsilon = 0.100)
BETTER TREE FOUND at iteration 1: -576.079
UPDATE BEST LOG-LIKELIHOOD: -576.079
Iteration 10 / LogL: -576.121 / Time: 0h:0m:0s
UPDATE BEST LOG-LIKELIHOOD: -576.079
UPDATE BEST LOG-LIKELIHOOD: -576.079
Iteration 20 / LogL: -576.121 / Time: 0h:0m:0s
Finish initializing candidate tree set (2)
Current best tree score: -576.079 / CPU time: 0.187
Number of iterations: 20
--------------------------------------------------------------------
|               OPTIMIZING CANDIDATE TREE SET                      |
--------------------------------------------------------------------
UPDATE BEST LOG-LIKELIHOOD: -576.079
Iteration 30 / LogL: -576.474 / Time: 0h:0m:0s (0h:0m:0s left)
Iteration 40 / LogL: -576.474 / Time: 0h:0m:0s (0h:0m:0s left)
Iteration 50 / LogL: -576.079 / Time: 0h:0m:0s (0h:0m:0s left)
UPDATE BEST LOG-LIKELIHOOD: -576.079
Iteration 60 / LogL: -576.468 / Time: 0h:0m:0s (0h:0m:0s left)
Iteration 70 / LogL: -576.079 / Time: 0h:0m:0s (0h:0m:0s left)
UPDATE BEST LOG-LIKELIHOOD: -576.079
Iteration 80 / LogL: -576.468 / Time: 0h:0m:0s (0h:0m:0s left)
Iteration 90 / LogL: -576.469 / Time: 0h:0m:0s (0h:0m:0s left)
Iteration 100 / LogL: -576.468 / Time: 0h:0m:0s (0h:0m:0s left)
TREE SEARCH COMPLETED AFTER 102 ITERATIONS / Time: 0h:0m:0s

--------------------------------------------------------------------
|                    FINALIZING TREE SEARCH                        |
--------------------------------------------------------------------
Performs final model parameters optimization
Estimate model parameters (epsilon = 0.010)
1. Initial log-likelihood: -576.079
Optimal log-likelihood: -576.070
Gamma shape alpha: 2.517
Parameters optimization took 1 rounds (0.002 sec)
BEST SCORE FOUND : -576.070
Total tree length: 2.871

Total number of iterations: 102
CPU time used for tree search: 0.519 sec (0h:0m:0s)
Wall-clock time used for tree search: 0.532 sec (0h:0m:0s)
Total CPU time used: 0.544 sec (0h:0m:0s)
Total wall-clock time used: 0.572 sec (0h:0m:0s)

===> START BOOTSTRAP REPLICATE NUMBER 98

Creating bootstrap alignment (seed: 788567)...
WARNING: States(s) N, E, I, K, M, T, W, Y rarely appear in alignment and may cause numerical problems

Create initial parsimony tree by phylogenetic likelihood library (PLL)... 0.000 seconds
Reading model parameters from file /Users/mful870/Desktop/MD_3di_Dev_02Oct24/Scriptorum/SubstitutionMatrix/3di_substmat

NOTE: 0 MB RAM (0 GB) is required!
Estimate model parameters (epsilon = 0.100)
1. Initial log-likelihood: -558.209
2. Current log-likelihood: -537.408
3. Current log-likelihood: -536.465
4. Current log-likelihood: -536.350
Optimal log-likelihood: -536.326
Gamma shape alpha: 6.625
Parameters optimization took 4 rounds (0.009 sec)
Computing ML distances based on estimated model parameters... 0.007 sec
Computing BIONJ tree...
0.007 seconds
Log-likelihood of BIONJ tree: -535.860
--------------------------------------------------------------------
|             INITIALIZING CANDIDATE TREE SET                      |
--------------------------------------------------------------------
Generating 98 parsimony trees... 0.013 second
Computing log-likelihood of 46 initial trees ... 0.034 seconds
Current best score: -535.061

Do NNI search on 20 best initial trees
Estimate model parameters (epsilon = 0.100)
BETTER TREE FOUND at iteration 1: -534.786
UPDATE BEST LOG-LIKELIHOOD: -534.785
UPDATE BEST LOG-LIKELIHOOD: -534.785
UPDATE BEST LOG-LIKELIHOOD: -534.785
UPDATE BEST LOG-LIKELIHOOD: -534.785
UPDATE BEST LOG-LIKELIHOOD: -534.785
UPDATE BEST LOG-LIKELIHOOD: -534.785
Iteration 10 / LogL: -534.785 / Time: 0h:0m:0s
Iteration 20 / LogL: -534.785 / Time: 0h:0m:0s
Finish initializing candidate tree set (1)
Current best tree score: -534.785 / CPU time: 0.170
Number of iterations: 20
--------------------------------------------------------------------
|               OPTIMIZING CANDIDATE TREE SET                      |
--------------------------------------------------------------------
Iteration 30 / LogL: -534.785 / Time: 0h:0m:0s (0h:0m:0s left)
UPDATE BEST LOG-LIKELIHOOD: -534.785
UPDATE BEST LOG-LIKELIHOOD: -534.785
Iteration 40 / LogL: -534.785 / Time: 0h:0m:0s (0h:0m:0s left)
UPDATE BEST LOG-LIKELIHOOD: -534.785
Iteration 50 / LogL: -534.785 / Time: 0h:0m:0s (0h:0m:0s left)
UPDATE BEST LOG-LIKELIHOOD: -534.785
Iteration 60 / LogL: -534.785 / Time: 0h:0m:0s (0h:0m:0s left)
UPDATE BEST LOG-LIKELIHOOD: -534.785
Iteration 70 / LogL: -534.785 / Time: 0h:0m:0s (0h:0m:0s left)
Iteration 80 / LogL: -534.785 / Time: 0h:0m:0s (0h:0m:0s left)
Iteration 90 / LogL: -534.785 / Time: 0h:0m:0s (0h:0m:0s left)
Iteration 100 / LogL: -534.785 / Time: 0h:0m:0s (0h:0m:0s left)
TREE SEARCH COMPLETED AFTER 102 ITERATIONS / Time: 0h:0m:0s

--------------------------------------------------------------------
|                    FINALIZING TREE SEARCH                        |
--------------------------------------------------------------------
Performs final model parameters optimization
Estimate model parameters (epsilon = 0.010)
1. Initial log-likelihood: -534.785
Optimal log-likelihood: -534.783
Gamma shape alpha: 998.487
Parameters optimization took 1 rounds (0.002 sec)
BEST SCORE FOUND : -534.783
Total tree length: 1.781

Total number of iterations: 102
CPU time used for tree search: 0.537 sec (0h:0m:0s)
Wall-clock time used for tree search: 0.564 sec (0h:0m:0s)
Total CPU time used: 0.561 sec (0h:0m:0s)
Total wall-clock time used: 0.602 sec (0h:0m:0s)

===> START BOOTSTRAP REPLICATE NUMBER 99

Creating bootstrap alignment (seed: 788568)...
WARNING: States(s) N, E, G, I, K, M, T, W, Y rarely appear in alignment and may cause numerical problems

Create initial parsimony tree by phylogenetic likelihood library (PLL)... 0.000 seconds
Reading model parameters from file /Users/mful870/Desktop/MD_3di_Dev_02Oct24/Scriptorum/SubstitutionMatrix/3di_substmat

NOTE: 0 MB RAM (0 GB) is required!
Estimate model parameters (epsilon = 0.100)
1. Initial log-likelihood: -584.686
2. Current log-likelihood: -559.311
3. Current log-likelihood: -558.967
4. Current log-likelihood: -558.816
5. Current log-likelihood: -558.713
Optimal log-likelihood: -558.619
Gamma shape alpha: 1.936
Parameters optimization took 5 rounds (0.011 sec)
Computing ML distances based on estimated model parameters... 0.009 sec
Computing BIONJ tree...
0.007 seconds
Log-likelihood of BIONJ tree: -561.531
--------------------------------------------------------------------
|             INITIALIZING CANDIDATE TREE SET                      |
--------------------------------------------------------------------
Generating 98 parsimony trees... 0.013 second
Computing log-likelihood of 56 initial trees ... 0.045 seconds
Current best score: -556.787

Do NNI search on 20 best initial trees
Estimate model parameters (epsilon = 0.100)
BETTER TREE FOUND at iteration 1: -556.749
UPDATE BEST LOG-LIKELIHOOD: -556.748
Estimate model parameters (epsilon = 0.100)
BETTER TREE FOUND at iteration 3: -556.184
Iteration 10 / LogL: -557.766 / Time: 0h:0m:0s
WARNING: NNI search needs unusual large number of steps (7) to converge!
Iteration 20 / LogL: -556.184 / Time: 0h:0m:0s
Finish initializing candidate tree set (6)
Current best tree score: -556.184 / CPU time: 0.217
Number of iterations: 20
--------------------------------------------------------------------
|               OPTIMIZING CANDIDATE TREE SET                      |
--------------------------------------------------------------------
Iteration 30 / LogL: -556.184 / Time: 0h:0m:0s (0h:0m:0s left)
WARNING: NNI search needs unusual large number of steps (7) to converge!
Iteration 40 / LogL: -556.185 / Time: 0h:0m:0s (0h:0m:0s left)
WARNING: NNI search needs unusual large number of steps (7) to converge!
Iteration 50 / LogL: -556.188 / Time: 0h:0m:0s (0h:0m:0s left)
Iteration 60 / LogL: -556.259 / Time: 0h:0m:0s (0h:0m:0s left)
WARNING: NNI search needs unusual large number of steps (7) to converge!
Iteration 70 / LogL: -556.184 / Time: 0h:0m:0s (0h:0m:0s left)
WARNING: NNI search needs unusual large number of steps (7) to converge!
WARNING: NNI search needs unusual large number of steps (7) to converge!
Iteration 80 / LogL: -556.184 / Time: 0h:0m:0s (0h:0m:0s left)
UPDATE BEST LOG-LIKELIHOOD: -556.184
UPDATE BEST LOG-LIKELIHOOD: -556.184
Iteration 90 / LogL: -556.184 / Time: 0h:0m:0s (0h:0m:0s left)
WARNING: NNI search needs unusual large number of steps (7) to converge!
Iteration 100 / LogL: -556.184 / Time: 0h:0m:0s (0h:0m:0s left)
TREE SEARCH COMPLETED AFTER 104 ITERATIONS / Time: 0h:0m:0s

--------------------------------------------------------------------
|                    FINALIZING TREE SEARCH                        |
--------------------------------------------------------------------
Performs final model parameters optimization
Estimate model parameters (epsilon = 0.010)
1. Initial log-likelihood: -556.184
Optimal log-likelihood: -556.171
Gamma shape alpha: 3.423
Parameters optimization took 1 rounds (0.002 sec)
BEST SCORE FOUND : -556.171
Total tree length: 3.114

Total number of iterations: 104
CPU time used for tree search: 0.748 sec (0h:0m:0s)
Wall-clock time used for tree search: 0.765 sec (0h:0m:0s)
Total CPU time used: 0.780 sec (0h:0m:0s)
Total wall-clock time used: 0.812 sec (0h:0m:0s)

===> START BOOTSTRAP REPLICATE NUMBER 100

Creating bootstrap alignment (seed: 788569)...
WARNING: States(s) A, N, E, I, K, M, F, T, W, Y rarely appear in alignment and may cause numerical problems

Create initial parsimony tree by phylogenetic likelihood library (PLL)... 0.000 seconds
Reading model parameters from file /Users/mful870/Desktop/MD_3di_Dev_02Oct24/Scriptorum/SubstitutionMatrix/3di_substmat

NOTE: 0 MB RAM (0 GB) is required!
Estimate model parameters (epsilon = 0.100)
1. Initial log-likelihood: -575.609
2. Current log-likelihood: -557.908
3. Current log-likelihood: -557.533
Optimal log-likelihood: -557.494
Gamma shape alpha: 1.367
Parameters optimization took 3 rounds (0.007 sec)
Computing ML distances based on estimated model parameters... 0.008 sec
Computing BIONJ tree...
0.007 seconds
Log-likelihood of BIONJ tree: -558.054
--------------------------------------------------------------------
|             INITIALIZING CANDIDATE TREE SET                      |
--------------------------------------------------------------------
Generating 98 parsimony trees... 0.013 second
Computing log-likelihood of 55 initial trees ... 0.041 seconds
Current best score: -553.584

Do NNI search on 20 best initial trees
Estimate model parameters (epsilon = 0.100)
BETTER TREE FOUND at iteration 1: -553.410
UPDATE BEST LOG-LIKELIHOOD: -553.406
BETTER TREE FOUND at iteration 3: -553.406
Iteration 10 / LogL: -553.488 / Time: 0h:0m:0s
UPDATE BEST LOG-LIKELIHOOD: -553.406
Iteration 20 / LogL: -553.406 / Time: 0h:0m:0s
Finish initializing candidate tree set (7)
Current best tree score: -553.406 / CPU time: 0.161
Number of iterations: 20
--------------------------------------------------------------------
|               OPTIMIZING CANDIDATE TREE SET                      |
--------------------------------------------------------------------
UPDATE BEST LOG-LIKELIHOOD: -553.406
UPDATE BEST LOG-LIKELIHOOD: -553.406
UPDATE BEST LOG-LIKELIHOOD: -553.406
UPDATE BEST LOG-LIKELIHOOD: -553.406
WARNING: NNI search needs unusual large number of steps (7) to converge!
UPDATE BEST LOG-LIKELIHOOD: -553.406
Iteration 30 / LogL: -553.406 / Time: 0h:0m:0s (0h:0m:0s left)
UPDATE BEST LOG-LIKELIHOOD: -553.406
UPDATE BEST LOG-LIKELIHOOD: -553.406
UPDATE BEST LOG-LIKELIHOOD: -553.406
Iteration 40 / LogL: -553.406 / Time: 0h:0m:0s (0h:0m:0s left)
Iteration 50 / LogL: -553.711 / Time: 0h:0m:0s (0h:0m:0s left)
UPDATE BEST LOG-LIKELIHOOD: -553.406
Iteration 60 / LogL: -553.406 / Time: 0h:0m:0s (0h:0m:0s left)
Iteration 70 / LogL: -553.406 / Time: 0h:0m:0s (0h:0m:0s left)
UPDATE BEST LOG-LIKELIHOOD: -553.406
Iteration 80 / LogL: -553.406 / Time: 0h:0m:0s (0h:0m:0s left)
UPDATE BEST LOG-LIKELIHOOD: -553.406
UPDATE BEST LOG-LIKELIHOOD: -553.406
Iteration 90 / LogL: -553.406 / Time: 0h:0m:0s (0h:0m:0s left)
UPDATE BEST LOG-LIKELIHOOD: -553.406
UPDATE BEST LOG-LIKELIHOOD: -553.406
Iteration 100 / LogL: -553.406 / Time: 0h:0m:0s (0h:0m:0s left)
UPDATE BEST LOG-LIKELIHOOD: -553.406
UPDATE BEST LOG-LIKELIHOOD: -553.406
TREE SEARCH COMPLETED AFTER 104 ITERATIONS / Time: 0h:0m:0s

--------------------------------------------------------------------
|                    FINALIZING TREE SEARCH                        |
--------------------------------------------------------------------
Performs final model parameters optimization
Estimate model parameters (epsilon = 0.010)
1. Initial log-likelihood: -553.406
2. Current log-likelihood: -553.392
Optimal log-likelihood: -553.382
Gamma shape alpha: 1.140
Parameters optimization took 2 rounds (0.003 sec)
BEST SCORE FOUND : -553.382
Total tree length: 3.749

Total number of iterations: 104
CPU time used for tree search: 0.467 sec (0h:0m:0s)
Wall-clock time used for tree search: 0.543 sec (0h:0m:0s)
Total CPU time used: 0.493 sec (0h:0m:0s)
Total wall-clock time used: 0.583 sec (0h:0m:0s)

===> COMPUTE CONSENSUS TREE FROM 100BOOTSTRAP TREES

Reading tree(s) file crystal.tdialn.boottrees ...
100 un-rooted tree(s) loaded
0 split(s) discarded because frequency <= -1.000
36 splits found
Consensus tree written to crystal.tdialn.contree

===> START ANALYSIS ON THE ORIGINAL ALIGNMENT

WARNING: States(s) N, E, I, K, M, T, W, Y rarely appear in alignment and may cause numerical problems

Create initial parsimony tree by phylogenetic likelihood library (PLL)... 0.000 seconds
Reading model parameters from file /Users/mful870/Desktop/MD_3di_Dev_02Oct24/Scriptorum/SubstitutionMatrix/3di_substmat

NOTE: 0 MB RAM (0 GB) is required!
Estimate model parameters (epsilon = 0.100)
1. Initial log-likelihood: -557.348
2. Current log-likelihood: -539.689
3. Current log-likelihood: -539.543
Optimal log-likelihood: -539.516
Gamma shape alpha: 1.483
Parameters optimization took 3 rounds (0.009 sec)
Computing ML distances based on estimated model parameters... 0.008 sec
Computing BIONJ tree...
0.007 seconds
Log-likelihood of BIONJ tree: -541.515
--------------------------------------------------------------------
|             INITIALIZING CANDIDATE TREE SET                      |
--------------------------------------------------------------------
Generating 98 parsimony trees... 0.013 second
Computing log-likelihood of 67 initial trees ... 0.065 seconds
Current best score: -539.509

Do NNI search on 20 best initial trees
Estimate model parameters (epsilon = 0.100)
BETTER TREE FOUND at iteration 1: -539.454
UPDATE BEST LOG-LIKELIHOOD: -539.453
Estimate model parameters (epsilon = 0.100)
BETTER TREE FOUND at iteration 5: -538.163
Iteration 10 / LogL: -539.437 / Time: 0h:0m:0s
UPDATE BEST LOG-LIKELIHOOD: -538.163
Iteration 20 / LogL: -538.163 / Time: 0h:0m:0s
Finish initializing candidate tree set (5)
Current best tree score: -538.163 / CPU time: 0.201
Number of iterations: 20
--------------------------------------------------------------------
|               OPTIMIZING CANDIDATE TREE SET                      |
--------------------------------------------------------------------
Iteration 30 / LogL: -542.604 / Time: 0h:0m:0s (0h:0m:0s left)
UPDATE BEST LOG-LIKELIHOOD: -538.162
Iteration 40 / LogL: -539.566 / Time: 0h:0m:0s (0h:0m:0s left)
Iteration 50 / LogL: -539.566 / Time: 0h:0m:0s (0h:0m:0s left)
Iteration 60 / LogL: -539.437 / Time: 0h:0m:0s (0h:0m:0s left)
Iteration 70 / LogL: -539.566 / Time: 0h:0m:0s (0h:0m:0s left)
UPDATE BEST LOG-LIKELIHOOD: -538.162
Iteration 80 / LogL: -538.170 / Time: 0h:0m:0s (0h:0m:0s left)
Iteration 90 / LogL: -538.164 / Time: 0h:0m:0s (0h:0m:0s left)
Iteration 100 / LogL: -539.566 / Time: 0h:0m:0s (0h:0m:0s left)
TREE SEARCH COMPLETED AFTER 106 ITERATIONS / Time: 0h:0m:0s

--------------------------------------------------------------------
|                    FINALIZING TREE SEARCH                        |
--------------------------------------------------------------------
Performs final model parameters optimization
Estimate model parameters (epsilon = 0.010)
1. Initial log-likelihood: -538.162
2. Current log-likelihood: -538.150
Optimal log-likelihood: -538.141
Gamma shape alpha: 2.084
Parameters optimization took 2 rounds (0.005 sec)
BEST SCORE FOUND : -538.141
Total tree length: 2.607

Total number of iterations: 106
CPU time used for tree search: 0.704 sec (0h:0m:0s)
Wall-clock time used for tree search: 0.721 sec (0h:0m:0s)
Total CPU time used: 0.735 sec (0h:0m:0s)
Total wall-clock time used: 0.766 sec (0h:0m:0s)
Reading input trees file crystal.tdialn.contree
Log-likelihood of consensus tree: -538.141

===> ASSIGN BOOTSTRAP SUPPORTS TO THE TREE FROM ORIGINAL ALIGNMENT

Reading tree crystal.tdialn.treefile ...
Reading tree(s) file crystal.tdialn.boottrees ...
100 un-rooted tree(s) loaded
Rescaling split weights by 1.000
36 splits found
Creating bootstrap support values...
Tree with assigned support written to crystal.tdialn.treefile

Analysis results written to: 
  IQ-TREE report:                crystal.tdialn.iqtree
  Maximum-likelihood tree:       crystal.tdialn.treefile
  Likelihood distances:          crystal.tdialn.mldist
  Screen log file:               crystal.tdialn.log

Total CPU time for bootstrap: 60.937 seconds.
Total wall-clock time for bootstrap: 65.845 seconds.

Non-parametric bootstrap results written to:
Bootstrap trees:          crystal.tdialn.boottrees
  Consensus tree:           crystal.tdialn.contree

Date and Time: Sun Jun  1 14:06:41 2025
