IQ-TREE multicore version 2.4.0 for MacOS Intel 64-bit built Feb  7 2025
Developed by Bui Quang Minh, Nguyen Lam Tung, Olga Chernomor, Heiko Schmidt,
Dominik Schrempf, Michael Woodhams, Ly Trong Nhan, Thomas Wong

Host:    sc-sbs-383386 (AVX512, FMA3, 32 GB RAM)
Command: /Users/mful870/Bioinformatics_Programs/iqtree-2.4.0-macOS/bin/iqtree2 -s Alns/ -redo -p partition_file.nex -b 100
Seed:    900165 (Using SPRNG - Scalable Parallel Random Number Generator)
Time:    Tue Jun  3 18:03:59 2025
Kernel:  AVX+FMA - 1 threads (16 CPU cores detected)

HINT: Use -nt option to specify number of threads because your CPU has 16 cores!
HINT: -nt AUTO will automatically determine the best number of threads to use.

Reading partition model file partition_file.nex ...
Reading 2 alignment files in directory Alns/
Reading alignment file Alns/crystal.tdialn ... Fasta format detected
Reading fasta file: done in 0.000399113 secs using 75.67% CPU
Alignment most likely contains protein sequences
Alignment has 23 sequences with 661 columns, 569 distinct patterns
303 parsimony-informative, 194 singleton sites, 164 constant sites
WARNING: Some sequence names are changed as follows:
c_124_1_0+4oqp_A -> c_124_1_0_4oqp_A
c_124_1_8+2gnp_A -> c_124_1_8_2gnp_A
c_124_1_0+3kv1_A -> c_124_1_0_3kv1_A
c_124_1_0+4l4y_A -> c_124_1_0_4l4y_A
c_124_1_8+2o0m_A -> c_124_1_8_2o0m_A
c_124_1_8+3efb_A -> c_124_1_8_3efb_A
c_124_1_1+1pbt_A -> c_124_1_1_1pbt_A
c_124_1_1+1ne7_A -> c_124_1_1_1ne7_A
c_124_1_1+4r7t_A -> c_124_1_1_4r7t_A
c_124_1_1+1jt9_A -> c_124_1_1_1jt9_A
c_124_1_8+2r5f_A -> c_124_1_8_2r5f_A
c_124_1_0+5n01_D -> c_124_1_0_5n01_D
c_124_1_3+1poi_B -> c_124_1_3_1poi_B
c_124_1_7+2g40_A -> c_124_1_7_2g40_A
c_124_1_6+1sbq_A -> c_124_1_6_1sbq_A
c_124_1_6+1wkc_A -> c_124_1_6_1wkc_A
c_124_1_2+1poi_A -> c_124_1_2_1poi_A
c_124_1_0+3cdk_A -> c_124_1_0_3cdk_A
c_124_1_0+3rrl_A -> c_124_1_0_3rrl_A
c_124_1_0+5dbn_A -> c_124_1_0_5dbn_A
c_124_1_5+1t9k_A -> c_124_1_5_1t9k_A
c_124_1_5+1vb5_A -> c_124_1_5_1vb5_A
c_124_1_5+1w2w_A -> c_124_1_5_1w2w_A

                  Gap/Ambiguity  Composition  p-value
Analyzing sequences: done in 3.09944e-05 secs using 90.34% CPU
   1  c_124_1_0_4oqp_A   61.57%    passed     53.68%
   2  c_124_1_8_2gnp_A   60.36%    passed     75.22%
   3  c_124_1_0_3kv1_A   61.72%    passed     78.72%
   4  c_124_1_0_4l4y_A   64.15%    passed     48.78%
   5  c_124_1_8_2o0m_A   62.63%    passed     95.29%
   6  c_124_1_8_3efb_A   62.78%    passed     81.62%
   7  c_124_1_1_1pbt_A   66.72%    passed     27.40%
   8  c_124_1_1_1ne7_A   57.49%    passed     50.22%
   9  c_124_1_1_4r7t_A   59.76%    passed     42.81%
  10  c_124_1_1_1jt9_A   62.63%    passed     20.68%
  11  c_124_1_8_2r5f_A   67.02%    passed     95.75%
  12  c_124_1_0_5n01_D   63.69%    failed      3.14%
  13  c_124_1_3_1poi_B   60.67%    passed     12.04%
  14  c_124_1_7_2g40_A   75.19%    passed     75.10%
  15  c_124_1_6_1sbq_A   75.19%    passed     71.63%
  16  c_124_1_6_1wkc_A   74.58%    failed      3.97%
  17  c_124_1_2_1poi_A   52.04%    passed     73.78%
  18  c_124_1_0_3cdk_A   65.36%    passed     13.33%
  19  c_124_1_0_3rrl_A   65.20%    failed      1.70%
  20  c_124_1_0_5dbn_A   67.47%    passed     41.13%
  21  c_124_1_5_1t9k_A   48.56%    passed     44.30%
  22  c_124_1_5_1vb5_A   58.55%    failed      1.56%
  23  c_124_1_5_1w2w_A   68.08%    failed      0.00%
WARNING: 22 sequences contain more than 50% gaps/ambiguity
****  TOTAL              63.54%  5 sequences failed composition chi2 test (p-value<5%; df=19)
Reading alignment file Alns/crystal_aa.fa ... Fasta format detected
Reading fasta file: done in 0.000359058 secs using 78.26% CPU
Alignment most likely contains protein sequences
Alignment has 23 sequences with 661 columns, 609 distinct patterns
298 parsimony-informative, 244 singleton sites, 119 constant sites
WARNING: Some sequence names are changed as follows:
c_124_1_0+4oqp_A -> c_124_1_0_4oqp_A
c_124_1_8+2gnp_A -> c_124_1_8_2gnp_A
c_124_1_0+3kv1_A -> c_124_1_0_3kv1_A
c_124_1_0+4l4y_A -> c_124_1_0_4l4y_A
c_124_1_8+2o0m_A -> c_124_1_8_2o0m_A
c_124_1_8+3efb_A -> c_124_1_8_3efb_A
c_124_1_1+1pbt_A -> c_124_1_1_1pbt_A
c_124_1_1+1ne7_A -> c_124_1_1_1ne7_A
c_124_1_1+4r7t_A -> c_124_1_1_4r7t_A
c_124_1_1+1jt9_A -> c_124_1_1_1jt9_A
c_124_1_8+2r5f_A -> c_124_1_8_2r5f_A
c_124_1_0+5n01_D -> c_124_1_0_5n01_D
c_124_1_3+1poi_B -> c_124_1_3_1poi_B
c_124_1_7+2g40_A -> c_124_1_7_2g40_A
c_124_1_6+1sbq_A -> c_124_1_6_1sbq_A
c_124_1_6+1wkc_A -> c_124_1_6_1wkc_A
c_124_1_2+1poi_A -> c_124_1_2_1poi_A
c_124_1_0+3cdk_A -> c_124_1_0_3cdk_A
c_124_1_0+3rrl_A -> c_124_1_0_3rrl_A
c_124_1_0+5dbn_A -> c_124_1_0_5dbn_A
c_124_1_5+1t9k_A -> c_124_1_5_1t9k_A
c_124_1_5+1vb5_A -> c_124_1_5_1vb5_A
c_124_1_5+1w2w_A -> c_124_1_5_1w2w_A

                  Gap/Ambiguity  Composition  p-value
Analyzing sequences: done in 3.09944e-05 secs using 96.79% CPU
   1  c_124_1_0_4oqp_A   61.57%    passed     99.86%
   2  c_124_1_8_2gnp_A   60.36%    failed      4.15%
   3  c_124_1_0_3kv1_A   61.72%    passed     48.33%
   4  c_124_1_0_4l4y_A   64.15%    failed      2.69%
   5  c_124_1_8_2o0m_A   62.63%    passed     61.74%
   6  c_124_1_8_3efb_A   62.78%    passed     56.73%
   7  c_124_1_1_1pbt_A   66.72%    passed     23.65%
   8  c_124_1_1_1ne7_A   57.49%    passed     57.51%
   9  c_124_1_1_4r7t_A   59.76%    passed     91.68%
  10  c_124_1_1_1jt9_A   62.63%    passed     87.03%
  11  c_124_1_8_2r5f_A   67.02%    passed     12.10%
  12  c_124_1_0_5n01_D   63.69%    failed      0.00%
  13  c_124_1_3_1poi_B   60.67%    passed     76.45%
  14  c_124_1_7_2g40_A   75.19%    failed      1.61%
  15  c_124_1_6_1sbq_A   75.19%    failed      0.13%
  16  c_124_1_6_1wkc_A   74.58%    failed      0.00%
  17  c_124_1_2_1poi_A   52.04%    passed      9.70%
  18  c_124_1_0_3cdk_A   65.36%    passed     68.88%
  19  c_124_1_0_3rrl_A   65.20%    passed     12.16%
  20  c_124_1_0_5dbn_A   67.47%    failed      4.81%
  21  c_124_1_5_1t9k_A   48.56%    passed     22.07%
  22  c_124_1_5_1vb5_A   58.55%    passed     10.05%
  23  c_124_1_5_1w2w_A   68.08%    failed      1.73%
WARNING: 22 sequences contain more than 50% gaps/ambiguity
****  TOTAL              63.54%  8 sequences failed composition chi2 test (p-value<5%; df=19)

Loading 2 partitions...
Reading alignment file ./Alns/crystal_aa.fa ... Fasta format detected
Reading fasta file: done in 0.000325918 secs using 88.98% CPU
Alignment most likely contains protein sequences
Alignment has 23 sequences with 661 columns, 609 distinct patterns
298 parsimony-informative, 244 singleton sites, 119 constant sites
WARNING: Some sequence names are changed as follows:
c_124_1_0+4oqp_A -> c_124_1_0_4oqp_A
c_124_1_8+2gnp_A -> c_124_1_8_2gnp_A
c_124_1_0+3kv1_A -> c_124_1_0_3kv1_A
c_124_1_0+4l4y_A -> c_124_1_0_4l4y_A
c_124_1_8+2o0m_A -> c_124_1_8_2o0m_A
c_124_1_8+3efb_A -> c_124_1_8_3efb_A
c_124_1_1+1pbt_A -> c_124_1_1_1pbt_A
c_124_1_1+1ne7_A -> c_124_1_1_1ne7_A
c_124_1_1+4r7t_A -> c_124_1_1_4r7t_A
c_124_1_1+1jt9_A -> c_124_1_1_1jt9_A
c_124_1_8+2r5f_A -> c_124_1_8_2r5f_A
c_124_1_0+5n01_D -> c_124_1_0_5n01_D
c_124_1_3+1poi_B -> c_124_1_3_1poi_B
c_124_1_7+2g40_A -> c_124_1_7_2g40_A
c_124_1_6+1sbq_A -> c_124_1_6_1sbq_A
c_124_1_6+1wkc_A -> c_124_1_6_1wkc_A
c_124_1_2+1poi_A -> c_124_1_2_1poi_A
c_124_1_0+3cdk_A -> c_124_1_0_3cdk_A
c_124_1_0+3rrl_A -> c_124_1_0_3rrl_A
c_124_1_0+5dbn_A -> c_124_1_0_5dbn_A
c_124_1_5+1t9k_A -> c_124_1_5_1t9k_A
c_124_1_5+1vb5_A -> c_124_1_5_1vb5_A
c_124_1_5+1w2w_A -> c_124_1_5_1w2w_A

                  Gap/Ambiguity  Composition  p-value
Analyzing sequences: done in 3.31402e-05 secs using 87.51% CPU
   1  c_124_1_0_4oqp_A   61.57%    passed     99.86%
   2  c_124_1_8_2gnp_A   60.36%    failed      4.15%
   3  c_124_1_0_3kv1_A   61.72%    passed     48.33%
   4  c_124_1_0_4l4y_A   64.15%    failed      2.69%
   5  c_124_1_8_2o0m_A   62.63%    passed     61.74%
   6  c_124_1_8_3efb_A   62.78%    passed     56.73%
   7  c_124_1_1_1pbt_A   66.72%    passed     23.65%
   8  c_124_1_1_1ne7_A   57.49%    passed     57.51%
   9  c_124_1_1_4r7t_A   59.76%    passed     91.68%
  10  c_124_1_1_1jt9_A   62.63%    passed     87.03%
  11  c_124_1_8_2r5f_A   67.02%    passed     12.10%
  12  c_124_1_0_5n01_D   63.69%    failed      0.00%
  13  c_124_1_3_1poi_B   60.67%    passed     76.45%
  14  c_124_1_7_2g40_A   75.19%    failed      1.61%
  15  c_124_1_6_1sbq_A   75.19%    failed      0.13%
  16  c_124_1_6_1wkc_A   74.58%    failed      0.00%
  17  c_124_1_2_1poi_A   52.04%    passed      9.70%
  18  c_124_1_0_3cdk_A   65.36%    passed     68.88%
  19  c_124_1_0_3rrl_A   65.20%    passed     12.16%
  20  c_124_1_0_5dbn_A   67.47%    failed      4.81%
  21  c_124_1_5_1t9k_A   48.56%    passed     22.07%
  22  c_124_1_5_1vb5_A   58.55%    passed     10.05%
  23  c_124_1_5_1w2w_A   68.08%    failed      1.73%
WARNING: 22 sequences contain more than 50% gaps/ambiguity
****  TOTAL              63.54%  8 sequences failed composition chi2 test (p-value<5%; df=19)
Reading alignment file ./Alns/crystal.tdialn ... Fasta format detected
Reading fasta file: done in 0.000299931 secs using 92.35% CPU
Alignment most likely contains protein sequences
Alignment has 23 sequences with 661 columns, 569 distinct patterns
303 parsimony-informative, 194 singleton sites, 164 constant sites
WARNING: Some sequence names are changed as follows:
c_124_1_0+4oqp_A -> c_124_1_0_4oqp_A
c_124_1_8+2gnp_A -> c_124_1_8_2gnp_A
c_124_1_0+3kv1_A -> c_124_1_0_3kv1_A
c_124_1_0+4l4y_A -> c_124_1_0_4l4y_A
c_124_1_8+2o0m_A -> c_124_1_8_2o0m_A
c_124_1_8+3efb_A -> c_124_1_8_3efb_A
c_124_1_1+1pbt_A -> c_124_1_1_1pbt_A
c_124_1_1+1ne7_A -> c_124_1_1_1ne7_A
c_124_1_1+4r7t_A -> c_124_1_1_4r7t_A
c_124_1_1+1jt9_A -> c_124_1_1_1jt9_A
c_124_1_8+2r5f_A -> c_124_1_8_2r5f_A
c_124_1_0+5n01_D -> c_124_1_0_5n01_D
c_124_1_3+1poi_B -> c_124_1_3_1poi_B
c_124_1_7+2g40_A -> c_124_1_7_2g40_A
c_124_1_6+1sbq_A -> c_124_1_6_1sbq_A
c_124_1_6+1wkc_A -> c_124_1_6_1wkc_A
c_124_1_2+1poi_A -> c_124_1_2_1poi_A
c_124_1_0+3cdk_A -> c_124_1_0_3cdk_A
c_124_1_0+3rrl_A -> c_124_1_0_3rrl_A
c_124_1_0+5dbn_A -> c_124_1_0_5dbn_A
c_124_1_5+1t9k_A -> c_124_1_5_1t9k_A
c_124_1_5+1vb5_A -> c_124_1_5_1vb5_A
c_124_1_5+1w2w_A -> c_124_1_5_1w2w_A

                  Gap/Ambiguity  Composition  p-value
Analyzing sequences: done in 2.7895e-05 secs using 93.21% CPU
   1  c_124_1_0_4oqp_A   61.57%    passed     53.68%
   2  c_124_1_8_2gnp_A   60.36%    passed     75.22%
   3  c_124_1_0_3kv1_A   61.72%    passed     78.72%
   4  c_124_1_0_4l4y_A   64.15%    passed     48.78%
   5  c_124_1_8_2o0m_A   62.63%    passed     95.29%
   6  c_124_1_8_3efb_A   62.78%    passed     81.62%
   7  c_124_1_1_1pbt_A   66.72%    passed     27.40%
   8  c_124_1_1_1ne7_A   57.49%    passed     50.22%
   9  c_124_1_1_4r7t_A   59.76%    passed     42.81%
  10  c_124_1_1_1jt9_A   62.63%    passed     20.68%
  11  c_124_1_8_2r5f_A   67.02%    passed     95.75%
  12  c_124_1_0_5n01_D   63.69%    failed      3.14%
  13  c_124_1_3_1poi_B   60.67%    passed     12.04%
  14  c_124_1_7_2g40_A   75.19%    passed     75.10%
  15  c_124_1_6_1sbq_A   75.19%    passed     71.63%
  16  c_124_1_6_1wkc_A   74.58%    failed      3.97%
  17  c_124_1_2_1poi_A   52.04%    passed     73.78%
  18  c_124_1_0_3cdk_A   65.36%    passed     13.33%
  19  c_124_1_0_3rrl_A   65.20%    failed      1.70%
  20  c_124_1_0_5dbn_A   67.47%    passed     41.13%
  21  c_124_1_5_1t9k_A   48.56%    passed     44.30%
  22  c_124_1_5_1vb5_A   58.55%    failed      1.56%
  23  c_124_1_5_1w2w_A   68.08%    failed      0.00%
WARNING: 22 sequences contain more than 50% gaps/ambiguity
****  TOTAL              63.54%  5 sequences failed composition chi2 test (p-value<5%; df=19)
Subset	Type	Seqs	Sites	Infor	Invar	Model	Name
1	AA	23	661	298	119	Blosum62+G4	sequence
2		23	661	303	164	/Users/mful870/Desktop/MD_3di_Dev_02Oct24/Scriptorum/SubstitutionMatrix/3di_substmat	tdi
Degree of missing data: 0.000
Info: multi-threading strategy over partitions


===> START BOOTSTRAP REPLICATE NUMBER 1

Creating bootstrap alignment (seed: 900165)...

Create initial parsimony tree by phylogenetic likelihood library (PLL)... 0.005 seconds
Reading model parameters from file /Users/mful870/Desktop/MD_3di_Dev_02Oct24/Scriptorum/SubstitutionMatrix/3di_substmat
WARNING: Normalizing state frequencies so that sum of them equals to 1

NOTE: 7 MB RAM (0 GB) is required!
Estimate model parameters (epsilon = 0.100)
Initial log-likelihood: -25657.899
Current log-likelihood at step 1: -24409.624
Current log-likelihood at step 2: -24161.662
Current log-likelihood at step 3: -23695.758
Current log-likelihood at step 4: -23695.642
Current log-likelihood at step 5: -23695.627
Partition-specific rates:  1.376 0.624
Parameters optimization took 4 rounds (0.645 sec)

Wrote distance file to... 
Computing ML distances based on estimated model parameters...
Calculating distance matrix: done in 7.79629e-05 secs using 84.66% CPU
Computing ML distances took 0.000135 sec (of wall-clock time) 0.000096 sec (of CPU time)
Setting up auxiliary I and S matrices: done in 3.8147e-05 secs using 73.4% CPU
Computing RapidNJ tree took 0.000148 sec (of wall-clock time) 0.000098 sec (of CPU time)
Log-likelihood of RapidNJ tree: -25764.284
--------------------------------------------------------------------
|             INITIALIZING CANDIDATE TREE SET                      |
--------------------------------------------------------------------
Generating 98 parsimony trees... 0.538 second
Computing log-likelihood of 98 initial trees ... 1.738 seconds
Current best score: -23695.627

Do NNI search on 20 best initial trees
Estimate model parameters (epsilon = 0.100)
Initial log-likelihood: -23650.064
Current log-likelihood at step 1: -23648.698
Current log-likelihood at step 2: -23648.617
Parameters optimization took 1 rounds (0.159 sec)

BETTER TREE FOUND at iteration 1: -23648.617
Iteration 10 / LogL: -23650.011 / Time: 0h:0m:7s
Iteration 20 / LogL: -23652.941 / Time: 0h:0m:11s
Finish initializing candidate tree set (5)
Current best tree score: -23648.617 / CPU time: 10.352
Number of iterations: 20
--------------------------------------------------------------------
|               OPTIMIZING CANDIDATE TREE SET                      |
--------------------------------------------------------------------
Iteration 30 / LogL: -23648.816 / Time: 0h:0m:14s (0h:0m:35s left)
Iteration 40 / LogL: -23651.636 / Time: 0h:0m:17s (0h:0m:28s left)
Iteration 50 / LogL: -23648.728 / Time: 0h:0m:21s (0h:0m:21s left)
Iteration 60 / LogL: -23648.835 / Time: 0h:0m:24s (0h:0m:16s left)
Iteration 70 / LogL: -23649.072 / Time: 0h:0m:27s (0h:0m:12s left)
Iteration 80 / LogL: -23648.720 / Time: 0h:0m:30s (0h:0m:8s left)
Iteration 90 / LogL: -23648.712 / Time: 0h:0m:33s (0h:0m:4s left)
Iteration 100 / LogL: -23648.884 / Time: 0h:0m:36s (0h:0m:0s left)
TREE SEARCH COMPLETED AFTER 102 ITERATIONS / Time: 0h:0m:37s

--------------------------------------------------------------------
|                    FINALIZING TREE SEARCH                        |
--------------------------------------------------------------------
Performs final model parameters optimization
Estimate model parameters (epsilon = 0.010)
Initial log-likelihood: -23648.617
Current log-likelihood at step 1: -23648.588
Current log-likelihood at step 2: -23648.587
Partition-specific rates:  1.368 0.632
Parameters optimization took 1 rounds (0.120 sec)

Partition information was printed to partition_file.nex.best_model.nex
BEST SCORE FOUND : -23648.587
Total tree length: 18.474

Total number of iterations: 102
CPU time used for tree search: 36.262 sec (0h:0m:36s)
Wall-clock time used for tree search: 36.334 sec (0h:0m:36s)
Total CPU time used: 37.560 sec (0h:0m:37s)
Total wall-clock time used: 37.466 sec (0h:0m:37s)

===> START BOOTSTRAP REPLICATE NUMBER 2

Creating bootstrap alignment (seed: 900166)...

Create initial parsimony tree by phylogenetic likelihood library (PLL)... 0.003 seconds
Reading model parameters from file /Users/mful870/Desktop/MD_3di_Dev_02Oct24/Scriptorum/SubstitutionMatrix/3di_substmat
WARNING: Normalizing state frequencies so that sum of them equals to 1

NOTE: 7 MB RAM (0 GB) is required!
Estimate model parameters (epsilon = 0.100)
Initial log-likelihood: -25819.870
Current log-likelihood at step 1: -24598.469
Current log-likelihood at step 2: -24391.877
Current log-likelihood at step 3: -24019.153
Current log-likelihood at step 4: -23861.170
Current log-likelihood at step 5: -23861.007
Current log-likelihood at step 6: -23860.971
Partition-specific rates:  1.342 0.658
Parameters optimization took 5 rounds (0.756 sec)

Wrote distance file to... 
Computing ML distances based on estimated model parameters...
Calculating distance matrix: done in 7.29561e-05 secs using 87.72% CPU
Computing ML distances took 0.000114 sec (of wall-clock time) 0.000092 sec (of CPU time)
Setting up auxiliary I and S matrices: done in 3.60012e-05 secs using 75% CPU
Computing RapidNJ tree took 0.000145 sec (of wall-clock time) 0.000098 sec (of CPU time)
Log-likelihood of RapidNJ tree: -26057.287
--------------------------------------------------------------------
|             INITIALIZING CANDIDATE TREE SET                      |
--------------------------------------------------------------------
Generating 98 parsimony trees... 0.539 second
Computing log-likelihood of 98 initial trees ... 1.709 seconds
Current best score: -23860.971

Do NNI search on 20 best initial trees
Estimate model parameters (epsilon = 0.100)
Initial log-likelihood: -23813.081
Current log-likelihood at step 1: -23812.921
Current log-likelihood at step 2: -23812.913
Parameters optimization took 1 rounds (0.161 sec)

BETTER TREE FOUND at iteration 1: -23812.913
Iteration 10 / LogL: -23828.076 / Time: 0h:0m:45s
Iteration 20 / LogL: -23830.534 / Time: 0h:0m:50s
Finish initializing candidate tree set (8)
Current best tree score: -23812.913 / CPU time: 11.688
Number of iterations: 20
--------------------------------------------------------------------
|               OPTIMIZING CANDIDATE TREE SET                      |
--------------------------------------------------------------------
BETTER TREE FOUND at iteration 28: -23812.913
Iteration 30 / LogL: -23818.468 / Time: 0h:0m:53s (0h:0m:55s left)
UPDATE BEST LOG-LIKELIHOOD: -23812.913
Iteration 40 / LogL: -23815.198 / Time: 0h:0m:58s (0h:0m:46s left)
Iteration 50 / LogL: -23815.187 / Time: 0h:1m:2s (0h:0m:39s left)
UPDATE BEST LOG-LIKELIHOOD: -23812.913
Iteration 60 / LogL: -23815.177 / Time: 0h:1m:7s (0h:0m:34s left)
UPDATE BEST LOG-LIKELIHOOD: -23812.913
Iteration 70 / LogL: -23817.973 / Time: 0h:1m:11s (0h:0m:28s left)
Iteration 80 / LogL: -23815.180 / Time: 0h:1m:15s (0h:0m:23s left)
Iteration 90 / LogL: -23812.913 / Time: 0h:1m:19s (0h:0m:18s left)
Iteration 100 / LogL: -23812.915 / Time: 0h:1m:24s (0h:0m:13s left)
UPDATE BEST LOG-LIKELIHOOD: -23812.913
Iteration 110 / LogL: -23812.913 / Time: 0h:1m:28s (0h:0m:8s left)
Iteration 120 / LogL: -23815.180 / Time: 0h:1m:32s (0h:0m:3s left)
TREE SEARCH COMPLETED AFTER 129 ITERATIONS / Time: 0h:1m:36s

--------------------------------------------------------------------
|                    FINALIZING TREE SEARCH                        |
--------------------------------------------------------------------
Performs final model parameters optimization
Estimate model parameters (epsilon = 0.010)
Initial log-likelihood: -23812.913
Current log-likelihood at step 1: -23812.912
Partition-specific rates:  1.339 0.661
Parameters optimization took 0 rounds (0.078 sec)

Partition information was printed to partition_file.nex.best_model.nex
BEST SCORE FOUND : -23812.912
Total tree length: 18.143

Total number of iterations: 129
CPU time used for tree search: 57.849 sec (0h:0m:57s)
Wall-clock time used for tree search: 57.954 sec (0h:0m:57s)
Total CPU time used: 96.646 sec (0h:1m:36s)
Total wall-clock time used: 96.486 sec (0h:1m:36s)

===> START BOOTSTRAP REPLICATE NUMBER 3

Creating bootstrap alignment (seed: 900167)...

Create initial parsimony tree by phylogenetic likelihood library (PLL)... 0.004 seconds
Reading model parameters from file /Users/mful870/Desktop/MD_3di_Dev_02Oct24/Scriptorum/SubstitutionMatrix/3di_substmat
WARNING: Normalizing state frequencies so that sum of them equals to 1

NOTE: 7 MB RAM (0 GB) is required!
Estimate model parameters (epsilon = 0.100)
Initial log-likelihood: -25465.824
Current log-likelihood at step 1: -24215.945
Current log-likelihood at step 2: -23953.232
Current log-likelihood at step 3: -23472.344
Current log-likelihood at step 4: -23471.193
Current log-likelihood at step 5: -23471.072
Current log-likelihood at step 6: -23471.064
Partition-specific rates:  1.372 0.628
Parameters optimization took 5 rounds (0.740 sec)

Wrote distance file to... 
Computing ML distances based on estimated model parameters...
Calculating distance matrix: done in 7.39098e-05 secs using 89.3% CPU
Computing ML distances took 0.000118 sec (of wall-clock time) 0.000092 sec (of CPU time)
Setting up auxiliary I and S matrices: done in 3.50475e-05 secs using 74.18% CPU
Computing RapidNJ tree took 0.000202 sec (of wall-clock time) 0.000145 sec (of CPU time)
Log-likelihood of RapidNJ tree: -25710.825
--------------------------------------------------------------------
|             INITIALIZING CANDIDATE TREE SET                      |
--------------------------------------------------------------------
Generating 98 parsimony trees... 0.491 second
Computing log-likelihood of 98 initial trees ... 1.691 seconds
Current best score: -23471.064

Do NNI search on 20 best initial trees
Estimate model parameters (epsilon = 0.100)
Initial log-likelihood: -23455.523
Current log-likelihood at step 1: -23455.218
Current log-likelihood at step 2: -23455.202
Parameters optimization took 1 rounds (0.179 sec)

BETTER TREE FOUND at iteration 1: -23455.202
Estimate model parameters (epsilon = 0.100)
Initial log-likelihood: -23444.689
Current log-likelihood at step 1: -23444.068
Current log-likelihood at step 2: -23444.042
Parameters optimization took 1 rounds (0.176 sec)

BETTER TREE FOUND at iteration 2: -23444.042
Estimate model parameters (epsilon = 0.100)
Initial log-likelihood: -23429.846
Current log-likelihood at step 1: -23429.710
Current log-likelihood at step 2: -23429.694
Parameters optimization took 1 rounds (0.172 sec)

BETTER TREE FOUND at iteration 3: -23429.694
Estimate model parameters (epsilon = 0.100)
Initial log-likelihood: -23429.474
Current log-likelihood at step 1: -23428.801
Current log-likelihood at step 2: -23428.775
Parameters optimization took 1 rounds (0.157 sec)

BETTER TREE FOUND at iteration 4: -23428.775
Iteration 10 / LogL: -23444.423 / Time: 0h:1m:43s
Iteration 20 / LogL: -23429.340 / Time: 0h:1m:46s
Finish initializing candidate tree set (9)
Current best tree score: -23428.775 / CPU time: 9.410
Number of iterations: 20
--------------------------------------------------------------------
|               OPTIMIZING CANDIDATE TREE SET                      |
--------------------------------------------------------------------
Iteration 30 / LogL: -23428.797 / Time: 0h:1m:49s (0h:0m:34s left)
Iteration 40 / LogL: -23429.756 / Time: 0h:1m:53s (0h:0m:27s left)
Iteration 50 / LogL: -23430.721 / Time: 0h:1m:56s (0h:0m:21s left)
Iteration 60 / LogL: -23471.700 / Time: 0h:1m:59s (0h:0m:16s left)
Iteration 70 / LogL: -23430.402 / Time: 0h:2m:2s (0h:0m:12s left)
Iteration 80 / LogL: -23428.954 / Time: 0h:2m:5s (0h:0m:8s left)
Iteration 90 / LogL: -23429.051 / Time: 0h:2m:9s (0h:0m:5s left)
Iteration 100 / LogL: -23463.635 / Time: 0h:2m:12s (0h:0m:1s left)
TREE SEARCH COMPLETED AFTER 105 ITERATIONS / Time: 0h:2m:14s

--------------------------------------------------------------------
|                    FINALIZING TREE SEARCH                        |
--------------------------------------------------------------------
Performs final model parameters optimization
Estimate model parameters (epsilon = 0.010)
Initial log-likelihood: -23428.775
Current log-likelihood at step 1: -23428.769
Partition-specific rates:  1.379 0.621
Parameters optimization took 0 rounds (0.053 sec)

Partition information was printed to partition_file.nex.best_model.nex
BEST SCORE FOUND : -23428.769
Total tree length: 17.818

Total number of iterations: 105
CPU time used for tree search: 36.879 sec (0h:0m:36s)
Wall-clock time used for tree search: 36.943 sec (0h:0m:36s)
Total CPU time used: 134.698 sec (0h:2m:14s)
Total wall-clock time used: 134.443 sec (0h:2m:14s)

===> START BOOTSTRAP REPLICATE NUMBER 4

Creating bootstrap alignment (seed: 900168)...

Create initial parsimony tree by phylogenetic likelihood library (PLL)... 0.005 seconds
Reading model parameters from file /Users/mful870/Desktop/MD_3di_Dev_02Oct24/Scriptorum/SubstitutionMatrix/3di_substmat
WARNING: Normalizing state frequencies so that sum of them equals to 1

NOTE: 7 MB RAM (0 GB) is required!
Estimate model parameters (epsilon = 0.100)
Initial log-likelihood: -24314.197
Current log-likelihood at step 1: -22955.542
Current log-likelihood at step 2: -22645.766
Current log-likelihood at step 3: -22223.958
Current log-likelihood at step 4: -22223.786
Current log-likelihood at step 5: -22223.766
Partition-specific rates:  1.373 0.627
Parameters optimization took 4 rounds (0.628 sec)

Wrote distance file to... 
Computing ML distances based on estimated model parameters...
Calculating distance matrix: done in 7.31945e-05 secs using 87.44% CPU
Computing ML distances took 0.000116 sec (of wall-clock time) 0.000091 sec (of CPU time)
Setting up auxiliary I and S matrices: done in 3.79086e-05 secs using 76.5% CPU
Computing RapidNJ tree took 0.000151 sec (of wall-clock time) 0.000102 sec (of CPU time)
Log-likelihood of RapidNJ tree: -24297.610
--------------------------------------------------------------------
|             INITIALIZING CANDIDATE TREE SET                      |
--------------------------------------------------------------------
Generating 98 parsimony trees... 0.558 second
Computing log-likelihood of 98 initial trees ... 1.711 seconds
Current best score: -22223.766

Do NNI search on 20 best initial trees
Estimate model parameters (epsilon = 0.100)
Initial log-likelihood: -22219.798
Current log-likelihood at step 1: -22219.760
Parameters optimization took 0 rounds (0.085 sec)

BETTER TREE FOUND at iteration 1: -22219.760
Estimate model parameters (epsilon = 0.100)
Initial log-likelihood: -22205.941
Current log-likelihood at step 1: -22205.781
Current log-likelihood at step 2: -22205.774
Parameters optimization took 1 rounds (0.150 sec)

BETTER TREE FOUND at iteration 5: -22205.774
Iteration 10 / LogL: -22206.142 / Time: 0h:2m:21s
Iteration 20 / LogL: -22220.723 / Time: 0h:2m:25s
Finish initializing candidate tree set (5)
Current best tree score: -22205.774 / CPU time: 9.667
Number of iterations: 20
--------------------------------------------------------------------
|               OPTIMIZING CANDIDATE TREE SET                      |
--------------------------------------------------------------------
Iteration 30 / LogL: -22205.928 / Time: 0h:2m:28s (0h:0m:36s left)
Iteration 40 / LogL: -22205.873 / Time: 0h:2m:32s (0h:0m:29s left)
Iteration 50 / LogL: -22206.148 / Time: 0h:2m:35s (0h:0m:23s left)
Iteration 60 / LogL: -22206.061 / Time: 0h:2m:39s (0h:0m:18s left)
Iteration 70 / LogL: -22206.390 / Time: 0h:2m:42s (0h:0m:14s left)
Iteration 80 / LogL: -22205.885 / Time: 0h:2m:46s (0h:0m:10s left)
Iteration 90 / LogL: -22205.829 / Time: 0h:2m:49s (0h:0m:5s left)
Iteration 100 / LogL: -22205.835 / Time: 0h:2m:53s (0h:0m:1s left)
TREE SEARCH COMPLETED AFTER 106 ITERATIONS / Time: 0h:2m:55s

--------------------------------------------------------------------
|                    FINALIZING TREE SEARCH                        |
--------------------------------------------------------------------
Performs final model parameters optimization
Estimate model parameters (epsilon = 0.010)
Initial log-likelihood: -22205.774
Current log-likelihood at step 1: -22205.772
Partition-specific rates:  1.370 0.630
Parameters optimization took 0 rounds (0.053 sec)

Partition information was printed to partition_file.nex.best_model.nex
BEST SCORE FOUND : -22205.772
Total tree length: 18.388

Total number of iterations: 106
CPU time used for tree search: 39.619 sec (0h:0m:39s)
Wall-clock time used for tree search: 39.691 sec (0h:0m:39s)
Total CPU time used: 175.605 sec (0h:2m:55s)
Total wall-clock time used: 175.254 sec (0h:2m:55s)

===> START BOOTSTRAP REPLICATE NUMBER 5

Creating bootstrap alignment (seed: 900169)...

Create initial parsimony tree by phylogenetic likelihood library (PLL)... 0.005 seconds
Reading model parameters from file /Users/mful870/Desktop/MD_3di_Dev_02Oct24/Scriptorum/SubstitutionMatrix/3di_substmat
WARNING: Normalizing state frequencies so that sum of them equals to 1

NOTE: 7 MB RAM (0 GB) is required!
Estimate model parameters (epsilon = 0.100)
Initial log-likelihood: -25054.080
Current log-likelihood at step 1: -23755.594
Current log-likelihood at step 2: -23458.017
Current log-likelihood at step 3: -23004.482
Current log-likelihood at step 4: -23004.047
Current log-likelihood at step 5: -23003.994
Partition-specific rates:  1.346 0.654
Parameters optimization took 4 rounds (0.615 sec)

Wrote distance file to... 
Computing ML distances based on estimated model parameters...
Calculating distance matrix: done in 7.31945e-05 secs using 87.44% CPU
Computing ML distances took 0.000115 sec (of wall-clock time) 0.000090 sec (of CPU time)
Setting up auxiliary I and S matrices: done in 3.48091e-05 secs using 77.57% CPU
Computing RapidNJ tree took 0.000208 sec (of wall-clock time) 0.000140 sec (of CPU time)
Log-likelihood of RapidNJ tree: -25108.361
--------------------------------------------------------------------
|             INITIALIZING CANDIDATE TREE SET                      |
--------------------------------------------------------------------
Generating 98 parsimony trees... 0.516 second
Computing log-likelihood of 98 initial trees ... 1.693 seconds
Current best score: -23003.994

Do NNI search on 20 best initial trees
Estimate model parameters (epsilon = 0.100)
Initial log-likelihood: -22989.770
Current log-likelihood at step 1: -22989.568
Current log-likelihood at step 2: -22989.566
Parameters optimization took 1 rounds (0.169 sec)

BETTER TREE FOUND at iteration 1: -22989.566
Estimate model parameters (epsilon = 0.100)
Initial log-likelihood: -22985.335
Current log-likelihood at step 1: -22985.164
Current log-likelihood at step 2: -22985.161
Parameters optimization took 1 rounds (0.137 sec)

BETTER TREE FOUND at iteration 2: -22985.161
Iteration 10 / LogL: -22985.366 / Time: 0h:3m:1s
Iteration 20 / LogL: -22985.304 / Time: 0h:3m:4s
Finish initializing candidate tree set (6)
Current best tree score: -22985.161 / CPU time: 8.886
Number of iterations: 20
--------------------------------------------------------------------
|               OPTIMIZING CANDIDATE TREE SET                      |
--------------------------------------------------------------------
Iteration 30 / LogL: -22997.351 / Time: 0h:3m:7s (0h:0m:30s left)
Iteration 40 / LogL: -22985.514 / Time: 0h:3m:10s (0h:0m:24s left)
Iteration 50 / LogL: -22988.596 / Time: 0h:3m:13s (0h:0m:19s left)
Iteration 60 / LogL: -22989.295 / Time: 0h:3m:17s (0h:0m:15s left)
Iteration 70 / LogL: -22995.884 / Time: 0h:3m:20s (0h:0m:11s left)
Iteration 80 / LogL: -22991.100 / Time: 0h:3m:23s (0h:0m:7s left)
Iteration 90 / LogL: -22985.326 / Time: 0h:3m:26s (0h:0m:4s left)
Iteration 100 / LogL: -22988.831 / Time: 0h:3m:28s (0h:0m:0s left)
TREE SEARCH COMPLETED AFTER 103 ITERATIONS / Time: 0h:3m:29s

--------------------------------------------------------------------
|                    FINALIZING TREE SEARCH                        |
--------------------------------------------------------------------
Performs final model parameters optimization
Estimate model parameters (epsilon = 0.010)
Initial log-likelihood: -22985.161
Current log-likelihood at step 1: -22985.161
Partition-specific rates:  1.351 0.649
Parameters optimization took 0 rounds (0.049 sec)

Partition information was printed to partition_file.nex.best_model.nex
BEST SCORE FOUND : -22985.161
Total tree length: 17.694

Total number of iterations: 103
CPU time used for tree search: 33.423 sec (0h:0m:33s)
Wall-clock time used for tree search: 33.480 sec (0h:0m:33s)
Total CPU time used: 210.049 sec (0h:3m:30s)
Total wall-clock time used: 209.613 sec (0h:3m:29s)

===> START BOOTSTRAP REPLICATE NUMBER 6

Creating bootstrap alignment (seed: 900170)...

Create initial parsimony tree by phylogenetic likelihood library (PLL)... 0.005 seconds
Reading model parameters from file /Users/mful870/Desktop/MD_3di_Dev_02Oct24/Scriptorum/SubstitutionMatrix/3di_substmat
WARNING: Normalizing state frequencies so that sum of them equals to 1

NOTE: 7 MB RAM (0 GB) is required!
Estimate model parameters (epsilon = 0.100)
Initial log-likelihood: -25451.727
Current log-likelihood at step 1: -24149.396
Current log-likelihood at step 2: -23846.157
Current log-likelihood at step 3: -23424.025
Current log-likelihood at step 4: -23423.692
Current log-likelihood at step 5: -23423.647
Partition-specific rates:  1.337 0.663
Parameters optimization took 4 rounds (0.596 sec)

Wrote distance file to... 
Computing ML distances based on estimated model parameters...
Calculating distance matrix: done in 7.20024e-05 secs using 88.89% CPU
Computing ML distances took 0.000112 sec (of wall-clock time) 0.000090 sec (of CPU time)
Setting up auxiliary I and S matrices: done in 3.69549e-05 secs using 75.77% CPU
Computing RapidNJ tree took 0.000148 sec (of wall-clock time) 0.000100 sec (of CPU time)
Log-likelihood of RapidNJ tree: -25456.764
--------------------------------------------------------------------
|             INITIALIZING CANDIDATE TREE SET                      |
--------------------------------------------------------------------
Generating 98 parsimony trees... 0.541 second
Computing log-likelihood of 98 initial trees ... 1.659 seconds
Current best score: -23423.647

Do NNI search on 20 best initial trees
Estimate model parameters (epsilon = 0.100)
Initial log-likelihood: -23329.809
Current log-likelihood at step 1: -23329.181
Current log-likelihood at step 2: -23329.103
Parameters optimization took 1 rounds (0.145 sec)

BETTER TREE FOUND at iteration 1: -23329.103
Iteration 10 / LogL: -23333.208 / Time: 0h:3m:36s
Iteration 20 / LogL: -23335.790 / Time: 0h:3m:39s
Finish initializing candidate tree set (11)
Current best tree score: -23329.103 / CPU time: 9.394
Number of iterations: 20
--------------------------------------------------------------------
|               OPTIMIZING CANDIDATE TREE SET                      |
--------------------------------------------------------------------
Iteration 30 / LogL: -23329.973 / Time: 0h:3m:43s (0h:0m:33s left)
Iteration 40 / LogL: -23329.104 / Time: 0h:3m:46s (0h:0m:26s left)
Iteration 50 / LogL: -23332.554 / Time: 0h:3m:49s (0h:0m:21s left)
Iteration 60 / LogL: -23330.774 / Time: 0h:3m:53s (0h:0m:16s left)
Iteration 70 / LogL: -23330.674 / Time: 0h:3m:56s (0h:0m:11s left)
Iteration 80 / LogL: -23332.871 / Time: 0h:3m:59s (0h:0m:7s left)
Iteration 90 / LogL: -23331.251 / Time: 0h:4m:2s (0h:0m:4s left)
Iteration 100 / LogL: -23330.180 / Time: 0h:4m:5s (0h:0m:0s left)
TREE SEARCH COMPLETED AFTER 102 ITERATIONS / Time: 0h:4m:5s

--------------------------------------------------------------------
|                    FINALIZING TREE SEARCH                        |
--------------------------------------------------------------------
Performs final model parameters optimization
Estimate model parameters (epsilon = 0.010)
Initial log-likelihood: -23329.103
Current log-likelihood at step 1: -23329.069
Current log-likelihood at step 2: -23329.064
Partition-specific rates:  1.337 0.663
Parameters optimization took 1 rounds (0.118 sec)

Partition information was printed to partition_file.nex.best_model.nex
BEST SCORE FOUND : -23329.064
Total tree length: 18.456

Total number of iterations: 102
CPU time used for tree search: 35.250 sec (0h:0m:35s)
Wall-clock time used for tree search: 35.292 sec (0h:0m:35s)
Total CPU time used: 246.369 sec (0h:4m:6s)
Total wall-clock time used: 245.827 sec (0h:4m:5s)

===> START BOOTSTRAP REPLICATE NUMBER 7

Creating bootstrap alignment (seed: 900171)...

Create initial parsimony tree by phylogenetic likelihood library (PLL)... 0.003 seconds
Reading model parameters from file /Users/mful870/Desktop/MD_3di_Dev_02Oct24/Scriptorum/SubstitutionMatrix/3di_substmat
WARNING: Normalizing state frequencies so that sum of them equals to 1

NOTE: 7 MB RAM (0 GB) is required!
Estimate model parameters (epsilon = 0.100)
Initial log-likelihood: -24612.893
Current log-likelihood at step 1: -23409.243
Current log-likelihood at step 2: -23082.755
Current log-likelihood at step 3: -22670.152
Current log-likelihood at step 4: -22669.687
Current log-likelihood at step 5: -22669.643
Partition-specific rates:  1.366 0.634
Parameters optimization took 4 rounds (0.605 sec)

Wrote distance file to... 
Computing ML distances based on estimated model parameters...
Calculating distance matrix: done in 7.41482e-05 secs using 86.31% CPU
Computing ML distances took 0.000121 sec (of wall-clock time) 0.000093 sec (of CPU time)
Setting up auxiliary I and S matrices: done in 3.69549e-05 secs using 75.77% CPU
Computing RapidNJ tree took 0.000146 sec (of wall-clock time) 0.000097 sec (of CPU time)
Log-likelihood of RapidNJ tree: -24849.422
--------------------------------------------------------------------
|             INITIALIZING CANDIDATE TREE SET                      |
--------------------------------------------------------------------
Generating 98 parsimony trees... 0.529 second
Computing log-likelihood of 98 initial trees ... 1.656 seconds
Current best score: -22669.643

Do NNI search on 20 best initial trees
Estimate model parameters (epsilon = 0.100)
Initial log-likelihood: -22645.329
Current log-likelihood at step 1: -22644.698
Current log-likelihood at step 2: -22644.670
Parameters optimization took 1 rounds (0.149 sec)

BETTER TREE FOUND at iteration 1: -22644.670
Estimate model parameters (epsilon = 0.100)
Initial log-likelihood: -22641.834
Current log-likelihood at step 1: -22641.740
Parameters optimization took 0 rounds (0.081 sec)

BETTER TREE FOUND at iteration 5: -22641.740
Iteration 10 / LogL: -22641.812 / Time: 0h:4m:12s
Iteration 20 / LogL: -22647.317 / Time: 0h:4m:15s
Finish initializing candidate tree set (9)
Current best tree score: -22641.740 / CPU time: 9.146
Number of iterations: 20
--------------------------------------------------------------------
|               OPTIMIZING CANDIDATE TREE SET                      |
--------------------------------------------------------------------
Estimate model parameters (epsilon = 0.100)
Initial log-likelihood: -22641.414
Current log-likelihood at step 1: -22641.375
Parameters optimization took 0 rounds (0.080 sec)

UPDATE BEST LOG-LIKELIHOOD: -22641.375
Iteration 30 / LogL: -22642.265 / Time: 0h:4m:19s (0h:0m:34s left)
Iteration 40 / LogL: -22641.422 / Time: 0h:4m:22s (0h:0m:27s left)
Iteration 50 / LogL: -22645.381 / Time: 0h:4m:25s (0h:0m:22s left)
Iteration 60 / LogL: -22645.032 / Time: 0h:4m:29s (0h:0m:17s left)
Iteration 70 / LogL: -22641.839 / Time: 0h:4m:32s (0h:0m:13s left)
Iteration 80 / LogL: -22645.375 / Time: 0h:4m:35s (0h:0m:9s left)
Iteration 90 / LogL: -22641.397 / Time: 0h:4m:39s (0h:0m:5s left)
Iteration 100 / LogL: -22646.976 / Time: 0h:4m:43s (0h:0m:1s left)
TREE SEARCH COMPLETED AFTER 106 ITERATIONS / Time: 0h:4m:44s

--------------------------------------------------------------------
|                    FINALIZING TREE SEARCH                        |
--------------------------------------------------------------------
Performs final model parameters optimization
Estimate model parameters (epsilon = 0.010)
Initial log-likelihood: -22641.375
Current log-likelihood at step 1: -22641.372
Partition-specific rates:  1.363 0.637
Parameters optimization took 0 rounds (0.052 sec)

Partition information was printed to partition_file.nex.best_model.nex
BEST SCORE FOUND : -22641.372
Total tree length: 17.900

Total number of iterations: 106
CPU time used for tree search: 38.059 sec (0h:0m:38s)
Wall-clock time used for tree search: 38.132 sec (0h:0m:38s)
Total CPU time used: 285.523 sec (0h:4m:45s)
Total wall-clock time used: 284.886 sec (0h:4m:44s)

===> START BOOTSTRAP REPLICATE NUMBER 8

Creating bootstrap alignment (seed: 900172)...

Create initial parsimony tree by phylogenetic likelihood library (PLL)... 0.004 seconds
Reading model parameters from file /Users/mful870/Desktop/MD_3di_Dev_02Oct24/Scriptorum/SubstitutionMatrix/3di_substmat
WARNING: Normalizing state frequencies so that sum of them equals to 1

NOTE: 7 MB RAM (0 GB) is required!
Estimate model parameters (epsilon = 0.100)
Initial log-likelihood: -25803.348
Current log-likelihood at step 1: -24476.302
Current log-likelihood at step 2: -24183.931
Current log-likelihood at step 3: -23711.885
Current log-likelihood at step 4: -23711.289
Current log-likelihood at step 5: -23711.216
Partition-specific rates:  1.353 0.647
Parameters optimization took 4 rounds (0.637 sec)

Wrote distance file to... 
Computing ML distances based on estimated model parameters...
Calculating distance matrix: done in 7.41482e-05 secs using 87.66% CPU
Computing ML distances took 0.000114 sec (of wall-clock time) 0.000092 sec (of CPU time)
Setting up auxiliary I and S matrices: done in 3.60012e-05 secs using 75% CPU
Computing RapidNJ tree took 0.000147 sec (of wall-clock time) 0.000098 sec (of CPU time)
Log-likelihood of RapidNJ tree: -26120.922
--------------------------------------------------------------------
|             INITIALIZING CANDIDATE TREE SET                      |
--------------------------------------------------------------------
Generating 98 parsimony trees... 0.543 second
Computing log-likelihood of 98 initial trees ... 1.692 seconds
Current best score: -23711.216

Do NNI search on 20 best initial trees
Estimate model parameters (epsilon = 0.100)
Initial log-likelihood: -23690.557
Current log-likelihood at step 1: -23690.435
Current log-likelihood at step 2: -23690.419
Parameters optimization took 1 rounds (0.164 sec)

BETTER TREE FOUND at iteration 1: -23690.419
Iteration 10 / LogL: -23692.183 / Time: 0h:4m:51s
Estimate model parameters (epsilon = 0.100)
Initial log-likelihood: -23685.501
Current log-likelihood at step 1: -23682.550
Current log-likelihood at step 2: -23682.359
Current log-likelihood at step 3: -23682.347
Parameters optimization took 2 rounds (0.246 sec)

BETTER TREE FOUND at iteration 17: -23682.347
Iteration 20 / LogL: -23692.458 / Time: 0h:4m:55s
Finish initializing candidate tree set (4)
Current best tree score: -23682.347 / CPU time: 9.412
Number of iterations: 20
--------------------------------------------------------------------
|               OPTIMIZING CANDIDATE TREE SET                      |
--------------------------------------------------------------------
Iteration 30 / LogL: -23692.125 / Time: 0h:4m:58s (0h:0m:40s left)
Iteration 40 / LogL: -23721.821 / Time: 0h:5m:1s (0h:0m:32s left)
Iteration 50 / LogL: -23692.329 / Time: 0h:5m:4s (0h:0m:27s left)
Iteration 60 / LogL: -23690.874 / Time: 0h:5m:7s (0h:0m:21s left)
Iteration 70 / LogL: -23690.762 / Time: 0h:5m:10s (0h:0m:17s left)
Iteration 80 / LogL: -23690.852 / Time: 0h:5m:13s (0h:0m:13s left)
Iteration 90 / LogL: -23690.656 / Time: 0h:5m:17s (0h:0m:9s left)
Estimate model parameters (epsilon = 0.100)
Initial log-likelihood: -23682.090
Current log-likelihood at step 1: -23681.820
Current log-likelihood at step 2: -23681.798
Parameters optimization took 1 rounds (0.174 sec)

BETTER TREE FOUND at iteration 91: -23681.798
Iteration 100 / LogL: -23686.394 / Time: 0h:5m:21s (0h:0m:33s left)
Iteration 110 / LogL: -23682.917 / Time: 0h:5m:24s (0h:0m:29s left)
Iteration 120 / LogL: -23682.207 / Time: 0h:5m:27s (0h:0m:25s left)
Iteration 130 / LogL: -23686.736 / Time: 0h:5m:30s (0h:0m:21s left)
Iteration 140 / LogL: -23682.516 / Time: 0h:5m:33s (0h:0m:17s left)
Iteration 150 / LogL: -23708.081 / Time: 0h:5m:36s (0h:0m:14s left)
Iteration 160 / LogL: -23682.732 / Time: 0h:5m:39s (0h:0m:10s left)
Iteration 170 / LogL: -23683.441 / Time: 0h:5m:43s (0h:0m:7s left)
Iteration 180 / LogL: -23682.337 / Time: 0h:5m:46s (0h:0m:3s left)
Iteration 190 / LogL: -23682.580 / Time: 0h:5m:49s (0h:0m:0s left)
TREE SEARCH COMPLETED AFTER 192 ITERATIONS / Time: 0h:5m:49s

--------------------------------------------------------------------
|                    FINALIZING TREE SEARCH                        |
--------------------------------------------------------------------
Performs final model parameters optimization
Estimate model parameters (epsilon = 0.010)
Initial log-likelihood: -23681.798
Current log-likelihood at step 1: -23681.794
Partition-specific rates:  1.354 0.646
Parameters optimization took 0 rounds (0.053 sec)

Partition information was printed to partition_file.nex.best_model.nex
BEST SCORE FOUND : -23681.794
Total tree length: 18.233

Total number of iterations: 192
CPU time used for tree search: 63.806 sec (0h:1m:3s)
Wall-clock time used for tree search: 63.945 sec (0h:1m:3s)
Total CPU time used: 350.405 sec (0h:5m:50s)
Total wall-clock time used: 349.746 sec (0h:5m:49s)

===> START BOOTSTRAP REPLICATE NUMBER 9

Creating bootstrap alignment (seed: 900173)...

Create initial parsimony tree by phylogenetic likelihood library (PLL)... 0.004 seconds
Reading model parameters from file /Users/mful870/Desktop/MD_3di_Dev_02Oct24/Scriptorum/SubstitutionMatrix/3di_substmat
WARNING: Normalizing state frequencies so that sum of them equals to 1

NOTE: 7 MB RAM (0 GB) is required!
Estimate model parameters (epsilon = 0.100)
Initial log-likelihood: -25199.348
Current log-likelihood at step 1: -23918.939
Current log-likelihood at step 2: -23619.848
Current log-likelihood at step 3: -23153.109
Current log-likelihood at step 4: -23152.869
Current log-likelihood at step 5: -23152.841
Partition-specific rates:  1.355 0.645
Parameters optimization took 4 rounds (0.641 sec)

Wrote distance file to... 
Computing ML distances based on estimated model parameters...
Calculating distance matrix: done in 7.39098e-05 secs using 89.3% CPU
Computing ML distances took 0.000119 sec (of wall-clock time) 0.000094 sec (of CPU time)
Setting up auxiliary I and S matrices: done in 4.1008e-05 secs using 75.6% CPU
Computing RapidNJ tree took 0.000182 sec (of wall-clock time) 0.000105 sec (of CPU time)
Log-likelihood of RapidNJ tree: -25434.650
--------------------------------------------------------------------
|             INITIALIZING CANDIDATE TREE SET                      |
--------------------------------------------------------------------
Generating 98 parsimony trees... 0.524 second
Computing log-likelihood of 98 initial trees ... 1.712 seconds
Current best score: -23152.841

Do NNI search on 20 best initial trees
Estimate model parameters (epsilon = 0.100)
Initial log-likelihood: -23085.904
Current log-likelihood at step 1: -23085.474
Current log-likelihood at step 2: -23085.454
Parameters optimization took 1 rounds (0.151 sec)

BETTER TREE FOUND at iteration 1: -23085.454
Iteration 10 / LogL: -23085.593 / Time: 0h:5m:56s
Iteration 20 / LogL: -23085.845 / Time: 0h:6m:0s
Finish initializing candidate tree set (3)
Current best tree score: -23085.454 / CPU time: 9.300
Number of iterations: 20
--------------------------------------------------------------------
|               OPTIMIZING CANDIDATE TREE SET                      |
--------------------------------------------------------------------
Iteration 30 / LogL: -23096.785 / Time: 0h:6m:3s (0h:0m:32s left)
Iteration 40 / LogL: -23085.703 / Time: 0h:6m:6s (0h:0m:25s left)
Iteration 50 / LogL: -23103.328 / Time: 0h:6m:9s (0h:0m:20s left)
Iteration 60 / LogL: -23100.471 / Time: 0h:6m:12s (0h:0m:15s left)
Iteration 70 / LogL: -23089.694 / Time: 0h:6m:15s (0h:0m:11s left)
Iteration 80 / LogL: -23086.898 / Time: 0h:6m:18s (0h:0m:7s left)
Iteration 90 / LogL: -23097.560 / Time: 0h:6m:21s (0h:0m:3s left)
Iteration 100 / LogL: -23091.774 / Time: 0h:6m:24s (0h:0m:0s left)
TREE SEARCH COMPLETED AFTER 102 ITERATIONS / Time: 0h:6m:25s

--------------------------------------------------------------------
|                    FINALIZING TREE SEARCH                        |
--------------------------------------------------------------------
Performs final model parameters optimization
Estimate model parameters (epsilon = 0.010)
Initial log-likelihood: -23085.454
Current log-likelihood at step 1: -23085.450
Partition-specific rates:  1.356 0.644
Parameters optimization took 0 rounds (0.052 sec)

Partition information was printed to partition_file.nex.best_model.nex
BEST SCORE FOUND : -23085.450
Total tree length: 18.510

Total number of iterations: 102
CPU time used for tree search: 34.447 sec (0h:0m:34s)
Wall-clock time used for tree search: 34.521 sec (0h:0m:34s)
Total CPU time used: 386.097 sec (0h:6m:26s)
Total wall-clock time used: 385.355 sec (0h:6m:25s)

===> START BOOTSTRAP REPLICATE NUMBER 10

Creating bootstrap alignment (seed: 900174)...

Create initial parsimony tree by phylogenetic likelihood library (PLL)... 0.005 seconds
Reading model parameters from file /Users/mful870/Desktop/MD_3di_Dev_02Oct24/Scriptorum/SubstitutionMatrix/3di_substmat
WARNING: Normalizing state frequencies so that sum of them equals to 1

NOTE: 7 MB RAM (0 GB) is required!
Estimate model parameters (epsilon = 0.100)
Initial log-likelihood: -25686.022
Current log-likelihood at step 1: -24351.475
Current log-likelihood at step 2: -24058.670
Current log-likelihood at step 3: -23632.490
Current log-likelihood at step 4: -23631.833
Current log-likelihood at step 5: -23631.763
Partition-specific rates:  1.361 0.639
Parameters optimization took 4 rounds (0.632 sec)

Wrote distance file to... 
Computing ML distances based on estimated model parameters...
Calculating distance matrix: done in 7.31945e-05 secs using 87.44% CPU
Computing ML distances took 0.000117 sec (of wall-clock time) 0.000093 sec (of CPU time)
Setting up auxiliary I and S matrices: done in 3.79086e-05 secs using 76.5% CPU
Computing RapidNJ tree took 0.000158 sec (of wall-clock time) 0.000104 sec (of CPU time)
Log-likelihood of RapidNJ tree: -25767.408
--------------------------------------------------------------------
|             INITIALIZING CANDIDATE TREE SET                      |
--------------------------------------------------------------------
Generating 98 parsimony trees... 0.517 second
Computing log-likelihood of 98 initial trees ... 1.702 seconds
Current best score: -23582.406

Do NNI search on 20 best initial trees
Estimate model parameters (epsilon = 0.100)
Initial log-likelihood: -23456.606
Current log-likelihood at step 1: -23455.687
Current log-likelihood at step 2: -23455.629
Parameters optimization took 1 rounds (0.152 sec)

BETTER TREE FOUND at iteration 1: -23455.629
Iteration 10 / LogL: -23455.764 / Time: 0h:6m:31s
Iteration 20 / LogL: -23456.053 / Time: 0h:6m:34s
Finish initializing candidate tree set (2)
Current best tree score: -23455.629 / CPU time: 8.611
Number of iterations: 20
--------------------------------------------------------------------
|               OPTIMIZING CANDIDATE TREE SET                      |
--------------------------------------------------------------------
Iteration 30 / LogL: -23455.727 / Time: 0h:6m:38s (0h:0m:32s left)
Iteration 40 / LogL: -23456.474 / Time: 0h:6m:42s (0h:0m:26s left)
Iteration 50 / LogL: -23486.948 / Time: 0h:6m:45s (0h:0m:20s left)
Iteration 60 / LogL: -23456.322 / Time: 0h:6m:48s (0h:0m:16s left)
Iteration 70 / LogL: -23487.032 / Time: 0h:6m:51s (0h:0m:11s left)
Iteration 80 / LogL: -23467.649 / Time: 0h:6m:55s (0h:0m:7s left)
Iteration 90 / LogL: -23455.981 / Time: 0h:6m:58s (0h:0m:4s left)
Iteration 100 / LogL: -23455.679 / Time: 0h:7m:2s (0h:0m:0s left)
TREE SEARCH COMPLETED AFTER 102 ITERATIONS / Time: 0h:7m:2s

--------------------------------------------------------------------
|                    FINALIZING TREE SEARCH                        |
--------------------------------------------------------------------
Performs final model parameters optimization
Estimate model parameters (epsilon = 0.010)
Initial log-likelihood: -23455.629
Current log-likelihood at step 1: -23455.604
Current log-likelihood at step 2: -23455.602
Partition-specific rates:  1.360 0.640
Parameters optimization took 1 rounds (0.119 sec)

Partition information was printed to partition_file.nex.best_model.nex
BEST SCORE FOUND : -23455.602
Total tree length: 18.482

Total number of iterations: 102
CPU time used for tree search: 36.527 sec (0h:0m:36s)
Wall-clock time used for tree search: 36.621 sec (0h:0m:36s)
Total CPU time used: 423.804 sec (0h:7m:3s)
Total wall-clock time used: 422.988 sec (0h:7m:2s)

===> START BOOTSTRAP REPLICATE NUMBER 11

Creating bootstrap alignment (seed: 900175)...

Create initial parsimony tree by phylogenetic likelihood library (PLL)... 0.004 seconds
Reading model parameters from file /Users/mful870/Desktop/MD_3di_Dev_02Oct24/Scriptorum/SubstitutionMatrix/3di_substmat
WARNING: Normalizing state frequencies so that sum of them equals to 1

NOTE: 7 MB RAM (0 GB) is required!
Estimate model parameters (epsilon = 0.100)
Initial log-likelihood: -26601.006
Current log-likelihood at step 1: -25292.704
Current log-likelihood at step 2: -24959.049
Current log-likelihood at step 3: -24540.855
Current log-likelihood at step 4: -24540.415
Current log-likelihood at step 5: -24540.413
Partition-specific rates:  1.332 0.668
Parameters optimization took 4 rounds (0.607 sec)

Wrote distance file to... 
Computing ML distances based on estimated model parameters...
Calculating distance matrix: done in 9.60827e-05 secs using 86.38% CPU
Computing ML distances took 0.000156 sec (of wall-clock time) 0.000121 sec (of CPU time)
Setting up auxiliary I and S matrices: done in 6.00815e-05 secs using 54.93% CPU
Computing RapidNJ tree took 0.000189 sec (of wall-clock time) 0.000120 sec (of CPU time)
Log-likelihood of RapidNJ tree: -26730.337
--------------------------------------------------------------------
|             INITIALIZING CANDIDATE TREE SET                      |
--------------------------------------------------------------------
Generating 98 parsimony trees... 0.583 second
Computing log-likelihood of 98 initial trees ... 1.740 seconds
Current best score: -24540.413

Do NNI search on 20 best initial trees
Estimate model parameters (epsilon = 0.100)
Initial log-likelihood: -24503.691
Current log-likelihood at step 1: -24503.247
Current log-likelihood at step 2: -24503.236
Parameters optimization took 1 rounds (0.151 sec)

BETTER TREE FOUND at iteration 1: -24503.236
Estimate model parameters (epsilon = 0.100)
Initial log-likelihood: -24500.114
Current log-likelihood at step 1: -24499.783
Current log-likelihood at step 2: -24499.766
Parameters optimization took 1 rounds (0.143 sec)

BETTER TREE FOUND at iteration 2: -24499.766
Iteration 10 / LogL: -24500.481 / Time: 0h:7m:9s
Iteration 20 / LogL: -24504.069 / Time: 0h:7m:13s
Finish initializing candidate tree set (3)
Current best tree score: -24499.766 / CPU time: 9.389
Number of iterations: 20
--------------------------------------------------------------------
|               OPTIMIZING CANDIDATE TREE SET                      |
--------------------------------------------------------------------
Iteration 30 / LogL: -24499.828 / Time: 0h:7m:16s (0h:0m:33s left)
Iteration 40 / LogL: -24513.956 / Time: 0h:7m:19s (0h:0m:26s left)
Iteration 50 / LogL: -24502.323 / Time: 0h:7m:22s (0h:0m:21s left)
Iteration 60 / LogL: -24500.502 / Time: 0h:7m:26s (0h:0m:16s left)
Iteration 70 / LogL: -24513.942 / Time: 0h:7m:29s (0h:0m:12s left)
Iteration 80 / LogL: -24503.946 / Time: 0h:7m:32s (0h:0m:8s left)
Iteration 90 / LogL: -24500.631 / Time: 0h:7m:35s (0h:0m:4s left)
Iteration 100 / LogL: -24500.558 / Time: 0h:7m:39s (0h:0m:0s left)
TREE SEARCH COMPLETED AFTER 103 ITERATIONS / Time: 0h:7m:39s

--------------------------------------------------------------------
|                    FINALIZING TREE SEARCH                        |
--------------------------------------------------------------------
Performs final model parameters optimization
Estimate model parameters (epsilon = 0.010)
Initial log-likelihood: -24499.766
Current log-likelihood at step 1: -24499.762
Partition-specific rates:  1.335 0.665
Parameters optimization took 0 rounds (0.056 sec)

Partition information was printed to partition_file.nex.best_model.nex
BEST SCORE FOUND : -24499.762
Total tree length: 18.391

Total number of iterations: 103
CPU time used for tree search: 36.047 sec (0h:0m:36s)
Wall-clock time used for tree search: 36.120 sec (0h:0m:36s)
Total CPU time used: 460.892 sec (0h:7m:40s)
Total wall-clock time used: 460.037 sec (0h:7m:40s)

===> START BOOTSTRAP REPLICATE NUMBER 12

Creating bootstrap alignment (seed: 900176)...

Create initial parsimony tree by phylogenetic likelihood library (PLL)... 0.007 seconds
Reading model parameters from file /Users/mful870/Desktop/MD_3di_Dev_02Oct24/Scriptorum/SubstitutionMatrix/3di_substmat
WARNING: Normalizing state frequencies so that sum of them equals to 1

NOTE: 7 MB RAM (0 GB) is required!
Estimate model parameters (epsilon = 0.100)
Initial log-likelihood: -25700.093
Current log-likelihood at step 1: -24378.856
Current log-likelihood at step 2: -24001.832
Current log-likelihood at step 3: -23595.969
Current log-likelihood at step 4: -23595.411
Current log-likelihood at step 5: -23595.406
Partition-specific rates:  1.350 0.650
Parameters optimization took 4 rounds (0.581 sec)

Wrote distance file to... 
Computing ML distances based on estimated model parameters...
Calculating distance matrix: done in 7.41482e-05 secs using 87.66% CPU
Computing ML distances took 0.000115 sec (of wall-clock time) 0.000092 sec (of CPU time)
Setting up auxiliary I and S matrices: done in 3.69549e-05 secs using 75.77% CPU
Computing RapidNJ tree took 0.000151 sec (of wall-clock time) 0.000100 sec (of CPU time)
Log-likelihood of RapidNJ tree: -25651.269
--------------------------------------------------------------------
|             INITIALIZING CANDIDATE TREE SET                      |
--------------------------------------------------------------------
Generating 98 parsimony trees... 0.596 second
Computing log-likelihood of 98 initial trees ... 1.698 seconds
Current best score: -23595.406

Do NNI search on 20 best initial trees
Estimate model parameters (epsilon = 0.100)
Initial log-likelihood: -23557.952
Current log-likelihood at step 1: -23557.712
Current log-likelihood at step 2: -23557.709
Parameters optimization took 1 rounds (0.144 sec)

BETTER TREE FOUND at iteration 1: -23557.709
Iteration 10 / LogL: -23558.337 / Time: 0h:7m:45s
Iteration 20 / LogL: -23558.111 / Time: 0h:7m:49s
Finish initializing candidate tree set (7)
Current best tree score: -23557.709 / CPU time: 8.425
Number of iterations: 20
--------------------------------------------------------------------
|               OPTIMIZING CANDIDATE TREE SET                      |
--------------------------------------------------------------------
Iteration 30 / LogL: -23558.829 / Time: 0h:7m:52s (0h:0m:29s left)
Iteration 40 / LogL: -23558.156 / Time: 0h:7m:54s (0h:0m:23s left)
Iteration 50 / LogL: -23557.935 / Time: 0h:7m:57s (0h:0m:18s left)
Iteration 60 / LogL: -23558.242 / Time: 0h:8m:0s (0h:0m:14s left)
Iteration 70 / LogL: -23557.939 / Time: 0h:8m:3s (0h:0m:10s left)
Estimate model parameters (epsilon = 0.100)
Initial log-likelihood: -23557.683
Current log-likelihood at step 1: -23557.661
Parameters optimization took 0 rounds (0.050 sec)

UPDATE BEST LOG-LIKELIHOOD: -23557.661
Iteration 80 / LogL: -23560.138 / Time: 0h:8m:6s (0h:0m:7s left)
Iteration 90 / LogL: -23557.939 / Time: 0h:8m:9s (0h:0m:3s left)
Iteration 100 / LogL: -23558.963 / Time: 0h:8m:12s (0h:0m:0s left)
TREE SEARCH COMPLETED AFTER 102 ITERATIONS / Time: 0h:8m:13s

--------------------------------------------------------------------
|                    FINALIZING TREE SEARCH                        |
--------------------------------------------------------------------
Performs final model parameters optimization
Estimate model parameters (epsilon = 0.010)
Initial log-likelihood: -23557.661
Current log-likelihood at step 1: -23557.656
Partition-specific rates:  1.352 0.648
Parameters optimization took 0 rounds (0.052 sec)

Partition information was printed to partition_file.nex.best_model.nex
BEST SCORE FOUND : -23557.656
Total tree length: 18.861

Total number of iterations: 102
CPU time used for tree search: 32.431 sec (0h:0m:32s)
Wall-clock time used for tree search: 32.455 sec (0h:0m:32s)
Total CPU time used: 494.284 sec (0h:8m:14s)
Total wall-clock time used: 493.314 sec (0h:8m:13s)

===> START BOOTSTRAP REPLICATE NUMBER 13

Creating bootstrap alignment (seed: 900177)...

Create initial parsimony tree by phylogenetic likelihood library (PLL)... 0.004 seconds
Reading model parameters from file /Users/mful870/Desktop/MD_3di_Dev_02Oct24/Scriptorum/SubstitutionMatrix/3di_substmat
WARNING: Normalizing state frequencies so that sum of them equals to 1

NOTE: 7 MB RAM (0 GB) is required!
Estimate model parameters (epsilon = 0.100)
Initial log-likelihood: -26153.983
Current log-likelihood at step 1: -24888.935
Current log-likelihood at step 2: -24639.779
Current log-likelihood at step 3: -24125.158
Current log-likelihood at step 4: -24124.895
Current log-likelihood at step 5: -24124.857
Partition-specific rates:  1.364 0.636
Parameters optimization took 4 rounds (0.620 sec)

Wrote distance file to... 
Computing ML distances based on estimated model parameters...
Calculating distance matrix: done in 7.29561e-05 secs using 87.72% CPU
Computing ML distances took 0.000115 sec (of wall-clock time) 0.000092 sec (of CPU time)
Setting up auxiliary I and S matrices: done in 3.29018e-05 secs using 72.94% CPU
Computing RapidNJ tree took 0.000132 sec (of wall-clock time) 0.000093 sec (of CPU time)
Log-likelihood of RapidNJ tree: -26192.855
--------------------------------------------------------------------
|             INITIALIZING CANDIDATE TREE SET                      |
--------------------------------------------------------------------
Generating 98 parsimony trees... 0.540 second
Computing log-likelihood of 98 initial trees ... 1.697 seconds
Current best score: -24124.857

Do NNI search on 20 best initial trees
Estimate model parameters (epsilon = 0.100)
Initial log-likelihood: -24124.429
Current log-likelihood at step 1: -24124.375
Parameters optimization took 0 rounds (0.052 sec)

BETTER TREE FOUND at iteration 1: -24124.375
Estimate model parameters (epsilon = 0.100)
Initial log-likelihood: -24124.298
Current log-likelihood at step 1: -24123.980
Current log-likelihood at step 2: -24123.968
Parameters optimization took 1 rounds (0.122 sec)

BETTER TREE FOUND at iteration 3: -24123.968
Estimate model parameters (epsilon = 0.100)
Initial log-likelihood: -24121.749
Current log-likelihood at step 1: -24121.054
Current log-likelihood at step 2: -24120.988
Parameters optimization took 1 rounds (0.121 sec)

BETTER TREE FOUND at iteration 6: -24120.988
Iteration 10 / LogL: -24136.306 / Time: 0h:8m:19s
Iteration 20 / LogL: -24125.161 / Time: 0h:8m:23s
Finish initializing candidate tree set (8)
Current best tree score: -24120.988 / CPU time: 9.278
Number of iterations: 20
--------------------------------------------------------------------
|               OPTIMIZING CANDIDATE TREE SET                      |
--------------------------------------------------------------------
Iteration 30 / LogL: -24124.804 / Time: 0h:8m:27s (0h:0m:36s left)
Iteration 40 / LogL: -24128.920 / Time: 0h:8m:30s (0h:0m:29s left)
Iteration 50 / LogL: -24121.916 / Time: 0h:8m:34s (0h:0m:23s left)
Iteration 60 / LogL: -24136.407 / Time: 0h:8m:37s (0h:0m:18s left)
UPDATE BEST LOG-LIKELIHOOD: -24120.980
Iteration 70 / LogL: -24125.464 / Time: 0h:8m:40s (0h:0m:14s left)
Iteration 80 / LogL: -24121.129 / Time: 0h:8m:43s (0h:0m:10s left)
Iteration 90 / LogL: -24124.984 / Time: 0h:8m:47s (0h:0m:6s left)
Iteration 100 / LogL: -24124.026 / Time: 0h:8m:50s (0h:0m:2s left)
TREE SEARCH COMPLETED AFTER 107 ITERATIONS / Time: 0h:8m:53s

--------------------------------------------------------------------
|                    FINALIZING TREE SEARCH                        |
--------------------------------------------------------------------
Performs final model parameters optimization
Estimate model parameters (epsilon = 0.010)
Initial log-likelihood: -24120.980
Current log-likelihood at step 1: -24120.960
Current log-likelihood at step 2: -24120.959
Partition-specific rates:  1.365 0.635
Parameters optimization took 1 rounds (0.120 sec)

Partition information was printed to partition_file.nex.best_model.nex
BEST SCORE FOUND : -24120.959
Total tree length: 18.416

Total number of iterations: 107
CPU time used for tree search: 38.604 sec (0h:0m:38s)
Wall-clock time used for tree search: 38.669 sec (0h:0m:38s)
Total CPU time used: 534.209 sec (0h:8m:54s)
Total wall-clock time used: 533.133 sec (0h:8m:53s)

===> START BOOTSTRAP REPLICATE NUMBER 14

Creating bootstrap alignment (seed: 900178)...

Create initial parsimony tree by phylogenetic likelihood library (PLL)... 0.003 seconds
Reading model parameters from file /Users/mful870/Desktop/MD_3di_Dev_02Oct24/Scriptorum/SubstitutionMatrix/3di_substmat
WARNING: Normalizing state frequencies so that sum of them equals to 1

NOTE: 7 MB RAM (0 GB) is required!
Estimate model parameters (epsilon = 0.100)
Initial log-likelihood: -25183.262
Current log-likelihood at step 1: -23880.308
Current log-likelihood at step 2: -23526.054
Current log-likelihood at step 3: -23175.380
Current log-likelihood at step 4: -23175.281
Partition-specific rates:  1.333 0.667
Parameters optimization took 3 rounds (0.517 sec)

Wrote distance file to... 
Computing ML distances based on estimated model parameters...
Calculating distance matrix: done in 7.29561e-05 secs using 87.72% CPU
Computing ML distances took 0.000112 sec (of wall-clock time) 0.000090 sec (of CPU time)
Setting up auxiliary I and S matrices: done in 3.69549e-05 secs using 73.06% CPU
Computing RapidNJ tree took 0.000147 sec (of wall-clock time) 0.000097 sec (of CPU time)
Log-likelihood of RapidNJ tree: -25227.141
--------------------------------------------------------------------
|             INITIALIZING CANDIDATE TREE SET                      |
--------------------------------------------------------------------
Generating 98 parsimony trees... 0.514 second
Computing log-likelihood of 98 initial trees ... 1.692 seconds
Current best score: -23175.281

Do NNI search on 20 best initial trees
Estimate model parameters (epsilon = 0.100)
Initial log-likelihood: -23122.829
Current log-likelihood at step 1: -23122.490
Current log-likelihood at step 2: -23122.464
Parameters optimization took 1 rounds (0.151 sec)

BETTER TREE FOUND at iteration 1: -23122.464
Estimate model parameters (epsilon = 0.100)
Initial log-likelihood: -23121.951
Current log-likelihood at step 1: -23118.686
Current log-likelihood at step 2: -23118.441
Current log-likelihood at step 3: -23118.430
Parameters optimization took 2 rounds (0.223 sec)

BETTER TREE FOUND at iteration 2: -23118.430
Iteration 10 / LogL: -23129.848 / Time: 0h:8m:59s
Iteration 20 / LogL: -23119.059 / Time: 0h:9m:3s
Finish initializing candidate tree set (3)
Current best tree score: -23118.430 / CPU time: 9.305
Number of iterations: 20
--------------------------------------------------------------------
|               OPTIMIZING CANDIDATE TREE SET                      |
--------------------------------------------------------------------
Iteration 30 / LogL: -23118.480 / Time: 0h:9m:6s (0h:0m:33s left)
Iteration 40 / LogL: -23118.607 / Time: 0h:9m:9s (0h:0m:26s left)
Iteration 50 / LogL: -23118.492 / Time: 0h:9m:13s (0h:0m:21s left)
Iteration 60 / LogL: -23118.450 / Time: 0h:9m:16s (0h:0m:16s left)
Iteration 70 / LogL: -23122.102 / Time: 0h:9m:19s (0h:0m:12s left)
Iteration 80 / LogL: -23118.571 / Time: 0h:9m:23s (0h:0m:8s left)
Iteration 90 / LogL: -23118.631 / Time: 0h:9m:26s (0h:0m:4s left)
Iteration 100 / LogL: -23122.558 / Time: 0h:9m:29s (0h:0m:0s left)
TREE SEARCH COMPLETED AFTER 103 ITERATIONS / Time: 0h:9m:30s

--------------------------------------------------------------------
|                    FINALIZING TREE SEARCH                        |
--------------------------------------------------------------------
Performs final model parameters optimization
Estimate model parameters (epsilon = 0.010)
Initial log-likelihood: -23118.430
Current log-likelihood at step 1: -23118.428
Partition-specific rates:  1.340 0.660
Parameters optimization took 0 rounds (0.054 sec)

Partition information was printed to partition_file.nex.best_model.nex
BEST SCORE FOUND : -23118.428
Total tree length: 18.288

Total number of iterations: 103
CPU time used for tree search: 36.810 sec (0h:0m:36s)
Wall-clock time used for tree search: 36.873 sec (0h:0m:36s)
Total CPU time used: 572.112 sec (0h:9m:32s)
Total wall-clock time used: 570.929 sec (0h:9m:30s)

===> START BOOTSTRAP REPLICATE NUMBER 15

Creating bootstrap alignment (seed: 900179)...

Create initial parsimony tree by phylogenetic likelihood library (PLL)... 0.005 seconds
Reading model parameters from file /Users/mful870/Desktop/MD_3di_Dev_02Oct24/Scriptorum/SubstitutionMatrix/3di_substmat
WARNING: Normalizing state frequencies so that sum of them equals to 1

NOTE: 7 MB RAM (0 GB) is required!
Estimate model parameters (epsilon = 0.100)
Initial log-likelihood: -25422.410
Current log-likelihood at step 1: -24137.315
Current log-likelihood at step 2: -23831.429
Current log-likelihood at step 3: -23376.973
Current log-likelihood at step 4: -23376.626
Current log-likelihood at step 5: -23376.575
Partition-specific rates:  1.354 0.646
Parameters optimization took 4 rounds (0.618 sec)

Wrote distance file to... 
Computing ML distances based on estimated model parameters...
Calculating distance matrix: done in 7.29561e-05 secs using 87.72% CPU
Computing ML distances took 0.000113 sec (of wall-clock time) 0.000090 sec (of CPU time)
Setting up auxiliary I and S matrices: done in 3.79086e-05 secs using 76.5% CPU
Computing RapidNJ tree took 0.000149 sec (of wall-clock time) 0.000098 sec (of CPU time)
Log-likelihood of RapidNJ tree: -25483.898
--------------------------------------------------------------------
|             INITIALIZING CANDIDATE TREE SET                      |
--------------------------------------------------------------------
Generating 98 parsimony trees... 0.521 second
Computing log-likelihood of 98 initial trees ... 1.693 seconds
Current best score: -23376.575

Do NNI search on 20 best initial trees
Estimate model parameters (epsilon = 0.100)
Initial log-likelihood: -23333.566
Current log-likelihood at step 1: -23332.596
Current log-likelihood at step 2: -23332.538
Parameters optimization took 1 rounds (0.168 sec)

BETTER TREE FOUND at iteration 1: -23332.538
Iteration 10 / LogL: -23333.366 / Time: 0h:9m:37s
Iteration 20 / LogL: -23333.349 / Time: 0h:9m:41s
Finish initializing candidate tree set (4)
Current best tree score: -23332.538 / CPU time: 9.208
Number of iterations: 20
--------------------------------------------------------------------
|               OPTIMIZING CANDIDATE TREE SET                      |
--------------------------------------------------------------------
Iteration 30 / LogL: -23354.429 / Time: 0h:9m:43s (0h:0m:31s left)
Iteration 40 / LogL: -23333.115 / Time: 0h:9m:46s (0h:0m:24s left)
Iteration 50 / LogL: -23332.832 / Time: 0h:9m:50s (0h:0m:20s left)
Iteration 60 / LogL: -23332.571 / Time: 0h:9m:53s (0h:0m:15s left)
Iteration 70 / LogL: -23332.763 / Time: 0h:9m:55s (0h:0m:11s left)
Iteration 80 / LogL: -23333.631 / Time: 0h:9m:58s (0h:0m:7s left)
Iteration 90 / LogL: -23333.403 / Time: 0h:10m:1s (0h:0m:3s left)
Iteration 100 / LogL: -23332.943 / Time: 0h:10m:4s (0h:0m:0s left)
TREE SEARCH COMPLETED AFTER 102 ITERATIONS / Time: 0h:10m:5s

--------------------------------------------------------------------
|                    FINALIZING TREE SEARCH                        |
--------------------------------------------------------------------
Performs final model parameters optimization
Estimate model parameters (epsilon = 0.010)
Initial log-likelihood: -23332.538
Current log-likelihood at step 1: -23332.522
Current log-likelihood at step 2: -23332.520
Partition-specific rates:  1.352 0.648
Parameters optimization took 1 rounds (0.158 sec)

Partition information was printed to partition_file.nex.best_model.nex
BEST SCORE FOUND : -23332.520
Total tree length: 18.154

Total number of iterations: 102
CPU time used for tree search: 33.095 sec (0h:0m:33s)
Wall-clock time used for tree search: 33.156 sec (0h:0m:33s)
Total CPU time used: 606.495 sec (0h:10m:6s)
Total wall-clock time used: 605.203 sec (0h:10m:5s)

===> START BOOTSTRAP REPLICATE NUMBER 16

Creating bootstrap alignment (seed: 900180)...

Create initial parsimony tree by phylogenetic likelihood library (PLL)... 0.006 seconds
Reading model parameters from file /Users/mful870/Desktop/MD_3di_Dev_02Oct24/Scriptorum/SubstitutionMatrix/3di_substmat
WARNING: Normalizing state frequencies so that sum of them equals to 1

NOTE: 7 MB RAM (0 GB) is required!
Estimate model parameters (epsilon = 0.100)
Initial log-likelihood: -26048.169
Current log-likelihood at step 1: -24716.805
Current log-likelihood at step 2: -24473.231
Current log-likelihood at step 3: -24059.207
Current log-likelihood at step 4: -23963.112
Current log-likelihood at step 5: -23962.979
Current log-likelihood at step 6: -23962.966
Partition-specific rates:  1.362 0.638
Parameters optimization took 5 rounds (0.807 sec)

Wrote distance file to... 
Computing ML distances based on estimated model parameters...
Calculating distance matrix: done in 7.29561e-05 secs using 87.72% CPU
Computing ML distances took 0.000123 sec (of wall-clock time) 0.000091 sec (of CPU time)
Setting up auxiliary I and S matrices: done in 4.69685e-05 secs using 72.39% CPU
Computing RapidNJ tree took 0.000166 sec (of wall-clock time) 0.000109 sec (of CPU time)
Log-likelihood of RapidNJ tree: -26120.573
--------------------------------------------------------------------
|             INITIALIZING CANDIDATE TREE SET                      |
--------------------------------------------------------------------
Generating 98 parsimony trees... 0.609 second
Computing log-likelihood of 98 initial trees ... 1.677 seconds
Current best score: -23962.966

Do NNI search on 20 best initial trees
Estimate model parameters (epsilon = 0.100)
Initial log-likelihood: -23925.587
Current log-likelihood at step 1: -23924.984
Current log-likelihood at step 2: -23924.947
Parameters optimization took 1 rounds (0.152 sec)

BETTER TREE FOUND at iteration 1: -23924.947
Iteration 10 / LogL: -23925.662 / Time: 0h:10m:11s
Iteration 20 / LogL: -23938.101 / Time: 0h:10m:15s
Finish initializing candidate tree set (3)
Current best tree score: -23924.947 / CPU time: 9.498
Number of iterations: 20
--------------------------------------------------------------------
|               OPTIMIZING CANDIDATE TREE SET                      |
--------------------------------------------------------------------
Iteration 30 / LogL: -23928.496 / Time: 0h:10m:18s (0h:0m:33s left)
Iteration 40 / LogL: -23925.778 / Time: 0h:10m:21s (0h:0m:26s left)
Iteration 50 / LogL: -23925.676 / Time: 0h:10m:25s (0h:0m:20s left)
Iteration 60 / LogL: -23925.789 / Time: 0h:10m:28s (0h:0m:16s left)
Iteration 70 / LogL: -23926.618 / Time: 0h:10m:31s (0h:0m:11s left)
Iteration 80 / LogL: -23927.938 / Time: 0h:10m:34s (0h:0m:7s left)
Iteration 90 / LogL: -23925.095 / Time: 0h:10m:37s (0h:0m:4s left)
Iteration 100 / LogL: -23925.694 / Time: 0h:10m:40s (0h:0m:0s left)
TREE SEARCH COMPLETED AFTER 102 ITERATIONS / Time: 0h:10m:41s

--------------------------------------------------------------------
|                    FINALIZING TREE SEARCH                        |
--------------------------------------------------------------------
Performs final model parameters optimization
Estimate model parameters (epsilon = 0.010)
Initial log-likelihood: -23924.947
Current log-likelihood at step 1: -23924.932
Current log-likelihood at step 2: -23924.930
Partition-specific rates:  1.361 0.639
Parameters optimization took 1 rounds (0.122 sec)

Partition information was printed to partition_file.nex.best_model.nex
BEST SCORE FOUND : -23924.930
Total tree length: 18.825

Total number of iterations: 102
CPU time used for tree search: 34.914 sec (0h:0m:34s)
Wall-clock time used for tree search: 34.956 sec (0h:0m:34s)
Total CPU time used: 642.679 sec (0h:10m:42s)
Total wall-clock time used: 641.286 sec (0h:10m:41s)

===> START BOOTSTRAP REPLICATE NUMBER 17

Creating bootstrap alignment (seed: 900181)...

Create initial parsimony tree by phylogenetic likelihood library (PLL)... 0.003 seconds
Reading model parameters from file /Users/mful870/Desktop/MD_3di_Dev_02Oct24/Scriptorum/SubstitutionMatrix/3di_substmat
WARNING: Normalizing state frequencies so that sum of them equals to 1

NOTE: 7 MB RAM (0 GB) is required!
Estimate model parameters (epsilon = 0.100)
Initial log-likelihood: -25276.483
Current log-likelihood at step 1: -24090.083
Current log-likelihood at step 2: -23830.811
Current log-likelihood at step 3: -23338.961
Current log-likelihood at step 4: -23338.728
Current log-likelihood at step 5: -23338.691
Partition-specific rates:  1.378 0.622
Parameters optimization took 4 rounds (0.628 sec)

Wrote distance file to... 
Computing ML distances based on estimated model parameters...
Calculating distance matrix: done in 7.89165e-05 secs using 82.37% CPU
Computing ML distances took 0.000130 sec (of wall-clock time) 0.000092 sec (of CPU time)
Setting up auxiliary I and S matrices: done in 3.19481e-05 secs using 71.99% CPU
Computing RapidNJ tree took 0.000138 sec (of wall-clock time) 0.000090 sec (of CPU time)
Log-likelihood of RapidNJ tree: -25458.974
--------------------------------------------------------------------
|             INITIALIZING CANDIDATE TREE SET                      |
--------------------------------------------------------------------
Generating 98 parsimony trees... 0.544 second
Computing log-likelihood of 98 initial trees ... 1.671 seconds
Current best score: -23338.691

Do NNI search on 20 best initial trees
Estimate model parameters (epsilon = 0.100)
Initial log-likelihood: -23313.023
Current log-likelihood at step 1: -23312.898
Current log-likelihood at step 2: -23312.886
Parameters optimization took 1 rounds (0.132 sec)

BETTER TREE FOUND at iteration 1: -23312.886
Iteration 10 / LogL: -23314.002 / Time: 0h:10m:47s
Iteration 20 / LogL: -23313.199 / Time: 0h:10m:50s
Finish initializing candidate tree set (4)
Current best tree score: -23312.886 / CPU time: 8.504
Number of iterations: 20
--------------------------------------------------------------------
|               OPTIMIZING CANDIDATE TREE SET                      |
--------------------------------------------------------------------
Iteration 30 / LogL: -23313.624 / Time: 0h:10m:54s (0h:0m:31s left)
Iteration 40 / LogL: -23322.669 / Time: 0h:10m:57s (0h:0m:25s left)
Iteration 50 / LogL: -23313.260 / Time: 0h:11m:0s (0h:0m:20s left)
Iteration 60 / LogL: -23314.238 / Time: 0h:11m:4s (0h:0m:16s left)
Iteration 70 / LogL: -23367.804 / Time: 0h:11m:7s (0h:0m:11s left)
Iteration 80 / LogL: -23313.660 / Time: 0h:11m:10s (0h:0m:7s left)
Iteration 90 / LogL: -23314.019 / Time: 0h:11m:13s (0h:0m:3s left)
Iteration 100 / LogL: -23322.725 / Time: 0h:11m:16s (0h:0m:0s left)
TREE SEARCH COMPLETED AFTER 102 ITERATIONS / Time: 0h:11m:17s

--------------------------------------------------------------------
|                    FINALIZING TREE SEARCH                        |
--------------------------------------------------------------------
Performs final model parameters optimization
Estimate model parameters (epsilon = 0.010)
Initial log-likelihood: -23312.886
Current log-likelihood at step 1: -23312.884
Partition-specific rates:  1.380 0.620
Parameters optimization took 0 rounds (0.057 sec)

Partition information was printed to partition_file.nex.best_model.nex
BEST SCORE FOUND : -23312.884
Total tree length: 17.161

Total number of iterations: 102
CPU time used for tree search: 35.380 sec (0h:0m:35s)
Wall-clock time used for tree search: 35.440 sec (0h:0m:35s)
Total CPU time used: 679.155 sec (0h:11m:19s)
Total wall-clock time used: 677.649 sec (0h:11m:17s)

===> START BOOTSTRAP REPLICATE NUMBER 18

Creating bootstrap alignment (seed: 900182)...

Create initial parsimony tree by phylogenetic likelihood library (PLL)... 0.006 seconds
Reading model parameters from file /Users/mful870/Desktop/MD_3di_Dev_02Oct24/Scriptorum/SubstitutionMatrix/3di_substmat
WARNING: Normalizing state frequencies so that sum of them equals to 1

NOTE: 7 MB RAM (0 GB) is required!
Estimate model parameters (epsilon = 0.100)
Initial log-likelihood: -25134.857
Current log-likelihood at step 1: -23884.810
Current log-likelihood at step 2: -23554.507
Current log-likelihood at step 3: -23148.505
Current log-likelihood at step 4: -23148.329
Current log-likelihood at step 5: -23148.302
Partition-specific rates:  1.361 0.639
Parameters optimization took 4 rounds (0.631 sec)

Wrote distance file to... 
Computing ML distances based on estimated model parameters...
Calculating distance matrix: done in 7.79629e-05 secs using 84.66% CPU
Computing ML distances took 0.000138 sec (of wall-clock time) 0.000095 sec (of CPU time)
Setting up auxiliary I and S matrices: done in 3.60012e-05 secs using 75% CPU
Computing RapidNJ tree took 0.000157 sec (of wall-clock time) 0.000100 sec (of CPU time)
Log-likelihood of RapidNJ tree: -25284.952
--------------------------------------------------------------------
|             INITIALIZING CANDIDATE TREE SET                      |
--------------------------------------------------------------------
Generating 98 parsimony trees... 0.557 second
Computing log-likelihood of 98 initial trees ... 1.634 seconds
Current best score: -23148.302

Do NNI search on 20 best initial trees
Estimate model parameters (epsilon = 0.100)
Initial log-likelihood: -23113.047
Current log-likelihood at step 1: -23111.911
Current log-likelihood at step 2: -23111.693
Current log-likelihood at step 3: -23111.671
Parameters optimization took 2 rounds (0.216 sec)

BETTER TREE FOUND at iteration 1: -23111.671
Iteration 10 / LogL: -23116.330 / Time: 0h:11m:24s
Iteration 20 / LogL: -23112.254 / Time: 0h:11m:29s
Finish initializing candidate tree set (5)
Current best tree score: -23111.671 / CPU time: 10.810
Number of iterations: 20
--------------------------------------------------------------------
|               OPTIMIZING CANDIDATE TREE SET                      |
--------------------------------------------------------------------
Iteration 30 / LogL: -23112.631 / Time: 0h:11m:32s (0h:0m:37s left)
Iteration 40 / LogL: -23112.467 / Time: 0h:11m:36s (0h:0m:29s left)
Iteration 50 / LogL: -23111.682 / Time: 0h:11m:40s (0h:0m:23s left)
Iteration 60 / LogL: -23111.782 / Time: 0h:11m:43s (0h:0m:17s left)
Iteration 70 / LogL: -23111.954 / Time: 0h:11m:47s (0h:0m:13s left)
Iteration 80 / LogL: -23115.076 / Time: 0h:11m:50s (0h:0m:8s left)
UPDATE BEST LOG-LIKELIHOOD: -23111.666
Iteration 90 / LogL: -23111.806 / Time: 0h:11m:53s (0h:0m:4s left)
Iteration 100 / LogL: -23112.399 / Time: 0h:11m:56s (0h:0m:0s left)
TREE SEARCH COMPLETED AFTER 102 ITERATIONS / Time: 0h:11m:56s

--------------------------------------------------------------------
|                    FINALIZING TREE SEARCH                        |
--------------------------------------------------------------------
Performs final model parameters optimization
Estimate model parameters (epsilon = 0.010)
Initial log-likelihood: -23111.666
Current log-likelihood at step 1: -23111.661
Partition-specific rates:  1.359 0.641
Parameters optimization took 0 rounds (0.052 sec)

Partition information was printed to partition_file.nex.best_model.nex
BEST SCORE FOUND : -23111.661
Total tree length: 18.395

Total number of iterations: 102
CPU time used for tree search: 38.333 sec (0h:0m:38s)
Wall-clock time used for tree search: 38.353 sec (0h:0m:38s)
Total CPU time used: 718.474 sec (0h:11m:58s)
Total wall-clock time used: 716.868 sec (0h:11m:56s)

===> START BOOTSTRAP REPLICATE NUMBER 19

Creating bootstrap alignment (seed: 900183)...

Create initial parsimony tree by phylogenetic likelihood library (PLL)... 0.006 seconds
Reading model parameters from file /Users/mful870/Desktop/MD_3di_Dev_02Oct24/Scriptorum/SubstitutionMatrix/3di_substmat
WARNING: Normalizing state frequencies so that sum of them equals to 1

NOTE: 7 MB RAM (0 GB) is required!
Estimate model parameters (epsilon = 0.100)
Initial log-likelihood: -25343.635
Current log-likelihood at step 1: -24153.271
Current log-likelihood at step 2: -23838.603
Current log-likelihood at step 3: -23394.244
Current log-likelihood at step 4: -23394.142
Current log-likelihood at step 5: -23394.134
Partition-specific rates:  1.334 0.666
Parameters optimization took 4 rounds (0.627 sec)

Wrote distance file to... 
Computing ML distances based on estimated model parameters...
Calculating distance matrix: done in 7.41482e-05 secs using 87.66% CPU
Computing ML distances took 0.000130 sec (of wall-clock time) 0.000093 sec (of CPU time)
Setting up auxiliary I and S matrices: done in 3.60012e-05 secs using 75% CPU
Computing RapidNJ tree took 0.000161 sec (of wall-clock time) 0.000099 sec (of CPU time)
Log-likelihood of RapidNJ tree: -25488.501
--------------------------------------------------------------------
|             INITIALIZING CANDIDATE TREE SET                      |
--------------------------------------------------------------------
Generating 98 parsimony trees... 0.528 second
Computing log-likelihood of 98 initial trees ... 1.705 seconds
Current best score: -23394.134

Do NNI search on 20 best initial trees
Estimate model parameters (epsilon = 0.100)
Initial log-likelihood: -23366.605
Current log-likelihood at step 1: -23365.182
Current log-likelihood at step 2: -23364.936
Current log-likelihood at step 3: -23364.915
Parameters optimization took 2 rounds (0.217 sec)

BETTER TREE FOUND at iteration 1: -23364.915
Estimate model parameters (epsilon = 0.100)
Initial log-likelihood: -23363.088
Current log-likelihood at step 1: -23362.537
Current log-likelihood at step 2: -23362.502
Parameters optimization took 1 rounds (0.152 sec)

BETTER TREE FOUND at iteration 2: -23362.502
Iteration 10 / LogL: -23362.787 / Time: 0h:12m:4s
Iteration 20 / LogL: -23362.789 / Time: 0h:12m:8s
Finish initializing candidate tree set (4)
Current best tree score: -23362.502 / CPU time: 10.492
Number of iterations: 20
--------------------------------------------------------------------
|               OPTIMIZING CANDIDATE TREE SET                      |
--------------------------------------------------------------------
Iteration 30 / LogL: -23362.621 / Time: 0h:12m:11s (0h:0m:36s left)
Iteration 40 / LogL: -23363.659 / Time: 0h:12m:14s (0h:0m:28s left)
Iteration 50 / LogL: -23362.576 / Time: 0h:12m:18s (0h:0m:22s left)
Iteration 60 / LogL: -23362.684 / Time: 0h:12m:21s (0h:0m:17s left)
Iteration 70 / LogL: -23363.429 / Time: 0h:12m:24s (0h:0m:13s left)
Iteration 80 / LogL: -23363.062 / Time: 0h:12m:28s (0h:0m:8s left)
Iteration 90 / LogL: -23362.663 / Time: 0h:12m:31s (0h:0m:4s left)
UPDATE BEST LOG-LIKELIHOOD: -23362.496
Iteration 100 / LogL: -23362.880 / Time: 0h:12m:35s (0h:0m:0s left)
TREE SEARCH COMPLETED AFTER 103 ITERATIONS / Time: 0h:12m:36s

--------------------------------------------------------------------
|                    FINALIZING TREE SEARCH                        |
--------------------------------------------------------------------
Performs final model parameters optimization
Estimate model parameters (epsilon = 0.010)
Initial log-likelihood: -23362.496
Current log-likelihood at step 1: -23362.488
Partition-specific rates:  1.333 0.667
Parameters optimization took 0 rounds (0.055 sec)

Partition information was printed to partition_file.nex.best_model.nex
BEST SCORE FOUND : -23362.488
Total tree length: 18.011

Total number of iterations: 103
CPU time used for tree search: 38.285 sec (0h:0m:38s)
Wall-clock time used for tree search: 38.329 sec (0h:0m:38s)
Total CPU time used: 757.779 sec (0h:12m:37s)
Total wall-clock time used: 756.075 sec (0h:12m:36s)

===> START BOOTSTRAP REPLICATE NUMBER 20

Creating bootstrap alignment (seed: 900184)...

Create initial parsimony tree by phylogenetic likelihood library (PLL)... 0.004 seconds
Reading model parameters from file /Users/mful870/Desktop/MD_3di_Dev_02Oct24/Scriptorum/SubstitutionMatrix/3di_substmat
WARNING: Normalizing state frequencies so that sum of them equals to 1

NOTE: 7 MB RAM (0 GB) is required!
Estimate model parameters (epsilon = 0.100)
Initial log-likelihood: -25719.025
Current log-likelihood at step 1: -24384.047
Current log-likelihood at step 2: -24046.465
Current log-likelihood at step 3: -23627.835
Current log-likelihood at step 4: -23627.469
Current log-likelihood at step 5: -23627.467
Partition-specific rates:  1.356 0.644
Parameters optimization took 4 rounds (0.585 sec)

Wrote distance file to... 
Computing ML distances based on estimated model parameters...
Calculating distance matrix: done in 8.01086e-05 secs using 81.14% CPU
Computing ML distances took 0.000133 sec (of wall-clock time) 0.000092 sec (of CPU time)
Setting up auxiliary I and S matrices: done in 3.79086e-05 secs using 73.86% CPU
Computing RapidNJ tree took 0.000165 sec (of wall-clock time) 0.000103 sec (of CPU time)
Log-likelihood of RapidNJ tree: -25876.250
--------------------------------------------------------------------
|             INITIALIZING CANDIDATE TREE SET                      |
--------------------------------------------------------------------
Generating 98 parsimony trees... 0.526 second
Computing log-likelihood of 98 initial trees ... 1.672 seconds
Current best score: -23627.467

Do NNI search on 20 best initial trees
Estimate model parameters (epsilon = 0.100)
Initial log-likelihood: -23604.925
Current log-likelihood at step 1: -23604.728
Current log-likelihood at step 2: -23604.718
Parameters optimization took 1 rounds (0.136 sec)

BETTER TREE FOUND at iteration 1: -23604.718
Estimate model parameters (epsilon = 0.100)
Initial log-likelihood: -23600.865
Current log-likelihood at step 1: -23600.246
Current log-likelihood at step 2: -23600.212
Parameters optimization took 1 rounds (0.139 sec)

BETTER TREE FOUND at iteration 5: -23600.212
Iteration 10 / LogL: -23606.284 / Time: 0h:12m:42s
Iteration 20 / LogL: -23601.020 / Time: 0h:12m:44s
Finish initializing candidate tree set (5)
Current best tree score: -23600.212 / CPU time: 8.078
Number of iterations: 20
--------------------------------------------------------------------
|               OPTIMIZING CANDIDATE TREE SET                      |
--------------------------------------------------------------------
Iteration 30 / LogL: -23604.167 / Time: 0h:12m:48s (0h:0m:31s left)
Iteration 40 / LogL: -23605.618 / Time: 0h:12m:51s (0h:0m:25s left)
Iteration 50 / LogL: -23601.741 / Time: 0h:12m:54s (0h:0m:21s left)
Iteration 60 / LogL: -23601.237 / Time: 0h:12m:57s (0h:0m:16s left)
Iteration 70 / LogL: -23600.247 / Time: 0h:13m:1s (0h:0m:12s left)
Iteration 80 / LogL: -23604.783 / Time: 0h:13m:3s (0h:0m:8s left)
Iteration 90 / LogL: -23601.280 / Time: 0h:13m:6s (0h:0m:5s left)
Iteration 100 / LogL: -23600.553 / Time: 0h:13m:9s (0h:0m:1s left)
TREE SEARCH COMPLETED AFTER 106 ITERATIONS / Time: 0h:13m:11s

--------------------------------------------------------------------
|                    FINALIZING TREE SEARCH                        |
--------------------------------------------------------------------
Performs final model parameters optimization
Estimate model parameters (epsilon = 0.010)
Initial log-likelihood: -23600.212
Current log-likelihood at step 1: -23600.203
Partition-specific rates:  1.355 0.645
Parameters optimization took 0 rounds (0.069 sec)

Partition information was printed to partition_file.nex.best_model.nex
BEST SCORE FOUND : -23600.203
Total tree length: 18.436

Total number of iterations: 106
CPU time used for tree search: 34.565 sec (0h:0m:34s)
Wall-clock time used for tree search: 34.607 sec (0h:0m:34s)
Total CPU time used: 793.333 sec (0h:13m:13s)
Total wall-clock time used: 791.531 sec (0h:13m:11s)

===> START BOOTSTRAP REPLICATE NUMBER 21

Creating bootstrap alignment (seed: 900185)...

Create initial parsimony tree by phylogenetic likelihood library (PLL)... 0.005 seconds
Reading model parameters from file /Users/mful870/Desktop/MD_3di_Dev_02Oct24/Scriptorum/SubstitutionMatrix/3di_substmat
WARNING: Normalizing state frequencies so that sum of them equals to 1

NOTE: 7 MB RAM (0 GB) is required!
Estimate model parameters (epsilon = 0.100)
Initial log-likelihood: -24808.829
Current log-likelihood at step 1: -23495.778
Current log-likelihood at step 2: -23194.035
Current log-likelihood at step 3: -22773.441
Current log-likelihood at step 4: -22773.369
Partition-specific rates:  1.370 0.630
Parameters optimization took 3 rounds (0.545 sec)

Wrote distance file to... 
Computing ML distances based on estimated model parameters...
Calculating distance matrix: done in 7.51019e-05 secs using 86.55% CPU
Computing ML distances took 0.000128 sec (of wall-clock time) 0.000092 sec (of CPU time)
Setting up auxiliary I and S matrices: done in 3.40939e-05 secs using 73.33% CPU
Computing RapidNJ tree took 0.000148 sec (of wall-clock time) 0.000094 sec (of CPU time)
Log-likelihood of RapidNJ tree: -24870.015
--------------------------------------------------------------------
|             INITIALIZING CANDIDATE TREE SET                      |
--------------------------------------------------------------------
Generating 98 parsimony trees... 0.567 second
Computing log-likelihood of 98 initial trees ... 1.681 seconds
Current best score: -22773.369

Do NNI search on 20 best initial trees
Estimate model parameters (epsilon = 0.100)
Initial log-likelihood: -22729.894
Current log-likelihood at step 1: -22728.410
Current log-likelihood at step 2: -22728.330
Parameters optimization took 1 rounds (0.177 sec)

BETTER TREE FOUND at iteration 1: -22728.330
Estimate model parameters (epsilon = 0.100)
Initial log-likelihood: -22724.135
Current log-likelihood at step 1: -22723.912
Current log-likelihood at step 2: -22723.902
Parameters optimization took 1 rounds (0.124 sec)

BETTER TREE FOUND at iteration 5: -22723.902
Iteration 10 / LogL: -22730.095 / Time: 0h:13m:18s
Iteration 20 / LogL: -22729.734 / Time: 0h:13m:22s
Finish initializing candidate tree set (6)
Current best tree score: -22723.902 / CPU time: 10.518
Number of iterations: 20
--------------------------------------------------------------------
|               OPTIMIZING CANDIDATE TREE SET                      |
--------------------------------------------------------------------
Iteration 30 / LogL: -22726.503 / Time: 0h:13m:26s (0h:0m:37s left)
Iteration 40 / LogL: -22724.025 / Time: 0h:13m:29s (0h:0m:30s left)
Iteration 50 / LogL: -22724.657 / Time: 0h:13m:32s (0h:0m:23s left)
Iteration 60 / LogL: -22728.455 / Time: 0h:13m:35s (0h:0m:18s left)
Iteration 70 / LogL: -22726.386 / Time: 0h:13m:38s (0h:0m:13s left)
Iteration 80 / LogL: -22724.055 / Time: 0h:13m:42s (0h:0m:9s left)
Iteration 90 / LogL: -22724.309 / Time: 0h:13m:45s (0h:0m:5s left)
Iteration 100 / LogL: -22724.429 / Time: 0h:13m:48s (0h:0m:1s left)
TREE SEARCH COMPLETED AFTER 106 ITERATIONS / Time: 0h:13m:50s

--------------------------------------------------------------------
|                    FINALIZING TREE SEARCH                        |
--------------------------------------------------------------------
Performs final model parameters optimization
Estimate model parameters (epsilon = 0.010)
Initial log-likelihood: -22723.902
Current log-likelihood at step 1: -22723.899
Partition-specific rates:  1.370 0.630
Parameters optimization took 0 rounds (0.053 sec)

Partition information was printed to partition_file.nex.best_model.nex
BEST SCORE FOUND : -22723.899
Total tree length: 18.450

Total number of iterations: 106
CPU time used for tree search: 37.886 sec (0h:0m:37s)
Wall-clock time used for tree search: 37.958 sec (0h:0m:37s)
Total CPU time used: 832.225 sec (0h:13m:52s)
Total wall-clock time used: 830.323 sec (0h:13m:50s)

===> START BOOTSTRAP REPLICATE NUMBER 22

Creating bootstrap alignment (seed: 900186)...

Create initial parsimony tree by phylogenetic likelihood library (PLL)... 0.003 seconds
Reading model parameters from file /Users/mful870/Desktop/MD_3di_Dev_02Oct24/Scriptorum/SubstitutionMatrix/3di_substmat
WARNING: Normalizing state frequencies so that sum of them equals to 1

NOTE: 7 MB RAM (0 GB) is required!
Estimate model parameters (epsilon = 0.100)
Initial log-likelihood: -25625.251
Current log-likelihood at step 1: -24316.388
Current log-likelihood at step 2: -24013.177
Current log-likelihood at step 3: -23587.760
Current log-likelihood at step 4: -23587.670
Partition-specific rates:  1.312 0.688
Parameters optimization took 3 rounds (0.534 sec)

Wrote distance file to... 
Computing ML distances based on estimated model parameters...
Calculating distance matrix: done in 7.20024e-05 secs using 87.5% CPU
Computing ML distances took 0.000120 sec (of wall-clock time) 0.000089 sec (of CPU time)
Setting up auxiliary I and S matrices: done in 3.60012e-05 secs using 75% CPU
Computing RapidNJ tree took 0.000153 sec (of wall-clock time) 0.000096 sec (of CPU time)
Log-likelihood of RapidNJ tree: -25949.086
--------------------------------------------------------------------
|             INITIALIZING CANDIDATE TREE SET                      |
--------------------------------------------------------------------
Generating 98 parsimony trees... 0.519 second
Computing log-likelihood of 98 initial trees ... 1.697 seconds
Current best score: -23587.670

Do NNI search on 20 best initial trees
Estimate model parameters (epsilon = 0.100)
Initial log-likelihood: -23550.840
Current log-likelihood at step 1: -23550.576
Current log-likelihood at step 2: -23550.572
Parameters optimization took 1 rounds (0.148 sec)

BETTER TREE FOUND at iteration 1: -23550.572
Iteration 10 / LogL: -23568.245 / Time: 0h:13m:56s
Iteration 20 / LogL: -23552.219 / Time: 0h:14m:0s
Finish initializing candidate tree set (4)
Current best tree score: -23550.572 / CPU time: 9.257
Number of iterations: 20
--------------------------------------------------------------------
|               OPTIMIZING CANDIDATE TREE SET                      |
--------------------------------------------------------------------
Iteration 30 / LogL: -23568.143 / Time: 0h:14m:3s (0h:0m:32s left)
Iteration 40 / LogL: -23551.163 / Time: 0h:14m:6s (0h:0m:25s left)
Iteration 50 / LogL: -23568.401 / Time: 0h:14m:9s (0h:0m:20s left)
Iteration 60 / LogL: -23553.286 / Time: 0h:14m:12s (0h:0m:15s left)
Iteration 70 / LogL: -23550.634 / Time: 0h:14m:16s (0h:0m:11s left)
Iteration 80 / LogL: -23551.578 / Time: 0h:14m:19s (0h:0m:7s left)
Iteration 90 / LogL: -23567.962 / Time: 0h:14m:22s (0h:0m:3s left)
Iteration 100 / LogL: -23550.719 / Time: 0h:14m:24s (0h:0m:0s left)
TREE SEARCH COMPLETED AFTER 102 ITERATIONS / Time: 0h:14m:25s

--------------------------------------------------------------------
|                    FINALIZING TREE SEARCH                        |
--------------------------------------------------------------------
Performs final model parameters optimization
Estimate model parameters (epsilon = 0.010)
Initial log-likelihood: -23550.572
Current log-likelihood at step 1: -23550.572
Partition-specific rates:  1.316 0.684
Parameters optimization took 0 rounds (0.050 sec)

Partition information was printed to partition_file.nex.best_model.nex
BEST SCORE FOUND : -23550.572
Total tree length: 17.935

Total number of iterations: 102
CPU time used for tree search: 34.490 sec (0h:0m:34s)
Wall-clock time used for tree search: 34.555 sec (0h:0m:34s)
Total CPU time used: 867.660 sec (0h:14m:27s)
Total wall-clock time used: 865.677 sec (0h:14m:25s)

===> START BOOTSTRAP REPLICATE NUMBER 23

Creating bootstrap alignment (seed: 900187)...

Create initial parsimony tree by phylogenetic likelihood library (PLL)... 0.004 seconds
Reading model parameters from file /Users/mful870/Desktop/MD_3di_Dev_02Oct24/Scriptorum/SubstitutionMatrix/3di_substmat
WARNING: Normalizing state frequencies so that sum of them equals to 1

NOTE: 7 MB RAM (0 GB) is required!
Estimate model parameters (epsilon = 0.100)
Initial log-likelihood: -25107.307
Current log-likelihood at step 1: -23782.945
Current log-likelihood at step 2: -23471.289
Current log-likelihood at step 3: -23023.480
Current log-likelihood at step 4: -23023.236
Current log-likelihood at step 5: -23023.183
Partition-specific rates:  1.390 0.610
Parameters optimization took 4 rounds (0.628 sec)

Wrote distance file to... 
Computing ML distances based on estimated model parameters...
Calculating distance matrix: done in 7.98702e-05 secs using 82.63% CPU
Computing ML distances took 0.000135 sec (of wall-clock time) 0.000093 sec (of CPU time)
Setting up auxiliary I and S matrices: done in 3.60012e-05 secs using 75% CPU
Computing RapidNJ tree took 0.000157 sec (of wall-clock time) 0.000100 sec (of CPU time)
Log-likelihood of RapidNJ tree: -25075.190
--------------------------------------------------------------------
|             INITIALIZING CANDIDATE TREE SET                      |
--------------------------------------------------------------------
Generating 98 parsimony trees... 0.557 second
Computing log-likelihood of 98 initial trees ... 1.670 seconds
Current best score: -23023.183

Do NNI search on 20 best initial trees
Estimate model parameters (epsilon = 0.100)
Initial log-likelihood: -22983.573
Current log-likelihood at step 1: -22983.492
Parameters optimization took 0 rounds (0.083 sec)

BETTER TREE FOUND at iteration 1: -22983.492
Iteration 10 / LogL: -22984.337 / Time: 0h:14m:31s
Iteration 20 / LogL: -22985.503 / Time: 0h:14m:35s
Finish initializing candidate tree set (4)
Current best tree score: -22983.492 / CPU time: 8.672
Number of iterations: 20
--------------------------------------------------------------------
|               OPTIMIZING CANDIDATE TREE SET                      |
--------------------------------------------------------------------
Iteration 30 / LogL: -22983.612 / Time: 0h:14m:38s (0h:0m:31s left)
Iteration 40 / LogL: -22985.410 / Time: 0h:14m:41s (0h:0m:25s left)
Iteration 50 / LogL: -22983.603 / Time: 0h:14m:44s (0h:0m:19s left)
Iteration 60 / LogL: -22992.342 / Time: 0h:14m:47s (0h:0m:14s left)
Iteration 70 / LogL: -22983.614 / Time: 0h:14m:50s (0h:0m:11s left)
Iteration 80 / LogL: -22986.359 / Time: 0h:14m:53s (0h:0m:7s left)
Iteration 90 / LogL: -22990.106 / Time: 0h:14m:56s (0h:0m:3s left)
Iteration 100 / LogL: -22985.303 / Time: 0h:14m:59s (0h:0m:0s left)
TREE SEARCH COMPLETED AFTER 102 ITERATIONS / Time: 0h:14m:59s

--------------------------------------------------------------------
|                    FINALIZING TREE SEARCH                        |
--------------------------------------------------------------------
Performs final model parameters optimization
Estimate model parameters (epsilon = 0.010)
Initial log-likelihood: -22983.492
Current log-likelihood at step 1: -22983.477
Current log-likelihood at step 2: -22983.476
Partition-specific rates:  1.384 0.616
Parameters optimization took 1 rounds (0.135 sec)

Partition information was printed to partition_file.nex.best_model.nex
BEST SCORE FOUND : -22983.476
Total tree length: 18.780

Total number of iterations: 102
CPU time used for tree search: 33.403 sec (0h:0m:33s)
Wall-clock time used for tree search: 33.446 sec (0h:0m:33s)
Total CPU time used: 902.187 sec (0h:15m:2s)
Total wall-clock time used: 900.095 sec (0h:15m:0s)

===> START BOOTSTRAP REPLICATE NUMBER 24

Creating bootstrap alignment (seed: 900188)...

Create initial parsimony tree by phylogenetic likelihood library (PLL)... 0.005 seconds
Reading model parameters from file /Users/mful870/Desktop/MD_3di_Dev_02Oct24/Scriptorum/SubstitutionMatrix/3di_substmat
WARNING: Normalizing state frequencies so that sum of them equals to 1

NOTE: 7 MB RAM (0 GB) is required!
Estimate model parameters (epsilon = 0.100)
Initial log-likelihood: -25115.585
Current log-likelihood at step 1: -23814.179
Current log-likelihood at step 2: -23464.605
Current log-likelihood at step 3: -23018.090
Current log-likelihood at step 4: -23017.759
Current log-likelihood at step 5: -23017.696
Partition-specific rates:  1.380 0.620
Parameters optimization took 4 rounds (0.594 sec)

Wrote distance file to... 
Computing ML distances based on estimated model parameters...
Calculating distance matrix: done in 8.29697e-05 secs using 81.96% CPU
Computing ML distances took 0.000136 sec (of wall-clock time) 0.000096 sec (of CPU time)
Setting up auxiliary I and S matrices: done in 3.38554e-05 secs using 70.89% CPU
Computing RapidNJ tree took 0.000143 sec (of wall-clock time) 0.000093 sec (of CPU time)
Log-likelihood of RapidNJ tree: -25048.316
--------------------------------------------------------------------
|             INITIALIZING CANDIDATE TREE SET                      |
--------------------------------------------------------------------
Generating 98 parsimony trees... 0.560 second
Computing log-likelihood of 98 initial trees ... 1.658 seconds
Current best score: -23017.696

Do NNI search on 20 best initial trees
Estimate model parameters (epsilon = 0.100)
Initial log-likelihood: -22949.949
Current log-likelihood at step 1: -22949.935
Parameters optimization took 0 rounds (0.081 sec)

BETTER TREE FOUND at iteration 1: -22949.935
Estimate model parameters (epsilon = 0.100)
Initial log-likelihood: -22949.702
Current log-likelihood at step 1: -22949.630
Parameters optimization took 0 rounds (0.081 sec)

BETTER TREE FOUND at iteration 2: -22949.630
Iteration 10 / LogL: -22957.117 / Time: 0h:15m:6s
Iteration 20 / LogL: -22949.704 / Time: 0h:15m:9s
Finish initializing candidate tree set (8)
Current best tree score: -22949.630 / CPU time: 8.475
Number of iterations: 20
--------------------------------------------------------------------
|               OPTIMIZING CANDIDATE TREE SET                      |
--------------------------------------------------------------------
Iteration 30 / LogL: -22949.650 / Time: 0h:15m:12s (0h:0m:31s left)
Iteration 40 / LogL: -22952.673 / Time: 0h:15m:15s (0h:0m:24s left)
UPDATE BEST LOG-LIKELIHOOD: -22949.621
Iteration 50 / LogL: -22951.900 / Time: 0h:15m:18s (0h:0m:19s left)
Iteration 60 / LogL: -22949.677 / Time: 0h:15m:21s (0h:0m:15s left)
Iteration 70 / LogL: -22949.655 / Time: 0h:15m:24s (0h:0m:11s left)
Iteration 80 / LogL: -22949.703 / Time: 0h:15m:27s (0h:0m:7s left)
Iteration 90 / LogL: -22951.663 / Time: 0h:15m:30s (0h:0m:4s left)
UPDATE BEST LOG-LIKELIHOOD: -22949.621
Iteration 100 / LogL: -22952.119 / Time: 0h:15m:34s (0h:0m:0s left)
TREE SEARCH COMPLETED AFTER 103 ITERATIONS / Time: 0h:15m:35s

--------------------------------------------------------------------
|                    FINALIZING TREE SEARCH                        |
--------------------------------------------------------------------
Performs final model parameters optimization
Estimate model parameters (epsilon = 0.010)
Initial log-likelihood: -22949.621
Current log-likelihood at step 1: -22949.620
Partition-specific rates:  1.378 0.622
Parameters optimization took 0 rounds (0.051 sec)

Partition information was printed to partition_file.nex.best_model.nex
BEST SCORE FOUND : -22949.620
Total tree length: 18.430

Total number of iterations: 103
CPU time used for tree search: 33.913 sec (0h:0m:33s)
Wall-clock time used for tree search: 33.984 sec (0h:0m:33s)
Total CPU time used: 937.257 sec (0h:15m:37s)
Total wall-clock time used: 935.065 sec (0h:15m:35s)

===> START BOOTSTRAP REPLICATE NUMBER 25

Creating bootstrap alignment (seed: 900189)...

Create initial parsimony tree by phylogenetic likelihood library (PLL)... 0.004 seconds
Reading model parameters from file /Users/mful870/Desktop/MD_3di_Dev_02Oct24/Scriptorum/SubstitutionMatrix/3di_substmat
WARNING: Normalizing state frequencies so that sum of them equals to 1

NOTE: 7 MB RAM (0 GB) is required!
Estimate model parameters (epsilon = 0.100)
Initial log-likelihood: -26221.788
Current log-likelihood at step 1: -24987.357
Current log-likelihood at step 2: -24700.833
Current log-likelihood at step 3: -24236.974
Current log-likelihood at step 4: -24235.731
Current log-likelihood at step 5: -24235.615
Current log-likelihood at step 6: -24235.608
Partition-specific rates:  1.371 0.629
Parameters optimization took 5 rounds (0.677 sec)

Wrote distance file to... 
Computing ML distances based on estimated model parameters...
Calculating distance matrix: done in 7.29561e-05 secs using 89.09% CPU
Computing ML distances took 0.000129 sec (of wall-clock time) 0.000090 sec (of CPU time)
Setting up auxiliary I and S matrices: done in 3.69549e-05 secs using 73.06% CPU
Computing RapidNJ tree took 0.000156 sec (of wall-clock time) 0.000101 sec (of CPU time)
Log-likelihood of RapidNJ tree: -26248.742
--------------------------------------------------------------------
|             INITIALIZING CANDIDATE TREE SET                      |
--------------------------------------------------------------------
Generating 98 parsimony trees... 0.542 second
Computing log-likelihood of 98 initial trees ... 1.709 seconds
Current best score: -24235.608

Do NNI search on 20 best initial trees
Estimate model parameters (epsilon = 0.100)
Initial log-likelihood: -24192.253
Current log-likelihood at step 1: -24190.997
Current log-likelihood at step 2: -24190.750
Current log-likelihood at step 3: -24190.724
Parameters optimization took 2 rounds (0.219 sec)

BETTER TREE FOUND at iteration 1: -24190.724
Estimate model parameters (epsilon = 0.100)
Initial log-likelihood: -24189.916
Current log-likelihood at step 1: -24189.635
Current log-likelihood at step 2: -24189.629
Parameters optimization took 1 rounds (0.120 sec)

UPDATE BEST LOG-LIKELIHOOD: -24189.629
Iteration 10 / LogL: -24191.198 / Time: 0h:15m:42s
Iteration 20 / LogL: -24192.025 / Time: 0h:15m:46s
Finish initializing candidate tree set (4)
Current best tree score: -24189.629 / CPU time: 10.260
Number of iterations: 20
--------------------------------------------------------------------
|               OPTIMIZING CANDIDATE TREE SET                      |
--------------------------------------------------------------------
Iteration 30 / LogL: -24209.422 / Time: 0h:15m:49s (0h:0m:35s left)
Iteration 40 / LogL: -24198.581 / Time: 0h:15m:52s (0h:0m:26s left)
Iteration 50 / LogL: -24191.886 / Time: 0h:15m:55s (0h:0m:21s left)
Iteration 60 / LogL: -24190.765 / Time: 0h:15m:58s (0h:0m:16s left)
Iteration 70 / LogL: -24189.858 / Time: 0h:16m:1s (0h:0m:11s left)
Iteration 80 / LogL: -24189.714 / Time: 0h:16m:5s (0h:0m:7s left)
Iteration 90 / LogL: -24205.837 / Time: 0h:16m:8s (0h:0m:4s left)
Iteration 100 / LogL: -24191.090 / Time: 0h:16m:12s (0h:0m:0s left)
TREE SEARCH COMPLETED AFTER 102 ITERATIONS / Time: 0h:16m:12s

--------------------------------------------------------------------
|                    FINALIZING TREE SEARCH                        |
--------------------------------------------------------------------
Performs final model parameters optimization
Estimate model parameters (epsilon = 0.010)
Initial log-likelihood: -24189.629
Current log-likelihood at step 1: -24189.627
Partition-specific rates:  1.370 0.630
Parameters optimization took 0 rounds (0.051 sec)

Partition information was printed to partition_file.nex.best_model.nex
BEST SCORE FOUND : -24189.627
Total tree length: 19.025

Total number of iterations: 102
CPU time used for tree search: 36.791 sec (0h:0m:36s)
Wall-clock time used for tree search: 36.847 sec (0h:0m:36s)
Total CPU time used: 975.166 sec (0h:16m:15s)
Total wall-clock time used: 972.859 sec (0h:16m:12s)

===> START BOOTSTRAP REPLICATE NUMBER 26

Creating bootstrap alignment (seed: 900190)...

Create initial parsimony tree by phylogenetic likelihood library (PLL)... 0.006 seconds
Reading model parameters from file /Users/mful870/Desktop/MD_3di_Dev_02Oct24/Scriptorum/SubstitutionMatrix/3di_substmat
WARNING: Normalizing state frequencies so that sum of them equals to 1

NOTE: 7 MB RAM (0 GB) is required!
Estimate model parameters (epsilon = 0.100)
Initial log-likelihood: -24937.143
Current log-likelihood at step 1: -23631.061
Current log-likelihood at step 2: -23268.723
Current log-likelihood at step 3: -22859.686
Current log-likelihood at step 4: -22859.513
Current log-likelihood at step 5: -22859.490
Partition-specific rates:  1.330 0.670
Parameters optimization took 4 rounds (0.631 sec)

Wrote distance file to... 
Computing ML distances based on estimated model parameters...
Calculating distance matrix: done in 7.39098e-05 secs using 87.95% CPU
Computing ML distances took 0.000125 sec (of wall-clock time) 0.000091 sec (of CPU time)
Setting up auxiliary I and S matrices: done in 3.19481e-05 secs using 71.99% CPU
Computing RapidNJ tree took 0.000142 sec (of wall-clock time) 0.000093 sec (of CPU time)
Log-likelihood of RapidNJ tree: -25096.127
--------------------------------------------------------------------
|             INITIALIZING CANDIDATE TREE SET                      |
--------------------------------------------------------------------
Generating 98 parsimony trees... 0.522 second
Computing log-likelihood of 98 initial trees ... 1.718 seconds
Current best score: -22859.490

Do NNI search on 20 best initial trees
Estimate model parameters (epsilon = 0.100)
Initial log-likelihood: -22829.495
Current log-likelihood at step 1: -22828.847
Current log-likelihood at step 2: -22828.759
Parameters optimization took 1 rounds (0.153 sec)

BETTER TREE FOUND at iteration 1: -22828.759
Estimate model parameters (epsilon = 0.100)
Initial log-likelihood: -22823.280
Current log-likelihood at step 1: -22822.957
Current log-likelihood at step 2: -22822.924
Parameters optimization took 1 rounds (0.150 sec)

BETTER TREE FOUND at iteration 2: -22822.924
Iteration 10 / LogL: -22823.597 / Time: 0h:16m:19s
Iteration 20 / LogL: -22824.378 / Time: 0h:16m:23s
Finish initializing candidate tree set (8)
Current best tree score: -22822.924 / CPU time: 9.359
Number of iterations: 20
--------------------------------------------------------------------
|               OPTIMIZING CANDIDATE TREE SET                      |
--------------------------------------------------------------------
Estimate model parameters (epsilon = 0.100)
Initial log-likelihood: -22822.894
Current log-likelihood at step 1: -22822.810
Parameters optimization took 0 rounds (0.085 sec)

UPDATE BEST LOG-LIKELIHOOD: -22822.810
Iteration 30 / LogL: -22822.810 / Time: 0h:16m:26s (0h:0m:33s left)
Iteration 40 / LogL: -22823.224 / Time: 0h:16m:29s (0h:0m:26s left)
Iteration 50 / LogL: -22823.109 / Time: 0h:16m:32s (0h:0m:21s left)
Iteration 60 / LogL: -22824.019 / Time: 0h:16m:36s (0h:0m:16s left)
Iteration 70 / LogL: -22827.405 / Time: 0h:16m:40s (0h:0m:12s left)
Iteration 80 / LogL: -22823.454 / Time: 0h:16m:43s (0h:0m:8s left)
Iteration 90 / LogL: -22830.012 / Time: 0h:16m:46s (0h:0m:4s left)
Iteration 100 / LogL: -22829.369 / Time: 0h:16m:50s (0h:0m:0s left)
TREE SEARCH COMPLETED AFTER 103 ITERATIONS / Time: 0h:16m:51s

--------------------------------------------------------------------
|                    FINALIZING TREE SEARCH                        |
--------------------------------------------------------------------
Performs final model parameters optimization
Estimate model parameters (epsilon = 0.010)
Initial log-likelihood: -22822.810
Current log-likelihood at step 1: -22822.768
Current log-likelihood at step 2: -22822.764
Partition-specific rates:  1.328 0.672
Parameters optimization took 1 rounds (0.125 sec)

Partition information was printed to partition_file.nex.best_model.nex
BEST SCORE FOUND : -22822.764
Total tree length: 18.579

Total number of iterations: 103
CPU time used for tree search: 37.456 sec (0h:0m:37s)
Wall-clock time used for tree search: 37.521 sec (0h:0m:37s)
Total CPU time used: 1013.792 sec (0h:16m:53s)
Total wall-clock time used: 1011.380 sec (0h:16m:51s)

===> START BOOTSTRAP REPLICATE NUMBER 27

Creating bootstrap alignment (seed: 900191)...

Create initial parsimony tree by phylogenetic likelihood library (PLL)... 0.004 seconds
Reading model parameters from file /Users/mful870/Desktop/MD_3di_Dev_02Oct24/Scriptorum/SubstitutionMatrix/3di_substmat
WARNING: Normalizing state frequencies so that sum of them equals to 1

NOTE: 7 MB RAM (0 GB) is required!
Estimate model parameters (epsilon = 0.100)
Initial log-likelihood: -24960.966
Current log-likelihood at step 1: -23708.852
Current log-likelihood at step 2: -23429.889
Current log-likelihood at step 3: -22971.691
Current log-likelihood at step 4: -22971.178
Current log-likelihood at step 5: -22971.115
Partition-specific rates:  1.324 0.676
Parameters optimization took 4 rounds (0.653 sec)

Wrote distance file to... 
Computing ML distances based on estimated model parameters...
Calculating distance matrix: done in 7.51019e-05 secs using 87.88% CPU
Computing ML distances took 0.000128 sec (of wall-clock time) 0.000095 sec (of CPU time)
Setting up auxiliary I and S matrices: done in 3.71933e-05 secs using 75.28% CPU
Computing RapidNJ tree took 0.000151 sec (of wall-clock time) 0.000098 sec (of CPU time)
Log-likelihood of RapidNJ tree: -25147.289
--------------------------------------------------------------------
|             INITIALIZING CANDIDATE TREE SET                      |
--------------------------------------------------------------------
Generating 98 parsimony trees... 0.528 second
Computing log-likelihood of 98 initial trees ... 1.682 seconds
Current best score: -22971.115

Do NNI search on 20 best initial trees
Estimate model parameters (epsilon = 0.100)
Initial log-likelihood: -22904.200
Current log-likelihood at step 1: -22903.594
Current log-likelihood at step 2: -22903.575
Parameters optimization took 1 rounds (0.177 sec)

BETTER TREE FOUND at iteration 1: -22903.575
Iteration 10 / LogL: -22909.671 / Time: 0h:16m:58s
Iteration 20 / LogL: -22903.949 / Time: 0h:17m:2s
Finish initializing candidate tree set (8)
Current best tree score: -22903.575 / CPU time: 9.992
Number of iterations: 20
--------------------------------------------------------------------
|               OPTIMIZING CANDIDATE TREE SET                      |
--------------------------------------------------------------------
Iteration 30 / LogL: -22903.610 / Time: 0h:17m:5s (0h:0m:34s left)
Iteration 40 / LogL: -22903.589 / Time: 0h:17m:8s (0h:0m:27s left)
Iteration 50 / LogL: -22907.169 / Time: 0h:17m:12s (0h:0m:21s left)
Iteration 60 / LogL: -22909.663 / Time: 0h:17m:15s (0h:0m:16s left)
Iteration 70 / LogL: -22909.316 / Time: 0h:17m:18s (0h:0m:12s left)
Iteration 80 / LogL: -22907.090 / Time: 0h:17m:21s (0h:0m:7s left)
Iteration 90 / LogL: -22903.712 / Time: 0h:17m:24s (0h:0m:4s left)
Iteration 100 / LogL: -22903.673 / Time: 0h:17m:27s (0h:0m:0s left)
TREE SEARCH COMPLETED AFTER 102 ITERATIONS / Time: 0h:17m:28s

--------------------------------------------------------------------
|                    FINALIZING TREE SEARCH                        |
--------------------------------------------------------------------
Performs final model parameters optimization
Estimate model parameters (epsilon = 0.010)
Initial log-likelihood: -22903.575
Current log-likelihood at step 1: -22903.571
Partition-specific rates:  1.325 0.675
Parameters optimization took 0 rounds (0.062 sec)

Partition information was printed to partition_file.nex.best_model.nex
BEST SCORE FOUND : -22903.571
Total tree length: 17.808

Total number of iterations: 102
CPU time used for tree search: 36.099 sec (0h:0m:36s)
Wall-clock time used for tree search: 36.162 sec (0h:0m:36s)
Total CPU time used: 1051.033 sec (0h:17m:31s)
Total wall-clock time used: 1048.516 sec (0h:17m:28s)

===> START BOOTSTRAP REPLICATE NUMBER 28

Creating bootstrap alignment (seed: 900192)...

Create initial parsimony tree by phylogenetic likelihood library (PLL)... 0.005 seconds
Reading model parameters from file /Users/mful870/Desktop/MD_3di_Dev_02Oct24/Scriptorum/SubstitutionMatrix/3di_substmat
WARNING: Normalizing state frequencies so that sum of them equals to 1

NOTE: 7 MB RAM (0 GB) is required!
Estimate model parameters (epsilon = 0.100)
Initial log-likelihood: -26078.404
Current log-likelihood at step 1: -24707.501
Current log-likelihood at step 2: -24447.879
Current log-likelihood at step 3: -24091.667
Current log-likelihood at step 4: -23977.127
Current log-likelihood at step 5: -23977.022
Current log-likelihood at step 6: -23977.014
Partition-specific rates:  1.351 0.649
Parameters optimization took 5 rounds (0.759 sec)

Wrote distance file to... 
Computing ML distances based on estimated model parameters...
Calculating distance matrix: done in 7.29561e-05 secs using 87.72% CPU
Computing ML distances took 0.000125 sec (of wall-clock time) 0.000092 sec (of CPU time)
Setting up auxiliary I and S matrices: done in 3.60012e-05 secs using 77.78% CPU
Computing RapidNJ tree took 0.000154 sec (of wall-clock time) 0.000097 sec (of CPU time)
Log-likelihood of RapidNJ tree: -26146.622
--------------------------------------------------------------------
|             INITIALIZING CANDIDATE TREE SET                      |
--------------------------------------------------------------------
Generating 98 parsimony trees... 0.542 second
Computing log-likelihood of 98 initial trees ... 1.712 seconds
Current best score: -23977.014

Do NNI search on 20 best initial trees
Estimate model parameters (epsilon = 0.100)
Initial log-likelihood: -23957.296
Current log-likelihood at step 1: -23957.206
Parameters optimization took 0 rounds (0.083 sec)

BETTER TREE FOUND at iteration 1: -23957.206
Estimate model parameters (epsilon = 0.100)
Initial log-likelihood: -23945.337
Current log-likelihood at step 1: -23944.364
Current log-likelihood at step 2: -23944.316
Parameters optimization took 1 rounds (0.177 sec)

BETTER TREE FOUND at iteration 2: -23944.316
Iteration 10 / LogL: -23958.845 / Time: 0h:17m:35s
Iteration 20 / LogL: -23944.975 / Time: 0h:17m:38s
Finish initializing candidate tree set (7)
Current best tree score: -23944.316 / CPU time: 8.733
Number of iterations: 20
--------------------------------------------------------------------
|               OPTIMIZING CANDIDATE TREE SET                      |
--------------------------------------------------------------------
Iteration 30 / LogL: -23948.519 / Time: 0h:17m:41s (0h:0m:31s left)
Iteration 40 / LogL: -23944.344 / Time: 0h:17m:45s (0h:0m:26s left)
Iteration 50 / LogL: -23957.822 / Time: 0h:17m:48s (0h:0m:20s left)
Iteration 60 / LogL: -23957.278 / Time: 0h:17m:50s (0h:0m:15s left)
Iteration 70 / LogL: -23949.932 / Time: 0h:17m:54s (0h:0m:11s left)
Iteration 80 / LogL: -23944.403 / Time: 0h:17m:57s (0h:0m:8s left)
Iteration 90 / LogL: -23944.358 / Time: 0h:18m:0s (0h:0m:4s left)
Iteration 100 / LogL: -23948.801 / Time: 0h:18m:3s (0h:0m:0s left)
TREE SEARCH COMPLETED AFTER 103 ITERATIONS / Time: 0h:18m:4s

--------------------------------------------------------------------
|                    FINALIZING TREE SEARCH                        |
--------------------------------------------------------------------
Performs final model parameters optimization
Estimate model parameters (epsilon = 0.010)
Initial log-likelihood: -23944.316
Current log-likelihood at step 1: -23944.306
Partition-specific rates:  1.345 0.655
Parameters optimization took 0 rounds (0.074 sec)

Partition information was printed to partition_file.nex.best_model.nex
BEST SCORE FOUND : -23944.306
Total tree length: 18.029

Total number of iterations: 103
CPU time used for tree search: 34.563 sec (0h:0m:34s)
Wall-clock time used for tree search: 34.605 sec (0h:0m:34s)
Total CPU time used: 1086.776 sec (0h:18m:6s)
Total wall-clock time used: 1084.160 sec (0h:18m:4s)

===> START BOOTSTRAP REPLICATE NUMBER 29

Creating bootstrap alignment (seed: 900193)...

Create initial parsimony tree by phylogenetic likelihood library (PLL)... 0.003 seconds
Reading model parameters from file /Users/mful870/Desktop/MD_3di_Dev_02Oct24/Scriptorum/SubstitutionMatrix/3di_substmat
WARNING: Normalizing state frequencies so that sum of them equals to 1

NOTE: 7 MB RAM (0 GB) is required!
Estimate model parameters (epsilon = 0.100)
Initial log-likelihood: -26273.637
Current log-likelihood at step 1: -25072.704
Current log-likelihood at step 2: -24892.107
Current log-likelihood at step 3: -24513.318
Current log-likelihood at step 4: -24337.241
Current log-likelihood at step 5: -24337.106
Current log-likelihood at step 6: -24337.105
Partition-specific rates:  1.374 0.626
Parameters optimization took 5 rounds (0.720 sec)

Wrote distance file to... 
Computing ML distances based on estimated model parameters...
Calculating distance matrix: done in 7.98702e-05 secs using 87.64% CPU
Computing ML distances took 0.000153 sec (of wall-clock time) 0.000101 sec (of CPU time)
Setting up auxiliary I and S matrices: done in 3.91006e-05 secs using 74.17% CPU
Computing RapidNJ tree took 0.000172 sec (of wall-clock time) 0.000107 sec (of CPU time)
Log-likelihood of RapidNJ tree: -26669.308
--------------------------------------------------------------------
|             INITIALIZING CANDIDATE TREE SET                      |
--------------------------------------------------------------------
Generating 98 parsimony trees... 0.523 second
Computing log-likelihood of 98 initial trees ... 1.673 seconds
Current best score: -24337.105

Do NNI search on 20 best initial trees
Estimate model parameters (epsilon = 0.100)
Initial log-likelihood: -24296.851
Current log-likelihood at step 1: -24296.531
Current log-likelihood at step 2: -24296.493
Parameters optimization took 1 rounds (0.178 sec)

BETTER TREE FOUND at iteration 1: -24296.493
Iteration 10 / LogL: -24296.897 / Time: 0h:18m:11s
Iteration 20 / LogL: -24297.765 / Time: 0h:18m:14s
Finish initializing candidate tree set (1)
Current best tree score: -24296.493 / CPU time: 9.840
Number of iterations: 20
--------------------------------------------------------------------
|               OPTIMIZING CANDIDATE TREE SET                      |
--------------------------------------------------------------------
Iteration 30 / LogL: -24296.686 / Time: 0h:18m:18s (0h:0m:34s left)
Iteration 40 / LogL: -24297.596 / Time: 0h:18m:21s (0h:0m:26s left)
Estimate model parameters (epsilon = 0.100)
Initial log-likelihood: -24296.479
Current log-likelihood at step 1: -24296.470
Parameters optimization took 0 rounds (0.052 sec)

UPDATE BEST LOG-LIKELIHOOD: -24296.470
Iteration 50 / LogL: -24297.634 / Time: 0h:18m:23s (0h:0m:20s left)
Iteration 60 / LogL: -24297.460 / Time: 0h:18m:26s (0h:0m:15s left)
Iteration 70 / LogL: -24297.102 / Time: 0h:18m:29s (0h:0m:11s left)
Iteration 80 / LogL: -24297.441 / Time: 0h:18m:32s (0h:0m:7s left)
Iteration 90 / LogL: -24297.009 / Time: 0h:18m:35s (0h:0m:3s left)
Iteration 100 / LogL: -24297.078 / Time: 0h:18m:38s (0h:0m:0s left)
TREE SEARCH COMPLETED AFTER 102 ITERATIONS / Time: 0h:18m:39s

--------------------------------------------------------------------
|                    FINALIZING TREE SEARCH                        |
--------------------------------------------------------------------
Performs final model parameters optimization
Estimate model parameters (epsilon = 0.010)
Initial log-likelihood: -24296.470
Current log-likelihood at step 1: -24296.469
Partition-specific rates:  1.378 0.622
Parameters optimization took 0 rounds (0.055 sec)

Partition information was printed to partition_file.nex.best_model.nex
BEST SCORE FOUND : -24296.469
Total tree length: 18.246

Total number of iterations: 102
CPU time used for tree search: 34.725 sec (0h:0m:34s)
Wall-clock time used for tree search: 34.749 sec (0h:0m:34s)
Total CPU time used: 1122.604 sec (0h:18m:42s)
Total wall-clock time used: 1119.872 sec (0h:18m:39s)

===> START BOOTSTRAP REPLICATE NUMBER 30

Creating bootstrap alignment (seed: 900194)...

Create initial parsimony tree by phylogenetic likelihood library (PLL)... 0.005 seconds
Reading model parameters from file /Users/mful870/Desktop/MD_3di_Dev_02Oct24/Scriptorum/SubstitutionMatrix/3di_substmat
WARNING: Normalizing state frequencies so that sum of them equals to 1

NOTE: 7 MB RAM (0 GB) is required!
Estimate model parameters (epsilon = 0.100)
Initial log-likelihood: -25201.693
Current log-likelihood at step 1: -23892.722
Current log-likelihood at step 2: -23518.399
Current log-likelihood at step 3: -23117.775
Current log-likelihood at step 4: -23117.662
Current log-likelihood at step 5: -23117.652
Partition-specific rates:  1.338 0.662
Parameters optimization took 4 rounds (0.602 sec)

Wrote distance file to... 
Computing ML distances based on estimated model parameters...
Calculating distance matrix: done in 8.2016e-05 secs using 82.91% CPU
Computing ML distances took 0.000136 sec (of wall-clock time) 0.000095 sec (of CPU time)
Setting up auxiliary I and S matrices: done in 3.60012e-05 secs using 75% CPU
Computing RapidNJ tree took 0.000155 sec (of wall-clock time) 0.000100 sec (of CPU time)
Log-likelihood of RapidNJ tree: -25182.755
--------------------------------------------------------------------
|             INITIALIZING CANDIDATE TREE SET                      |
--------------------------------------------------------------------
Generating 98 parsimony trees... 0.530 second
Computing log-likelihood of 98 initial trees ... 1.641 seconds
Current best score: -23117.652

Do NNI search on 20 best initial trees
Estimate model parameters (epsilon = 0.100)
Initial log-likelihood: -23076.022
Current log-likelihood at step 1: -23075.474
Current log-likelihood at step 2: -23075.450
Parameters optimization took 1 rounds (0.174 sec)

BETTER TREE FOUND at iteration 1: -23075.450
Iteration 10 / LogL: -23095.837 / Time: 0h:18m:46s
Iteration 20 / LogL: -23076.916 / Time: 0h:18m:50s
Finish initializing candidate tree set (2)
Current best tree score: -23075.450 / CPU time: 10.005
Number of iterations: 20
--------------------------------------------------------------------
|               OPTIMIZING CANDIDATE TREE SET                      |
--------------------------------------------------------------------
Iteration 30 / LogL: -23094.703 / Time: 0h:18m:53s (0h:0m:34s left)
Iteration 40 / LogL: -23082.404 / Time: 0h:18m:57s (0h:0m:27s left)
Iteration 50 / LogL: -23075.531 / Time: 0h:19m:0s (0h:0m:21s left)
Iteration 60 / LogL: -23075.475 / Time: 0h:19m:3s (0h:0m:16s left)
Iteration 70 / LogL: -23094.575 / Time: 0h:19m:7s (0h:0m:12s left)
Iteration 80 / LogL: -23076.490 / Time: 0h:19m:10s (0h:0m:8s left)
Iteration 90 / LogL: -23075.603 / Time: 0h:19m:13s (0h:0m:4s left)
Iteration 100 / LogL: -23076.658 / Time: 0h:19m:17s (0h:0m:0s left)
TREE SEARCH COMPLETED AFTER 102 ITERATIONS / Time: 0h:19m:17s

--------------------------------------------------------------------
|                    FINALIZING TREE SEARCH                        |
--------------------------------------------------------------------
Performs final model parameters optimization
Estimate model parameters (epsilon = 0.010)
Initial log-likelihood: -23075.450
Current log-likelihood at step 1: -23075.448
Partition-specific rates:  1.335 0.665
Parameters optimization took 0 rounds (0.052 sec)

Partition information was printed to partition_file.nex.best_model.nex
BEST SCORE FOUND : -23075.448
Total tree length: 18.107

Total number of iterations: 102
CPU time used for tree search: 37.294 sec (0h:0m:37s)
Wall-clock time used for tree search: 37.335 sec (0h:0m:37s)
Total CPU time used: 1160.883 sec (0h:19m:20s)
Total wall-clock time used: 1158.049 sec (0h:19m:18s)

===> START BOOTSTRAP REPLICATE NUMBER 31

Creating bootstrap alignment (seed: 900195)...

Create initial parsimony tree by phylogenetic likelihood library (PLL)... 0.004 seconds
Reading model parameters from file /Users/mful870/Desktop/MD_3di_Dev_02Oct24/Scriptorum/SubstitutionMatrix/3di_substmat
WARNING: Normalizing state frequencies so that sum of them equals to 1

NOTE: 7 MB RAM (0 GB) is required!
Estimate model parameters (epsilon = 0.100)
Initial log-likelihood: -25228.864
Current log-likelihood at step 1: -23975.464
Current log-likelihood at step 2: -23611.651
Current log-likelihood at step 3: -23213.659
Current log-likelihood at step 4: -23213.299
Current log-likelihood at step 5: -23213.296
Partition-specific rates:  1.348 0.652
Parameters optimization took 4 rounds (0.583 sec)

Wrote distance file to... 
Computing ML distances based on estimated model parameters...
Calculating distance matrix: done in 8.2016e-05 secs using 80.47% CPU
Computing ML distances took 0.000136 sec (of wall-clock time) 0.000095 sec (of CPU time)
Setting up auxiliary I and S matrices: done in 3.91006e-05 secs using 74.17% CPU
Computing RapidNJ tree took 0.000197 sec (of wall-clock time) 0.000123 sec (of CPU time)
Log-likelihood of RapidNJ tree: -25355.195
--------------------------------------------------------------------
|             INITIALIZING CANDIDATE TREE SET                      |
--------------------------------------------------------------------
Generating 98 parsimony trees... 0.594 second
Computing log-likelihood of 98 initial trees ... 1.600 seconds
Current best score: -23213.296

Do NNI search on 20 best initial trees
Estimate model parameters (epsilon = 0.100)
Initial log-likelihood: -23180.319
Current log-likelihood at step 1: -23180.110
Current log-likelihood at step 2: -23180.075
Parameters optimization took 1 rounds (0.137 sec)

BETTER TREE FOUND at iteration 1: -23180.075
Estimate model parameters (epsilon = 0.100)
Initial log-likelihood: -23170.016
Current log-likelihood at step 1: -23169.636
Current log-likelihood at step 2: -23169.619
Parameters optimization took 1 rounds (0.115 sec)

BETTER TREE FOUND at iteration 2: -23169.619
Iteration 10 / LogL: -23169.736 / Time: 0h:19m:24s
Estimate model parameters (epsilon = 0.100)
Initial log-likelihood: -23169.605
Current log-likelihood at step 1: -23169.448
Current log-likelihood at step 2: -23169.440
Parameters optimization took 1 rounds (0.142 sec)

UPDATE BEST LOG-LIKELIHOOD: -23169.440
Iteration 20 / LogL: -23169.533 / Time: 0h:19m:27s
Finish initializing candidate tree set (3)
Current best tree score: -23169.440 / CPU time: 8.981
Number of iterations: 20
--------------------------------------------------------------------
|               OPTIMIZING CANDIDATE TREE SET                      |
--------------------------------------------------------------------
Iteration 30 / LogL: -23169.544 / Time: 0h:19m:31s (0h:0m:32s left)
Iteration 40 / LogL: -23170.738 / Time: 0h:19m:34s (0h:0m:25s left)
Iteration 50 / LogL: -23169.739 / Time: 0h:19m:37s (0h:0m:20s left)
Iteration 60 / LogL: -23169.613 / Time: 0h:19m:40s (0h:0m:15s left)
Iteration 70 / LogL: -23172.642 / Time: 0h:19m:43s (0h:0m:11s left)
Iteration 80 / LogL: -23171.844 / Time: 0h:19m:46s (0h:0m:7s left)
Iteration 90 / LogL: -23170.221 / Time: 0h:19m:49s (0h:0m:4s left)
Iteration 100 / LogL: -23169.625 / Time: 0h:19m:52s (0h:0m:0s left)
TREE SEARCH COMPLETED AFTER 103 ITERATIONS / Time: 0h:19m:53s

--------------------------------------------------------------------
|                    FINALIZING TREE SEARCH                        |
--------------------------------------------------------------------
Performs final model parameters optimization
Estimate model parameters (epsilon = 0.010)
Initial log-likelihood: -23169.440
Current log-likelihood at step 1: -23169.438
Partition-specific rates:  1.346 0.654
Parameters optimization took 0 rounds (0.050 sec)

Partition information was printed to partition_file.nex.best_model.nex
BEST SCORE FOUND : -23169.438
Total tree length: 18.190

Total number of iterations: 103
CPU time used for tree search: 34.460 sec (0h:0m:34s)
Wall-clock time used for tree search: 34.521 sec (0h:0m:34s)
Total CPU time used: 1196.382 sec (0h:19m:56s)
Total wall-clock time used: 1193.459 sec (0h:19m:53s)

===> START BOOTSTRAP REPLICATE NUMBER 32

Creating bootstrap alignment (seed: 900196)...

Create initial parsimony tree by phylogenetic likelihood library (PLL)... 0.005 seconds
Reading model parameters from file /Users/mful870/Desktop/MD_3di_Dev_02Oct24/Scriptorum/SubstitutionMatrix/3di_substmat
WARNING: Normalizing state frequencies so that sum of them equals to 1

NOTE: 7 MB RAM (0 GB) is required!
Estimate model parameters (epsilon = 0.100)
Initial log-likelihood: -25832.699
Current log-likelihood at step 1: -24523.782
Current log-likelihood at step 2: -24259.850
Current log-likelihood at step 3: -23762.616
Current log-likelihood at step 4: -23762.484
Current log-likelihood at step 5: -23762.481
Partition-specific rates:  1.363 0.637
Parameters optimization took 4 rounds (0.547 sec)

Wrote distance file to... 
Computing ML distances based on estimated model parameters...
Calculating distance matrix: done in 7.20024e-05 secs using 87.5% CPU
Computing ML distances took 0.000120 sec (of wall-clock time) 0.000089 sec (of CPU time)
Setting up auxiliary I and S matrices: done in 3.60012e-05 secs using 72.22% CPU
Computing RapidNJ tree took 0.000153 sec (of wall-clock time) 0.000097 sec (of CPU time)
Log-likelihood of RapidNJ tree: -25757.000
--------------------------------------------------------------------
|             INITIALIZING CANDIDATE TREE SET                      |
--------------------------------------------------------------------
Generating 98 parsimony trees... 0.587 second
Computing log-likelihood of 98 initial trees ... 1.682 seconds
Current best score: -23762.481

Do NNI search on 20 best initial trees
Estimate model parameters (epsilon = 0.100)
Initial log-likelihood: -23742.928
Current log-likelihood at step 1: -23742.783
Current log-likelihood at step 2: -23742.779
Parameters optimization took 1 rounds (0.147 sec)

BETTER TREE FOUND at iteration 1: -23742.779
Iteration 10 / LogL: -23746.856 / Time: 0h:20m:0s
Iteration 20 / LogL: -23742.921 / Time: 0h:20m:3s
Finish initializing candidate tree set (8)
Current best tree score: -23742.779 / CPU time: 9.809
Number of iterations: 20
--------------------------------------------------------------------
|               OPTIMIZING CANDIDATE TREE SET                      |
--------------------------------------------------------------------
Iteration 30 / LogL: -23742.946 / Time: 0h:20m:6s (0h:0m:32s left)
Iteration 40 / LogL: -23743.677 / Time: 0h:20m:10s (0h:0m:25s left)
Iteration 50 / LogL: -23744.035 / Time: 0h:20m:13s (0h:0m:20s left)
Iteration 60 / LogL: -23800.478 / Time: 0h:20m:16s (0h:0m:16s left)
Iteration 70 / LogL: -23743.562 / Time: 0h:20m:19s (0h:0m:11s left)
Iteration 80 / LogL: -23743.929 / Time: 0h:20m:22s (0h:0m:7s left)
Iteration 90 / LogL: -23743.208 / Time: 0h:20m:25s (0h:0m:3s left)
Iteration 100 / LogL: -23744.451 / Time: 0h:20m:28s (0h:0m:0s left)
TREE SEARCH COMPLETED AFTER 102 ITERATIONS / Time: 0h:20m:29s

--------------------------------------------------------------------
|                    FINALIZING TREE SEARCH                        |
--------------------------------------------------------------------
Performs final model parameters optimization
Estimate model parameters (epsilon = 0.010)
Initial log-likelihood: -23742.779
Current log-likelihood at step 1: -23742.779
Partition-specific rates:  1.360 0.640
Parameters optimization took 0 rounds (0.062 sec)

Partition information was printed to partition_file.nex.best_model.nex
BEST SCORE FOUND : -23742.779
Total tree length: 18.281

Total number of iterations: 102
CPU time used for tree search: 34.939 sec (0h:0m:34s)
Wall-clock time used for tree search: 34.971 sec (0h:0m:34s)
Total CPU time used: 1232.259 sec (0h:20m:32s)
Total wall-clock time used: 1229.229 sec (0h:20m:29s)

===> START BOOTSTRAP REPLICATE NUMBER 33

Creating bootstrap alignment (seed: 900197)...

Create initial parsimony tree by phylogenetic likelihood library (PLL)... 0.006 seconds
Reading model parameters from file /Users/mful870/Desktop/MD_3di_Dev_02Oct24/Scriptorum/SubstitutionMatrix/3di_substmat
WARNING: Normalizing state frequencies so that sum of them equals to 1

NOTE: 7 MB RAM (0 GB) is required!
Estimate model parameters (epsilon = 0.100)
Initial log-likelihood: -25222.728
Current log-likelihood at step 1: -23943.610
Current log-likelihood at step 2: -23622.027
Current log-likelihood at step 3: -23192.469
Current log-likelihood at step 4: -23192.179
Current log-likelihood at step 5: -23192.176
Partition-specific rates:  1.354 0.646
Parameters optimization took 4 rounds (0.576 sec)

Wrote distance file to... 
Computing ML distances based on estimated model parameters...
Calculating distance matrix: done in 7.20024e-05 secs using 87.5% CPU
Computing ML distances took 0.000121 sec (of wall-clock time) 0.000089 sec (of CPU time)
Setting up auxiliary I and S matrices: done in 3.60012e-05 secs using 75% CPU
Computing RapidNJ tree took 0.000153 sec (of wall-clock time) 0.000097 sec (of CPU time)
Log-likelihood of RapidNJ tree: -25467.929
--------------------------------------------------------------------
|             INITIALIZING CANDIDATE TREE SET                      |
--------------------------------------------------------------------
Generating 98 parsimony trees... 0.494 second
Computing log-likelihood of 98 initial trees ... 1.664 seconds
Current best score: -23192.176

Do NNI search on 20 best initial trees
Estimate model parameters (epsilon = 0.100)
Initial log-likelihood: -23149.418
Current log-likelihood at step 1: -23147.641
Current log-likelihood at step 2: -23147.357
Current log-likelihood at step 3: -23147.325
Parameters optimization took 2 rounds (0.246 sec)

BETTER TREE FOUND at iteration 1: -23147.325
Iteration 10 / LogL: -23153.501 / Time: 0h:20m:35s
Iteration 20 / LogL: -23147.988 / Time: 0h:20m:40s
Finish initializing candidate tree set (5)
Current best tree score: -23147.325 / CPU time: 10.017
Number of iterations: 20
--------------------------------------------------------------------
|               OPTIMIZING CANDIDATE TREE SET                      |
--------------------------------------------------------------------
UPDATE BEST LOG-LIKELIHOOD: -23147.323
Iteration 30 / LogL: -23147.775 / Time: 0h:20m:43s (0h:0m:34s left)
Estimate model parameters (epsilon = 0.100)
Initial log-likelihood: -23147.181
Current log-likelihood at step 1: -23147.149
Parameters optimization took 0 rounds (0.052 sec)

UPDATE BEST LOG-LIKELIHOOD: -23147.149
Iteration 40 / LogL: -23147.149 / Time: 0h:20m:46s (0h:0m:27s left)
Iteration 50 / LogL: -23147.868 / Time: 0h:20m:50s (0h:0m:21s left)
Iteration 60 / LogL: -23147.453 / Time: 0h:20m:53s (0h:0m:17s left)
Iteration 70 / LogL: -23147.939 / Time: 0h:20m:57s (0h:0m:12s left)
Iteration 80 / LogL: -23147.162 / Time: 0h:21m:0s (0h:0m:8s left)
Iteration 90 / LogL: -23147.647 / Time: 0h:21m:4s (0h:0m:4s left)
Iteration 100 / LogL: -23147.463 / Time: 0h:21m:7s (0h:0m:0s left)
TREE SEARCH COMPLETED AFTER 102 ITERATIONS / Time: 0h:21m:8s

--------------------------------------------------------------------
|                    FINALIZING TREE SEARCH                        |
--------------------------------------------------------------------
Performs final model parameters optimization
Estimate model parameters (epsilon = 0.010)
Initial log-likelihood: -23147.149
Current log-likelihood at step 1: -23147.140
Partition-specific rates:  1.364 0.636
Parameters optimization took 0 rounds (0.053 sec)

Partition information was printed to partition_file.nex.best_model.nex
BEST SCORE FOUND : -23147.140
Total tree length: 18.856

Total number of iterations: 102
CPU time used for tree search: 37.955 sec (0h:0m:37s)
Wall-clock time used for tree search: 38.032 sec (0h:0m:38s)
Total CPU time used: 1271.403 sec (0h:21m:11s)
Total wall-clock time used: 1268.283 sec (0h:21m:8s)

===> START BOOTSTRAP REPLICATE NUMBER 34

Creating bootstrap alignment (seed: 900198)...

Create initial parsimony tree by phylogenetic likelihood library (PLL)... 0.004 seconds
Reading model parameters from file /Users/mful870/Desktop/MD_3di_Dev_02Oct24/Scriptorum/SubstitutionMatrix/3di_substmat
WARNING: Normalizing state frequencies so that sum of them equals to 1

NOTE: 7 MB RAM (0 GB) is required!
Estimate model parameters (epsilon = 0.100)
Initial log-likelihood: -25371.581
Current log-likelihood at step 1: -24116.445
Current log-likelihood at step 2: -23807.171
Current log-likelihood at step 3: -23353.389
Current log-likelihood at step 4: -23353.130
Current log-likelihood at step 5: -23353.088
Partition-specific rates:  1.337 0.663
Parameters optimization took 4 rounds (0.622 sec)

Wrote distance file to... 
Computing ML distances based on estimated model parameters...
Calculating distance matrix: done in 7.60555e-05 secs using 88.09% CPU
Computing ML distances took 0.000133 sec (of wall-clock time) 0.000096 sec (of CPU time)
Setting up auxiliary I and S matrices: done in 3.88622e-05 secs using 77.2% CPU
Computing RapidNJ tree took 0.000161 sec (of wall-clock time) 0.000103 sec (of CPU time)
Log-likelihood of RapidNJ tree: -25522.586
--------------------------------------------------------------------
|             INITIALIZING CANDIDATE TREE SET                      |
--------------------------------------------------------------------
Generating 98 parsimony trees... 0.570 second
Computing log-likelihood of 98 initial trees ... 1.665 seconds
Current best score: -23353.088

Do NNI search on 20 best initial trees
Estimate model parameters (epsilon = 0.100)
Initial log-likelihood: -23307.682
Current log-likelihood at step 1: -23306.935
Current log-likelihood at step 2: -23306.877
Parameters optimization took 1 rounds (0.150 sec)

BETTER TREE FOUND at iteration 1: -23306.877
Estimate model parameters (epsilon = 0.100)
Initial log-likelihood: -23306.704
Current log-likelihood at step 1: -23306.096
Current log-likelihood at step 2: -23306.070
Parameters optimization took 1 rounds (0.175 sec)

BETTER TREE FOUND at iteration 2: -23306.070
Estimate model parameters (epsilon = 0.100)
Initial log-likelihood: -23303.594
Current log-likelihood at step 1: -23303.211
Current log-likelihood at step 2: -23303.182
Parameters optimization took 1 rounds (0.118 sec)

BETTER TREE FOUND at iteration 4: -23303.182
Iteration 10 / LogL: -23307.572 / Time: 0h:21m:14s
Iteration 20 / LogL: -23303.726 / Time: 0h:21m:17s
Finish initializing candidate tree set (3)
Current best tree score: -23303.182 / CPU time: 8.817
Number of iterations: 20
--------------------------------------------------------------------
|               OPTIMIZING CANDIDATE TREE SET                      |
--------------------------------------------------------------------
Iteration 30 / LogL: -23307.698 / Time: 0h:21m:20s (0h:0m:32s left)
Iteration 40 / LogL: -23308.974 / Time: 0h:21m:24s (0h:0m:26s left)
Iteration 50 / LogL: -23306.462 / Time: 0h:21m:27s (0h:0m:21s left)
Iteration 60 / LogL: -23311.942 / Time: 0h:21m:30s (0h:0m:16s left)
Iteration 70 / LogL: -23304.036 / Time: 0h:21m:33s (0h:0m:12s left)
Iteration 80 / LogL: -23307.610 / Time: 0h:21m:36s (0h:0m:8s left)
Iteration 90 / LogL: -23325.959 / Time: 0h:21m:39s (0h:0m:4s left)
Iteration 100 / LogL: -23309.259 / Time: 0h:21m:42s (0h:0m:1s left)
TREE SEARCH COMPLETED AFTER 105 ITERATIONS / Time: 0h:21m:44s

--------------------------------------------------------------------
|                    FINALIZING TREE SEARCH                        |
--------------------------------------------------------------------
Performs final model parameters optimization
Estimate model parameters (epsilon = 0.010)
Initial log-likelihood: -23303.182
Current log-likelihood at step 1: -23303.174
Partition-specific rates:  1.342 0.658
Parameters optimization took 0 rounds (0.052 sec)

Partition information was printed to partition_file.nex.best_model.nex
BEST SCORE FOUND : -23303.174
Total tree length: 17.684

Total number of iterations: 105
CPU time used for tree search: 34.946 sec (0h:0m:34s)
Wall-clock time used for tree search: 35.003 sec (0h:0m:35s)
Total CPU time used: 1307.421 sec (0h:21m:47s)
Total wall-clock time used: 1304.197 sec (0h:21m:44s)

===> START BOOTSTRAP REPLICATE NUMBER 35

Creating bootstrap alignment (seed: 900199)...

Create initial parsimony tree by phylogenetic likelihood library (PLL)... 0.004 seconds
Reading model parameters from file /Users/mful870/Desktop/MD_3di_Dev_02Oct24/Scriptorum/SubstitutionMatrix/3di_substmat
WARNING: Normalizing state frequencies so that sum of them equals to 1

NOTE: 7 MB RAM (0 GB) is required!
Estimate model parameters (epsilon = 0.100)
Initial log-likelihood: -25147.945
Current log-likelihood at step 1: -23769.810
Current log-likelihood at step 2: -23421.660
Current log-likelihood at step 3: -23009.667
Current log-likelihood at step 4: -23009.549
Current log-likelihood at step 5: -23009.532
Partition-specific rates:  1.344 0.656
Parameters optimization took 4 rounds (0.630 sec)

Wrote distance file to... 
Computing ML distances based on estimated model parameters...
Calculating distance matrix: done in 7.39098e-05 secs using 86.59% CPU
Computing ML distances took 0.000126 sec (of wall-clock time) 0.000091 sec (of CPU time)
Setting up auxiliary I and S matrices: done in 3.60012e-05 secs using 75% CPU
Computing RapidNJ tree took 0.000168 sec (of wall-clock time) 0.000103 sec (of CPU time)
Log-likelihood of RapidNJ tree: -25217.001
--------------------------------------------------------------------
|             INITIALIZING CANDIDATE TREE SET                      |
--------------------------------------------------------------------
Generating 98 parsimony trees... 0.519 second
Computing log-likelihood of 98 initial trees ... 1.706 seconds
Current best score: -23009.532

Do NNI search on 20 best initial trees
Estimate model parameters (epsilon = 0.100)
Initial log-likelihood: -22982.318
Current log-likelihood at step 1: -22981.860
Current log-likelihood at step 2: -22981.822
Parameters optimization took 1 rounds (0.185 sec)

BETTER TREE FOUND at iteration 1: -22981.822
Iteration 10 / LogL: -22982.804 / Time: 0h:21m:50s
Iteration 20 / LogL: -22982.034 / Time: 0h:21m:54s
Finish initializing candidate tree set (4)
Current best tree score: -22981.822 / CPU time: 9.126
Number of iterations: 20
--------------------------------------------------------------------
|               OPTIMIZING CANDIDATE TREE SET                      |
--------------------------------------------------------------------
Iteration 30 / LogL: -22983.173 / Time: 0h:21m:58s (0h:0m:33s left)
Iteration 40 / LogL: -22982.139 / Time: 0h:22m:1s (0h:0m:26s left)
Iteration 50 / LogL: -22982.067 / Time: 0h:22m:4s (0h:0m:21s left)
Iteration 60 / LogL: -22983.485 / Time: 0h:22m:8s (0h:0m:16s left)
Iteration 70 / LogL: -22991.024 / Time: 0h:22m:11s (0h:0m:12s left)
Iteration 80 / LogL: -22982.643 / Time: 0h:22m:14s (0h:0m:8s left)
Iteration 90 / LogL: -22984.430 / Time: 0h:22m:18s (0h:0m:4s left)
Iteration 100 / LogL: -22983.148 / Time: 0h:22m:22s (0h:0m:0s left)
TREE SEARCH COMPLETED AFTER 102 ITERATIONS / Time: 0h:22m:22s

--------------------------------------------------------------------
|                    FINALIZING TREE SEARCH                        |
--------------------------------------------------------------------
Performs final model parameters optimization
Estimate model parameters (epsilon = 0.010)
Initial log-likelihood: -22981.822
Current log-likelihood at step 1: -22981.817
Partition-specific rates:  1.337 0.663
Parameters optimization took 0 rounds (0.055 sec)

Partition information was printed to partition_file.nex.best_model.nex
BEST SCORE FOUND : -22981.817
Total tree length: 18.868

Total number of iterations: 102
CPU time used for tree search: 37.534 sec (0h:0m:37s)
Wall-clock time used for tree search: 37.594 sec (0h:0m:37s)
Total CPU time used: 1346.104 sec (0h:22m:26s)
Total wall-clock time used: 1342.771 sec (0h:22m:22s)

===> START BOOTSTRAP REPLICATE NUMBER 36

Creating bootstrap alignment (seed: 900200)...

Create initial parsimony tree by phylogenetic likelihood library (PLL)... 0.003 seconds
Reading model parameters from file /Users/mful870/Desktop/MD_3di_Dev_02Oct24/Scriptorum/SubstitutionMatrix/3di_substmat
WARNING: Normalizing state frequencies so that sum of them equals to 1

NOTE: 7 MB RAM (0 GB) is required!
Estimate model parameters (epsilon = 0.100)
Initial log-likelihood: -25908.920
Current log-likelihood at step 1: -24728.747
Current log-likelihood at step 2: -24427.085
Current log-likelihood at step 3: -23962.505
Current log-likelihood at step 4: -23961.556
Current log-likelihood at step 5: -23961.424
Current log-likelihood at step 6: -23961.413
Partition-specific rates:  1.376 0.624
Parameters optimization took 5 rounds (0.694 sec)

Wrote distance file to... 
Computing ML distances based on estimated model parameters...
Calculating distance matrix: done in 7.20024e-05 secs using 90.27% CPU
Computing ML distances took 0.000121 sec (of wall-clock time) 0.000089 sec (of CPU time)
Setting up auxiliary I and S matrices: done in 3.71933e-05 secs using 75.28% CPU
Computing RapidNJ tree took 0.000157 sec (of wall-clock time) 0.000097 sec (of CPU time)
Log-likelihood of RapidNJ tree: -26363.794
--------------------------------------------------------------------
|             INITIALIZING CANDIDATE TREE SET                      |
--------------------------------------------------------------------
Generating 98 parsimony trees... 0.557 second
Computing log-likelihood of 98 initial trees ... 1.670 seconds
Current best score: -23961.413

Do NNI search on 20 best initial trees
Estimate model parameters (epsilon = 0.100)
Initial log-likelihood: -23917.819
Current log-likelihood at step 1: -23917.327
Current log-likelihood at step 2: -23917.303
Parameters optimization took 1 rounds (0.120 sec)

BETTER TREE FOUND at iteration 1: -23917.303
Iteration 10 / LogL: -23919.225 / Time: 0h:22m:29s
Iteration 20 / LogL: -23917.992 / Time: 0h:22m:33s
Finish initializing candidate tree set (1)
Current best tree score: -23917.303 / CPU time: 9.389
Number of iterations: 20
--------------------------------------------------------------------
|               OPTIMIZING CANDIDATE TREE SET                      |
--------------------------------------------------------------------
Iteration 30 / LogL: -23917.359 / Time: 0h:22m:36s (0h:0m:33s left)
Iteration 40 / LogL: -23917.333 / Time: 0h:22m:39s (0h:0m:26s left)
Iteration 50 / LogL: -23917.680 / Time: 0h:22m:42s (0h:0m:20s left)
Iteration 60 / LogL: -23919.221 / Time: 0h:22m:45s (0h:0m:16s left)
Iteration 70 / LogL: -23917.402 / Time: 0h:22m:49s (0h:0m:11s left)
Iteration 80 / LogL: -23917.402 / Time: 0h:22m:52s (0h:0m:7s left)
Iteration 90 / LogL: -23917.563 / Time: 0h:22m:56s (0h:0m:4s left)
Iteration 100 / LogL: -23918.165 / Time: 0h:23m:0s (0h:0m:0s left)
TREE SEARCH COMPLETED AFTER 102 ITERATIONS / Time: 0h:23m:0s

--------------------------------------------------------------------
|                    FINALIZING TREE SEARCH                        |
--------------------------------------------------------------------
Performs final model parameters optimization
Estimate model parameters (epsilon = 0.010)
Initial log-likelihood: -23917.303
Current log-likelihood at step 1: -23917.297
Partition-specific rates:  1.377 0.623
Parameters optimization took 0 rounds (0.052 sec)

Partition information was printed to partition_file.nex.best_model.nex
BEST SCORE FOUND : -23917.297
Total tree length: 18.556

Total number of iterations: 102
CPU time used for tree search: 37.155 sec (0h:0m:37s)
Wall-clock time used for tree search: 37.235 sec (0h:0m:37s)
Total CPU time used: 1384.406 sec (0h:23m:4s)
Total wall-clock time used: 1380.980 sec (0h:23m:0s)

===> START BOOTSTRAP REPLICATE NUMBER 37

Creating bootstrap alignment (seed: 900201)...

Create initial parsimony tree by phylogenetic likelihood library (PLL)... 0.004 seconds
Reading model parameters from file /Users/mful870/Desktop/MD_3di_Dev_02Oct24/Scriptorum/SubstitutionMatrix/3di_substmat
WARNING: Normalizing state frequencies so that sum of them equals to 1

NOTE: 7 MB RAM (0 GB) is required!
Estimate model parameters (epsilon = 0.100)
Initial log-likelihood: -26369.482
Current log-likelihood at step 1: -25071.293
Current log-likelihood at step 2: -24828.792
Current log-likelihood at step 3: -24310.216
Current log-likelihood at step 4: -24309.852
Current log-likelihood at step 5: -24309.790
Partition-specific rates:  1.357 0.643
Parameters optimization took 4 rounds (0.649 sec)

Wrote distance file to... 
Computing ML distances based on estimated model parameters...
Calculating distance matrix: done in 7.48634e-05 secs using 88.16% CPU
Computing ML distances took 0.000129 sec (of wall-clock time) 0.000094 sec (of CPU time)
Setting up auxiliary I and S matrices: done in 3.69549e-05 secs using 75.77% CPU
Computing RapidNJ tree took 0.000178 sec (of wall-clock time) 0.000110 sec (of CPU time)
Log-likelihood of RapidNJ tree: -26403.164
--------------------------------------------------------------------
|             INITIALIZING CANDIDATE TREE SET                      |
--------------------------------------------------------------------
Generating 98 parsimony trees... 0.544 second
Computing log-likelihood of 98 initial trees ... 1.788 seconds
Current best score: -24309.790

Do NNI search on 20 best initial trees
Estimate model parameters (epsilon = 0.100)
Initial log-likelihood: -24294.517
Current log-likelihood at step 1: -24294.475
Parameters optimization took 0 rounds (0.054 sec)

BETTER TREE FOUND at iteration 1: -24294.475
Iteration 10 / LogL: -24297.805 / Time: 0h:23m:7s
Iteration 20 / LogL: -24317.742 / Time: 0h:23m:11s
Finish initializing candidate tree set (3)
Current best tree score: -24294.475 / CPU time: 9.034
Number of iterations: 20
--------------------------------------------------------------------
|               OPTIMIZING CANDIDATE TREE SET                      |
--------------------------------------------------------------------
Iteration 30 / LogL: -24297.451 / Time: 0h:23m:14s (0h:0m:31s left)
Iteration 40 / LogL: -24294.535 / Time: 0h:23m:17s (0h:0m:25s left)
Iteration 50 / LogL: -24299.601 / Time: 0h:23m:20s (0h:0m:20s left)
Iteration 60 / LogL: -24294.580 / Time: 0h:23m:24s (0h:0m:16s left)
Iteration 70 / LogL: -24294.529 / Time: 0h:23m:27s (0h:0m:11s left)
Iteration 80 / LogL: -24297.450 / Time: 0h:23m:30s (0h:0m:7s left)
Iteration 90 / LogL: -24296.048 / Time: 0h:23m:33s (0h:0m:4s left)
Iteration 100 / LogL: -24301.192 / Time: 0h:23m:37s (0h:0m:0s left)
TREE SEARCH COMPLETED AFTER 102 ITERATIONS / Time: 0h:23m:37s

--------------------------------------------------------------------
|                    FINALIZING TREE SEARCH                        |
--------------------------------------------------------------------
Performs final model parameters optimization
Estimate model parameters (epsilon = 0.010)
Initial log-likelihood: -24294.475
Current log-likelihood at step 1: -24294.465
Partition-specific rates:  1.357 0.643
Parameters optimization took 0 rounds (0.057 sec)

Partition information was printed to partition_file.nex.best_model.nex
BEST SCORE FOUND : -24294.465
Total tree length: 18.635

Total number of iterations: 102
CPU time used for tree search: 35.629 sec (0h:0m:35s)
Wall-clock time used for tree search: 35.711 sec (0h:0m:35s)
Total CPU time used: 1421.272 sec (0h:23m:41s)
Total wall-clock time used: 1417.764 sec (0h:23m:37s)

===> START BOOTSTRAP REPLICATE NUMBER 38

Creating bootstrap alignment (seed: 900202)...

Create initial parsimony tree by phylogenetic likelihood library (PLL)... 0.006 seconds
Reading model parameters from file /Users/mful870/Desktop/MD_3di_Dev_02Oct24/Scriptorum/SubstitutionMatrix/3di_substmat
WARNING: Normalizing state frequencies so that sum of them equals to 1

NOTE: 7 MB RAM (0 GB) is required!
Estimate model parameters (epsilon = 0.100)
Initial log-likelihood: -24516.015
Current log-likelihood at step 1: -23107.131
Current log-likelihood at step 2: -22747.064
Current log-likelihood at step 3: -22419.555
Current log-likelihood at step 4: -22419.430
Current log-likelihood at step 5: -22419.411
Partition-specific rates:  1.351 0.649
Parameters optimization took 4 rounds (0.645 sec)

Wrote distance file to... 
Computing ML distances based on estimated model parameters...
Calculating distance matrix: done in 7.29561e-05 secs using 87.72% CPU
Computing ML distances took 0.000122 sec (of wall-clock time) 0.000090 sec (of CPU time)
Setting up auxiliary I and S matrices: done in 3.69549e-05 secs using 73.06% CPU
Computing RapidNJ tree took 0.000158 sec (of wall-clock time) 0.000099 sec (of CPU time)
Log-likelihood of RapidNJ tree: -24394.581
--------------------------------------------------------------------
|             INITIALIZING CANDIDATE TREE SET                      |
--------------------------------------------------------------------
Generating 98 parsimony trees... 0.552 second
Computing log-likelihood of 98 initial trees ... 1.664 seconds
Current best score: -22419.411

Do NNI search on 20 best initial trees
Estimate model parameters (epsilon = 0.100)
Initial log-likelihood: -22306.840
Current log-likelihood at step 1: -22305.566
Current log-likelihood at step 2: -22305.299
Current log-likelihood at step 3: -22305.274
Parameters optimization took 2 rounds (0.244 sec)

BETTER TREE FOUND at iteration 1: -22305.274
Iteration 10 / LogL: -22305.885 / Time: 0h:23m:43s
Iteration 20 / LogL: -22320.473 / Time: 0h:23m:47s
Finish initializing candidate tree set (5)
Current best tree score: -22305.274 / CPU time: 8.422
Number of iterations: 20
--------------------------------------------------------------------
|               OPTIMIZING CANDIDATE TREE SET                      |
--------------------------------------------------------------------
Iteration 30 / LogL: -22319.796 / Time: 0h:23m:50s (0h:0m:29s left)
Iteration 40 / LogL: -22309.423 / Time: 0h:23m:53s (0h:0m:23s left)
Iteration 50 / LogL: -22309.343 / Time: 0h:23m:55s (0h:0m:18s left)
Iteration 60 / LogL: -22309.977 / Time: 0h:23m:59s (0h:0m:14s left)
Iteration 70 / LogL: -22309.367 / Time: 0h:24m:1s (0h:0m:10s left)
Iteration 80 / LogL: -22305.327 / Time: 0h:24m:4s (0h:0m:7s left)
Iteration 90 / LogL: -22305.568 / Time: 0h:24m:7s (0h:0m:3s left)
Iteration 100 / LogL: -22309.506 / Time: 0h:24m:10s (0h:0m:0s left)
TREE SEARCH COMPLETED AFTER 102 ITERATIONS / Time: 0h:24m:11s

--------------------------------------------------------------------
|                    FINALIZING TREE SEARCH                        |
--------------------------------------------------------------------
Performs final model parameters optimization
Estimate model parameters (epsilon = 0.010)
Initial log-likelihood: -22305.274
Current log-likelihood at step 1: -22305.266
Partition-specific rates:  1.359 0.641
Parameters optimization took 0 rounds (0.053 sec)

Partition information was printed to partition_file.nex.best_model.nex
BEST SCORE FOUND : -22305.266
Total tree length: 18.565

Total number of iterations: 102
CPU time used for tree search: 32.632 sec (0h:0m:32s)
Wall-clock time used for tree search: 32.679 sec (0h:0m:32s)
Total CPU time used: 1454.982 sec (0h:24m:14s)
Total wall-clock time used: 1451.356 sec (0h:24m:11s)

===> START BOOTSTRAP REPLICATE NUMBER 39

Creating bootstrap alignment (seed: 900203)...

Create initial parsimony tree by phylogenetic likelihood library (PLL)... 0.005 seconds
Reading model parameters from file /Users/mful870/Desktop/MD_3di_Dev_02Oct24/Scriptorum/SubstitutionMatrix/3di_substmat
WARNING: Normalizing state frequencies so that sum of them equals to 1

NOTE: 7 MB RAM (0 GB) is required!
Estimate model parameters (epsilon = 0.100)
Initial log-likelihood: -25622.481
Current log-likelihood at step 1: -24264.911
Current log-likelihood at step 2: -23950.858
Current log-likelihood at step 3: -23513.854
Current log-likelihood at step 4: -23513.486
Current log-likelihood at step 5: -23513.415
Partition-specific rates:  1.356 0.644
Parameters optimization took 4 rounds (0.638 sec)

Wrote distance file to... 
Computing ML distances based on estimated model parameters...
Calculating distance matrix: done in 8.70228e-05 secs using 78.14% CPU
Computing ML distances took 0.000142 sec (of wall-clock time) 0.000098 sec (of CPU time)
Setting up auxiliary I and S matrices: done in 3.69549e-05 secs using 75.77% CPU
Computing RapidNJ tree took 0.000163 sec (of wall-clock time) 0.000101 sec (of CPU time)
Log-likelihood of RapidNJ tree: -25732.676
--------------------------------------------------------------------
|             INITIALIZING CANDIDATE TREE SET                      |
--------------------------------------------------------------------
Generating 98 parsimony trees... 0.567 second
Computing log-likelihood of 98 initial trees ... 1.679 seconds
Current best score: -23513.415

Do NNI search on 20 best initial trees
Estimate model parameters (epsilon = 0.100)
Initial log-likelihood: -23482.904
Current log-likelihood at step 1: -23482.619
Current log-likelihood at step 2: -23482.601
Parameters optimization took 1 rounds (0.178 sec)

BETTER TREE FOUND at iteration 1: -23482.601
Estimate model parameters (epsilon = 0.100)
Initial log-likelihood: -23471.574
Current log-likelihood at step 1: -23471.283
Current log-likelihood at step 2: -23471.264
Parameters optimization took 1 rounds (0.154 sec)

BETTER TREE FOUND at iteration 2: -23471.264
Estimate model parameters (epsilon = 0.100)
Initial log-likelihood: -23470.413
Current log-likelihood at step 1: -23470.170
Current log-likelihood at step 2: -23470.145
Parameters optimization took 1 rounds (0.130 sec)

BETTER TREE FOUND at iteration 3: -23470.145
Estimate model parameters (epsilon = 0.100)
Initial log-likelihood: -23469.958
Current log-likelihood at step 1: -23469.671
Current log-likelihood at step 2: -23469.662
Parameters optimization took 1 rounds (0.121 sec)

UPDATE BEST LOG-LIKELIHOOD: -23469.662
Iteration 10 / LogL: -23469.802 / Time: 0h:24m:18s
Iteration 20 / LogL: -23478.156 / Time: 0h:24m:22s
Finish initializing candidate tree set (10)
Current best tree score: -23469.662 / CPU time: 10.266
Number of iterations: 20
--------------------------------------------------------------------
|               OPTIMIZING CANDIDATE TREE SET                      |
--------------------------------------------------------------------
Iteration 30 / LogL: -23469.809 / Time: 0h:24m:26s (0h:0m:37s left)
Iteration 40 / LogL: -23471.297 / Time: 0h:24m:29s (0h:0m:29s left)
Iteration 50 / LogL: -23469.679 / Time: 0h:24m:32s (0h:0m:23s left)
Estimate model parameters (epsilon = 0.100)
Initial log-likelihood: -23467.930
Current log-likelihood at step 1: -23467.840
Parameters optimization took 0 rounds (0.057 sec)

BETTER TREE FOUND at iteration 51: -23467.840
Estimate model parameters (epsilon = 0.100)
Initial log-likelihood: -23467.830
Current log-likelihood at step 1: -23467.827
Parameters optimization took 0 rounds (0.053 sec)

UPDATE BEST LOG-LIKELIHOOD: -23467.827
Iteration 60 / LogL: -23468.354 / Time: 0h:24m:36s (0h:0m:38s left)
Iteration 70 / LogL: -23469.161 / Time: 0h:24m:39s (0h:0m:32s left)
Iteration 80 / LogL: -23467.996 / Time: 0h:24m:42s (0h:0m:28s left)
Iteration 90 / LogL: -23467.885 / Time: 0h:24m:45s (0h:0m:23s left)
Iteration 100 / LogL: -23468.121 / Time: 0h:24m:48s (0h:0m:19s left)
Iteration 110 / LogL: -23468.529 / Time: 0h:24m:51s (0h:0m:15s left)
Iteration 120 / LogL: -23468.166 / Time: 0h:24m:55s (0h:0m:11s left)
Iteration 130 / LogL: -23484.962 / Time: 0h:24m:58s (0h:0m:7s left)
Iteration 140 / LogL: -23468.123 / Time: 0h:25m:1s (0h:0m:3s left)
Iteration 150 / LogL: -23467.963 / Time: 0h:25m:4s (0h:0m:0s left)
TREE SEARCH COMPLETED AFTER 152 ITERATIONS / Time: 0h:25m:5s

--------------------------------------------------------------------
|                    FINALIZING TREE SEARCH                        |
--------------------------------------------------------------------
Performs final model parameters optimization
Estimate model parameters (epsilon = 0.010)
Initial log-likelihood: -23467.827
Current log-likelihood at step 1: -23467.826
Partition-specific rates:  1.345 0.655
Parameters optimization took 0 rounds (0.056 sec)

Partition information was printed to partition_file.nex.best_model.nex
BEST SCORE FOUND : -23467.826
Total tree length: 18.238

Total number of iterations: 152
CPU time used for tree search: 52.936 sec (0h:0m:52s)
Wall-clock time used for tree search: 53.034 sec (0h:0m:53s)
Total CPU time used: 1509.073 sec (0h:25m:9s)
Total wall-clock time used: 1505.379 sec (0h:25m:5s)

===> START BOOTSTRAP REPLICATE NUMBER 40

Creating bootstrap alignment (seed: 900204)...

Create initial parsimony tree by phylogenetic likelihood library (PLL)... 0.005 seconds
Reading model parameters from file /Users/mful870/Desktop/MD_3di_Dev_02Oct24/Scriptorum/SubstitutionMatrix/3di_substmat
WARNING: Normalizing state frequencies so that sum of them equals to 1

NOTE: 7 MB RAM (0 GB) is required!
Estimate model parameters (epsilon = 0.100)
Initial log-likelihood: -25767.933
Current log-likelihood at step 1: -24401.190
Current log-likelihood at step 2: -24125.026
Current log-likelihood at step 3: -23656.995
Current log-likelihood at step 4: -23656.460
Current log-likelihood at step 5: -23656.401
Partition-specific rates:  1.357 0.643
Parameters optimization took 4 rounds (0.630 sec)

Wrote distance file to... 
Computing ML distances based on estimated model parameters...
Calculating distance matrix: done in 7.9155e-05 secs using 88.43% CPU
Computing ML distances took 0.000136 sec (of wall-clock time) 0.000100 sec (of CPU time)
Setting up auxiliary I and S matrices: done in 3.60012e-05 secs using 75% CPU
Computing RapidNJ tree took 0.000171 sec (of wall-clock time) 0.000101 sec (of CPU time)
Log-likelihood of RapidNJ tree: -25895.311
--------------------------------------------------------------------
|             INITIALIZING CANDIDATE TREE SET                      |
--------------------------------------------------------------------
Generating 98 parsimony trees... 0.483 second
Computing log-likelihood of 98 initial trees ... 1.663 seconds
Current best score: -23656.401

Do NNI search on 20 best initial trees
Estimate model parameters (epsilon = 0.100)
Initial log-likelihood: -23616.086
Current log-likelihood at step 1: -23615.971
Current log-likelihood at step 2: -23615.957
Parameters optimization took 1 rounds (0.158 sec)

BETTER TREE FOUND at iteration 1: -23615.957
Estimate model parameters (epsilon = 0.100)
Initial log-likelihood: -23615.812
Current log-likelihood at step 1: -23615.305
Current log-likelihood at step 2: -23615.284
Parameters optimization took 1 rounds (0.173 sec)

BETTER TREE FOUND at iteration 2: -23615.284
Iteration 10 / LogL: -23616.971 / Time: 0h:25m:12s
Iteration 20 / LogL: -23616.191 / Time: 0h:25m:16s
Finish initializing candidate tree set (11)
Current best tree score: -23615.284 / CPU time: 10.021
Number of iterations: 20
--------------------------------------------------------------------
|               OPTIMIZING CANDIDATE TREE SET                      |
--------------------------------------------------------------------
Iteration 30 / LogL: -23616.036 / Time: 0h:25m:19s (0h:0m:35s left)
Iteration 40 / LogL: -23615.467 / Time: 0h:25m:23s (0h:0m:28s left)
Iteration 50 / LogL: -23616.605 / Time: 0h:25m:26s (0h:0m:21s left)
Iteration 60 / LogL: -23617.396 / Time: 0h:25m:29s (0h:0m:16s left)
Iteration 70 / LogL: -23615.370 / Time: 0h:25m:32s (0h:0m:12s left)
Iteration 80 / LogL: -23615.996 / Time: 0h:25m:35s (0h:0m:8s left)
Iteration 90 / LogL: -23616.099 / Time: 0h:25m:38s (0h:0m:4s left)
Iteration 100 / LogL: -23616.210 / Time: 0h:25m:41s (0h:0m:0s left)
TREE SEARCH COMPLETED AFTER 103 ITERATIONS / Time: 0h:25m:42s

--------------------------------------------------------------------
|                    FINALIZING TREE SEARCH                        |
--------------------------------------------------------------------
Performs final model parameters optimization
Estimate model parameters (epsilon = 0.010)
Initial log-likelihood: -23615.284
Current log-likelihood at step 1: -23615.281
Partition-specific rates:  1.352 0.648
Parameters optimization took 0 rounds (0.053 sec)

Partition information was printed to partition_file.nex.best_model.nex
BEST SCORE FOUND : -23615.281
Total tree length: 18.359

Total number of iterations: 103
CPU time used for tree search: 36.171 sec (0h:0m:36s)
Wall-clock time used for tree search: 36.237 sec (0h:0m:36s)
Total CPU time used: 1546.471 sec (0h:25m:46s)
Total wall-clock time used: 1542.671 sec (0h:25m:42s)

===> START BOOTSTRAP REPLICATE NUMBER 41

Creating bootstrap alignment (seed: 900205)...

Create initial parsimony tree by phylogenetic likelihood library (PLL)... 0.005 seconds
Reading model parameters from file /Users/mful870/Desktop/MD_3di_Dev_02Oct24/Scriptorum/SubstitutionMatrix/3di_substmat
WARNING: Normalizing state frequencies so that sum of them equals to 1

NOTE: 7 MB RAM (0 GB) is required!
Estimate model parameters (epsilon = 0.100)
Initial log-likelihood: -25605.966
Current log-likelihood at step 1: -24298.268
Current log-likelihood at step 2: -24022.649
Current log-likelihood at step 3: -23565.785
Current log-likelihood at step 4: -23565.440
Current log-likelihood at step 5: -23565.388
Partition-specific rates:  1.345 0.655
Parameters optimization took 4 rounds (0.658 sec)

Wrote distance file to... 
Computing ML distances based on estimated model parameters...
Calculating distance matrix: done in 8.2016e-05 secs using 79.25% CPU
Computing ML distances took 0.000135 sec (of wall-clock time) 0.000093 sec (of CPU time)
Setting up auxiliary I and S matrices: done in 3.50475e-05 secs using 71.33% CPU
Computing RapidNJ tree took 0.000148 sec (of wall-clock time) 0.000096 sec (of CPU time)
Log-likelihood of RapidNJ tree: -25563.335
--------------------------------------------------------------------
|             INITIALIZING CANDIDATE TREE SET                      |
--------------------------------------------------------------------
Generating 98 parsimony trees... 0.494 second
Computing log-likelihood of 98 initial trees ... 1.744 seconds
Current best score: -23565.388

Do NNI search on 20 best initial trees
Estimate model parameters (epsilon = 0.100)
Initial log-likelihood: -23513.663
Current log-likelihood at step 1: -23513.494
Current log-likelihood at step 2: -23513.489
Parameters optimization took 1 rounds (0.172 sec)

BETTER TREE FOUND at iteration 1: -23513.489
Estimate model parameters (epsilon = 0.100)
Initial log-likelihood: -23511.179
Current log-likelihood at step 1: -23511.169
Parameters optimization took 0 rounds (0.058 sec)

BETTER TREE FOUND at iteration 2: -23511.169
Iteration 10 / LogL: -23523.331 / Time: 0h:25m:52s
Iteration 20 / LogL: -23511.244 / Time: 0h:25m:59s
Finish initializing candidate tree set (11)
Current best tree score: -23511.169 / CPU time: 15.857
Number of iterations: 20
--------------------------------------------------------------------
|               OPTIMIZING CANDIDATE TREE SET                      |
--------------------------------------------------------------------
Iteration 30 / LogL: -23513.501 / Time: 0h:26m:4s (0h:0m:54s left)
BETTER TREE FOUND at iteration 37: -23511.169
Iteration 40 / LogL: -23511.976 / Time: 0h:26m:10s (0h:1m:8s left)
Iteration 50 / LogL: -23511.238 / Time: 0h:26m:15s (0h:0m:58s left)
UPDATE BEST LOG-LIKELIHOOD: -23511.169
UPDATE BEST LOG-LIKELIHOOD: -23511.169
Iteration 60 / LogL: -23511.238 / Time: 0h:26m:21s (0h:0m:50s left)
Iteration 70 / LogL: -23511.238 / Time: 0h:26m:26s (0h:0m:42s left)
Iteration 80 / LogL: -23511.238 / Time: 0h:26m:31s (0h:0m:35s left)
Iteration 90 / LogL: -23511.169 / Time: 0h:26m:36s (0h:0m:28s left)
UPDATE BEST LOG-LIKELIHOOD: -23511.169
UPDATE BEST LOG-LIKELIHOOD: -23511.169
Iteration 100 / LogL: -23523.257 / Time: 0h:26m:41s (0h:0m:22s left)
Iteration 110 / LogL: -23511.169 / Time: 0h:26m:47s (0h:0m:15s left)
Iteration 120 / LogL: -23511.238 / Time: 0h:26m:51s (0h:0m:9s left)
Iteration 130 / LogL: -23511.169 / Time: 0h:26m:57s (0h:0m:4s left)
TREE SEARCH COMPLETED AFTER 138 ITERATIONS / Time: 0h:27m:1s

--------------------------------------------------------------------
|                    FINALIZING TREE SEARCH                        |
--------------------------------------------------------------------
Performs final model parameters optimization
Estimate model parameters (epsilon = 0.010)
Initial log-likelihood: -23511.169
Current log-likelihood at step 1: -23511.167
Partition-specific rates:  1.335 0.665
Parameters optimization took 0 rounds (0.055 sec)

Partition information was printed to partition_file.nex.best_model.nex
BEST SCORE FOUND : -23511.167
Total tree length: 19.181

Total number of iterations: 138
CPU time used for tree search: 77.777 sec (0h:1m:17s)
Wall-clock time used for tree search: 77.935 sec (0h:1m:17s)
Total CPU time used: 1625.360 sec (0h:27m:5s)
Total wall-clock time used: 1621.546 sec (0h:27m:1s)

===> START BOOTSTRAP REPLICATE NUMBER 42

Creating bootstrap alignment (seed: 900206)...

Create initial parsimony tree by phylogenetic likelihood library (PLL)... 0.004 seconds
Reading model parameters from file /Users/mful870/Desktop/MD_3di_Dev_02Oct24/Scriptorum/SubstitutionMatrix/3di_substmat
WARNING: Normalizing state frequencies so that sum of them equals to 1

NOTE: 7 MB RAM (0 GB) is required!
Estimate model parameters (epsilon = 0.100)
Initial log-likelihood: -25303.269
Current log-likelihood at step 1: -23839.433
Current log-likelihood at step 2: -23526.136
Current log-likelihood at step 3: -23100.011
Current log-likelihood at step 4: -23099.869
Current log-likelihood at step 5: -23099.847
Partition-specific rates:  1.379 0.621
Parameters optimization took 4 rounds (0.622 sec)

Wrote distance file to... 
Computing ML distances based on estimated model parameters...
Calculating distance matrix: done in 7.29561e-05 secs using 89.09% CPU
Computing ML distances took 0.000129 sec (of wall-clock time) 0.000095 sec (of CPU time)
Setting up auxiliary I and S matrices: done in 4.41074e-05 secs using 68.02% CPU
Computing RapidNJ tree took 0.000173 sec (of wall-clock time) 0.000105 sec (of CPU time)
Log-likelihood of RapidNJ tree: -25135.376
--------------------------------------------------------------------
|             INITIALIZING CANDIDATE TREE SET                      |
--------------------------------------------------------------------
Generating 98 parsimony trees... 0.520 second
Computing log-likelihood of 98 initial trees ... 1.768 seconds
Current best score: -23099.847

Do NNI search on 20 best initial trees
Estimate model parameters (epsilon = 0.100)
Initial log-likelihood: -23077.885
Current log-likelihood at step 1: -23077.648
Current log-likelihood at step 2: -23077.644
Parameters optimization took 1 rounds (0.147 sec)

BETTER TREE FOUND at iteration 1: -23077.644
Estimate model parameters (epsilon = 0.100)
Initial log-likelihood: -23076.835
Current log-likelihood at step 1: -23076.221
Current log-likelihood at step 2: -23076.164
Parameters optimization took 1 rounds (0.124 sec)

BETTER TREE FOUND at iteration 5: -23076.164
Iteration 10 / LogL: -23078.354 / Time: 0h:27m:8s
Iteration 20 / LogL: -23076.225 / Time: 0h:27m:12s
Finish initializing candidate tree set (6)
Current best tree score: -23076.164 / CPU time: 10.355
Number of iterations: 20
--------------------------------------------------------------------
|               OPTIMIZING CANDIDATE TREE SET                      |
--------------------------------------------------------------------
Iteration 30 / LogL: -23088.939 / Time: 0h:27m:15s (0h:0m:37s left)
Iteration 40 / LogL: -23076.980 / Time: 0h:27m:19s (0h:0m:29s left)
Iteration 50 / LogL: -23077.884 / Time: 0h:27m:22s (0h:0m:23s left)
Iteration 60 / LogL: -23077.992 / Time: 0h:27m:25s (0h:0m:18s left)
UPDATE BEST LOG-LIKELIHOOD: -23076.159
Iteration 70 / LogL: -23078.148 / Time: 0h:27m:28s (0h:0m:13s left)
Iteration 80 / LogL: -23076.591 / Time: 0h:27m:31s (0h:0m:9s left)
Iteration 90 / LogL: -23078.382 / Time: 0h:27m:34s (0h:0m:5s left)
Iteration 100 / LogL: -23076.438 / Time: 0h:27m:37s (0h:0m:1s left)
TREE SEARCH COMPLETED AFTER 106 ITERATIONS / Time: 0h:27m:39s

--------------------------------------------------------------------
|                    FINALIZING TREE SEARCH                        |
--------------------------------------------------------------------
Performs final model parameters optimization
Estimate model parameters (epsilon = 0.010)
Initial log-likelihood: -23076.159
Current log-likelihood at step 1: -23076.137
Current log-likelihood at step 2: -23076.135
Partition-specific rates:  1.383 0.617
Parameters optimization took 1 rounds (0.119 sec)

Partition information was printed to partition_file.nex.best_model.nex
BEST SCORE FOUND : -23076.135
Total tree length: 18.655

Total number of iterations: 106
CPU time used for tree search: 37.211 sec (0h:0m:37s)
Wall-clock time used for tree search: 37.276 sec (0h:0m:37s)
Total CPU time used: 1663.705 sec (0h:27m:43s)
Total wall-clock time used: 1659.785 sec (0h:27m:39s)

===> START BOOTSTRAP REPLICATE NUMBER 43

Creating bootstrap alignment (seed: 900207)...

Create initial parsimony tree by phylogenetic likelihood library (PLL)... 0.006 seconds
Reading model parameters from file /Users/mful870/Desktop/MD_3di_Dev_02Oct24/Scriptorum/SubstitutionMatrix/3di_substmat
WARNING: Normalizing state frequencies so that sum of them equals to 1

NOTE: 7 MB RAM (0 GB) is required!
Estimate model parameters (epsilon = 0.100)
Initial log-likelihood: -24567.861
Current log-likelihood at step 1: -23340.521
Current log-likelihood at step 2: -23067.130
Current log-likelihood at step 3: -22625.044
Current log-likelihood at step 4: -22623.983
Current log-likelihood at step 5: -22623.881
Current log-likelihood at step 6: -22623.875
Partition-specific rates:  1.392 0.608
Parameters optimization took 5 rounds (0.731 sec)

Wrote distance file to... 
Computing ML distances based on estimated model parameters...
Calculating distance matrix: done in 7.41482e-05 secs using 87.66% CPU
Computing ML distances took 0.000126 sec (of wall-clock time) 0.000094 sec (of CPU time)
Setting up auxiliary I and S matrices: done in 3.48091e-05 secs using 74.69% CPU
Computing RapidNJ tree took 0.000152 sec (of wall-clock time) 0.000098 sec (of CPU time)
Log-likelihood of RapidNJ tree: -24766.356
--------------------------------------------------------------------
|             INITIALIZING CANDIDATE TREE SET                      |
--------------------------------------------------------------------
Generating 98 parsimony trees... 0.539 second
Computing log-likelihood of 98 initial trees ... 1.745 seconds
Current best score: -22623.875

Do NNI search on 20 best initial trees
Estimate model parameters (epsilon = 0.100)
Initial log-likelihood: -22602.851
Current log-likelihood at step 1: -22601.386
Current log-likelihood at step 2: -22601.319
Parameters optimization took 1 rounds (0.188 sec)

BETTER TREE FOUND at iteration 1: -22601.319
Iteration 10 / LogL: -22604.256 / Time: 0h:27m:46s
Estimate model parameters (epsilon = 0.100)
Initial log-likelihood: -22600.987
Current log-likelihood at step 1: -22600.032
Current log-likelihood at step 2: -22599.981
Parameters optimization took 1 rounds (0.124 sec)

BETTER TREE FOUND at iteration 14: -22599.981
Iteration 20 / LogL: -22604.931 / Time: 0h:27m:49s
Finish initializing candidate tree set (3)
Current best tree score: -22599.981 / CPU time: 8.636
Number of iterations: 20
--------------------------------------------------------------------
|               OPTIMIZING CANDIDATE TREE SET                      |
--------------------------------------------------------------------
Iteration 30 / LogL: -22601.408 / Time: 0h:27m:52s (0h:0m:37s left)
Iteration 40 / LogL: -22601.583 / Time: 0h:27m:55s (0h:0m:29s left)
Iteration 50 / LogL: -22600.618 / Time: 0h:27m:58s (0h:0m:24s left)
Iteration 60 / LogL: -22600.149 / Time: 0h:28m:1s (0h:0m:19s left)
Iteration 70 / LogL: -22601.436 / Time: 0h:28m:4s (0h:0m:15s left)
Iteration 80 / LogL: -22600.095 / Time: 0h:28m:7s (0h:0m:11s left)
Iteration 90 / LogL: -22600.532 / Time: 0h:28m:10s (0h:0m:8s left)
Iteration 100 / LogL: -22600.146 / Time: 0h:28m:13s (0h:0m:4s left)
Iteration 110 / LogL: -22601.773 / Time: 0h:28m:17s (0h:0m:1s left)
TREE SEARCH COMPLETED AFTER 115 ITERATIONS / Time: 0h:28m:19s

--------------------------------------------------------------------
|                    FINALIZING TREE SEARCH                        |
--------------------------------------------------------------------
Performs final model parameters optimization
Estimate model parameters (epsilon = 0.010)
Initial log-likelihood: -22599.981
Current log-likelihood at step 1: -22599.972
Partition-specific rates:  1.387 0.613
Parameters optimization took 0 rounds (0.053 sec)

Partition information was printed to partition_file.nex.best_model.nex
BEST SCORE FOUND : -22599.972
Total tree length: 17.174

Total number of iterations: 115
CPU time used for tree search: 38.209 sec (0h:0m:38s)
Wall-clock time used for tree search: 38.270 sec (0h:0m:38s)
Total CPU time used: 1703.233 sec (0h:28m:23s)
Total wall-clock time used: 1699.203 sec (0h:28m:19s)

===> START BOOTSTRAP REPLICATE NUMBER 44

Creating bootstrap alignment (seed: 900208)...

Create initial parsimony tree by phylogenetic likelihood library (PLL)... 0.005 seconds
Reading model parameters from file /Users/mful870/Desktop/MD_3di_Dev_02Oct24/Scriptorum/SubstitutionMatrix/3di_substmat
WARNING: Normalizing state frequencies so that sum of them equals to 1

NOTE: 7 MB RAM (0 GB) is required!
Estimate model parameters (epsilon = 0.100)
Initial log-likelihood: -26047.439
Current log-likelihood at step 1: -24772.016
Current log-likelihood at step 2: -24462.490
Current log-likelihood at step 3: -24036.225
Current log-likelihood at step 4: -24035.583
Current log-likelihood at step 5: -24035.521
Partition-specific rates:  1.339 0.661
Parameters optimization took 4 rounds (0.627 sec)

Wrote distance file to... 
Computing ML distances based on estimated model parameters...
Calculating distance matrix: done in 8.29697e-05 secs using 80.75% CPU
Computing ML distances took 0.000134 sec (of wall-clock time) 0.000094 sec (of CPU time)
Setting up auxiliary I and S matrices: done in 3.40939e-05 secs using 76.26% CPU
Computing RapidNJ tree took 0.000148 sec (of wall-clock time) 0.000096 sec (of CPU time)
Log-likelihood of RapidNJ tree: -26136.415
--------------------------------------------------------------------
|             INITIALIZING CANDIDATE TREE SET                      |
--------------------------------------------------------------------
Generating 98 parsimony trees... 0.632 second
Computing log-likelihood of 98 initial trees ... 1.740 seconds
Current best score: -24035.521

Do NNI search on 20 best initial trees
Estimate model parameters (epsilon = 0.100)
Initial log-likelihood: -24010.546
Current log-likelihood at step 1: -24010.329
Current log-likelihood at step 2: -24010.312
Parameters optimization took 1 rounds (0.122 sec)

BETTER TREE FOUND at iteration 1: -24010.312
Estimate model parameters (epsilon = 0.100)
Initial log-likelihood: -24002.064
Current log-likelihood at step 1: -24001.833
Current log-likelihood at step 2: -24001.818
Parameters optimization took 1 rounds (0.151 sec)

BETTER TREE FOUND at iteration 2: -24001.818
Iteration 10 / LogL: -24002.329 / Time: 0h:28m:25s
Iteration 20 / LogL: -24010.083 / Time: 0h:28m:29s
Finish initializing candidate tree set (5)
Current best tree score: -24001.818 / CPU time: 9.734
Number of iterations: 20
--------------------------------------------------------------------
|               OPTIMIZING CANDIDATE TREE SET                      |
--------------------------------------------------------------------
Iteration 30 / LogL: -24002.922 / Time: 0h:28m:33s (0h:0m:35s left)
Iteration 40 / LogL: -24002.037 / Time: 0h:28m:37s (0h:0m:28s left)
Iteration 50 / LogL: -24002.893 / Time: 0h:28m:41s (0h:0m:23s left)
Iteration 60 / LogL: -24003.310 / Time: 0h:28m:44s (0h:0m:18s left)
Iteration 70 / LogL: -24002.001 / Time: 0h:28m:48s (0h:0m:13s left)
Iteration 80 / LogL: -24001.859 / Time: 0h:28m:51s (0h:0m:8s left)
Iteration 90 / LogL: -24004.642 / Time: 0h:28m:55s (0h:0m:4s left)
Iteration 100 / LogL: -24002.631 / Time: 0h:28m:59s (0h:0m:0s left)
TREE SEARCH COMPLETED AFTER 103 ITERATIONS / Time: 0h:29m:0s

--------------------------------------------------------------------
|                    FINALIZING TREE SEARCH                        |
--------------------------------------------------------------------
Performs final model parameters optimization
Estimate model parameters (epsilon = 0.010)
Initial log-likelihood: -24001.818
Current log-likelihood at step 1: -24001.813
Partition-specific rates:  1.338 0.662
Parameters optimization took 0 rounds (0.051 sec)

Partition information was printed to partition_file.nex.best_model.nex
BEST SCORE FOUND : -24001.813
Total tree length: 18.761

Total number of iterations: 103
CPU time used for tree search: 39.982 sec (0h:0m:39s)
Wall-clock time used for tree search: 40.061 sec (0h:0m:40s)
Total CPU time used: 1744.330 sec (0h:29m:4s)
Total wall-clock time used: 1740.209 sec (0h:29m:0s)

===> START BOOTSTRAP REPLICATE NUMBER 45

Creating bootstrap alignment (seed: 900209)...

Create initial parsimony tree by phylogenetic likelihood library (PLL)... 0.004 seconds
Reading model parameters from file /Users/mful870/Desktop/MD_3di_Dev_02Oct24/Scriptorum/SubstitutionMatrix/3di_substmat
WARNING: Normalizing state frequencies so that sum of them equals to 1

NOTE: 7 MB RAM (0 GB) is required!
Estimate model parameters (epsilon = 0.100)
Initial log-likelihood: -24572.473
Current log-likelihood at step 1: -23288.554
Current log-likelihood at step 2: -22968.495
Current log-likelihood at step 3: -22540.812
Current log-likelihood at step 4: -22540.519
Current log-likelihood at step 5: -22540.466
Partition-specific rates:  1.379 0.621
Parameters optimization took 4 rounds (0.617 sec)

Wrote distance file to... 
Computing ML distances based on estimated model parameters...
Calculating distance matrix: done in 7.39098e-05 secs using 89.3% CPU
Computing ML distances took 0.000128 sec (of wall-clock time) 0.000094 sec (of CPU time)
Setting up auxiliary I and S matrices: done in 3.60012e-05 secs using 75% CPU
Computing RapidNJ tree took 0.000160 sec (of wall-clock time) 0.000100 sec (of CPU time)
Log-likelihood of RapidNJ tree: -24611.022
--------------------------------------------------------------------
|             INITIALIZING CANDIDATE TREE SET                      |
--------------------------------------------------------------------
Generating 98 parsimony trees... 0.516 second
Computing log-likelihood of 98 initial trees ... 1.659 seconds
Current best score: -22540.466

Do NNI search on 20 best initial trees
Estimate model parameters (epsilon = 0.100)
Initial log-likelihood: -22519.736
Current log-likelihood at step 1: -22519.373
Current log-likelihood at step 2: -22519.356
Parameters optimization took 1 rounds (0.123 sec)

BETTER TREE FOUND at iteration 1: -22519.356
Iteration 10 / LogL: -22520.256 / Time: 0h:29m:6s
Iteration 20 / LogL: -22522.663 / Time: 0h:29m:9s
Finish initializing candidate tree set (6)
Current best tree score: -22519.356 / CPU time: 8.116
Number of iterations: 20
--------------------------------------------------------------------
|               OPTIMIZING CANDIDATE TREE SET                      |
--------------------------------------------------------------------
Iteration 30 / LogL: -22522.131 / Time: 0h:29m:11s (0h:0m:28s left)
Iteration 40 / LogL: -22520.180 / Time: 0h:29m:14s (0h:0m:22s left)
Iteration 50 / LogL: -22520.818 / Time: 0h:29m:17s (0h:0m:18s left)
Iteration 60 / LogL: -22520.210 / Time: 0h:29m:20s (0h:0m:14s left)
Iteration 70 / LogL: -22521.732 / Time: 0h:29m:23s (0h:0m:10s left)
Iteration 80 / LogL: -22521.232 / Time: 0h:29m:25s (0h:0m:6s left)
Iteration 90 / LogL: -22519.933 / Time: 0h:29m:28s (0h:0m:3s left)
Iteration 100 / LogL: -22521.903 / Time: 0h:29m:31s (0h:0m:0s left)
TREE SEARCH COMPLETED AFTER 102 ITERATIONS / Time: 0h:29m:32s

--------------------------------------------------------------------
|                    FINALIZING TREE SEARCH                        |
--------------------------------------------------------------------
Performs final model parameters optimization
Estimate model parameters (epsilon = 0.010)
Initial log-likelihood: -22519.356
Current log-likelihood at step 1: -22519.352
Partition-specific rates:  1.375 0.625
Parameters optimization took 0 rounds (0.051 sec)

Partition information was printed to partition_file.nex.best_model.nex
BEST SCORE FOUND : -22519.352
Total tree length: 18.257

Total number of iterations: 102
CPU time used for tree search: 30.891 sec (0h:0m:30s)
Wall-clock time used for tree search: 30.941 sec (0h:0m:30s)
Total CPU time used: 1776.308 sec (0h:29m:36s)
Total wall-clock time used: 1772.123 sec (0h:29m:32s)

===> START BOOTSTRAP REPLICATE NUMBER 46

Creating bootstrap alignment (seed: 900210)...

Create initial parsimony tree by phylogenetic likelihood library (PLL)... 0.005 seconds
Reading model parameters from file /Users/mful870/Desktop/MD_3di_Dev_02Oct24/Scriptorum/SubstitutionMatrix/3di_substmat
WARNING: Normalizing state frequencies so that sum of them equals to 1

NOTE: 7 MB RAM (0 GB) is required!
Estimate model parameters (epsilon = 0.100)
Initial log-likelihood: -25582.939
Current log-likelihood at step 1: -24262.903
Current log-likelihood at step 2: -23975.790
Current log-likelihood at step 3: -23507.511
Current log-likelihood at step 4: -23507.342
Current log-likelihood at step 5: -23507.320
Partition-specific rates:  1.344 0.656
Parameters optimization took 4 rounds (0.637 sec)

Wrote distance file to... 
Computing ML distances based on estimated model parameters...
Calculating distance matrix: done in 8.70228e-05 secs using 75.84% CPU
Computing ML distances took 0.000144 sec (of wall-clock time) 0.000096 sec (of CPU time)
Setting up auxiliary I and S matrices: done in 3.50475e-05 secs using 71.33% CPU
Computing RapidNJ tree took 0.000149 sec (of wall-clock time) 0.000096 sec (of CPU time)
Log-likelihood of RapidNJ tree: -25567.184
--------------------------------------------------------------------
|             INITIALIZING CANDIDATE TREE SET                      |
--------------------------------------------------------------------
Generating 98 parsimony trees... 0.599 second
Computing log-likelihood of 98 initial trees ... 1.695 seconds
Current best score: -23507.320

Do NNI search on 20 best initial trees
Estimate model parameters (epsilon = 0.100)
Initial log-likelihood: -23467.098
Current log-likelihood at step 1: -23466.260
Current log-likelihood at step 2: -23466.184
Parameters optimization took 1 rounds (0.161 sec)

BETTER TREE FOUND at iteration 1: -23466.184
Estimate model parameters (epsilon = 0.100)
Initial log-likelihood: -23465.740
Current log-likelihood at step 1: -23465.654
Parameters optimization took 0 rounds (0.078 sec)

BETTER TREE FOUND at iteration 2: -23465.654
Estimate model parameters (epsilon = 0.100)
Initial log-likelihood: -23459.756
Current log-likelihood at step 1: -23459.498
Current log-likelihood at step 2: -23459.472
Parameters optimization took 1 rounds (0.142 sec)

BETTER TREE FOUND at iteration 7: -23459.472
Iteration 10 / LogL: -23459.929 / Time: 0h:29m:39s
Iteration 20 / LogL: -23466.272 / Time: 0h:29m:44s
Finish initializing candidate tree set (7)
Current best tree score: -23459.472 / CPU time: 10.948
Number of iterations: 20
--------------------------------------------------------------------
|               OPTIMIZING CANDIDATE TREE SET                      |
--------------------------------------------------------------------
UPDATE BEST LOG-LIKELIHOOD: -23459.466
Iteration 30 / LogL: -23459.466 / Time: 0h:29m:47s (0h:0m:41s left)
Iteration 40 / LogL: -23459.773 / Time: 0h:29m:51s (0h:0m:32s left)
Iteration 50 / LogL: -23460.044 / Time: 0h:29m:54s (0h:0m:25s left)
Iteration 60 / LogL: -23459.811 / Time: 0h:29m:57s (0h:0m:20s left)
Iteration 70 / LogL: -23460.111 / Time: 0h:30m:1s (0h:0m:15s left)
Iteration 80 / LogL: -23465.705 / Time: 0h:30m:4s (0h:0m:11s left)
Iteration 90 / LogL: -23459.522 / Time: 0h:30m:8s (0h:0m:6s left)
Iteration 100 / LogL: -23459.795 / Time: 0h:30m:11s (0h:0m:2s left)
UPDATE BEST LOG-LIKELIHOOD: -23459.465
TREE SEARCH COMPLETED AFTER 108 ITERATIONS / Time: 0h:30m:14s

--------------------------------------------------------------------
|                    FINALIZING TREE SEARCH                        |
--------------------------------------------------------------------
Performs final model parameters optimization
Estimate model parameters (epsilon = 0.010)
Initial log-likelihood: -23459.465
Current log-likelihood at step 1: -23459.461
Partition-specific rates:  1.345 0.655
Parameters optimization took 0 rounds (0.054 sec)

Partition information was printed to partition_file.nex.best_model.nex
BEST SCORE FOUND : -23459.461
Total tree length: 18.984

Total number of iterations: 108
CPU time used for tree search: 41.170 sec (0h:0m:41s)
Wall-clock time used for tree search: 41.239 sec (0h:0m:41s)
Total CPU time used: 1818.642 sec (0h:30m:18s)
Total wall-clock time used: 1814.355 sec (0h:30m:14s)

===> START BOOTSTRAP REPLICATE NUMBER 47

Creating bootstrap alignment (seed: 900211)...

Create initial parsimony tree by phylogenetic likelihood library (PLL)... 0.005 seconds
Reading model parameters from file /Users/mful870/Desktop/MD_3di_Dev_02Oct24/Scriptorum/SubstitutionMatrix/3di_substmat
WARNING: Normalizing state frequencies so that sum of them equals to 1

NOTE: 7 MB RAM (0 GB) is required!
Estimate model parameters (epsilon = 0.100)
Initial log-likelihood: -25006.644
Current log-likelihood at step 1: -23684.927
Current log-likelihood at step 2: -23351.790
Current log-likelihood at step 3: -22954.051
Current log-likelihood at step 4: -22953.847
Current log-likelihood at step 5: -22953.817
Partition-specific rates:  1.361 0.639
Parameters optimization took 4 rounds (0.629 sec)

Wrote distance file to... 
Computing ML distances based on estimated model parameters...
Calculating distance matrix: done in 7.39098e-05 secs using 87.95% CPU
Computing ML distances took 0.000127 sec (of wall-clock time) 0.000093 sec (of CPU time)
Setting up auxiliary I and S matrices: done in 3.60012e-05 secs using 75% CPU
Computing RapidNJ tree took 0.000155 sec (of wall-clock time) 0.000100 sec (of CPU time)
Log-likelihood of RapidNJ tree: -24937.380
--------------------------------------------------------------------
|             INITIALIZING CANDIDATE TREE SET                      |
--------------------------------------------------------------------
Generating 98 parsimony trees... 0.519 second
Computing log-likelihood of 98 initial trees ... 1.710 seconds
Current best score: -22953.817

Do NNI search on 20 best initial trees
Estimate model parameters (epsilon = 0.100)
Initial log-likelihood: -22892.894
Current log-likelihood at step 1: -22891.808
Current log-likelihood at step 2: -22891.632
Current log-likelihood at step 3: -22891.619
Parameters optimization took 2 rounds (0.213 sec)

BETTER TREE FOUND at iteration 1: -22891.619
Estimate model parameters (epsilon = 0.100)
Initial log-likelihood: -22891.574
Current log-likelihood at step 1: -22891.561
Parameters optimization took 0 rounds (0.052 sec)

BETTER TREE FOUND at iteration 5: -22891.561
Iteration 10 / LogL: -22901.121 / Time: 0h:30m:21s
Estimate model parameters (epsilon = 0.100)
Initial log-likelihood: -22890.171
Current log-likelihood at step 1: -22889.622
Current log-likelihood at step 2: -22889.578
Parameters optimization took 1 rounds (0.146 sec)

BETTER TREE FOUND at iteration 12: -22889.578
Iteration 20 / LogL: -22901.765 / Time: 0h:30m:25s
Finish initializing candidate tree set (8)
Current best tree score: -22889.578 / CPU time: 10.483
Number of iterations: 20
--------------------------------------------------------------------
|               OPTIMIZING CANDIDATE TREE SET                      |
--------------------------------------------------------------------
Iteration 30 / LogL: -22891.713 / Time: 0h:30m:28s (0h:0m:41s left)
Iteration 40 / LogL: -22896.647 / Time: 0h:30m:32s (0h:0m:32s left)
Iteration 50 / LogL: -22891.630 / Time: 0h:30m:35s (0h:0m:26s left)
Iteration 60 / LogL: -22889.589 / Time: 0h:30m:38s (0h:0m:21s left)
Iteration 70 / LogL: -22891.661 / Time: 0h:30m:42s (0h:0m:16s left)
Estimate model parameters (epsilon = 0.100)
Initial log-likelihood: -22889.567
Current log-likelihood at step 1: -22889.564
Parameters optimization took 0 rounds (0.052 sec)

UPDATE BEST LOG-LIKELIHOOD: -22889.564
UPDATE BEST LOG-LIKELIHOOD: -22889.563
Iteration 80 / LogL: -22890.026 / Time: 0h:30m:45s (0h:0m:12s left)
Iteration 90 / LogL: -22889.581 / Time: 0h:30m:49s (0h:0m:8s left)
Iteration 100 / LogL: -22891.769 / Time: 0h:30m:52s (0h:0m:4s left)
Iteration 110 / LogL: -22890.106 / Time: 0h:30m:56s (0h:0m:0s left)
TREE SEARCH COMPLETED AFTER 113 ITERATIONS / Time: 0h:30m:57s

--------------------------------------------------------------------
|                    FINALIZING TREE SEARCH                        |
--------------------------------------------------------------------
Performs final model parameters optimization
Estimate model parameters (epsilon = 0.010)
Initial log-likelihood: -22889.563
Current log-likelihood at step 1: -22889.559
Partition-specific rates:  1.362 0.638
Parameters optimization took 0 rounds (0.053 sec)

Partition information was printed to partition_file.nex.best_model.nex
BEST SCORE FOUND : -22889.559
Total tree length: 18.460

Total number of iterations: 113
CPU time used for tree search: 42.311 sec (0h:0m:42s)
Wall-clock time used for tree search: 42.355 sec (0h:0m:42s)
Total CPU time used: 1861.969 sec (0h:31m:1s)
Total wall-clock time used: 1857.585 sec (0h:30m:57s)

===> START BOOTSTRAP REPLICATE NUMBER 48

Creating bootstrap alignment (seed: 900212)...

Create initial parsimony tree by phylogenetic likelihood library (PLL)... 0.005 seconds
Reading model parameters from file /Users/mful870/Desktop/MD_3di_Dev_02Oct24/Scriptorum/SubstitutionMatrix/3di_substmat
WARNING: Normalizing state frequencies so that sum of them equals to 1

NOTE: 7 MB RAM (0 GB) is required!
Estimate model parameters (epsilon = 0.100)
Initial log-likelihood: -24949.811
Current log-likelihood at step 1: -23640.111
Current log-likelihood at step 2: -23307.623
Current log-likelihood at step 3: -22900.819
Current log-likelihood at step 4: -22900.650
Current log-likelihood at step 5: -22900.627
Partition-specific rates:  1.324 0.676
Parameters optimization took 4 rounds (0.650 sec)

Wrote distance file to... 
Computing ML distances based on estimated model parameters...
Calculating distance matrix: done in 0.000118971 secs using 87.42% CPU
Computing ML distances took 0.000208 sec (of wall-clock time) 0.000150 sec (of CPU time)
Setting up auxiliary I and S matrices: done in 5.48363e-05 secs using 71.12% CPU
Computing RapidNJ tree took 0.000224 sec (of wall-clock time) 0.000140 sec (of CPU time)
Log-likelihood of RapidNJ tree: -24968.317
--------------------------------------------------------------------
|             INITIALIZING CANDIDATE TREE SET                      |
--------------------------------------------------------------------
Generating 98 parsimony trees... 0.523 second
Computing log-likelihood of 98 initial trees ... 1.740 seconds
Current best score: -22900.627

Do NNI search on 20 best initial trees
Estimate model parameters (epsilon = 0.100)
Initial log-likelihood: -22889.456
Current log-likelihood at step 1: -22889.363
Parameters optimization took 0 rounds (0.082 sec)

BETTER TREE FOUND at iteration 1: -22889.363
Estimate model parameters (epsilon = 0.100)
Initial log-likelihood: -22882.566
Current log-likelihood at step 1: -22879.314
Current log-likelihood at step 2: -22879.118
Current log-likelihood at step 3: -22879.106
Parameters optimization took 2 rounds (0.253 sec)

BETTER TREE FOUND at iteration 2: -22879.106
Iteration 10 / LogL: -22889.598 / Time: 0h:31m:4s
Iteration 20 / LogL: -22880.191 / Time: 0h:31m:7s
Finish initializing candidate tree set (5)
Current best tree score: -22879.106 / CPU time: 8.615
Number of iterations: 20
--------------------------------------------------------------------
|               OPTIMIZING CANDIDATE TREE SET                      |
--------------------------------------------------------------------
Iteration 30 / LogL: -22879.492 / Time: 0h:31m:10s (0h:0m:30s left)
Iteration 40 / LogL: -22879.363 / Time: 0h:31m:12s (0h:0m:24s left)
Iteration 50 / LogL: -22893.708 / Time: 0h:31m:15s (0h:0m:19s left)
Iteration 60 / LogL: -22889.739 / Time: 0h:31m:18s (0h:0m:14s left)
Iteration 70 / LogL: -22880.343 / Time: 0h:31m:21s (0h:0m:10s left)
Iteration 80 / LogL: -22890.287 / Time: 0h:31m:24s (0h:0m:7s left)
Iteration 90 / LogL: -22892.639 / Time: 0h:31m:27s (0h:0m:4s left)
Iteration 100 / LogL: -22879.803 / Time: 0h:31m:30s (0h:0m:0s left)
TREE SEARCH COMPLETED AFTER 103 ITERATIONS / Time: 0h:31m:31s

--------------------------------------------------------------------
|                    FINALIZING TREE SEARCH                        |
--------------------------------------------------------------------
Performs final model parameters optimization
Estimate model parameters (epsilon = 0.010)
Initial log-likelihood: -22879.106
Current log-likelihood at step 1: -22879.104
Partition-specific rates:  1.330 0.670
Parameters optimization took 0 rounds (0.054 sec)

Partition information was printed to partition_file.nex.best_model.nex
BEST SCORE FOUND : -22879.104
Total tree length: 18.264

Total number of iterations: 103
CPU time used for tree search: 32.736 sec (0h:0m:32s)
Wall-clock time used for tree search: 32.780 sec (0h:0m:32s)
Total CPU time used: 1895.741 sec (0h:31m:35s)
Total wall-clock time used: 1891.271 sec (0h:31m:31s)

===> START BOOTSTRAP REPLICATE NUMBER 49

Creating bootstrap alignment (seed: 900213)...

Create initial parsimony tree by phylogenetic likelihood library (PLL)... 0.004 seconds
Reading model parameters from file /Users/mful870/Desktop/MD_3di_Dev_02Oct24/Scriptorum/SubstitutionMatrix/3di_substmat
WARNING: Normalizing state frequencies so that sum of them equals to 1

NOTE: 7 MB RAM (0 GB) is required!
Estimate model parameters (epsilon = 0.100)
Initial log-likelihood: -25945.309
Current log-likelihood at step 1: -24654.314
Current log-likelihood at step 2: -24479.850
Current log-likelihood at step 3: -24116.253
Current log-likelihood at step 4: -23930.314
Current log-likelihood at step 5: -23930.222
Partition-specific rates:  1.367 0.633
Parameters optimization took 4 rounds (0.696 sec)

Wrote distance file to... 
Computing ML distances based on estimated model parameters...
Calculating distance matrix: done in 7.29561e-05 secs using 87.72% CPU
Computing ML distances took 0.000121 sec (of wall-clock time) 0.000090 sec (of CPU time)
Setting up auxiliary I and S matrices: done in 3.60012e-05 secs using 75% CPU
Computing RapidNJ tree took 0.000158 sec (of wall-clock time) 0.000097 sec (of CPU time)
Log-likelihood of RapidNJ tree: -26086.513
--------------------------------------------------------------------
|             INITIALIZING CANDIDATE TREE SET                      |
--------------------------------------------------------------------
Generating 98 parsimony trees... 0.494 second
Computing log-likelihood of 98 initial trees ... 1.644 seconds
Current best score: -23930.222

Do NNI search on 20 best initial trees
Estimate model parameters (epsilon = 0.100)
Initial log-likelihood: -23902.766
Current log-likelihood at step 1: -23902.539
Current log-likelihood at step 2: -23902.526
Parameters optimization took 1 rounds (0.169 sec)

BETTER TREE FOUND at iteration 1: -23902.526
Iteration 10 / LogL: -23903.132 / Time: 0h:31m:37s
Iteration 20 / LogL: -23903.117 / Time: 0h:31m:40s
Finish initializing candidate tree set (1)
Current best tree score: -23902.526 / CPU time: 8.390
Number of iterations: 20
--------------------------------------------------------------------
|               OPTIMIZING CANDIDATE TREE SET                      |
--------------------------------------------------------------------
Iteration 30 / LogL: -23902.979 / Time: 0h:31m:43s (0h:0m:29s left)
Iteration 40 / LogL: -23903.616 / Time: 0h:31m:45s (0h:0m:22s left)
Iteration 50 / LogL: -23903.108 / Time: 0h:31m:48s (0h:0m:17s left)
Iteration 60 / LogL: -23903.615 / Time: 0h:31m:51s (0h:0m:13s left)
Iteration 70 / LogL: -23903.600 / Time: 0h:31m:54s (0h:0m:10s left)
Iteration 80 / LogL: -23902.700 / Time: 0h:31m:57s (0h:0m:6s left)
Iteration 90 / LogL: -23902.701 / Time: 0h:32m:0s (0h:0m:3s left)
Iteration 100 / LogL: -23902.793 / Time: 0h:32m:3s (0h:0m:0s left)
TREE SEARCH COMPLETED AFTER 102 ITERATIONS / Time: 0h:32m:4s

--------------------------------------------------------------------
|                    FINALIZING TREE SEARCH                        |
--------------------------------------------------------------------
Performs final model parameters optimization
Estimate model parameters (epsilon = 0.010)
Initial log-likelihood: -23902.526
Current log-likelihood at step 1: -23902.523
Partition-specific rates:  1.363 0.637
Parameters optimization took 0 rounds (0.052 sec)

Partition information was printed to partition_file.nex.best_model.nex
BEST SCORE FOUND : -23902.523
Total tree length: 18.325

Total number of iterations: 102
CPU time used for tree search: 32.044 sec (0h:0m:32s)
Wall-clock time used for tree search: 32.109 sec (0h:0m:32s)
Total CPU time used: 1928.932 sec (0h:32m:8s)
Total wall-clock time used: 1924.354 sec (0h:32m:4s)

===> START BOOTSTRAP REPLICATE NUMBER 50

Creating bootstrap alignment (seed: 900214)...

Create initial parsimony tree by phylogenetic likelihood library (PLL)... 0.006 seconds
Reading model parameters from file /Users/mful870/Desktop/MD_3di_Dev_02Oct24/Scriptorum/SubstitutionMatrix/3di_substmat
WARNING: Normalizing state frequencies so that sum of them equals to 1

NOTE: 7 MB RAM (0 GB) is required!
Estimate model parameters (epsilon = 0.100)
Initial log-likelihood: -25655.258
Current log-likelihood at step 1: -24339.754
Current log-likelihood at step 2: -24034.291
Current log-likelihood at step 3: -23592.128
Current log-likelihood at step 4: -23592.042
Partition-specific rates:  1.345 0.655
Parameters optimization took 3 rounds (0.533 sec)

Wrote distance file to... 
Computing ML distances based on estimated model parameters...
Calculating distance matrix: done in 7.29561e-05 secs using 89.09% CPU
Computing ML distances took 0.000123 sec (of wall-clock time) 0.000092 sec (of CPU time)
Setting up auxiliary I and S matrices: done in 3.69549e-05 secs using 75.77% CPU
Computing RapidNJ tree took 0.000161 sec (of wall-clock time) 0.000103 sec (of CPU time)
Log-likelihood of RapidNJ tree: -25824.353
--------------------------------------------------------------------
|             INITIALIZING CANDIDATE TREE SET                      |
--------------------------------------------------------------------
Generating 98 parsimony trees... 0.586 second
Computing log-likelihood of 98 initial trees ... 1.634 seconds
Current best score: -23592.042

Do NNI search on 20 best initial trees
Estimate model parameters (epsilon = 0.100)
Initial log-likelihood: -23580.925
Current log-likelihood at step 1: -23580.823
Current log-likelihood at step 2: -23580.814
Parameters optimization took 1 rounds (0.143 sec)

BETTER TREE FOUND at iteration 1: -23580.814
Estimate model parameters (epsilon = 0.100)
Initial log-likelihood: -23580.551
Current log-likelihood at step 1: -23579.879
Current log-likelihood at step 2: -23579.840
Parameters optimization took 1 rounds (0.118 sec)

BETTER TREE FOUND at iteration 2: -23579.840
Estimate model parameters (epsilon = 0.100)
Initial log-likelihood: -23577.553
Current log-likelihood at step 1: -23576.858
Current log-likelihood at step 2: -23576.816
Parameters optimization took 1 rounds (0.179 sec)

BETTER TREE FOUND at iteration 6: -23576.816
Iteration 10 / LogL: -23581.100 / Time: 0h:32m:10s
Iteration 20 / LogL: -23581.643 / Time: 0h:32m:13s
Finish initializing candidate tree set (11)
Current best tree score: -23576.816 / CPU time: 8.277
Number of iterations: 20
--------------------------------------------------------------------
|               OPTIMIZING CANDIDATE TREE SET                      |
--------------------------------------------------------------------
Estimate model parameters (epsilon = 0.100)
Initial log-likelihood: -23575.756
Current log-likelihood at step 1: -23575.506
Current log-likelihood at step 2: -23575.489
Parameters optimization took 1 rounds (0.146 sec)

BETTER TREE FOUND at iteration 29: -23575.489
Iteration 30 / LogL: -23577.397 / Time: 0h:32m:16s (0h:0m:41s left)
Iteration 40 / LogL: -23579.426 / Time: 0h:32m:19s (0h:0m:35s left)
Iteration 50 / LogL: -23578.000 / Time: 0h:32m:23s (0h:0m:30s left)
Iteration 60 / LogL: -23577.236 / Time: 0h:32m:26s (0h:0m:25s left)
Iteration 70 / LogL: -23578.417 / Time: 0h:32m:29s (0h:0m:21s left)
Iteration 80 / LogL: -23575.624 / Time: 0h:32m:32s (0h:0m:17s left)
Iteration 90 / LogL: -23577.278 / Time: 0h:32m:34s (0h:0m:13s left)
Estimate model parameters (epsilon = 0.100)
Initial log-likelihood: -23575.467
Current log-likelihood at step 1: -23575.413
Parameters optimization took 0 rounds (0.050 sec)

UPDATE BEST LOG-LIKELIHOOD: -23575.413
Iteration 100 / LogL: -23577.038 / Time: 0h:32m:37s (0h:0m:9s left)
Iteration 110 / LogL: -23575.894 / Time: 0h:32m:40s (0h:0m:6s left)
Iteration 120 / LogL: -23578.235 / Time: 0h:32m:43s (0h:0m:2s left)
Iteration 130 / LogL: -23575.450 / Time: 0h:32m:46s (0h:0m:-1s left)
TREE SEARCH COMPLETED AFTER 130 ITERATIONS / Time: 0h:32m:46s

--------------------------------------------------------------------
|                    FINALIZING TREE SEARCH                        |
--------------------------------------------------------------------
Performs final model parameters optimization
Estimate model parameters (epsilon = 0.010)
Initial log-likelihood: -23575.413
Current log-likelihood at step 1: -23575.395
Current log-likelihood at step 2: -23575.394
Partition-specific rates:  1.354 0.646
Parameters optimization took 1 rounds (0.115 sec)

Partition information was printed to partition_file.nex.best_model.nex
BEST SCORE FOUND : -23575.394
Total tree length: 18.367

Total number of iterations: 130
CPU time used for tree search: 41.388 sec (0h:0m:41s)
Wall-clock time used for tree search: 41.480 sec (0h:0m:41s)
Total CPU time used: 1971.420 sec (0h:32m:51s)
Total wall-clock time used: 1966.765 sec (0h:32m:46s)

===> START BOOTSTRAP REPLICATE NUMBER 51

Creating bootstrap alignment (seed: 900215)...

Create initial parsimony tree by phylogenetic likelihood library (PLL)... 0.006 seconds
Reading model parameters from file /Users/mful870/Desktop/MD_3di_Dev_02Oct24/Scriptorum/SubstitutionMatrix/3di_substmat
WARNING: Normalizing state frequencies so that sum of them equals to 1

NOTE: 7 MB RAM (0 GB) is required!
Estimate model parameters (epsilon = 0.100)
Initial log-likelihood: -25846.013
Current log-likelihood at step 1: -24612.741
Current log-likelihood at step 2: -24341.108
Current log-likelihood at step 3: -23892.211
Current log-likelihood at step 4: -23891.818
Current log-likelihood at step 5: -23891.750
Partition-specific rates:  1.367 0.633
Parameters optimization took 4 rounds (0.615 sec)

Wrote distance file to... 
Computing ML distances based on estimated model parameters...
Calculating distance matrix: done in 7.48634e-05 secs using 88.16% CPU
Computing ML distances took 0.000125 sec (of wall-clock time) 0.000093 sec (of CPU time)
Setting up auxiliary I and S matrices: done in 3.69549e-05 secs using 75.77% CPU
Computing RapidNJ tree took 0.000158 sec (of wall-clock time) 0.000099 sec (of CPU time)
Log-likelihood of RapidNJ tree: -26191.627
--------------------------------------------------------------------
|             INITIALIZING CANDIDATE TREE SET                      |
--------------------------------------------------------------------
Generating 98 parsimony trees... 0.566 second
Computing log-likelihood of 98 initial trees ... 1.645 seconds
Current best score: -23891.750

Do NNI search on 20 best initial trees
Estimate model parameters (epsilon = 0.100)
Initial log-likelihood: -23814.176
Current log-likelihood at step 1: -23813.181
Current log-likelihood at step 2: -23813.087
Parameters optimization took 1 rounds (0.144 sec)

BETTER TREE FOUND at iteration 1: -23813.087
Estimate model parameters (epsilon = 0.100)
Initial log-likelihood: -23809.388
Current log-likelihood at step 1: -23809.244
Current log-likelihood at step 2: -23809.241
Parameters optimization took 1 rounds (0.115 sec)

BETTER TREE FOUND at iteration 2: -23809.241
Estimate model parameters (epsilon = 0.100)
Initial log-likelihood: -23808.127
Current log-likelihood at step 1: -23807.911
Current log-likelihood at step 2: -23807.898
Parameters optimization took 1 rounds (0.150 sec)

BETTER TREE FOUND at iteration 8: -23807.898
Iteration 10 / LogL: -23810.480 / Time: 0h:32m:53s
Iteration 20 / LogL: -23809.381 / Time: 0h:32m:56s
Finish initializing candidate tree set (5)
Current best tree score: -23807.898 / CPU time: 9.277
Number of iterations: 20
--------------------------------------------------------------------
|               OPTIMIZING CANDIDATE TREE SET                      |
--------------------------------------------------------------------
Iteration 30 / LogL: -23809.900 / Time: 0h:32m:59s (0h:0m:35s left)
Iteration 40 / LogL: -23810.188 / Time: 0h:33m:2s (0h:0m:27s left)
Iteration 50 / LogL: -23809.875 / Time: 0h:33m:6s (0h:0m:22s left)
Iteration 60 / LogL: -23809.385 / Time: 0h:33m:8s (0h:0m:17s left)
Iteration 70 / LogL: -23809.556 / Time: 0h:33m:11s (0h:0m:13s left)
Iteration 80 / LogL: -23809.029 / Time: 0h:33m:15s (0h:0m:10s left)
Iteration 90 / LogL: -23810.132 / Time: 0h:33m:18s (0h:0m:6s left)
Iteration 100 / LogL: -23807.930 / Time: 0h:33m:21s (0h:0m:2s left)
TREE SEARCH COMPLETED AFTER 109 ITERATIONS / Time: 0h:33m:24s

--------------------------------------------------------------------
|                    FINALIZING TREE SEARCH                        |
--------------------------------------------------------------------
Performs final model parameters optimization
Estimate model parameters (epsilon = 0.010)
Initial log-likelihood: -23807.898
Current log-likelihood at step 1: -23807.895
Partition-specific rates:  1.367 0.633
Parameters optimization took 0 rounds (0.052 sec)

Partition information was printed to partition_file.nex.best_model.nex
BEST SCORE FOUND : -23807.895
Total tree length: 18.558

Total number of iterations: 109
CPU time used for tree search: 36.721 sec (0h:0m:36s)
Wall-clock time used for tree search: 36.786 sec (0h:0m:36s)
Total CPU time used: 2009.188 sec (0h:33m:29s)
Total wall-clock time used: 2004.433 sec (0h:33m:24s)

===> START BOOTSTRAP REPLICATE NUMBER 52

Creating bootstrap alignment (seed: 900216)...

Create initial parsimony tree by phylogenetic likelihood library (PLL)... 0.005 seconds
Reading model parameters from file /Users/mful870/Desktop/MD_3di_Dev_02Oct24/Scriptorum/SubstitutionMatrix/3di_substmat
WARNING: Normalizing state frequencies so that sum of them equals to 1

NOTE: 7 MB RAM (0 GB) is required!
Estimate model parameters (epsilon = 0.100)
Initial log-likelihood: -25590.883
Current log-likelihood at step 1: -24183.010
Current log-likelihood at step 2: -23827.477
Current log-likelihood at step 3: -23444.190
Current log-likelihood at step 4: -23444.088
Current log-likelihood at step 5: -23444.084
Partition-specific rates:  1.361 0.639
Parameters optimization took 4 rounds (0.580 sec)

Wrote distance file to... 
Computing ML distances based on estimated model parameters...
Calculating distance matrix: done in 7.29561e-05 secs using 89.09% CPU
Computing ML distances took 0.000121 sec (of wall-clock time) 0.000090 sec (of CPU time)
Setting up auxiliary I and S matrices: done in 3.60012e-05 secs using 72.22% CPU
Computing RapidNJ tree took 0.000159 sec (of wall-clock time) 0.000100 sec (of CPU time)
Log-likelihood of RapidNJ tree: -25553.591
--------------------------------------------------------------------
|             INITIALIZING CANDIDATE TREE SET                      |
--------------------------------------------------------------------
Generating 98 parsimony trees... 0.506 second
Computing log-likelihood of 98 initial trees ... 1.661 seconds
Current best score: -23444.084

Do NNI search on 20 best initial trees
Estimate model parameters (epsilon = 0.100)
Initial log-likelihood: -23425.194
Current log-likelihood at step 1: -23424.736
Current log-likelihood at step 2: -23424.712
Parameters optimization took 1 rounds (0.120 sec)

BETTER TREE FOUND at iteration 1: -23424.712
Estimate model parameters (epsilon = 0.100)
Initial log-likelihood: -23421.073
Current log-likelihood at step 1: -23419.295
Current log-likelihood at step 2: -23418.897
Current log-likelihood at step 3: -23418.874
Parameters optimization took 2 rounds (0.196 sec)

BETTER TREE FOUND at iteration 3: -23418.874
Estimate model parameters (epsilon = 0.100)
Initial log-likelihood: -23418.733
Current log-likelihood at step 1: -23416.232
Current log-likelihood at step 2: -23415.736
Current log-likelihood at step 3: -23415.712
Parameters optimization took 2 rounds (0.233 sec)

BETTER TREE FOUND at iteration 9: -23415.712
Iteration 10 / LogL: -23421.147 / Time: 0h:33m:30s
Iteration 20 / LogL: -23430.507 / Time: 0h:33m:33s
Finish initializing candidate tree set (8)
Current best tree score: -23415.712 / CPU time: 8.572
Number of iterations: 20
--------------------------------------------------------------------
|               OPTIMIZING CANDIDATE TREE SET                      |
--------------------------------------------------------------------
Iteration 30 / LogL: -23417.704 / Time: 0h:33m:36s (0h:0m:33s left)
Iteration 40 / LogL: -23418.850 / Time: 0h:33m:39s (0h:0m:27s left)
Iteration 50 / LogL: -23422.014 / Time: 0h:33m:42s (0h:0m:21s left)
Iteration 60 / LogL: -23427.793 / Time: 0h:33m:45s (0h:0m:17s left)
Iteration 70 / LogL: -23417.419 / Time: 0h:33m:48s (0h:0m:13s left)
Iteration 80 / LogL: -23418.882 / Time: 0h:33m:51s (0h:0m:9s left)
Iteration 90 / LogL: -23416.449 / Time: 0h:33m:54s (0h:0m:6s left)
Iteration 100 / LogL: -23417.518 / Time: 0h:33m:56s (0h:0m:2s left)
Iteration 110 / LogL: -23418.498 / Time: 0h:33m:59s (0h:0m:-1s left)
TREE SEARCH COMPLETED AFTER 110 ITERATIONS / Time: 0h:33m:59s

--------------------------------------------------------------------
|                    FINALIZING TREE SEARCH                        |
--------------------------------------------------------------------
Performs final model parameters optimization
Estimate model parameters (epsilon = 0.010)
Initial log-likelihood: -23415.712
Current log-likelihood at step 1: -23415.703
Partition-specific rates:  1.368 0.632
Parameters optimization took 0 rounds (0.051 sec)

Partition information was printed to partition_file.nex.best_model.nex
BEST SCORE FOUND : -23415.703
Total tree length: 20.753

Total number of iterations: 110
CPU time used for tree search: 34.578 sec (0h:0m:34s)
Wall-clock time used for tree search: 34.648 sec (0h:0m:34s)
Total CPU time used: 2044.842 sec (0h:34m:4s)
Total wall-clock time used: 2039.992 sec (0h:33m:59s)

===> START BOOTSTRAP REPLICATE NUMBER 53

Creating bootstrap alignment (seed: 900217)...

Create initial parsimony tree by phylogenetic likelihood library (PLL)... 0.005 seconds
Reading model parameters from file /Users/mful870/Desktop/MD_3di_Dev_02Oct24/Scriptorum/SubstitutionMatrix/3di_substmat
WARNING: Normalizing state frequencies so that sum of them equals to 1

NOTE: 7 MB RAM (0 GB) is required!
Estimate model parameters (epsilon = 0.100)
Initial log-likelihood: -25102.563
Current log-likelihood at step 1: -23808.973
Current log-likelihood at step 2: -23489.871
Current log-likelihood at step 3: -23048.877
Current log-likelihood at step 4: -23047.918
Current log-likelihood at step 5: -23047.816
Current log-likelihood at step 6: -23047.810
Partition-specific rates:  1.376 0.624
Parameters optimization took 5 rounds (0.717 sec)

Wrote distance file to... 
Computing ML distances based on estimated model parameters...
Calculating distance matrix: done in 7.39098e-05 secs using 86.59% CPU
Computing ML distances took 0.000123 sec (of wall-clock time) 0.000092 sec (of CPU time)
Setting up auxiliary I and S matrices: done in 4.1008e-05 secs using 68.28% CPU
Computing RapidNJ tree took 0.000169 sec (of wall-clock time) 0.000103 sec (of CPU time)
Log-likelihood of RapidNJ tree: -25164.090
--------------------------------------------------------------------
|             INITIALIZING CANDIDATE TREE SET                      |
--------------------------------------------------------------------
Generating 98 parsimony trees... 0.531 second
Computing log-likelihood of 98 initial trees ... 1.768 seconds
Current best score: -23047.810

Do NNI search on 20 best initial trees
Estimate model parameters (epsilon = 0.100)
Initial log-likelihood: -23042.817
Current log-likelihood at step 1: -23042.225
Current log-likelihood at step 2: -23042.175
Parameters optimization took 1 rounds (0.156 sec)

BETTER TREE FOUND at iteration 1: -23042.175
Estimate model parameters (epsilon = 0.100)
Initial log-likelihood: -23036.505
Current log-likelihood at step 1: -23035.860
Current log-likelihood at step 2: -23035.798
Parameters optimization took 1 rounds (0.122 sec)

BETTER TREE FOUND at iteration 4: -23035.798
Iteration 10 / LogL: -23043.467 / Time: 0h:34m:6s
Iteration 20 / LogL: -23045.452 / Time: 0h:34m:9s
Finish initializing candidate tree set (4)
Current best tree score: -23035.798 / CPU time: 8.779
Number of iterations: 20
--------------------------------------------------------------------
|               OPTIMIZING CANDIDATE TREE SET                      |
--------------------------------------------------------------------
Iteration 30 / LogL: -23036.628 / Time: 0h:34m:12s (0h:0m:31s left)
Iteration 40 / LogL: -23035.905 / Time: 0h:34m:15s (0h:0m:25s left)
Iteration 50 / LogL: -23035.916 / Time: 0h:34m:19s (0h:0m:21s left)
Iteration 60 / LogL: -23043.101 / Time: 0h:34m:22s (0h:0m:16s left)
Iteration 70 / LogL: -23035.916 / Time: 0h:34m:25s (0h:0m:12s left)
Iteration 80 / LogL: -23042.537 / Time: 0h:34m:29s (0h:0m:8s left)
Iteration 90 / LogL: -23043.669 / Time: 0h:34m:32s (0h:0m:5s left)
Iteration 100 / LogL: -23043.445 / Time: 0h:34m:35s (0h:0m:1s left)
TREE SEARCH COMPLETED AFTER 105 ITERATIONS / Time: 0h:34m:36s

--------------------------------------------------------------------
|                    FINALIZING TREE SEARCH                        |
--------------------------------------------------------------------
Performs final model parameters optimization
Estimate model parameters (epsilon = 0.010)
Initial log-likelihood: -23035.798
Current log-likelihood at step 1: -23035.775
Current log-likelihood at step 2: -23035.772
Partition-specific rates:  1.373 0.627
Parameters optimization took 1 rounds (0.116 sec)

Partition information was printed to partition_file.nex.best_model.nex
BEST SCORE FOUND : -23035.772
Total tree length: 18.511

Total number of iterations: 105
CPU time used for tree search: 35.513 sec (0h:0m:35s)
Wall-clock time used for tree search: 35.576 sec (0h:0m:35s)
Total CPU time used: 2081.606 sec (0h:34m:41s)
Total wall-clock time used: 2076.649 sec (0h:34m:36s)

===> START BOOTSTRAP REPLICATE NUMBER 54

Creating bootstrap alignment (seed: 900218)...

Create initial parsimony tree by phylogenetic likelihood library (PLL)... 0.003 seconds
Reading model parameters from file /Users/mful870/Desktop/MD_3di_Dev_02Oct24/Scriptorum/SubstitutionMatrix/3di_substmat
WARNING: Normalizing state frequencies so that sum of them equals to 1

NOTE: 7 MB RAM (0 GB) is required!
Estimate model parameters (epsilon = 0.100)
Initial log-likelihood: -25271.308
Current log-likelihood at step 1: -23970.755
Current log-likelihood at step 2: -23637.538
Current log-likelihood at step 3: -23237.264
Current log-likelihood at step 4: -23237.092
Current log-likelihood at step 5: -23237.066
Partition-specific rates:  1.337 0.663
Parameters optimization took 4 rounds (0.625 sec)

Wrote distance file to... 
Computing ML distances based on estimated model parameters...
Calculating distance matrix: done in 7.29561e-05 secs using 89.09% CPU
Computing ML distances took 0.000127 sec (of wall-clock time) 0.000092 sec (of CPU time)
Setting up auxiliary I and S matrices: done in 3.19481e-05 secs using 71.99% CPU
Computing RapidNJ tree took 0.000140 sec (of wall-clock time) 0.000093 sec (of CPU time)
Log-likelihood of RapidNJ tree: -25142.250
--------------------------------------------------------------------
|             INITIALIZING CANDIDATE TREE SET                      |
--------------------------------------------------------------------
Generating 98 parsimony trees... 0.538 second
Computing log-likelihood of 98 initial trees ... 1.672 seconds
Current best score: -23237.066

Do NNI search on 20 best initial trees
Estimate model parameters (epsilon = 0.100)
Initial log-likelihood: -23168.422
Current log-likelihood at step 1: -23167.957
Current log-likelihood at step 2: -23167.922
Parameters optimization took 1 rounds (0.173 sec)

BETTER TREE FOUND at iteration 1: -23167.922
Estimate model parameters (epsilon = 0.100)
Initial log-likelihood: -23167.779
Current log-likelihood at step 1: -23166.298
Current log-likelihood at step 2: -23166.111
Current log-likelihood at step 3: -23166.097
Parameters optimization took 2 rounds (0.211 sec)

BETTER TREE FOUND at iteration 3: -23166.097
Estimate model parameters (epsilon = 0.100)
Initial log-likelihood: -23163.568
Current log-likelihood at step 1: -23162.930
Current log-likelihood at step 2: -23162.878
Parameters optimization took 1 rounds (0.179 sec)

BETTER TREE FOUND at iteration 4: -23162.878
Iteration 10 / LogL: -23164.372 / Time: 0h:34m:44s
Iteration 20 / LogL: -23168.569 / Time: 0h:34m:48s
Finish initializing candidate tree set (10)
Current best tree score: -23162.878 / CPU time: 10.985
Number of iterations: 20
--------------------------------------------------------------------
|               OPTIMIZING CANDIDATE TREE SET                      |
--------------------------------------------------------------------
Estimate model parameters (epsilon = 0.100)
Initial log-likelihood: -23162.863
Current log-likelihood at step 1: -23162.852
Parameters optimization took 0 rounds (0.053 sec)

UPDATE BEST LOG-LIKELIHOOD: -23162.852
Iteration 30 / LogL: -23163.063 / Time: 0h:34m:52s (0h:0m:39s left)
Iteration 40 / LogL: -23163.206 / Time: 0h:34m:55s (0h:0m:31s left)
Iteration 50 / LogL: -23163.097 / Time: 0h:34m:59s (0h:0m:25s left)
Iteration 60 / LogL: -23163.027 / Time: 0h:35m:2s (0h:0m:19s left)
Iteration 70 / LogL: -23163.244 / Time: 0h:35m:6s (0h:0m:14s left)
Iteration 80 / LogL: -23163.133 / Time: 0h:35m:10s (0h:0m:10s left)
Iteration 90 / LogL: -23162.892 / Time: 0h:35m:13s (0h:0m:5s left)
Iteration 100 / LogL: -23165.230 / Time: 0h:35m:16s (0h:0m:1s left)
TREE SEARCH COMPLETED AFTER 105 ITERATIONS / Time: 0h:35m:18s

--------------------------------------------------------------------
|                    FINALIZING TREE SEARCH                        |
--------------------------------------------------------------------
Performs final model parameters optimization
Estimate model parameters (epsilon = 0.010)
Initial log-likelihood: -23162.852
Current log-likelihood at step 1: -23162.850
Partition-specific rates:  1.339 0.661
Parameters optimization took 0 rounds (0.049 sec)

Partition information was printed to partition_file.nex.best_model.nex
BEST SCORE FOUND : -23162.850
Total tree length: 18.953

Total number of iterations: 105
CPU time used for tree search: 40.662 sec (0h:0m:40s)
Wall-clock time used for tree search: 40.738 sec (0h:0m:40s)
Total CPU time used: 2123.491 sec (0h:35m:23s)
Total wall-clock time used: 2118.441 sec (0h:35m:18s)

===> START BOOTSTRAP REPLICATE NUMBER 55

Creating bootstrap alignment (seed: 900219)...

Create initial parsimony tree by phylogenetic likelihood library (PLL)... 0.005 seconds
Reading model parameters from file /Users/mful870/Desktop/MD_3di_Dev_02Oct24/Scriptorum/SubstitutionMatrix/3di_substmat
WARNING: Normalizing state frequencies so that sum of them equals to 1

NOTE: 7 MB RAM (0 GB) is required!
Estimate model parameters (epsilon = 0.100)
Initial log-likelihood: -25726.596
Current log-likelihood at step 1: -24350.261
Current log-likelihood at step 2: -24073.461
Current log-likelihood at step 3: -23610.902
Current log-likelihood at step 4: -23610.339
Current log-likelihood at step 5: -23610.244
Partition-specific rates:  1.370 0.630
Parameters optimization took 4 rounds (0.632 sec)

Wrote distance file to... 
Computing ML distances based on estimated model parameters...
Calculating distance matrix: done in 7.39098e-05 secs using 86.59% CPU
Computing ML distances took 0.000131 sec (of wall-clock time) 0.000092 sec (of CPU time)
Setting up auxiliary I and S matrices: done in 3.09944e-05 secs using 74.21% CPU
Computing RapidNJ tree took 0.000135 sec (of wall-clock time) 0.000092 sec (of CPU time)
Log-likelihood of RapidNJ tree: -25721.018
--------------------------------------------------------------------
|             INITIALIZING CANDIDATE TREE SET                      |
--------------------------------------------------------------------
Generating 98 parsimony trees... 0.539 second
Computing log-likelihood of 98 initial trees ... 1.720 seconds
Current best score: -23610.244

Do NNI search on 20 best initial trees
Estimate model parameters (epsilon = 0.100)
Initial log-likelihood: -23597.552
Current log-likelihood at step 1: -23597.382
Current log-likelihood at step 2: -23597.372
Parameters optimization took 1 rounds (0.167 sec)

BETTER TREE FOUND at iteration 1: -23597.372
Estimate model parameters (epsilon = 0.100)
Initial log-likelihood: -23594.137
Current log-likelihood at step 1: -23593.645
Current log-likelihood at step 2: -23593.612
Parameters optimization took 1 rounds (0.121 sec)

BETTER TREE FOUND at iteration 3: -23593.612
Iteration 10 / LogL: -23593.629 / Time: 0h:35m:24s
Iteration 20 / LogL: -23606.418 / Time: 0h:35m:28s
Finish initializing candidate tree set (5)
Current best tree score: -23593.612 / CPU time: 9.125
Number of iterations: 20
--------------------------------------------------------------------
|               OPTIMIZING CANDIDATE TREE SET                      |
--------------------------------------------------------------------
Estimate model parameters (epsilon = 0.100)
Initial log-likelihood: -23593.598
Current log-likelihood at step 1: -23593.597
Parameters optimization took 0 rounds (0.053 sec)

UPDATE BEST LOG-LIKELIHOOD: -23593.597
Iteration 30 / LogL: -23605.370 / Time: 0h:35m:32s (0h:0m:34s left)
Iteration 40 / LogL: -23597.435 / Time: 0h:35m:35s (0h:0m:27s left)
Iteration 50 / LogL: -23593.711 / Time: 0h:35m:39s (0h:0m:22s left)
Iteration 60 / LogL: -23598.106 / Time: 0h:35m:42s (0h:0m:17s left)
Iteration 70 / LogL: -23598.316 / Time: 0h:35m:46s (0h:0m:13s left)
Iteration 80 / LogL: -23597.490 / Time: 0h:35m:50s (0h:0m:9s left)
Iteration 90 / LogL: -23593.613 / Time: 0h:35m:54s (0h:0m:5s left)
Iteration 100 / LogL: -23593.603 / Time: 0h:35m:57s (0h:0m:1s left)
TREE SEARCH COMPLETED AFTER 104 ITERATIONS / Time: 0h:35m:58s

--------------------------------------------------------------------
|                    FINALIZING TREE SEARCH                        |
--------------------------------------------------------------------
Performs final model parameters optimization
Estimate model parameters (epsilon = 0.010)
Initial log-likelihood: -23593.597
Current log-likelihood at step 1: -23593.597
Partition-specific rates:  1.372 0.628
Parameters optimization took 0 rounds (0.051 sec)

Partition information was printed to partition_file.nex.best_model.nex
BEST SCORE FOUND : -23593.597
Total tree length: 18.704

Total number of iterations: 104
CPU time used for tree search: 39.599 sec (0h:0m:39s)
Wall-clock time used for tree search: 39.675 sec (0h:0m:39s)
Total CPU time used: 2164.194 sec (0h:36m:4s)
Total wall-clock time used: 2159.051 sec (0h:35m:59s)

===> START BOOTSTRAP REPLICATE NUMBER 56

Creating bootstrap alignment (seed: 900220)...

Create initial parsimony tree by phylogenetic likelihood library (PLL)... 0.004 seconds
Reading model parameters from file /Users/mful870/Desktop/MD_3di_Dev_02Oct24/Scriptorum/SubstitutionMatrix/3di_substmat
WARNING: Normalizing state frequencies so that sum of them equals to 1

NOTE: 7 MB RAM (0 GB) is required!
Estimate model parameters (epsilon = 0.100)
Initial log-likelihood: -25253.214
Current log-likelihood at step 1: -23976.719
Current log-likelihood at step 2: -23773.384
Current log-likelihood at step 3: -23454.669
Current log-likelihood at step 4: -23255.177
Current log-likelihood at step 5: -23255.108
Partition-specific rates:  1.365 0.635
Parameters optimization took 4 rounds (0.657 sec)

Wrote distance file to... 
Computing ML distances based on estimated model parameters...
Calculating distance matrix: done in 7.39098e-05 secs using 87.95% CPU
Computing ML distances took 0.000123 sec (of wall-clock time) 0.000091 sec (of CPU time)
Setting up auxiliary I and S matrices: done in 3.69549e-05 secs using 73.06% CPU
Computing RapidNJ tree took 0.000162 sec (of wall-clock time) 0.000103 sec (of CPU time)
Log-likelihood of RapidNJ tree: -25209.598
--------------------------------------------------------------------
|             INITIALIZING CANDIDATE TREE SET                      |
--------------------------------------------------------------------
Generating 98 parsimony trees... 0.495 second
Computing log-likelihood of 98 initial trees ... 1.634 seconds
Current best score: -23255.108

Do NNI search on 20 best initial trees
Estimate model parameters (epsilon = 0.100)
Initial log-likelihood: -23201.718
Current log-likelihood at step 1: -23201.360
Current log-likelihood at step 2: -23201.320
Parameters optimization took 1 rounds (0.167 sec)

BETTER TREE FOUND at iteration 1: -23201.320
Estimate model parameters (epsilon = 0.100)
Initial log-likelihood: -23197.443
Current log-likelihood at step 1: -23197.324
Current log-likelihood at step 2: -23197.306
Parameters optimization took 1 rounds (0.154 sec)

BETTER TREE FOUND at iteration 7: -23197.306
Iteration 10 / LogL: -23203.345 / Time: 0h:36m:5s
Iteration 20 / LogL: -23197.347 / Time: 0h:36m:9s
Finish initializing candidate tree set (8)
Current best tree score: -23197.306 / CPU time: 9.143
Number of iterations: 20
--------------------------------------------------------------------
|               OPTIMIZING CANDIDATE TREE SET                      |
--------------------------------------------------------------------
Iteration 30 / LogL: -23197.593 / Time: 0h:36m:12s (0h:0m:34s left)
Iteration 40 / LogL: -23202.309 / Time: 0h:36m:15s (0h:0m:27s left)
Iteration 50 / LogL: -23199.686 / Time: 0h:36m:18s (0h:0m:22s left)
Iteration 60 / LogL: -23202.822 / Time: 0h:36m:20s (0h:0m:17s left)
Iteration 70 / LogL: -23197.730 / Time: 0h:36m:23s (0h:0m:13s left)
Iteration 80 / LogL: -23197.347 / Time: 0h:36m:26s (0h:0m:9s left)
Iteration 90 / LogL: -23201.687 / Time: 0h:36m:29s (0h:0m:5s left)
Iteration 100 / LogL: -23197.716 / Time: 0h:36m:32s (0h:0m:2s left)
TREE SEARCH COMPLETED AFTER 108 ITERATIONS / Time: 0h:36m:34s

--------------------------------------------------------------------
|                    FINALIZING TREE SEARCH                        |
--------------------------------------------------------------------
Performs final model parameters optimization
Estimate model parameters (epsilon = 0.010)
Initial log-likelihood: -23197.306
Current log-likelihood at step 1: -23197.303
Partition-specific rates:  1.355 0.645
Parameters optimization took 0 rounds (0.051 sec)

Partition information was printed to partition_file.nex.best_model.nex
BEST SCORE FOUND : -23197.303
Total tree length: 17.781

Total number of iterations: 108
CPU time used for tree search: 34.851 sec (0h:0m:34s)
Wall-clock time used for tree search: 34.909 sec (0h:0m:34s)
Total CPU time used: 2200.239 sec (0h:36m:40s)
Total wall-clock time used: 2194.995 sec (0h:36m:34s)

===> START BOOTSTRAP REPLICATE NUMBER 57

Creating bootstrap alignment (seed: 900221)...

Create initial parsimony tree by phylogenetic likelihood library (PLL)... 0.004 seconds
Reading model parameters from file /Users/mful870/Desktop/MD_3di_Dev_02Oct24/Scriptorum/SubstitutionMatrix/3di_substmat
WARNING: Normalizing state frequencies so that sum of them equals to 1

NOTE: 7 MB RAM (0 GB) is required!
Estimate model parameters (epsilon = 0.100)
Initial log-likelihood: -25451.456
Current log-likelihood at step 1: -24167.015
Current log-likelihood at step 2: -23900.375
Current log-likelihood at step 3: -23431.354
Current log-likelihood at step 4: -23430.682
Current log-likelihood at step 5: -23430.608
Partition-specific rates:  1.378 0.622
Parameters optimization took 4 rounds (0.618 sec)

Wrote distance file to... 
Computing ML distances based on estimated model parameters...
Calculating distance matrix: done in 7.29561e-05 secs using 86.35% CPU
Computing ML distances took 0.000123 sec (of wall-clock time) 0.000091 sec (of CPU time)
Setting up auxiliary I and S matrices: done in 3.29018e-05 secs using 72.94% CPU
Computing RapidNJ tree took 0.000144 sec (of wall-clock time) 0.000095 sec (of CPU time)
Log-likelihood of RapidNJ tree: -25312.398
--------------------------------------------------------------------
|             INITIALIZING CANDIDATE TREE SET                      |
--------------------------------------------------------------------
Generating 98 parsimony trees... 0.526 second
Computing log-likelihood of 98 initial trees ... 1.651 seconds
Current best score: -23430.608

Do NNI search on 20 best initial trees
Estimate model parameters (epsilon = 0.100)
Initial log-likelihood: -23414.719
Current log-likelihood at step 1: -23414.297
Current log-likelihood at step 2: -23414.262
Parameters optimization took 1 rounds (0.145 sec)

BETTER TREE FOUND at iteration 1: -23414.262
Estimate model parameters (epsilon = 0.100)
Initial log-likelihood: -23414.137
Current log-likelihood at step 1: -23414.060
Parameters optimization took 0 rounds (0.052 sec)

BETTER TREE FOUND at iteration 4: -23414.060
Iteration 10 / LogL: -23414.231 / Time: 0h:36m:41s
Iteration 20 / LogL: -23414.235 / Time: 0h:36m:45s
Finish initializing candidate tree set (4)
Current best tree score: -23414.060 / CPU time: 10.069
Number of iterations: 20
--------------------------------------------------------------------
|               OPTIMIZING CANDIDATE TREE SET                      |
--------------------------------------------------------------------
Iteration 30 / LogL: -23414.632 / Time: 0h:36m:49s (0h:0m:36s left)
Iteration 40 / LogL: -23414.202 / Time: 0h:36m:52s (0h:0m:28s left)
Iteration 50 / LogL: -23414.090 / Time: 0h:36m:55s (0h:0m:22s left)
Iteration 60 / LogL: -23421.280 / Time: 0h:36m:58s (0h:0m:17s left)
Iteration 70 / LogL: -23423.421 / Time: 0h:37m:2s (0h:0m:13s left)
Iteration 80 / LogL: -23420.466 / Time: 0h:37m:5s (0h:0m:9s left)
Iteration 90 / LogL: -23414.090 / Time: 0h:37m:9s (0h:0m:5s left)
Iteration 100 / LogL: -23414.529 / Time: 0h:37m:11s (0h:0m:1s left)
TREE SEARCH COMPLETED AFTER 105 ITERATIONS / Time: 0h:37m:13s

--------------------------------------------------------------------
|                    FINALIZING TREE SEARCH                        |
--------------------------------------------------------------------
Performs final model parameters optimization
Estimate model parameters (epsilon = 0.010)
Initial log-likelihood: -23414.060
Current log-likelihood at step 1: -23414.035
Current log-likelihood at step 2: -23414.032
Partition-specific rates:  1.377 0.623
Parameters optimization took 1 rounds (0.117 sec)

Partition information was printed to partition_file.nex.best_model.nex
BEST SCORE FOUND : -23414.032
Total tree length: 18.564

Total number of iterations: 105
CPU time used for tree search: 37.516 sec (0h:0m:37s)
Wall-clock time used for tree search: 37.579 sec (0h:0m:37s)
Total CPU time used: 2238.923 sec (0h:37m:18s)
Total wall-clock time used: 2233.569 sec (0h:37m:13s)

===> START BOOTSTRAP REPLICATE NUMBER 58

Creating bootstrap alignment (seed: 900222)...

Create initial parsimony tree by phylogenetic likelihood library (PLL)... 0.006 seconds
Reading model parameters from file /Users/mful870/Desktop/MD_3di_Dev_02Oct24/Scriptorum/SubstitutionMatrix/3di_substmat
WARNING: Normalizing state frequencies so that sum of them equals to 1

NOTE: 7 MB RAM (0 GB) is required!
Estimate model parameters (epsilon = 0.100)
Initial log-likelihood: -25741.270
Current log-likelihood at step 1: -24422.960
Current log-likelihood at step 2: -24090.295
Current log-likelihood at step 3: -23694.103
Current log-likelihood at step 4: -23693.639
Current log-likelihood at step 5: -23693.567
Partition-specific rates:  1.357 0.643
Parameters optimization took 4 rounds (0.613 sec)

Wrote distance file to... 
Computing ML distances based on estimated model parameters...
Calculating distance matrix: done in 8.2016e-05 secs using 80.47% CPU
Computing ML distances took 0.000133 sec (of wall-clock time) 0.000093 sec (of CPU time)
Setting up auxiliary I and S matrices: done in 3.50475e-05 secs using 74.18% CPU
Computing RapidNJ tree took 0.000152 sec (of wall-clock time) 0.000096 sec (of CPU time)
Log-likelihood of RapidNJ tree: -25841.281
--------------------------------------------------------------------
|             INITIALIZING CANDIDATE TREE SET                      |
--------------------------------------------------------------------
Generating 98 parsimony trees... 0.538 second
Computing log-likelihood of 98 initial trees ... 1.679 seconds
Current best score: -23693.567

Do NNI search on 20 best initial trees
Estimate model parameters (epsilon = 0.100)
Initial log-likelihood: -23666.512
Current log-likelihood at step 1: -23666.280
Current log-likelihood at step 2: -23666.259
Parameters optimization took 1 rounds (0.120 sec)

BETTER TREE FOUND at iteration 1: -23666.259
Iteration 10 / LogL: -23668.654 / Time: 0h:37m:20s
Iteration 20 / LogL: -23668.787 / Time: 0h:37m:24s
Finish initializing candidate tree set (5)
Current best tree score: -23666.259 / CPU time: 9.803
Number of iterations: 20
--------------------------------------------------------------------
|               OPTIMIZING CANDIDATE TREE SET                      |
--------------------------------------------------------------------
Iteration 30 / LogL: -23666.347 / Time: 0h:37m:27s (0h:0m:35s left)
Iteration 40 / LogL: -23700.441 / Time: 0h:37m:31s (0h:0m:27s left)
Iteration 50 / LogL: -23666.392 / Time: 0h:37m:34s (0h:0m:22s left)
Iteration 60 / LogL: -23666.468 / Time: 0h:37m:37s (0h:0m:16s left)
Iteration 70 / LogL: -23682.327 / Time: 0h:37m:41s (0h:0m:12s left)
Iteration 80 / LogL: -23666.370 / Time: 0h:37m:44s (0h:0m:8s left)
Iteration 90 / LogL: -23682.115 / Time: 0h:37m:48s (0h:0m:4s left)
Iteration 100 / LogL: -23666.894 / Time: 0h:37m:51s (0h:0m:0s left)
TREE SEARCH COMPLETED AFTER 102 ITERATIONS / Time: 0h:37m:52s

--------------------------------------------------------------------
|                    FINALIZING TREE SEARCH                        |
--------------------------------------------------------------------
Performs final model parameters optimization
Estimate model parameters (epsilon = 0.010)
Initial log-likelihood: -23666.259
Current log-likelihood at step 1: -23666.252
Partition-specific rates:  1.355 0.645
Parameters optimization took 0 rounds (0.050 sec)

Partition information was printed to partition_file.nex.best_model.nex
BEST SCORE FOUND : -23666.252
Total tree length: 19.067

Total number of iterations: 102
CPU time used for tree search: 37.664 sec (0h:0m:37s)
Wall-clock time used for tree search: 37.735 sec (0h:0m:37s)
Total CPU time used: 2277.677 sec (0h:37m:57s)
Total wall-clock time used: 2272.220 sec (0h:37m:52s)

===> START BOOTSTRAP REPLICATE NUMBER 59

Creating bootstrap alignment (seed: 900223)...

Create initial parsimony tree by phylogenetic likelihood library (PLL)... 0.007 seconds
Reading model parameters from file /Users/mful870/Desktop/MD_3di_Dev_02Oct24/Scriptorum/SubstitutionMatrix/3di_substmat
WARNING: Normalizing state frequencies so that sum of them equals to 1

NOTE: 7 MB RAM (0 GB) is required!
Estimate model parameters (epsilon = 0.100)
Initial log-likelihood: -25286.388
Current log-likelihood at step 1: -24008.999
Current log-likelihood at step 2: -23736.977
Current log-likelihood at step 3: -23259.262
Current log-likelihood at step 4: -23259.013
Current log-likelihood at step 5: -23258.976
Partition-specific rates:  1.346 0.654
Parameters optimization took 4 rounds (0.636 sec)

Wrote distance file to... 
Computing ML distances based on estimated model parameters...
Calculating distance matrix: done in 8.01086e-05 secs using 81.14% CPU
Computing ML distances took 0.000136 sec (of wall-clock time) 0.000094 sec (of CPU time)
Setting up auxiliary I and S matrices: done in 3.29018e-05 secs using 72.94% CPU
Computing RapidNJ tree took 0.000143 sec (of wall-clock time) 0.000093 sec (of CPU time)
Log-likelihood of RapidNJ tree: -25365.014
--------------------------------------------------------------------
|             INITIALIZING CANDIDATE TREE SET                      |
--------------------------------------------------------------------
Generating 98 parsimony trees... 0.540 second
Computing log-likelihood of 98 initial trees ... 1.702 seconds
Current best score: -23258.976

Do NNI search on 20 best initial trees
Estimate model parameters (epsilon = 0.100)
Initial log-likelihood: -23198.983
Current log-likelihood at step 1: -23198.823
Current log-likelihood at step 2: -23198.805
Parameters optimization took 1 rounds (0.139 sec)

BETTER TREE FOUND at iteration 1: -23198.805
Iteration 10 / LogL: -23211.831 / Time: 0h:37m:58s
Iteration 20 / LogL: -23209.026 / Time: 0h:38m:2s
Finish initializing candidate tree set (5)
Current best tree score: -23198.805 / CPU time: 9.190
Number of iterations: 20
--------------------------------------------------------------------
|               OPTIMIZING CANDIDATE TREE SET                      |
--------------------------------------------------------------------
Iteration 30 / LogL: -23210.133 / Time: 0h:38m:6s (0h:0m:34s left)
Iteration 40 / LogL: -23210.700 / Time: 0h:38m:9s (0h:0m:27s left)
Iteration 50 / LogL: -23209.758 / Time: 0h:38m:13s (0h:0m:21s left)
Iteration 60 / LogL: -23210.498 / Time: 0h:38m:16s (0h:0m:16s left)
Iteration 70 / LogL: -23211.040 / Time: 0h:38m:19s (0h:0m:12s left)
UPDATE BEST LOG-LIKELIHOOD: -23198.804
Iteration 80 / LogL: -23199.637 / Time: 0h:38m:23s (0h:0m:8s left)
Iteration 90 / LogL: -23198.930 / Time: 0h:38m:27s (0h:0m:4s left)
Iteration 100 / LogL: -23200.207 / Time: 0h:38m:30s (0h:0m:0s left)
TREE SEARCH COMPLETED AFTER 102 ITERATIONS / Time: 0h:38m:30s

--------------------------------------------------------------------
|                    FINALIZING TREE SEARCH                        |
--------------------------------------------------------------------
Performs final model parameters optimization
Estimate model parameters (epsilon = 0.010)
Initial log-likelihood: -23198.804
Current log-likelihood at step 1: -23198.800
Partition-specific rates:  1.346 0.654
Parameters optimization took 0 rounds (0.054 sec)

Partition information was printed to partition_file.nex.best_model.nex
BEST SCORE FOUND : -23198.800
Total tree length: 17.926

Total number of iterations: 102
CPU time used for tree search: 37.818 sec (0h:0m:37s)
Wall-clock time used for tree search: 37.875 sec (0h:0m:37s)
Total CPU time used: 2316.573 sec (0h:38m:36s)
Total wall-clock time used: 2311.004 sec (0h:38m:31s)

===> START BOOTSTRAP REPLICATE NUMBER 60

Creating bootstrap alignment (seed: 900224)...

Create initial parsimony tree by phylogenetic likelihood library (PLL)... 0.006 seconds
Reading model parameters from file /Users/mful870/Desktop/MD_3di_Dev_02Oct24/Scriptorum/SubstitutionMatrix/3di_substmat
WARNING: Normalizing state frequencies so that sum of them equals to 1

NOTE: 7 MB RAM (0 GB) is required!
Estimate model parameters (epsilon = 0.100)
Initial log-likelihood: -24824.922
Current log-likelihood at step 1: -23531.284
Current log-likelihood at step 2: -23199.109
Current log-likelihood at step 3: -22796.517
Current log-likelihood at step 4: -22795.242
Current log-likelihood at step 5: -22795.067
Current log-likelihood at step 6: -22795.051
Partition-specific rates:  1.397 0.603
Parameters optimization took 5 rounds (0.723 sec)

Wrote distance file to... 
Computing ML distances based on estimated model parameters...
Calculating distance matrix: done in 7.9155e-05 secs using 82.12% CPU
Computing ML distances took 0.000130 sec (of wall-clock time) 0.000093 sec (of CPU time)
Setting up auxiliary I and S matrices: done in 5.6982e-05 secs using 56.16% CPU
Computing RapidNJ tree took 0.000208 sec (of wall-clock time) 0.000124 sec (of CPU time)
Log-likelihood of RapidNJ tree: -24871.670
--------------------------------------------------------------------
|             INITIALIZING CANDIDATE TREE SET                      |
--------------------------------------------------------------------
Generating 98 parsimony trees... 0.511 second
Computing log-likelihood of 98 initial trees ... 1.665 seconds
Current best score: -22795.051

Do NNI search on 20 best initial trees
Estimate model parameters (epsilon = 0.100)
Initial log-likelihood: -22745.968
Current log-likelihood at step 1: -22745.918
Parameters optimization took 0 rounds (0.056 sec)

BETTER TREE FOUND at iteration 1: -22745.918
Iteration 10 / LogL: -22745.979 / Time: 0h:38m:37s
Iteration 20 / LogL: -22746.810 / Time: 0h:38m:41s
Finish initializing candidate tree set (4)
Current best tree score: -22745.918 / CPU time: 9.536
Number of iterations: 20
--------------------------------------------------------------------
|               OPTIMIZING CANDIDATE TREE SET                      |
--------------------------------------------------------------------
Iteration 30 / LogL: -22746.002 / Time: 0h:38m:44s (0h:0m:33s left)
Iteration 40 / LogL: -22745.960 / Time: 0h:38m:47s (0h:0m:25s left)
Iteration 50 / LogL: -22746.104 / Time: 0h:38m:51s (0h:0m:20s left)
Iteration 60 / LogL: -22746.628 / Time: 0h:38m:54s (0h:0m:16s left)
Iteration 70 / LogL: -22745.963 / Time: 0h:38m:57s (0h:0m:11s left)
Iteration 80 / LogL: -22746.125 / Time: 0h:39m:1s (0h:0m:7s left)
Iteration 90 / LogL: -22767.570 / Time: 0h:39m:4s (0h:0m:4s left)
Iteration 100 / LogL: -22745.966 / Time: 0h:39m:8s (0h:0m:0s left)
TREE SEARCH COMPLETED AFTER 102 ITERATIONS / Time: 0h:39m:8s

--------------------------------------------------------------------
|                    FINALIZING TREE SEARCH                        |
--------------------------------------------------------------------
Performs final model parameters optimization
Estimate model parameters (epsilon = 0.010)
Initial log-likelihood: -22745.918
Current log-likelihood at step 1: -22745.909
Partition-specific rates:  1.393 0.607
Parameters optimization took 0 rounds (0.053 sec)

Partition information was printed to partition_file.nex.best_model.nex
BEST SCORE FOUND : -22745.909
Total tree length: 19.000

Total number of iterations: 102
CPU time used for tree search: 36.673 sec (0h:0m:36s)
Wall-clock time used for tree search: 36.739 sec (0h:0m:36s)
Total CPU time used: 2354.404 sec (0h:39m:14s)
Total wall-clock time used: 2348.738 sec (0h:39m:8s)

===> START BOOTSTRAP REPLICATE NUMBER 61

Creating bootstrap alignment (seed: 900225)...

Create initial parsimony tree by phylogenetic likelihood library (PLL)... 0.007 seconds
Reading model parameters from file /Users/mful870/Desktop/MD_3di_Dev_02Oct24/Scriptorum/SubstitutionMatrix/3di_substmat
WARNING: Normalizing state frequencies so that sum of them equals to 1

NOTE: 7 MB RAM (0 GB) is required!
Estimate model parameters (epsilon = 0.100)
Initial log-likelihood: -25552.279
Current log-likelihood at step 1: -24248.894
Current log-likelihood at step 2: -23958.967
Current log-likelihood at step 3: -23529.213
Current log-likelihood at step 4: -23529.075
Current log-likelihood at step 5: -23529.054
Partition-specific rates:  1.347 0.653
Parameters optimization took 4 rounds (0.626 sec)

Wrote distance file to... 
Computing ML distances based on estimated model parameters...
Calculating distance matrix: done in 7.29561e-05 secs using 87.72% CPU
Computing ML distances took 0.000123 sec (of wall-clock time) 0.000090 sec (of CPU time)
Setting up auxiliary I and S matrices: done in 3.8147e-05 secs using 73.4% CPU
Computing RapidNJ tree took 0.000159 sec (of wall-clock time) 0.000100 sec (of CPU time)
Log-likelihood of RapidNJ tree: -25545.367
--------------------------------------------------------------------
|             INITIALIZING CANDIDATE TREE SET                      |
--------------------------------------------------------------------
Generating 98 parsimony trees... 0.515 second
Computing log-likelihood of 98 initial trees ... 1.728 seconds
Current best score: -23529.054

Do NNI search on 20 best initial trees
Estimate model parameters (epsilon = 0.100)
Initial log-likelihood: -23484.120
Current log-likelihood at step 1: -23483.455
Current log-likelihood at step 2: -23483.413
Parameters optimization took 1 rounds (0.187 sec)

BETTER TREE FOUND at iteration 1: -23483.413
Estimate model parameters (epsilon = 0.100)
Initial log-likelihood: -23481.366
Current log-likelihood at step 1: -23481.091
Current log-likelihood at step 2: -23481.078
Parameters optimization took 1 rounds (0.190 sec)

BETTER TREE FOUND at iteration 4: -23481.078
Iteration 10 / LogL: -23491.297 / Time: 0h:39m:14s
Iteration 20 / LogL: -23482.180 / Time: 0h:39m:18s
Finish initializing candidate tree set (6)
Current best tree score: -23481.078 / CPU time: 8.519
Number of iterations: 20
--------------------------------------------------------------------
|               OPTIMIZING CANDIDATE TREE SET                      |
--------------------------------------------------------------------
Iteration 30 / LogL: -23481.315 / Time: 0h:39m:21s (0h:0m:31s left)
UPDATE BEST LOG-LIKELIHOOD: -23481.069
Iteration 40 / LogL: -23481.754 / Time: 0h:39m:24s (0h:0m:25s left)
Iteration 50 / LogL: -23481.342 / Time: 0h:39m:27s (0h:0m:20s left)
Iteration 60 / LogL: -23483.667 / Time: 0h:39m:30s (0h:0m:16s left)
Iteration 70 / LogL: -23482.926 / Time: 0h:39m:33s (0h:0m:11s left)
Iteration 80 / LogL: -23481.094 / Time: 0h:39m:35s (0h:0m:8s left)
Iteration 90 / LogL: -23481.318 / Time: 0h:39m:39s (0h:0m:4s left)
Iteration 100 / LogL: -23481.857 / Time: 0h:39m:42s (0h:0m:1s left)
TREE SEARCH COMPLETED AFTER 105 ITERATIONS / Time: 0h:39m:44s

--------------------------------------------------------------------
|                    FINALIZING TREE SEARCH                        |
--------------------------------------------------------------------
Performs final model parameters optimization
Estimate model parameters (epsilon = 0.010)
Initial log-likelihood: -23481.069
Current log-likelihood at step 1: -23481.018
Current log-likelihood at step 2: -23481.013
Partition-specific rates:  1.355 0.645
Parameters optimization took 1 rounds (0.151 sec)

Partition information was printed to partition_file.nex.best_model.nex
BEST SCORE FOUND : -23481.013
Total tree length: 18.070

Total number of iterations: 105
CPU time used for tree search: 34.404 sec (0h:0m:34s)
Wall-clock time used for tree search: 34.477 sec (0h:0m:34s)
Total CPU time used: 2390.074 sec (0h:39m:50s)
Total wall-clock time used: 2384.310 sec (0h:39m:44s)

===> START BOOTSTRAP REPLICATE NUMBER 62

Creating bootstrap alignment (seed: 900226)...

Create initial parsimony tree by phylogenetic likelihood library (PLL)... 0.004 seconds
Reading model parameters from file /Users/mful870/Desktop/MD_3di_Dev_02Oct24/Scriptorum/SubstitutionMatrix/3di_substmat
WARNING: Normalizing state frequencies so that sum of them equals to 1

NOTE: 7 MB RAM (0 GB) is required!
Estimate model parameters (epsilon = 0.100)
Initial log-likelihood: -25473.278
Current log-likelihood at step 1: -24199.837
Current log-likelihood at step 2: -23893.169
Current log-likelihood at step 3: -23440.341
Current log-likelihood at step 4: -23440.033
Current log-likelihood at step 5: -23439.981
Partition-specific rates:  1.365 0.635
Parameters optimization took 4 rounds (0.640 sec)

Wrote distance file to... 
Computing ML distances based on estimated model parameters...
Calculating distance matrix: done in 8.70228e-05 secs using 75.84% CPU
Computing ML distances took 0.000144 sec (of wall-clock time) 0.000095 sec (of CPU time)
Setting up auxiliary I and S matrices: done in 3.50475e-05 secs using 71.33% CPU
Computing RapidNJ tree took 0.000146 sec (of wall-clock time) 0.000093 sec (of CPU time)
Log-likelihood of RapidNJ tree: -25655.604
--------------------------------------------------------------------
|             INITIALIZING CANDIDATE TREE SET                      |
--------------------------------------------------------------------
Generating 98 parsimony trees... 0.533 second
Computing log-likelihood of 98 initial trees ... 1.698 seconds
Current best score: -23439.981

Do NNI search on 20 best initial trees
Estimate model parameters (epsilon = 0.100)
Initial log-likelihood: -23402.628
Current log-likelihood at step 1: -23401.565
Current log-likelihood at step 2: -23401.489
Parameters optimization took 1 rounds (0.183 sec)

BETTER TREE FOUND at iteration 1: -23401.489
Estimate model parameters (epsilon = 0.100)
Initial log-likelihood: -23401.463
Current log-likelihood at step 1: -23400.603
Current log-likelihood at step 2: -23400.563
Parameters optimization took 1 rounds (0.125 sec)

BETTER TREE FOUND at iteration 2: -23400.563
Iteration 10 / LogL: -23409.868 / Time: 0h:39m:50s
Iteration 20 / LogL: -23401.160 / Time: 0h:39m:53s
Finish initializing candidate tree set (5)
Current best tree score: -23400.563 / CPU time: 8.431
Number of iterations: 20
--------------------------------------------------------------------
|               OPTIMIZING CANDIDATE TREE SET                      |
--------------------------------------------------------------------
UPDATE BEST LOG-LIKELIHOOD: -23400.563
Iteration 30 / LogL: -23400.563 / Time: 0h:39m:56s (0h:0m:31s left)
Iteration 40 / LogL: -23401.675 / Time: 0h:39m:59s (0h:0m:24s left)
Iteration 50 / LogL: -23401.826 / Time: 0h:40m:3s (0h:0m:20s left)
Iteration 60 / LogL: -23404.202 / Time: 0h:40m:5s (0h:0m:15s left)
Iteration 70 / LogL: -23401.831 / Time: 0h:40m:9s (0h:0m:11s left)
Iteration 80 / LogL: -23401.806 / Time: 0h:40m:12s (0h:0m:7s left)
Iteration 90 / LogL: -23400.642 / Time: 0h:40m:15s (0h:0m:4s left)
Iteration 100 / LogL: -23402.288 / Time: 0h:40m:19s (0h:0m:0s left)
TREE SEARCH COMPLETED AFTER 103 ITERATIONS / Time: 0h:40m:20s

--------------------------------------------------------------------
|                    FINALIZING TREE SEARCH                        |
--------------------------------------------------------------------
Performs final model parameters optimization
Estimate model parameters (epsilon = 0.010)
Initial log-likelihood: -23400.563
Current log-likelihood at step 1: -23400.551
Current log-likelihood at step 2: -23400.550
Partition-specific rates:  1.356 0.644
Parameters optimization took 1 rounds (0.116 sec)

Partition information was printed to partition_file.nex.best_model.nex
BEST SCORE FOUND : -23400.550
Total tree length: 18.061

Total number of iterations: 103
CPU time used for tree search: 35.119 sec (0h:0m:35s)
Wall-clock time used for tree search: 35.181 sec (0h:0m:35s)
Total CPU time used: 2426.382 sec (0h:40m:26s)
Total wall-clock time used: 2420.504 sec (0h:40m:20s)

===> START BOOTSTRAP REPLICATE NUMBER 63

Creating bootstrap alignment (seed: 900227)...

Create initial parsimony tree by phylogenetic likelihood library (PLL)... 0.004 seconds
Reading model parameters from file /Users/mful870/Desktop/MD_3di_Dev_02Oct24/Scriptorum/SubstitutionMatrix/3di_substmat
WARNING: Normalizing state frequencies so that sum of them equals to 1

NOTE: 7 MB RAM (0 GB) is required!
Estimate model parameters (epsilon = 0.100)
Initial log-likelihood: -25442.427
Current log-likelihood at step 1: -24128.855
Current log-likelihood at step 2: -23830.101
Current log-likelihood at step 3: -23388.202
Current log-likelihood at step 4: -23387.659
Current log-likelihood at step 5: -23387.572
Partition-specific rates:  1.356 0.644
Parameters optimization took 4 rounds (0.636 sec)

Wrote distance file to... 
Computing ML distances based on estimated model parameters...
Calculating distance matrix: done in 7.48634e-05 secs using 86.82% CPU
Computing ML distances took 0.000114 sec (of wall-clock time) 0.000092 sec (of CPU time)
Setting up auxiliary I and S matrices: done in 3.50475e-05 secs using 71.33% CPU
Computing RapidNJ tree took 0.000143 sec (of wall-clock time) 0.000094 sec (of CPU time)
Log-likelihood of RapidNJ tree: -25463.834
--------------------------------------------------------------------
|             INITIALIZING CANDIDATE TREE SET                      |
--------------------------------------------------------------------
Generating 98 parsimony trees... 0.503 second
Computing log-likelihood of 98 initial trees ... 1.654 seconds
Current best score: -23387.572

Do NNI search on 20 best initial trees
Estimate model parameters (epsilon = 0.100)
Initial log-likelihood: -23322.547
Current log-likelihood at step 1: -23322.120
Current log-likelihood at step 2: -23322.097
Parameters optimization took 1 rounds (0.179 sec)

BETTER TREE FOUND at iteration 1: -23322.097
Estimate model parameters (epsilon = 0.100)
Initial log-likelihood: -23317.131
Current log-likelihood at step 1: -23316.741
Current log-likelihood at step 2: -23316.708
Parameters optimization took 1 rounds (0.148 sec)

BETTER TREE FOUND at iteration 2: -23316.708
Iteration 10 / LogL: -23319.386 / Time: 0h:40m:27s
Iteration 20 / LogL: -23316.887 / Time: 0h:40m:31s
Finish initializing candidate tree set (6)
Current best tree score: -23316.708 / CPU time: 10.153
Number of iterations: 20
--------------------------------------------------------------------
|               OPTIMIZING CANDIDATE TREE SET                      |
--------------------------------------------------------------------
Iteration 30 / LogL: -23316.849 / Time: 0h:40m:35s (0h:0m:36s left)
Iteration 40 / LogL: -23323.107 / Time: 0h:40m:38s (0h:0m:29s left)
Iteration 50 / LogL: -23318.962 / Time: 0h:40m:42s (0h:0m:23s left)
Iteration 60 / LogL: -23316.778 / Time: 0h:40m:45s (0h:0m:17s left)
Iteration 70 / LogL: -23317.610 / Time: 0h:40m:49s (0h:0m:13s left)
Iteration 80 / LogL: -23319.635 / Time: 0h:40m:52s (0h:0m:8s left)
Iteration 90 / LogL: -23317.038 / Time: 0h:40m:56s (0h:0m:4s left)
Iteration 100 / LogL: -23316.866 / Time: 0h:40m:58s (0h:0m:0s left)
TREE SEARCH COMPLETED AFTER 103 ITERATIONS / Time: 0h:40m:59s

--------------------------------------------------------------------
|                    FINALIZING TREE SEARCH                        |
--------------------------------------------------------------------
Performs final model parameters optimization
Estimate model parameters (epsilon = 0.010)
Initial log-likelihood: -23316.708
Current log-likelihood at step 1: -23316.698
Partition-specific rates:  1.355 0.645
Parameters optimization took 0 rounds (0.049 sec)

Partition information was printed to partition_file.nex.best_model.nex
BEST SCORE FOUND : -23316.698
Total tree length: 18.908

Total number of iterations: 103
CPU time used for tree search: 38.388 sec (0h:0m:38s)
Wall-clock time used for tree search: 38.446 sec (0h:0m:38s)
Total CPU time used: 2465.812 sec (0h:41m:5s)
Total wall-clock time used: 2459.838 sec (0h:40m:59s)

===> START BOOTSTRAP REPLICATE NUMBER 64

Creating bootstrap alignment (seed: 900228)...

Create initial parsimony tree by phylogenetic likelihood library (PLL)... 0.004 seconds
Reading model parameters from file /Users/mful870/Desktop/MD_3di_Dev_02Oct24/Scriptorum/SubstitutionMatrix/3di_substmat
WARNING: Normalizing state frequencies so that sum of them equals to 1

NOTE: 7 MB RAM (0 GB) is required!
Estimate model parameters (epsilon = 0.100)
Initial log-likelihood: -24736.556
Current log-likelihood at step 1: -23377.612
Current log-likelihood at step 2: -23054.615
Current log-likelihood at step 3: -22659.947
Current log-likelihood at step 4: -22659.887
Partition-specific rates:  1.340 0.660
Parameters optimization took 3 rounds (0.494 sec)

Wrote distance file to... 
Computing ML distances based on estimated model parameters...
Calculating distance matrix: done in 7.20024e-05 secs using 88.89% CPU
Computing ML distances took 0.000121 sec (of wall-clock time) 0.000090 sec (of CPU time)
Setting up auxiliary I and S matrices: done in 3.60012e-05 secs using 75% CPU
Computing RapidNJ tree took 0.000161 sec (of wall-clock time) 0.000097 sec (of CPU time)
Log-likelihood of RapidNJ tree: -24634.512
--------------------------------------------------------------------
|             INITIALIZING CANDIDATE TREE SET                      |
--------------------------------------------------------------------
Generating 98 parsimony trees... 0.502 second
Computing log-likelihood of 98 initial trees ... 1.674 seconds
Current best score: -22659.887

Do NNI search on 20 best initial trees
Estimate model parameters (epsilon = 0.100)
Initial log-likelihood: -22618.195
Current log-likelihood at step 1: -22617.805
Current log-likelihood at step 2: -22617.784
Parameters optimization took 1 rounds (0.177 sec)

BETTER TREE FOUND at iteration 1: -22617.784
Iteration 10 / LogL: -22618.628 / Time: 0h:41m:5s
Iteration 20 / LogL: -22619.101 / Time: 0h:41m:9s
Finish initializing candidate tree set (3)
Current best tree score: -22617.784 / CPU time: 8.509
Number of iterations: 20
--------------------------------------------------------------------
|               OPTIMIZING CANDIDATE TREE SET                      |
--------------------------------------------------------------------
Iteration 30 / LogL: -22618.549 / Time: 0h:41m:12s (0h:0m:30s left)
Iteration 40 / LogL: -22617.855 / Time: 0h:41m:15s (0h:0m:24s left)
Iteration 50 / LogL: -22617.982 / Time: 0h:41m:18s (0h:0m:18s left)
Iteration 60 / LogL: -22618.087 / Time: 0h:41m:21s (0h:0m:14s left)
Iteration 70 / LogL: -22617.892 / Time: 0h:41m:23s (0h:0m:10s left)
Iteration 80 / LogL: -22617.904 / Time: 0h:41m:26s (0h:0m:7s left)
Iteration 90 / LogL: -22617.823 / Time: 0h:41m:29s (0h:0m:3s left)
Iteration 100 / LogL: -22617.890 / Time: 0h:41m:33s (0h:0m:0s left)
TREE SEARCH COMPLETED AFTER 102 ITERATIONS / Time: 0h:41m:33s

--------------------------------------------------------------------
|                    FINALIZING TREE SEARCH                        |
--------------------------------------------------------------------
Performs final model parameters optimization
Estimate model parameters (epsilon = 0.010)
Initial log-likelihood: -22617.784
Current log-likelihood at step 1: -22617.781
Partition-specific rates:  1.335 0.665
Parameters optimization took 0 rounds (0.053 sec)

Partition information was printed to partition_file.nex.best_model.nex
BEST SCORE FOUND : -22617.781
Total tree length: 17.790

Total number of iterations: 102
CPU time used for tree search: 33.206 sec (0h:0m:33s)
Wall-clock time used for tree search: 33.263 sec (0h:0m:33s)
Total CPU time used: 2499.988 sec (0h:41m:39s)
Total wall-clock time used: 2493.898 sec (0h:41m:33s)

===> START BOOTSTRAP REPLICATE NUMBER 65

Creating bootstrap alignment (seed: 900229)...

Create initial parsimony tree by phylogenetic likelihood library (PLL)... 0.005 seconds
Reading model parameters from file /Users/mful870/Desktop/MD_3di_Dev_02Oct24/Scriptorum/SubstitutionMatrix/3di_substmat
WARNING: Normalizing state frequencies so that sum of them equals to 1

NOTE: 7 MB RAM (0 GB) is required!
Estimate model parameters (epsilon = 0.100)
Initial log-likelihood: -25430.018
Current log-likelihood at step 1: -24080.460
Current log-likelihood at step 2: -23737.360
Current log-likelihood at step 3: -23339.254
Current log-likelihood at step 4: -23339.086
Current log-likelihood at step 5: -23339.060
Partition-specific rates:  1.355 0.645
Parameters optimization took 4 rounds (0.644 sec)

Wrote distance file to... 
Computing ML distances based on estimated model parameters...
Calculating distance matrix: done in 7.29561e-05 secs using 87.72% CPU
Computing ML distances took 0.000122 sec (of wall-clock time) 0.000090 sec (of CPU time)
Setting up auxiliary I and S matrices: done in 3.60012e-05 secs using 75% CPU
Computing RapidNJ tree took 0.000153 sec (of wall-clock time) 0.000097 sec (of CPU time)
Log-likelihood of RapidNJ tree: -25502.146
--------------------------------------------------------------------
|             INITIALIZING CANDIDATE TREE SET                      |
--------------------------------------------------------------------
Generating 98 parsimony trees... 0.557 second
Computing log-likelihood of 98 initial trees ... 1.731 seconds
Current best score: -23339.060

Do NNI search on 20 best initial trees
Estimate model parameters (epsilon = 0.100)
Initial log-likelihood: -23337.021
Current log-likelihood at step 1: -23336.847
Current log-likelihood at step 2: -23336.839
Parameters optimization took 1 rounds (0.126 sec)

BETTER TREE FOUND at iteration 1: -23336.839
Iteration 10 / LogL: -23341.546 / Time: 0h:41m:40s
Iteration 20 / LogL: -23339.238 / Time: 0h:41m:43s
Finish initializing candidate tree set (5)
Current best tree score: -23336.839 / CPU time: 8.502
Number of iterations: 20
--------------------------------------------------------------------
|               OPTIMIZING CANDIDATE TREE SET                      |
--------------------------------------------------------------------
Iteration 30 / LogL: -23338.408 / Time: 0h:41m:46s (0h:0m:30s left)
Iteration 40 / LogL: -23342.686 / Time: 0h:41m:49s (0h:0m:24s left)
Iteration 50 / LogL: -23337.370 / Time: 0h:41m:52s (0h:0m:19s left)
Iteration 60 / LogL: -23337.078 / Time: 0h:41m:56s (0h:0m:15s left)
Iteration 70 / LogL: -23340.295 / Time: 0h:41m:59s (0h:0m:11s left)
Iteration 80 / LogL: -23354.040 / Time: 0h:42m:2s (0h:0m:7s left)
Iteration 90 / LogL: -23337.366 / Time: 0h:42m:5s (0h:0m:3s left)
Iteration 100 / LogL: -23340.335 / Time: 0h:42m:8s (0h:0m:0s left)
TREE SEARCH COMPLETED AFTER 102 ITERATIONS / Time: 0h:42m:9s

--------------------------------------------------------------------
|                    FINALIZING TREE SEARCH                        |
--------------------------------------------------------------------
Performs final model parameters optimization
Estimate model parameters (epsilon = 0.010)
Initial log-likelihood: -23336.839
Current log-likelihood at step 1: -23336.838
Partition-specific rates:  1.353 0.647
Parameters optimization took 0 rounds (0.054 sec)

Partition information was printed to partition_file.nex.best_model.nex
BEST SCORE FOUND : -23336.838
Total tree length: 18.160

Total number of iterations: 102
CPU time used for tree search: 34.770 sec (0h:0m:34s)
Wall-clock time used for tree search: 34.830 sec (0h:0m:34s)
Total CPU time used: 2535.889 sec (0h:42m:15s)
Total wall-clock time used: 2529.685 sec (0h:42m:9s)

===> START BOOTSTRAP REPLICATE NUMBER 66

Creating bootstrap alignment (seed: 900230)...

Create initial parsimony tree by phylogenetic likelihood library (PLL)... 0.004 seconds
Reading model parameters from file /Users/mful870/Desktop/MD_3di_Dev_02Oct24/Scriptorum/SubstitutionMatrix/3di_substmat
WARNING: Normalizing state frequencies so that sum of them equals to 1

NOTE: 7 MB RAM (0 GB) is required!
Estimate model parameters (epsilon = 0.100)
Initial log-likelihood: -24346.067
Current log-likelihood at step 1: -23018.452
Current log-likelihood at step 2: -22706.645
Current log-likelihood at step 3: -22310.828
Current log-likelihood at step 4: -22309.304
Current log-likelihood at step 5: -22309.139
Current log-likelihood at step 6: -22309.130
Partition-specific rates:  1.387 0.613
Parameters optimization took 5 rounds (0.739 sec)

Wrote distance file to... 
Computing ML distances based on estimated model parameters...
Calculating distance matrix: done in 8.10623e-05 secs using 81.42% CPU
Computing ML distances took 0.000134 sec (of wall-clock time) 0.000093 sec (of CPU time)
Setting up auxiliary I and S matrices: done in 3.60012e-05 secs using 75% CPU
Computing RapidNJ tree took 0.000151 sec (of wall-clock time) 0.000098 sec (of CPU time)
Log-likelihood of RapidNJ tree: -24400.078
--------------------------------------------------------------------
|             INITIALIZING CANDIDATE TREE SET                      |
--------------------------------------------------------------------
Generating 98 parsimony trees... 0.496 second
Computing log-likelihood of 98 initial trees ... 1.646 seconds
Current best score: -22309.130

Do NNI search on 20 best initial trees
Estimate model parameters (epsilon = 0.100)
Initial log-likelihood: -22283.300
Current log-likelihood at step 1: -22282.285
Current log-likelihood at step 2: -22282.145
Current log-likelihood at step 3: -22282.135
Parameters optimization took 2 rounds (0.182 sec)

BETTER TREE FOUND at iteration 1: -22282.135
Estimate model parameters (epsilon = 0.100)
Initial log-likelihood: -22278.519
Current log-likelihood at step 1: -22277.407
Current log-likelihood at step 2: -22277.128
Current log-likelihood at step 3: -22277.097
Parameters optimization took 2 rounds (0.184 sec)

BETTER TREE FOUND at iteration 4: -22277.097
Iteration 10 / LogL: -22277.920 / Time: 0h:42m:16s
Iteration 20 / LogL: -22278.345 / Time: 0h:42m:19s
Finish initializing candidate tree set (3)
Current best tree score: -22277.097 / CPU time: 8.834
Number of iterations: 20
--------------------------------------------------------------------
|               OPTIMIZING CANDIDATE TREE SET                      |
--------------------------------------------------------------------
Iteration 30 / LogL: -22282.390 / Time: 0h:42m:22s (0h:0m:33s left)
Iteration 40 / LogL: -22277.462 / Time: 0h:42m:26s (0h:0m:26s left)
Iteration 50 / LogL: -22282.425 / Time: 0h:42m:29s (0h:0m:21s left)
Iteration 60 / LogL: -22282.465 / Time: 0h:42m:32s (0h:0m:16s left)
Iteration 70 / LogL: -22283.410 / Time: 0h:42m:35s (0h:0m:12s left)
Iteration 80 / LogL: -22278.174 / Time: 0h:42m:39s (0h:0m:8s left)
Iteration 90 / LogL: -22278.219 / Time: 0h:42m:41s (0h:0m:5s left)
Iteration 100 / LogL: -22277.814 / Time: 0h:42m:44s (0h:0m:1s left)
TREE SEARCH COMPLETED AFTER 105 ITERATIONS / Time: 0h:42m:46s

--------------------------------------------------------------------
|                    FINALIZING TREE SEARCH                        |
--------------------------------------------------------------------
Performs final model parameters optimization
Estimate model parameters (epsilon = 0.010)
Initial log-likelihood: -22277.097
Current log-likelihood at step 1: -22277.083
Current log-likelihood at step 2: -22277.082
Partition-specific rates:  1.387 0.613
Parameters optimization took 1 rounds (0.114 sec)

Partition information was printed to partition_file.nex.best_model.nex
BEST SCORE FOUND : -22277.082
Total tree length: 18.109

Total number of iterations: 105
CPU time used for tree search: 35.438 sec (0h:0m:35s)
Wall-clock time used for tree search: 35.506 sec (0h:0m:35s)
Total CPU time used: 2572.604 sec (0h:42m:52s)
Total wall-clock time used: 2566.295 sec (0h:42m:46s)

===> START BOOTSTRAP REPLICATE NUMBER 67

Creating bootstrap alignment (seed: 900231)...

Create initial parsimony tree by phylogenetic likelihood library (PLL)... 0.004 seconds
Reading model parameters from file /Users/mful870/Desktop/MD_3di_Dev_02Oct24/Scriptorum/SubstitutionMatrix/3di_substmat
WARNING: Normalizing state frequencies so that sum of them equals to 1

NOTE: 7 MB RAM (0 GB) is required!
Estimate model parameters (epsilon = 0.100)
Initial log-likelihood: -25486.076
Current log-likelihood at step 1: -24144.200
Current log-likelihood at step 2: -23856.556
Current log-likelihood at step 3: -23390.296
Current log-likelihood at step 4: -23389.547
Current log-likelihood at step 5: -23389.464
Partition-specific rates:  1.349 0.651
Parameters optimization took 4 rounds (0.642 sec)

Wrote distance file to... 
Computing ML distances based on estimated model parameters...
Calculating distance matrix: done in 7.20024e-05 secs using 87.5% CPU
Computing ML distances took 0.000126 sec (of wall-clock time) 0.000090 sec (of CPU time)
Setting up auxiliary I and S matrices: done in 3.60012e-05 secs using 72.22% CPU
Computing RapidNJ tree took 0.000155 sec (of wall-clock time) 0.000097 sec (of CPU time)
Log-likelihood of RapidNJ tree: -25429.046
--------------------------------------------------------------------
|             INITIALIZING CANDIDATE TREE SET                      |
--------------------------------------------------------------------
Generating 98 parsimony trees... 0.532 second
Computing log-likelihood of 98 initial trees ... 1.699 seconds
Current best score: -23389.464

Do NNI search on 20 best initial trees
Estimate model parameters (epsilon = 0.100)
Initial log-likelihood: -23339.090
Current log-likelihood at step 1: -23338.634
Current log-likelihood at step 2: -23338.620
Parameters optimization took 1 rounds (0.153 sec)

BETTER TREE FOUND at iteration 1: -23338.620
Estimate model parameters (epsilon = 0.100)
Initial log-likelihood: -23336.786
Current log-likelihood at step 1: -23336.150
Current log-likelihood at step 2: -23336.101
Parameters optimization took 1 rounds (0.175 sec)

BETTER TREE FOUND at iteration 2: -23336.101
Iteration 10 / LogL: -23346.236 / Time: 0h:42m:52s
Iteration 20 / LogL: -23336.373 / Time: 0h:42m:55s
Finish initializing candidate tree set (6)
Current best tree score: -23336.101 / CPU time: 8.632
Number of iterations: 20
--------------------------------------------------------------------
|               OPTIMIZING CANDIDATE TREE SET                      |
--------------------------------------------------------------------
Estimate model parameters (epsilon = 0.100)
Initial log-likelihood: -23336.033
Current log-likelihood at step 1: -23336.000
Parameters optimization took 0 rounds (0.077 sec)

UPDATE BEST LOG-LIKELIHOOD: -23336.000
Iteration 30 / LogL: -23344.619 / Time: 0h:42m:58s (0h:0m:31s left)
Iteration 40 / LogL: -23336.255 / Time: 0h:43m:1s (0h:0m:24s left)
Iteration 50 / LogL: -23336.204 / Time: 0h:43m:4s (0h:0m:19s left)
Iteration 60 / LogL: -23336.410 / Time: 0h:43m:8s (0h:0m:15s left)
Iteration 70 / LogL: -23336.129 / Time: 0h:43m:11s (0h:0m:11s left)
Iteration 80 / LogL: -23336.243 / Time: 0h:43m:14s (0h:0m:7s left)
Iteration 90 / LogL: -23336.123 / Time: 0h:43m:17s (0h:0m:4s left)
Iteration 100 / LogL: -23336.329 / Time: 0h:43m:19s (0h:0m:0s left)
TREE SEARCH COMPLETED AFTER 103 ITERATIONS / Time: 0h:43m:21s

--------------------------------------------------------------------
|                    FINALIZING TREE SEARCH                        |
--------------------------------------------------------------------
Performs final model parameters optimization
Estimate model parameters (epsilon = 0.010)
Initial log-likelihood: -23336.000
Current log-likelihood at step 1: -23335.992
Partition-specific rates:  1.342 0.658
Parameters optimization took 0 rounds (0.053 sec)

Partition information was printed to partition_file.nex.best_model.nex
BEST SCORE FOUND : -23335.992
Total tree length: 18.371

Total number of iterations: 103
CPU time used for tree search: 33.805 sec (0h:0m:33s)
Wall-clock time used for tree search: 33.869 sec (0h:0m:33s)
Total CPU time used: 2607.563 sec (0h:43m:27s)
Total wall-clock time used: 2601.145 sec (0h:43m:21s)

===> START BOOTSTRAP REPLICATE NUMBER 68

Creating bootstrap alignment (seed: 900232)...

Create initial parsimony tree by phylogenetic likelihood library (PLL)... 0.004 seconds
Reading model parameters from file /Users/mful870/Desktop/MD_3di_Dev_02Oct24/Scriptorum/SubstitutionMatrix/3di_substmat
WARNING: Normalizing state frequencies so that sum of them equals to 1

NOTE: 7 MB RAM (0 GB) is required!
Estimate model parameters (epsilon = 0.100)
Initial log-likelihood: -25353.111
Current log-likelihood at step 1: -24066.876
Current log-likelihood at step 2: -23900.513
Current log-likelihood at step 3: -23580.783
Current log-likelihood at step 4: -23381.771
Current log-likelihood at step 5: -23381.615
Current log-likelihood at step 6: -23381.614
Partition-specific rates:  1.382 0.618
Parameters optimization took 5 rounds (0.682 sec)

Wrote distance file to... 
Computing ML distances based on estimated model parameters...
Calculating distance matrix: done in 7.20024e-05 secs using 88.89% CPU
Computing ML distances took 0.000121 sec (of wall-clock time) 0.000090 sec (of CPU time)
Setting up auxiliary I and S matrices: done in 3.48091e-05 secs using 74.69% CPU
Computing RapidNJ tree took 0.000153 sec (of wall-clock time) 0.000096 sec (of CPU time)
Log-likelihood of RapidNJ tree: -25534.056
--------------------------------------------------------------------
|             INITIALIZING CANDIDATE TREE SET                      |
--------------------------------------------------------------------
Generating 98 parsimony trees... 0.526 second
Computing log-likelihood of 98 initial trees ... 1.618 seconds
Current best score: -23381.614

Do NNI search on 20 best initial trees
Estimate model parameters (epsilon = 0.100)
Initial log-likelihood: -23354.370
Current log-likelihood at step 1: -23354.096
Current log-likelihood at step 2: -23354.059
Parameters optimization took 1 rounds (0.160 sec)

BETTER TREE FOUND at iteration 1: -23354.059
Estimate model parameters (epsilon = 0.100)
Initial log-likelihood: -23351.694
Current log-likelihood at step 1: -23351.599
Parameters optimization took 0 rounds (0.082 sec)

BETTER TREE FOUND at iteration 7: -23351.599
Iteration 10 / LogL: -23354.193 / Time: 0h:43m:28s
Iteration 20 / LogL: -23354.366 / Time: 0h:43m:31s
Finish initializing candidate tree set (6)
Current best tree score: -23351.599 / CPU time: 9.699
Number of iterations: 20
--------------------------------------------------------------------
|               OPTIMIZING CANDIDATE TREE SET                      |
--------------------------------------------------------------------
Iteration 30 / LogL: -23351.695 / Time: 0h:43m:35s (0h:0m:36s left)
Iteration 40 / LogL: -23351.790 / Time: 0h:43m:38s (0h:0m:29s left)
Iteration 50 / LogL: -23352.030 / Time: 0h:43m:41s (0h:0m:23s left)
Iteration 60 / LogL: -23351.763 / Time: 0h:43m:44s (0h:0m:18s left)
Iteration 70 / LogL: -23352.196 / Time: 0h:43m:47s (0h:0m:14s left)
Iteration 80 / LogL: -23351.810 / Time: 0h:43m:50s (0h:0m:10s left)
Iteration 90 / LogL: -23360.531 / Time: 0h:43m:54s (0h:0m:6s left)
Iteration 100 / LogL: -23352.606 / Time: 0h:43m:57s (0h:0m:2s left)
TREE SEARCH COMPLETED AFTER 108 ITERATIONS / Time: 0h:44m:0s

--------------------------------------------------------------------
|                    FINALIZING TREE SEARCH                        |
--------------------------------------------------------------------
Performs final model parameters optimization
Estimate model parameters (epsilon = 0.010)
Initial log-likelihood: -23351.599
Current log-likelihood at step 1: -23351.581
Current log-likelihood at step 2: -23351.581
Partition-specific rates:  1.382 0.618
Parameters optimization took 1 rounds (0.136 sec)

Partition information was printed to partition_file.nex.best_model.nex
BEST SCORE FOUND : -23351.581
Total tree length: 18.152

Total number of iterations: 108
CPU time used for tree search: 38.235 sec (0h:0m:38s)
Wall-clock time used for tree search: 38.297 sec (0h:0m:38s)
Total CPU time used: 2647.039 sec (0h:44m:7s)
Total wall-clock time used: 2640.511 sec (0h:44m:0s)

===> START BOOTSTRAP REPLICATE NUMBER 69

Creating bootstrap alignment (seed: 900233)...

Create initial parsimony tree by phylogenetic likelihood library (PLL)... 0.004 seconds
Reading model parameters from file /Users/mful870/Desktop/MD_3di_Dev_02Oct24/Scriptorum/SubstitutionMatrix/3di_substmat
WARNING: Normalizing state frequencies so that sum of them equals to 1

NOTE: 7 MB RAM (0 GB) is required!
Estimate model parameters (epsilon = 0.100)
Initial log-likelihood: -25292.013
Current log-likelihood at step 1: -23892.768
Current log-likelihood at step 2: -23588.016
Current log-likelihood at step 3: -23159.689
Current log-likelihood at step 4: -23157.803
Current log-likelihood at step 5: -23157.622
Current log-likelihood at step 6: -23157.611
Partition-specific rates:  1.345 0.655
Parameters optimization took 5 rounds (0.708 sec)

Wrote distance file to... 
Computing ML distances based on estimated model parameters...
Calculating distance matrix: done in 7.79629e-05 secs using 84.66% CPU
Computing ML distances took 0.000128 sec (of wall-clock time) 0.000093 sec (of CPU time)
Setting up auxiliary I and S matrices: done in 3.48091e-05 secs using 74.69% CPU
Computing RapidNJ tree took 0.000166 sec (of wall-clock time) 0.000101 sec (of CPU time)
Log-likelihood of RapidNJ tree: -25069.988
--------------------------------------------------------------------
|             INITIALIZING CANDIDATE TREE SET                      |
--------------------------------------------------------------------
Generating 98 parsimony trees... 0.552 second
Computing log-likelihood of 98 initial trees ... 1.673 seconds
Current best score: -23157.611

Do NNI search on 20 best initial trees
Estimate model parameters (epsilon = 0.100)
Initial log-likelihood: -23094.511
Current log-likelihood at step 1: -23093.582
Current log-likelihood at step 2: -23093.498
Parameters optimization took 1 rounds (0.146 sec)

BETTER TREE FOUND at iteration 1: -23093.498
Estimate model parameters (epsilon = 0.100)
Initial log-likelihood: -23075.216
Current log-likelihood at step 1: -23074.639
Current log-likelihood at step 2: -23074.592
Parameters optimization took 1 rounds (0.146 sec)

BETTER TREE FOUND at iteration 2: -23074.592
Iteration 10 / LogL: -23097.307 / Time: 0h:44m:7s
Iteration 20 / LogL: -23097.366 / Time: 0h:44m:11s
Finish initializing candidate tree set (7)
Current best tree score: -23074.592 / CPU time: 10.299
Number of iterations: 20
--------------------------------------------------------------------
|               OPTIMIZING CANDIDATE TREE SET                      |
--------------------------------------------------------------------
Iteration 30 / LogL: -23074.953 / Time: 0h:44m:14s (0h:0m:35s left)
UPDATE BEST LOG-LIKELIHOOD: -23074.591
Iteration 40 / LogL: -23075.010 / Time: 0h:44m:18s (0h:0m:28s left)
UPDATE BEST LOG-LIKELIHOOD: -23074.586
UPDATE BEST LOG-LIKELIHOOD: -23074.584
Iteration 50 / LogL: -23074.584 / Time: 0h:44m:21s (0h:0m:22s left)
Iteration 60 / LogL: -23104.077 / Time: 0h:44m:24s (0h:0m:17s left)
Iteration 70 / LogL: -23075.219 / Time: 0h:44m:27s (0h:0m:12s left)
Iteration 80 / LogL: -23074.808 / Time: 0h:44m:31s (0h:0m:8s left)
Iteration 90 / LogL: -23075.105 / Time: 0h:44m:34s (0h:0m:4s left)
Iteration 100 / LogL: -23075.182 / Time: 0h:44m:37s (0h:0m:0s left)
TREE SEARCH COMPLETED AFTER 103 ITERATIONS / Time: 0h:44m:38s

--------------------------------------------------------------------
|                    FINALIZING TREE SEARCH                        |
--------------------------------------------------------------------
Performs final model parameters optimization
Estimate model parameters (epsilon = 0.010)
Initial log-likelihood: -23074.584
Current log-likelihood at step 1: -23074.576
Partition-specific rates:  1.356 0.644
Parameters optimization took 0 rounds (0.058 sec)

Partition information was printed to partition_file.nex.best_model.nex
BEST SCORE FOUND : -23074.576
Total tree length: 19.250

Total number of iterations: 103
CPU time used for tree search: 36.972 sec (0h:0m:36s)
Wall-clock time used for tree search: 37.043 sec (0h:0m:37s)
Total CPU time used: 2685.166 sec (0h:44m:45s)
Total wall-clock time used: 2678.541 sec (0h:44m:38s)

===> START BOOTSTRAP REPLICATE NUMBER 70

Creating bootstrap alignment (seed: 900234)...

Create initial parsimony tree by phylogenetic likelihood library (PLL)... 0.003 seconds
Reading model parameters from file /Users/mful870/Desktop/MD_3di_Dev_02Oct24/Scriptorum/SubstitutionMatrix/3di_substmat
WARNING: Normalizing state frequencies so that sum of them equals to 1

NOTE: 7 MB RAM (0 GB) is required!
Estimate model parameters (epsilon = 0.100)
Initial log-likelihood: -25308.126
Current log-likelihood at step 1: -24024.167
Current log-likelihood at step 2: -23726.085
Current log-likelihood at step 3: -23291.605
Current log-likelihood at step 4: -23291.161
Current log-likelihood at step 5: -23291.086
Partition-specific rates:  1.376 0.624
Parameters optimization took 4 rounds (0.616 sec)

Wrote distance file to... 
Computing ML distances based on estimated model parameters...
Calculating distance matrix: done in 7.39098e-05 secs using 87.95% CPU
Computing ML distances took 0.000124 sec (of wall-clock time) 0.000091 sec (of CPU time)
Setting up auxiliary I and S matrices: done in 4.29153e-05 secs using 74.57% CPU
Computing RapidNJ tree took 0.000196 sec (of wall-clock time) 0.000129 sec (of CPU time)
Log-likelihood of RapidNJ tree: -25356.795
--------------------------------------------------------------------
|             INITIALIZING CANDIDATE TREE SET                      |
--------------------------------------------------------------------
Generating 98 parsimony trees... 0.570 second
Computing log-likelihood of 98 initial trees ... 1.708 seconds
Current best score: -23291.086

Do NNI search on 20 best initial trees
Estimate model parameters (epsilon = 0.100)
Initial log-likelihood: -23258.872
Current log-likelihood at step 1: -23258.365
Current log-likelihood at step 2: -23258.326
Parameters optimization took 1 rounds (0.154 sec)

BETTER TREE FOUND at iteration 1: -23258.326
Estimate model parameters (epsilon = 0.100)
Initial log-likelihood: -23257.764
Current log-likelihood at step 1: -23257.090
Current log-likelihood at step 2: -23257.063
Parameters optimization took 1 rounds (0.154 sec)

UPDATE BEST LOG-LIKELIHOOD: -23257.063
Iteration 10 / LogL: -23258.467 / Time: 0h:44m:45s
Iteration 20 / LogL: -23257.756 / Time: 0h:44m:49s
Finish initializing candidate tree set (4)
Current best tree score: -23257.063 / CPU time: 9.851
Number of iterations: 20
--------------------------------------------------------------------
|               OPTIMIZING CANDIDATE TREE SET                      |
--------------------------------------------------------------------
Iteration 30 / LogL: -23272.244 / Time: 0h:44m:52s (0h:0m:33s left)
Iteration 40 / LogL: -23257.184 / Time: 0h:44m:55s (0h:0m:26s left)
Iteration 50 / LogL: -23259.879 / Time: 0h:44m:58s (0h:0m:21s left)
Iteration 60 / LogL: -23258.637 / Time: 0h:45m:2s (0h:0m:16s left)
Iteration 70 / LogL: -23257.086 / Time: 0h:45m:5s (0h:0m:12s left)
Iteration 80 / LogL: -23257.910 / Time: 0h:45m:8s (0h:0m:7s left)
Iteration 90 / LogL: -23259.958 / Time: 0h:45m:11s (0h:0m:4s left)
Iteration 100 / LogL: -23257.240 / Time: 0h:45m:14s (0h:0m:0s left)
TREE SEARCH COMPLETED AFTER 102 ITERATIONS / Time: 0h:45m:15s

--------------------------------------------------------------------
|                    FINALIZING TREE SEARCH                        |
--------------------------------------------------------------------
Performs final model parameters optimization
Estimate model parameters (epsilon = 0.010)
Initial log-likelihood: -23257.063
Current log-likelihood at step 1: -23257.056
Partition-specific rates:  1.380 0.620
Parameters optimization took 0 rounds (0.053 sec)

Partition information was printed to partition_file.nex.best_model.nex
BEST SCORE FOUND : -23257.056
Total tree length: 18.989

Total number of iterations: 102
CPU time used for tree search: 36.055 sec (0h:0m:36s)
Wall-clock time used for tree search: 36.118 sec (0h:0m:36s)
Total CPU time used: 2722.268 sec (0h:45m:22s)
Total wall-clock time used: 2715.555 sec (0h:45m:15s)

===> START BOOTSTRAP REPLICATE NUMBER 71

Creating bootstrap alignment (seed: 900235)...

Create initial parsimony tree by phylogenetic likelihood library (PLL)... 0.005 seconds
Reading model parameters from file /Users/mful870/Desktop/MD_3di_Dev_02Oct24/Scriptorum/SubstitutionMatrix/3di_substmat
WARNING: Normalizing state frequencies so that sum of them equals to 1

NOTE: 7 MB RAM (0 GB) is required!
Estimate model parameters (epsilon = 0.100)
Initial log-likelihood: -25458.181
Current log-likelihood at step 1: -24129.472
Current log-likelihood at step 2: -23882.703
Current log-likelihood at step 3: -23384.440
Current log-likelihood at step 4: -23384.258
Current log-likelihood at step 5: -23384.247
Partition-specific rates:  1.347 0.653
Parameters optimization took 4 rounds (0.621 sec)

Wrote distance file to... 
Computing ML distances based on estimated model parameters...
Calculating distance matrix: done in 7.39098e-05 secs using 86.59% CPU
Computing ML distances took 0.000125 sec (of wall-clock time) 0.000091 sec (of CPU time)
Setting up auxiliary I and S matrices: done in 3.60012e-05 secs using 75% CPU
Computing RapidNJ tree took 0.000149 sec (of wall-clock time) 0.000097 sec (of CPU time)
Log-likelihood of RapidNJ tree: -25622.423
--------------------------------------------------------------------
|             INITIALIZING CANDIDATE TREE SET                      |
--------------------------------------------------------------------
Generating 98 parsimony trees... 0.511 second
Computing log-likelihood of 98 initial trees ... 1.682 seconds
Current best score: -23384.247

Do NNI search on 20 best initial trees
Estimate model parameters (epsilon = 0.100)
Initial log-likelihood: -23352.294
Current log-likelihood at step 1: -23352.256
Parameters optimization took 0 rounds (0.051 sec)

BETTER TREE FOUND at iteration 1: -23352.256
Iteration 10 / LogL: -23352.643 / Time: 0h:45m:22s
Iteration 20 / LogL: -23391.569 / Time: 0h:45m:26s
Finish initializing candidate tree set (8)
Current best tree score: -23352.256 / CPU time: 9.587
Number of iterations: 20
--------------------------------------------------------------------
|               OPTIMIZING CANDIDATE TREE SET                      |
--------------------------------------------------------------------
Iteration 30 / LogL: -23364.021 / Time: 0h:45m:29s (0h:0m:34s left)
Iteration 40 / LogL: -23352.300 / Time: 0h:45m:32s (0h:0m:26s left)
Iteration 50 / LogL: -23352.288 / Time: 0h:45m:36s (0h:0m:21s left)
Iteration 60 / LogL: -23353.848 / Time: 0h:45m:39s (0h:0m:16s left)
Iteration 70 / LogL: -23352.635 / Time: 0h:45m:42s (0h:0m:12s left)
Iteration 80 / LogL: -23353.703 / Time: 0h:45m:46s (0h:0m:8s left)
Iteration 90 / LogL: -23352.563 / Time: 0h:45m:49s (0h:0m:4s left)
Iteration 100 / LogL: -23352.291 / Time: 0h:45m:52s (0h:0m:0s left)
TREE SEARCH COMPLETED AFTER 102 ITERATIONS / Time: 0h:45m:52s

--------------------------------------------------------------------
|                    FINALIZING TREE SEARCH                        |
--------------------------------------------------------------------
Performs final model parameters optimization
Estimate model parameters (epsilon = 0.010)
Initial log-likelihood: -23352.256
Current log-likelihood at step 1: -23352.250
Partition-specific rates:  1.350 0.650
Parameters optimization took 0 rounds (0.053 sec)

Partition information was printed to partition_file.nex.best_model.nex
BEST SCORE FOUND : -23352.250
Total tree length: 18.662

Total number of iterations: 102
CPU time used for tree search: 36.405 sec (0h:0m:36s)
Wall-clock time used for tree search: 36.464 sec (0h:0m:36s)
Total CPU time used: 2759.831 sec (0h:45m:59s)
Total wall-clock time used: 2753.004 sec (0h:45m:53s)

===> START BOOTSTRAP REPLICATE NUMBER 72

Creating bootstrap alignment (seed: 900236)...

Create initial parsimony tree by phylogenetic likelihood library (PLL)... 0.006 seconds
Reading model parameters from file /Users/mful870/Desktop/MD_3di_Dev_02Oct24/Scriptorum/SubstitutionMatrix/3di_substmat
WARNING: Normalizing state frequencies so that sum of them equals to 1

NOTE: 7 MB RAM (0 GB) is required!
Estimate model parameters (epsilon = 0.100)
Initial log-likelihood: -25066.980
Current log-likelihood at step 1: -23779.529
Current log-likelihood at step 2: -23445.959
Current log-likelihood at step 3: -23039.010
Current log-likelihood at step 4: -23038.151
Current log-likelihood at step 5: -23038.065
Partition-specific rates:  1.358 0.642
Parameters optimization took 4 rounds (0.622 sec)

Wrote distance file to... 
Computing ML distances based on estimated model parameters...
Calculating distance matrix: done in 8.2016e-05 secs using 81.69% CPU
Computing ML distances took 0.000133 sec (of wall-clock time) 0.000094 sec (of CPU time)
Setting up auxiliary I and S matrices: done in 3.60012e-05 secs using 75% CPU
Computing RapidNJ tree took 0.000156 sec (of wall-clock time) 0.000101 sec (of CPU time)
Log-likelihood of RapidNJ tree: -25014.639
--------------------------------------------------------------------
|             INITIALIZING CANDIDATE TREE SET                      |
--------------------------------------------------------------------
Generating 98 parsimony trees... 0.499 second
Computing log-likelihood of 98 initial trees ... 1.653 seconds
Current best score: -23038.065

Do NNI search on 20 best initial trees
Estimate model parameters (epsilon = 0.100)
Initial log-likelihood: -23004.349
Current log-likelihood at step 1: -23004.010
Current log-likelihood at step 2: -23003.992
Parameters optimization took 1 rounds (0.143 sec)

BETTER TREE FOUND at iteration 1: -23003.992
Estimate model parameters (epsilon = 0.100)
Initial log-likelihood: -23003.001
Current log-likelihood at step 1: -23002.287
Current log-likelihood at step 2: -23002.251
Parameters optimization took 1 rounds (0.144 sec)

BETTER TREE FOUND at iteration 2: -23002.251
Iteration 10 / LogL: -23002.955 / Time: 0h:45m:59s
Iteration 20 / LogL: -23010.818 / Time: 0h:46m:2s
Finish initializing candidate tree set (9)
Current best tree score: -23002.251 / CPU time: 8.582
Number of iterations: 20
--------------------------------------------------------------------
|               OPTIMIZING CANDIDATE TREE SET                      |
--------------------------------------------------------------------
UPDATE BEST LOG-LIKELIHOOD: -23002.251
Iteration 30 / LogL: -23003.659 / Time: 0h:46m:5s (0h:0m:30s left)
Iteration 40 / LogL: -23003.775 / Time: 0h:46m:8s (0h:0m:25s left)
Iteration 50 / LogL: -23002.652 / Time: 0h:46m:11s (0h:0m:20s left)
Iteration 60 / LogL: -23002.693 / Time: 0h:46m:14s (0h:0m:15s left)
Iteration 70 / LogL: -23024.485 / Time: 0h:46m:18s (0h:0m:11s left)
Iteration 80 / LogL: -23003.746 / Time: 0h:46m:21s (0h:0m:7s left)
Iteration 90 / LogL: -23002.679 / Time: 0h:46m:24s (0h:0m:4s left)
Iteration 100 / LogL: -23005.441 / Time: 0h:46m:27s (0h:0m:0s left)
TREE SEARCH COMPLETED AFTER 103 ITERATIONS / Time: 0h:46m:28s

--------------------------------------------------------------------
|                    FINALIZING TREE SEARCH                        |
--------------------------------------------------------------------
Performs final model parameters optimization
Estimate model parameters (epsilon = 0.010)
Initial log-likelihood: -23002.251
Current log-likelihood at step 1: -23002.190
Current log-likelihood at step 2: -23002.188
Partition-specific rates:  1.362 0.638
Parameters optimization took 1 rounds (0.115 sec)

Partition information was printed to partition_file.nex.best_model.nex
BEST SCORE FOUND : -23002.188
Total tree length: 18.380

Total number of iterations: 103
CPU time used for tree search: 34.533 sec (0h:0m:34s)
Wall-clock time used for tree search: 34.561 sec (0h:0m:34s)
Total CPU time used: 2795.429 sec (0h:46m:35s)
Total wall-clock time used: 2788.490 sec (0h:46m:28s)

===> START BOOTSTRAP REPLICATE NUMBER 73

Creating bootstrap alignment (seed: 900237)...

Create initial parsimony tree by phylogenetic likelihood library (PLL)... 0.004 seconds
Reading model parameters from file /Users/mful870/Desktop/MD_3di_Dev_02Oct24/Scriptorum/SubstitutionMatrix/3di_substmat
WARNING: Normalizing state frequencies so that sum of them equals to 1

NOTE: 7 MB RAM (0 GB) is required!
Estimate model parameters (epsilon = 0.100)
Initial log-likelihood: -24903.250
Current log-likelihood at step 1: -23511.323
Current log-likelihood at step 2: -23175.615
Current log-likelihood at step 3: -22786.868
Current log-likelihood at step 4: -22786.756
Current log-likelihood at step 5: -22786.738
Partition-specific rates:  1.362 0.638
Parameters optimization took 4 rounds (0.596 sec)

Wrote distance file to... 
Computing ML distances based on estimated model parameters...
Calculating distance matrix: done in 7.29561e-05 secs using 87.72% CPU
Computing ML distances took 0.000123 sec (of wall-clock time) 0.000091 sec (of CPU time)
Setting up auxiliary I and S matrices: done in 3.50475e-05 secs using 71.33% CPU
Computing RapidNJ tree took 0.000147 sec (of wall-clock time) 0.000094 sec (of CPU time)
Log-likelihood of RapidNJ tree: -24816.618
--------------------------------------------------------------------
|             INITIALIZING CANDIDATE TREE SET                      |
--------------------------------------------------------------------
Generating 98 parsimony trees... 0.551 second
Computing log-likelihood of 98 initial trees ... 1.670 seconds
Current best score: -22786.738

Do NNI search on 20 best initial trees
Estimate model parameters (epsilon = 0.100)
Initial log-likelihood: -22752.860
Current log-likelihood at step 1: -22752.562
Current log-likelihood at step 2: -22752.531
Parameters optimization took 1 rounds (0.178 sec)

BETTER TREE FOUND at iteration 1: -22752.531
Iteration 10 / LogL: -22756.622 / Time: 0h:46m:34s
Iteration 20 / LogL: -22753.016 / Time: 0h:46m:37s
Finish initializing candidate tree set (5)
Current best tree score: -22752.531 / CPU time: 8.474
Number of iterations: 20
--------------------------------------------------------------------
|               OPTIMIZING CANDIDATE TREE SET                      |
--------------------------------------------------------------------
Iteration 30 / LogL: -22753.161 / Time: 0h:46m:41s (0h:0m:30s left)
Iteration 40 / LogL: -22752.690 / Time: 0h:46m:44s (0h:0m:24s left)
Estimate model parameters (epsilon = 0.100)
Initial log-likelihood: -22752.176
Current log-likelihood at step 1: -22751.634
Current log-likelihood at step 2: -22751.620
Parameters optimization took 1 rounds (0.144 sec)

BETTER TREE FOUND at iteration 43: -22751.620
Iteration 50 / LogL: -22760.098 / Time: 0h:46m:47s (0h:0m:36s left)
Iteration 60 / LogL: -22754.222 / Time: 0h:46m:50s (0h:0m:31s left)
Iteration 70 / LogL: -22752.157 / Time: 0h:46m:53s (0h:0m:26s left)
Iteration 80 / LogL: -22757.020 / Time: 0h:46m:56s (0h:0m:22s left)
Iteration 90 / LogL: -22752.675 / Time: 0h:46m:59s (0h:0m:18s left)
Iteration 100 / LogL: -22752.631 / Time: 0h:47m:2s (0h:0m:14s left)
Iteration 110 / LogL: -22753.692 / Time: 0h:47m:5s (0h:0m:11s left)
Iteration 120 / LogL: -22752.634 / Time: 0h:47m:8s (0h:0m:7s left)
Iteration 130 / LogL: -22752.830 / Time: 0h:47m:11s (0h:0m:4s left)
Iteration 140 / LogL: -22752.897 / Time: 0h:47m:14s (0h:0m:0s left)
TREE SEARCH COMPLETED AFTER 144 ITERATIONS / Time: 0h:47m:15s

--------------------------------------------------------------------
|                    FINALIZING TREE SEARCH                        |
--------------------------------------------------------------------
Performs final model parameters optimization
Estimate model parameters (epsilon = 0.010)
Initial log-likelihood: -22751.620
Current log-likelihood at step 1: -22751.617
Partition-specific rates:  1.359 0.641
Parameters optimization took 0 rounds (0.052 sec)

Partition information was printed to partition_file.nex.best_model.nex
BEST SCORE FOUND : -22751.617
Total tree length: 18.337

Total number of iterations: 144
CPU time used for tree search: 46.048 sec (0h:0m:46s)
Wall-clock time used for tree search: 46.107 sec (0h:0m:46s)
Total CPU time used: 2842.480 sec (0h:47m:22s)
Total wall-clock time used: 2835.444 sec (0h:47m:15s)

===> START BOOTSTRAP REPLICATE NUMBER 74

Creating bootstrap alignment (seed: 900238)...

Create initial parsimony tree by phylogenetic likelihood library (PLL)... 0.005 seconds
Reading model parameters from file /Users/mful870/Desktop/MD_3di_Dev_02Oct24/Scriptorum/SubstitutionMatrix/3di_substmat
WARNING: Normalizing state frequencies so that sum of them equals to 1

NOTE: 7 MB RAM (0 GB) is required!
Estimate model parameters (epsilon = 0.100)
Initial log-likelihood: -24747.203
Current log-likelihood at step 1: -23424.122
Current log-likelihood at step 2: -23096.501
Current log-likelihood at step 3: -22661.014
Current log-likelihood at step 4: -22660.831
Current log-likelihood at step 5: -22660.825
Partition-specific rates:  1.360 0.640
Parameters optimization took 4 rounds (0.592 sec)

Wrote distance file to... 
Computing ML distances based on estimated model parameters...
Calculating distance matrix: done in 7.29561e-05 secs using 87.72% CPU
Computing ML distances took 0.000120 sec (of wall-clock time) 0.000090 sec (of CPU time)
Setting up auxiliary I and S matrices: done in 3.50475e-05 secs using 74.18% CPU
Computing RapidNJ tree took 0.000153 sec (of wall-clock time) 0.000096 sec (of CPU time)
Log-likelihood of RapidNJ tree: -24580.070
--------------------------------------------------------------------
|             INITIALIZING CANDIDATE TREE SET                      |
--------------------------------------------------------------------
Generating 98 parsimony trees... 0.562 second
Computing log-likelihood of 98 initial trees ... 1.614 seconds
Current best score: -22660.825

Do NNI search on 20 best initial trees
Estimate model parameters (epsilon = 0.100)
Initial log-likelihood: -22627.057
Current log-likelihood at step 1: -22626.270
Current log-likelihood at step 2: -22626.215
Parameters optimization took 1 rounds (0.144 sec)

BETTER TREE FOUND at iteration 1: -22626.215
Iteration 10 / LogL: -22627.281 / Time: 0h:47m:22s
Iteration 20 / LogL: -22633.274 / Time: 0h:47m:26s
Finish initializing candidate tree set (2)
Current best tree score: -22626.215 / CPU time: 9.996
Number of iterations: 20
--------------------------------------------------------------------
|               OPTIMIZING CANDIDATE TREE SET                      |
--------------------------------------------------------------------
Iteration 30 / LogL: -22626.464 / Time: 0h:47m:29s (0h:0m:33s left)
Iteration 40 / LogL: -22626.485 / Time: 0h:47m:32s (0h:0m:26s left)
Iteration 50 / LogL: -22632.967 / Time: 0h:47m:35s (0h:0m:21s left)
Iteration 60 / LogL: -22626.246 / Time: 0h:47m:40s (0h:0m:17s left)
Iteration 70 / LogL: -22626.467 / Time: 0h:47m:43s (0h:0m:12s left)
Iteration 80 / LogL: -22632.884 / Time: 0h:47m:47s (0h:0m:8s left)
Iteration 90 / LogL: -22633.656 / Time: 0h:47m:51s (0h:0m:4s left)
Iteration 100 / LogL: -22636.416 / Time: 0h:47m:54s (0h:0m:0s left)
TREE SEARCH COMPLETED AFTER 102 ITERATIONS / Time: 0h:47m:55s

--------------------------------------------------------------------
|                    FINALIZING TREE SEARCH                        |
--------------------------------------------------------------------
Performs final model parameters optimization
Estimate model parameters (epsilon = 0.010)
Initial log-likelihood: -22626.215
Current log-likelihood at step 1: -22626.194
Current log-likelihood at step 2: -22626.193
Partition-specific rates:  1.357 0.643
Parameters optimization took 1 rounds (0.112 sec)

Partition information was printed to partition_file.nex.best_model.nex
BEST SCORE FOUND : -22626.193
Total tree length: 18.336

Total number of iterations: 102
CPU time used for tree search: 38.880 sec (0h:0m:38s)
Wall-clock time used for tree search: 38.946 sec (0h:0m:38s)
Total CPU time used: 2882.587 sec (0h:48m:2s)
Total wall-clock time used: 2875.445 sec (0h:47m:55s)

===> START BOOTSTRAP REPLICATE NUMBER 75

Creating bootstrap alignment (seed: 900239)...

Create initial parsimony tree by phylogenetic likelihood library (PLL)... 0.006 seconds
Reading model parameters from file /Users/mful870/Desktop/MD_3di_Dev_02Oct24/Scriptorum/SubstitutionMatrix/3di_substmat
WARNING: Normalizing state frequencies so that sum of them equals to 1

NOTE: 7 MB RAM (0 GB) is required!
Estimate model parameters (epsilon = 0.100)
Initial log-likelihood: -25811.844
Current log-likelihood at step 1: -24514.440
Current log-likelihood at step 2: -24293.687
Current log-likelihood at step 3: -23896.756
Current log-likelihood at step 4: -23788.814
Current log-likelihood at step 5: -23788.722
Partition-specific rates:  1.362 0.638
Parameters optimization took 4 rounds (0.669 sec)

Wrote distance file to... 
Computing ML distances based on estimated model parameters...
Calculating distance matrix: done in 8.01086e-05 secs using 86.13% CPU
Computing ML distances took 0.000156 sec (of wall-clock time) 0.000100 sec (of CPU time)
Setting up auxiliary I and S matrices: done in 3.38554e-05 secs using 73.84% CPU
Computing RapidNJ tree took 0.000139 sec (of wall-clock time) 0.000094 sec (of CPU time)
Log-likelihood of RapidNJ tree: -25883.544
--------------------------------------------------------------------
|             INITIALIZING CANDIDATE TREE SET                      |
--------------------------------------------------------------------
Generating 98 parsimony trees... 0.552 second
Computing log-likelihood of 98 initial trees ... 1.687 seconds
Current best score: -23788.722

Do NNI search on 20 best initial trees
Estimate model parameters (epsilon = 0.100)
Initial log-likelihood: -23765.630
Current log-likelihood at step 1: -23765.063
Current log-likelihood at step 2: -23765.015
Parameters optimization took 1 rounds (0.174 sec)

BETTER TREE FOUND at iteration 1: -23765.015
Iteration 10 / LogL: -23765.650 / Time: 0h:48m:1s
Iteration 20 / LogL: -23765.626 / Time: 0h:48m:5s
Finish initializing candidate tree set (3)
Current best tree score: -23765.015 / CPU time: 8.878
Number of iterations: 20
--------------------------------------------------------------------
|               OPTIMIZING CANDIDATE TREE SET                      |
--------------------------------------------------------------------
Iteration 30 / LogL: -23765.109 / Time: 0h:48m:7s (0h:0m:30s left)
UPDATE BEST LOG-LIKELIHOOD: -23765.011
Iteration 40 / LogL: -23766.626 / Time: 0h:48m:11s (0h:0m:25s left)
Iteration 50 / LogL: -23765.850 / Time: 0h:48m:15s (0h:0m:20s left)
Iteration 60 / LogL: -23765.083 / Time: 0h:48m:18s (0h:0m:15s left)
Iteration 70 / LogL: -23765.880 / Time: 0h:48m:21s (0h:0m:11s left)
UPDATE BEST LOG-LIKELIHOOD: -23765.009
Iteration 80 / LogL: -23765.135 / Time: 0h:48m:24s (0h:0m:7s left)
Iteration 90 / LogL: -23767.391 / Time: 0h:48m:27s (0h:0m:3s left)
Iteration 100 / LogL: -23766.959 / Time: 0h:48m:30s (0h:0m:0s left)
TREE SEARCH COMPLETED AFTER 102 ITERATIONS / Time: 0h:48m:31s

--------------------------------------------------------------------
|                    FINALIZING TREE SEARCH                        |
--------------------------------------------------------------------
Performs final model parameters optimization
Estimate model parameters (epsilon = 0.010)
Initial log-likelihood: -23765.009
Current log-likelihood at step 1: -23764.993
Current log-likelihood at step 2: -23764.993
Partition-specific rates:  1.355 0.645
Parameters optimization took 1 rounds (0.117 sec)

Partition information was printed to partition_file.nex.best_model.nex
BEST SCORE FOUND : -23764.993
Total tree length: 18.546

Total number of iterations: 102
CPU time used for tree search: 34.992 sec (0h:0m:34s)
Wall-clock time used for tree search: 35.056 sec (0h:0m:35s)
Total CPU time used: 2918.808 sec (0h:48m:38s)
Total wall-clock time used: 2911.559 sec (0h:48m:31s)

===> START BOOTSTRAP REPLICATE NUMBER 76

Creating bootstrap alignment (seed: 900240)...

Create initial parsimony tree by phylogenetic likelihood library (PLL)... 0.006 seconds
Reading model parameters from file /Users/mful870/Desktop/MD_3di_Dev_02Oct24/Scriptorum/SubstitutionMatrix/3di_substmat
WARNING: Normalizing state frequencies so that sum of them equals to 1

NOTE: 7 MB RAM (0 GB) is required!
Estimate model parameters (epsilon = 0.100)
Initial log-likelihood: -25888.599
Current log-likelihood at step 1: -24677.057
Current log-likelihood at step 2: -24345.939
Current log-likelihood at step 3: -23943.062
Current log-likelihood at step 4: -23942.974
Partition-specific rates:  1.340 0.660
Parameters optimization took 3 rounds (0.544 sec)

Wrote distance file to... 
Computing ML distances based on estimated model parameters...
Calculating distance matrix: done in 8.29697e-05 secs using 81.96% CPU
Computing ML distances took 0.000138 sec (of wall-clock time) 0.000096 sec (of CPU time)
Setting up auxiliary I and S matrices: done in 3.38554e-05 secs using 73.84% CPU
Computing RapidNJ tree took 0.000148 sec (of wall-clock time) 0.000095 sec (of CPU time)
Log-likelihood of RapidNJ tree: -26029.509
--------------------------------------------------------------------
|             INITIALIZING CANDIDATE TREE SET                      |
--------------------------------------------------------------------
Generating 98 parsimony trees... 0.595 second
Computing log-likelihood of 98 initial trees ... 1.715 seconds
Current best score: -23942.974

Do NNI search on 20 best initial trees
Estimate model parameters (epsilon = 0.100)
Initial log-likelihood: -23886.726
Current log-likelihood at step 1: -23886.309
Current log-likelihood at step 2: -23886.274
Parameters optimization took 1 rounds (0.187 sec)

BETTER TREE FOUND at iteration 1: -23886.274
Estimate model parameters (epsilon = 0.100)
Initial log-likelihood: -23880.551
Current log-likelihood at step 1: -23880.417
Current log-likelihood at step 2: -23880.413
Parameters optimization took 1 rounds (0.127 sec)

BETTER TREE FOUND at iteration 2: -23880.413
Iteration 10 / LogL: -23886.695 / Time: 0h:48m:38s
Iteration 20 / LogL: -23886.625 / Time: 0h:48m:43s
Finish initializing candidate tree set (2)
Current best tree score: -23880.413 / CPU time: 10.698
Number of iterations: 20
--------------------------------------------------------------------
|               OPTIMIZING CANDIDATE TREE SET                      |
--------------------------------------------------------------------
Iteration 30 / LogL: -23905.529 / Time: 0h:48m:46s (0h:0m:37s left)
Iteration 40 / LogL: -23880.437 / Time: 0h:48m:50s (0h:0m:29s left)
Iteration 50 / LogL: -23880.609 / Time: 0h:48m:53s (0h:0m:23s left)
Iteration 60 / LogL: -23883.356 / Time: 0h:48m:57s (0h:0m:18s left)
Iteration 70 / LogL: -23902.664 / Time: 0h:49m:0s (0h:0m:13s left)
Iteration 80 / LogL: -23882.798 / Time: 0h:49m:4s (0h:0m:9s left)
Iteration 90 / LogL: -23880.549 / Time: 0h:49m:7s (0h:0m:4s left)
Iteration 100 / LogL: -23880.630 / Time: 0h:49m:11s (0h:0m:0s left)
TREE SEARCH COMPLETED AFTER 103 ITERATIONS / Time: 0h:49m:12s

--------------------------------------------------------------------
|                    FINALIZING TREE SEARCH                        |
--------------------------------------------------------------------
Performs final model parameters optimization
Estimate model parameters (epsilon = 0.010)
Initial log-likelihood: -23880.413
Current log-likelihood at step 1: -23880.412
Partition-specific rates:  1.342 0.658
Parameters optimization took 0 rounds (0.055 sec)

Partition information was printed to partition_file.nex.best_model.nex
BEST SCORE FOUND : -23880.412
Total tree length: 17.709

Total number of iterations: 103
CPU time used for tree search: 39.997 sec (0h:0m:39s)
Wall-clock time used for tree search: 40.059 sec (0h:0m:40s)
Total CPU time used: 2959.839 sec (0h:49m:19s)
Total wall-clock time used: 2952.479 sec (0h:49m:12s)

===> START BOOTSTRAP REPLICATE NUMBER 77

Creating bootstrap alignment (seed: 900241)...

Create initial parsimony tree by phylogenetic likelihood library (PLL)... 0.007 seconds
Reading model parameters from file /Users/mful870/Desktop/MD_3di_Dev_02Oct24/Scriptorum/SubstitutionMatrix/3di_substmat
WARNING: Normalizing state frequencies so that sum of them equals to 1

NOTE: 7 MB RAM (0 GB) is required!
Estimate model parameters (epsilon = 0.100)
Initial log-likelihood: -24946.060
Current log-likelihood at step 1: -23506.166
Current log-likelihood at step 2: -23142.639
Current log-likelihood at step 3: -22774.286
Current log-likelihood at step 4: -22774.098
Current log-likelihood at step 5: -22774.094
Partition-specific rates:  1.335 0.665
Parameters optimization took 4 rounds (0.613 sec)

Wrote distance file to... 
Computing ML distances based on estimated model parameters...
Calculating distance matrix: done in 8.2016e-05 secs using 81.69% CPU
Computing ML distances took 0.000133 sec (of wall-clock time) 0.000094 sec (of CPU time)
Setting up auxiliary I and S matrices: done in 4.91142e-05 secs using 71.26% CPU
Computing RapidNJ tree took 0.000225 sec (of wall-clock time) 0.000143 sec (of CPU time)
Log-likelihood of RapidNJ tree: -24752.301
--------------------------------------------------------------------
|             INITIALIZING CANDIDATE TREE SET                      |
--------------------------------------------------------------------
Generating 98 parsimony trees... 0.564 second
Computing log-likelihood of 98 initial trees ... 1.707 seconds
Current best score: -22774.094

Do NNI search on 20 best initial trees
Estimate model parameters (epsilon = 0.100)
Initial log-likelihood: -22749.729
Current log-likelihood at step 1: -22748.872
Current log-likelihood at step 2: -22748.694
Current log-likelihood at step 3: -22748.665
Parameters optimization took 2 rounds (0.239 sec)

BETTER TREE FOUND at iteration 1: -22748.665
Iteration 10 / LogL: -22754.052 / Time: 0h:49m:19s
Iteration 20 / LogL: -22749.180 / Time: 0h:49m:24s
Finish initializing candidate tree set (7)
Current best tree score: -22748.665 / CPU time: 10.362
Number of iterations: 20
--------------------------------------------------------------------
|               OPTIMIZING CANDIDATE TREE SET                      |
--------------------------------------------------------------------
Iteration 30 / LogL: -22756.691 / Time: 0h:49m:27s (0h:0m:36s left)
Iteration 40 / LogL: -22752.706 / Time: 0h:49m:30s (0h:0m:28s left)
Iteration 50 / LogL: -22755.016 / Time: 0h:49m:34s (0h:0m:22s left)
Iteration 60 / LogL: -22753.167 / Time: 0h:49m:37s (0h:0m:17s left)
Iteration 70 / LogL: -22753.021 / Time: 0h:49m:41s (0h:0m:13s left)
Iteration 80 / LogL: -22752.701 / Time: 0h:49m:45s (0h:0m:8s left)
Iteration 90 / LogL: -22750.239 / Time: 0h:49m:48s (0h:0m:4s left)
Iteration 100 / LogL: -22749.697 / Time: 0h:49m:52s (0h:0m:0s left)
TREE SEARCH COMPLETED AFTER 102 ITERATIONS / Time: 0h:49m:53s

--------------------------------------------------------------------
|                    FINALIZING TREE SEARCH                        |
--------------------------------------------------------------------
Performs final model parameters optimization
Estimate model parameters (epsilon = 0.010)
Initial log-likelihood: -22748.665
Current log-likelihood at step 1: -22748.648
Current log-likelihood at step 2: -22748.644
Partition-specific rates:  1.341 0.659
Parameters optimization took 1 rounds (0.120 sec)

Partition information was printed to partition_file.nex.best_model.nex
BEST SCORE FOUND : -22748.644
Total tree length: 19.778

Total number of iterations: 102
CPU time used for tree search: 39.062 sec (0h:0m:39s)
Wall-clock time used for tree search: 39.130 sec (0h:0m:39s)
Total CPU time used: 3000.593 sec (0h:50m:0s)
Total wall-clock time used: 2993.129 sec (0h:49m:53s)

===> START BOOTSTRAP REPLICATE NUMBER 78

Creating bootstrap alignment (seed: 900242)...

Create initial parsimony tree by phylogenetic likelihood library (PLL)... 0.004 seconds
Reading model parameters from file /Users/mful870/Desktop/MD_3di_Dev_02Oct24/Scriptorum/SubstitutionMatrix/3di_substmat
WARNING: Normalizing state frequencies so that sum of them equals to 1

NOTE: 7 MB RAM (0 GB) is required!
Estimate model parameters (epsilon = 0.100)
Initial log-likelihood: -25823.113
Current log-likelihood at step 1: -24552.339
Current log-likelihood at step 2: -24222.432
Current log-likelihood at step 3: -23803.115
Current log-likelihood at step 4: -23802.654
Current log-likelihood at step 5: -23802.610
Partition-specific rates:  1.343 0.657
Parameters optimization took 4 rounds (0.601 sec)

Wrote distance file to... 
Computing ML distances based on estimated model parameters...
Calculating distance matrix: done in 7.29561e-05 secs using 89.09% CPU
Computing ML distances took 0.000122 sec (of wall-clock time) 0.000091 sec (of CPU time)
Setting up auxiliary I and S matrices: done in 3.19481e-05 secs using 71.99% CPU
Computing RapidNJ tree took 0.000139 sec (of wall-clock time) 0.000093 sec (of CPU time)
Log-likelihood of RapidNJ tree: -25766.871
--------------------------------------------------------------------
|             INITIALIZING CANDIDATE TREE SET                      |
--------------------------------------------------------------------
Generating 98 parsimony trees... 0.582 second
Computing log-likelihood of 98 initial trees ... 1.694 seconds
Current best score: -23802.610

Do NNI search on 20 best initial trees
Estimate model parameters (epsilon = 0.100)
Initial log-likelihood: -23758.518
Current log-likelihood at step 1: -23757.818
Current log-likelihood at step 2: -23757.750
Parameters optimization took 1 rounds (0.150 sec)

BETTER TREE FOUND at iteration 1: -23757.750
Estimate model parameters (epsilon = 0.100)
Initial log-likelihood: -23752.661
Current log-likelihood at step 1: -23752.008
Current log-likelihood at step 2: -23751.946
Parameters optimization took 1 rounds (0.156 sec)

BETTER TREE FOUND at iteration 2: -23751.946
Iteration 10 / LogL: -23757.896 / Time: 0h:49m:59s
Iteration 20 / LogL: -23752.312 / Time: 0h:50m:3s
Finish initializing candidate tree set (5)
Current best tree score: -23751.946 / CPU time: 9.576
Number of iterations: 20
--------------------------------------------------------------------
|               OPTIMIZING CANDIDATE TREE SET                      |
--------------------------------------------------------------------
Iteration 30 / LogL: -23757.604 / Time: 0h:50m:6s (0h:0m:33s left)
Iteration 40 / LogL: -23758.186 / Time: 0h:50m:9s (0h:0m:26s left)
Iteration 50 / LogL: -23757.194 / Time: 0h:50m:12s (0h:0m:20s left)
Iteration 60 / LogL: -23757.818 / Time: 0h:50m:15s (0h:0m:16s left)
Iteration 70 / LogL: -23752.451 / Time: 0h:50m:19s (0h:0m:12s left)
Iteration 80 / LogL: -23756.684 / Time: 0h:50m:22s (0h:0m:8s left)
Iteration 90 / LogL: -23759.147 / Time: 0h:50m:25s (0h:0m:4s left)
Iteration 100 / LogL: -23757.744 / Time: 0h:50m:29s (0h:0m:0s left)
TREE SEARCH COMPLETED AFTER 103 ITERATIONS / Time: 0h:50m:30s

--------------------------------------------------------------------
|                    FINALIZING TREE SEARCH                        |
--------------------------------------------------------------------
Performs final model parameters optimization
Estimate model parameters (epsilon = 0.010)
Initial log-likelihood: -23751.946
Current log-likelihood at step 1: -23751.920
Current log-likelihood at step 2: -23751.918
Partition-specific rates:  1.343 0.657
Parameters optimization took 1 rounds (0.115 sec)

Partition information was printed to partition_file.nex.best_model.nex
BEST SCORE FOUND : -23751.918
Total tree length: 18.468

Total number of iterations: 103
CPU time used for tree search: 36.179 sec (0h:0m:36s)
Wall-clock time used for tree search: 36.251 sec (0h:0m:36s)
Total CPU time used: 3037.894 sec (0h:50m:37s)
Total wall-clock time used: 3030.336 sec (0h:50m:30s)

===> START BOOTSTRAP REPLICATE NUMBER 79

Creating bootstrap alignment (seed: 900243)...

Create initial parsimony tree by phylogenetic likelihood library (PLL)... 0.004 seconds
Reading model parameters from file /Users/mful870/Desktop/MD_3di_Dev_02Oct24/Scriptorum/SubstitutionMatrix/3di_substmat
WARNING: Normalizing state frequencies so that sum of them equals to 1

NOTE: 7 MB RAM (0 GB) is required!
Estimate model parameters (epsilon = 0.100)
Initial log-likelihood: -25365.078
Current log-likelihood at step 1: -24051.232
Current log-likelihood at step 2: -23726.940
Current log-likelihood at step 3: -23296.251
Current log-likelihood at step 4: -23295.942
Current log-likelihood at step 5: -23295.883
Partition-specific rates:  1.380 0.620
Parameters optimization took 4 rounds (0.640 sec)

Wrote distance file to... 
Computing ML distances based on estimated model parameters...
Calculating distance matrix: done in 8.2016e-05 secs using 81.69% CPU
Computing ML distances took 0.000136 sec (of wall-clock time) 0.000095 sec (of CPU time)
Setting up auxiliary I and S matrices: done in 3.71933e-05 secs using 75.28% CPU
Computing RapidNJ tree took 0.000156 sec (of wall-clock time) 0.000099 sec (of CPU time)
Log-likelihood of RapidNJ tree: -25606.289
--------------------------------------------------------------------
|             INITIALIZING CANDIDATE TREE SET                      |
--------------------------------------------------------------------
Generating 98 parsimony trees... 0.537 second
Computing log-likelihood of 98 initial trees ... 1.699 seconds
Current best score: -23295.883

Do NNI search on 20 best initial trees
Estimate model parameters (epsilon = 0.100)
Initial log-likelihood: -23293.939
Current log-likelihood at step 1: -23293.877
Parameters optimization took 0 rounds (0.051 sec)

BETTER TREE FOUND at iteration 1: -23293.877
Estimate model parameters (epsilon = 0.100)
Initial log-likelihood: -23291.429
Current log-likelihood at step 1: -23291.218
Current log-likelihood at step 2: -23291.204
Parameters optimization took 1 rounds (0.117 sec)

BETTER TREE FOUND at iteration 2: -23291.204
Iteration 10 / LogL: -23291.445 / Time: 0h:50m:37s
Iteration 20 / LogL: -23294.261 / Time: 0h:50m:40s
Finish initializing candidate tree set (3)
Current best tree score: -23291.204 / CPU time: 9.456
Number of iterations: 20
--------------------------------------------------------------------
|               OPTIMIZING CANDIDATE TREE SET                      |
--------------------------------------------------------------------
Iteration 30 / LogL: -23293.311 / Time: 0h:50m:44s (0h:0m:34s left)
Iteration 40 / LogL: -23331.864 / Time: 0h:50m:47s (0h:0m:27s left)
Iteration 50 / LogL: -23291.218 / Time: 0h:50m:50s (0h:0m:21s left)
Iteration 60 / LogL: -23293.194 / Time: 0h:50m:54s (0h:0m:16s left)
Iteration 70 / LogL: -23292.584 / Time: 0h:50m:57s (0h:0m:12s left)
Iteration 80 / LogL: -23291.699 / Time: 0h:51m:0s (0h:0m:8s left)
Iteration 90 / LogL: -23291.215 / Time: 0h:51m:4s (0h:0m:4s left)
Iteration 100 / LogL: -23291.753 / Time: 0h:51m:7s (0h:0m:0s left)
TREE SEARCH COMPLETED AFTER 103 ITERATIONS / Time: 0h:51m:8s

--------------------------------------------------------------------
|                    FINALIZING TREE SEARCH                        |
--------------------------------------------------------------------
Performs final model parameters optimization
Estimate model parameters (epsilon = 0.010)
Initial log-likelihood: -23291.204
Current log-likelihood at step 1: -23291.200
Partition-specific rates:  1.376 0.624
Parameters optimization took 0 rounds (0.053 sec)

Partition information was printed to partition_file.nex.best_model.nex
BEST SCORE FOUND : -23291.200
Total tree length: 19.201

Total number of iterations: 103
CPU time used for tree search: 37.243 sec (0h:0m:37s)
Wall-clock time used for tree search: 37.299 sec (0h:0m:37s)
Total CPU time used: 3076.247 sec (0h:51m:16s)
Total wall-clock time used: 3068.577 sec (0h:51m:8s)

===> START BOOTSTRAP REPLICATE NUMBER 80

Creating bootstrap alignment (seed: 900244)...

Create initial parsimony tree by phylogenetic likelihood library (PLL)... 0.003 seconds
Reading model parameters from file /Users/mful870/Desktop/MD_3di_Dev_02Oct24/Scriptorum/SubstitutionMatrix/3di_substmat
WARNING: Normalizing state frequencies so that sum of them equals to 1

NOTE: 7 MB RAM (0 GB) is required!
Estimate model parameters (epsilon = 0.100)
Initial log-likelihood: -25690.925
Current log-likelihood at step 1: -24295.373
Current log-likelihood at step 2: -23963.175
Current log-likelihood at step 3: -23548.564
Current log-likelihood at step 4: -23548.011
Current log-likelihood at step 5: -23547.903
Current log-likelihood at step 6: -23547.892
Partition-specific rates:  1.366 0.634
Parameters optimization took 5 rounds (0.715 sec)

Wrote distance file to... 
Computing ML distances based on estimated model parameters...
Calculating distance matrix: done in 7.41482e-05 secs using 87.66% CPU
Computing ML distances took 0.000128 sec (of wall-clock time) 0.000093 sec (of CPU time)
Setting up auxiliary I and S matrices: done in 3.79086e-05 secs using 73.86% CPU
Computing RapidNJ tree took 0.000162 sec (of wall-clock time) 0.000101 sec (of CPU time)
Log-likelihood of RapidNJ tree: -25660.641
--------------------------------------------------------------------
|             INITIALIZING CANDIDATE TREE SET                      |
--------------------------------------------------------------------
Generating 98 parsimony trees... 0.518 second
Computing log-likelihood of 98 initial trees ... 1.738 seconds
Current best score: -23547.892

Do NNI search on 20 best initial trees
Estimate model parameters (epsilon = 0.100)
Initial log-likelihood: -23495.626
Current log-likelihood at step 1: -23495.536
Parameters optimization took 0 rounds (0.081 sec)

BETTER TREE FOUND at iteration 1: -23495.536
Estimate model parameters (epsilon = 0.100)
Initial log-likelihood: -23487.071
Current log-likelihood at step 1: -23485.332
Current log-likelihood at step 2: -23485.262
Parameters optimization took 1 rounds (0.155 sec)

BETTER TREE FOUND at iteration 2: -23485.262
Iteration 10 / LogL: -23486.348 / Time: 0h:51m:14s
Iteration 20 / LogL: -23485.628 / Time: 0h:51m:18s
Finish initializing candidate tree set (2)
Current best tree score: -23485.262 / CPU time: 8.586
Number of iterations: 20
--------------------------------------------------------------------
|               OPTIMIZING CANDIDATE TREE SET                      |
--------------------------------------------------------------------
Iteration 30 / LogL: -23485.416 / Time: 0h:51m:20s (0h:0m:30s left)
Iteration 40 / LogL: -23485.528 / Time: 0h:51m:23s (0h:0m:23s left)
Iteration 50 / LogL: -23488.113 / Time: 0h:51m:26s (0h:0m:18s left)
Iteration 60 / LogL: -23485.326 / Time: 0h:51m:29s (0h:0m:14s left)
Iteration 70 / LogL: -23496.751 / Time: 0h:51m:31s (0h:0m:10s left)
Iteration 80 / LogL: -23485.366 / Time: 0h:51m:35s (0h:0m:7s left)
Iteration 90 / LogL: -23496.142 / Time: 0h:51m:38s (0h:0m:4s left)
Iteration 100 / LogL: -23486.813 / Time: 0h:51m:41s (0h:0m:0s left)
TREE SEARCH COMPLETED AFTER 103 ITERATIONS / Time: 0h:51m:42s

--------------------------------------------------------------------
|                    FINALIZING TREE SEARCH                        |
--------------------------------------------------------------------
Performs final model parameters optimization
Estimate model parameters (epsilon = 0.010)
Initial log-likelihood: -23485.262
Current log-likelihood at step 1: -23485.243
Current log-likelihood at step 2: -23485.243
Partition-specific rates:  1.366 0.634
Parameters optimization took 1 rounds (0.119 sec)

Partition information was printed to partition_file.nex.best_model.nex
BEST SCORE FOUND : -23485.243
Total tree length: 18.501

Total number of iterations: 103
CPU time used for tree search: 32.620 sec (0h:0m:32s)
Wall-clock time used for tree search: 32.666 sec (0h:0m:32s)
Total CPU time used: 3110.068 sec (0h:51m:50s)
Total wall-clock time used: 3102.301 sec (0h:51m:42s)

===> START BOOTSTRAP REPLICATE NUMBER 81

Creating bootstrap alignment (seed: 900245)...

Create initial parsimony tree by phylogenetic likelihood library (PLL)... 0.005 seconds
Reading model parameters from file /Users/mful870/Desktop/MD_3di_Dev_02Oct24/Scriptorum/SubstitutionMatrix/3di_substmat
WARNING: Normalizing state frequencies so that sum of them equals to 1

NOTE: 7 MB RAM (0 GB) is required!
Estimate model parameters (epsilon = 0.100)
Initial log-likelihood: -25209.136
Current log-likelihood at step 1: -23841.827
Current log-likelihood at step 2: -23486.961
Current log-likelihood at step 3: -23069.788
Current log-likelihood at step 4: -23069.497
Current log-likelihood at step 5: -23069.495
Partition-specific rates:  1.333 0.667
Parameters optimization took 4 rounds (0.607 sec)

Wrote distance file to... 
Computing ML distances based on estimated model parameters...
Calculating distance matrix: done in 7.51019e-05 secs using 86.55% CPU
Computing ML distances took 0.000127 sec (of wall-clock time) 0.000093 sec (of CPU time)
Setting up auxiliary I and S matrices: done in 3.71933e-05 secs using 75.28% CPU
Computing RapidNJ tree took 0.000166 sec (of wall-clock time) 0.000101 sec (of CPU time)
Log-likelihood of RapidNJ tree: -25222.102
--------------------------------------------------------------------
|             INITIALIZING CANDIDATE TREE SET                      |
--------------------------------------------------------------------
Generating 98 parsimony trees... 0.507 second
Computing log-likelihood of 98 initial trees ... 1.660 seconds
Current best score: -23069.495

Do NNI search on 20 best initial trees
Estimate model parameters (epsilon = 0.100)
Initial log-likelihood: -23037.814
Current log-likelihood at step 1: -23037.425
Current log-likelihood at step 2: -23037.418
Parameters optimization took 1 rounds (0.149 sec)

BETTER TREE FOUND at iteration 1: -23037.418
Iteration 10 / LogL: -23038.760 / Time: 0h:51m:48s
Iteration 20 / LogL: -23040.213 / Time: 0h:51m:51s
Finish initializing candidate tree set (3)
Current best tree score: -23037.418 / CPU time: 8.066
Number of iterations: 20
--------------------------------------------------------------------
|               OPTIMIZING CANDIDATE TREE SET                      |
--------------------------------------------------------------------
Iteration 30 / LogL: -23038.289 / Time: 0h:51m:54s (0h:0m:29s left)
Iteration 40 / LogL: -23038.126 / Time: 0h:51m:57s (0h:0m:23s left)
Iteration 50 / LogL: -23037.727 / Time: 0h:52m:0s (0h:0m:18s left)
Iteration 60 / LogL: -23038.808 / Time: 0h:52m:3s (0h:0m:14s left)
Iteration 70 / LogL: -23037.862 / Time: 0h:52m:6s (0h:0m:10s left)
Iteration 80 / LogL: -23038.338 / Time: 0h:52m:9s (0h:0m:7s left)
Iteration 90 / LogL: -23037.984 / Time: 0h:52m:12s (0h:0m:3s left)
Iteration 100 / LogL: -23037.583 / Time: 0h:52m:14s (0h:0m:0s left)
TREE SEARCH COMPLETED AFTER 102 ITERATIONS / Time: 0h:52m:15s

--------------------------------------------------------------------
|                    FINALIZING TREE SEARCH                        |
--------------------------------------------------------------------
Performs final model parameters optimization
Estimate model parameters (epsilon = 0.010)
Initial log-likelihood: -23037.418
Current log-likelihood at step 1: -23037.417
Partition-specific rates:  1.338 0.662
Parameters optimization took 0 rounds (0.051 sec)

Partition information was printed to partition_file.nex.best_model.nex
BEST SCORE FOUND : -23037.417
Total tree length: 18.638

Total number of iterations: 102
CPU time used for tree search: 32.264 sec (0h:0m:32s)
Wall-clock time used for tree search: 32.296 sec (0h:0m:32s)
Total CPU time used: 3143.342 sec (0h:52m:23s)
Total wall-clock time used: 3135.456 sec (0h:52m:15s)

===> START BOOTSTRAP REPLICATE NUMBER 82

Creating bootstrap alignment (seed: 900246)...

Create initial parsimony tree by phylogenetic likelihood library (PLL)... 0.004 seconds
Reading model parameters from file /Users/mful870/Desktop/MD_3di_Dev_02Oct24/Scriptorum/SubstitutionMatrix/3di_substmat
WARNING: Normalizing state frequencies so that sum of them equals to 1

NOTE: 7 MB RAM (0 GB) is required!
Estimate model parameters (epsilon = 0.100)
Initial log-likelihood: -25750.061
Current log-likelihood at step 1: -24385.789
Current log-likelihood at step 2: -24085.957
Current log-likelihood at step 3: -23627.217
Current log-likelihood at step 4: -23626.563
Current log-likelihood at step 5: -23626.486
Partition-specific rates:  1.358 0.642
Parameters optimization took 4 rounds (0.616 sec)

Wrote distance file to... 
Computing ML distances based on estimated model parameters...
Calculating distance matrix: done in 7.20024e-05 secs using 87.5% CPU
Computing ML distances took 0.000121 sec (of wall-clock time) 0.000089 sec (of CPU time)
Setting up auxiliary I and S matrices: done in 3.60012e-05 secs using 75% CPU
Computing RapidNJ tree took 0.000160 sec (of wall-clock time) 0.000101 sec (of CPU time)
Log-likelihood of RapidNJ tree: -25537.914
--------------------------------------------------------------------
|             INITIALIZING CANDIDATE TREE SET                      |
--------------------------------------------------------------------
Generating 98 parsimony trees... 0.499 second
Computing log-likelihood of 98 initial trees ... 1.683 seconds
Current best score: -23626.486

Do NNI search on 20 best initial trees
Estimate model parameters (epsilon = 0.100)
Initial log-likelihood: -23550.691
Current log-likelihood at step 1: -23549.846
Current log-likelihood at step 2: -23549.786
Parameters optimization took 1 rounds (0.181 sec)

BETTER TREE FOUND at iteration 1: -23549.786
Estimate model parameters (epsilon = 0.100)
Initial log-likelihood: -23546.139
Current log-likelihood at step 1: -23545.970
Current log-likelihood at step 2: -23545.954
Parameters optimization took 1 rounds (0.149 sec)

BETTER TREE FOUND at iteration 8: -23545.954
Iteration 10 / LogL: -23546.046 / Time: 0h:52m:21s
Iteration 20 / LogL: -23558.500 / Time: 0h:52m:25s
Finish initializing candidate tree set (7)
Current best tree score: -23545.954 / CPU time: 9.501
Number of iterations: 20
--------------------------------------------------------------------
|               OPTIMIZING CANDIDATE TREE SET                      |
--------------------------------------------------------------------
Iteration 30 / LogL: -23556.209 / Time: 0h:52m:29s (0h:0m:36s left)
Iteration 40 / LogL: -23556.362 / Time: 0h:52m:32s (0h:0m:29s left)
Iteration 50 / LogL: -23562.073 / Time: 0h:52m:35s (0h:0m:24s left)
Iteration 60 / LogL: -23556.311 / Time: 0h:52m:38s (0h:0m:19s left)
Iteration 70 / LogL: -23546.153 / Time: 0h:52m:42s (0h:0m:14s left)
Iteration 80 / LogL: -23545.993 / Time: 0h:52m:45s (0h:0m:10s left)
Iteration 90 / LogL: -23545.986 / Time: 0h:52m:49s (0h:0m:6s left)
UPDATE BEST LOG-LIKELIHOOD: -23545.950
Iteration 100 / LogL: -23565.165 / Time: 0h:52m:52s (0h:0m:2s left)
TREE SEARCH COMPLETED AFTER 109 ITERATIONS / Time: 0h:52m:55s

--------------------------------------------------------------------
|                    FINALIZING TREE SEARCH                        |
--------------------------------------------------------------------
Performs final model parameters optimization
Estimate model parameters (epsilon = 0.010)
Initial log-likelihood: -23545.950
Current log-likelihood at step 1: -23545.948
Partition-specific rates:  1.350 0.650
Parameters optimization took 0 rounds (0.051 sec)

Partition information was printed to partition_file.nex.best_model.nex
BEST SCORE FOUND : -23545.948
Total tree length: 18.348

Total number of iterations: 109
CPU time used for tree search: 38.556 sec (0h:0m:38s)
Wall-clock time used for tree search: 38.640 sec (0h:0m:38s)
Total CPU time used: 3183.037 sec (0h:53m:3s)
Total wall-clock time used: 3175.062 sec (0h:52m:55s)

===> START BOOTSTRAP REPLICATE NUMBER 83

Creating bootstrap alignment (seed: 900247)...

Create initial parsimony tree by phylogenetic likelihood library (PLL)... 0.003 seconds
Reading model parameters from file /Users/mful870/Desktop/MD_3di_Dev_02Oct24/Scriptorum/SubstitutionMatrix/3di_substmat
WARNING: Normalizing state frequencies so that sum of them equals to 1

NOTE: 7 MB RAM (0 GB) is required!
Estimate model parameters (epsilon = 0.100)
Initial log-likelihood: -25695.420
Current log-likelihood at step 1: -24328.913
Current log-likelihood at step 2: -24007.947
Current log-likelihood at step 3: -23575.915
Current log-likelihood at step 4: -23575.788
Current log-likelihood at step 5: -23575.784
Partition-specific rates:  1.366 0.634
Parameters optimization took 4 rounds (0.633 sec)

Wrote distance file to... 
Computing ML distances based on estimated model parameters...
Calculating distance matrix: done in 7.51019e-05 secs using 87.88% CPU
Computing ML distances took 0.000126 sec (of wall-clock time) 0.000092 sec (of CPU time)
Setting up auxiliary I and S matrices: done in 3.91006e-05 secs using 74.17% CPU
Computing RapidNJ tree took 0.000166 sec (of wall-clock time) 0.000104 sec (of CPU time)
Log-likelihood of RapidNJ tree: -25863.921
--------------------------------------------------------------------
|             INITIALIZING CANDIDATE TREE SET                      |
--------------------------------------------------------------------
Generating 98 parsimony trees... 0.573 second
Computing log-likelihood of 98 initial trees ... 1.671 seconds
Current best score: -23575.784

Do NNI search on 20 best initial trees
Estimate model parameters (epsilon = 0.100)
Initial log-likelihood: -23569.004
Current log-likelihood at step 1: -23568.950
Parameters optimization took 0 rounds (0.081 sec)

BETTER TREE FOUND at iteration 1: -23568.950
Iteration 10 / LogL: -23570.809 / Time: 0h:53m:1s
Iteration 20 / LogL: -23609.865 / Time: 0h:53m:4s
Finish initializing candidate tree set (4)
Current best tree score: -23568.950 / CPU time: 8.836
Number of iterations: 20
--------------------------------------------------------------------
|               OPTIMIZING CANDIDATE TREE SET                      |
--------------------------------------------------------------------
Iteration 30 / LogL: -23572.804 / Time: 0h:53m:8s (0h:0m:32s left)
Iteration 40 / LogL: -23572.819 / Time: 0h:53m:11s (0h:0m:25s left)
Iteration 50 / LogL: -23578.145 / Time: 0h:53m:14s (0h:0m:20s left)
Iteration 60 / LogL: -23573.515 / Time: 0h:53m:17s (0h:0m:15s left)
Iteration 70 / LogL: -23571.434 / Time: 0h:53m:20s (0h:0m:11s left)
Iteration 80 / LogL: -23569.240 / Time: 0h:53m:24s (0h:0m:7s left)
Iteration 90 / LogL: -23573.824 / Time: 0h:53m:26s (0h:0m:3s left)
Iteration 100 / LogL: -23569.160 / Time: 0h:53m:29s (0h:0m:0s left)
TREE SEARCH COMPLETED AFTER 102 ITERATIONS / Time: 0h:53m:30s

--------------------------------------------------------------------
|                    FINALIZING TREE SEARCH                        |
--------------------------------------------------------------------
Performs final model parameters optimization
Estimate model parameters (epsilon = 0.010)
Initial log-likelihood: -23568.950
Current log-likelihood at step 1: -23568.946
Partition-specific rates:  1.364 0.636
Parameters optimization took 0 rounds (0.079 sec)

Partition information was printed to partition_file.nex.best_model.nex
BEST SCORE FOUND : -23568.946
Total tree length: 18.747

Total number of iterations: 102
CPU time used for tree search: 34.341 sec (0h:0m:34s)
Wall-clock time used for tree search: 34.400 sec (0h:0m:34s)
Total CPU time used: 3218.703 sec (0h:53m:38s)
Total wall-clock time used: 3210.616 sec (0h:53m:30s)

===> START BOOTSTRAP REPLICATE NUMBER 84

Creating bootstrap alignment (seed: 900248)...

Create initial parsimony tree by phylogenetic likelihood library (PLL)... 0.003 seconds
Reading model parameters from file /Users/mful870/Desktop/MD_3di_Dev_02Oct24/Scriptorum/SubstitutionMatrix/3di_substmat
WARNING: Normalizing state frequencies so that sum of them equals to 1

NOTE: 7 MB RAM (0 GB) is required!
Estimate model parameters (epsilon = 0.100)
Initial log-likelihood: -25451.113
Current log-likelihood at step 1: -24178.861
Current log-likelihood at step 2: -23827.538
Current log-likelihood at step 3: -23439.011
Current log-likelihood at step 4: -23438.865
Current log-likelihood at step 5: -23438.843
Partition-specific rates:  1.388 0.612
Parameters optimization took 4 rounds (0.634 sec)

Wrote distance file to... 
Computing ML distances based on estimated model parameters...
Calculating distance matrix: done in 7.48634e-05 secs using 88.16% CPU
Computing ML distances took 0.000126 sec (of wall-clock time) 0.000095 sec (of CPU time)
Setting up auxiliary I and S matrices: done in 3.31402e-05 secs using 72.42% CPU
Computing RapidNJ tree took 0.000144 sec (of wall-clock time) 0.000093 sec (of CPU time)
Log-likelihood of RapidNJ tree: -25549.195
--------------------------------------------------------------------
|             INITIALIZING CANDIDATE TREE SET                      |
--------------------------------------------------------------------
Generating 98 parsimony trees... 0.565 second
Computing log-likelihood of 98 initial trees ... 1.685 seconds
Current best score: -23438.843

Do NNI search on 20 best initial trees
Estimate model parameters (epsilon = 0.100)
Initial log-likelihood: -23365.422
Current log-likelihood at step 1: -23364.576
Current log-likelihood at step 2: -23364.542
Parameters optimization took 1 rounds (0.155 sec)

BETTER TREE FOUND at iteration 1: -23364.542
Iteration 10 / LogL: -23366.254 / Time: 0h:53m:36s
Iteration 20 / LogL: -23366.307 / Time: 0h:53m:40s
Finish initializing candidate tree set (3)
Current best tree score: -23364.542 / CPU time: 8.517
Number of iterations: 20
--------------------------------------------------------------------
|               OPTIMIZING CANDIDATE TREE SET                      |
--------------------------------------------------------------------
Iteration 30 / LogL: -23369.526 / Time: 0h:53m:43s (0h:0m:30s left)
Iteration 40 / LogL: -23365.925 / Time: 0h:53m:46s (0h:0m:24s left)
Iteration 50 / LogL: -23367.159 / Time: 0h:53m:49s (0h:0m:19s left)
Iteration 60 / LogL: -23365.303 / Time: 0h:53m:52s (0h:0m:15s left)
Iteration 70 / LogL: -23365.985 / Time: 0h:53m:55s (0h:0m:11s left)
Iteration 80 / LogL: -23364.832 / Time: 0h:53m:58s (0h:0m:7s left)
Iteration 90 / LogL: -23365.442 / Time: 0h:54m:2s (0h:0m:3s left)
Iteration 100 / LogL: -23365.946 / Time: 0h:54m:4s (0h:0m:0s left)
TREE SEARCH COMPLETED AFTER 102 ITERATIONS / Time: 0h:54m:5s

--------------------------------------------------------------------
|                    FINALIZING TREE SEARCH                        |
--------------------------------------------------------------------
Performs final model parameters optimization
Estimate model parameters (epsilon = 0.010)
Initial log-likelihood: -23364.542
Current log-likelihood at step 1: -23364.536
Partition-specific rates:  1.386 0.614
Parameters optimization took 0 rounds (0.052 sec)

Partition information was printed to partition_file.nex.best_model.nex
BEST SCORE FOUND : -23364.536
Total tree length: 19.009

Total number of iterations: 102
CPU time used for tree search: 33.786 sec (0h:0m:33s)
Wall-clock time used for tree search: 33.846 sec (0h:0m:33s)
Total CPU time used: 3253.600 sec (0h:54m:13s)
Total wall-clock time used: 3245.407 sec (0h:54m:5s)

===> START BOOTSTRAP REPLICATE NUMBER 85

Creating bootstrap alignment (seed: 900249)...

Create initial parsimony tree by phylogenetic likelihood library (PLL)... 0.005 seconds
Reading model parameters from file /Users/mful870/Desktop/MD_3di_Dev_02Oct24/Scriptorum/SubstitutionMatrix/3di_substmat
WARNING: Normalizing state frequencies so that sum of them equals to 1

NOTE: 7 MB RAM (0 GB) is required!
Estimate model parameters (epsilon = 0.100)
Initial log-likelihood: -25901.163
Current log-likelihood at step 1: -24644.295
Current log-likelihood at step 2: -24418.748
Current log-likelihood at step 3: -24082.506
Current log-likelihood at step 4: -23916.431
Current log-likelihood at step 5: -23916.379
Partition-specific rates:  1.362 0.638
Parameters optimization took 4 rounds (0.672 sec)

Wrote distance file to... 
Computing ML distances based on estimated model parameters...
Calculating distance matrix: done in 7.29561e-05 secs using 89.09% CPU
Computing ML distances took 0.000127 sec (of wall-clock time) 0.000093 sec (of CPU time)
Setting up auxiliary I and S matrices: done in 3.69549e-05 secs using 73.06% CPU
Computing RapidNJ tree took 0.000156 sec (of wall-clock time) 0.000097 sec (of CPU time)
Log-likelihood of RapidNJ tree: -26143.193
--------------------------------------------------------------------
|             INITIALIZING CANDIDATE TREE SET                      |
--------------------------------------------------------------------
Generating 98 parsimony trees... 0.564 second
Computing log-likelihood of 98 initial trees ... 1.699 seconds
Current best score: -23916.379

Do NNI search on 20 best initial trees
Estimate model parameters (epsilon = 0.100)
Initial log-likelihood: -23865.499
Current log-likelihood at step 1: -23864.359
Current log-likelihood at step 2: -23864.251
Current log-likelihood at step 3: -23864.224
Parameters optimization took 2 rounds (0.255 sec)

BETTER TREE FOUND at iteration 1: -23864.224
Iteration 10 / LogL: -23895.050 / Time: 0h:54m:11s
Iteration 20 / LogL: -23869.355 / Time: 0h:54m:14s
Finish initializing candidate tree set (5)
Current best tree score: -23864.224 / CPU time: 8.411
Number of iterations: 20
--------------------------------------------------------------------
|               OPTIMIZING CANDIDATE TREE SET                      |
--------------------------------------------------------------------
Iteration 30 / LogL: -23889.482 / Time: 0h:54m:17s (0h:0m:29s left)
Iteration 40 / LogL: -23864.445 / Time: 0h:54m:20s (0h:0m:23s left)
Iteration 50 / LogL: -23868.966 / Time: 0h:54m:23s (0h:0m:19s left)
Iteration 60 / LogL: -23886.108 / Time: 0h:54m:27s (0h:0m:15s left)
Iteration 70 / LogL: -23868.809 / Time: 0h:54m:30s (0h:0m:11s left)
Iteration 80 / LogL: -23871.151 / Time: 0h:54m:32s (0h:0m:7s left)
Iteration 90 / LogL: -23864.363 / Time: 0h:54m:35s (0h:0m:3s left)
Iteration 100 / LogL: -23868.798 / Time: 0h:54m:38s (0h:0m:0s left)
TREE SEARCH COMPLETED AFTER 102 ITERATIONS / Time: 0h:54m:39s

--------------------------------------------------------------------
|                    FINALIZING TREE SEARCH                        |
--------------------------------------------------------------------
Performs final model parameters optimization
Estimate model parameters (epsilon = 0.010)
Initial log-likelihood: -23864.224
Current log-likelihood at step 1: -23864.218
Partition-specific rates:  1.353 0.647
Parameters optimization took 0 rounds (0.053 sec)

Partition information was printed to partition_file.nex.best_model.nex
BEST SCORE FOUND : -23864.218
Total tree length: 18.104

Total number of iterations: 102
CPU time used for tree search: 33.327 sec (0h:0m:33s)
Wall-clock time used for tree search: 33.364 sec (0h:0m:33s)
Total CPU time used: 3288.008 sec (0h:54m:48s)
Total wall-clock time used: 3279.699 sec (0h:54m:39s)

===> START BOOTSTRAP REPLICATE NUMBER 86

Creating bootstrap alignment (seed: 900250)...

Create initial parsimony tree by phylogenetic likelihood library (PLL)... 0.004 seconds
Reading model parameters from file /Users/mful870/Desktop/MD_3di_Dev_02Oct24/Scriptorum/SubstitutionMatrix/3di_substmat
WARNING: Normalizing state frequencies so that sum of them equals to 1

NOTE: 7 MB RAM (0 GB) is required!
Estimate model parameters (epsilon = 0.100)
Initial log-likelihood: -25275.423
Current log-likelihood at step 1: -23993.087
Current log-likelihood at step 2: -23669.626
Current log-likelihood at step 3: -23253.845
Current log-likelihood at step 4: -23253.741
Current log-likelihood at step 5: -23253.725
Partition-specific rates:  1.344 0.656
Parameters optimization took 4 rounds (0.587 sec)

Wrote distance file to... 
Computing ML distances based on estimated model parameters...
Calculating distance matrix: done in 7.9155e-05 secs using 83.38% CPU
Computing ML distances took 0.000132 sec (of wall-clock time) 0.000094 sec (of CPU time)
Setting up auxiliary I and S matrices: done in 3.60012e-05 secs using 77.78% CPU
Computing RapidNJ tree took 0.000154 sec (of wall-clock time) 0.000098 sec (of CPU time)
Log-likelihood of RapidNJ tree: -25407.615
--------------------------------------------------------------------
|             INITIALIZING CANDIDATE TREE SET                      |
--------------------------------------------------------------------
Generating 98 parsimony trees... 0.529 second
Computing log-likelihood of 98 initial trees ... 1.618 seconds
Current best score: -23253.725

Do NNI search on 20 best initial trees
Estimate model parameters (epsilon = 0.100)
Initial log-likelihood: -23229.294
Current log-likelihood at step 1: -23229.066
Current log-likelihood at step 2: -23229.049
Parameters optimization took 1 rounds (0.148 sec)

BETTER TREE FOUND at iteration 1: -23229.049
Estimate model parameters (epsilon = 0.100)
Initial log-likelihood: -23226.288
Current log-likelihood at step 1: -23226.105
Current log-likelihood at step 2: -23226.095
Parameters optimization took 1 rounds (0.117 sec)

BETTER TREE FOUND at iteration 2: -23226.095
Iteration 10 / LogL: -23229.389 / Time: 0h:54m:46s
Iteration 20 / LogL: -23233.536 / Time: 0h:54m:49s
Finish initializing candidate tree set (7)
Current best tree score: -23226.095 / CPU time: 9.318
Number of iterations: 20
--------------------------------------------------------------------
|               OPTIMIZING CANDIDATE TREE SET                      |
--------------------------------------------------------------------
Iteration 30 / LogL: -23226.685 / Time: 0h:54m:53s (0h:0m:34s left)
Iteration 40 / LogL: -23232.069 / Time: 0h:54m:57s (0h:0m:28s left)
Iteration 50 / LogL: -23226.353 / Time: 0h:55m:1s (0h:0m:23s left)
Iteration 60 / LogL: -23229.093 / Time: 0h:55m:5s (0h:0m:18s left)
Iteration 70 / LogL: -23229.123 / Time: 0h:55m:8s (0h:0m:13s left)
Iteration 80 / LogL: -23226.580 / Time: 0h:55m:12s (0h:0m:9s left)
Iteration 90 / LogL: -23229.290 / Time: 0h:55m:15s (0h:0m:4s left)
Iteration 100 / LogL: -23226.407 / Time: 0h:55m:18s (0h:0m:0s left)
TREE SEARCH COMPLETED AFTER 103 ITERATIONS / Time: 0h:55m:20s

--------------------------------------------------------------------
|                    FINALIZING TREE SEARCH                        |
--------------------------------------------------------------------
Performs final model parameters optimization
Estimate model parameters (epsilon = 0.010)
Initial log-likelihood: -23226.095
Current log-likelihood at step 1: -23226.093
Partition-specific rates:  1.339 0.661
Parameters optimization took 0 rounds (0.051 sec)

Partition information was printed to partition_file.nex.best_model.nex
BEST SCORE FOUND : -23226.093
Total tree length: 17.967

Total number of iterations: 103
CPU time used for tree search: 39.459 sec (0h:0m:39s)
Wall-clock time used for tree search: 39.542 sec (0h:0m:39s)
Total CPU time used: 3328.629 sec (0h:55m:28s)
Total wall-clock time used: 3320.232 sec (0h:55m:20s)

===> START BOOTSTRAP REPLICATE NUMBER 87

Creating bootstrap alignment (seed: 900251)...

Create initial parsimony tree by phylogenetic likelihood library (PLL)... 0.004 seconds
Reading model parameters from file /Users/mful870/Desktop/MD_3di_Dev_02Oct24/Scriptorum/SubstitutionMatrix/3di_substmat
WARNING: Normalizing state frequencies so that sum of them equals to 1

NOTE: 7 MB RAM (0 GB) is required!
Estimate model parameters (epsilon = 0.100)
Initial log-likelihood: -25094.614
Current log-likelihood at step 1: -23742.816
Current log-likelihood at step 2: -23386.586
Current log-likelihood at step 3: -22981.337
Current log-likelihood at step 4: -22981.057
Current log-likelihood at step 5: -22980.996
Partition-specific rates:  1.380 0.620
Parameters optimization took 4 rounds (0.633 sec)

Wrote distance file to... 
Computing ML distances based on estimated model parameters...
Calculating distance matrix: done in 7.29561e-05 secs using 87.72% CPU
Computing ML distances took 0.000121 sec (of wall-clock time) 0.000090 sec (of CPU time)
Setting up auxiliary I and S matrices: done in 3.79086e-05 secs using 76.5% CPU
Computing RapidNJ tree took 0.000160 sec (of wall-clock time) 0.000101 sec (of CPU time)
Log-likelihood of RapidNJ tree: -24973.851
--------------------------------------------------------------------
|             INITIALIZING CANDIDATE TREE SET                      |
--------------------------------------------------------------------
Generating 98 parsimony trees... 0.480 second
Computing log-likelihood of 98 initial trees ... 1.658 seconds
Current best score: -22980.996

Do NNI search on 20 best initial trees
Estimate model parameters (epsilon = 0.100)
Initial log-likelihood: -22872.344
Current log-likelihood at step 1: -22872.109
Current log-likelihood at step 2: -22872.103
Parameters optimization took 1 rounds (0.142 sec)

BETTER TREE FOUND at iteration 1: -22872.103
Estimate model parameters (epsilon = 0.100)
Initial log-likelihood: -22866.689
Current log-likelihood at step 1: -22866.030
Current log-likelihood at step 2: -22865.969
Parameters optimization took 1 rounds (0.179 sec)

BETTER TREE FOUND at iteration 2: -22865.969
Iteration 10 / LogL: -22866.317 / Time: 0h:55m:27s
Iteration 20 / LogL: -22872.134 / Time: 0h:55m:30s
Finish initializing candidate tree set (3)
Current best tree score: -22865.969 / CPU time: 9.008
Number of iterations: 20
--------------------------------------------------------------------
|               OPTIMIZING CANDIDATE TREE SET                      |
--------------------------------------------------------------------
Iteration 30 / LogL: -22869.092 / Time: 0h:55m:33s (0h:0m:32s left)
UPDATE BEST LOG-LIKELIHOOD: -22865.959
Iteration 40 / LogL: -22866.398 / Time: 0h:55m:36s (0h:0m:25s left)
UPDATE BEST LOG-LIKELIHOOD: -22865.958
Iteration 50 / LogL: -22866.138 / Time: 0h:55m:39s (0h:0m:20s left)
UPDATE BEST LOG-LIKELIHOOD: -22865.953
Iteration 60 / LogL: -22866.046 / Time: 0h:55m:42s (0h:0m:15s left)
Iteration 70 / LogL: -22865.962 / Time: 0h:55m:45s (0h:0m:11s left)
UPDATE BEST LOG-LIKELIHOOD: -22865.951
Iteration 80 / LogL: -22866.034 / Time: 0h:55m:48s (0h:0m:7s left)
Iteration 90 / LogL: -22865.989 / Time: 0h:55m:52s (0h:0m:4s left)
Iteration 100 / LogL: -22872.131 / Time: 0h:55m:55s (0h:0m:0s left)
TREE SEARCH COMPLETED AFTER 103 ITERATIONS / Time: 0h:55m:56s

--------------------------------------------------------------------
|                    FINALIZING TREE SEARCH                        |
--------------------------------------------------------------------
Performs final model parameters optimization
Estimate model parameters (epsilon = 0.010)
Initial log-likelihood: -22865.951
Current log-likelihood at step 1: -22865.947
Partition-specific rates:  1.393 0.607
Parameters optimization took 0 rounds (0.052 sec)

Partition information was printed to partition_file.nex.best_model.nex
BEST SCORE FOUND : -22865.947
Total tree length: 18.821

Total number of iterations: 103
CPU time used for tree search: 34.709 sec (0h:0m:34s)
Wall-clock time used for tree search: 34.771 sec (0h:0m:34s)
Total CPU time used: 3364.579 sec (0h:56m:4s)
Total wall-clock time used: 3356.070 sec (0h:55m:56s)

===> START BOOTSTRAP REPLICATE NUMBER 88

Creating bootstrap alignment (seed: 900252)...

Create initial parsimony tree by phylogenetic likelihood library (PLL)... 0.005 seconds
Reading model parameters from file /Users/mful870/Desktop/MD_3di_Dev_02Oct24/Scriptorum/SubstitutionMatrix/3di_substmat
WARNING: Normalizing state frequencies so that sum of them equals to 1

NOTE: 7 MB RAM (0 GB) is required!
Estimate model parameters (epsilon = 0.100)
Initial log-likelihood: -25973.609
Current log-likelihood at step 1: -24723.962
Current log-likelihood at step 2: -24478.328
Current log-likelihood at step 3: -23989.224
Current log-likelihood at step 4: -23988.197
Current log-likelihood at step 5: -23988.049
Current log-likelihood at step 6: -23988.038
Partition-specific rates:  1.375 0.625
Parameters optimization took 5 rounds (0.711 sec)

Wrote distance file to... 
Computing ML distances based on estimated model parameters...
Calculating distance matrix: done in 7.29561e-05 secs using 89.09% CPU
Computing ML distances took 0.000125 sec (of wall-clock time) 0.000091 sec (of CPU time)
Setting up auxiliary I and S matrices: done in 3.50475e-05 secs using 77.04% CPU
Computing RapidNJ tree took 0.000153 sec (of wall-clock time) 0.000098 sec (of CPU time)
Log-likelihood of RapidNJ tree: -26189.733
--------------------------------------------------------------------
|             INITIALIZING CANDIDATE TREE SET                      |
--------------------------------------------------------------------
Generating 98 parsimony trees... 0.541 second
Computing log-likelihood of 98 initial trees ... 1.698 seconds
Current best score: -23988.038

Do NNI search on 20 best initial trees
Estimate model parameters (epsilon = 0.100)
Initial log-likelihood: -23971.555
Current log-likelihood at step 1: -23969.893
Current log-likelihood at step 2: -23969.618
Current log-likelihood at step 3: -23969.590
Parameters optimization took 2 rounds (0.222 sec)

BETTER TREE FOUND at iteration 1: -23969.590
Estimate model parameters (epsilon = 0.100)
Initial log-likelihood: -23965.983
Current log-likelihood at step 1: -23965.358
Current log-likelihood at step 2: -23965.290
Parameters optimization took 1 rounds (0.186 sec)

BETTER TREE FOUND at iteration 2: -23965.290
Estimate model parameters (epsilon = 0.100)
Initial log-likelihood: -23964.164
Current log-likelihood at step 1: -23962.717
Current log-likelihood at step 2: -23962.499
Current log-likelihood at step 3: -23962.477
Parameters optimization took 2 rounds (0.225 sec)

BETTER TREE FOUND at iteration 4: -23962.477
Iteration 10 / LogL: -23970.411 / Time: 0h:56m:3s
Iteration 20 / LogL: -23973.047 / Time: 0h:56m:6s
Finish initializing candidate tree set (10)
Current best tree score: -23962.477 / CPU time: 9.084
Number of iterations: 20
--------------------------------------------------------------------
|               OPTIMIZING CANDIDATE TREE SET                      |
--------------------------------------------------------------------
Iteration 30 / LogL: -23965.387 / Time: 0h:56m:9s (0h:0m:33s left)
Iteration 40 / LogL: -23962.590 / Time: 0h:56m:12s (0h:0m:26s left)
Iteration 50 / LogL: -23962.795 / Time: 0h:56m:15s (0h:0m:21s left)
Iteration 60 / LogL: -23965.086 / Time: 0h:56m:19s (0h:0m:17s left)
Iteration 70 / LogL: -23970.928 / Time: 0h:56m:22s (0h:0m:12s left)
Iteration 80 / LogL: -23970.637 / Time: 0h:56m:25s (0h:0m:8s left)
Iteration 90 / LogL: -23962.620 / Time: 0h:56m:28s (0h:0m:5s left)
Iteration 100 / LogL: -23963.676 / Time: 0h:56m:32s (0h:0m:1s left)
TREE SEARCH COMPLETED AFTER 105 ITERATIONS / Time: 0h:56m:34s

--------------------------------------------------------------------
|                    FINALIZING TREE SEARCH                        |
--------------------------------------------------------------------
Performs final model parameters optimization
Estimate model parameters (epsilon = 0.010)
Initial log-likelihood: -23962.477
Current log-likelihood at step 1: -23962.470
Partition-specific rates:  1.376 0.624
Parameters optimization took 0 rounds (0.051 sec)

Partition information was printed to partition_file.nex.best_model.nex
BEST SCORE FOUND : -23962.470
Total tree length: 18.351

Total number of iterations: 105
CPU time used for tree search: 36.986 sec (0h:0m:36s)
Wall-clock time used for tree search: 37.054 sec (0h:0m:37s)
Total CPU time used: 3402.826 sec (0h:56m:42s)
Total wall-clock time used: 3394.213 sec (0h:56m:34s)

===> START BOOTSTRAP REPLICATE NUMBER 89

Creating bootstrap alignment (seed: 900253)...

Create initial parsimony tree by phylogenetic likelihood library (PLL)... 0.004 seconds
Reading model parameters from file /Users/mful870/Desktop/MD_3di_Dev_02Oct24/Scriptorum/SubstitutionMatrix/3di_substmat
WARNING: Normalizing state frequencies so that sum of them equals to 1

NOTE: 7 MB RAM (0 GB) is required!
Estimate model parameters (epsilon = 0.100)
Initial log-likelihood: -25130.068
Current log-likelihood at step 1: -23720.379
Current log-likelihood at step 2: -23368.534
Current log-likelihood at step 3: -22975.255
Current log-likelihood at step 4: -22975.078
Current log-likelihood at step 5: -22975.056
Partition-specific rates:  1.341 0.659
Parameters optimization took 4 rounds (0.634 sec)

Wrote distance file to... 
Computing ML distances based on estimated model parameters...
Calculating distance matrix: done in 7.39098e-05 secs using 86.59% CPU
Computing ML distances took 0.000129 sec (of wall-clock time) 0.000094 sec (of CPU time)
Setting up auxiliary I and S matrices: done in 3.19481e-05 secs using 71.99% CPU
Computing RapidNJ tree took 0.000140 sec (of wall-clock time) 0.000091 sec (of CPU time)
Log-likelihood of RapidNJ tree: -25163.741
--------------------------------------------------------------------
|             INITIALIZING CANDIDATE TREE SET                      |
--------------------------------------------------------------------
Generating 98 parsimony trees... 0.481 second
Computing log-likelihood of 98 initial trees ... 1.709 seconds
Current best score: -22975.056

Do NNI search on 20 best initial trees
Estimate model parameters (epsilon = 0.100)
Initial log-likelihood: -22943.796
Current log-likelihood at step 1: -22943.436
Current log-likelihood at step 2: -22943.409
Parameters optimization took 1 rounds (0.154 sec)

BETTER TREE FOUND at iteration 1: -22943.409
Iteration 10 / LogL: -22944.909 / Time: 0h:56m:40s
Iteration 20 / LogL: -22944.870 / Time: 0h:56m:44s
Finish initializing candidate tree set (3)
Current best tree score: -22943.409 / CPU time: 9.356
Number of iterations: 20
--------------------------------------------------------------------
|               OPTIMIZING CANDIDATE TREE SET                      |
--------------------------------------------------------------------
Iteration 30 / LogL: -22944.906 / Time: 0h:56m:48s (0h:0m:34s left)
Iteration 40 / LogL: -22943.415 / Time: 0h:56m:52s (0h:0m:28s left)
Iteration 50 / LogL: -22943.651 / Time: 0h:56m:56s (0h:0m:22s left)
UPDATE BEST LOG-LIKELIHOOD: -22943.408
Iteration 60 / LogL: -22944.315 / Time: 0h:57m:0s (0h:0m:18s left)
Iteration 70 / LogL: -22943.809 / Time: 0h:57m:3s (0h:0m:13s left)
Iteration 80 / LogL: -22943.803 / Time: 0h:57m:7s (0h:0m:8s left)
Iteration 90 / LogL: -22944.338 / Time: 0h:57m:11s (0h:0m:4s left)
Iteration 100 / LogL: -22943.441 / Time: 0h:57m:14s (0h:0m:0s left)
UPDATE BEST LOG-LIKELIHOOD: -22943.404
TREE SEARCH COMPLETED AFTER 102 ITERATIONS / Time: 0h:57m:15s

--------------------------------------------------------------------
|                    FINALIZING TREE SEARCH                        |
--------------------------------------------------------------------
Performs final model parameters optimization
Estimate model parameters (epsilon = 0.010)
Initial log-likelihood: -22943.404
Current log-likelihood at step 1: -22943.402
Partition-specific rates:  1.336 0.664
Parameters optimization took 0 rounds (0.054 sec)

Partition information was printed to partition_file.nex.best_model.nex
BEST SCORE FOUND : -22943.402
Total tree length: 19.054

Total number of iterations: 102
CPU time used for tree search: 40.113 sec (0h:0m:40s)
Wall-clock time used for tree search: 40.174 sec (0h:0m:40s)
Total CPU time used: 3444.034 sec (0h:57m:24s)
Total wall-clock time used: 3435.308 sec (0h:57m:15s)

===> START BOOTSTRAP REPLICATE NUMBER 90

Creating bootstrap alignment (seed: 900254)...

Create initial parsimony tree by phylogenetic likelihood library (PLL)... 0.004 seconds
Reading model parameters from file /Users/mful870/Desktop/MD_3di_Dev_02Oct24/Scriptorum/SubstitutionMatrix/3di_substmat
WARNING: Normalizing state frequencies so that sum of them equals to 1

NOTE: 7 MB RAM (0 GB) is required!
Estimate model parameters (epsilon = 0.100)
Initial log-likelihood: -25658.355
Current log-likelihood at step 1: -24271.175
Current log-likelihood at step 2: -23959.989
Current log-likelihood at step 3: -23507.871
Current log-likelihood at step 4: -23507.202
Current log-likelihood at step 5: -23507.188
Partition-specific rates:  1.352 0.648
Parameters optimization took 4 rounds (0.634 sec)

Wrote distance file to... 
Computing ML distances based on estimated model parameters...
Calculating distance matrix: done in 7.29561e-05 secs using 89.09% CPU
Computing ML distances took 0.000123 sec (of wall-clock time) 0.000089 sec (of CPU time)
Setting up auxiliary I and S matrices: done in 3.50475e-05 secs using 74.18% CPU
Computing RapidNJ tree took 0.000149 sec (of wall-clock time) 0.000098 sec (of CPU time)
Log-likelihood of RapidNJ tree: -25755.118
--------------------------------------------------------------------
|             INITIALIZING CANDIDATE TREE SET                      |
--------------------------------------------------------------------
Generating 98 parsimony trees... 0.535 second
Computing log-likelihood of 98 initial trees ... 1.751 seconds
Current best score: -23507.188

Do NNI search on 20 best initial trees
Estimate model parameters (epsilon = 0.100)
Initial log-likelihood: -23485.951
Current log-likelihood at step 1: -23485.621
Current log-likelihood at step 2: -23485.604
Parameters optimization took 1 rounds (0.180 sec)

BETTER TREE FOUND at iteration 1: -23485.604
Estimate model parameters (epsilon = 0.100)
Initial log-likelihood: -23484.502
Current log-likelihood at step 1: -23483.876
Current log-likelihood at step 2: -23483.861
Parameters optimization took 1 rounds (0.116 sec)

UPDATE BEST LOG-LIKELIHOOD: -23483.861
Iteration 10 / LogL: -23496.778 / Time: 0h:57m:21s
Iteration 20 / LogL: -23486.213 / Time: 0h:57m:25s
Finish initializing candidate tree set (5)
Current best tree score: -23483.861 / CPU time: 8.874
Number of iterations: 20
--------------------------------------------------------------------
|               OPTIMIZING CANDIDATE TREE SET                      |
--------------------------------------------------------------------
Iteration 30 / LogL: -23485.869 / Time: 0h:57m:28s (0h:0m:31s left)
Iteration 40 / LogL: -23484.079 / Time: 0h:57m:31s (0h:0m:25s left)
Iteration 50 / LogL: -23496.559 / Time: 0h:57m:34s (0h:0m:19s left)
Iteration 60 / LogL: -23485.673 / Time: 0h:57m:37s (0h:0m:15s left)
Iteration 70 / LogL: -23485.586 / Time: 0h:57m:40s (0h:0m:11s left)
Iteration 80 / LogL: -23487.852 / Time: 0h:57m:43s (0h:0m:7s left)
Iteration 90 / LogL: -23486.263 / Time: 0h:57m:47s (0h:0m:3s left)
Iteration 100 / LogL: -23486.854 / Time: 0h:57m:50s (0h:0m:0s left)
TREE SEARCH COMPLETED AFTER 102 ITERATIONS / Time: 0h:57m:51s

--------------------------------------------------------------------
|                    FINALIZING TREE SEARCH                        |
--------------------------------------------------------------------
Performs final model parameters optimization
Estimate model parameters (epsilon = 0.010)
Initial log-likelihood: -23483.861
Current log-likelihood at step 1: -23483.859
Partition-specific rates:  1.354 0.646
Parameters optimization took 0 rounds (0.053 sec)

Partition information was printed to partition_file.nex.best_model.nex
BEST SCORE FOUND : -23483.859
Total tree length: 18.391

Total number of iterations: 102
CPU time used for tree search: 34.911 sec (0h:0m:34s)
Wall-clock time used for tree search: 34.967 sec (0h:0m:34s)
Total CPU time used: 3480.041 sec (0h:58m:0s)
Total wall-clock time used: 3471.201 sec (0h:57m:51s)

===> START BOOTSTRAP REPLICATE NUMBER 91

Creating bootstrap alignment (seed: 900255)...

Create initial parsimony tree by phylogenetic likelihood library (PLL)... 0.005 seconds
Reading model parameters from file /Users/mful870/Desktop/MD_3di_Dev_02Oct24/Scriptorum/SubstitutionMatrix/3di_substmat
WARNING: Normalizing state frequencies so that sum of them equals to 1

NOTE: 7 MB RAM (0 GB) is required!
Estimate model parameters (epsilon = 0.100)
Initial log-likelihood: -25224.347
Current log-likelihood at step 1: -23812.426
Current log-likelihood at step 2: -23512.378
Current log-likelihood at step 3: -23087.718
Current log-likelihood at step 4: -23087.639
Partition-specific rates:  1.347 0.653
Parameters optimization took 3 rounds (0.543 sec)

Wrote distance file to... 
Computing ML distances based on estimated model parameters...
Calculating distance matrix: done in 7.29561e-05 secs using 89.09% CPU
Computing ML distances took 0.000123 sec (of wall-clock time) 0.000091 sec (of CPU time)
Setting up auxiliary I and S matrices: done in 3.60012e-05 secs using 75% CPU
Computing RapidNJ tree took 0.000154 sec (of wall-clock time) 0.000097 sec (of CPU time)
Log-likelihood of RapidNJ tree: -25140.092
--------------------------------------------------------------------
|             INITIALIZING CANDIDATE TREE SET                      |
--------------------------------------------------------------------
Generating 98 parsimony trees... 0.531 second
Computing log-likelihood of 98 initial trees ... 1.686 seconds
Current best score: -23087.639

Do NNI search on 20 best initial trees
Estimate model parameters (epsilon = 0.100)
Initial log-likelihood: -23060.604
Current log-likelihood at step 1: -23059.987
Current log-likelihood at step 2: -23059.964
Parameters optimization took 1 rounds (0.177 sec)

BETTER TREE FOUND at iteration 1: -23059.964
Estimate model parameters (epsilon = 0.100)
Initial log-likelihood: -23059.908
Current log-likelihood at step 1: -23059.606
Current log-likelihood at step 2: -23059.577
Parameters optimization took 1 rounds (0.146 sec)

BETTER TREE FOUND at iteration 2: -23059.577
Iteration 10 / LogL: -23059.890 / Time: 0h:57m:58s
Iteration 20 / LogL: -23059.886 / Time: 0h:58m:2s
Finish initializing candidate tree set (2)
Current best tree score: -23059.577 / CPU time: 10.551
Number of iterations: 20
--------------------------------------------------------------------
|               OPTIMIZING CANDIDATE TREE SET                      |
--------------------------------------------------------------------
Iteration 30 / LogL: -23061.309 / Time: 0h:58m:5s (0h:0m:35s left)
Iteration 40 / LogL: -23059.801 / Time: 0h:58m:9s (0h:0m:28s left)
Iteration 50 / LogL: -23065.918 / Time: 0h:58m:12s (0h:0m:22s left)
Iteration 60 / LogL: -23059.725 / Time: 0h:58m:15s (0h:0m:17s left)
Iteration 70 / LogL: -23060.267 / Time: 0h:58m:18s (0h:0m:12s left)
Iteration 80 / LogL: -23059.689 / Time: 0h:58m:22s (0h:0m:8s left)
Iteration 90 / LogL: -23066.134 / Time: 0h:58m:25s (0h:0m:4s left)
Iteration 100 / LogL: -23059.644 / Time: 0h:58m:29s (0h:0m:0s left)
TREE SEARCH COMPLETED AFTER 103 ITERATIONS / Time: 0h:58m:31s

--------------------------------------------------------------------
|                    FINALIZING TREE SEARCH                        |
--------------------------------------------------------------------
Performs final model parameters optimization
Estimate model parameters (epsilon = 0.010)
Initial log-likelihood: -23059.577
Current log-likelihood at step 1: -23059.568
Partition-specific rates:  1.350 0.650
Parameters optimization took 0 rounds (0.053 sec)

Partition information was printed to partition_file.nex.best_model.nex
BEST SCORE FOUND : -23059.568
Total tree length: 18.779

Total number of iterations: 103
CPU time used for tree search: 39.003 sec (0h:0m:39s)
Wall-clock time used for tree search: 39.076 sec (0h:0m:39s)
Total CPU time used: 3520.084 sec (0h:58m:40s)
Total wall-clock time used: 3511.144 sec (0h:58m:31s)

===> START BOOTSTRAP REPLICATE NUMBER 92

Creating bootstrap alignment (seed: 900256)...

Create initial parsimony tree by phylogenetic likelihood library (PLL)... 0.004 seconds
Reading model parameters from file /Users/mful870/Desktop/MD_3di_Dev_02Oct24/Scriptorum/SubstitutionMatrix/3di_substmat
WARNING: Normalizing state frequencies so that sum of them equals to 1

NOTE: 7 MB RAM (0 GB) is required!
Estimate model parameters (epsilon = 0.100)
Initial log-likelihood: -25599.766
Current log-likelihood at step 1: -24285.251
Current log-likelihood at step 2: -23995.334
Current log-likelihood at step 3: -23539.673
Current log-likelihood at step 4: -23539.421
Current log-likelihood at step 5: -23539.380
Partition-specific rates:  1.359 0.641
Parameters optimization took 4 rounds (0.656 sec)

Wrote distance file to... 
Computing ML distances based on estimated model parameters...
Calculating distance matrix: done in 7.20024e-05 secs using 88.89% CPU
Computing ML distances took 0.000121 sec (of wall-clock time) 0.000089 sec (of CPU time)
Setting up auxiliary I and S matrices: done in 3.60012e-05 secs using 75% CPU
Computing RapidNJ tree took 0.000170 sec (of wall-clock time) 0.000101 sec (of CPU time)
Log-likelihood of RapidNJ tree: -25747.965
--------------------------------------------------------------------
|             INITIALIZING CANDIDATE TREE SET                      |
--------------------------------------------------------------------
Generating 98 parsimony trees... 0.546 second
Computing log-likelihood of 98 initial trees ... 1.699 seconds
Current best score: -23539.380

Do NNI search on 20 best initial trees
Estimate model parameters (epsilon = 0.100)
Initial log-likelihood: -23498.655
Current log-likelihood at step 1: -23498.348
Current log-likelihood at step 2: -23498.336
Parameters optimization took 1 rounds (0.151 sec)

BETTER TREE FOUND at iteration 1: -23498.336
Iteration 10 / LogL: -23498.503 / Time: 0h:58m:37s
Iteration 20 / LogL: -23498.351 / Time: 0h:58m:40s
Finish initializing candidate tree set (2)
Current best tree score: -23498.336 / CPU time: 8.593
Number of iterations: 20
--------------------------------------------------------------------
|               OPTIMIZING CANDIDATE TREE SET                      |
--------------------------------------------------------------------
Iteration 30 / LogL: -23499.643 / Time: 0h:58m:43s (0h:0m:30s left)
Iteration 40 / LogL: -23510.715 / Time: 0h:58m:46s (0h:0m:24s left)
Iteration 50 / LogL: -23498.992 / Time: 0h:58m:49s (0h:0m:19s left)
Iteration 60 / LogL: -23510.961 / Time: 0h:58m:52s (0h:0m:14s left)
Iteration 70 / LogL: -23499.146 / Time: 0h:58m:55s (0h:0m:10s left)
Iteration 80 / LogL: -23513.005 / Time: 0h:58m:58s (0h:0m:7s left)
Iteration 90 / LogL: -23511.287 / Time: 0h:59m:2s (0h:0m:3s left)
Iteration 100 / LogL: -23498.775 / Time: 0h:59m:4s (0h:0m:0s left)
TREE SEARCH COMPLETED AFTER 102 ITERATIONS / Time: 0h:59m:5s

--------------------------------------------------------------------
|                    FINALIZING TREE SEARCH                        |
--------------------------------------------------------------------
Performs final model parameters optimization
Estimate model parameters (epsilon = 0.010)
Initial log-likelihood: -23498.336
Current log-likelihood at step 1: -23498.333
Partition-specific rates:  1.361 0.639
Parameters optimization took 0 rounds (0.049 sec)

Partition information was printed to partition_file.nex.best_model.nex
BEST SCORE FOUND : -23498.333
Total tree length: 18.360

Total number of iterations: 102
CPU time used for tree search: 33.518 sec (0h:0m:33s)
Wall-clock time used for tree search: 33.591 sec (0h:0m:33s)
Total CPU time used: 3554.751 sec (0h:59m:14s)
Total wall-clock time used: 3545.712 sec (0h:59m:5s)

===> START BOOTSTRAP REPLICATE NUMBER 93

Creating bootstrap alignment (seed: 900257)...

Create initial parsimony tree by phylogenetic likelihood library (PLL)... 0.003 seconds
Reading model parameters from file /Users/mful870/Desktop/MD_3di_Dev_02Oct24/Scriptorum/SubstitutionMatrix/3di_substmat
WARNING: Normalizing state frequencies so that sum of them equals to 1

NOTE: 7 MB RAM (0 GB) is required!
Estimate model parameters (epsilon = 0.100)
Initial log-likelihood: -25360.326
Current log-likelihood at step 1: -24014.788
Current log-likelihood at step 2: -23738.702
Current log-likelihood at step 3: -23265.425
Current log-likelihood at step 4: -23263.448
Current log-likelihood at step 5: -23263.197
Current log-likelihood at step 6: -23263.183
Partition-specific rates:  1.373 0.627
Parameters optimization took 5 rounds (0.706 sec)

Wrote distance file to... 
Computing ML distances based on estimated model parameters...
Calculating distance matrix: done in 7.79629e-05 secs using 88.5% CPU
Computing ML distances took 0.000130 sec (of wall-clock time) 0.000096 sec (of CPU time)
Setting up auxiliary I and S matrices: done in 3.60012e-05 secs using 75% CPU
Computing RapidNJ tree took 0.000153 sec (of wall-clock time) 0.000096 sec (of CPU time)
Log-likelihood of RapidNJ tree: -25358.316
--------------------------------------------------------------------
|             INITIALIZING CANDIDATE TREE SET                      |
--------------------------------------------------------------------
Generating 98 parsimony trees... 0.515 second
Computing log-likelihood of 98 initial trees ... 1.625 seconds
Current best score: -23263.183

Do NNI search on 20 best initial trees
Estimate model parameters (epsilon = 0.100)
Initial log-likelihood: -23187.956
Current log-likelihood at step 1: -23187.641
Current log-likelihood at step 2: -23187.614
Parameters optimization took 1 rounds (0.168 sec)

BETTER TREE FOUND at iteration 1: -23187.614
Estimate model parameters (epsilon = 0.100)
Initial log-likelihood: -23183.714
Current log-likelihood at step 1: -23182.168
Current log-likelihood at step 2: -23182.027
Current log-likelihood at step 3: -23182.018
Parameters optimization took 2 rounds (0.231 sec)

BETTER TREE FOUND at iteration 2: -23182.018
Estimate model parameters (epsilon = 0.100)
Initial log-likelihood: -23181.861
Current log-likelihood at step 1: -23180.112
Current log-likelihood at step 2: -23179.842
Current log-likelihood at step 3: -23179.817
Parameters optimization took 2 rounds (0.214 sec)

BETTER TREE FOUND at iteration 5: -23179.817
Iteration 10 / LogL: -23181.887 / Time: 0h:59m:12s
Iteration 20 / LogL: -23183.408 / Time: 0h:59m:16s
Finish initializing candidate tree set (9)
Current best tree score: -23179.817 / CPU time: 9.862
Number of iterations: 20
--------------------------------------------------------------------
|               OPTIMIZING CANDIDATE TREE SET                      |
--------------------------------------------------------------------
Iteration 30 / LogL: -23188.582 / Time: 0h:59m:19s (0h:0m:36s left)
Iteration 40 / LogL: -23180.196 / Time: 0h:59m:22s (0h:0m:28s left)
Iteration 50 / LogL: -23185.276 / Time: 0h:59m:25s (0h:0m:21s left)
Iteration 60 / LogL: -23182.237 / Time: 0h:59m:28s (0h:0m:17s left)
Iteration 70 / LogL: -23208.106 / Time: 0h:59m:31s (0h:0m:12s left)
Iteration 80 / LogL: -23182.680 / Time: 0h:59m:34s (0h:0m:9s left)
Iteration 90 / LogL: -23182.347 / Time: 0h:59m:36s (0h:0m:5s left)
Iteration 100 / LogL: -23189.966 / Time: 0h:59m:40s (0h:0m:1s left)
TREE SEARCH COMPLETED AFTER 106 ITERATIONS / Time: 0h:59m:42s

--------------------------------------------------------------------
|                    FINALIZING TREE SEARCH                        |
--------------------------------------------------------------------
Performs final model parameters optimization
Estimate model parameters (epsilon = 0.010)
Initial log-likelihood: -23179.817
Current log-likelihood at step 1: -23179.809
Partition-specific rates:  1.365 0.635
Parameters optimization took 0 rounds (0.051 sec)

Partition information was printed to partition_file.nex.best_model.nex
BEST SCORE FOUND : -23179.809
Total tree length: 18.308

Total number of iterations: 106
CPU time used for tree search: 35.468 sec (0h:0m:35s)
Wall-clock time used for tree search: 35.465 sec (0h:0m:35s)
Total CPU time used: 3591.241 sec (0h:59m:51s)
Total wall-clock time used: 3582.090 sec (0h:59m:42s)

===> START BOOTSTRAP REPLICATE NUMBER 94

Creating bootstrap alignment (seed: 900258)...

Create initial parsimony tree by phylogenetic likelihood library (PLL)... 0.005 seconds
Reading model parameters from file /Users/mful870/Desktop/MD_3di_Dev_02Oct24/Scriptorum/SubstitutionMatrix/3di_substmat
WARNING: Normalizing state frequencies so that sum of them equals to 1

NOTE: 7 MB RAM (0 GB) is required!
Estimate model parameters (epsilon = 0.100)
Initial log-likelihood: -25017.270
Current log-likelihood at step 1: -23723.420
Current log-likelihood at step 2: -23435.433
Current log-likelihood at step 3: -22991.948
Current log-likelihood at step 4: -22991.872
Partition-specific rates:  1.378 0.622
Parameters optimization took 3 rounds (0.476 sec)

Wrote distance file to... 
Computing ML distances based on estimated model parameters...
Calculating distance matrix: done in 7.39098e-05 secs using 86.59% CPU
Computing ML distances took 0.000121 sec (of wall-clock time) 0.000090 sec (of CPU time)
Setting up auxiliary I and S matrices: done in 3.50475e-05 secs using 74.18% CPU
Computing RapidNJ tree took 0.000153 sec (of wall-clock time) 0.000097 sec (of CPU time)
Log-likelihood of RapidNJ tree: -25097.880
--------------------------------------------------------------------
|             INITIALIZING CANDIDATE TREE SET                      |
--------------------------------------------------------------------
Generating 98 parsimony trees... 0.543 second
Computing log-likelihood of 98 initial trees ... 1.624 seconds
Current best score: -22991.872

Do NNI search on 20 best initial trees
Estimate model parameters (epsilon = 0.100)
Initial log-likelihood: -22961.792
Current log-likelihood at step 1: -22961.720
Parameters optimization took 0 rounds (0.083 sec)

BETTER TREE FOUND at iteration 1: -22961.720
Estimate model parameters (epsilon = 0.100)
Initial log-likelihood: -22958.648
Current log-likelihood at step 1: -22958.370
Current log-likelihood at step 2: -22958.346
Parameters optimization took 1 rounds (0.148 sec)

BETTER TREE FOUND at iteration 4: -22958.346
Iteration 10 / LogL: -22960.264 / Time: 0h:59m:48s
Iteration 20 / LogL: -22973.919 / Time: 0h:59m:52s
Finish initializing candidate tree set (8)
Current best tree score: -22958.346 / CPU time: 9.992
Number of iterations: 20
--------------------------------------------------------------------
|               OPTIMIZING CANDIDATE TREE SET                      |
--------------------------------------------------------------------
Iteration 30 / LogL: -22959.033 / Time: 0h:59m:55s (0h:0m:35s left)
UPDATE BEST LOG-LIKELIHOOD: -22958.340
Iteration 40 / LogL: -22961.141 / Time: 0h:59m:59s (0h:0m:27s left)
UPDATE BEST LOG-LIKELIHOOD: -22958.338
Iteration 50 / LogL: -22958.949 / Time: 1h:0m:2s (0h:0m:22s left)
Iteration 60 / LogL: -22962.192 / Time: 1h:0m:5s (0h:0m:17s left)
Iteration 70 / LogL: -22958.462 / Time: 1h:0m:8s (0h:0m:13s left)
Iteration 80 / LogL: -22959.111 / Time: 1h:0m:11s (0h:0m:9s left)
Iteration 90 / LogL: -22962.074 / Time: 1h:0m:15s (0h:0m:5s left)
Iteration 100 / LogL: -22958.501 / Time: 1h:0m:19s (0h:0m:1s left)
TREE SEARCH COMPLETED AFTER 105 ITERATIONS / Time: 1h:0m:20s

--------------------------------------------------------------------
|                    FINALIZING TREE SEARCH                        |
--------------------------------------------------------------------
Performs final model parameters optimization
Estimate model parameters (epsilon = 0.010)
Initial log-likelihood: -22958.338
Current log-likelihood at step 1: -22958.334
Partition-specific rates:  1.381 0.619
Parameters optimization took 0 rounds (0.055 sec)

Partition information was printed to partition_file.nex.best_model.nex
BEST SCORE FOUND : -22958.334
Total tree length: 18.367

Total number of iterations: 105
CPU time used for tree search: 38.006 sec (0h:0m:38s)
Wall-clock time used for tree search: 38.012 sec (0h:0m:38s)
Total CPU time used: 3630.081 sec (1h:0m:30s)
Total wall-clock time used: 3620.811 sec (1h:0m:20s)

===> START BOOTSTRAP REPLICATE NUMBER 95

Creating bootstrap alignment (seed: 900259)...

Create initial parsimony tree by phylogenetic likelihood library (PLL)... 0.010 seconds
Reading model parameters from file /Users/mful870/Desktop/MD_3di_Dev_02Oct24/Scriptorum/SubstitutionMatrix/3di_substmat
WARNING: Normalizing state frequencies so that sum of them equals to 1

NOTE: 7 MB RAM (0 GB) is required!
Estimate model parameters (epsilon = 0.100)
Initial log-likelihood: -25665.848
Current log-likelihood at step 1: -24341.611
Current log-likelihood at step 2: -24115.999
Current log-likelihood at step 3: -23692.625
Current log-likelihood at step 4: -23578.640
Current log-likelihood at step 5: -23578.579
Partition-specific rates:  1.380 0.620
Parameters optimization took 4 rounds (0.772 sec)

Wrote distance file to... 
Computing ML distances based on estimated model parameters...
Calculating distance matrix: done in 7.29561e-05 secs using 89.09% CPU
Computing ML distances took 0.000125 sec (of wall-clock time) 0.000092 sec (of CPU time)
Setting up auxiliary I and S matrices: done in 4.00543e-05 secs using 69.91% CPU
Computing RapidNJ tree took 0.000172 sec (of wall-clock time) 0.000109 sec (of CPU time)
Log-likelihood of RapidNJ tree: -25828.149
--------------------------------------------------------------------
|             INITIALIZING CANDIDATE TREE SET                      |
--------------------------------------------------------------------
Generating 98 parsimony trees... 0.667 second
Computing log-likelihood of 98 initial trees ... 1.673 seconds
Current best score: -23578.579

Do NNI search on 20 best initial trees
Estimate model parameters (epsilon = 0.100)
Initial log-likelihood: -23546.142
Current log-likelihood at step 1: -23546.086
Parameters optimization took 0 rounds (0.106 sec)

BETTER TREE FOUND at iteration 1: -23546.086
Iteration 10 / LogL: -23546.153 / Time: 1h:0m:27s
Iteration 20 / LogL: -23549.658 / Time: 1h:0m:31s
Finish initializing candidate tree set (10)
Current best tree score: -23546.086 / CPU time: 9.297
Number of iterations: 20
--------------------------------------------------------------------
|               OPTIMIZING CANDIDATE TREE SET                      |
--------------------------------------------------------------------
Iteration 30 / LogL: -23547.875 / Time: 1h:0m:34s (0h:0m:32s left)
Iteration 40 / LogL: -23547.639 / Time: 1h:0m:37s (0h:0m:25s left)
Iteration 50 / LogL: -23547.327 / Time: 1h:0m:39s (0h:0m:19s left)
Iteration 60 / LogL: -23546.631 / Time: 1h:0m:42s (0h:0m:15s left)
Iteration 70 / LogL: -23546.960 / Time: 1h:0m:46s (0h:0m:11s left)
Iteration 80 / LogL: -23547.633 / Time: 1h:0m:49s (0h:0m:7s left)
Iteration 90 / LogL: -23548.759 / Time: 1h:0m:52s (0h:0m:3s left)
Iteration 100 / LogL: -23547.655 / Time: 1h:0m:56s (0h:0m:0s left)
TREE SEARCH COMPLETED AFTER 102 ITERATIONS / Time: 1h:0m:56s

--------------------------------------------------------------------
|                    FINALIZING TREE SEARCH                        |
--------------------------------------------------------------------
Performs final model parameters optimization
Estimate model parameters (epsilon = 0.010)
Initial log-likelihood: -23546.086
Current log-likelihood at step 1: -23546.077
Partition-specific rates:  1.381 0.619
Parameters optimization took 0 rounds (0.050 sec)

Partition information was printed to partition_file.nex.best_model.nex
BEST SCORE FOUND : -23546.077
Total tree length: 18.384

Total number of iterations: 102
CPU time used for tree search: 34.622 sec (0h:0m:34s)
Wall-clock time used for tree search: 34.696 sec (0h:0m:34s)
Total CPU time used: 3665.928 sec (1h:1m:5s)
Total wall-clock time used: 3656.567 sec (1h:0m:56s)

===> START BOOTSTRAP REPLICATE NUMBER 96

Creating bootstrap alignment (seed: 900260)...

Create initial parsimony tree by phylogenetic likelihood library (PLL)... 0.004 seconds
Reading model parameters from file /Users/mful870/Desktop/MD_3di_Dev_02Oct24/Scriptorum/SubstitutionMatrix/3di_substmat
WARNING: Normalizing state frequencies so that sum of them equals to 1

NOTE: 7 MB RAM (0 GB) is required!
Estimate model parameters (epsilon = 0.100)
Initial log-likelihood: -25352.495
Current log-likelihood at step 1: -24051.257
Current log-likelihood at step 2: -23725.201
Current log-likelihood at step 3: -23297.708
Current log-likelihood at step 4: -23297.559
Current log-likelihood at step 5: -23297.537
Partition-specific rates:  1.341 0.659
Parameters optimization took 4 rounds (0.570 sec)

Wrote distance file to... 
Computing ML distances based on estimated model parameters...
Calculating distance matrix: done in 7.29561e-05 secs using 89.09% CPU
Computing ML distances took 0.000125 sec (of wall-clock time) 0.000093 sec (of CPU time)
Setting up auxiliary I and S matrices: done in 3.38554e-05 secs using 73.84% CPU
Computing RapidNJ tree took 0.000140 sec (of wall-clock time) 0.000094 sec (of CPU time)
Log-likelihood of RapidNJ tree: -25612.009
--------------------------------------------------------------------
|             INITIALIZING CANDIDATE TREE SET                      |
--------------------------------------------------------------------
Generating 98 parsimony trees... 0.517 second
Computing log-likelihood of 98 initial trees ... 1.657 seconds
Current best score: -23297.537

Do NNI search on 20 best initial trees
Estimate model parameters (epsilon = 0.100)
Initial log-likelihood: -23236.178
Current log-likelihood at step 1: -23235.337
Current log-likelihood at step 2: -23235.264
Parameters optimization took 1 rounds (0.146 sec)

BETTER TREE FOUND at iteration 1: -23235.264
Estimate model parameters (epsilon = 0.100)
Initial log-likelihood: -23233.005
Current log-likelihood at step 1: -23230.342
Current log-likelihood at step 2: -23230.152
Current log-likelihood at step 3: -23230.138
Parameters optimization took 2 rounds (0.270 sec)

BETTER TREE FOUND at iteration 2: -23230.138
Estimate model parameters (epsilon = 0.100)
Initial log-likelihood: -23226.493
Current log-likelihood at step 1: -23225.767
Current log-likelihood at step 2: -23225.720
Parameters optimization took 1 rounds (0.151 sec)

BETTER TREE FOUND at iteration 3: -23225.720
Iteration 10 / LogL: -23235.198 / Time: 1h:1m:3s
Iteration 20 / LogL: -23235.372 / Time: 1h:1m:7s
Finish initializing candidate tree set (6)
Current best tree score: -23225.720 / CPU time: 9.817
Number of iterations: 20
--------------------------------------------------------------------
|               OPTIMIZING CANDIDATE TREE SET                      |
--------------------------------------------------------------------
Iteration 30 / LogL: -23229.992 / Time: 1h:1m:10s (0h:0m:36s left)
Iteration 40 / LogL: -23230.450 / Time: 1h:1m:14s (0h:0m:28s left)
Iteration 50 / LogL: -23231.853 / Time: 1h:1m:17s (0h:0m:22s left)
Iteration 60 / LogL: -23226.074 / Time: 1h:1m:21s (0h:0m:17s left)
Iteration 70 / LogL: -23227.494 / Time: 1h:1m:24s (0h:0m:13s left)
Iteration 80 / LogL: -23230.108 / Time: 1h:1m:27s (0h:0m:8s left)
Iteration 90 / LogL: -23225.977 / Time: 1h:1m:30s (0h:0m:4s left)
Iteration 100 / LogL: -23230.191 / Time: 1h:1m:34s (0h:0m:1s left)
TREE SEARCH COMPLETED AFTER 104 ITERATIONS / Time: 1h:1m:35s

--------------------------------------------------------------------
|                    FINALIZING TREE SEARCH                        |
--------------------------------------------------------------------
Performs final model parameters optimization
Estimate model parameters (epsilon = 0.010)
Initial log-likelihood: -23225.720
Current log-likelihood at step 1: -23225.704
Current log-likelihood at step 2: -23225.703
Partition-specific rates:  1.339 0.661
Parameters optimization took 1 rounds (0.123 sec)

Partition information was printed to partition_file.nex.best_model.nex
BEST SCORE FOUND : -23225.703
Total tree length: 18.164

Total number of iterations: 104
CPU time used for tree search: 38.112 sec (0h:0m:38s)
Wall-clock time used for tree search: 38.179 sec (0h:0m:38s)
Total CPU time used: 3705.457 sec (1h:1m:45s)
Total wall-clock time used: 3695.990 sec (1h:1m:35s)

===> START BOOTSTRAP REPLICATE NUMBER 97

Creating bootstrap alignment (seed: 900261)...

Create initial parsimony tree by phylogenetic likelihood library (PLL)... 0.004 seconds
Reading model parameters from file /Users/mful870/Desktop/MD_3di_Dev_02Oct24/Scriptorum/SubstitutionMatrix/3di_substmat
WARNING: Normalizing state frequencies so that sum of them equals to 1

NOTE: 7 MB RAM (0 GB) is required!
Estimate model parameters (epsilon = 0.100)
Initial log-likelihood: -25418.821
Current log-likelihood at step 1: -24116.424
Current log-likelihood at step 2: -23823.837
Current log-likelihood at step 3: -23397.996
Current log-likelihood at step 4: -23397.782
Current log-likelihood at step 5: -23397.748
Partition-specific rates:  1.367 0.633
Parameters optimization took 4 rounds (0.613 sec)

Wrote distance file to... 
Computing ML distances based on estimated model parameters...
Calculating distance matrix: done in 8.2016e-05 secs using 80.47% CPU
Computing ML distances took 0.000137 sec (of wall-clock time) 0.000093 sec (of CPU time)
Setting up auxiliary I and S matrices: done in 3.69549e-05 secs using 73.06% CPU
Computing RapidNJ tree took 0.000158 sec (of wall-clock time) 0.000100 sec (of CPU time)
Log-likelihood of RapidNJ tree: -25806.131
--------------------------------------------------------------------
|             INITIALIZING CANDIDATE TREE SET                      |
--------------------------------------------------------------------
Generating 98 parsimony trees... 0.542 second
Computing log-likelihood of 98 initial trees ... 1.679 seconds
Current best score: -23397.748

Do NNI search on 20 best initial trees
Estimate model parameters (epsilon = 0.100)
Initial log-likelihood: -23390.902
Current log-likelihood at step 1: -23390.615
Current log-likelihood at step 2: -23390.609
Parameters optimization took 1 rounds (0.149 sec)

BETTER TREE FOUND at iteration 1: -23390.609
Iteration 10 / LogL: -23401.139 / Time: 1h:1m:42s
Iteration 20 / LogL: -23399.291 / Time: 1h:1m:45s
Finish initializing candidate tree set (9)
Current best tree score: -23390.609 / CPU time: 8.458
Number of iterations: 20
--------------------------------------------------------------------
|               OPTIMIZING CANDIDATE TREE SET                      |
--------------------------------------------------------------------
Iteration 30 / LogL: -23407.756 / Time: 1h:1m:48s (0h:0m:30s left)
Iteration 40 / LogL: -23390.734 / Time: 1h:1m:51s (0h:0m:24s left)
Estimate model parameters (epsilon = 0.100)
Initial log-likelihood: -23390.298
Current log-likelihood at step 1: -23390.108
Current log-likelihood at step 2: -23390.097
Parameters optimization took 1 rounds (0.150 sec)

BETTER TREE FOUND at iteration 44: -23390.097
Iteration 50 / LogL: -23390.916 / Time: 1h:1m:55s (0h:0m:37s left)
Iteration 60 / LogL: -23390.331 / Time: 1h:1m:58s (0h:0m:31s left)
Iteration 70 / LogL: -23390.479 / Time: 1h:2m:1s (0h:0m:27s left)
Iteration 80 / LogL: -23390.847 / Time: 1h:2m:5s (0h:0m:23s left)
Iteration 90 / LogL: -23399.660 / Time: 1h:2m:8s (0h:0m:19s left)
Iteration 100 / LogL: -23390.664 / Time: 1h:2m:11s (0h:0m:15s left)
Iteration 110 / LogL: -23390.891 / Time: 1h:2m:14s (0h:0m:11s left)
Iteration 120 / LogL: -23390.893 / Time: 1h:2m:17s (0h:0m:8s left)
Iteration 130 / LogL: -23390.818 / Time: 1h:2m:20s (0h:0m:4s left)
Iteration 140 / LogL: -23391.323 / Time: 1h:2m:24s (0h:0m:1s left)
TREE SEARCH COMPLETED AFTER 145 ITERATIONS / Time: 1h:2m:25s

--------------------------------------------------------------------
|                    FINALIZING TREE SEARCH                        |
--------------------------------------------------------------------
Performs final model parameters optimization
Estimate model parameters (epsilon = 0.010)
Initial log-likelihood: -23390.097
Current log-likelihood at step 1: -23390.095
Partition-specific rates:  1.369 0.631
Parameters optimization took 0 rounds (0.052 sec)

Partition information was printed to partition_file.nex.best_model.nex
BEST SCORE FOUND : -23390.095
Total tree length: 18.206

Total number of iterations: 145
CPU time used for tree search: 48.918 sec (0h:0m:48s)
Wall-clock time used for tree search: 49.000 sec (0h:0m:48s)
Total CPU time used: 3755.476 sec (1h:2m:35s)
Total wall-clock time used: 3745.916 sec (1h:2m:25s)

===> START BOOTSTRAP REPLICATE NUMBER 98

Creating bootstrap alignment (seed: 900262)...

Create initial parsimony tree by phylogenetic likelihood library (PLL)... 0.005 seconds
Reading model parameters from file /Users/mful870/Desktop/MD_3di_Dev_02Oct24/Scriptorum/SubstitutionMatrix/3di_substmat
WARNING: Normalizing state frequencies so that sum of them equals to 1

NOTE: 7 MB RAM (0 GB) is required!
Estimate model parameters (epsilon = 0.100)
Initial log-likelihood: -25242.095
Current log-likelihood at step 1: -23883.296
Current log-likelihood at step 2: -23612.872
Current log-likelihood at step 3: -23161.383
Current log-likelihood at step 4: -23160.674
Current log-likelihood at step 5: -23160.590
Partition-specific rates:  1.369 0.631
Parameters optimization took 4 rounds (0.638 sec)

Wrote distance file to... 
Computing ML distances based on estimated model parameters...
Calculating distance matrix: done in 7.51019e-05 secs using 87.88% CPU
Computing ML distances took 0.000127 sec (of wall-clock time) 0.000093 sec (of CPU time)
Setting up auxiliary I and S matrices: done in 4.00543e-05 secs using 74.9% CPU
Computing RapidNJ tree took 0.000172 sec (of wall-clock time) 0.000108 sec (of CPU time)
Log-likelihood of RapidNJ tree: -25226.909
--------------------------------------------------------------------
|             INITIALIZING CANDIDATE TREE SET                      |
--------------------------------------------------------------------
Generating 98 parsimony trees... 0.519 second
Computing log-likelihood of 98 initial trees ... 1.705 seconds
Current best score: -23160.590

Do NNI search on 20 best initial trees
Estimate model parameters (epsilon = 0.100)
Initial log-likelihood: -23145.025
Current log-likelihood at step 1: -23144.171
Current log-likelihood at step 2: -23144.094
Parameters optimization took 1 rounds (0.179 sec)

BETTER TREE FOUND at iteration 1: -23144.094
Estimate model parameters (epsilon = 0.100)
Initial log-likelihood: -23141.927
Current log-likelihood at step 1: -23141.516
Current log-likelihood at step 2: -23141.482
Parameters optimization took 1 rounds (0.139 sec)

BETTER TREE FOUND at iteration 3: -23141.482
Estimate model parameters (epsilon = 0.100)
Initial log-likelihood: -23140.485
Current log-likelihood at step 1: -23138.746
Current log-likelihood at step 2: -23138.630
Current log-likelihood at step 3: -23138.595
Parameters optimization took 2 rounds (0.259 sec)

BETTER TREE FOUND at iteration 5: -23138.595
Iteration 10 / LogL: -23144.416 / Time: 1h:2m:32s
Iteration 20 / LogL: -23142.485 / Time: 1h:2m:36s
Finish initializing candidate tree set (4)
Current best tree score: -23138.595 / CPU time: 9.478
Number of iterations: 20
--------------------------------------------------------------------
|               OPTIMIZING CANDIDATE TREE SET                      |
--------------------------------------------------------------------
UPDATE BEST LOG-LIKELIHOOD: -23138.587
Iteration 30 / LogL: -23138.805 / Time: 1h:2m:39s (0h:0m:35s left)
Iteration 40 / LogL: -23144.188 / Time: 1h:2m:43s (0h:0m:29s left)
UPDATE BEST LOG-LIKELIHOOD: -23138.584
Iteration 50 / LogL: -23144.084 / Time: 1h:2m:45s (0h:0m:22s left)
Iteration 60 / LogL: -23144.161 / Time: 1h:2m:49s (0h:0m:18s left)
Iteration 70 / LogL: -23138.865 / Time: 1h:2m:53s (0h:0m:13s left)
Iteration 80 / LogL: -23144.160 / Time: 1h:2m:56s (0h:0m:9s left)
Iteration 90 / LogL: -23138.637 / Time: 1h:2m:59s (0h:0m:5s left)
Iteration 100 / LogL: -23138.900 / Time: 1h:3m:2s (0h:0m:1s left)
TREE SEARCH COMPLETED AFTER 106 ITERATIONS / Time: 1h:3m:4s

--------------------------------------------------------------------
|                    FINALIZING TREE SEARCH                        |
--------------------------------------------------------------------
Performs final model parameters optimization
Estimate model parameters (epsilon = 0.010)
Initial log-likelihood: -23138.584
Current log-likelihood at step 1: -23138.579
Partition-specific rates:  1.366 0.634
Parameters optimization took 0 rounds (0.053 sec)

Partition information was printed to partition_file.nex.best_model.nex
BEST SCORE FOUND : -23138.579
Total tree length: 18.275

Total number of iterations: 106
CPU time used for tree search: 37.884 sec (0h:0m:37s)
Wall-clock time used for tree search: 37.959 sec (0h:0m:37s)
Total CPU time used: 3794.517 sec (1h:3m:14s)
Total wall-clock time used: 3784.882 sec (1h:3m:4s)

===> START BOOTSTRAP REPLICATE NUMBER 99

Creating bootstrap alignment (seed: 900263)...

Create initial parsimony tree by phylogenetic likelihood library (PLL)... 0.007 seconds
Reading model parameters from file /Users/mful870/Desktop/MD_3di_Dev_02Oct24/Scriptorum/SubstitutionMatrix/3di_substmat
WARNING: Normalizing state frequencies so that sum of them equals to 1

NOTE: 7 MB RAM (0 GB) is required!
Estimate model parameters (epsilon = 0.100)
Initial log-likelihood: -25637.162
Current log-likelihood at step 1: -24341.981
Current log-likelihood at step 2: -24082.222
Current log-likelihood at step 3: -23601.907
Current log-likelihood at step 4: -23601.686
Current log-likelihood at step 5: -23601.670
Partition-specific rates:  1.355 0.645
Parameters optimization took 4 rounds (0.612 sec)

Wrote distance file to... 
Computing ML distances based on estimated model parameters...
Calculating distance matrix: done in 7.41482e-05 secs using 87.66% CPU
Computing ML distances took 0.000131 sec (of wall-clock time) 0.000093 sec (of CPU time)
Setting up auxiliary I and S matrices: done in 3.40939e-05 secs using 70.39% CPU
Computing RapidNJ tree took 0.000144 sec (of wall-clock time) 0.000093 sec (of CPU time)
Log-likelihood of RapidNJ tree: -25766.243
--------------------------------------------------------------------
|             INITIALIZING CANDIDATE TREE SET                      |
--------------------------------------------------------------------
Generating 98 parsimony trees... 0.540 second
Computing log-likelihood of 98 initial trees ... 1.658 seconds
Current best score: -23601.670

Do NNI search on 20 best initial trees
Estimate model parameters (epsilon = 0.100)
Initial log-likelihood: -23591.202
Current log-likelihood at step 1: -23590.641
Current log-likelihood at step 2: -23590.609
Parameters optimization took 1 rounds (0.161 sec)

BETTER TREE FOUND at iteration 1: -23590.609
Estimate model parameters (epsilon = 0.100)
Initial log-likelihood: -23590.592
Current log-likelihood at step 1: -23590.479
Current log-likelihood at step 2: -23590.465
Parameters optimization took 1 rounds (0.144 sec)

UPDATE BEST LOG-LIKELIHOOD: -23590.465
Iteration 10 / LogL: -23594.065 / Time: 1h:3m:11s
Iteration 20 / LogL: -23590.911 / Time: 1h:3m:15s
Finish initializing candidate tree set (7)
Current best tree score: -23590.465 / CPU time: 9.473
Number of iterations: 20
--------------------------------------------------------------------
|               OPTIMIZING CANDIDATE TREE SET                      |
--------------------------------------------------------------------
Iteration 30 / LogL: -23594.103 / Time: 1h:3m:18s (0h:0m:34s left)
Iteration 40 / LogL: -23593.410 / Time: 1h:3m:22s (0h:0m:27s left)
Iteration 50 / LogL: -23590.854 / Time: 1h:3m:26s (0h:0m:22s left)
Iteration 60 / LogL: -23592.323 / Time: 1h:3m:31s (0h:0m:18s left)
Iteration 70 / LogL: -23592.179 / Time: 1h:3m:34s (0h:0m:13s left)
Iteration 80 / LogL: -23590.871 / Time: 1h:3m:38s (0h:0m:8s left)
Iteration 90 / LogL: -23591.075 / Time: 1h:3m:42s (0h:0m:4s left)
Iteration 100 / LogL: -23590.552 / Time: 1h:3m:45s (0h:0m:0s left)
TREE SEARCH COMPLETED AFTER 102 ITERATIONS / Time: 1h:3m:46s

--------------------------------------------------------------------
|                    FINALIZING TREE SEARCH                        |
--------------------------------------------------------------------
Performs final model parameters optimization
Estimate model parameters (epsilon = 0.010)
Initial log-likelihood: -23590.465
Current log-likelihood at step 1: -23590.463
Partition-specific rates:  1.355 0.645
Parameters optimization took 0 rounds (0.073 sec)

Partition information was printed to partition_file.nex.best_model.nex
BEST SCORE FOUND : -23590.463
Total tree length: 17.954

Total number of iterations: 102
CPU time used for tree search: 40.618 sec (0h:0m:40s)
Wall-clock time used for tree search: 40.679 sec (0h:0m:40s)
Total CPU time used: 3836.265 sec (1h:3m:56s)
Total wall-clock time used: 3826.515 sec (1h:3m:46s)

===> START BOOTSTRAP REPLICATE NUMBER 100

Creating bootstrap alignment (seed: 900264)...

Create initial parsimony tree by phylogenetic likelihood library (PLL)... 0.005 seconds
Reading model parameters from file /Users/mful870/Desktop/MD_3di_Dev_02Oct24/Scriptorum/SubstitutionMatrix/3di_substmat
WARNING: Normalizing state frequencies so that sum of them equals to 1

NOTE: 7 MB RAM (0 GB) is required!
Estimate model parameters (epsilon = 0.100)
Initial log-likelihood: -25276.013
Current log-likelihood at step 1: -23962.505
Current log-likelihood at step 2: -23614.691
Current log-likelihood at step 3: -23272.001
Current log-likelihood at step 4: -23271.861
Current log-likelihood at step 5: -23271.847
Partition-specific rates:  1.313 0.687
Parameters optimization took 4 rounds (0.571 sec)

Wrote distance file to... 
Computing ML distances based on estimated model parameters...
Calculating distance matrix: done in 8.32081e-05 secs using 80.52% CPU
Computing ML distances took 0.000136 sec (of wall-clock time) 0.000095 sec (of CPU time)
Setting up auxiliary I and S matrices: done in 3.71933e-05 secs using 75.28% CPU
Computing RapidNJ tree took 0.000156 sec (of wall-clock time) 0.000099 sec (of CPU time)
Log-likelihood of RapidNJ tree: -25187.701
--------------------------------------------------------------------
|             INITIALIZING CANDIDATE TREE SET                      |
--------------------------------------------------------------------
Generating 98 parsimony trees... 0.520 second
Computing log-likelihood of 98 initial trees ... 1.593 seconds
Current best score: -23271.847

Do NNI search on 20 best initial trees
Estimate model parameters (epsilon = 0.100)
Initial log-likelihood: -23216.500
Current log-likelihood at step 1: -23216.162
Current log-likelihood at step 2: -23216.123
Parameters optimization took 1 rounds (0.143 sec)

BETTER TREE FOUND at iteration 1: -23216.123
Iteration 10 / LogL: -23216.278 / Time: 1h:3m:52s
Iteration 20 / LogL: -23216.490 / Time: 1h:3m:56s
Finish initializing candidate tree set (5)
Current best tree score: -23216.123 / CPU time: 9.574
Number of iterations: 20
--------------------------------------------------------------------
|               OPTIMIZING CANDIDATE TREE SET                      |
--------------------------------------------------------------------
Iteration 30 / LogL: -23216.216 / Time: 1h:3m:59s (0h:0m:32s left)
Iteration 40 / LogL: -23222.334 / Time: 1h:4m:2s (0h:0m:25s left)
UPDATE BEST LOG-LIKELIHOOD: -23216.119
Iteration 50 / LogL: -23216.924 / Time: 1h:4m:5s (0h:0m:19s left)
Iteration 60 / LogL: -23219.637 / Time: 1h:4m:8s (0h:0m:15s left)
Iteration 70 / LogL: -23218.815 / Time: 1h:4m:11s (0h:0m:11s left)
Iteration 80 / LogL: -23218.992 / Time: 1h:4m:14s (0h:0m:7s left)
Iteration 90 / LogL: -23219.879 / Time: 1h:4m:17s (0h:0m:3s left)
Iteration 100 / LogL: -23218.969 / Time: 1h:4m:20s (0h:0m:0s left)
TREE SEARCH COMPLETED AFTER 102 ITERATIONS / Time: 1h:4m:20s

--------------------------------------------------------------------
|                    FINALIZING TREE SEARCH                        |
--------------------------------------------------------------------
Performs final model parameters optimization
Estimate model parameters (epsilon = 0.010)
Initial log-likelihood: -23216.119
Current log-likelihood at step 1: -23216.104
Current log-likelihood at step 2: -23216.103
Partition-specific rates:  1.309 0.691
Parameters optimization took 1 rounds (0.111 sec)

Partition information was printed to partition_file.nex.best_model.nex
BEST SCORE FOUND : -23216.103
Total tree length: 18.209

Total number of iterations: 102
CPU time used for tree search: 33.474 sec (0h:0m:33s)
Wall-clock time used for tree search: 33.503 sec (0h:0m:33s)
Total CPU time used: 3870.766 sec (1h:4m:30s)
Total wall-clock time used: 3860.897 sec (1h:4m:20s)

===> COMPUTE CONSENSUS TREE FROM 100 BOOTSTRAP TREES

Reading tree(s) file partition_file.nex.boottrees ...
100 tree(s) loaded (0 rooted and 100 unrooted)
0 split(s) discarded because frequency <= -1.000
98 splits found
Consensus tree written to partition_file.nex.contree

===> START ANALYSIS ON THE ORIGINAL ALIGNMENT


Create initial parsimony tree by phylogenetic likelihood library (PLL)... 0.004 seconds
Reading model parameters from file /Users/mful870/Desktop/MD_3di_Dev_02Oct24/Scriptorum/SubstitutionMatrix/3di_substmat
WARNING: Normalizing state frequencies so that sum of them equals to 1

NOTE: 11 MB RAM (0 GB) is required!
Estimate model parameters (epsilon = 0.100)
Initial log-likelihood: -25501.173
Current log-likelihood at step 1: -24161.444
Current log-likelihood at step 2: -23854.122
Current log-likelihood at step 3: -23411.004
Current log-likelihood at step 4: -23410.797
Current log-likelihood at step 5: -23410.763
Partition-specific rates:  1.362 0.638
Parameters optimization took 4 rounds (0.987 sec)

Wrote distance file to... 
Computing ML distances based on estimated model parameters...
Calculating distance matrix: done in 7.41482e-05 secs using 86.31% CPU
Computing ML distances took 0.000123 sec (of wall-clock time) 0.000091 sec (of CPU time)
Setting up auxiliary I and S matrices: done in 3.69549e-05 secs using 73.06% CPU
Computing RapidNJ tree took 0.000151 sec (of wall-clock time) 0.000099 sec (of CPU time)
Log-likelihood of RapidNJ tree: -25530.947
--------------------------------------------------------------------
|             INITIALIZING CANDIDATE TREE SET                      |
--------------------------------------------------------------------
Generating 98 parsimony trees... 0.528 second
Computing log-likelihood of 98 initial trees ... 2.616 seconds
Current best score: -23410.763

Do NNI search on 20 best initial trees
Estimate model parameters (epsilon = 0.100)
Initial log-likelihood: -23391.167
Current log-likelihood at step 1: -23391.061
Current log-likelihood at step 2: -23391.049
Parameters optimization took 1 rounds (0.247 sec)

BETTER TREE FOUND at iteration 1: -23391.049
Iteration 10 / LogL: -23392.749 / Time: 1h:4m:30s
Iteration 20 / LogL: -23391.324 / Time: 1h:4m:36s
Finish initializing candidate tree set (5)
Current best tree score: -23391.049 / CPU time: 14.389
Number of iterations: 20
--------------------------------------------------------------------
|               OPTIMIZING CANDIDATE TREE SET                      |
--------------------------------------------------------------------
Estimate model parameters (epsilon = 0.100)
Initial log-likelihood: -23390.231
Current log-likelihood at step 1: -23390.050
Current log-likelihood at step 2: -23390.045
Parameters optimization took 1 rounds (0.179 sec)

UPDATE BEST LOG-LIKELIHOOD: -23390.045
Iteration 30 / LogL: -23392.333 / Time: 1h:4m:42s (0h:0m:53s left)
Iteration 40 / LogL: -23390.678 / Time: 1h:4m:47s (0h:0m:41s left)
Iteration 50 / LogL: -23392.321 / Time: 1h:4m:52s (0h:0m:32s left)
Iteration 60 / LogL: -23391.171 / Time: 1h:4m:57s (0h:0m:25s left)
Iteration 70 / LogL: -23390.099 / Time: 1h:5m:2s (0h:0m:18s left)
Iteration 80 / LogL: -23390.134 / Time: 1h:5m:7s (0h:0m:12s left)
Iteration 90 / LogL: -23391.063 / Time: 1h:5m:13s (0h:0m:6s left)
Iteration 100 / LogL: -23391.869 / Time: 1h:5m:18s (0h:0m:0s left)
TREE SEARCH COMPLETED AFTER 102 ITERATIONS / Time: 1h:5m:19s

--------------------------------------------------------------------
|                    FINALIZING TREE SEARCH                        |
--------------------------------------------------------------------
Performs final model parameters optimization
Estimate model parameters (epsilon = 0.010)
Initial log-likelihood: -23390.045
Current log-likelihood at step 1: -23390.044
Partition-specific rates:  1.360 0.640
Parameters optimization took 0 rounds (0.082 sec)

Partition information was printed to partition_file.nex.best_model.nex
BEST SCORE FOUND : -23390.044
Total tree length: 18.468

Total number of iterations: 102
CPU time used for tree search: 56.839 sec (0h:0m:56s)
Wall-clock time used for tree search: 56.947 sec (0h:0m:56s)
Total CPU time used: 3929.139 sec (1h:5m:29s)
Total wall-clock time used: 3919.216 sec (1h:5m:19s)
Reading input trees file partition_file.nex.contree
Log-likelihood of consensus tree: -23393.314

===> ASSIGN BOOTSTRAP SUPPORTS TO THE TREE FROM ORIGINAL ALIGNMENT

Reading tree partition_file.nex.treefile ...
unrooted tree detected
Reading tree(s) file partition_file.nex.boottrees ...
100 tree(s) loaded (0 rooted and 100 unrooted)
Rescaling split weights by 1.000
98 splits found
Creating bootstrap support values...
Tree with assigned support written to partition_file.nex.treefile

Analysis results written to: 
  IQ-TREE report:                partition_file.nex.iqtree
  Maximum-likelihood tree:       partition_file.nex.treefile
  Likelihood distances:          partition_file.nex.mldist
  Screen log file:               partition_file.nex.log

Total CPU time for bootstrap: 3929.366 seconds.
Total wall-clock time for bootstrap: 3919.454 seconds.

Non-parametric bootstrap results written to:
  Bootstrap trees:          partition_file.nex.boottrees
  Consensus tree:           partition_file.nex.contree

Date and Time: Tue Jun  3 19:09:19 2025
