IQ-TREE multicore version 2.4.0 for MacOS Intel 64-bit built Feb  7 2025
Developed by Bui Quang Minh, Nguyen Lam Tung, Olga Chernomor, Heiko Schmidt,
Dominik Schrempf, Michael Woodhams, Ly Trong Nhan, Thomas Wong

Host:    sc-sbs-383386 (AVX512, FMA3, 32 GB RAM)
Command: /Users/mful870/Bioinformatics_Programs/iqtree-2.4.0-macOS/bin/iqtree2 -s Alns/ -redo -p partition_file.nex -b 100
Seed:    631808 (Using SPRNG - Scalable Parallel Random Number Generator)
Time:    Tue Jun  3 08:25:20 2025
Kernel:  AVX+FMA - 1 threads (16 CPU cores detected)

HINT: Use -nt option to specify number of threads because your CPU has 16 cores!
HINT: -nt AUTO will automatically determine the best number of threads to use.

Reading partition model file partition_file.nex ...
Reading 2 alignment files in directory Alns/
Reading alignment file Alns/crystal.tdialn ... Fasta format detected
Reading fasta file: done in 7.98702e-05 secs using 81.38% CPU
Alignment most likely contains protein sequences
Alignment has 15 sequences with 119 columns, 112 distinct patterns
63 parsimony-informative, 39 singleton sites, 17 constant sites
WARNING: Some sequence names are changed as follows:
d_120_1_0+3ks0_A -> d_120_1_0_3ks0_A
d_120_1_0+4b8n_A -> d_120_1_0_4b8n_A
d_120_1_0+3lf5_A -> d_120_1_0_3lf5_A
d_120_1_1+2ibj_A -> d_120_1_1_2ibj_A
d_120_1_0+1x3x_A -> d_120_1_0_1x3x_A
d_120_1_0+2keo_A -> d_120_1_0_2keo_A
d_120_1_1+3ner_A -> d_120_1_1_3ner_A
d_120_1_1+1awp_A -> d_120_1_1_1awp_A
d_120_1_1+2i89_A -> d_120_1_1_2i89_A
d_120_1_1+3ozz_B -> d_120_1_1_3ozz_B
d_120_1_1+1do9_A -> d_120_1_1_1do9_A
d_120_1_1+1hko_A -> d_120_1_1_1hko_A
d_120_1_1+1i87_A -> d_120_1_1_1i87_A
d_120_1_1+1cxy_A -> d_120_1_1_1cxy_A
d_120_1_1+1mj4_A -> d_120_1_1_1mj4_A

                  Gap/Ambiguity  Composition  p-value
Analyzing sequences: done in 1.09673e-05 secs using 72.94% CPU
   1  d_120_1_0_3ks0_A   22.69%    passed     86.80%
   2  d_120_1_0_4b8n_A   33.61%    passed     99.99%
   3  d_120_1_0_3lf5_A   26.89%    passed     97.04%
   4  d_120_1_1_2ibj_A   27.73%    passed     97.54%
   5  d_120_1_0_1x3x_A   31.09%    passed     99.81%
   6  d_120_1_0_2keo_A   22.69%    passed     93.48%
   7  d_120_1_1_3ner_A   24.37%    passed     99.25%
   8  d_120_1_1_1awp_A   27.73%    passed     99.84%
   9  d_120_1_1_2i89_A   24.37%    passed     98.76%
  10  d_120_1_1_3ozz_B   31.09%    passed     99.60%
  11  d_120_1_1_1do9_A   21.01%    passed     93.56%
  12  d_120_1_1_1hko_A   12.61%    passed     83.08%
  13  d_120_1_1_1i87_A   21.01%    failed      0.79%
  14  d_120_1_1_1cxy_A   31.93%    passed     95.51%
  15  d_120_1_1_1mj4_A   33.61%    passed     83.98%
****  TOTAL              26.16%  1 sequences failed composition chi2 test (p-value<5%; df=19)
Reading alignment file Alns/crystal_aa.fa ... Fasta format detected
Reading fasta file: done in 5.10216e-05 secs using 88.2% CPU
Alignment most likely contains protein sequences
Alignment has 15 sequences with 119 columns, 117 distinct patterns
66 parsimony-informative, 39 singleton sites, 14 constant sites
WARNING: Some sequence names are changed as follows:
d_120_1_0+3ks0_A -> d_120_1_0_3ks0_A
d_120_1_0+4b8n_A -> d_120_1_0_4b8n_A
d_120_1_0+3lf5_A -> d_120_1_0_3lf5_A
d_120_1_1+2ibj_A -> d_120_1_1_2ibj_A
d_120_1_0+1x3x_A -> d_120_1_0_1x3x_A
d_120_1_0+2keo_A -> d_120_1_0_2keo_A
d_120_1_1+3ner_A -> d_120_1_1_3ner_A
d_120_1_1+1awp_A -> d_120_1_1_1awp_A
d_120_1_1+2i89_A -> d_120_1_1_2i89_A
d_120_1_1+3ozz_B -> d_120_1_1_3ozz_B
d_120_1_1+1do9_A -> d_120_1_1_1do9_A
d_120_1_1+1hko_A -> d_120_1_1_1hko_A
d_120_1_1+1i87_A -> d_120_1_1_1i87_A
d_120_1_1+1cxy_A -> d_120_1_1_1cxy_A
d_120_1_1+1mj4_A -> d_120_1_1_1mj4_A

                  Gap/Ambiguity  Composition  p-value
Analyzing sequences: done in 7.86781e-06 secs using 88.97% CPU
   1  d_120_1_0_3ks0_A   22.69%    passed      6.72%
   2  d_120_1_0_4b8n_A   33.61%    passed     69.12%
   3  d_120_1_0_3lf5_A   26.89%    passed     49.57%
   4  d_120_1_1_2ibj_A   27.73%    passed     61.03%
   5  d_120_1_0_1x3x_A   31.09%    passed     25.20%
   6  d_120_1_0_2keo_A   22.69%    passed     66.11%
   7  d_120_1_1_3ner_A   24.37%    passed     94.78%
   8  d_120_1_1_1awp_A   27.73%    passed     98.65%
   9  d_120_1_1_2i89_A   24.37%    passed     97.36%
  10  d_120_1_1_3ozz_B   31.09%    passed     99.98%
  11  d_120_1_1_1do9_A   21.01%    passed     95.80%
  12  d_120_1_1_1hko_A   12.61%    passed     78.09%
  13  d_120_1_1_1i87_A   21.01%    passed     97.16%
  14  d_120_1_1_1cxy_A   31.93%    passed     44.30%
  15  d_120_1_1_1mj4_A   33.61%    passed     87.92%
****  TOTAL              26.16%  0 sequences failed composition chi2 test (p-value<5%; df=19)

Loading 2 partitions...
Reading alignment file ./Alns/crystal_aa.fa ... Fasta format detected
Reading fasta file: done in 5.50747e-05 secs using 85.34% CPU
Alignment most likely contains protein sequences
Alignment has 15 sequences with 119 columns, 117 distinct patterns
66 parsimony-informative, 39 singleton sites, 14 constant sites
WARNING: Some sequence names are changed as follows:
d_120_1_0+3ks0_A -> d_120_1_0_3ks0_A
d_120_1_0+4b8n_A -> d_120_1_0_4b8n_A
d_120_1_0+3lf5_A -> d_120_1_0_3lf5_A
d_120_1_1+2ibj_A -> d_120_1_1_2ibj_A
d_120_1_0+1x3x_A -> d_120_1_0_1x3x_A
d_120_1_0+2keo_A -> d_120_1_0_2keo_A
d_120_1_1+3ner_A -> d_120_1_1_3ner_A
d_120_1_1+1awp_A -> d_120_1_1_1awp_A
d_120_1_1+2i89_A -> d_120_1_1_2i89_A
d_120_1_1+3ozz_B -> d_120_1_1_3ozz_B
d_120_1_1+1do9_A -> d_120_1_1_1do9_A
d_120_1_1+1hko_A -> d_120_1_1_1hko_A
d_120_1_1+1i87_A -> d_120_1_1_1i87_A
d_120_1_1+1cxy_A -> d_120_1_1_1cxy_A
d_120_1_1+1mj4_A -> d_120_1_1_1mj4_A

                  Gap/Ambiguity  Composition  p-value
Analyzing sequences: done in 7.86781e-06 secs using 76.26% CPU
   1  d_120_1_0_3ks0_A   22.69%    passed      6.72%
   2  d_120_1_0_4b8n_A   33.61%    passed     69.12%
   3  d_120_1_0_3lf5_A   26.89%    passed     49.57%
   4  d_120_1_1_2ibj_A   27.73%    passed     61.03%
   5  d_120_1_0_1x3x_A   31.09%    passed     25.20%
   6  d_120_1_0_2keo_A   22.69%    passed     66.11%
   7  d_120_1_1_3ner_A   24.37%    passed     94.78%
   8  d_120_1_1_1awp_A   27.73%    passed     98.65%
   9  d_120_1_1_2i89_A   24.37%    passed     97.36%
  10  d_120_1_1_3ozz_B   31.09%    passed     99.98%
  11  d_120_1_1_1do9_A   21.01%    passed     95.80%
  12  d_120_1_1_1hko_A   12.61%    passed     78.09%
  13  d_120_1_1_1i87_A   21.01%    passed     97.16%
  14  d_120_1_1_1cxy_A   31.93%    passed     44.30%
  15  d_120_1_1_1mj4_A   33.61%    passed     87.92%
****  TOTAL              26.16%  0 sequences failed composition chi2 test (p-value<5%; df=19)
Reading alignment file ./Alns/crystal.tdialn ... Fasta format detected
Reading fasta file: done in 4.79221e-05 secs using 91.82% CPU
Alignment most likely contains protein sequences
Alignment has 15 sequences with 119 columns, 112 distinct patterns
63 parsimony-informative, 39 singleton sites, 17 constant sites
WARNING: Some sequence names are changed as follows:
d_120_1_0+3ks0_A -> d_120_1_0_3ks0_A
d_120_1_0+4b8n_A -> d_120_1_0_4b8n_A
d_120_1_0+3lf5_A -> d_120_1_0_3lf5_A
d_120_1_1+2ibj_A -> d_120_1_1_2ibj_A
d_120_1_0+1x3x_A -> d_120_1_0_1x3x_A
d_120_1_0+2keo_A -> d_120_1_0_2keo_A
d_120_1_1+3ner_A -> d_120_1_1_3ner_A
d_120_1_1+1awp_A -> d_120_1_1_1awp_A
d_120_1_1+2i89_A -> d_120_1_1_2i89_A
d_120_1_1+3ozz_B -> d_120_1_1_3ozz_B
d_120_1_1+1do9_A -> d_120_1_1_1do9_A
d_120_1_1+1hko_A -> d_120_1_1_1hko_A
d_120_1_1+1i87_A -> d_120_1_1_1i87_A
d_120_1_1+1cxy_A -> d_120_1_1_1cxy_A
d_120_1_1+1mj4_A -> d_120_1_1_1mj4_A

                  Gap/Ambiguity  Composition  p-value
Analyzing sequences: done in 7.15256e-06 secs using 83.89% CPU
   1  d_120_1_0_3ks0_A   22.69%    passed     86.80%
   2  d_120_1_0_4b8n_A   33.61%    passed     99.99%
   3  d_120_1_0_3lf5_A   26.89%    passed     97.04%
   4  d_120_1_1_2ibj_A   27.73%    passed     97.54%
   5  d_120_1_0_1x3x_A   31.09%    passed     99.81%
   6  d_120_1_0_2keo_A   22.69%    passed     93.48%
   7  d_120_1_1_3ner_A   24.37%    passed     99.25%
   8  d_120_1_1_1awp_A   27.73%    passed     99.84%
   9  d_120_1_1_2i89_A   24.37%    passed     98.76%
  10  d_120_1_1_3ozz_B   31.09%    passed     99.60%
  11  d_120_1_1_1do9_A   21.01%    passed     93.56%
  12  d_120_1_1_1hko_A   12.61%    passed     83.08%
  13  d_120_1_1_1i87_A   21.01%    failed      0.79%
  14  d_120_1_1_1cxy_A   31.93%    passed     95.51%
  15  d_120_1_1_1mj4_A   33.61%    passed     83.98%
****  TOTAL              26.16%  1 sequences failed composition chi2 test (p-value<5%; df=19)
Subset	Type	Seqs	Sites	Infor	Invar	Model	Name
1	AA	15	119	66	14	WAG+G4	sequence
2		15	119	63	17	/Users/mful870/Desktop/MD_3di_Dev_02Oct24/Scriptorum/SubstitutionMatrix/3di_substmat	tdi
Degree of missing data: 0.000
Info: multi-threading strategy over partitions


===> START BOOTSTRAP REPLICATE NUMBER 1

Creating bootstrap alignment (seed: 631808)...
WARNING: States(s) K, M rarely appear in partition tdi and may cause numerical problems

Create initial parsimony tree by phylogenetic likelihood library (PLL)... 0.001 seconds
Reading model parameters from file /Users/mful870/Desktop/MD_3di_Dev_02Oct24/Scriptorum/SubstitutionMatrix/3di_substmat
WARNING: Normalizing state frequencies so that sum of them equals to 1

NOTE: 1 MB RAM (0 GB) is required!
Estimate model parameters (epsilon = 0.100)
Initial log-likelihood: -4148.587
Current log-likelihood at step 1: -4063.063
Current log-likelihood at step 2: -4055.949
Current log-likelihood at step 3: -4055.921
Partition-specific rates:  1.288 0.712
Parameters optimization took 2 rounds (0.050 sec)

Wrote distance file to... 
Computing ML distances based on estimated model parameters...
Calculating distance matrix: done in 4.88758e-05 secs using 81.84% CPU
Computing ML distances took 0.000111 sec (of wall-clock time) 0.000070 sec (of CPU time)
Setting up auxiliary I and S matrices: done in 3.09944e-05 secs using 77.43% CPU
Computing RapidNJ tree took 0.000119 sec (of wall-clock time) 0.000075 sec (of CPU time)
Log-likelihood of RapidNJ tree: -4224.620
--------------------------------------------------------------------
|             INITIALIZING CANDIDATE TREE SET                      |
--------------------------------------------------------------------
Generating 98 parsimony trees... 0.134 second
Computing log-likelihood of 98 initial trees ... 0.262 seconds
Current best score: -4044.850

Do NNI search on 20 best initial trees
Estimate model parameters (epsilon = 0.100)
Initial log-likelihood: -4038.262
Current log-likelihood at step 1: -4038.236
Parameters optimization took 0 rounds (0.008 sec)

BETTER TREE FOUND at iteration 1: -4038.236
UPDATE BEST LOG-LIKELIHOOD: -4038.236
Estimate model parameters (epsilon = 0.100)
Initial log-likelihood: -4036.049
Current log-likelihood at step 1: -4035.839
Current log-likelihood at step 2: -4035.834
Parameters optimization took 1 rounds (0.029 sec)

BETTER TREE FOUND at iteration 7: -4035.834
Iteration 10 / LogL: -4045.782 / Time: 0h:0m:0s
Iteration 20 / LogL: -4049.739 / Time: 0h:0m:1s
Finish initializing candidate tree set (8)
Current best tree score: -4035.834 / CPU time: 1.114
Number of iterations: 20
--------------------------------------------------------------------
|               OPTIMIZING CANDIDATE TREE SET                      |
--------------------------------------------------------------------
Iteration 30 / LogL: -4038.454 / Time: 0h:0m:1s (0h:0m:4s left)
Iteration 40 / LogL: -4038.454 / Time: 0h:0m:2s (0h:0m:3s left)
Iteration 50 / LogL: -4056.774 / Time: 0h:0m:2s (0h:0m:2s left)
Iteration 60 / LogL: -4035.848 / Time: 0h:0m:2s (0h:0m:2s left)
Iteration 70 / LogL: -4039.087 / Time: 0h:0m:3s (0h:0m:1s left)
UPDATE BEST LOG-LIKELIHOOD: -4035.834
Iteration 80 / LogL: -4039.274 / Time: 0h:0m:3s (0h:0m:1s left)
Iteration 90 / LogL: -4039.101 / Time: 0h:0m:4s (0h:0m:0s left)
Iteration 100 / LogL: -4037.138 / Time: 0h:0m:4s (0h:0m:0s left)
UPDATE BEST LOG-LIKELIHOOD: -4035.834
TREE SEARCH COMPLETED AFTER 108 ITERATIONS / Time: 0h:0m:4s

--------------------------------------------------------------------
|                    FINALIZING TREE SEARCH                        |
--------------------------------------------------------------------
Performs final model parameters optimization
Estimate model parameters (epsilon = 0.010)
Initial log-likelihood: -4035.834
Current log-likelihood at step 1: -4035.834
Partition-specific rates:  1.302 0.698
Parameters optimization took 0 rounds (0.009 sec)

Partition information was printed to partition_file.nex.best_model.nex
BEST SCORE FOUND : -4035.834
Total tree length: 6.738

Total number of iterations: 108
CPU time used for tree search: 4.959 sec (0h:0m:4s)
Wall-clock time used for tree search: 4.834 sec (0h:0m:4s)
Total CPU time used: 5.064 sec (0h:0m:5s)
Total wall-clock time used: 4.935 sec (0h:0m:4s)

===> START BOOTSTRAP REPLICATE NUMBER 2

Creating bootstrap alignment (seed: 631809)...
WARNING: States(s) I, K, M rarely appear in partition tdi and may cause numerical problems

Create initial parsimony tree by phylogenetic likelihood library (PLL)... 0.001 seconds
Reading model parameters from file /Users/mful870/Desktop/MD_3di_Dev_02Oct24/Scriptorum/SubstitutionMatrix/3di_substmat
WARNING: Normalizing state frequencies so that sum of them equals to 1

NOTE: 1 MB RAM (0 GB) is required!
Estimate model parameters (epsilon = 0.100)
Initial log-likelihood: -4150.893
Current log-likelihood at step 1: -4052.888
Current log-likelihood at step 2: -4045.856
Current log-likelihood at step 3: -4045.845
Partition-specific rates:  1.308 0.692
Parameters optimization took 2 rounds (0.047 sec)

Wrote distance file to... 
Computing ML distances based on estimated model parameters...
Calculating distance matrix: done in 4.29153e-05 secs using 83.89% CPU
Computing ML distances took 0.000086 sec (of wall-clock time) 0.000064 sec (of CPU time)
Setting up auxiliary I and S matrices: done in 2.5034e-05 secs using 75.9% CPU
Computing RapidNJ tree took 0.000104 sec (of wall-clock time) 0.000067 sec (of CPU time)
Log-likelihood of RapidNJ tree: -4257.266
--------------------------------------------------------------------
|             INITIALIZING CANDIDATE TREE SET                      |
--------------------------------------------------------------------
Generating 98 parsimony trees... 0.122 second
Computing log-likelihood of 97 initial trees ... 0.236 seconds
Current best score: -4045.845

Do NNI search on 20 best initial trees
Estimate model parameters (epsilon = 0.100)
Initial log-likelihood: -4039.622
Current log-likelihood at step 1: -4039.560
Parameters optimization took 0 rounds (0.008 sec)

BETTER TREE FOUND at iteration 1: -4039.560
Iteration 10 / LogL: -4046.363 / Time: 0h:0m:5s
Estimate model parameters (epsilon = 0.100)
Initial log-likelihood: -4037.082
Current log-likelihood at step 1: -4037.056
Parameters optimization took 0 rounds (0.012 sec)

BETTER TREE FOUND at iteration 14: -4037.056
Iteration 20 / LogL: -4046.320 / Time: 0h:0m:6s
Finish initializing candidate tree set (6)
Current best tree score: -4037.056 / CPU time: 1.006
Number of iterations: 20
--------------------------------------------------------------------
|               OPTIMIZING CANDIDATE TREE SET                      |
--------------------------------------------------------------------
Estimate model parameters (epsilon = 0.100)
Initial log-likelihood: -4035.397
Current log-likelihood at step 1: -4035.309
Parameters optimization took 0 rounds (0.007 sec)

BETTER TREE FOUND at iteration 27: -4035.309
Iteration 30 / LogL: -4037.140 / Time: 0h:0m:6s (0h:0m:4s left)
Iteration 40 / LogL: -4037.538 / Time: 0h:0m:6s (0h:0m:3s left)
Estimate model parameters (epsilon = 0.100)
Initial log-likelihood: -4035.294
Current log-likelihood at step 1: -4035.284
Parameters optimization took 0 rounds (0.008 sec)

UPDATE BEST LOG-LIKELIHOOD: -4035.284
Iteration 50 / LogL: -4035.284 / Time: 0h:0m:7s (0h:0m:3s left)
Iteration 60 / LogL: -4037.217 / Time: 0h:0m:7s (0h:0m:2s left)
Iteration 70 / LogL: -4040.660 / Time: 0h:0m:7s (0h:0m:2s left)
Iteration 80 / LogL: -4037.693 / Time: 0h:0m:8s (0h:0m:1s left)
Iteration 90 / LogL: -4035.298 / Time: 0h:0m:8s (0h:0m:1s left)
Iteration 100 / LogL: -4037.104 / Time: 0h:0m:8s (0h:0m:1s left)
Iteration 110 / LogL: -4037.219 / Time: 0h:0m:9s (0h:0m:0s left)
Iteration 120 / LogL: -4037.218 / Time: 0h:0m:9s (0h:0m:0s left)
TREE SEARCH COMPLETED AFTER 128 ITERATIONS / Time: 0h:0m:9s

--------------------------------------------------------------------
|                    FINALIZING TREE SEARCH                        |
--------------------------------------------------------------------
Performs final model parameters optimization
Estimate model parameters (epsilon = 0.010)
Initial log-likelihood: -4035.284
Current log-likelihood at step 1: -4035.282
Partition-specific rates:  1.310 0.690
Parameters optimization took 0 rounds (0.007 sec)

Partition information was printed to partition_file.nex.best_model.nex
BEST SCORE FOUND : -4035.282
Total tree length: 6.863

Total number of iterations: 128
CPU time used for tree search: 4.993 sec (0h:0m:4s)
Wall-clock time used for tree search: 4.849 sec (0h:0m:4s)
Total CPU time used: 10.149 sec (0h:0m:10s)
Total wall-clock time used: 9.873 sec (0h:0m:9s)

===> START BOOTSTRAP REPLICATE NUMBER 3

Creating bootstrap alignment (seed: 631810)...
WARNING: States(s) K, M rarely appear in partition tdi and may cause numerical problems

Create initial parsimony tree by phylogenetic likelihood library (PLL)... 0.001 seconds
Reading model parameters from file /Users/mful870/Desktop/MD_3di_Dev_02Oct24/Scriptorum/SubstitutionMatrix/3di_substmat
WARNING: Normalizing state frequencies so that sum of them equals to 1

NOTE: 1 MB RAM (0 GB) is required!
Estimate model parameters (epsilon = 0.100)
Initial log-likelihood: -4527.817
Current log-likelihood at step 1: -4461.224
Current log-likelihood at step 2: -4458.681
Current log-likelihood at step 3: -4458.675
Partition-specific rates:  1.206 0.794
Parameters optimization took 2 rounds (0.041 sec)

Wrote distance file to... 
Computing ML distances based on estimated model parameters...
Calculating distance matrix: done in 4.50611e-05 secs using 84.33% CPU
Computing ML distances took 0.000091 sec (of wall-clock time) 0.000067 sec (of CPU time)
Setting up auxiliary I and S matrices: done in 2.69413e-05 secs using 74.24% CPU
Computing RapidNJ tree took 0.000111 sec (of wall-clock time) 0.000069 sec (of CPU time)
Log-likelihood of RapidNJ tree: -4741.995
--------------------------------------------------------------------
|             INITIALIZING CANDIDATE TREE SET                      |
--------------------------------------------------------------------
Generating 98 parsimony trees... 0.130 second
Computing log-likelihood of 98 initial trees ... 0.260 seconds
Current best score: -4454.907

Do NNI search on 20 best initial trees
Estimate model parameters (epsilon = 0.100)
Initial log-likelihood: -4451.503
Current log-likelihood at step 1: -4451.464
Parameters optimization took 0 rounds (0.013 sec)

BETTER TREE FOUND at iteration 1: -4451.464
Estimate model parameters (epsilon = 0.100)
Initial log-likelihood: -4440.947
Current log-likelihood at step 1: -4440.817
Current log-likelihood at step 2: -4440.813
Parameters optimization took 1 rounds (0.022 sec)

BETTER TREE FOUND at iteration 3: -4440.813
Iteration 10 / LogL: -4462.361 / Time: 0h:0m:10s
Iteration 20 / LogL: -4440.878 / Time: 0h:0m:11s
Finish initializing candidate tree set (12)
Current best tree score: -4440.813 / CPU time: 1.140
Number of iterations: 20
--------------------------------------------------------------------
|               OPTIMIZING CANDIDATE TREE SET                      |
--------------------------------------------------------------------
UPDATE BEST LOG-LIKELIHOOD: -4440.813
Iteration 30 / LogL: -4448.399 / Time: 0h:0m:11s (0h:0m:4s left)
UPDATE BEST LOG-LIKELIHOOD: -4440.813
Iteration 40 / LogL: -4440.866 / Time: 0h:0m:12s (0h:0m:3s left)
UPDATE BEST LOG-LIKELIHOOD: -4440.813
UPDATE BEST LOG-LIKELIHOOD: -4440.813
Iteration 50 / LogL: -4440.860 / Time: 0h:0m:12s (0h:0m:2s left)
Iteration 60 / LogL: -4440.813 / Time: 0h:0m:12s (0h:0m:2s left)
Iteration 70 / LogL: -4440.860 / Time: 0h:0m:13s (0h:0m:1s left)
Iteration 80 / LogL: -4440.814 / Time: 0h:0m:13s (0h:0m:1s left)
Iteration 90 / LogL: -4444.659 / Time: 0h:0m:14s (0h:0m:0s left)
Iteration 100 / LogL: -4444.654 / Time: 0h:0m:14s (0h:0m:0s left)
TREE SEARCH COMPLETED AFTER 104 ITERATIONS / Time: 0h:0m:14s

--------------------------------------------------------------------
|                    FINALIZING TREE SEARCH                        |
--------------------------------------------------------------------
Performs final model parameters optimization
Estimate model parameters (epsilon = 0.010)
Initial log-likelihood: -4440.813
Current log-likelihood at step 1: -4440.813
Partition-specific rates:  1.215 0.785
Parameters optimization took 0 rounds (0.008 sec)

Partition information was printed to partition_file.nex.best_model.nex
BEST SCORE FOUND : -4440.813
Total tree length: 6.750

Total number of iterations: 104
CPU time used for tree search: 4.971 sec (0h:0m:4s)
Wall-clock time used for tree search: 4.843 sec (0h:0m:4s)
Total CPU time used: 15.212 sec (0h:0m:15s)
Total wall-clock time used: 14.804 sec (0h:0m:14s)

===> START BOOTSTRAP REPLICATE NUMBER 4

Creating bootstrap alignment (seed: 631811)...
WARNING: States(s) K, M rarely appear in partition tdi and may cause numerical problems

Create initial parsimony tree by phylogenetic likelihood library (PLL)... 0.001 seconds
Reading model parameters from file /Users/mful870/Desktop/MD_3di_Dev_02Oct24/Scriptorum/SubstitutionMatrix/3di_substmat
WARNING: Normalizing state frequencies so that sum of them equals to 1

NOTE: 1 MB RAM (0 GB) is required!
Estimate model parameters (epsilon = 0.100)
Initial log-likelihood: -4326.689
Current log-likelihood at step 1: -4252.271
Current log-likelihood at step 2: -4242.037
Current log-likelihood at step 3: -4242.035
Partition-specific rates:  1.340 0.660
Parameters optimization took 2 rounds (0.045 sec)

Wrote distance file to... 
Computing ML distances based on estimated model parameters...
Calculating distance matrix: done in 5.00679e-05 secs using 85.88% CPU
Computing ML distances took 0.000101 sec (of wall-clock time) 0.000075 sec (of CPU time)
Setting up auxiliary I and S matrices: done in 2.88486e-05 secs using 79.73% CPU
Computing RapidNJ tree took 0.000145 sec (of wall-clock time) 0.000086 sec (of CPU time)
Log-likelihood of RapidNJ tree: -4439.865
--------------------------------------------------------------------
|             INITIALIZING CANDIDATE TREE SET                      |
--------------------------------------------------------------------
Generating 98 parsimony trees... 0.135 second
Computing log-likelihood of 98 initial trees ... 0.257 seconds
Current best score: -4242.035

Do NNI search on 20 best initial trees
Estimate model parameters (epsilon = 0.100)
Initial log-likelihood: -4240.683
Current log-likelihood at step 1: -4240.663
Parameters optimization took 0 rounds (0.008 sec)

BETTER TREE FOUND at iteration 1: -4240.663
Estimate model parameters (epsilon = 0.100)
Initial log-likelihood: -4237.014
Current log-likelihood at step 1: -4237.009
Parameters optimization took 0 rounds (0.008 sec)

BETTER TREE FOUND at iteration 2: -4237.009
Estimate model parameters (epsilon = 0.100)
Initial log-likelihood: -4232.380
Current log-likelihood at step 1: -4232.332
Parameters optimization took 0 rounds (0.013 sec)

BETTER TREE FOUND at iteration 3: -4232.332
Estimate model parameters (epsilon = 0.100)
Initial log-likelihood: -4230.910
Current log-likelihood at step 1: -4230.762
Current log-likelihood at step 2: -4230.757
Parameters optimization took 1 rounds (0.024 sec)

BETTER TREE FOUND at iteration 6: -4230.757
Estimate model parameters (epsilon = 0.100)
Initial log-likelihood: -4229.470
Current log-likelihood at step 1: -4229.456
Parameters optimization took 0 rounds (0.008 sec)

BETTER TREE FOUND at iteration 10: -4229.456
Iteration 10 / LogL: -4229.456 / Time: 0h:0m:15s
Iteration 20 / LogL: -4232.438 / Time: 0h:0m:16s
Finish initializing candidate tree set (12)
Current best tree score: -4229.456 / CPU time: 1.156
Number of iterations: 20
--------------------------------------------------------------------
|               OPTIMIZING CANDIDATE TREE SET                      |
--------------------------------------------------------------------
Iteration 30 / LogL: -4229.980 / Time: 0h:0m:16s (0h:0m:4s left)
Iteration 40 / LogL: -4232.477 / Time: 0h:0m:16s (0h:0m:3s left)
Iteration 50 / LogL: -4240.555 / Time: 0h:0m:17s (0h:0m:2s left)
Iteration 60 / LogL: -4229.461 / Time: 0h:0m:17s (0h:0m:2s left)
Iteration 70 / LogL: -4229.484 / Time: 0h:0m:18s (0h:0m:1s left)
Iteration 80 / LogL: -4229.574 / Time: 0h:0m:18s (0h:0m:1s left)
Iteration 90 / LogL: -4229.479 / Time: 0h:0m:18s (0h:0m:0s left)
Iteration 100 / LogL: -4229.552 / Time: 0h:0m:19s (0h:0m:0s left)
Iteration 110 / LogL: -4229.479 / Time: 0h:0m:19s (0h:0m:0s left)
TREE SEARCH COMPLETED AFTER 111 ITERATIONS / Time: 0h:0m:19s

--------------------------------------------------------------------
|                    FINALIZING TREE SEARCH                        |
--------------------------------------------------------------------
Performs final model parameters optimization
Estimate model parameters (epsilon = 0.010)
Initial log-likelihood: -4229.456
Current log-likelihood at step 1: -4229.455
Partition-specific rates:  1.332 0.668
Parameters optimization took 0 rounds (0.007 sec)

Partition information was printed to partition_file.nex.best_model.nex
BEST SCORE FOUND : -4229.455
Total tree length: 7.189

Total number of iterations: 111
CPU time used for tree search: 5.010 sec (0h:0m:5s)
Wall-clock time used for tree search: 4.859 sec (0h:0m:4s)
Total CPU time used: 20.315 sec (0h:0m:20s)
Total wall-clock time used: 19.754 sec (0h:0m:19s)

===> START BOOTSTRAP REPLICATE NUMBER 5

Creating bootstrap alignment (seed: 631812)...
WARNING: States(s) I, K, M rarely appear in partition tdi and may cause numerical problems

Create initial parsimony tree by phylogenetic likelihood library (PLL)... 0.001 seconds
Reading model parameters from file /Users/mful870/Desktop/MD_3di_Dev_02Oct24/Scriptorum/SubstitutionMatrix/3di_substmat
WARNING: Normalizing state frequencies so that sum of them equals to 1

NOTE: 1 MB RAM (0 GB) is required!
Estimate model parameters (epsilon = 0.100)
Initial log-likelihood: -4234.052
Current log-likelihood at step 1: -4164.134
Current log-likelihood at step 2: -4160.295
Current log-likelihood at step 3: -4160.293
Partition-specific rates:  1.255 0.745
Parameters optimization took 2 rounds (0.043 sec)

Wrote distance file to... 
Computing ML distances based on estimated model parameters...
Calculating distance matrix: done in 4.31538e-05 secs using 85.74% CPU
Computing ML distances took 0.000089 sec (of wall-clock time) 0.000063 sec (of CPU time)
Setting up auxiliary I and S matrices: done in 3.79086e-05 secs using 73.86% CPU
Computing RapidNJ tree took 0.000208 sec (of wall-clock time) 0.000115 sec (of CPU time)
Log-likelihood of RapidNJ tree: -4457.376
--------------------------------------------------------------------
|             INITIALIZING CANDIDATE TREE SET                      |
--------------------------------------------------------------------
Generating 98 parsimony trees... 0.119 second
Computing log-likelihood of 98 initial trees ... 0.253 seconds
Current best score: -4160.293

Do NNI search on 20 best initial trees
Estimate model parameters (epsilon = 0.100)
Initial log-likelihood: -4156.134
Current log-likelihood at step 1: -4156.102
Parameters optimization took 0 rounds (0.008 sec)

BETTER TREE FOUND at iteration 1: -4156.102
Iteration 10 / LogL: -4165.345 / Time: 0h:0m:20s
Iteration 20 / LogL: -4165.341 / Time: 0h:0m:20s
Finish initializing candidate tree set (4)
Current best tree score: -4156.102 / CPU time: 0.986
Number of iterations: 20
--------------------------------------------------------------------
|               OPTIMIZING CANDIDATE TREE SET                      |
--------------------------------------------------------------------
Iteration 30 / LogL: -4156.111 / Time: 0h:0m:21s (0h:0m:3s left)
Iteration 40 / LogL: -4156.108 / Time: 0h:0m:21s (0h:0m:3s left)
Iteration 50 / LogL: -4165.344 / Time: 0h:0m:22s (0h:0m:2s left)
Iteration 60 / LogL: -4156.120 / Time: 0h:0m:22s (0h:0m:1s left)
UPDATE BEST LOG-LIKELIHOOD: -4156.102
Iteration 70 / LogL: -4156.130 / Time: 0h:0m:22s (0h:0m:1s left)
Iteration 80 / LogL: -4156.331 / Time: 0h:0m:23s (0h:0m:0s left)
Iteration 90 / LogL: -4156.102 / Time: 0h:0m:23s (0h:0m:0s left)
Iteration 100 / LogL: -4156.103 / Time: 0h:0m:23s (0h:0m:0s left)
TREE SEARCH COMPLETED AFTER 102 ITERATIONS / Time: 0h:0m:24s

--------------------------------------------------------------------
|                    FINALIZING TREE SEARCH                        |
--------------------------------------------------------------------
Performs final model parameters optimization
Estimate model parameters (epsilon = 0.010)
Initial log-likelihood: -4156.102
Current log-likelihood at step 1: -4156.099
Partition-specific rates:  1.260 0.740
Parameters optimization took 0 rounds (0.008 sec)

Partition information was printed to partition_file.nex.best_model.nex
BEST SCORE FOUND : -4156.099
Total tree length: 6.588

Total number of iterations: 102
CPU time used for tree search: 4.365 sec (0h:0m:4s)
Wall-clock time used for tree search: 4.219 sec (0h:0m:4s)
Total CPU time used: 24.791 sec (0h:0m:24s)
Total wall-clock time used: 24.073 sec (0h:0m:24s)

===> START BOOTSTRAP REPLICATE NUMBER 6

Creating bootstrap alignment (seed: 631813)...
WARNING: States(s) K, M rarely appear in partition tdi and may cause numerical problems

Create initial parsimony tree by phylogenetic likelihood library (PLL)... 0.001 seconds
Reading model parameters from file /Users/mful870/Desktop/MD_3di_Dev_02Oct24/Scriptorum/SubstitutionMatrix/3di_substmat
WARNING: Normalizing state frequencies so that sum of them equals to 1

NOTE: 1 MB RAM (0 GB) is required!
Estimate model parameters (epsilon = 0.100)
Initial log-likelihood: -4320.486
Current log-likelihood at step 1: -4236.094
Current log-likelihood at step 2: -4232.071
Current log-likelihood at step 3: -4232.060
Partition-specific rates:  1.179 0.821
Parameters optimization took 2 rounds (0.045 sec)

Wrote distance file to... 
Computing ML distances based on estimated model parameters...
Calculating distance matrix: done in 4.19617e-05 secs using 83.41% CPU
Computing ML distances took 0.000084 sec (of wall-clock time) 0.000063 sec (of CPU time)
Setting up auxiliary I and S matrices: done in 2.6226e-05 secs using 76.26% CPU
Computing RapidNJ tree took 0.000111 sec (of wall-clock time) 0.000069 sec (of CPU time)
Log-likelihood of RapidNJ tree: -4400.572
--------------------------------------------------------------------
|             INITIALIZING CANDIDATE TREE SET                      |
--------------------------------------------------------------------
Generating 98 parsimony trees... 0.113 second
Computing log-likelihood of 98 initial trees ... 0.240 seconds
Current best score: -4186.597

Do NNI search on 20 best initial trees
Estimate model parameters (epsilon = 0.100)
Initial log-likelihood: -4181.025
Current log-likelihood at step 1: -4180.974
Parameters optimization took 0 rounds (0.008 sec)

BETTER TREE FOUND at iteration 1: -4180.974
Estimate model parameters (epsilon = 0.100)
Initial log-likelihood: -4169.904
Current log-likelihood at step 1: -4169.687
Current log-likelihood at step 2: -4169.683
Parameters optimization took 1 rounds (0.022 sec)

BETTER TREE FOUND at iteration 6: -4169.683
Iteration 10 / LogL: -4181.179 / Time: 0h:0m:24s
Iteration 20 / LogL: -4184.322 / Time: 0h:0m:25s
Finish initializing candidate tree set (13)
Current best tree score: -4169.683 / CPU time: 0.979
Number of iterations: 20
--------------------------------------------------------------------
|               OPTIMIZING CANDIDATE TREE SET                      |
--------------------------------------------------------------------
Iteration 30 / LogL: -4181.005 / Time: 0h:0m:25s (0h:0m:3s left)
Iteration 40 / LogL: -4184.281 / Time: 0h:0m:25s (0h:0m:2s left)
Iteration 50 / LogL: -4183.759 / Time: 0h:0m:26s (0h:0m:2s left)
Iteration 60 / LogL: -4181.011 / Time: 0h:0m:26s (0h:0m:1s left)
Iteration 70 / LogL: -4181.165 / Time: 0h:0m:26s (0h:0m:1s left)
Iteration 80 / LogL: -4215.942 / Time: 0h:0m:27s (0h:0m:0s left)
Iteration 90 / LogL: -4169.711 / Time: 0h:0m:27s (0h:0m:0s left)
Iteration 100 / LogL: -4183.821 / Time: 0h:0m:27s (0h:0m:0s left)
TREE SEARCH COMPLETED AFTER 107 ITERATIONS / Time: 0h:0m:28s

--------------------------------------------------------------------
|                    FINALIZING TREE SEARCH                        |
--------------------------------------------------------------------
Performs final model parameters optimization
Estimate model parameters (epsilon = 0.010)
Initial log-likelihood: -4169.683
Current log-likelihood at step 1: -4169.683
Partition-specific rates:  1.209 0.791
Parameters optimization took 0 rounds (0.007 sec)

Partition information was printed to partition_file.nex.best_model.nex
BEST SCORE FOUND : -4169.683
Total tree length: 6.783

Total number of iterations: 107
CPU time used for tree search: 4.018 sec (0h:0m:4s)
Wall-clock time used for tree search: 3.866 sec (0h:0m:3s)
Total CPU time used: 28.903 sec (0h:0m:28s)
Total wall-clock time used: 28.029 sec (0h:0m:28s)

===> START BOOTSTRAP REPLICATE NUMBER 7

Creating bootstrap alignment (seed: 631814)...
WARNING: States(s) K, M rarely appear in partition tdi and may cause numerical problems

Create initial parsimony tree by phylogenetic likelihood library (PLL)... 0.001 seconds
Reading model parameters from file /Users/mful870/Desktop/MD_3di_Dev_02Oct24/Scriptorum/SubstitutionMatrix/3di_substmat
WARNING: Normalizing state frequencies so that sum of them equals to 1

NOTE: 1 MB RAM (0 GB) is required!
Estimate model parameters (epsilon = 0.100)
Initial log-likelihood: -4494.488
Current log-likelihood at step 1: -4407.740
Current log-likelihood at step 2: -4404.495
Current log-likelihood at step 3: -4404.491
Partition-specific rates:  1.300 0.700
Parameters optimization took 2 rounds (0.045 sec)

Wrote distance file to... 
Computing ML distances based on estimated model parameters...
Calculating distance matrix: done in 4.29153e-05 secs using 83.89% CPU
Computing ML distances took 0.000083 sec (of wall-clock time) 0.000062 sec (of CPU time)
Setting up auxiliary I and S matrices: done in 2.69413e-05 secs using 77.95% CPU
Computing RapidNJ tree took 0.000119 sec (of wall-clock time) 0.000071 sec (of CPU time)
Log-likelihood of RapidNJ tree: -4593.446
--------------------------------------------------------------------
|             INITIALIZING CANDIDATE TREE SET                      |
--------------------------------------------------------------------
Generating 98 parsimony trees... 0.130 second
Computing log-likelihood of 98 initial trees ... 0.264 seconds
Current best score: -4380.960

Do NNI search on 20 best initial trees
Estimate model parameters (epsilon = 0.100)
Initial log-likelihood: -4369.451
Current log-likelihood at step 1: -4369.431
Parameters optimization took 0 rounds (0.009 sec)

BETTER TREE FOUND at iteration 1: -4369.431
Estimate model parameters (epsilon = 0.100)
Initial log-likelihood: -4365.692
Current log-likelihood at step 1: -4365.625
Parameters optimization took 0 rounds (0.013 sec)

BETTER TREE FOUND at iteration 2: -4365.625
Iteration 10 / LogL: -4377.600 / Time: 0h:0m:28s
Iteration 20 / LogL: -4368.418 / Time: 0h:0m:29s
Finish initializing candidate tree set (11)
Current best tree score: -4365.625 / CPU time: 1.246
Number of iterations: 20
--------------------------------------------------------------------
|               OPTIMIZING CANDIDATE TREE SET                      |
--------------------------------------------------------------------
Estimate model parameters (epsilon = 0.100)
Initial log-likelihood: -4362.005
Current log-likelihood at step 1: -4361.736
Current log-likelihood at step 2: -4361.731
Parameters optimization took 1 rounds (0.019 sec)

BETTER TREE FOUND at iteration 21: -4361.731
Iteration 30 / LogL: -4365.631 / Time: 0h:0m:29s (0h:0m:5s left)
Iteration 40 / LogL: -4361.733 / Time: 0h:0m:30s (0h:0m:4s left)
Iteration 50 / LogL: -4365.780 / Time: 0h:0m:30s (0h:0m:3s left)
Iteration 60 / LogL: -4361.741 / Time: 0h:0m:31s (0h:0m:3s left)
Iteration 70 / LogL: -4362.117 / Time: 0h:0m:31s (0h:0m:2s left)
Iteration 80 / LogL: -4365.789 / Time: 0h:0m:31s (0h:0m:1s left)
UPDATE BEST LOG-LIKELIHOOD: -4361.731
Iteration 90 / LogL: -4361.734 / Time: 0h:0m:32s (0h:0m:1s left)
Iteration 100 / LogL: -4361.817 / Time: 0h:0m:32s (0h:0m:1s left)
Iteration 110 / LogL: -4365.431 / Time: 0h:0m:33s (0h:0m:0s left)
Iteration 120 / LogL: -4361.778 / Time: 0h:0m:33s (0h:0m:0s left)
TREE SEARCH COMPLETED AFTER 122 ITERATIONS / Time: 0h:0m:33s

--------------------------------------------------------------------
|                    FINALIZING TREE SEARCH                        |
--------------------------------------------------------------------
Performs final model parameters optimization
Estimate model parameters (epsilon = 0.010)
Initial log-likelihood: -4361.731
Current log-likelihood at step 1: -4361.730
Partition-specific rates:  1.302 0.698
Parameters optimization took 0 rounds (0.008 sec)

Partition information was printed to partition_file.nex.best_model.nex
BEST SCORE FOUND : -4361.730
Total tree length: 6.665

Total number of iterations: 122
CPU time used for tree search: 5.763 sec (0h:0m:5s)
Wall-clock time used for tree search: 5.636 sec (0h:0m:5s)
Total CPU time used: 34.768 sec (0h:0m:34s)
Total wall-clock time used: 33.760 sec (0h:0m:33s)

===> START BOOTSTRAP REPLICATE NUMBER 8

Creating bootstrap alignment (seed: 631815)...
WARNING: States(s) I, K, M rarely appear in partition tdi and may cause numerical problems

Create initial parsimony tree by phylogenetic likelihood library (PLL)... 0.001 seconds
Reading model parameters from file /Users/mful870/Desktop/MD_3di_Dev_02Oct24/Scriptorum/SubstitutionMatrix/3di_substmat
WARNING: Normalizing state frequencies so that sum of them equals to 1

NOTE: 1 MB RAM (0 GB) is required!
Estimate model parameters (epsilon = 0.100)
Initial log-likelihood: -4369.102
Current log-likelihood at step 1: -4272.750
Current log-likelihood at step 2: -4269.229
Current log-likelihood at step 3: -4269.226
Partition-specific rates:  1.237 0.763
Parameters optimization took 2 rounds (0.040 sec)

Wrote distance file to... 
Computing ML distances based on estimated model parameters...
Calculating distance matrix: done in 4.1008e-05 secs using 87.79% CPU
Computing ML distances took 0.000084 sec (of wall-clock time) 0.000062 sec (of CPU time)
Setting up auxiliary I and S matrices: done in 2.59876e-05 secs using 76.96% CPU
Computing RapidNJ tree took 0.000126 sec (of wall-clock time) 0.000081 sec (of CPU time)
Log-likelihood of RapidNJ tree: -4544.325
--------------------------------------------------------------------
|             INITIALIZING CANDIDATE TREE SET                      |
--------------------------------------------------------------------
Generating 98 parsimony trees... 0.136 second
Computing log-likelihood of 98 initial trees ... 0.246 seconds
Current best score: -4269.226

Do NNI search on 20 best initial trees
Estimate model parameters (epsilon = 0.100)
Initial log-likelihood: -4263.207
Current log-likelihood at step 1: -4263.060
Current log-likelihood at step 2: -4263.053
Parameters optimization took 1 rounds (0.021 sec)

BETTER TREE FOUND at iteration 1: -4263.053
Iteration 10 / LogL: -4267.734 / Time: 0h:0m:34s
Iteration 20 / LogL: -4263.109 / Time: 0h:0m:35s
Finish initializing candidate tree set (6)
Current best tree score: -4263.053 / CPU time: 1.393
Number of iterations: 20
--------------------------------------------------------------------
|               OPTIMIZING CANDIDATE TREE SET                      |
--------------------------------------------------------------------
UPDATE BEST LOG-LIKELIHOOD: -4263.052
Iteration 30 / LogL: -4263.459 / Time: 0h:0m:35s (0h:0m:4s left)
BETTER TREE FOUND at iteration 39: -4263.052
Iteration 40 / LogL: -4268.695 / Time: 0h:0m:36s (0h:0m:6s left)
UPDATE BEST LOG-LIKELIHOOD: -4263.051
UPDATE BEST LOG-LIKELIHOOD: -4263.051
Iteration 50 / LogL: -4263.052 / Time: 0h:0m:36s (0h:0m:5s left)
Iteration 60 / LogL: -4268.328 / Time: 0h:0m:37s (0h:0m:4s left)
Iteration 70 / LogL: -4267.730 / Time: 0h:0m:37s (0h:0m:3s left)
Iteration 80 / LogL: -4263.053 / Time: 0h:0m:38s (0h:0m:3s left)
UPDATE BEST LOG-LIKELIHOOD: -4263.051
Iteration 90 / LogL: -4268.322 / Time: 0h:0m:38s (0h:0m:2s left)
Iteration 100 / LogL: -4263.112 / Time: 0h:0m:38s (0h:0m:2s left)
Iteration 110 / LogL: -4263.061 / Time: 0h:0m:39s (0h:0m:1s left)
Iteration 120 / LogL: -4263.459 / Time: 0h:0m:39s (0h:0m:0s left)
UPDATE BEST LOG-LIKELIHOOD: -4263.051
Iteration 130 / LogL: -4263.052 / Time: 0h:0m:40s (0h:0m:0s left)
Iteration 140 / LogL: -4263.052 / Time: 0h:0m:40s (0h:0m:-1s left)
TREE SEARCH COMPLETED AFTER 140 ITERATIONS / Time: 0h:0m:40s

--------------------------------------------------------------------
|                    FINALIZING TREE SEARCH                        |
--------------------------------------------------------------------
Performs final model parameters optimization
Estimate model parameters (epsilon = 0.010)
Initial log-likelihood: -4263.051
Current log-likelihood at step 1: -4263.051
Partition-specific rates:  1.255 0.745
Parameters optimization took 0 rounds (0.007 sec)

Partition information was printed to partition_file.nex.best_model.nex
BEST SCORE FOUND : -4263.051
Total tree length: 6.823

Total number of iterations: 140
CPU time used for tree search: 7.049 sec (0h:0m:7s)
Wall-clock time used for tree search: 6.936 sec (0h:0m:6s)
Total CPU time used: 41.906 sec (0h:0m:41s)
Total wall-clock time used: 40.782 sec (0h:0m:40s)

===> START BOOTSTRAP REPLICATE NUMBER 9

Creating bootstrap alignment (seed: 631816)...
WARNING: States(s) K, M rarely appear in partition tdi and may cause numerical problems

Create initial parsimony tree by phylogenetic likelihood library (PLL)... 0.001 seconds
Reading model parameters from file /Users/mful870/Desktop/MD_3di_Dev_02Oct24/Scriptorum/SubstitutionMatrix/3di_substmat
WARNING: Normalizing state frequencies so that sum of them equals to 1

NOTE: 1 MB RAM (0 GB) is required!
Estimate model parameters (epsilon = 0.100)
Initial log-likelihood: -4103.366
Current log-likelihood at step 1: -4038.195
Current log-likelihood at step 2: -4034.042
Current log-likelihood at step 3: -4034.010
Partition-specific rates:  1.236 0.764
Parameters optimization took 2 rounds (0.041 sec)

Wrote distance file to... 
Computing ML distances based on estimated model parameters...
Calculating distance matrix: done in 4.3869e-05 secs using 84.34% CPU
Computing ML distances took 0.000091 sec (of wall-clock time) 0.000065 sec (of CPU time)
Setting up auxiliary I and S matrices: done in 3.19481e-05 secs using 78.25% CPU
Computing RapidNJ tree took 0.000130 sec (of wall-clock time) 0.000077 sec (of CPU time)
Log-likelihood of RapidNJ tree: -4209.055
--------------------------------------------------------------------
|             INITIALIZING CANDIDATE TREE SET                      |
--------------------------------------------------------------------
Generating 98 parsimony trees... 0.127 second
Computing log-likelihood of 98 initial trees ... 0.247 seconds
Current best score: -4025.687

Do NNI search on 20 best initial trees
Estimate model parameters (epsilon = 0.100)
Initial log-likelihood: -4019.395
Current log-likelihood at step 1: -4019.235
Current log-likelihood at step 2: -4019.230
Parameters optimization took 1 rounds (0.022 sec)

BETTER TREE FOUND at iteration 1: -4019.230
Estimate model parameters (epsilon = 0.100)
Initial log-likelihood: -4019.171
Current log-likelihood at step 1: -4019.127
Parameters optimization took 0 rounds (0.013 sec)

BETTER TREE FOUND at iteration 2: -4019.127
Estimate model parameters (epsilon = 0.100)
Initial log-likelihood: -4016.438
Current log-likelihood at step 1: -4016.354
Parameters optimization took 0 rounds (0.012 sec)

BETTER TREE FOUND at iteration 5: -4016.354
UPDATE BEST LOG-LIKELIHOOD: -4016.354
Iteration 10 / LogL: -4019.220 / Time: 0h:0m:41s
Iteration 20 / LogL: -4016.360 / Time: 0h:0m:42s
Finish initializing candidate tree set (4)
Current best tree score: -4016.354 / CPU time: 1.153
Number of iterations: 20
--------------------------------------------------------------------
|               OPTIMIZING CANDIDATE TREE SET                      |
--------------------------------------------------------------------
Iteration 30 / LogL: -4016.386 / Time: 0h:0m:42s (0h:0m:4s left)
Iteration 40 / LogL: -4016.357 / Time: 0h:0m:42s (0h:0m:3s left)
Iteration 50 / LogL: -4019.277 / Time: 0h:0m:43s (0h:0m:2s left)
UPDATE BEST LOG-LIKELIHOOD: -4016.354
Iteration 60 / LogL: -4016.355 / Time: 0h:0m:43s (0h:0m:2s left)
Iteration 70 / LogL: -4018.804 / Time: 0h:0m:44s (0h:0m:1s left)
UPDATE BEST LOG-LIKELIHOOD: -4016.354
Iteration 80 / LogL: -4019.221 / Time: 0h:0m:44s (0h:0m:1s left)
Iteration 90 / LogL: -4019.078 / Time: 0h:0m:44s (0h:0m:0s left)
Iteration 100 / LogL: -4019.431 / Time: 0h:0m:45s (0h:0m:0s left)
TREE SEARCH COMPLETED AFTER 106 ITERATIONS / Time: 0h:0m:45s

--------------------------------------------------------------------
|                    FINALIZING TREE SEARCH                        |
--------------------------------------------------------------------
Performs final model parameters optimization
Estimate model parameters (epsilon = 0.010)
Initial log-likelihood: -4016.354
Current log-likelihood at step 1: -4016.353
Partition-specific rates:  1.251 0.749
Parameters optimization took 0 rounds (0.008 sec)

Partition information was printed to partition_file.nex.best_model.nex
BEST SCORE FOUND : -4016.353
Total tree length: 5.914

Total number of iterations: 106
CPU time used for tree search: 4.880 sec (0h:0m:4s)
Wall-clock time used for tree search: 4.728 sec (0h:0m:4s)
Total CPU time used: 46.870 sec (0h:0m:46s)
Total wall-clock time used: 45.595 sec (0h:0m:45s)

===> START BOOTSTRAP REPLICATE NUMBER 10

Creating bootstrap alignment (seed: 631817)...
WARNING: States(s) K, M rarely appear in partition tdi and may cause numerical problems

Create initial parsimony tree by phylogenetic likelihood library (PLL)... 0.001 seconds
Reading model parameters from file /Users/mful870/Desktop/MD_3di_Dev_02Oct24/Scriptorum/SubstitutionMatrix/3di_substmat
WARNING: Normalizing state frequencies so that sum of them equals to 1

NOTE: 1 MB RAM (0 GB) is required!
Estimate model parameters (epsilon = 0.100)
Initial log-likelihood: -4131.867
Current log-likelihood at step 1: -4055.429
Current log-likelihood at step 2: -4046.543
Current log-likelihood at step 3: -4046.534
Partition-specific rates:  1.323 0.677
Parameters optimization took 2 rounds (0.047 sec)

Wrote distance file to... 
Computing ML distances based on estimated model parameters...
Calculating distance matrix: done in 4.29153e-05 secs using 86.22% CPU
Computing ML distances took 0.000087 sec (of wall-clock time) 0.000064 sec (of CPU time)
Setting up auxiliary I and S matrices: done in 2.81334e-05 secs using 78.2% CPU
Computing RapidNJ tree took 0.000110 sec (of wall-clock time) 0.000070 sec (of CPU time)
Log-likelihood of RapidNJ tree: -4237.276
--------------------------------------------------------------------
|             INITIALIZING CANDIDATE TREE SET                      |
--------------------------------------------------------------------
Generating 98 parsimony trees... 0.127 second
Computing log-likelihood of 98 initial trees ... 0.251 seconds
Current best score: -4046.534

Do NNI search on 20 best initial trees
Estimate model parameters (epsilon = 0.100)
Initial log-likelihood: -4046.290
Current log-likelihood at step 1: -4046.254
Parameters optimization took 0 rounds (0.008 sec)

BETTER TREE FOUND at iteration 1: -4046.254
Estimate model parameters (epsilon = 0.100)
Initial log-likelihood: -4045.006
Current log-likelihood at step 1: -4044.871
Current log-likelihood at step 2: -4044.849
Parameters optimization took 1 rounds (0.016 sec)

BETTER TREE FOUND at iteration 2: -4044.849
Estimate model parameters (epsilon = 0.100)
Initial log-likelihood: -4043.860
Current log-likelihood at step 1: -4043.748
Current log-likelihood at step 2: -4043.736
Parameters optimization took 1 rounds (0.021 sec)

BETTER TREE FOUND at iteration 3: -4043.736
Estimate model parameters (epsilon = 0.100)
Initial log-likelihood: -4029.607
Current log-likelihood at step 1: -4029.479
Current log-likelihood at step 2: -4029.464
Parameters optimization took 1 rounds (0.020 sec)

BETTER TREE FOUND at iteration 6: -4029.464
Iteration 10 / LogL: -4043.819 / Time: 0h:0m:46s
Iteration 20 / LogL: -4042.693 / Time: 0h:0m:46s
Finish initializing candidate tree set (10)
Current best tree score: -4029.464 / CPU time: 1.268
Number of iterations: 20
--------------------------------------------------------------------
|               OPTIMIZING CANDIDATE TREE SET                      |
--------------------------------------------------------------------
Iteration 30 / LogL: -4029.477 / Time: 0h:0m:47s (0h:0m:4s left)
Estimate model parameters (epsilon = 0.100)
Initial log-likelihood: -4029.273
Current log-likelihood at step 1: -4029.247
Parameters optimization took 0 rounds (0.008 sec)

BETTER TREE FOUND at iteration 31: -4029.247
Iteration 40 / LogL: -4029.261 / Time: 0h:0m:47s (0h:0m:4s left)
Iteration 50 / LogL: -4029.588 / Time: 0h:0m:48s (0h:0m:4s left)
Iteration 60 / LogL: -4029.606 / Time: 0h:0m:48s (0h:0m:3s left)
Iteration 70 / LogL: -4032.342 / Time: 0h:0m:48s (0h:0m:2s left)
Iteration 80 / LogL: -4029.486 / Time: 0h:0m:49s (0h:0m:2s left)
Iteration 90 / LogL: -4029.483 / Time: 0h:0m:49s (0h:0m:1s left)
Iteration 100 / LogL: -4029.308 / Time: 0h:0m:50s (0h:0m:1s left)
Iteration 110 / LogL: -4029.258 / Time: 0h:0m:50s (0h:0m:0s left)
Iteration 120 / LogL: -4029.610 / Time: 0h:0m:50s (0h:0m:0s left)
Iteration 130 / LogL: -4029.607 / Time: 0h:0m:50s (0h:0m:0s left)
TREE SEARCH COMPLETED AFTER 132 ITERATIONS / Time: 0h:0m:51s

--------------------------------------------------------------------
|                    FINALIZING TREE SEARCH                        |
--------------------------------------------------------------------
Performs final model parameters optimization
Estimate model parameters (epsilon = 0.010)
Initial log-likelihood: -4029.247
Current log-likelihood at step 1: -4029.246
Partition-specific rates:  1.309 0.691
Parameters optimization took 0 rounds (0.008 sec)

Partition information was printed to partition_file.nex.best_model.nex
BEST SCORE FOUND : -4029.246
Total tree length: 6.818

Total number of iterations: 132
CPU time used for tree search: 5.512 sec (0h:0m:5s)
Wall-clock time used for tree search: 5.362 sec (0h:0m:5s)
Total CPU time used: 52.474 sec (0h:0m:52s)
Total wall-clock time used: 51.046 sec (0h:0m:51s)

===> START BOOTSTRAP REPLICATE NUMBER 11

Creating bootstrap alignment (seed: 631818)...
WARNING: States(s) K, M rarely appear in partition tdi and may cause numerical problems

Create initial parsimony tree by phylogenetic likelihood library (PLL)... 0.001 seconds
Reading model parameters from file /Users/mful870/Desktop/MD_3di_Dev_02Oct24/Scriptorum/SubstitutionMatrix/3di_substmat
WARNING: Normalizing state frequencies so that sum of them equals to 1

NOTE: 1 MB RAM (0 GB) is required!
Estimate model parameters (epsilon = 0.100)
Initial log-likelihood: -4331.207
Current log-likelihood at step 1: -4246.182
Current log-likelihood at step 2: -4241.516
Current log-likelihood at step 3: -4241.504
Partition-specific rates:  1.289 0.711
Parameters optimization took 2 rounds (0.048 sec)

Wrote distance file to... 
Computing ML distances based on estimated model parameters...
Calculating distance matrix: done in 4.19617e-05 secs using 85.79% CPU
Computing ML distances took 0.000085 sec (of wall-clock time) 0.000063 sec (of CPU time)
Setting up auxiliary I and S matrices: done in 2.69413e-05 secs using 77.95% CPU
Computing RapidNJ tree took 0.000109 sec (of wall-clock time) 0.000069 sec (of CPU time)
Log-likelihood of RapidNJ tree: -4452.762
--------------------------------------------------------------------
|             INITIALIZING CANDIDATE TREE SET                      |
--------------------------------------------------------------------
Generating 98 parsimony trees... 0.109 second
Computing log-likelihood of 98 initial trees ... 0.254 seconds
Current best score: -4232.413

Do NNI search on 20 best initial trees
Estimate model parameters (epsilon = 0.100)
Initial log-likelihood: -4225.614
Current log-likelihood at step 1: -4225.429
Current log-likelihood at step 2: -4225.425
Parameters optimization took 1 rounds (0.021 sec)

BETTER TREE FOUND at iteration 1: -4225.425
Estimate model parameters (epsilon = 0.100)
Initial log-likelihood: -4221.381
Current log-likelihood at step 1: -4221.093
Current log-likelihood at step 2: -4221.085
Parameters optimization took 1 rounds (0.025 sec)

BETTER TREE FOUND at iteration 2: -4221.085
Iteration 10 / LogL: -4222.695 / Time: 0h:0m:51s
Iteration 20 / LogL: -4222.722 / Time: 0h:0m:52s
Finish initializing candidate tree set (9)
Current best tree score: -4221.085 / CPU time: 1.171
Number of iterations: 20
--------------------------------------------------------------------
|               OPTIMIZING CANDIDATE TREE SET                      |
--------------------------------------------------------------------
Iteration 30 / LogL: -4225.619 / Time: 0h:0m:52s (0h:0m:4s left)
Iteration 40 / LogL: -4222.694 / Time: 0h:0m:53s (0h:0m:3s left)
Iteration 50 / LogL: -4222.637 / Time: 0h:0m:53s (0h:0m:2s left)
Iteration 60 / LogL: -4221.237 / Time: 0h:0m:53s (0h:0m:1s left)
UPDATE BEST LOG-LIKELIHOOD: -4221.084
Iteration 70 / LogL: -4221.179 / Time: 0h:0m:54s (0h:0m:1s left)
Estimate model parameters (epsilon = 0.100)
Initial log-likelihood: -4221.046
Current log-likelihood at step 1: -4220.971
Parameters optimization took 0 rounds (0.011 sec)

UPDATE BEST LOG-LIKELIHOOD: -4220.971
Iteration 80 / LogL: -4221.000 / Time: 0h:0m:54s (0h:0m:1s left)
Iteration 90 / LogL: -4221.014 / Time: 0h:0m:55s (0h:0m:0s left)
Iteration 100 / LogL: -4222.772 / Time: 0h:0m:55s (0h:0m:0s left)
TREE SEARCH COMPLETED AFTER 103 ITERATIONS / Time: 0h:0m:55s

--------------------------------------------------------------------
|                    FINALIZING TREE SEARCH                        |
--------------------------------------------------------------------
Performs final model parameters optimization
Estimate model parameters (epsilon = 0.010)
Initial log-likelihood: -4220.971
Current log-likelihood at step 1: -4220.967
Partition-specific rates:  1.293 0.707
Parameters optimization took 0 rounds (0.008 sec)

Partition information was printed to partition_file.nex.best_model.nex
BEST SCORE FOUND : -4220.967
Total tree length: 6.659

Total number of iterations: 103
CPU time used for tree search: 4.514 sec (0h:0m:4s)
Wall-clock time used for tree search: 4.367 sec (0h:0m:4s)
Total CPU time used: 57.087 sec (0h:0m:57s)
Total wall-clock time used: 55.506 sec (0h:0m:55s)

===> START BOOTSTRAP REPLICATE NUMBER 12

Creating bootstrap alignment (seed: 631819)...
WARNING: States(s) K, M rarely appear in partition tdi and may cause numerical problems

Create initial parsimony tree by phylogenetic likelihood library (PLL)... 0.002 seconds
Reading model parameters from file /Users/mful870/Desktop/MD_3di_Dev_02Oct24/Scriptorum/SubstitutionMatrix/3di_substmat
WARNING: Normalizing state frequencies so that sum of them equals to 1

NOTE: 1 MB RAM (0 GB) is required!
Estimate model parameters (epsilon = 0.100)
Initial log-likelihood: -4155.904
Current log-likelihood at step 1: -4076.705
Current log-likelihood at step 2: -4072.985
Current log-likelihood at step 3: -4072.951
Partition-specific rates:  1.283 0.717
Parameters optimization took 2 rounds (0.066 sec)

Wrote distance file to... 
Computing ML distances based on estimated model parameters...
Calculating distance matrix: done in 4.19617e-05 secs using 83.41% CPU
Computing ML distances took 0.000080 sec (of wall-clock time) 0.000061 sec (of CPU time)
Setting up auxiliary I and S matrices: done in 4.1008e-05 secs using 75.6% CPU
Computing RapidNJ tree took 0.000168 sec (of wall-clock time) 0.000107 sec (of CPU time)
Log-likelihood of RapidNJ tree: -4272.517
--------------------------------------------------------------------
|             INITIALIZING CANDIDATE TREE SET                      |
--------------------------------------------------------------------
Generating 98 parsimony trees... 0.138 second
Computing log-likelihood of 98 initial trees ... 0.263 seconds
Current best score: -4072.951

Do NNI search on 20 best initial trees
Estimate model parameters (epsilon = 0.100)
Initial log-likelihood: -4064.782
Current log-likelihood at step 1: -4064.739
Parameters optimization took 0 rounds (0.013 sec)

BETTER TREE FOUND at iteration 1: -4064.739
Estimate model parameters (epsilon = 0.100)
Initial log-likelihood: -4063.023
Current log-likelihood at step 1: -4062.702
Current log-likelihood at step 2: -4062.700
Parameters optimization took 1 rounds (0.024 sec)

BETTER TREE FOUND at iteration 3: -4062.700
Estimate model parameters (epsilon = 0.100)
Initial log-likelihood: -4062.212
Current log-likelihood at step 1: -4062.207
Parameters optimization took 0 rounds (0.009 sec)

BETTER TREE FOUND at iteration 9: -4062.207
Iteration 10 / LogL: -4062.713 / Time: 0h:0m:56s
Iteration 20 / LogL: -4062.738 / Time: 0h:0m:56s
Finish initializing candidate tree set (4)
Current best tree score: -4062.207 / CPU time: 1.029
Number of iterations: 20
--------------------------------------------------------------------
|               OPTIMIZING CANDIDATE TREE SET                      |
--------------------------------------------------------------------
Iteration 30 / LogL: -4064.918 / Time: 0h:0m:56s (0h:0m:4s left)
Iteration 40 / LogL: -4064.764 / Time: 0h:0m:57s (0h:0m:3s left)
Iteration 50 / LogL: -4062.728 / Time: 0h:0m:57s (0h:0m:2s left)
Iteration 60 / LogL: -4062.772 / Time: 0h:0m:58s (0h:0m:2s left)
Iteration 70 / LogL: -4062.713 / Time: 0h:0m:58s (0h:0m:1s left)
Iteration 80 / LogL: -4064.764 / Time: 0h:0m:58s (0h:0m:1s left)
Iteration 90 / LogL: -4079.559 / Time: 0h:0m:59s (0h:0m:0s left)
Iteration 100 / LogL: -4072.701 / Time: 0h:0m:59s (0h:0m:0s left)
Iteration 110 / LogL: -4062.234 / Time: 0h:1m:0s (0h:0m:-1s left)
TREE SEARCH COMPLETED AFTER 110 ITERATIONS / Time: 0h:1m:0s

--------------------------------------------------------------------
|                    FINALIZING TREE SEARCH                        |
--------------------------------------------------------------------
Performs final model parameters optimization
Estimate model parameters (epsilon = 0.010)
Initial log-likelihood: -4062.207
Current log-likelihood at step 1: -4062.207
Partition-specific rates:  1.279 0.721
Parameters optimization took 0 rounds (0.008 sec)

Partition information was printed to partition_file.nex.best_model.nex
BEST SCORE FOUND : -4062.207
Total tree length: 6.728

Total number of iterations: 110
CPU time used for tree search: 4.529 sec (0h:0m:4s)
Wall-clock time used for tree search: 4.400 sec (0h:0m:4s)
Total CPU time used: 61.734 sec (0h:1m:1s)
Total wall-clock time used: 60.017 sec (0h:1m:0s)

===> START BOOTSTRAP REPLICATE NUMBER 13

Creating bootstrap alignment (seed: 631820)...
WARNING: States(s) K, M rarely appear in partition tdi and may cause numerical problems

Create initial parsimony tree by phylogenetic likelihood library (PLL)... 0.001 seconds
Reading model parameters from file /Users/mful870/Desktop/MD_3di_Dev_02Oct24/Scriptorum/SubstitutionMatrix/3di_substmat
WARNING: Normalizing state frequencies so that sum of them equals to 1

NOTE: 1 MB RAM (0 GB) is required!
Estimate model parameters (epsilon = 0.100)
Initial log-likelihood: -4311.971
Current log-likelihood at step 1: -4237.352
Current log-likelihood at step 2: -4234.676
Current log-likelihood at step 3: -4234.647
Partition-specific rates:  1.236 0.764
Parameters optimization took 2 rounds (0.050 sec)

Wrote distance file to... 
Computing ML distances based on estimated model parameters...
Calculating distance matrix: done in 4.19617e-05 secs using 85.79% CPU
Computing ML distances took 0.000085 sec (of wall-clock time) 0.000063 sec (of CPU time)
Setting up auxiliary I and S matrices: done in 2.47955e-05 secs using 76.63% CPU
Computing RapidNJ tree took 0.000103 sec (of wall-clock time) 0.000066 sec (of CPU time)
Log-likelihood of RapidNJ tree: -4344.285
--------------------------------------------------------------------
|             INITIALIZING CANDIDATE TREE SET                      |
--------------------------------------------------------------------
Generating 98 parsimony trees... 0.137 second
Computing log-likelihood of 98 initial trees ... 0.249 seconds
Current best score: -4158.329

Do NNI search on 20 best initial trees
Estimate model parameters (epsilon = 0.100)
Initial log-likelihood: -4152.600
Current log-likelihood at step 1: -4151.763
Current log-likelihood at step 2: -4151.718
Parameters optimization took 1 rounds (0.029 sec)

BETTER TREE FOUND at iteration 1: -4151.718
Iteration 10 / LogL: -4171.214 / Time: 0h:1m:0s
Iteration 20 / LogL: -4151.808 / Time: 0h:1m:1s
Finish initializing candidate tree set (5)
Current best tree score: -4151.718 / CPU time: 1.182
Number of iterations: 20
--------------------------------------------------------------------
|               OPTIMIZING CANDIDATE TREE SET                      |
--------------------------------------------------------------------
Iteration 30 / LogL: -4177.510 / Time: 0h:1m:1s (0h:0m:3s left)
Iteration 40 / LogL: -4151.731 / Time: 0h:1m:1s (0h:0m:3s left)
Iteration 50 / LogL: -4151.730 / Time: 0h:1m:2s (0h:0m:2s left)
Iteration 60 / LogL: -4157.221 / Time: 0h:1m:2s (0h:0m:1s left)
Iteration 70 / LogL: -4158.153 / Time: 0h:1m:3s (0h:0m:1s left)
Iteration 80 / LogL: -4158.178 / Time: 0h:1m:3s (0h:0m:0s left)
Iteration 90 / LogL: -4158.170 / Time: 0h:1m:3s (0h:0m:0s left)
Iteration 100 / LogL: -4162.852 / Time: 0h:1m:4s (0h:0m:0s left)
TREE SEARCH COMPLETED AFTER 102 ITERATIONS / Time: 0h:1m:4s

--------------------------------------------------------------------
|                    FINALIZING TREE SEARCH                        |
--------------------------------------------------------------------
Performs final model parameters optimization
Estimate model parameters (epsilon = 0.010)
Initial log-likelihood: -4151.718
Current log-likelihood at step 1: -4151.717
Partition-specific rates:  1.197 0.803
Parameters optimization took 0 rounds (0.008 sec)

Partition information was printed to partition_file.nex.best_model.nex
BEST SCORE FOUND : -4151.717
Total tree length: 6.386

Total number of iterations: 102
CPU time used for tree search: 4.558 sec (0h:0m:4s)
Wall-clock time used for tree search: 4.406 sec (0h:0m:4s)
Total CPU time used: 66.387 sec (0h:1m:6s)
Total wall-clock time used: 64.516 sec (0h:1m:4s)

===> START BOOTSTRAP REPLICATE NUMBER 14

Creating bootstrap alignment (seed: 631821)...
WARNING: States(s) K, M rarely appear in partition tdi and may cause numerical problems

Create initial parsimony tree by phylogenetic likelihood library (PLL)... 0.001 seconds
Reading model parameters from file /Users/mful870/Desktop/MD_3di_Dev_02Oct24/Scriptorum/SubstitutionMatrix/3di_substmat
WARNING: Normalizing state frequencies so that sum of them equals to 1

NOTE: 1 MB RAM (0 GB) is required!
Estimate model parameters (epsilon = 0.100)
Initial log-likelihood: -4498.885
Current log-likelihood at step 1: -4398.969
Current log-likelihood at step 2: -4395.460
Current log-likelihood at step 3: -4395.440
Partition-specific rates:  1.333 0.667
Parameters optimization took 2 rounds (0.045 sec)

Wrote distance file to... 
Computing ML distances based on estimated model parameters...
Calculating distance matrix: done in 4.19617e-05 secs using 83.41% CPU
Computing ML distances took 0.000083 sec (of wall-clock time) 0.000063 sec (of CPU time)
Setting up auxiliary I and S matrices: done in 3.09944e-05 secs using 77.43% CPU
Computing RapidNJ tree took 0.000126 sec (of wall-clock time) 0.000078 sec (of CPU time)
Log-likelihood of RapidNJ tree: -4655.899
--------------------------------------------------------------------
|             INITIALIZING CANDIDATE TREE SET                      |
--------------------------------------------------------------------
Generating 98 parsimony trees... 0.123 second
Computing log-likelihood of 98 initial trees ... 0.243 seconds
Current best score: -4359.252

Do NNI search on 20 best initial trees
Estimate model parameters (epsilon = 0.100)
Initial log-likelihood: -4354.293
Current log-likelihood at step 1: -4354.147
Current log-likelihood at step 2: -4354.139
Parameters optimization took 1 rounds (0.020 sec)

BETTER TREE FOUND at iteration 1: -4354.139
Estimate model parameters (epsilon = 0.100)
Initial log-likelihood: -4345.054
Current log-likelihood at step 1: -4345.030
Parameters optimization took 0 rounds (0.013 sec)

BETTER TREE FOUND at iteration 2: -4345.030
Iteration 10 / LogL: -4345.044 / Time: 0h:1m:5s
Estimate model parameters (epsilon = 0.100)
Initial log-likelihood: -4344.986
Current log-likelihood at step 1: -4344.926
Parameters optimization took 0 rounds (0.008 sec)

BETTER TREE FOUND at iteration 11: -4344.926
Iteration 20 / LogL: -4354.236 / Time: 0h:1m:5s
Finish initializing candidate tree set (7)
Current best tree score: -4344.926 / CPU time: 1.137
Number of iterations: 20
--------------------------------------------------------------------
|               OPTIMIZING CANDIDATE TREE SET                      |
--------------------------------------------------------------------
Iteration 30 / LogL: -4346.788 / Time: 0h:1m:6s (0h:0m:4s left)
UPDATE BEST LOG-LIKELIHOOD: -4344.919
Iteration 40 / LogL: -4344.934 / Time: 0h:1m:6s (0h:0m:3s left)
Iteration 50 / LogL: -4345.251 / Time: 0h:1m:6s (0h:0m:2s left)
Iteration 60 / LogL: -4346.781 / Time: 0h:1m:7s (0h:0m:2s left)
Iteration 70 / LogL: -4344.944 / Time: 0h:1m:7s (0h:0m:1s left)
Iteration 80 / LogL: -4345.070 / Time: 0h:1m:8s (0h:0m:1s left)
Iteration 90 / LogL: -4344.944 / Time: 0h:1m:8s (0h:0m:0s left)
Iteration 100 / LogL: -4345.603 / Time: 0h:1m:8s (0h:0m:0s left)
Iteration 110 / LogL: -4344.922 / Time: 0h:1m:9s (0h:0m:0s left)
TREE SEARCH COMPLETED AFTER 112 ITERATIONS / Time: 0h:1m:9s

--------------------------------------------------------------------
|                    FINALIZING TREE SEARCH                        |
--------------------------------------------------------------------
Performs final model parameters optimization
Estimate model parameters (epsilon = 0.010)
Initial log-likelihood: -4344.919
Current log-likelihood at step 1: -4344.918
Partition-specific rates:  1.335 0.665
Parameters optimization took 0 rounds (0.007 sec)

Partition information was printed to partition_file.nex.best_model.nex
BEST SCORE FOUND : -4344.918
Total tree length: 6.838

Total number of iterations: 112
CPU time used for tree search: 4.886 sec (0h:0m:4s)
Wall-clock time used for tree search: 4.724 sec (0h:0m:4s)
Total CPU time used: 71.358 sec (0h:1m:11s)
Total wall-clock time used: 69.328 sec (0h:1m:9s)

===> START BOOTSTRAP REPLICATE NUMBER 15

Creating bootstrap alignment (seed: 631822)...
WARNING: States(s) K, M rarely appear in partition tdi and may cause numerical problems

Create initial parsimony tree by phylogenetic likelihood library (PLL)... 0.001 seconds
Reading model parameters from file /Users/mful870/Desktop/MD_3di_Dev_02Oct24/Scriptorum/SubstitutionMatrix/3di_substmat
WARNING: Normalizing state frequencies so that sum of them equals to 1

NOTE: 1 MB RAM (0 GB) is required!
Estimate model parameters (epsilon = 0.100)
Initial log-likelihood: -4285.468
Current log-likelihood at step 1: -4202.344
Current log-likelihood at step 2: -4194.216
Current log-likelihood at step 3: -4194.194
Partition-specific rates:  1.331 0.669
Parameters optimization took 2 rounds (0.047 sec)

Wrote distance file to... 
Computing ML distances based on estimated model parameters...
Calculating distance matrix: done in 4.41074e-05 secs using 83.89% CPU
Computing ML distances took 0.000087 sec (of wall-clock time) 0.000066 sec (of CPU time)
Setting up auxiliary I and S matrices: done in 2.81334e-05 secs using 78.2% CPU
Computing RapidNJ tree took 0.000110 sec (of wall-clock time) 0.000070 sec (of CPU time)
Log-likelihood of RapidNJ tree: -4400.037
--------------------------------------------------------------------
|             INITIALIZING CANDIDATE TREE SET                      |
--------------------------------------------------------------------
Generating 98 parsimony trees... 0.144 second
Computing log-likelihood of 97 initial trees ... 0.243 seconds
Current best score: -4194.194

Do NNI search on 20 best initial trees
Estimate model parameters (epsilon = 0.100)
Initial log-likelihood: -4190.094
Current log-likelihood at step 1: -4190.025
Parameters optimization took 0 rounds (0.012 sec)

BETTER TREE FOUND at iteration 1: -4190.025
Iteration 10 / LogL: -4190.035 / Time: 0h:1m:10s
UPDATE BEST LOG-LIKELIHOOD: -4190.024
Iteration 20 / LogL: -4190.033 / Time: 0h:1m:10s
Finish initializing candidate tree set (6)
Current best tree score: -4190.024 / CPU time: 0.960
Number of iterations: 20
--------------------------------------------------------------------
|               OPTIMIZING CANDIDATE TREE SET                      |
--------------------------------------------------------------------
Iteration 30 / LogL: -4193.070 / Time: 0h:1m:10s (0h:0m:3s left)
Iteration 40 / LogL: -4193.331 / Time: 0h:1m:11s (0h:0m:2s left)
Iteration 50 / LogL: -4195.563 / Time: 0h:1m:11s (0h:0m:2s left)
UPDATE BEST LOG-LIKELIHOOD: -4190.024
Iteration 60 / LogL: -4193.072 / Time: 0h:1m:11s (0h:0m:1s left)
Iteration 70 / LogL: -4190.044 / Time: 0h:1m:12s (0h:0m:1s left)
Iteration 80 / LogL: -4190.073 / Time: 0h:1m:12s (0h:0m:0s left)
Iteration 90 / LogL: -4193.211 / Time: 0h:1m:13s (0h:0m:0s left)
Iteration 100 / LogL: -4190.077 / Time: 0h:1m:13s (0h:0m:0s left)
TREE SEARCH COMPLETED AFTER 102 ITERATIONS / Time: 0h:1m:13s

--------------------------------------------------------------------
|                    FINALIZING TREE SEARCH                        |
--------------------------------------------------------------------
Performs final model parameters optimization
Estimate model parameters (epsilon = 0.010)
Initial log-likelihood: -4190.024
Current log-likelihood at step 1: -4190.022
Partition-specific rates:  1.337 0.663
Parameters optimization took 0 rounds (0.008 sec)

Partition information was printed to partition_file.nex.best_model.nex
BEST SCORE FOUND : -4190.022
Total tree length: 6.732

Total number of iterations: 102
CPU time used for tree search: 4.263 sec (0h:0m:4s)
Wall-clock time used for tree search: 4.112 sec (0h:0m:4s)
Total CPU time used: 75.716 sec (0h:1m:15s)
Total wall-clock time used: 73.533 sec (0h:1m:13s)

===> START BOOTSTRAP REPLICATE NUMBER 16

Creating bootstrap alignment (seed: 631823)...
WARNING: States(s) K, M rarely appear in partition tdi and may cause numerical problems

Create initial parsimony tree by phylogenetic likelihood library (PLL)... 0.001 seconds
Reading model parameters from file /Users/mful870/Desktop/MD_3di_Dev_02Oct24/Scriptorum/SubstitutionMatrix/3di_substmat
WARNING: Normalizing state frequencies so that sum of them equals to 1

NOTE: 1 MB RAM (0 GB) is required!
Estimate model parameters (epsilon = 0.100)
Initial log-likelihood: -4329.288
Current log-likelihood at step 1: -4246.287
Current log-likelihood at step 2: -4237.159
Current log-likelihood at step 3: -4237.158
Partition-specific rates:  1.292 0.708
Parameters optimization took 2 rounds (0.048 sec)

Wrote distance file to... 
Computing ML distances based on estimated model parameters...
Calculating distance matrix: done in 4.19617e-05 secs using 85.79% CPU
Computing ML distances took 0.000096 sec (of wall-clock time) 0.000064 sec (of CPU time)
Setting up auxiliary I and S matrices: done in 2.81334e-05 secs using 78.2% CPU
Computing RapidNJ tree took 0.000127 sec (of wall-clock time) 0.000074 sec (of CPU time)
Log-likelihood of RapidNJ tree: -4418.271
--------------------------------------------------------------------
|             INITIALIZING CANDIDATE TREE SET                      |
--------------------------------------------------------------------
Generating 98 parsimony trees... 0.118 second
Computing log-likelihood of 98 initial trees ... 0.274 seconds
Current best score: -4226.206

Do NNI search on 20 best initial trees
Estimate model parameters (epsilon = 0.100)
Initial log-likelihood: -4210.705
Current log-likelihood at step 1: -4210.562
Current log-likelihood at step 2: -4210.557
Parameters optimization took 1 rounds (0.016 sec)

BETTER TREE FOUND at iteration 1: -4210.557
Estimate model parameters (epsilon = 0.100)
Initial log-likelihood: -4199.939
Current log-likelihood at step 1: -4199.932
Parameters optimization took 0 rounds (0.016 sec)

BETTER TREE FOUND at iteration 4: -4199.932
Iteration 10 / LogL: -4220.957 / Time: 0h:1m:14s
Iteration 20 / LogL: -4227.072 / Time: 0h:1m:14s
Finish initializing candidate tree set (18)
Current best tree score: -4199.932 / CPU time: 1.160
Number of iterations: 20
--------------------------------------------------------------------
|               OPTIMIZING CANDIDATE TREE SET                      |
--------------------------------------------------------------------
BETTER TREE FOUND at iteration 21: -4199.932
UPDATE BEST LOG-LIKELIHOOD: -4199.932
Iteration 30 / LogL: -4199.932 / Time: 0h:1m:15s (0h:0m:5s left)
Estimate model parameters (epsilon = 0.100)
Initial log-likelihood: -4199.518
Current log-likelihood at step 1: -4199.516
Parameters optimization took 0 rounds (0.009 sec)

BETTER TREE FOUND at iteration 32: -4199.516
Iteration 40 / LogL: -4199.937 / Time: 0h:1m:15s (0h:0m:4s left)
Iteration 50 / LogL: -4199.935 / Time: 0h:1m:16s (0h:0m:4s left)
Iteration 60 / LogL: -4199.707 / Time: 0h:1m:16s (0h:0m:3s left)
UPDATE BEST LOG-LIKELIHOOD: -4199.516
Iteration 70 / LogL: -4199.516 / Time: 0h:1m:17s (0h:0m:3s left)
Iteration 80 / LogL: -4199.517 / Time: 0h:1m:17s (0h:0m:2s left)
Iteration 90 / LogL: -4199.707 / Time: 0h:1m:17s (0h:0m:2s left)
Iteration 100 / LogL: -4199.707 / Time: 0h:1m:18s (0h:0m:1s left)
Iteration 110 / LogL: -4199.516 / Time: 0h:1m:18s (0h:0m:1s left)
Iteration 120 / LogL: -4199.517 / Time: 0h:1m:19s (0h:0m:0s left)
Iteration 130 / LogL: -4199.520 / Time: 0h:1m:19s (0h:0m:0s left)
TREE SEARCH COMPLETED AFTER 133 ITERATIONS / Time: 0h:1m:19s

--------------------------------------------------------------------
|                    FINALIZING TREE SEARCH                        |
--------------------------------------------------------------------
Performs final model parameters optimization
Estimate model parameters (epsilon = 0.010)
Initial log-likelihood: -4199.516
Current log-likelihood at step 1: -4199.516
Partition-specific rates:  1.306 0.694
Parameters optimization took 0 rounds (0.008 sec)

Partition information was printed to partition_file.nex.best_model.nex
BEST SCORE FOUND : -4199.516
Total tree length: 7.315

Total number of iterations: 133
CPU time used for tree search: 6.203 sec (0h:0m:6s)
Wall-clock time used for tree search: 6.073 sec (0h:0m:6s)
Total CPU time used: 82.023 sec (0h:1m:22s)
Total wall-clock time used: 79.703 sec (0h:1m:19s)

===> START BOOTSTRAP REPLICATE NUMBER 17

Creating bootstrap alignment (seed: 631824)...
WARNING: States(s) I, K, M rarely appear in partition tdi and may cause numerical problems

Create initial parsimony tree by phylogenetic likelihood library (PLL)... 0.001 seconds
Reading model parameters from file /Users/mful870/Desktop/MD_3di_Dev_02Oct24/Scriptorum/SubstitutionMatrix/3di_substmat
WARNING: Normalizing state frequencies so that sum of them equals to 1

NOTE: 1 MB RAM (0 GB) is required!
Estimate model parameters (epsilon = 0.100)
Initial log-likelihood: -4006.176
Current log-likelihood at step 1: -3941.704
Current log-likelihood at step 2: -3936.796
Current log-likelihood at step 3: -3936.791
Partition-specific rates:  1.208 0.792
Parameters optimization took 2 rounds (0.041 sec)

Wrote distance file to... 
Computing ML distances based on estimated model parameters...
Calculating distance matrix: done in 4.31538e-05 secs using 85.74% CPU
Computing ML distances took 0.000094 sec (of wall-clock time) 0.000063 sec (of CPU time)
Setting up auxiliary I and S matrices: done in 2.90871e-05 secs using 79.07% CPU
Computing RapidNJ tree took 0.000136 sec (of wall-clock time) 0.000076 sec (of CPU time)
Log-likelihood of RapidNJ tree: -4180.081
--------------------------------------------------------------------
|             INITIALIZING CANDIDATE TREE SET                      |
--------------------------------------------------------------------
Generating 98 parsimony trees... 0.130 second
Computing log-likelihood of 98 initial trees ... 0.256 seconds
Current best score: -3926.046

Do NNI search on 20 best initial trees
Estimate model parameters (epsilon = 0.100)
Initial log-likelihood: -3922.556
Current log-likelihood at step 1: -3922.467
Parameters optimization took 0 rounds (0.014 sec)

BETTER TREE FOUND at iteration 1: -3922.467
Estimate model parameters (epsilon = 0.100)
Initial log-likelihood: -3920.294
Current log-likelihood at step 1: -3920.275
Parameters optimization took 0 rounds (0.013 sec)

BETTER TREE FOUND at iteration 2: -3920.275
Estimate model parameters (epsilon = 0.100)
Initial log-likelihood: -3919.656
Current log-likelihood at step 1: -3919.584
Parameters optimization took 0 rounds (0.014 sec)

BETTER TREE FOUND at iteration 3: -3919.584
Estimate model parameters (epsilon = 0.100)
Initial log-likelihood: -3917.594
Current log-likelihood at step 1: -3917.537
Parameters optimization took 0 rounds (0.008 sec)

BETTER TREE FOUND at iteration 6: -3917.537
Iteration 10 / LogL: -3922.538 / Time: 0h:1m:20s
Iteration 20 / LogL: -3934.168 / Time: 0h:1m:20s
Finish initializing candidate tree set (5)
Current best tree score: -3917.537 / CPU time: 1.058
Number of iterations: 20
--------------------------------------------------------------------
|               OPTIMIZING CANDIDATE TREE SET                      |
--------------------------------------------------------------------
Iteration 30 / LogL: -3934.188 / Time: 0h:1m:21s (0h:0m:3s left)
Iteration 40 / LogL: -3920.368 / Time: 0h:1m:21s (0h:0m:3s left)
Iteration 50 / LogL: -3917.539 / Time: 0h:1m:22s (0h:0m:2s left)
Iteration 60 / LogL: -3919.667 / Time: 0h:1m:22s (0h:0m:2s left)
Iteration 70 / LogL: -3919.642 / Time: 0h:1m:22s (0h:0m:1s left)
Iteration 80 / LogL: -3919.637 / Time: 0h:1m:23s (0h:0m:1s left)
UPDATE BEST LOG-LIKELIHOOD: -3917.536
Iteration 90 / LogL: -3922.532 / Time: 0h:1m:23s (0h:0m:0s left)
UPDATE BEST LOG-LIKELIHOOD: -3917.530
Iteration 100 / LogL: -3919.589 / Time: 0h:1m:23s (0h:0m:0s left)
TREE SEARCH COMPLETED AFTER 107 ITERATIONS / Time: 0h:1m:24s

--------------------------------------------------------------------
|                    FINALIZING TREE SEARCH                        |
--------------------------------------------------------------------
Performs final model parameters optimization
Estimate model parameters (epsilon = 0.010)
Initial log-likelihood: -3917.530
Current log-likelihood at step 1: -3917.530
Partition-specific rates:  1.223 0.777
Parameters optimization took 0 rounds (0.008 sec)

Partition information was printed to partition_file.nex.best_model.nex
BEST SCORE FOUND : -3917.530
Total tree length: 6.268

Total number of iterations: 107
CPU time used for tree search: 4.531 sec (0h:0m:4s)
Wall-clock time used for tree search: 4.385 sec (0h:0m:4s)
Total CPU time used: 86.637 sec (0h:1m:26s)
Total wall-clock time used: 84.173 sec (0h:1m:24s)

===> START BOOTSTRAP REPLICATE NUMBER 18

Creating bootstrap alignment (seed: 631825)...
WARNING: States(s) K, M rarely appear in partition tdi and may cause numerical problems

Create initial parsimony tree by phylogenetic likelihood library (PLL)... 0.001 seconds
Reading model parameters from file /Users/mful870/Desktop/MD_3di_Dev_02Oct24/Scriptorum/SubstitutionMatrix/3di_substmat
WARNING: Normalizing state frequencies so that sum of them equals to 1

NOTE: 1 MB RAM (0 GB) is required!
Estimate model parameters (epsilon = 0.100)
Initial log-likelihood: -4305.172
Current log-likelihood at step 1: -4225.023
Current log-likelihood at step 2: -4213.168
Current log-likelihood at step 3: -4213.166
Partition-specific rates:  1.359 0.641
Parameters optimization took 2 rounds (0.048 sec)

Wrote distance file to... 
Computing ML distances based on estimated model parameters...
Calculating distance matrix: done in 4.29153e-05 secs using 86.22% CPU
Computing ML distances took 0.000094 sec (of wall-clock time) 0.000064 sec (of CPU time)
Setting up auxiliary I and S matrices: done in 2.90871e-05 secs using 82.51% CPU
Computing RapidNJ tree took 0.000129 sec (of wall-clock time) 0.000073 sec (of CPU time)
Log-likelihood of RapidNJ tree: -4459.924
--------------------------------------------------------------------
|             INITIALIZING CANDIDATE TREE SET                      |
--------------------------------------------------------------------
Generating 98 parsimony trees... 0.127 second
Computing log-likelihood of 98 initial trees ... 0.257 seconds
Current best score: -4203.956

Do NNI search on 20 best initial trees
Estimate model parameters (epsilon = 0.100)
Initial log-likelihood: -4193.538
Current log-likelihood at step 1: -4193.433
Current log-likelihood at step 2: -4193.429
Parameters optimization took 1 rounds (0.023 sec)

BETTER TREE FOUND at iteration 1: -4193.429
Estimate model parameters (epsilon = 0.100)
Initial log-likelihood: -4192.585
Current log-likelihood at step 1: -4192.514
Parameters optimization took 0 rounds (0.013 sec)

BETTER TREE FOUND at iteration 4: -4192.514
Iteration 10 / LogL: -4193.497 / Time: 0h:1m:25s
Iteration 20 / LogL: -4193.502 / Time: 0h:1m:25s
Finish initializing candidate tree set (7)
Current best tree score: -4192.514 / CPU time: 1.328
Number of iterations: 20
--------------------------------------------------------------------
|               OPTIMIZING CANDIDATE TREE SET                      |
--------------------------------------------------------------------
UPDATE BEST LOG-LIKELIHOOD: -4192.514
UPDATE BEST LOG-LIKELIHOOD: -4192.514
Iteration 30 / LogL: -4200.733 / Time: 0h:1m:26s (0h:0m:4s left)
Iteration 40 / LogL: -4192.527 / Time: 0h:1m:26s (0h:0m:3s left)
Iteration 50 / LogL: -4192.713 / Time: 0h:1m:26s (0h:0m:3s left)
Iteration 60 / LogL: -4192.514 / Time: 0h:1m:27s (0h:0m:2s left)
Iteration 70 / LogL: -4192.515 / Time: 0h:1m:27s (0h:0m:1s left)
Iteration 80 / LogL: -4198.373 / Time: 0h:1m:28s (0h:0m:1s left)
Iteration 90 / LogL: -4192.732 / Time: 0h:1m:28s (0h:0m:0s left)
UPDATE BEST LOG-LIKELIHOOD: -4192.513
Iteration 100 / LogL: -4192.514 / Time: 0h:1m:29s (0h:0m:0s left)
TREE SEARCH COMPLETED AFTER 105 ITERATIONS / Time: 0h:1m:29s

--------------------------------------------------------------------
|                    FINALIZING TREE SEARCH                        |
--------------------------------------------------------------------
Performs final model parameters optimization
Estimate model parameters (epsilon = 0.010)
Initial log-likelihood: -4192.513
Current log-likelihood at step 1: -4192.512
Partition-specific rates:  1.356 0.644
Parameters optimization took 0 rounds (0.008 sec)

Partition information was printed to partition_file.nex.best_model.nex
BEST SCORE FOUND : -4192.512
Total tree length: 7.018

Total number of iterations: 105
CPU time used for tree search: 5.153 sec (0h:0m:5s)
Wall-clock time used for tree search: 5.007 sec (0h:0m:5s)
Total CPU time used: 91.886 sec (0h:1m:31s)
Total wall-clock time used: 89.278 sec (0h:1m:29s)

===> START BOOTSTRAP REPLICATE NUMBER 19

Creating bootstrap alignment (seed: 631826)...
WARNING: States(s) K, M rarely appear in partition tdi and may cause numerical problems

Create initial parsimony tree by phylogenetic likelihood library (PLL)... 0.001 seconds
Reading model parameters from file /Users/mful870/Desktop/MD_3di_Dev_02Oct24/Scriptorum/SubstitutionMatrix/3di_substmat
WARNING: Normalizing state frequencies so that sum of them equals to 1

NOTE: 1 MB RAM (0 GB) is required!
Estimate model parameters (epsilon = 0.100)
Initial log-likelihood: -4310.848
Current log-likelihood at step 1: -4224.579
Current log-likelihood at step 2: -4222.836
Current log-likelihood at step 3: -4222.821
Partition-specific rates:  1.196 0.804
Parameters optimization took 2 rounds (0.049 sec)

Wrote distance file to... 
Computing ML distances based on estimated model parameters...
Calculating distance matrix: done in 4.22001e-05 secs using 82.94% CPU
Computing ML distances took 0.000091 sec (of wall-clock time) 0.000062 sec (of CPU time)
Setting up auxiliary I and S matrices: done in 3.09944e-05 secs using 77.43% CPU
Computing RapidNJ tree took 0.000135 sec (of wall-clock time) 0.000074 sec (of CPU time)
Log-likelihood of RapidNJ tree: -4512.628
--------------------------------------------------------------------
|             INITIALIZING CANDIDATE TREE SET                      |
--------------------------------------------------------------------
Generating 98 parsimony trees... 0.133 second
Computing log-likelihood of 98 initial trees ... 0.252 seconds
Current best score: -4202.088

Do NNI search on 20 best initial trees
Estimate model parameters (epsilon = 0.100)
Initial log-likelihood: -4179.385
Current log-likelihood at step 1: -4179.041
Current log-likelihood at step 2: -4179.029
Parameters optimization took 1 rounds (0.026 sec)

BETTER TREE FOUND at iteration 1: -4179.029
Iteration 10 / LogL: -4179.038 / Time: 0h:1m:30s
Iteration 20 / LogL: -4179.038 / Time: 0h:1m:30s
Finish initializing candidate tree set (5)
Current best tree score: -4179.029 / CPU time: 1.501
Number of iterations: 20
--------------------------------------------------------------------
|               OPTIMIZING CANDIDATE TREE SET                      |
--------------------------------------------------------------------
Iteration 30 / LogL: -4179.040 / Time: 0h:1m:31s (0h:0m:5s left)
UPDATE BEST LOG-LIKELIHOOD: -4179.028
Iteration 40 / LogL: -4200.291 / Time: 0h:1m:31s (0h:0m:4s left)
Iteration 50 / LogL: -4179.039 / Time: 0h:1m:32s (0h:0m:3s left)
Iteration 60 / LogL: -4179.044 / Time: 0h:1m:32s (0h:0m:2s left)
Iteration 70 / LogL: -4179.039 / Time: 0h:1m:33s (0h:0m:1s left)
Iteration 80 / LogL: -4179.556 / Time: 0h:1m:33s (0h:0m:1s left)
Iteration 90 / LogL: -4179.042 / Time: 0h:1m:34s (0h:0m:0s left)
Iteration 100 / LogL: -4179.038 / Time: 0h:1m:34s (0h:0m:0s left)
TREE SEARCH COMPLETED AFTER 102 ITERATIONS / Time: 0h:1m:34s

--------------------------------------------------------------------
|                    FINALIZING TREE SEARCH                        |
--------------------------------------------------------------------
Performs final model parameters optimization
Estimate model parameters (epsilon = 0.010)
Initial log-likelihood: -4179.028
Current log-likelihood at step 1: -4179.027
Partition-specific rates:  1.180 0.820
Parameters optimization took 0 rounds (0.008 sec)

Partition information was printed to partition_file.nex.best_model.nex
BEST SCORE FOUND : -4179.027
Total tree length: 6.374

Total number of iterations: 102
CPU time used for tree search: 5.340 sec (0h:0m:5s)
Wall-clock time used for tree search: 5.199 sec (0h:0m:5s)
Total CPU time used: 97.334 sec (0h:1m:37s)
Total wall-clock time used: 94.580 sec (0h:1m:34s)

===> START BOOTSTRAP REPLICATE NUMBER 20

Creating bootstrap alignment (seed: 631827)...
WARNING: States(s) K, M rarely appear in partition tdi and may cause numerical problems

Create initial parsimony tree by phylogenetic likelihood library (PLL)... 0.001 seconds
Reading model parameters from file /Users/mful870/Desktop/MD_3di_Dev_02Oct24/Scriptorum/SubstitutionMatrix/3di_substmat
WARNING: Normalizing state frequencies so that sum of them equals to 1

NOTE: 1 MB RAM (0 GB) is required!
Estimate model parameters (epsilon = 0.100)
Initial log-likelihood: -4484.782
Current log-likelihood at step 1: -4399.318
Current log-likelihood at step 2: -4391.790
Current log-likelihood at step 3: -4391.772
Partition-specific rates:  1.356 0.644
Parameters optimization took 2 rounds (0.049 sec)

Wrote distance file to... 
Computing ML distances based on estimated model parameters...
Calculating distance matrix: done in 4.22001e-05 secs using 85.31% CPU
Computing ML distances took 0.000094 sec (of wall-clock time) 0.000064 sec (of CPU time)
Setting up auxiliary I and S matrices: done in 2.69413e-05 secs using 77.95% CPU
Computing RapidNJ tree took 0.000124 sec (of wall-clock time) 0.000076 sec (of CPU time)
Log-likelihood of RapidNJ tree: -4718.474
--------------------------------------------------------------------
|             INITIALIZING CANDIDATE TREE SET                      |
--------------------------------------------------------------------
Generating 98 parsimony trees... 0.125 second
Computing log-likelihood of 98 initial trees ... 0.253 seconds
Current best score: -4389.345

Do NNI search on 20 best initial trees
Estimate model parameters (epsilon = 0.100)
Initial log-likelihood: -4377.863
Current log-likelihood at step 1: -4377.592
Current log-likelihood at step 2: -4377.575
Parameters optimization took 1 rounds (0.027 sec)

BETTER TREE FOUND at iteration 1: -4377.575
Estimate model parameters (epsilon = 0.100)
Initial log-likelihood: -4375.386
Current log-likelihood at step 1: -4375.168
Current log-likelihood at step 2: -4375.165
Parameters optimization took 1 rounds (0.023 sec)

BETTER TREE FOUND at iteration 4: -4375.165
Iteration 10 / LogL: -4381.061 / Time: 0h:1m:35s
Iteration 20 / LogL: -4375.380 / Time: 0h:1m:35s
Finish initializing candidate tree set (11)
Current best tree score: -4375.165 / CPU time: 1.056
Number of iterations: 20
--------------------------------------------------------------------
|               OPTIMIZING CANDIDATE TREE SET                      |
--------------------------------------------------------------------
Iteration 30 / LogL: -4375.197 / Time: 0h:1m:36s (0h:0m:3s left)
Iteration 40 / LogL: -4376.959 / Time: 0h:1m:36s (0h:0m:2s left)
Iteration 50 / LogL: -4379.024 / Time: 0h:1m:36s (0h:0m:2s left)
Iteration 60 / LogL: -4376.995 / Time: 0h:1m:37s (0h:0m:1s left)
Iteration 70 / LogL: -4376.962 / Time: 0h:1m:37s (0h:0m:1s left)
Iteration 80 / LogL: -4375.179 / Time: 0h:1m:37s (0h:0m:0s left)
Iteration 90 / LogL: -4376.955 / Time: 0h:1m:38s (0h:0m:0s left)
Iteration 100 / LogL: -4380.354 / Time: 0h:1m:38s (0h:0m:0s left)
TREE SEARCH COMPLETED AFTER 105 ITERATIONS / Time: 0h:1m:38s

--------------------------------------------------------------------
|                    FINALIZING TREE SEARCH                        |
--------------------------------------------------------------------
Performs final model parameters optimization
Estimate model parameters (epsilon = 0.010)
Initial log-likelihood: -4375.165
Current log-likelihood at step 1: -4375.164
Partition-specific rates:  1.338 0.662
Parameters optimization took 0 rounds (0.008 sec)

Partition information was printed to partition_file.nex.best_model.nex
BEST SCORE FOUND : -4375.164
Total tree length: 7.094

Total number of iterations: 105
CPU time used for tree search: 4.266 sec (0h:0m:4s)
Wall-clock time used for tree search: 4.120 sec (0h:0m:4s)
Total CPU time used: 101.696 sec (0h:1m:41s)
Total wall-clock time used: 98.792 sec (0h:1m:38s)

===> START BOOTSTRAP REPLICATE NUMBER 21

Creating bootstrap alignment (seed: 631828)...
WARNING: States(s) K, M rarely appear in partition tdi and may cause numerical problems

Create initial parsimony tree by phylogenetic likelihood library (PLL)... 0.001 seconds
Reading model parameters from file /Users/mful870/Desktop/MD_3di_Dev_02Oct24/Scriptorum/SubstitutionMatrix/3di_substmat
WARNING: Normalizing state frequencies so that sum of them equals to 1

NOTE: 1 MB RAM (0 GB) is required!
Estimate model parameters (epsilon = 0.100)
Initial log-likelihood: -4419.506
Current log-likelihood at step 1: -4334.695
Current log-likelihood at step 2: -4330.659
Current log-likelihood at step 3: -4330.642
Partition-specific rates:  1.241 0.759
Parameters optimization took 2 rounds (0.050 sec)

Wrote distance file to... 
Computing ML distances based on estimated model parameters...
Calculating distance matrix: done in 4.31538e-05 secs using 85.74% CPU
Computing ML distances took 0.000095 sec (of wall-clock time) 0.000064 sec (of CPU time)
Setting up auxiliary I and S matrices: done in 2.69413e-05 secs using 74.24% CPU
Computing RapidNJ tree took 0.000138 sec (of wall-clock time) 0.000079 sec (of CPU time)
Log-likelihood of RapidNJ tree: -4563.090
--------------------------------------------------------------------
|             INITIALIZING CANDIDATE TREE SET                      |
--------------------------------------------------------------------
Generating 98 parsimony trees... 0.135 second
Computing log-likelihood of 97 initial trees ... 0.255 seconds
Current best score: -4328.097

Do NNI search on 20 best initial trees
Estimate model parameters (epsilon = 0.100)
Initial log-likelihood: -4318.407
Current log-likelihood at step 1: -4318.205
Current log-likelihood at step 2: -4318.202
Parameters optimization took 1 rounds (0.022 sec)

BETTER TREE FOUND at iteration 1: -4318.202
Estimate model parameters (epsilon = 0.100)
Initial log-likelihood: -4317.159
Current log-likelihood at step 1: -4317.063
Parameters optimization took 0 rounds (0.014 sec)

BETTER TREE FOUND at iteration 5: -4317.063
UPDATE BEST LOG-LIKELIHOOD: -4317.062
Iteration 10 / LogL: -4319.391 / Time: 0h:1m:39s
Estimate model parameters (epsilon = 0.100)
Initial log-likelihood: -4311.227
Current log-likelihood at step 1: -4310.994
Current log-likelihood at step 2: -4310.988
Parameters optimization took 1 rounds (0.028 sec)

BETTER TREE FOUND at iteration 14: -4310.988
Iteration 20 / LogL: -4311.627 / Time: 0h:1m:40s
Finish initializing candidate tree set (8)
Current best tree score: -4310.988 / CPU time: 1.188
Number of iterations: 20
--------------------------------------------------------------------
|               OPTIMIZING CANDIDATE TREE SET                      |
--------------------------------------------------------------------
Iteration 30 / LogL: -4317.382 / Time: 0h:1m:40s (0h:0m:4s left)
Iteration 40 / LogL: -4311.282 / Time: 0h:1m:40s (0h:0m:3s left)
Iteration 50 / LogL: -4317.406 / Time: 0h:1m:41s (0h:0m:3s left)
Iteration 60 / LogL: -4317.283 / Time: 0h:1m:41s (0h:0m:2s left)
Iteration 70 / LogL: -4317.409 / Time: 0h:1m:42s (0h:0m:2s left)
Iteration 80 / LogL: -4310.991 / Time: 0h:1m:42s (0h:0m:1s left)
Iteration 90 / LogL: -4319.719 / Time: 0h:1m:42s (0h:0m:1s left)
Iteration 100 / LogL: -4317.284 / Time: 0h:1m:43s (0h:0m:0s left)
Iteration 110 / LogL: -4311.169 / Time: 0h:1m:43s (0h:0m:0s left)
TREE SEARCH COMPLETED AFTER 115 ITERATIONS / Time: 0h:1m:43s

--------------------------------------------------------------------
|                    FINALIZING TREE SEARCH                        |
--------------------------------------------------------------------
Performs final model parameters optimization
Estimate model parameters (epsilon = 0.010)
Initial log-likelihood: -4310.988
Current log-likelihood at step 1: -4310.987
Partition-specific rates:  1.266 0.734
Parameters optimization took 0 rounds (0.008 sec)

Partition information was printed to partition_file.nex.best_model.nex
BEST SCORE FOUND : -4310.987
Total tree length: 7.371

Total number of iterations: 115
CPU time used for tree search: 5.246 sec (0h:0m:5s)
Wall-clock time used for tree search: 5.111 sec (0h:0m:5s)
Total CPU time used: 107.053 sec (0h:1m:47s)
Total wall-clock time used: 104.005 sec (0h:1m:44s)

===> START BOOTSTRAP REPLICATE NUMBER 22

Creating bootstrap alignment (seed: 631829)...
WARNING: States(s) K, M rarely appear in partition tdi and may cause numerical problems

Create initial parsimony tree by phylogenetic likelihood library (PLL)... 0.001 seconds
Reading model parameters from file /Users/mful870/Desktop/MD_3di_Dev_02Oct24/Scriptorum/SubstitutionMatrix/3di_substmat
WARNING: Normalizing state frequencies so that sum of them equals to 1

NOTE: 1 MB RAM (0 GB) is required!
Estimate model parameters (epsilon = 0.100)
Initial log-likelihood: -4319.508
Current log-likelihood at step 1: -4257.960
Current log-likelihood at step 2: -4245.967
Current log-likelihood at step 3: -4245.964
Partition-specific rates:  1.334 0.666
Parameters optimization took 2 rounds (0.040 sec)

Wrote distance file to... 
Computing ML distances based on estimated model parameters...
Calculating distance matrix: done in 4.29153e-05 secs using 86.22% CPU
Computing ML distances took 0.000096 sec (of wall-clock time) 0.000064 sec (of CPU time)
Setting up auxiliary I and S matrices: done in 2.69413e-05 secs using 77.95% CPU
Computing RapidNJ tree took 0.000118 sec (of wall-clock time) 0.000070 sec (of CPU time)
Log-likelihood of RapidNJ tree: -4530.331
--------------------------------------------------------------------
|             INITIALIZING CANDIDATE TREE SET                      |
--------------------------------------------------------------------
Generating 98 parsimony trees... 0.128 second
Computing log-likelihood of 98 initial trees ... 0.259 seconds
Current best score: -4235.729

Do NNI search on 20 best initial trees
Estimate model parameters (epsilon = 0.100)
Initial log-likelihood: -4229.632
Current log-likelihood at step 1: -4229.435
Current log-likelihood at step 2: -4229.434
Parameters optimization took 1 rounds (0.017 sec)

BETTER TREE FOUND at iteration 1: -4229.434
Iteration 10 / LogL: -4242.481 / Time: 0h:1m:44s
Iteration 20 / LogL: -4252.328 / Time: 0h:1m:45s
Finish initializing candidate tree set (12)
Current best tree score: -4229.434 / CPU time: 1.031
Number of iterations: 20
--------------------------------------------------------------------
|               OPTIMIZING CANDIDATE TREE SET                      |
--------------------------------------------------------------------
Iteration 30 / LogL: -4229.450 / Time: 0h:1m:45s (0h:0m:3s left)
Iteration 40 / LogL: -4234.240 / Time: 0h:1m:45s (0h:0m:3s left)
Iteration 50 / LogL: -4229.451 / Time: 0h:1m:46s (0h:0m:2s left)
Iteration 60 / LogL: -4229.829 / Time: 0h:1m:46s (0h:0m:1s left)
Iteration 70 / LogL: -4229.453 / Time: 0h:1m:47s (0h:0m:1s left)
Iteration 80 / LogL: -4231.859 / Time: 0h:1m:47s (0h:0m:0s left)
Iteration 90 / LogL: -4229.491 / Time: 0h:1m:47s (0h:0m:0s left)
Iteration 100 / LogL: -4230.165 / Time: 0h:1m:48s (0h:0m:0s left)
TREE SEARCH COMPLETED AFTER 102 ITERATIONS / Time: 0h:1m:48s

--------------------------------------------------------------------
|                    FINALIZING TREE SEARCH                        |
--------------------------------------------------------------------
Performs final model parameters optimization
Estimate model parameters (epsilon = 0.010)
Initial log-likelihood: -4229.434
Current log-likelihood at step 1: -4229.434
Partition-specific rates:  1.343 0.657
Parameters optimization took 0 rounds (0.007 sec)

Partition information was printed to partition_file.nex.best_model.nex
BEST SCORE FOUND : -4229.434
Total tree length: 6.874

Total number of iterations: 102
CPU time used for tree search: 4.477 sec (0h:0m:4s)
Wall-clock time used for tree search: 4.334 sec (0h:0m:4s)
Total CPU time used: 111.623 sec (0h:1m:51s)
Total wall-clock time used: 108.426 sec (0h:1m:48s)

===> START BOOTSTRAP REPLICATE NUMBER 23

Creating bootstrap alignment (seed: 631830)...
WARNING: States(s) W rarely appear in partition sequence and may cause numerical problems
WARNING: States(s) I, K, M rarely appear in partition tdi and may cause numerical problems

Create initial parsimony tree by phylogenetic likelihood library (PLL)... 0.001 seconds
Reading model parameters from file /Users/mful870/Desktop/MD_3di_Dev_02Oct24/Scriptorum/SubstitutionMatrix/3di_substmat
WARNING: Normalizing state frequencies so that sum of them equals to 1

NOTE: 1 MB RAM (0 GB) is required!
Estimate model parameters (epsilon = 0.100)
Initial log-likelihood: -4282.489
Current log-likelihood at step 1: -4190.141
Current log-likelihood at step 2: -4188.868
Current log-likelihood at step 3: -4188.867
Partition-specific rates:  1.220 0.780
Parameters optimization took 2 rounds (0.043 sec)

Wrote distance file to... 
Computing ML distances based on estimated model parameters...
Calculating distance matrix: done in 4.19617e-05 secs using 85.79% CPU
Computing ML distances took 0.000094 sec (of wall-clock time) 0.000064 sec (of CPU time)
Setting up auxiliary I and S matrices: done in 2.88486e-05 secs using 76.26% CPU
Computing RapidNJ tree took 0.000140 sec (of wall-clock time) 0.000087 sec (of CPU time)
Log-likelihood of RapidNJ tree: -4415.872
--------------------------------------------------------------------
|             INITIALIZING CANDIDATE TREE SET                      |
--------------------------------------------------------------------
Generating 98 parsimony trees... 0.126 second
Computing log-likelihood of 98 initial trees ... 0.266 seconds
Current best score: -4177.320

Do NNI search on 20 best initial trees
Estimate model parameters (epsilon = 0.100)
Initial log-likelihood: -4164.733
Current log-likelihood at step 1: -4164.495
Current log-likelihood at step 2: -4164.484
Parameters optimization took 1 rounds (0.026 sec)

BETTER TREE FOUND at iteration 1: -4164.484
Estimate model parameters (epsilon = 0.100)
Initial log-likelihood: -4163.460
Current log-likelihood at step 1: -4163.440
Parameters optimization took 0 rounds (0.008 sec)

BETTER TREE FOUND at iteration 2: -4163.440
Iteration 10 / LogL: -4164.157 / Time: 0h:1m:49s
Iteration 20 / LogL: -4176.107 / Time: 0h:1m:49s
Finish initializing candidate tree set (7)
Current best tree score: -4163.440 / CPU time: 1.281
Number of iterations: 20
--------------------------------------------------------------------
|               OPTIMIZING CANDIDATE TREE SET                      |
--------------------------------------------------------------------
Estimate model parameters (epsilon = 0.100)
Initial log-likelihood: -4162.865
Current log-likelihood at step 1: -4162.805
Parameters optimization took 0 rounds (0.013 sec)

BETTER TREE FOUND at iteration 29: -4162.805
Iteration 30 / LogL: -4164.290 / Time: 0h:1m:50s (0h:0m:5s left)
Iteration 40 / LogL: -4164.710 / Time: 0h:1m:50s (0h:0m:4s left)
Iteration 50 / LogL: -4164.445 / Time: 0h:1m:50s (0h:0m:4s left)
Iteration 60 / LogL: -4164.829 / Time: 0h:1m:51s (0h:0m:3s left)
Iteration 70 / LogL: -4163.492 / Time: 0h:1m:51s (0h:0m:2s left)
UPDATE BEST LOG-LIKELIHOOD: -4162.805
Iteration 80 / LogL: -4163.502 / Time: 0h:1m:51s (0h:0m:2s left)
Iteration 90 / LogL: -4164.599 / Time: 0h:1m:52s (0h:0m:1s left)
Iteration 100 / LogL: -4164.182 / Time: 0h:1m:52s (0h:0m:1s left)
Iteration 110 / LogL: -4163.350 / Time: 0h:1m:53s (0h:0m:0s left)
Iteration 120 / LogL: -4163.526 / Time: 0h:1m:53s (0h:0m:0s left)
Iteration 130 / LogL: -4163.622 / Time: 0h:1m:53s (0h:0m:-1s left)
TREE SEARCH COMPLETED AFTER 130 ITERATIONS / Time: 0h:1m:53s

--------------------------------------------------------------------
|                    FINALIZING TREE SEARCH                        |
--------------------------------------------------------------------
Performs final model parameters optimization
Estimate model parameters (epsilon = 0.010)
Initial log-likelihood: -4162.805
Current log-likelihood at step 1: -4162.803
Partition-specific rates:  1.251 0.749
Parameters optimization took 0 rounds (0.008 sec)

Partition information was printed to partition_file.nex.best_model.nex
BEST SCORE FOUND : -4162.803
Total tree length: 6.721

Total number of iterations: 130
CPU time used for tree search: 5.536 sec (0h:0m:5s)
Wall-clock time used for tree search: 5.389 sec (0h:0m:5s)
Total CPU time used: 117.247 sec (0h:1m:57s)
Total wall-clock time used: 113.904 sec (0h:1m:53s)

===> START BOOTSTRAP REPLICATE NUMBER 24

Creating bootstrap alignment (seed: 631831)...
WARNING: States(s) K, M rarely appear in partition tdi and may cause numerical problems

Create initial parsimony tree by phylogenetic likelihood library (PLL)... 0.001 seconds
Reading model parameters from file /Users/mful870/Desktop/MD_3di_Dev_02Oct24/Scriptorum/SubstitutionMatrix/3di_substmat
WARNING: Normalizing state frequencies so that sum of them equals to 1

NOTE: 1 MB RAM (0 GB) is required!
Estimate model parameters (epsilon = 0.100)
Initial log-likelihood: -4348.043
Current log-likelihood at step 1: -4256.805
Current log-likelihood at step 2: -4247.134
Current log-likelihood at step 3: -4247.116
Partition-specific rates:  1.297 0.703
Parameters optimization took 2 rounds (0.048 sec)

Wrote distance file to... 
Computing ML distances based on estimated model parameters...
Calculating distance matrix: done in 4.29153e-05 secs using 86.22% CPU
Computing ML distances took 0.000097 sec (of wall-clock time) 0.000064 sec (of CPU time)
Setting up auxiliary I and S matrices: done in 2.7895e-05 secs using 78.87% CPU
Computing RapidNJ tree took 0.000120 sec (of wall-clock time) 0.000072 sec (of CPU time)
Log-likelihood of RapidNJ tree: -4503.376
--------------------------------------------------------------------
|             INITIALIZING CANDIDATE TREE SET                      |
--------------------------------------------------------------------
Generating 98 parsimony trees... 0.134 second
Computing log-likelihood of 98 initial trees ... 0.240 seconds
Current best score: -4247.116

Do NNI search on 20 best initial trees
Estimate model parameters (epsilon = 0.100)
Initial log-likelihood: -4237.999
Current log-likelihood at step 1: -4237.910
Parameters optimization took 0 rounds (0.012 sec)

BETTER TREE FOUND at iteration 1: -4237.910
Estimate model parameters (epsilon = 0.100)
Initial log-likelihood: -4236.961
Current log-likelihood at step 1: -4236.800
Current log-likelihood at step 2: -4236.781
Parameters optimization took 1 rounds (0.024 sec)

BETTER TREE FOUND at iteration 2: -4236.781
Estimate model parameters (epsilon = 0.100)
Initial log-likelihood: -4230.085
Current log-likelihood at step 1: -4229.714
Current log-likelihood at step 2: -4229.695
Parameters optimization took 1 rounds (0.027 sec)

BETTER TREE FOUND at iteration 6: -4229.695
Estimate model parameters (epsilon = 0.100)
Initial log-likelihood: -4227.706
Current log-likelihood at step 1: -4227.518
Current log-likelihood at step 2: -4227.507
Parameters optimization took 1 rounds (0.021 sec)

BETTER TREE FOUND at iteration 7: -4227.507
Estimate model parameters (epsilon = 0.100)
Initial log-likelihood: -4224.006
Current log-likelihood at step 1: -4223.675
Current log-likelihood at step 2: -4223.664
Parameters optimization took 1 rounds (0.025 sec)

BETTER TREE FOUND at iteration 9: -4223.664
Iteration 10 / LogL: -4237.420 / Time: 0h:1m:54s
Iteration 20 / LogL: -4227.860 / Time: 0h:1m:55s
Finish initializing candidate tree set (10)
Current best tree score: -4223.664 / CPU time: 1.200
Number of iterations: 20
--------------------------------------------------------------------
|               OPTIMIZING CANDIDATE TREE SET                      |
--------------------------------------------------------------------
Iteration 30 / LogL: -4227.415 / Time: 0h:1m:55s (0h:0m:4s left)
Iteration 40 / LogL: -4227.382 / Time: 0h:1m:55s (0h:0m:3s left)
Iteration 50 / LogL: -4227.910 / Time: 0h:1m:56s (0h:0m:2s left)
UPDATE BEST LOG-LIKELIHOOD: -4223.662
Iteration 60 / LogL: -4227.808 / Time: 0h:1m:56s (0h:0m:2s left)
Iteration 70 / LogL: -4223.679 / Time: 0h:1m:56s (0h:0m:1s left)
Iteration 80 / LogL: -4223.674 / Time: 0h:1m:57s (0h:0m:1s left)
Iteration 90 / LogL: -4226.024 / Time: 0h:1m:57s (0h:0m:0s left)
Iteration 100 / LogL: -4223.678 / Time: 0h:1m:58s (0h:0m:0s left)
Iteration 110 / LogL: -4223.750 / Time: 0h:1m:58s (0h:0m:-1s left)
TREE SEARCH COMPLETED AFTER 110 ITERATIONS / Time: 0h:1m:58s

--------------------------------------------------------------------
|                    FINALIZING TREE SEARCH                        |
--------------------------------------------------------------------
Performs final model parameters optimization
Estimate model parameters (epsilon = 0.010)
Initial log-likelihood: -4223.662
Current log-likelihood at step 1: -4223.660
Partition-specific rates:  1.323 0.677
Parameters optimization took 0 rounds (0.008 sec)

Partition information was printed to partition_file.nex.best_model.nex
BEST SCORE FOUND : -4223.660
Total tree length: 6.972

Total number of iterations: 110
CPU time used for tree search: 4.560 sec (0h:0m:4s)
Wall-clock time used for tree search: 4.409 sec (0h:0m:4s)
Total CPU time used: 121.905 sec (0h:2m:1s)
Total wall-clock time used: 118.407 sec (0h:1m:58s)

===> START BOOTSTRAP REPLICATE NUMBER 25

Creating bootstrap alignment (seed: 631832)...
WARNING: States(s) K, M rarely appear in partition tdi and may cause numerical problems

Create initial parsimony tree by phylogenetic likelihood library (PLL)... 0.001 seconds
Reading model parameters from file /Users/mful870/Desktop/MD_3di_Dev_02Oct24/Scriptorum/SubstitutionMatrix/3di_substmat
WARNING: Normalizing state frequencies so that sum of them equals to 1

NOTE: 1 MB RAM (0 GB) is required!
Estimate model parameters (epsilon = 0.100)
Initial log-likelihood: -4345.399
Current log-likelihood at step 1: -4269.418
Current log-likelihood at step 2: -4265.005
Current log-likelihood at step 3: -4264.987
Partition-specific rates:  1.250 0.750
Parameters optimization took 2 rounds (0.046 sec)

Wrote distance file to... 
Computing ML distances based on estimated model parameters...
Calculating distance matrix: done in 4.29153e-05 secs using 86.22% CPU
Computing ML distances took 0.000095 sec (of wall-clock time) 0.000064 sec (of CPU time)
Setting up auxiliary I and S matrices: done in 2.7895e-05 secs using 75.28% CPU
Computing RapidNJ tree took 0.000126 sec (of wall-clock time) 0.000072 sec (of CPU time)
Log-likelihood of RapidNJ tree: -4533.498
--------------------------------------------------------------------
|             INITIALIZING CANDIDATE TREE SET                      |
--------------------------------------------------------------------
Generating 98 parsimony trees... 0.110 second
Computing log-likelihood of 98 initial trees ... 0.255 seconds
Current best score: -4259.489

Do NNI search on 20 best initial trees
Estimate model parameters (epsilon = 0.100)
Initial log-likelihood: -4255.096
Current log-likelihood at step 1: -4254.907
Current log-likelihood at step 2: -4254.903
Parameters optimization took 1 rounds (0.019 sec)

BETTER TREE FOUND at iteration 1: -4254.903
Estimate model parameters (epsilon = 0.100)
Initial log-likelihood: -4253.090
Current log-likelihood at step 1: -4252.904
Current log-likelihood at step 2: -4252.902
Parameters optimization took 1 rounds (0.027 sec)

BETTER TREE FOUND at iteration 2: -4252.902
Estimate model parameters (epsilon = 0.100)
Initial log-likelihood: -4248.115
Current log-likelihood at step 1: -4248.046
Parameters optimization took 0 rounds (0.012 sec)

BETTER TREE FOUND at iteration 7: -4248.046
Iteration 10 / LogL: -4259.764 / Time: 0h:1m:59s
Iteration 20 / LogL: -4259.742 / Time: 0h:1m:59s
Finish initializing candidate tree set (12)
Current best tree score: -4248.046 / CPU time: 0.994
Number of iterations: 20
--------------------------------------------------------------------
|               OPTIMIZING CANDIDATE TREE SET                      |
--------------------------------------------------------------------
Iteration 30 / LogL: -4250.349 / Time: 0h:1m:59s (0h:0m:3s left)
Iteration 40 / LogL: -4250.301 / Time: 0h:2m:0s (0h:0m:2s left)
Iteration 50 / LogL: -4248.164 / Time: 0h:2m:0s (0h:0m:2s left)
Iteration 60 / LogL: -4254.155 / Time: 0h:2m:0s (0h:0m:1s left)
Iteration 70 / LogL: -4248.067 / Time: 0h:2m:1s (0h:0m:1s left)
Iteration 80 / LogL: -4248.132 / Time: 0h:2m:1s (0h:0m:1s left)
Iteration 90 / LogL: -4252.034 / Time: 0h:2m:1s (0h:0m:0s left)
Iteration 100 / LogL: -4253.055 / Time: 0h:2m:2s (0h:0m:0s left)
TREE SEARCH COMPLETED AFTER 108 ITERATIONS / Time: 0h:2m:2s

--------------------------------------------------------------------
|                    FINALIZING TREE SEARCH                        |
--------------------------------------------------------------------
Performs final model parameters optimization
Estimate model parameters (epsilon = 0.010)
Initial log-likelihood: -4248.046
Current log-likelihood at step 1: -4248.043
Partition-specific rates:  1.255 0.745
Parameters optimization took 0 rounds (0.008 sec)

Partition information was printed to partition_file.nex.best_model.nex
BEST SCORE FOUND : -4248.043
Total tree length: 6.684

Total number of iterations: 108
CPU time used for tree search: 4.184 sec (0h:0m:4s)
Wall-clock time used for tree search: 4.029 sec (0h:0m:4s)
Total CPU time used: 126.181 sec (0h:2m:6s)
Total wall-clock time used: 122.526 sec (0h:2m:2s)

===> START BOOTSTRAP REPLICATE NUMBER 26

Creating bootstrap alignment (seed: 631833)...
WARNING: States(s) K, M rarely appear in partition tdi and may cause numerical problems

Create initial parsimony tree by phylogenetic likelihood library (PLL)... 0.001 seconds
Reading model parameters from file /Users/mful870/Desktop/MD_3di_Dev_02Oct24/Scriptorum/SubstitutionMatrix/3di_substmat
WARNING: Normalizing state frequencies so that sum of them equals to 1

NOTE: 1 MB RAM (0 GB) is required!
Estimate model parameters (epsilon = 0.100)
Initial log-likelihood: -4257.660
Current log-likelihood at step 1: -4160.982
Current log-likelihood at step 2: -4153.293
Current log-likelihood at step 3: -4153.270
Partition-specific rates:  1.298 0.702
Parameters optimization took 2 rounds (0.047 sec)

Wrote distance file to... 
Computing ML distances based on estimated model parameters...
Calculating distance matrix: done in 4.19617e-05 secs using 85.79% CPU
Computing ML distances took 0.000095 sec (of wall-clock time) 0.000064 sec (of CPU time)
Setting up auxiliary I and S matrices: done in 2.88486e-05 secs using 76.26% CPU
Computing RapidNJ tree took 0.000126 sec (of wall-clock time) 0.000074 sec (of CPU time)
Log-likelihood of RapidNJ tree: -4262.854
--------------------------------------------------------------------
|             INITIALIZING CANDIDATE TREE SET                      |
--------------------------------------------------------------------
Generating 98 parsimony trees... 0.112 second
Computing log-likelihood of 98 initial trees ... 0.252 seconds
Current best score: -4079.350

Do NNI search on 20 best initial trees
Estimate model parameters (epsilon = 0.100)
Initial log-likelihood: -4073.457
Current log-likelihood at step 1: -4073.253
Current log-likelihood at step 2: -4073.230
Parameters optimization took 1 rounds (0.024 sec)

BETTER TREE FOUND at iteration 1: -4073.230
Estimate model parameters (epsilon = 0.100)
Initial log-likelihood: -4071.663
Current log-likelihood at step 1: -4071.626
Parameters optimization took 0 rounds (0.009 sec)

BETTER TREE FOUND at iteration 4: -4071.626
Iteration 10 / LogL: -4086.180 / Time: 0h:2m:3s
Iteration 20 / LogL: -4071.715 / Time: 0h:2m:3s
Finish initializing candidate tree set (8)
Current best tree score: -4071.626 / CPU time: 1.086
Number of iterations: 20
--------------------------------------------------------------------
|               OPTIMIZING CANDIDATE TREE SET                      |
--------------------------------------------------------------------
Iteration 30 / LogL: -4071.923 / Time: 0h:2m:4s (0h:0m:4s left)
Iteration 40 / LogL: -4071.901 / Time: 0h:2m:4s (0h:0m:3s left)
UPDATE BEST LOG-LIKELIHOOD: -4071.626
UPDATE BEST LOG-LIKELIHOOD: -4071.625
UPDATE BEST LOG-LIKELIHOOD: -4071.623
Iteration 50 / LogL: -4071.623 / Time: 0h:2m:5s (0h:0m:2s left)
UPDATE BEST LOG-LIKELIHOOD: -4071.621
Iteration 60 / LogL: -4071.636 / Time: 0h:2m:5s (0h:0m:2s left)
Iteration 70 / LogL: -4071.624 / Time: 0h:2m:5s (0h:0m:1s left)
Iteration 80 / LogL: -4071.635 / Time: 0h:2m:6s (0h:0m:1s left)
Iteration 90 / LogL: -4071.636 / Time: 0h:2m:6s (0h:0m:0s left)
Iteration 100 / LogL: -4071.921 / Time: 0h:2m:6s (0h:0m:0s left)
UPDATE BEST LOG-LIKELIHOOD: -4071.621
TREE SEARCH COMPLETED AFTER 105 ITERATIONS / Time: 0h:2m:7s

--------------------------------------------------------------------
|                    FINALIZING TREE SEARCH                        |
--------------------------------------------------------------------
Performs final model parameters optimization
Estimate model parameters (epsilon = 0.010)
Initial log-likelihood: -4071.621
Current log-likelihood at step 1: -4071.620
Partition-specific rates:  1.316 0.684
Parameters optimization took 0 rounds (0.008 sec)

Partition information was printed to partition_file.nex.best_model.nex
BEST SCORE FOUND : -4071.620
Total tree length: 7.004

Total number of iterations: 105
CPU time used for tree search: 4.675 sec (0h:0m:4s)
Wall-clock time used for tree search: 4.541 sec (0h:0m:4s)
Total CPU time used: 130.955 sec (0h:2m:10s)
Total wall-clock time used: 127.161 sec (0h:2m:7s)

===> START BOOTSTRAP REPLICATE NUMBER 27

Creating bootstrap alignment (seed: 631834)...
WARNING: States(s) I, K, M rarely appear in partition tdi and may cause numerical problems

Create initial parsimony tree by phylogenetic likelihood library (PLL)... 0.001 seconds
Reading model parameters from file /Users/mful870/Desktop/MD_3di_Dev_02Oct24/Scriptorum/SubstitutionMatrix/3di_substmat
WARNING: Normalizing state frequencies so that sum of them equals to 1

NOTE: 1 MB RAM (0 GB) is required!
Estimate model parameters (epsilon = 0.100)
Initial log-likelihood: -4530.095
Current log-likelihood at step 1: -4448.581
Current log-likelihood at step 2: -4440.845
Current log-likelihood at step 3: -4440.838
Partition-specific rates:  1.314 0.686
Parameters optimization took 2 rounds (0.049 sec)

Wrote distance file to... 
Computing ML distances based on estimated model parameters...
Calculating distance matrix: done in 4.31538e-05 secs using 83.42% CPU
Computing ML distances took 0.000092 sec (of wall-clock time) 0.000064 sec (of CPU time)
Setting up auxiliary I and S matrices: done in 3.31402e-05 secs using 75.44% CPU
Computing RapidNJ tree took 0.000131 sec (of wall-clock time) 0.000085 sec (of CPU time)
Log-likelihood of RapidNJ tree: -4739.367
--------------------------------------------------------------------
|             INITIALIZING CANDIDATE TREE SET                      |
--------------------------------------------------------------------
Generating 98 parsimony trees... 0.137 second
Computing log-likelihood of 98 initial trees ... 0.257 seconds
Current best score: -4438.354

Do NNI search on 20 best initial trees
Estimate model parameters (epsilon = 0.100)
Initial log-likelihood: -4426.071
Current log-likelihood at step 1: -4425.467
Current log-likelihood at step 2: -4425.441
Parameters optimization took 1 rounds (0.024 sec)

BETTER TREE FOUND at iteration 1: -4425.441
Iteration 10 / LogL: -4425.870 / Time: 0h:2m:8s
Iteration 20 / LogL: -4425.879 / Time: 0h:2m:8s
Finish initializing candidate tree set (2)
Current best tree score: -4425.441 / CPU time: 1.261
Number of iterations: 20
--------------------------------------------------------------------
|               OPTIMIZING CANDIDATE TREE SET                      |
--------------------------------------------------------------------
Iteration 30 / LogL: -4425.736 / Time: 0h:2m:8s (0h:0m:4s left)
UPDATE BEST LOG-LIKELIHOOD: -4425.434
Iteration 40 / LogL: -4425.753 / Time: 0h:2m:9s (0h:0m:3s left)
Iteration 50 / LogL: -4425.865 / Time: 0h:2m:9s (0h:0m:2s left)
Iteration 60 / LogL: -4425.439 / Time: 0h:2m:10s (0h:0m:1s left)
Iteration 70 / LogL: -4425.469 / Time: 0h:2m:10s (0h:0m:1s left)
Iteration 80 / LogL: -4425.443 / Time: 0h:2m:10s (0h:0m:0s left)
Iteration 90 / LogL: -4425.469 / Time: 0h:2m:11s (0h:0m:0s left)
Iteration 100 / LogL: -4425.440 / Time: 0h:2m:11s (0h:0m:0s left)
TREE SEARCH COMPLETED AFTER 102 ITERATIONS / Time: 0h:2m:11s

--------------------------------------------------------------------
|                    FINALIZING TREE SEARCH                        |
--------------------------------------------------------------------
Performs final model parameters optimization
Estimate model parameters (epsilon = 0.010)
Initial log-likelihood: -4425.434
Current log-likelihood at step 1: -4425.433
Partition-specific rates:  1.317 0.683
Parameters optimization took 0 rounds (0.009 sec)

Partition information was printed to partition_file.nex.best_model.nex
BEST SCORE FOUND : -4425.433
Total tree length: 7.180

Total number of iterations: 102
CPU time used for tree search: 4.665 sec (0h:0m:4s)
Wall-clock time used for tree search: 4.512 sec (0h:0m:4s)
Total CPU time used: 135.719 sec (0h:2m:15s)
Total wall-clock time used: 131.772 sec (0h:2m:11s)

===> START BOOTSTRAP REPLICATE NUMBER 28

Creating bootstrap alignment (seed: 631835)...
WARNING: States(s) K, M rarely appear in partition tdi and may cause numerical problems

Create initial parsimony tree by phylogenetic likelihood library (PLL)... 0.001 seconds
Reading model parameters from file /Users/mful870/Desktop/MD_3di_Dev_02Oct24/Scriptorum/SubstitutionMatrix/3di_substmat
WARNING: Normalizing state frequencies so that sum of them equals to 1

NOTE: 1 MB RAM (0 GB) is required!
Estimate model parameters (epsilon = 0.100)
Initial log-likelihood: -4204.858
Current log-likelihood at step 1: -4132.677
Current log-likelihood at step 2: -4127.049
Current log-likelihood at step 3: -4127.036
Partition-specific rates:  1.240 0.760
Parameters optimization took 2 rounds (0.053 sec)

Wrote distance file to... 
Computing ML distances based on estimated model parameters...
Calculating distance matrix: done in 4.19617e-05 secs using 85.79% CPU
Computing ML distances took 0.000094 sec (of wall-clock time) 0.000063 sec (of CPU time)
Setting up auxiliary I and S matrices: done in 2.38419e-05 secs using 75.5% CPU
Computing RapidNJ tree took 0.000112 sec (of wall-clock time) 0.000065 sec (of CPU time)
Log-likelihood of RapidNJ tree: -4384.927
--------------------------------------------------------------------
|             INITIALIZING CANDIDATE TREE SET                      |
--------------------------------------------------------------------
Generating 98 parsimony trees... 0.127 second
Computing log-likelihood of 98 initial trees ... 0.248 seconds
Current best score: -4124.779

Do NNI search on 20 best initial trees
Estimate model parameters (epsilon = 0.100)
Initial log-likelihood: -4116.743
Current log-likelihood at step 1: -4116.333
Current log-likelihood at step 2: -4116.303
Parameters optimization took 1 rounds (0.025 sec)

BETTER TREE FOUND at iteration 1: -4116.303
Estimate model parameters (epsilon = 0.100)
Initial log-likelihood: -4116.188
Current log-likelihood at step 1: -4116.084
Current log-likelihood at step 2: -4116.078
Parameters optimization took 1 rounds (0.021 sec)

BETTER TREE FOUND at iteration 8: -4116.078
Iteration 10 / LogL: -4124.511 / Time: 0h:2m:12s
Iteration 20 / LogL: -4123.532 / Time: 0h:2m:13s
Finish initializing candidate tree set (10)
Current best tree score: -4116.078 / CPU time: 1.172
Number of iterations: 20
--------------------------------------------------------------------
|               OPTIMIZING CANDIDATE TREE SET                      |
--------------------------------------------------------------------
Iteration 30 / LogL: -4116.291 / Time: 0h:2m:13s (0h:0m:4s left)
Iteration 40 / LogL: -4116.598 / Time: 0h:2m:13s (0h:0m:3s left)
Iteration 50 / LogL: -4122.917 / Time: 0h:2m:14s (0h:0m:2s left)
Iteration 60 / LogL: -4116.490 / Time: 0h:2m:14s (0h:0m:2s left)
Iteration 70 / LogL: -4116.516 / Time: 0h:2m:15s (0h:0m:1s left)
Iteration 80 / LogL: -4116.357 / Time: 0h:2m:15s (0h:0m:1s left)
Iteration 90 / LogL: -4116.398 / Time: 0h:2m:15s (0h:0m:0s left)
Iteration 100 / LogL: -4116.365 / Time: 0h:2m:16s (0h:0m:0s left)
TREE SEARCH COMPLETED AFTER 109 ITERATIONS / Time: 0h:2m:16s

--------------------------------------------------------------------
|                    FINALIZING TREE SEARCH                        |
--------------------------------------------------------------------
Performs final model parameters optimization
Estimate model parameters (epsilon = 0.010)
Initial log-likelihood: -4116.078
Current log-likelihood at step 1: -4116.078
Partition-specific rates:  1.225 0.775
Parameters optimization took 0 rounds (0.008 sec)

Partition information was printed to partition_file.nex.best_model.nex
BEST SCORE FOUND : -4116.078
Total tree length: 6.672

Total number of iterations: 109
CPU time used for tree search: 4.833 sec (0h:0m:4s)
Wall-clock time used for tree search: 4.703 sec (0h:0m:4s)
Total CPU time used: 140.668 sec (0h:2m:20s)
Total wall-clock time used: 136.580 sec (0h:2m:16s)

===> START BOOTSTRAP REPLICATE NUMBER 29

Creating bootstrap alignment (seed: 631836)...
WARNING: States(s) K, M rarely appear in partition tdi and may cause numerical problems

Create initial parsimony tree by phylogenetic likelihood library (PLL)... 0.001 seconds
Reading model parameters from file /Users/mful870/Desktop/MD_3di_Dev_02Oct24/Scriptorum/SubstitutionMatrix/3di_substmat
WARNING: Normalizing state frequencies so that sum of them equals to 1

NOTE: 1 MB RAM (0 GB) is required!
Estimate model parameters (epsilon = 0.100)
Initial log-likelihood: -4001.084
Current log-likelihood at step 1: -3928.276
Current log-likelihood at step 2: -3920.759
Current log-likelihood at step 3: -3920.751
Partition-specific rates:  1.321 0.679
Parameters optimization took 2 rounds (0.056 sec)

Wrote distance file to... 
Computing ML distances based on estimated model parameters...
Calculating distance matrix: done in 4.41074e-05 secs using 83.89% CPU
Computing ML distances took 0.000104 sec (of wall-clock time) 0.000064 sec (of CPU time)
Setting up auxiliary I and S matrices: done in 3.79086e-05 secs using 76.5% CPU
Computing RapidNJ tree took 0.000145 sec (of wall-clock time) 0.000085 sec (of CPU time)
Log-likelihood of RapidNJ tree: -4132.023
--------------------------------------------------------------------
|             INITIALIZING CANDIDATE TREE SET                      |
--------------------------------------------------------------------
Generating 98 parsimony trees... 0.131 second
Computing log-likelihood of 98 initial trees ... 0.265 seconds
Current best score: -3920.751

Do NNI search on 20 best initial trees
Estimate model parameters (epsilon = 0.100)
Initial log-likelihood: -3902.257
Current log-likelihood at step 1: -3902.187
Parameters optimization took 0 rounds (0.013 sec)

BETTER TREE FOUND at iteration 1: -3902.187
Estimate model parameters (epsilon = 0.100)
Initial log-likelihood: -3900.796
Current log-likelihood at step 1: -3900.767
Parameters optimization took 0 rounds (0.009 sec)

BETTER TREE FOUND at iteration 5: -3900.767
Iteration 10 / LogL: -3915.258 / Time: 0h:2m:17s
UPDATE BEST LOG-LIKELIHOOD: -3900.767
Iteration 20 / LogL: -3909.459 / Time: 0h:2m:18s
Finish initializing candidate tree set (6)
Current best tree score: -3900.767 / CPU time: 1.392
Number of iterations: 20
--------------------------------------------------------------------
|               OPTIMIZING CANDIDATE TREE SET                      |
--------------------------------------------------------------------
Estimate model parameters (epsilon = 0.100)
Initial log-likelihood: -3899.927
Current log-likelihood at step 1: -3899.903
Parameters optimization took 0 rounds (0.009 sec)

BETTER TREE FOUND at iteration 27: -3899.903
Iteration 30 / LogL: -3901.522 / Time: 0h:2m:18s (0h:0m:6s left)
Iteration 40 / LogL: -3899.965 / Time: 0h:2m:18s (0h:0m:5s left)
Iteration 50 / LogL: -3899.919 / Time: 0h:2m:19s (0h:0m:4s left)
UPDATE BEST LOG-LIKELIHOOD: -3899.901
Iteration 60 / LogL: -3899.922 / Time: 0h:2m:19s (0h:0m:3s left)
UPDATE BEST LOG-LIKELIHOOD: -3899.899
Iteration 70 / LogL: -3901.502 / Time: 0h:2m:20s (0h:0m:3s left)
Iteration 80 / LogL: -3901.632 / Time: 0h:2m:20s (0h:0m:2s left)
Iteration 90 / LogL: -3902.481 / Time: 0h:2m:21s (0h:0m:1s left)
Iteration 100 / LogL: -3901.055 / Time: 0h:2m:21s (0h:0m:1s left)
Iteration 110 / LogL: -3902.125 / Time: 0h:2m:21s (0h:0m:0s left)
Iteration 120 / LogL: -3899.957 / Time: 0h:2m:22s (0h:0m:0s left)
TREE SEARCH COMPLETED AFTER 128 ITERATIONS / Time: 0h:2m:22s

--------------------------------------------------------------------
|                    FINALIZING TREE SEARCH                        |
--------------------------------------------------------------------
Performs final model parameters optimization
Estimate model parameters (epsilon = 0.010)
Initial log-likelihood: -3899.899
Current log-likelihood at step 1: -3899.898
Partition-specific rates:  1.318 0.682
Parameters optimization took 0 rounds (0.008 sec)

Partition information was printed to partition_file.nex.best_model.nex
BEST SCORE FOUND : -3899.898
Total tree length: 6.384

Total number of iterations: 128
CPU time used for tree search: 6.259 sec (0h:0m:6s)
Wall-clock time used for tree search: 6.122 sec (0h:0m:6s)
Total CPU time used: 147.038 sec (0h:2m:27s)
Total wall-clock time used: 142.806 sec (0h:2m:22s)

===> START BOOTSTRAP REPLICATE NUMBER 30

Creating bootstrap alignment (seed: 631837)...
WARNING: States(s) K, M rarely appear in partition tdi and may cause numerical problems

Create initial parsimony tree by phylogenetic likelihood library (PLL)... 0.001 seconds
Reading model parameters from file /Users/mful870/Desktop/MD_3di_Dev_02Oct24/Scriptorum/SubstitutionMatrix/3di_substmat
WARNING: Normalizing state frequencies so that sum of them equals to 1

NOTE: 1 MB RAM (0 GB) is required!
Estimate model parameters (epsilon = 0.100)
Initial log-likelihood: -4333.112
Current log-likelihood at step 1: -4260.151
Current log-likelihood at step 2: -4255.807
Current log-likelihood at step 3: -4255.806
Partition-specific rates:  1.268 0.732
Parameters optimization took 2 rounds (0.042 sec)

Wrote distance file to... 
Computing ML distances based on estimated model parameters...
Calculating distance matrix: done in 4.19617e-05 secs using 85.79% CPU
Computing ML distances took 0.000093 sec (of wall-clock time) 0.000063 sec (of CPU time)
Setting up auxiliary I and S matrices: done in 4.19617e-05 secs using 76.26% CPU
Computing RapidNJ tree took 0.000165 sec (of wall-clock time) 0.000103 sec (of CPU time)
Log-likelihood of RapidNJ tree: -4538.018
--------------------------------------------------------------------
|             INITIALIZING CANDIDATE TREE SET                      |
--------------------------------------------------------------------
Generating 98 parsimony trees... 0.127 second
Computing log-likelihood of 98 initial trees ... 0.254 seconds
Current best score: -4255.806

Do NNI search on 20 best initial trees
Estimate model parameters (epsilon = 0.100)
Initial log-likelihood: -4255.093
Current log-likelihood at step 1: -4255.090
Parameters optimization took 0 rounds (0.008 sec)

BETTER TREE FOUND at iteration 1: -4255.090
Estimate model parameters (epsilon = 0.100)
Initial log-likelihood: -4252.996
Current log-likelihood at step 1: -4252.963
Parameters optimization took 0 rounds (0.008 sec)

BETTER TREE FOUND at iteration 2: -4252.963
Estimate model parameters (epsilon = 0.100)
Initial log-likelihood: -4252.006
Current log-likelihood at step 1: -4251.975
Parameters optimization took 0 rounds (0.008 sec)

BETTER TREE FOUND at iteration 3: -4251.975
Iteration 10 / LogL: -4251.977 / Time: 0h:2m:23s
Iteration 20 / LogL: -4251.977 / Time: 0h:2m:24s
Finish initializing candidate tree set (6)
Current best tree score: -4251.975 / CPU time: 1.155
Number of iterations: 20
--------------------------------------------------------------------
|               OPTIMIZING CANDIDATE TREE SET                      |
--------------------------------------------------------------------
Iteration 30 / LogL: -4252.996 / Time: 0h:2m:24s (0h:0m:4s left)
Iteration 40 / LogL: -4252.990 / Time: 0h:2m:24s (0h:0m:3s left)
Estimate model parameters (epsilon = 0.100)
Initial log-likelihood: -4250.463
Current log-likelihood at step 1: -4250.441
Parameters optimization took 0 rounds (0.013 sec)

BETTER TREE FOUND at iteration 49: -4250.441
Iteration 50 / LogL: -4252.013 / Time: 0h:2m:25s (0h:0m:5s left)
Iteration 60 / LogL: -4253.000 / Time: 0h:2m:25s (0h:0m:4s left)
UPDATE BEST LOG-LIKELIHOOD: -4250.441
UPDATE BEST LOG-LIKELIHOOD: -4250.441
Iteration 70 / LogL: -4266.202 / Time: 0h:2m:26s (0h:0m:3s left)
Iteration 80 / LogL: -4255.121 / Time: 0h:2m:26s (0h:0m:3s left)
UPDATE BEST LOG-LIKELIHOOD: -4250.441
Iteration 90 / LogL: -4252.060 / Time: 0h:2m:27s (0h:0m:2s left)
Iteration 100 / LogL: -4251.178 / Time: 0h:2m:27s (0h:0m:2s left)
Iteration 110 / LogL: -4251.178 / Time: 0h:2m:27s (0h:0m:1s left)
Iteration 120 / LogL: -4250.441 / Time: 0h:2m:28s (0h:0m:1s left)
Iteration 130 / LogL: -4255.019 / Time: 0h:2m:28s (0h:0m:0s left)
Iteration 140 / LogL: -4250.441 / Time: 0h:2m:29s (0h:0m:0s left)
Iteration 150 / LogL: -4250.820 / Time: 0h:2m:29s (0h:0m:-1s left)
TREE SEARCH COMPLETED AFTER 150 ITERATIONS / Time: 0h:2m:29s

--------------------------------------------------------------------
|                    FINALIZING TREE SEARCH                        |
--------------------------------------------------------------------
Performs final model parameters optimization
Estimate model parameters (epsilon = 0.010)
Initial log-likelihood: -4250.441
Current log-likelihood at step 1: -4250.441
Partition-specific rates:  1.268 0.732
Parameters optimization took 0 rounds (0.008 sec)

Partition information was printed to partition_file.nex.best_model.nex
BEST SCORE FOUND : -4250.441
Total tree length: 6.481

Total number of iterations: 150
CPU time used for tree search: 6.951 sec (0h:0m:6s)
Wall-clock time used for tree search: 6.818 sec (0h:0m:6s)
Total CPU time used: 154.078 sec (0h:2m:34s)
Total wall-clock time used: 149.710 sec (0h:2m:29s)

===> START BOOTSTRAP REPLICATE NUMBER 31

Creating bootstrap alignment (seed: 631838)...
WARNING: States(s) K, M rarely appear in partition tdi and may cause numerical problems

Create initial parsimony tree by phylogenetic likelihood library (PLL)... 0.001 seconds
Reading model parameters from file /Users/mful870/Desktop/MD_3di_Dev_02Oct24/Scriptorum/SubstitutionMatrix/3di_substmat
WARNING: Normalizing state frequencies so that sum of them equals to 1

NOTE: 1 MB RAM (0 GB) is required!
Estimate model parameters (epsilon = 0.100)
Initial log-likelihood: -4272.641
Current log-likelihood at step 1: -4179.480
Current log-likelihood at step 2: -4173.798
Current log-likelihood at step 3: -4173.797
Partition-specific rates:  1.279 0.721
Parameters optimization took 2 rounds (0.044 sec)

Wrote distance file to... 
Computing ML distances based on estimated model parameters...
Calculating distance matrix: done in 6.60419e-05 secs using 84.79% CPU
Computing ML distances took 0.000129 sec (of wall-clock time) 0.000097 sec (of CPU time)
Setting up auxiliary I and S matrices: done in 3.79086e-05 secs using 79.14% CPU
Computing RapidNJ tree took 0.000197 sec (of wall-clock time) 0.000122 sec (of CPU time)
Log-likelihood of RapidNJ tree: -4407.606
--------------------------------------------------------------------
|             INITIALIZING CANDIDATE TREE SET                      |
--------------------------------------------------------------------
Generating 98 parsimony trees... 0.128 second
Computing log-likelihood of 98 initial trees ... 0.255 seconds
Current best score: -4166.360

Do NNI search on 20 best initial trees
Estimate model parameters (epsilon = 0.100)
Initial log-likelihood: -4159.993
Current log-likelihood at step 1: -4159.547
Current log-likelihood at step 2: -4159.535
Parameters optimization took 1 rounds (0.024 sec)

BETTER TREE FOUND at iteration 1: -4159.535
Iteration 10 / LogL: -4162.817 / Time: 0h:2m:30s
Estimate model parameters (epsilon = 0.100)
Initial log-likelihood: -4157.250
Current log-likelihood at step 1: -4157.186
Parameters optimization took 0 rounds (0.013 sec)

BETTER TREE FOUND at iteration 13: -4157.186
Iteration 20 / LogL: -4163.164 / Time: 0h:2m:30s
Finish initializing candidate tree set (8)
Current best tree score: -4157.186 / CPU time: 1.014
Number of iterations: 20
--------------------------------------------------------------------
|               OPTIMIZING CANDIDATE TREE SET                      |
--------------------------------------------------------------------
Iteration 30 / LogL: -4170.035 / Time: 0h:2m:31s (0h:0m:4s left)
Iteration 40 / LogL: -4157.188 / Time: 0h:2m:31s (0h:0m:3s left)
Iteration 50 / LogL: -4161.477 / Time: 0h:2m:32s (0h:0m:2s left)
Iteration 60 / LogL: -4157.215 / Time: 0h:2m:32s (0h:0m:2s left)
Iteration 70 / LogL: -4159.580 / Time: 0h:2m:32s (0h:0m:1s left)
Iteration 80 / LogL: -4159.585 / Time: 0h:2m:33s (0h:0m:1s left)
Iteration 90 / LogL: -4162.224 / Time: 0h:2m:33s (0h:0m:0s left)
Iteration 100 / LogL: -4157.187 / Time: 0h:2m:33s (0h:0m:0s left)
Iteration 110 / LogL: -4161.149 / Time: 0h:2m:34s (0h:0m:0s left)
TREE SEARCH COMPLETED AFTER 114 ITERATIONS / Time: 0h:2m:34s

--------------------------------------------------------------------
|                    FINALIZING TREE SEARCH                        |
--------------------------------------------------------------------
Performs final model parameters optimization
Estimate model parameters (epsilon = 0.010)
Initial log-likelihood: -4157.186
Current log-likelihood at step 1: -4157.183
Partition-specific rates:  1.268 0.732
Parameters optimization took 0 rounds (0.008 sec)

Partition information was printed to partition_file.nex.best_model.nex
BEST SCORE FOUND : -4157.183
Total tree length: 6.679

Total number of iterations: 114
CPU time used for tree search: 4.684 sec (0h:0m:4s)
Wall-clock time used for tree search: 4.536 sec (0h:0m:4s)
Total CPU time used: 158.858 sec (0h:2m:38s)
Total wall-clock time used: 154.342 sec (0h:2m:34s)

===> START BOOTSTRAP REPLICATE NUMBER 32

Creating bootstrap alignment (seed: 631839)...
WARNING: States(s) I, K, M rarely appear in partition tdi and may cause numerical problems

Create initial parsimony tree by phylogenetic likelihood library (PLL)... 0.001 seconds
Reading model parameters from file /Users/mful870/Desktop/MD_3di_Dev_02Oct24/Scriptorum/SubstitutionMatrix/3di_substmat
WARNING: Normalizing state frequencies so that sum of them equals to 1

NOTE: 1 MB RAM (0 GB) is required!
Estimate model parameters (epsilon = 0.100)
Initial log-likelihood: -4396.106
Current log-likelihood at step 1: -4320.353
Current log-likelihood at step 2: -4318.392
Current log-likelihood at step 3: -4318.383
Partition-specific rates:  1.278 0.722
Parameters optimization took 2 rounds (0.043 sec)

Wrote distance file to... 
Computing ML distances based on estimated model parameters...
Calculating distance matrix: done in 4.1008e-05 secs using 85.35% CPU
Computing ML distances took 0.000086 sec (of wall-clock time) 0.000063 sec (of CPU time)
Setting up auxiliary I and S matrices: done in 3.19481e-05 secs using 78.25% CPU
Computing RapidNJ tree took 0.000128 sec (of wall-clock time) 0.000082 sec (of CPU time)
Log-likelihood of RapidNJ tree: -4492.774
--------------------------------------------------------------------
|             INITIALIZING CANDIDATE TREE SET                      |
--------------------------------------------------------------------
Generating 98 parsimony trees... 0.129 second
Computing log-likelihood of 98 initial trees ... 0.254 seconds
Current best score: -4300.523

Do NNI search on 20 best initial trees
Estimate model parameters (epsilon = 0.100)
Initial log-likelihood: -4293.698
Current log-likelihood at step 1: -4293.517
Current log-likelihood at step 2: -4293.508
Parameters optimization took 1 rounds (0.028 sec)

BETTER TREE FOUND at iteration 1: -4293.508
Estimate model parameters (epsilon = 0.100)
Initial log-likelihood: -4291.467
Current log-likelihood at step 1: -4291.427
Parameters optimization took 0 rounds (0.013 sec)

BETTER TREE FOUND at iteration 2: -4291.427
Iteration 10 / LogL: -4296.872 / Time: 0h:2m:35s
Iteration 20 / LogL: -4295.511 / Time: 0h:2m:35s
Finish initializing candidate tree set (12)
Current best tree score: -4291.427 / CPU time: 1.262
Number of iterations: 20
--------------------------------------------------------------------
|               OPTIMIZING CANDIDATE TREE SET                      |
--------------------------------------------------------------------
Iteration 30 / LogL: -4291.568 / Time: 0h:2m:36s (0h:0m:4s left)
Iteration 40 / LogL: -4291.564 / Time: 0h:2m:36s (0h:0m:3s left)
Iteration 50 / LogL: -4291.450 / Time: 0h:2m:37s (0h:0m:2s left)
Iteration 60 / LogL: -4293.295 / Time: 0h:2m:37s (0h:0m:2s left)
Iteration 70 / LogL: -4291.844 / Time: 0h:2m:37s (0h:0m:1s left)
Iteration 80 / LogL: -4292.191 / Time: 0h:2m:38s (0h:0m:1s left)
Iteration 90 / LogL: -4291.626 / Time: 0h:2m:38s (0h:0m:0s left)
Iteration 100 / LogL: -4291.428 / Time: 0h:2m:39s (0h:0m:0s left)
TREE SEARCH COMPLETED AFTER 103 ITERATIONS / Time: 0h:2m:39s

--------------------------------------------------------------------
|                    FINALIZING TREE SEARCH                        |
--------------------------------------------------------------------
Performs final model parameters optimization
Estimate model parameters (epsilon = 0.010)
Initial log-likelihood: -4291.427
Current log-likelihood at step 1: -4291.426
Partition-specific rates:  1.243 0.757
Parameters optimization took 0 rounds (0.008 sec)

Partition information was printed to partition_file.nex.best_model.nex
BEST SCORE FOUND : -4291.426
Total tree length: 6.221

Total number of iterations: 103
CPU time used for tree search: 5.125 sec (0h:0m:5s)
Wall-clock time used for tree search: 4.970 sec (0h:0m:4s)
Total CPU time used: 164.077 sec (0h:2m:44s)
Total wall-clock time used: 159.400 sec (0h:2m:39s)

===> START BOOTSTRAP REPLICATE NUMBER 33

Creating bootstrap alignment (seed: 631840)...
WARNING: States(s) I, K, M rarely appear in partition tdi and may cause numerical problems

Create initial parsimony tree by phylogenetic likelihood library (PLL)... 0.001 seconds
Reading model parameters from file /Users/mful870/Desktop/MD_3di_Dev_02Oct24/Scriptorum/SubstitutionMatrix/3di_substmat
WARNING: Normalizing state frequencies so that sum of them equals to 1

NOTE: 1 MB RAM (0 GB) is required!
Estimate model parameters (epsilon = 0.100)
Initial log-likelihood: -4385.761
Current log-likelihood at step 1: -4303.218
Current log-likelihood at step 2: -4298.268
Current log-likelihood at step 3: -4298.260
Partition-specific rates:  1.203 0.797
Parameters optimization took 2 rounds (0.049 sec)

Wrote distance file to... 
Computing ML distances based on estimated model parameters...
Calculating distance matrix: done in 4.31538e-05 secs using 83.42% CPU
Computing ML distances took 0.000087 sec (of wall-clock time) 0.000065 sec (of CPU time)
Setting up auxiliary I and S matrices: done in 2.71797e-05 secs using 77.26% CPU
Computing RapidNJ tree took 0.000113 sec (of wall-clock time) 0.000071 sec (of CPU time)
Log-likelihood of RapidNJ tree: -4478.338
--------------------------------------------------------------------
|             INITIALIZING CANDIDATE TREE SET                      |
--------------------------------------------------------------------
Generating 98 parsimony trees... 0.129 second
Computing log-likelihood of 98 initial trees ... 0.240 seconds
Current best score: -4287.350

Do NNI search on 20 best initial trees
Estimate model parameters (epsilon = 0.100)
Initial log-likelihood: -4281.481
Current log-likelihood at step 1: -4281.215
Current log-likelihood at step 2: -4281.204
Parameters optimization took 1 rounds (0.025 sec)

BETTER TREE FOUND at iteration 1: -4281.204
Estimate model parameters (epsilon = 0.100)
Initial log-likelihood: -4275.909
Current log-likelihood at step 1: -4275.787
Current log-likelihood at step 2: -4275.784
Parameters optimization took 1 rounds (0.020 sec)

BETTER TREE FOUND at iteration 2: -4275.784
Iteration 10 / LogL: -4282.206 / Time: 0h:2m:40s
Iteration 20 / LogL: -4289.806 / Time: 0h:2m:40s
Finish initializing candidate tree set (8)
Current best tree score: -4275.784 / CPU time: 1.090
Number of iterations: 20
--------------------------------------------------------------------
|               OPTIMIZING CANDIDATE TREE SET                      |
--------------------------------------------------------------------
Iteration 30 / LogL: -4282.206 / Time: 0h:2m:40s (0h:0m:3s left)
UPDATE BEST LOG-LIKELIHOOD: -4275.784
Iteration 40 / LogL: -4282.206 / Time: 0h:2m:41s (0h:0m:3s left)
Iteration 50 / LogL: -4282.206 / Time: 0h:2m:41s (0h:0m:2s left)
Iteration 60 / LogL: -4275.833 / Time: 0h:2m:42s (0h:0m:1s left)
Iteration 70 / LogL: -4282.206 / Time: 0h:2m:42s (0h:0m:1s left)
Iteration 80 / LogL: -4281.463 / Time: 0h:2m:42s (0h:0m:0s left)
Iteration 90 / LogL: -4282.206 / Time: 0h:2m:43s (0h:0m:0s left)
Iteration 100 / LogL: -4282.206 / Time: 0h:2m:43s (0h:0m:0s left)
TREE SEARCH COMPLETED AFTER 103 ITERATIONS / Time: 0h:2m:43s

--------------------------------------------------------------------
|                    FINALIZING TREE SEARCH                        |
--------------------------------------------------------------------
Performs final model parameters optimization
Estimate model parameters (epsilon = 0.010)
Initial log-likelihood: -4275.784
Current log-likelihood at step 1: -4275.784
Partition-specific rates:  1.192 0.808
Parameters optimization took 0 rounds (0.008 sec)

Partition information was printed to partition_file.nex.best_model.nex
BEST SCORE FOUND : -4275.784
Total tree length: 6.963

Total number of iterations: 103
CPU time used for tree search: 4.517 sec (0h:0m:4s)
Wall-clock time used for tree search: 4.370 sec (0h:0m:4s)
Total CPU time used: 168.688 sec (0h:2m:48s)
Total wall-clock time used: 163.864 sec (0h:2m:43s)

===> START BOOTSTRAP REPLICATE NUMBER 34

Creating bootstrap alignment (seed: 631841)...
WARNING: States(s) K, M rarely appear in partition tdi and may cause numerical problems

Create initial parsimony tree by phylogenetic likelihood library (PLL)... 0.001 seconds
Reading model parameters from file /Users/mful870/Desktop/MD_3di_Dev_02Oct24/Scriptorum/SubstitutionMatrix/3di_substmat
WARNING: Normalizing state frequencies so that sum of them equals to 1

NOTE: 1 MB RAM (0 GB) is required!
Estimate model parameters (epsilon = 0.100)
Initial log-likelihood: -4448.851
Current log-likelihood at step 1: -4350.287
Current log-likelihood at step 2: -4345.467
Current log-likelihood at step 3: -4345.437
Partition-specific rates:  1.348 0.652
Parameters optimization took 2 rounds (0.050 sec)

Wrote distance file to... 
Computing ML distances based on estimated model parameters...
Calculating distance matrix: done in 4.31538e-05 secs using 85.74% CPU
Computing ML distances took 0.000094 sec (of wall-clock time) 0.000065 sec (of CPU time)
Setting up auxiliary I and S matrices: done in 3.21865e-05 secs using 77.67% CPU
Computing RapidNJ tree took 0.000132 sec (of wall-clock time) 0.000083 sec (of CPU time)
Log-likelihood of RapidNJ tree: -4566.505
--------------------------------------------------------------------
|             INITIALIZING CANDIDATE TREE SET                      |
--------------------------------------------------------------------
Generating 98 parsimony trees... 0.126 second
Computing log-likelihood of 98 initial trees ... 0.248 seconds
Current best score: -4342.176

Do NNI search on 20 best initial trees
Estimate model parameters (epsilon = 0.100)
Initial log-likelihood: -4331.506
Current log-likelihood at step 1: -4331.355
Current log-likelihood at step 2: -4331.351
Parameters optimization took 1 rounds (0.025 sec)

BETTER TREE FOUND at iteration 1: -4331.351
Estimate model parameters (epsilon = 0.100)
Initial log-likelihood: -4329.937
Current log-likelihood at step 1: -4329.848
Parameters optimization took 0 rounds (0.013 sec)

BETTER TREE FOUND at iteration 2: -4329.848
Estimate model parameters (epsilon = 0.100)
Initial log-likelihood: -4329.245
Current log-likelihood at step 1: -4329.161
Parameters optimization took 0 rounds (0.008 sec)

BETTER TREE FOUND at iteration 3: -4329.161
Estimate model parameters (epsilon = 0.100)
Initial log-likelihood: -4327.963
Current log-likelihood at step 1: -4327.754
Current log-likelihood at step 2: -4327.744
Parameters optimization took 1 rounds (0.027 sec)

BETTER TREE FOUND at iteration 4: -4327.744
Estimate model parameters (epsilon = 0.100)
Initial log-likelihood: -4327.492
Current log-likelihood at step 1: -4327.148
Current log-likelihood at step 2: -4327.145
Parameters optimization took 1 rounds (0.018 sec)

BETTER TREE FOUND at iteration 5: -4327.145
Estimate model parameters (epsilon = 0.100)
Initial log-likelihood: -4326.733
Current log-likelihood at step 1: -4326.690
Parameters optimization took 0 rounds (0.013 sec)

BETTER TREE FOUND at iteration 7: -4326.690
Iteration 10 / LogL: -4330.332 / Time: 0h:2m:44s
Iteration 20 / LogL: -4331.434 / Time: 0h:2m:45s
Finish initializing candidate tree set (16)
Current best tree score: -4326.690 / CPU time: 1.230
Number of iterations: 20
--------------------------------------------------------------------
|               OPTIMIZING CANDIDATE TREE SET                      |
--------------------------------------------------------------------
Iteration 30 / LogL: -4326.718 / Time: 0h:2m:45s (0h:0m:4s left)
Iteration 40 / LogL: -4326.704 / Time: 0h:2m:45s (0h:0m:3s left)
Iteration 50 / LogL: -4326.711 / Time: 0h:2m:46s (0h:0m:2s left)
Iteration 60 / LogL: -4328.380 / Time: 0h:2m:46s (0h:0m:2s left)
Iteration 70 / LogL: -4329.801 / Time: 0h:2m:47s (0h:0m:1s left)
Iteration 80 / LogL: -4330.288 / Time: 0h:2m:47s (0h:0m:1s left)
Iteration 90 / LogL: -4326.793 / Time: 0h:2m:47s (0h:0m:0s left)
Iteration 100 / LogL: -4326.713 / Time: 0h:2m:48s (0h:0m:0s left)
TREE SEARCH COMPLETED AFTER 108 ITERATIONS / Time: 0h:2m:48s

--------------------------------------------------------------------
|                    FINALIZING TREE SEARCH                        |
--------------------------------------------------------------------
Performs final model parameters optimization
Estimate model parameters (epsilon = 0.010)
Initial log-likelihood: -4326.690
Current log-likelihood at step 1: -4326.688
Partition-specific rates:  1.356 0.644
Parameters optimization took 0 rounds (0.008 sec)

Partition information was printed to partition_file.nex.best_model.nex
BEST SCORE FOUND : -4326.688
Total tree length: 7.014

Total number of iterations: 108
CPU time used for tree search: 4.592 sec (0h:0m:4s)
Wall-clock time used for tree search: 4.450 sec (0h:0m:4s)
Total CPU time used: 173.379 sec (0h:2m:53s)
Total wall-clock time used: 168.414 sec (0h:2m:48s)

===> START BOOTSTRAP REPLICATE NUMBER 35

Creating bootstrap alignment (seed: 631842)...
WARNING: States(s) I, K, M rarely appear in partition tdi and may cause numerical problems

Create initial parsimony tree by phylogenetic likelihood library (PLL)... 0.001 seconds
Reading model parameters from file /Users/mful870/Desktop/MD_3di_Dev_02Oct24/Scriptorum/SubstitutionMatrix/3di_substmat
WARNING: Normalizing state frequencies so that sum of them equals to 1

NOTE: 1 MB RAM (0 GB) is required!
Estimate model parameters (epsilon = 0.100)
Initial log-likelihood: -4199.147
Current log-likelihood at step 1: -4103.431
Current log-likelihood at step 2: -4098.629
Current log-likelihood at step 3: -4098.618
Partition-specific rates:  1.182 0.818
Parameters optimization took 2 rounds (0.047 sec)

Wrote distance file to... 
Computing ML distances based on estimated model parameters...
Calculating distance matrix: done in 4.19617e-05 secs using 88.18% CPU
Computing ML distances took 0.000094 sec (of wall-clock time) 0.000063 sec (of CPU time)
Setting up auxiliary I and S matrices: done in 2.7895e-05 secs using 78.87% CPU
Computing RapidNJ tree took 0.000130 sec (of wall-clock time) 0.000074 sec (of CPU time)
Log-likelihood of RapidNJ tree: -4327.248
--------------------------------------------------------------------
|             INITIALIZING CANDIDATE TREE SET                      |
--------------------------------------------------------------------
Generating 98 parsimony trees... 0.126 second
Computing log-likelihood of 97 initial trees ... 0.258 seconds
Current best score: -4084.695

Do NNI search on 20 best initial trees
Estimate model parameters (epsilon = 0.100)
Initial log-likelihood: -4076.372
Current log-likelihood at step 1: -4075.678
Current log-likelihood at step 2: -4075.676
Parameters optimization took 1 rounds (0.023 sec)

BETTER TREE FOUND at iteration 1: -4075.676
Iteration 10 / LogL: -4078.447 / Time: 0h:2m:49s
Iteration 20 / LogL: -4081.367 / Time: 0h:2m:49s
Finish initializing candidate tree set (10)
Current best tree score: -4075.676 / CPU time: 1.156
Number of iterations: 20
--------------------------------------------------------------------
|               OPTIMIZING CANDIDATE TREE SET                      |
--------------------------------------------------------------------
Iteration 30 / LogL: -4077.860 / Time: 0h:2m:50s (0h:0m:3s left)
Iteration 40 / LogL: -4077.260 / Time: 0h:2m:50s (0h:0m:3s left)
Iteration 50 / LogL: -4075.678 / Time: 0h:2m:50s (0h:0m:2s left)
Iteration 60 / LogL: -4080.325 / Time: 0h:2m:51s (0h:0m:1s left)
Iteration 70 / LogL: -4075.678 / Time: 0h:2m:51s (0h:0m:1s left)
Iteration 80 / LogL: -4077.435 / Time: 0h:2m:52s (0h:0m:0s left)
Iteration 90 / LogL: -4075.903 / Time: 0h:2m:52s (0h:0m:0s left)
Iteration 100 / LogL: -4077.249 / Time: 0h:2m:53s (0h:0m:0s left)
TREE SEARCH COMPLETED AFTER 102 ITERATIONS / Time: 0h:2m:53s

--------------------------------------------------------------------
|                    FINALIZING TREE SEARCH                        |
--------------------------------------------------------------------
Performs final model parameters optimization
Estimate model parameters (epsilon = 0.010)
Initial log-likelihood: -4075.676
Current log-likelihood at step 1: -4075.676
Partition-specific rates:  1.201 0.799
Parameters optimization took 0 rounds (0.008 sec)

Partition information was printed to partition_file.nex.best_model.nex
BEST SCORE FOUND : -4075.676
Total tree length: 6.849

Total number of iterations: 102
CPU time used for tree search: 4.775 sec (0h:0m:4s)
Wall-clock time used for tree search: 4.627 sec (0h:0m:4s)
Total CPU time used: 178.256 sec (0h:2m:58s)
Total wall-clock time used: 173.137 sec (0h:2m:53s)

===> START BOOTSTRAP REPLICATE NUMBER 36

Creating bootstrap alignment (seed: 631843)...
WARNING: States(s) K, M rarely appear in partition tdi and may cause numerical problems

Create initial parsimony tree by phylogenetic likelihood library (PLL)... 0.001 seconds
Reading model parameters from file /Users/mful870/Desktop/MD_3di_Dev_02Oct24/Scriptorum/SubstitutionMatrix/3di_substmat
WARNING: Normalizing state frequencies so that sum of them equals to 1

NOTE: 1 MB RAM (0 GB) is required!
Estimate model parameters (epsilon = 0.100)
Initial log-likelihood: -4531.053
Current log-likelihood at step 1: -4445.161
Current log-likelihood at step 2: -4441.923
Current log-likelihood at step 3: -4441.916
Partition-specific rates:  1.207 0.793
Parameters optimization took 2 rounds (0.048 sec)

Wrote distance file to... 
Computing ML distances based on estimated model parameters...
Calculating distance matrix: done in 4.19617e-05 secs using 85.79% CPU
Computing ML distances took 0.000094 sec (of wall-clock time) 0.000064 sec (of CPU time)
Setting up auxiliary I and S matrices: done in 2.71797e-05 secs using 77.26% CPU
Computing RapidNJ tree took 0.000120 sec (of wall-clock time) 0.000071 sec (of CPU time)
Log-likelihood of RapidNJ tree: -4694.662
--------------------------------------------------------------------
|             INITIALIZING CANDIDATE TREE SET                      |
--------------------------------------------------------------------
Generating 98 parsimony trees... 0.136 second
Computing log-likelihood of 98 initial trees ... 0.257 seconds
Current best score: -4425.244

Do NNI search on 20 best initial trees
Estimate model parameters (epsilon = 0.100)
Initial log-likelihood: -4419.998
Current log-likelihood at step 1: -4419.600
Current log-likelihood at step 2: -4419.579
Parameters optimization took 1 rounds (0.029 sec)

BETTER TREE FOUND at iteration 1: -4419.579
Estimate model parameters (epsilon = 0.100)
Initial log-likelihood: -4418.078
Current log-likelihood at step 1: -4417.598
Current log-likelihood at step 2: -4417.553
Parameters optimization took 1 rounds (0.024 sec)

BETTER TREE FOUND at iteration 2: -4417.553
Estimate model parameters (epsilon = 0.100)
Initial log-likelihood: -4416.132
Current log-likelihood at step 1: -4416.107
Parameters optimization took 0 rounds (0.008 sec)

BETTER TREE FOUND at iteration 4: -4416.107
Iteration 10 / LogL: -4423.177 / Time: 0h:2m:53s
Iteration 20 / LogL: -4423.158 / Time: 0h:2m:54s
Finish initializing candidate tree set (12)
Current best tree score: -4416.107 / CPU time: 1.070
Number of iterations: 20
--------------------------------------------------------------------
|               OPTIMIZING CANDIDATE TREE SET                      |
--------------------------------------------------------------------
Iteration 30 / LogL: -4416.111 / Time: 0h:2m:54s (0h:0m:3s left)
UPDATE BEST LOG-LIKELIHOOD: -4416.106
Iteration 40 / LogL: -4416.682 / Time: 0h:2m:55s (0h:0m:3s left)
UPDATE BEST LOG-LIKELIHOOD: -4416.106
Iteration 50 / LogL: -4417.417 / Time: 0h:2m:55s (0h:0m:2s left)
UPDATE BEST LOG-LIKELIHOOD: -4416.106
Iteration 60 / LogL: -4417.776 / Time: 0h:2m:56s (0h:0m:2s left)
Iteration 70 / LogL: -4416.108 / Time: 0h:2m:56s (0h:0m:1s left)
Iteration 80 / LogL: -4416.681 / Time: 0h:2m:56s (0h:0m:1s left)
Iteration 90 / LogL: -4416.411 / Time: 0h:2m:57s (0h:0m:0s left)
Iteration 100 / LogL: -4417.608 / Time: 0h:2m:57s (0h:0m:0s left)
TREE SEARCH COMPLETED AFTER 105 ITERATIONS / Time: 0h:2m:58s

--------------------------------------------------------------------
|                    FINALIZING TREE SEARCH                        |
--------------------------------------------------------------------
Performs final model parameters optimization
Estimate model parameters (epsilon = 0.010)
Initial log-likelihood: -4416.106
Current log-likelihood at step 1: -4416.105
Partition-specific rates:  1.175 0.825
Parameters optimization took 0 rounds (0.008 sec)

Partition information was printed to partition_file.nex.best_model.nex
BEST SCORE FOUND : -4416.105
Total tree length: 7.193

Total number of iterations: 105
CPU time used for tree search: 4.942 sec (0h:0m:4s)
Wall-clock time used for tree search: 4.788 sec (0h:0m:4s)
Total CPU time used: 183.289 sec (0h:3m:3s)
Total wall-clock time used: 178.019 sec (0h:2m:58s)

===> START BOOTSTRAP REPLICATE NUMBER 37

Creating bootstrap alignment (seed: 631844)...
WARNING: States(s) K, M rarely appear in partition tdi and may cause numerical problems

Create initial parsimony tree by phylogenetic likelihood library (PLL)... 0.001 seconds
Reading model parameters from file /Users/mful870/Desktop/MD_3di_Dev_02Oct24/Scriptorum/SubstitutionMatrix/3di_substmat
WARNING: Normalizing state frequencies so that sum of them equals to 1

NOTE: 1 MB RAM (0 GB) is required!
Estimate model parameters (epsilon = 0.100)
Initial log-likelihood: -4572.208
Current log-likelihood at step 1: -4491.523
Current log-likelihood at step 2: -4485.999
Current log-likelihood at step 3: -4485.997
Partition-specific rates:  1.228 0.772
Parameters optimization took 2 rounds (0.043 sec)

Wrote distance file to... 
Computing ML distances based on estimated model parameters...
Calculating distance matrix: done in 4.31538e-05 secs using 85.74% CPU
Computing ML distances took 0.000094 sec (of wall-clock time) 0.000064 sec (of CPU time)
Setting up auxiliary I and S matrices: done in 2.47955e-05 secs using 80.66% CPU
Computing RapidNJ tree took 0.000114 sec (of wall-clock time) 0.000069 sec (of CPU time)
Log-likelihood of RapidNJ tree: -4722.251
--------------------------------------------------------------------
|             INITIALIZING CANDIDATE TREE SET                      |
--------------------------------------------------------------------
Generating 98 parsimony trees... 0.130 second
Computing log-likelihood of 98 initial trees ... 0.251 seconds
Current best score: -4474.277

Do NNI search on 20 best initial trees
Estimate model parameters (epsilon = 0.100)
Initial log-likelihood: -4468.646
Current log-likelihood at step 1: -4468.613
Parameters optimization took 0 rounds (0.012 sec)

BETTER TREE FOUND at iteration 1: -4468.613
Estimate model parameters (epsilon = 0.100)
Initial log-likelihood: -4465.789
Current log-likelihood at step 1: -4465.703
Parameters optimization took 0 rounds (0.013 sec)

BETTER TREE FOUND at iteration 2: -4465.703
Estimate model parameters (epsilon = 0.100)
Initial log-likelihood: -4459.848
Current log-likelihood at step 1: -4459.798
Parameters optimization took 0 rounds (0.013 sec)

BETTER TREE FOUND at iteration 3: -4459.798
Estimate model parameters (epsilon = 0.100)
Initial log-likelihood: -4458.728
Current log-likelihood at step 1: -4458.701
Parameters optimization took 0 rounds (0.010 sec)

BETTER TREE FOUND at iteration 9: -4458.701
Iteration 10 / LogL: -4464.570 / Time: 0h:2m:58s
Iteration 20 / LogL: -4459.690 / Time: 0h:2m:59s
Finish initializing candidate tree set (15)
Current best tree score: -4458.701 / CPU time: 1.081
Number of iterations: 20
--------------------------------------------------------------------
|               OPTIMIZING CANDIDATE TREE SET                      |
--------------------------------------------------------------------
Estimate model parameters (epsilon = 0.100)
Initial log-likelihood: -4455.106
Current log-likelihood at step 1: -4455.037
Parameters optimization took 0 rounds (0.013 sec)

BETTER TREE FOUND at iteration 21: -4455.037
Iteration 30 / LogL: -4455.444 / Time: 0h:2m:59s (0h:0m:5s left)
Iteration 40 / LogL: -4458.760 / Time: 0h:2m:59s (0h:0m:4s left)
Iteration 50 / LogL: -4455.466 / Time: 0h:3m:0s (0h:0m:3s left)
Iteration 60 / LogL: -4456.293 / Time: 0h:3m:0s (0h:0m:2s left)
Iteration 70 / LogL: -4456.263 / Time: 0h:3m:1s (0h:0m:2s left)
Iteration 80 / LogL: -4456.262 / Time: 0h:3m:1s (0h:0m:1s left)
Iteration 90 / LogL: -4455.083 / Time: 0h:3m:1s (0h:0m:1s left)
Iteration 100 / LogL: -4455.096 / Time: 0h:3m:2s (0h:0m:0s left)
Iteration 110 / LogL: -4456.284 / Time: 0h:3m:2s (0h:0m:0s left)
Iteration 120 / LogL: -4457.640 / Time: 0h:3m:2s (0h:0m:0s left)
TREE SEARCH COMPLETED AFTER 122 ITERATIONS / Time: 0h:3m:2s

--------------------------------------------------------------------
|                    FINALIZING TREE SEARCH                        |
--------------------------------------------------------------------
Performs final model parameters optimization
Estimate model parameters (epsilon = 0.010)
Initial log-likelihood: -4455.037
Current log-likelihood at step 1: -4455.036
Partition-specific rates:  1.222 0.778
Parameters optimization took 0 rounds (0.008 sec)

Partition information was printed to partition_file.nex.best_model.nex
BEST SCORE FOUND : -4455.036
Total tree length: 6.799

Total number of iterations: 122
CPU time used for tree search: 4.881 sec (0h:0m:4s)
Wall-clock time used for tree search: 4.737 sec (0h:0m:4s)
Total CPU time used: 188.262 sec (0h:3m:8s)
Total wall-clock time used: 182.843 sec (0h:3m:2s)

===> START BOOTSTRAP REPLICATE NUMBER 38

Creating bootstrap alignment (seed: 631845)...
WARNING: States(s) I, K, M rarely appear in partition tdi and may cause numerical problems

Create initial parsimony tree by phylogenetic likelihood library (PLL)... 0.001 seconds
Reading model parameters from file /Users/mful870/Desktop/MD_3di_Dev_02Oct24/Scriptorum/SubstitutionMatrix/3di_substmat
WARNING: Normalizing state frequencies so that sum of them equals to 1

NOTE: 1 MB RAM (0 GB) is required!
Estimate model parameters (epsilon = 0.100)
Initial log-likelihood: -4267.287
Current log-likelihood at step 1: -4169.372
Current log-likelihood at step 2: -4161.769
Current log-likelihood at step 3: -4161.758
Partition-specific rates:  1.304 0.696
Parameters optimization took 2 rounds (0.046 sec)

Wrote distance file to... 
Computing ML distances based on estimated model parameters...
Calculating distance matrix: done in 4.31538e-05 secs using 83.42% CPU
Computing ML distances took 0.000095 sec (of wall-clock time) 0.000064 sec (of CPU time)
Setting up auxiliary I and S matrices: done in 2.81334e-05 secs using 74.64% CPU
Computing RapidNJ tree took 0.000123 sec (of wall-clock time) 0.000072 sec (of CPU time)
Log-likelihood of RapidNJ tree: -4360.806
--------------------------------------------------------------------
|             INITIALIZING CANDIDATE TREE SET                      |
--------------------------------------------------------------------
Generating 98 parsimony trees... 0.136 second
Computing log-likelihood of 98 initial trees ... 0.244 seconds
Current best score: -4157.990

Do NNI search on 20 best initial trees
Estimate model parameters (epsilon = 0.100)
Initial log-likelihood: -4139.002
Current log-likelihood at step 1: -4138.591
Current log-likelihood at step 2: -4138.582
Parameters optimization took 1 rounds (0.028 sec)

BETTER TREE FOUND at iteration 1: -4138.582
Iteration 10 / LogL: -4157.868 / Time: 0h:3m:3s
Iteration 20 / LogL: -4139.710 / Time: 0h:3m:4s
Finish initializing candidate tree set (10)
Current best tree score: -4138.582 / CPU time: 1.182
Number of iterations: 20
--------------------------------------------------------------------
|               OPTIMIZING CANDIDATE TREE SET                      |
--------------------------------------------------------------------
Iteration 30 / LogL: -4139.710 / Time: 0h:3m:4s (0h:0m:4s left)
Iteration 40 / LogL: -4146.356 / Time: 0h:3m:4s (0h:0m:3s left)
Iteration 50 / LogL: -4138.605 / Time: 0h:3m:5s (0h:0m:2s left)
Iteration 60 / LogL: -4138.634 / Time: 0h:3m:5s (0h:0m:2s left)
Iteration 70 / LogL: -4138.593 / Time: 0h:3m:6s (0h:0m:1s left)
Iteration 80 / LogL: -4138.584 / Time: 0h:3m:6s (0h:0m:1s left)
Iteration 90 / LogL: -4138.754 / Time: 0h:3m:7s (0h:0m:0s left)
Iteration 100 / LogL: -4138.610 / Time: 0h:3m:7s (0h:0m:0s left)
TREE SEARCH COMPLETED AFTER 102 ITERATIONS / Time: 0h:3m:7s

--------------------------------------------------------------------
|                    FINALIZING TREE SEARCH                        |
--------------------------------------------------------------------
Performs final model parameters optimization
Estimate model parameters (epsilon = 0.010)
Initial log-likelihood: -4138.582
Current log-likelihood at step 1: -4138.582
Partition-specific rates:  1.284 0.716
Parameters optimization took 0 rounds (0.007 sec)

Partition information was printed to partition_file.nex.best_model.nex
BEST SCORE FOUND : -4138.582
Total tree length: 7.002

Total number of iterations: 102
CPU time used for tree search: 4.718 sec (0h:0m:4s)
Wall-clock time used for tree search: 4.585 sec (0h:0m:4s)
Total CPU time used: 193.092 sec (0h:3m:13s)
Total wall-clock time used: 187.532 sec (0h:3m:7s)

===> START BOOTSTRAP REPLICATE NUMBER 39

Creating bootstrap alignment (seed: 631846)...
WARNING: States(s) K, M rarely appear in partition tdi and may cause numerical problems

Create initial parsimony tree by phylogenetic likelihood library (PLL)... 0.001 seconds
Reading model parameters from file /Users/mful870/Desktop/MD_3di_Dev_02Oct24/Scriptorum/SubstitutionMatrix/3di_substmat
WARNING: Normalizing state frequencies so that sum of them equals to 1

NOTE: 1 MB RAM (0 GB) is required!
Estimate model parameters (epsilon = 0.100)
Initial log-likelihood: -4195.753
Current log-likelihood at step 1: -4117.483
Current log-likelihood at step 2: -4114.037
Current log-likelihood at step 3: -4114.033
Partition-specific rates:  1.196 0.804
Parameters optimization took 2 rounds (0.040 sec)

Wrote distance file to... 
Computing ML distances based on estimated model parameters...
Calculating distance matrix: done in 4.19617e-05 secs using 85.79% CPU
Computing ML distances took 0.000094 sec (of wall-clock time) 0.000064 sec (of CPU time)
Setting up auxiliary I and S matrices: done in 2.69413e-05 secs using 77.95% CPU
Computing RapidNJ tree took 0.000121 sec (of wall-clock time) 0.000075 sec (of CPU time)
Log-likelihood of RapidNJ tree: -4443.767
--------------------------------------------------------------------
|             INITIALIZING CANDIDATE TREE SET                      |
--------------------------------------------------------------------
Generating 98 parsimony trees... 0.119 second
Computing log-likelihood of 98 initial trees ... 0.255 seconds
Current best score: -4113.981

Do NNI search on 20 best initial trees
Estimate model parameters (epsilon = 0.100)
Initial log-likelihood: -4108.958
Current log-likelihood at step 1: -4108.900
Parameters optimization took 0 rounds (0.013 sec)

BETTER TREE FOUND at iteration 1: -4108.900
Estimate model parameters (epsilon = 0.100)
Initial log-likelihood: -4105.447
Current log-likelihood at step 1: -4105.356
Parameters optimization took 0 rounds (0.014 sec)

BETTER TREE FOUND at iteration 7: -4105.356
Iteration 10 / LogL: -4105.419 / Time: 0h:3m:8s
Iteration 20 / LogL: -4105.438 / Time: 0h:3m:8s
Finish initializing candidate tree set (4)
Current best tree score: -4105.356 / CPU time: 0.981
Number of iterations: 20
--------------------------------------------------------------------
|               OPTIMIZING CANDIDATE TREE SET                      |
--------------------------------------------------------------------
Iteration 30 / LogL: -4105.383 / Time: 0h:3m:9s (0h:0m:3s left)
Iteration 40 / LogL: -4109.422 / Time: 0h:3m:9s (0h:0m:3s left)
Iteration 50 / LogL: -4123.659 / Time: 0h:3m:9s (0h:0m:2s left)
Iteration 60 / LogL: -4108.898 / Time: 0h:3m:10s (0h:0m:2s left)
UPDATE BEST LOG-LIKELIHOOD: -4105.351
Iteration 70 / LogL: -4108.670 / Time: 0h:3m:10s (0h:0m:1s left)
UPDATE BEST LOG-LIKELIHOOD: -4105.349
Iteration 80 / LogL: -4108.362 / Time: 0h:3m:10s (0h:0m:1s left)
Iteration 90 / LogL: -4108.431 / Time: 0h:3m:11s (0h:0m:0s left)
Iteration 100 / LogL: -4108.358 / Time: 0h:3m:11s (0h:0m:0s left)
TREE SEARCH COMPLETED AFTER 108 ITERATIONS / Time: 0h:3m:11s

--------------------------------------------------------------------
|                    FINALIZING TREE SEARCH                        |
--------------------------------------------------------------------
Performs final model parameters optimization
Estimate model parameters (epsilon = 0.010)
Initial log-likelihood: -4105.349
Current log-likelihood at step 1: -4105.348
Partition-specific rates:  1.208 0.792
Parameters optimization took 0 rounds (0.007 sec)

Partition information was printed to partition_file.nex.best_model.nex
BEST SCORE FOUND : -4105.348
Total tree length: 6.629

Total number of iterations: 108
CPU time used for tree search: 4.514 sec (0h:0m:4s)
Wall-clock time used for tree search: 4.373 sec (0h:0m:4s)
Total CPU time used: 197.695 sec (0h:3m:17s)
Total wall-clock time used: 191.991 sec (0h:3m:11s)

===> START BOOTSTRAP REPLICATE NUMBER 40

Creating bootstrap alignment (seed: 631847)...
WARNING: States(s) K, M rarely appear in partition tdi and may cause numerical problems

Create initial parsimony tree by phylogenetic likelihood library (PLL)... 0.001 seconds
Reading model parameters from file /Users/mful870/Desktop/MD_3di_Dev_02Oct24/Scriptorum/SubstitutionMatrix/3di_substmat
WARNING: Normalizing state frequencies so that sum of them equals to 1

NOTE: 1 MB RAM (0 GB) is required!
Estimate model parameters (epsilon = 0.100)
Initial log-likelihood: -4186.127
Current log-likelihood at step 1: -4104.292
Current log-likelihood at step 2: -4099.698
Current log-likelihood at step 3: -4099.681
Partition-specific rates:  1.204 0.796
Parameters optimization took 2 rounds (0.047 sec)

Wrote distance file to... 
Computing ML distances based on estimated model parameters...
Calculating distance matrix: done in 4.29153e-05 secs using 88.55% CPU
Computing ML distances took 0.000096 sec (of wall-clock time) 0.000064 sec (of CPU time)
Setting up auxiliary I and S matrices: done in 2.59876e-05 secs using 80.81% CPU
Computing RapidNJ tree took 0.000120 sec (of wall-clock time) 0.000070 sec (of CPU time)
Log-likelihood of RapidNJ tree: -4278.133
--------------------------------------------------------------------
|             INITIALIZING CANDIDATE TREE SET                      |
--------------------------------------------------------------------
Generating 98 parsimony trees... 0.134 second
Computing log-likelihood of 98 initial trees ... 0.247 seconds
Current best score: -4090.085

Do NNI search on 20 best initial trees
Estimate model parameters (epsilon = 0.100)
Initial log-likelihood: -4072.183
Current log-likelihood at step 1: -4072.106
Parameters optimization took 0 rounds (0.013 sec)

BETTER TREE FOUND at iteration 1: -4072.106
Estimate model parameters (epsilon = 0.100)
Initial log-likelihood: -4069.554
Current log-likelihood at step 1: -4069.538
Parameters optimization took 0 rounds (0.008 sec)

BETTER TREE FOUND at iteration 7: -4069.538
Iteration 10 / LogL: -4087.423 / Time: 0h:3m:12s
Iteration 20 / LogL: -4087.446 / Time: 0h:3m:13s
Finish initializing candidate tree set (7)
Current best tree score: -4069.538 / CPU time: 1.069
Number of iterations: 20
--------------------------------------------------------------------
|               OPTIMIZING CANDIDATE TREE SET                      |
--------------------------------------------------------------------
Iteration 30 / LogL: -4072.138 / Time: 0h:3m:13s (0h:0m:4s left)
UPDATE BEST LOG-LIKELIHOOD: -4069.537
Iteration 40 / LogL: -4079.516 / Time: 0h:3m:13s (0h:0m:3s left)
Iteration 50 / LogL: -4076.043 / Time: 0h:3m:14s (0h:0m:2s left)
Iteration 60 / LogL: -4072.126 / Time: 0h:3m:14s (0h:0m:2s left)
Iteration 70 / LogL: -4076.051 / Time: 0h:3m:15s (0h:0m:1s left)
Iteration 80 / LogL: -4076.045 / Time: 0h:3m:15s (0h:0m:1s left)
Iteration 90 / LogL: -4069.615 / Time: 0h:3m:15s (0h:0m:0s left)
Iteration 100 / LogL: -4073.035 / Time: 0h:3m:16s (0h:0m:0s left)
TREE SEARCH COMPLETED AFTER 108 ITERATIONS / Time: 0h:3m:16s

--------------------------------------------------------------------
|                    FINALIZING TREE SEARCH                        |
--------------------------------------------------------------------
Performs final model parameters optimization
Estimate model parameters (epsilon = 0.010)
Initial log-likelihood: -4069.537
Current log-likelihood at step 1: -4069.537
Partition-specific rates:  1.193 0.807
Parameters optimization took 0 rounds (0.008 sec)

Partition information was printed to partition_file.nex.best_model.nex
BEST SCORE FOUND : -4069.537
Total tree length: 6.557

Total number of iterations: 108
CPU time used for tree search: 4.480 sec (0h:0m:4s)
Wall-clock time used for tree search: 4.332 sec (0h:0m:4s)
Total CPU time used: 202.274 sec (0h:3m:22s)
Total wall-clock time used: 196.421 sec (0h:3m:16s)

===> START BOOTSTRAP REPLICATE NUMBER 41

Creating bootstrap alignment (seed: 631848)...
WARNING: States(s) K, M rarely appear in partition tdi and may cause numerical problems

Create initial parsimony tree by phylogenetic likelihood library (PLL)... 0.001 seconds
Reading model parameters from file /Users/mful870/Desktop/MD_3di_Dev_02Oct24/Scriptorum/SubstitutionMatrix/3di_substmat
WARNING: Normalizing state frequencies so that sum of them equals to 1

NOTE: 1 MB RAM (0 GB) is required!
Estimate model parameters (epsilon = 0.100)
Initial log-likelihood: -4301.588
Current log-likelihood at step 1: -4215.839
Current log-likelihood at step 2: -4207.679
Current log-likelihood at step 3: -4207.675
Partition-specific rates:  1.357 0.643
Parameters optimization took 2 rounds (0.047 sec)

Wrote distance file to... 
Computing ML distances based on estimated model parameters...
Calculating distance matrix: done in 4.29153e-05 secs using 86.22% CPU
Computing ML distances took 0.000097 sec (of wall-clock time) 0.000063 sec (of CPU time)
Setting up auxiliary I and S matrices: done in 2.98023e-05 secs using 77.18% CPU
Computing RapidNJ tree took 0.000131 sec (of wall-clock time) 0.000074 sec (of CPU time)
Log-likelihood of RapidNJ tree: -4420.257
--------------------------------------------------------------------
|             INITIALIZING CANDIDATE TREE SET                      |
--------------------------------------------------------------------
Generating 98 parsimony trees... 0.149 second
Computing log-likelihood of 98 initial trees ... 0.240 seconds
Current best score: -4199.958

Do NNI search on 20 best initial trees
Estimate model parameters (epsilon = 0.100)
Initial log-likelihood: -4190.358
Current log-likelihood at step 1: -4190.258
Parameters optimization took 0 rounds (0.012 sec)

BETTER TREE FOUND at iteration 1: -4190.258
Iteration 10 / LogL: -4196.789 / Time: 0h:3m:17s
Iteration 20 / LogL: -4195.269 / Time: 0h:3m:17s
Finish initializing candidate tree set (9)
Current best tree score: -4190.258 / CPU time: 1.051
Number of iterations: 20
--------------------------------------------------------------------
|               OPTIMIZING CANDIDATE TREE SET                      |
--------------------------------------------------------------------
Iteration 30 / LogL: -4192.495 / Time: 0h:3m:17s (0h:0m:3s left)
Iteration 40 / LogL: -4191.411 / Time: 0h:3m:18s (0h:0m:2s left)
UPDATE BEST LOG-LIKELIHOOD: -4190.254
Iteration 50 / LogL: -4190.254 / Time: 0h:3m:18s (0h:0m:2s left)
Iteration 60 / LogL: -4191.312 / Time: 0h:3m:18s (0h:0m:1s left)
Iteration 70 / LogL: -4191.338 / Time: 0h:3m:19s (0h:0m:1s left)
Iteration 80 / LogL: -4191.375 / Time: 0h:3m:19s (0h:0m:0s left)
Iteration 90 / LogL: -4191.342 / Time: 0h:3m:19s (0h:0m:0s left)
Iteration 100 / LogL: -4191.408 / Time: 0h:3m:20s (0h:0m:0s left)
TREE SEARCH COMPLETED AFTER 102 ITERATIONS / Time: 0h:3m:20s

--------------------------------------------------------------------
|                    FINALIZING TREE SEARCH                        |
--------------------------------------------------------------------
Performs final model parameters optimization
Estimate model parameters (epsilon = 0.010)
Initial log-likelihood: -4190.254
Current log-likelihood at step 1: -4190.249
Partition-specific rates:  1.346 0.654
Parameters optimization took 0 rounds (0.008 sec)

Partition information was printed to partition_file.nex.best_model.nex
BEST SCORE FOUND : -4190.249
Total tree length: 6.803

Total number of iterations: 102
CPU time used for tree search: 3.997 sec (0h:0m:3s)
Wall-clock time used for tree search: 3.878 sec (0h:0m:3s)
Total CPU time used: 206.364 sec (0h:3m:26s)
Total wall-clock time used: 200.391 sec (0h:3m:20s)

===> START BOOTSTRAP REPLICATE NUMBER 42

Creating bootstrap alignment (seed: 631849)...
WARNING: States(s) K, M rarely appear in partition tdi and may cause numerical problems

Create initial parsimony tree by phylogenetic likelihood library (PLL)... 0.001 seconds
Reading model parameters from file /Users/mful870/Desktop/MD_3di_Dev_02Oct24/Scriptorum/SubstitutionMatrix/3di_substmat
WARNING: Normalizing state frequencies so that sum of them equals to 1

NOTE: 1 MB RAM (0 GB) is required!
Estimate model parameters (epsilon = 0.100)
Initial log-likelihood: -4142.601
Current log-likelihood at step 1: -4043.690
Current log-likelihood at step 2: -4031.754
Current log-likelihood at step 3: -4031.753
Partition-specific rates:  1.283 0.717
Parameters optimization took 2 rounds (0.048 sec)

Wrote distance file to... 
Computing ML distances based on estimated model parameters...
Calculating distance matrix: done in 4.29153e-05 secs using 83.89% CPU
Computing ML distances took 0.000096 sec (of wall-clock time) 0.000063 sec (of CPU time)
Setting up auxiliary I and S matrices: done in 2.69413e-05 secs using 77.95% CPU
Computing RapidNJ tree took 0.000121 sec (of wall-clock time) 0.000072 sec (of CPU time)
Log-likelihood of RapidNJ tree: -4244.888
--------------------------------------------------------------------
|             INITIALIZING CANDIDATE TREE SET                      |
--------------------------------------------------------------------
Generating 98 parsimony trees... 0.125 second
Computing log-likelihood of 98 initial trees ... 0.255 seconds
Current best score: -4014.380

Do NNI search on 20 best initial trees
Estimate model parameters (epsilon = 0.100)
Initial log-likelihood: -4008.509
Current log-likelihood at step 1: -4008.356
Current log-likelihood at step 2: -4008.352
Parameters optimization took 1 rounds (0.027 sec)

BETTER TREE FOUND at iteration 1: -4008.352
Estimate model parameters (epsilon = 0.100)
Initial log-likelihood: -4005.911
Current log-likelihood at step 1: -4005.826
Parameters optimization took 0 rounds (0.013 sec)

BETTER TREE FOUND at iteration 2: -4005.826
Iteration 10 / LogL: -4007.933 / Time: 0h:3m:21s
Iteration 20 / LogL: -4015.851 / Time: 0h:3m:21s
Finish initializing candidate tree set (5)
Current best tree score: -4005.826 / CPU time: 1.167
Number of iterations: 20
--------------------------------------------------------------------
|               OPTIMIZING CANDIDATE TREE SET                      |
--------------------------------------------------------------------
Iteration 30 / LogL: -4008.802 / Time: 0h:3m:21s (0h:0m:3s left)
Iteration 40 / LogL: -4009.119 / Time: 0h:3m:22s (0h:0m:3s left)
Iteration 50 / LogL: -4008.427 / Time: 0h:3m:22s (0h:0m:2s left)
Iteration 60 / LogL: -4008.429 / Time: 0h:3m:23s (0h:0m:1s left)
Iteration 70 / LogL: -4005.864 / Time: 0h:3m:23s (0h:0m:1s left)
Iteration 80 / LogL: -4005.848 / Time: 0h:3m:23s (0h:0m:0s left)
Iteration 90 / LogL: -4006.485 / Time: 0h:3m:24s (0h:0m:0s left)
Iteration 100 / LogL: -4005.847 / Time: 0h:3m:24s (0h:0m:0s left)
TREE SEARCH COMPLETED AFTER 103 ITERATIONS / Time: 0h:3m:24s

--------------------------------------------------------------------
|                    FINALIZING TREE SEARCH                        |
--------------------------------------------------------------------
Performs final model parameters optimization
Estimate model parameters (epsilon = 0.010)
Initial log-likelihood: -4005.826
Current log-likelihood at step 1: -4005.822
Partition-specific rates:  1.255 0.745
Parameters optimization took 0 rounds (0.012 sec)

Partition information was printed to partition_file.nex.best_model.nex
BEST SCORE FOUND : -4005.822
Total tree length: 6.891

Total number of iterations: 103
CPU time used for tree search: 4.576 sec (0h:0m:4s)
Wall-clock time used for tree search: 4.418 sec (0h:0m:4s)
Total CPU time used: 211.033 sec (0h:3m:31s)
Total wall-clock time used: 204.905 sec (0h:3m:24s)

===> START BOOTSTRAP REPLICATE NUMBER 43

Creating bootstrap alignment (seed: 631850)...
WARNING: States(s) K, M rarely appear in partition tdi and may cause numerical problems

Create initial parsimony tree by phylogenetic likelihood library (PLL)... 0.001 seconds
Reading model parameters from file /Users/mful870/Desktop/MD_3di_Dev_02Oct24/Scriptorum/SubstitutionMatrix/3di_substmat
WARNING: Normalizing state frequencies so that sum of them equals to 1

NOTE: 1 MB RAM (0 GB) is required!
Estimate model parameters (epsilon = 0.100)
Initial log-likelihood: -4318.089
Current log-likelihood at step 1: -4239.526
Current log-likelihood at step 2: -4232.464
Current log-likelihood at step 3: -4232.450
Partition-specific rates:  1.334 0.666
Parameters optimization took 2 rounds (0.046 sec)

Wrote distance file to... 
Computing ML distances based on estimated model parameters...
Calculating distance matrix: done in 5.29289e-05 secs using 90.69% CPU
Computing ML distances took 0.000107 sec (of wall-clock time) 0.000076 sec (of CPU time)
Setting up auxiliary I and S matrices: done in 2.88486e-05 secs using 76.26% CPU
Computing RapidNJ tree took 0.000127 sec (of wall-clock time) 0.000072 sec (of CPU time)
Log-likelihood of RapidNJ tree: -4495.962
--------------------------------------------------------------------
|             INITIALIZING CANDIDATE TREE SET                      |
--------------------------------------------------------------------
Generating 98 parsimony trees... 0.122 second
Computing log-likelihood of 98 initial trees ... 0.245 seconds
Current best score: -4231.514

Do NNI search on 20 best initial trees
Estimate model parameters (epsilon = 0.100)
Initial log-likelihood: -4224.948
Current log-likelihood at step 1: -4224.676
Current log-likelihood at step 2: -4224.670
Parameters optimization took 1 rounds (0.021 sec)

BETTER TREE FOUND at iteration 1: -4224.670
Iteration 10 / LogL: -4224.897 / Time: 0h:3m:25s
Iteration 20 / LogL: -4226.889 / Time: 0h:3m:26s
Finish initializing candidate tree set (8)
Current best tree score: -4224.670 / CPU time: 1.096
Number of iterations: 20
--------------------------------------------------------------------
|               OPTIMIZING CANDIDATE TREE SET                      |
--------------------------------------------------------------------
Iteration 30 / LogL: -4226.873 / Time: 0h:3m:26s (0h:0m:4s left)
Iteration 40 / LogL: -4226.575 / Time: 0h:3m:26s (0h:0m:3s left)
Iteration 50 / LogL: -4233.210 / Time: 0h:3m:27s (0h:0m:2s left)
Iteration 60 / LogL: -4226.934 / Time: 0h:3m:27s (0h:0m:1s left)
Iteration 70 / LogL: -4224.735 / Time: 0h:3m:28s (0h:0m:1s left)
Iteration 80 / LogL: -4224.696 / Time: 0h:3m:28s (0h:0m:0s left)
Iteration 90 / LogL: -4226.579 / Time: 0h:3m:28s (0h:0m:0s left)
Iteration 100 / LogL: -4224.675 / Time: 0h:3m:29s (0h:0m:0s left)
TREE SEARCH COMPLETED AFTER 102 ITERATIONS / Time: 0h:3m:29s

--------------------------------------------------------------------
|                    FINALIZING TREE SEARCH                        |
--------------------------------------------------------------------
Performs final model parameters optimization
Estimate model parameters (epsilon = 0.010)
Initial log-likelihood: -4224.670
Current log-likelihood at step 1: -4224.669
Partition-specific rates:  1.321 0.679
Parameters optimization took 0 rounds (0.007 sec)

Partition information was printed to partition_file.nex.best_model.nex
BEST SCORE FOUND : -4224.669
Total tree length: 6.629

Total number of iterations: 102
CPU time used for tree search: 4.578 sec (0h:0m:4s)
Wall-clock time used for tree search: 4.430 sec (0h:0m:4s)
Total CPU time used: 215.705 sec (0h:3m:35s)
Total wall-clock time used: 209.426 sec (0h:3m:29s)

===> START BOOTSTRAP REPLICATE NUMBER 44

Creating bootstrap alignment (seed: 631851)...
WARNING: States(s) K, M rarely appear in partition tdi and may cause numerical problems

Create initial parsimony tree by phylogenetic likelihood library (PLL)... 0.001 seconds
Reading model parameters from file /Users/mful870/Desktop/MD_3di_Dev_02Oct24/Scriptorum/SubstitutionMatrix/3di_substmat
WARNING: Normalizing state frequencies so that sum of them equals to 1

NOTE: 1 MB RAM (0 GB) is required!
Estimate model parameters (epsilon = 0.100)
Initial log-likelihood: -4218.797
Current log-likelihood at step 1: -4133.661
Current log-likelihood at step 2: -4130.815
Current log-likelihood at step 3: -4130.809
Partition-specific rates:  1.304 0.696
Parameters optimization took 2 rounds (0.041 sec)

Wrote distance file to... 
Computing ML distances based on estimated model parameters...
Calculating distance matrix: done in 4.29153e-05 secs using 83.89% CPU
Computing ML distances took 0.000095 sec (of wall-clock time) 0.000064 sec (of CPU time)
Setting up auxiliary I and S matrices: done in 2.69413e-05 secs using 74.24% CPU
Computing RapidNJ tree took 0.000114 sec (of wall-clock time) 0.000066 sec (of CPU time)
Log-likelihood of RapidNJ tree: -4368.567
--------------------------------------------------------------------
|             INITIALIZING CANDIDATE TREE SET                      |
--------------------------------------------------------------------
Generating 98 parsimony trees... 0.135 second
Computing log-likelihood of 97 initial trees ... 0.257 seconds
Current best score: -4130.809

Do NNI search on 20 best initial trees
Estimate model parameters (epsilon = 0.100)
Initial log-likelihood: -4128.161
Current log-likelihood at step 1: -4128.074
Parameters optimization took 0 rounds (0.013 sec)

BETTER TREE FOUND at iteration 1: -4128.074
Iteration 10 / LogL: -4130.709 / Time: 0h:3m:30s
UPDATE BEST LOG-LIKELIHOOD: -4128.073
UPDATE BEST LOG-LIKELIHOOD: -4128.070
Iteration 20 / LogL: -4128.090 / Time: 0h:3m:30s
Finish initializing candidate tree set (6)
Current best tree score: -4128.070 / CPU time: 0.988
Number of iterations: 20
--------------------------------------------------------------------
|               OPTIMIZING CANDIDATE TREE SET                      |
--------------------------------------------------------------------
Iteration 30 / LogL: -4128.699 / Time: 0h:3m:30s (0h:0m:3s left)
Iteration 40 / LogL: -4128.137 / Time: 0h:3m:31s (0h:0m:2s left)
UPDATE BEST LOG-LIKELIHOOD: -4128.069
Iteration 50 / LogL: -4128.069 / Time: 0h:3m:31s (0h:0m:2s left)
Iteration 60 / LogL: -4128.075 / Time: 0h:3m:32s (0h:0m:1s left)
Iteration 70 / LogL: -4133.925 / Time: 0h:3m:32s (0h:0m:1s left)
Iteration 80 / LogL: -4128.799 / Time: 0h:3m:32s (0h:0m:0s left)
UPDATE BEST LOG-LIKELIHOOD: -4128.068
Iteration 90 / LogL: -4128.087 / Time: 0h:3m:33s (0h:0m:0s left)
Iteration 100 / LogL: -4128.080 / Time: 0h:3m:33s (0h:0m:0s left)
TREE SEARCH COMPLETED AFTER 102 ITERATIONS / Time: 0h:3m:33s

--------------------------------------------------------------------
|                    FINALIZING TREE SEARCH                        |
--------------------------------------------------------------------
Performs final model parameters optimization
Estimate model parameters (epsilon = 0.010)
Initial log-likelihood: -4128.068
Current log-likelihood at step 1: -4128.063
Partition-specific rates:  1.295 0.705
Parameters optimization took 0 rounds (0.009 sec)

Partition information was printed to partition_file.nex.best_model.nex
BEST SCORE FOUND : -4128.063
Total tree length: 6.372

Total number of iterations: 102
CPU time used for tree search: 4.400 sec (0h:0m:4s)
Wall-clock time used for tree search: 4.261 sec (0h:0m:4s)
Total CPU time used: 220.216 sec (0h:3m:40s)
Total wall-clock time used: 213.783 sec (0h:3m:33s)

===> START BOOTSTRAP REPLICATE NUMBER 45

Creating bootstrap alignment (seed: 631852)...
WARNING: States(s) W rarely appear in partition sequence and may cause numerical problems
WARNING: States(s) I, K, M rarely appear in partition tdi and may cause numerical problems

Create initial parsimony tree by phylogenetic likelihood library (PLL)... 0.001 seconds
Reading model parameters from file /Users/mful870/Desktop/MD_3di_Dev_02Oct24/Scriptorum/SubstitutionMatrix/3di_substmat
WARNING: Normalizing state frequencies so that sum of them equals to 1

NOTE: 1 MB RAM (0 GB) is required!
Estimate model parameters (epsilon = 0.100)
Initial log-likelihood: -4316.581
Current log-likelihood at step 1: -4236.983
Current log-likelihood at step 2: -4233.097
Current log-likelihood at step 3: -4233.093
Partition-specific rates:  1.245 0.755
Parameters optimization took 2 rounds (0.048 sec)

Wrote distance file to... 
Computing ML distances based on estimated model parameters...
Calculating distance matrix: done in 4.29153e-05 secs using 83.89% CPU
Computing ML distances took 0.000095 sec (of wall-clock time) 0.000064 sec (of CPU time)
Setting up auxiliary I and S matrices: done in 2.69413e-05 secs using 77.95% CPU
Computing RapidNJ tree took 0.000135 sec (of wall-clock time) 0.000086 sec (of CPU time)
Log-likelihood of RapidNJ tree: -4449.390
--------------------------------------------------------------------
|             INITIALIZING CANDIDATE TREE SET                      |
--------------------------------------------------------------------
Generating 98 parsimony trees... 0.126 second
Computing log-likelihood of 98 initial trees ... 0.250 seconds
Current best score: -4212.233

Do NNI search on 20 best initial trees
Estimate model parameters (epsilon = 0.100)
Initial log-likelihood: -4204.090
Current log-likelihood at step 1: -4203.998
Parameters optimization took 0 rounds (0.008 sec)

BETTER TREE FOUND at iteration 1: -4203.998
Estimate model parameters (epsilon = 0.100)
Initial log-likelihood: -4203.410
Current log-likelihood at step 1: -4203.364
Parameters optimization took 0 rounds (0.008 sec)

BETTER TREE FOUND at iteration 2: -4203.364
Estimate model parameters (epsilon = 0.100)
Initial log-likelihood: -4192.280
Current log-likelihood at step 1: -4192.221
Parameters optimization took 0 rounds (0.008 sec)

BETTER TREE FOUND at iteration 7: -4192.221
Iteration 10 / LogL: -4209.397 / Time: 0h:3m:34s
Iteration 20 / LogL: -4205.153 / Time: 0h:3m:34s
Finish initializing candidate tree set (14)
Current best tree score: -4192.221 / CPU time: 1.050
Number of iterations: 20
--------------------------------------------------------------------
|               OPTIMIZING CANDIDATE TREE SET                      |
--------------------------------------------------------------------
Iteration 30 / LogL: -4192.239 / Time: 0h:3m:35s (0h:0m:4s left)
Estimate model parameters (epsilon = 0.100)
Initial log-likelihood: -4191.702
Current log-likelihood at step 1: -4191.681
Parameters optimization took 0 rounds (0.008 sec)

BETTER TREE FOUND at iteration 36: -4191.681
Iteration 40 / LogL: -4192.320 / Time: 0h:3m:35s (0h:0m:4s left)
Estimate model parameters (epsilon = 0.100)
Initial log-likelihood: -4190.120
Current log-likelihood at step 1: -4190.091
Parameters optimization took 0 rounds (0.013 sec)

BETTER TREE FOUND at iteration 45: -4190.091
Iteration 50 / LogL: -4192.358 / Time: 0h:3m:36s (0h:0m:4s left)
Iteration 60 / LogL: -4190.127 / Time: 0h:3m:36s (0h:0m:3s left)
Iteration 70 / LogL: -4190.101 / Time: 0h:3m:36s (0h:0m:3s left)
Iteration 80 / LogL: -4190.097 / Time: 0h:3m:37s (0h:0m:2s left)
Iteration 90 / LogL: -4190.108 / Time: 0h:3m:37s (0h:0m:2s left)
Iteration 100 / LogL: -4190.096 / Time: 0h:3m:37s (0h:0m:1s left)
Iteration 110 / LogL: -4192.917 / Time: 0h:3m:38s (0h:0m:1s left)
Iteration 120 / LogL: -4192.916 / Time: 0h:3m:38s (0h:0m:1s left)
Iteration 130 / LogL: -4190.111 / Time: 0h:3m:38s (0h:0m:0s left)
Iteration 140 / LogL: -4190.107 / Time: 0h:3m:39s (0h:0m:0s left)
TREE SEARCH COMPLETED AFTER 146 ITERATIONS / Time: 0h:3m:39s

--------------------------------------------------------------------
|                    FINALIZING TREE SEARCH                        |
--------------------------------------------------------------------
Performs final model parameters optimization
Estimate model parameters (epsilon = 0.010)
Initial log-likelihood: -4190.091
Current log-likelihood at step 1: -4190.090
Partition-specific rates:  1.220 0.780
Parameters optimization took 0 rounds (0.008 sec)

Partition information was printed to partition_file.nex.best_model.nex
BEST SCORE FOUND : -4190.090
Total tree length: 6.556

Total number of iterations: 146
CPU time used for tree search: 5.745 sec (0h:0m:5s)
Wall-clock time used for tree search: 5.604 sec (0h:0m:5s)
Total CPU time used: 226.064 sec (0h:3m:46s)
Total wall-clock time used: 219.484 sec (0h:3m:39s)

===> START BOOTSTRAP REPLICATE NUMBER 46

Creating bootstrap alignment (seed: 631853)...
WARNING: States(s) K, M rarely appear in partition tdi and may cause numerical problems

Create initial parsimony tree by phylogenetic likelihood library (PLL)... 0.001 seconds
Reading model parameters from file /Users/mful870/Desktop/MD_3di_Dev_02Oct24/Scriptorum/SubstitutionMatrix/3di_substmat
WARNING: Normalizing state frequencies so that sum of them equals to 1

NOTE: 1 MB RAM (0 GB) is required!
Estimate model parameters (epsilon = 0.100)
Initial log-likelihood: -4409.367
Current log-likelihood at step 1: -4311.725
Current log-likelihood at step 2: -4308.329
Current log-likelihood at step 3: -4308.327
Partition-specific rates:  1.243 0.757
Parameters optimization took 2 rounds (0.041 sec)

Wrote distance file to... 
Computing ML distances based on estimated model parameters...
Calculating distance matrix: done in 4.19617e-05 secs using 85.79% CPU
Computing ML distances took 0.000093 sec (of wall-clock time) 0.000063 sec (of CPU time)
Setting up auxiliary I and S matrices: done in 2.81334e-05 secs using 74.64% CPU
Computing RapidNJ tree took 0.000134 sec (of wall-clock time) 0.000077 sec (of CPU time)
Log-likelihood of RapidNJ tree: -4562.010
--------------------------------------------------------------------
|             INITIALIZING CANDIDATE TREE SET                      |
--------------------------------------------------------------------
Generating 98 parsimony trees... 0.122 second
Computing log-likelihood of 98 initial trees ... 0.249 seconds
Current best score: -4308.327

Do NNI search on 20 best initial trees
Estimate model parameters (epsilon = 0.100)
Initial log-likelihood: -4294.693
Current log-likelihood at step 1: -4294.652
Parameters optimization took 0 rounds (0.013 sec)

BETTER TREE FOUND at iteration 1: -4294.652
Estimate model parameters (epsilon = 0.100)
Initial log-likelihood: -4293.403
Current log-likelihood at step 1: -4293.137
Current log-likelihood at step 2: -4293.134
Parameters optimization took 1 rounds (0.021 sec)

BETTER TREE FOUND at iteration 2: -4293.134
Iteration 10 / LogL: -4294.712 / Time: 0h:3m:40s
Iteration 20 / LogL: -4295.125 / Time: 0h:3m:40s
Finish initializing candidate tree set (10)
Current best tree score: -4293.134 / CPU time: 1.268
Number of iterations: 20
--------------------------------------------------------------------
|               OPTIMIZING CANDIDATE TREE SET                      |
--------------------------------------------------------------------
Estimate model parameters (epsilon = 0.100)
Initial log-likelihood: -4291.360
Current log-likelihood at step 1: -4291.321
Parameters optimization took 0 rounds (0.013 sec)

BETTER TREE FOUND at iteration 30: -4291.321
Iteration 30 / LogL: -4291.321 / Time: 0h:3m:41s (0h:0m:6s left)
Iteration 40 / LogL: -4295.326 / Time: 0h:3m:41s (0h:0m:4s left)
Iteration 50 / LogL: -4294.125 / Time: 0h:3m:42s (0h:0m:4s left)
Iteration 60 / LogL: -4295.127 / Time: 0h:3m:42s (0h:0m:3s left)
Iteration 70 / LogL: -4292.382 / Time: 0h:3m:42s (0h:0m:2s left)
Iteration 80 / LogL: -4305.547 / Time: 0h:3m:43s (0h:0m:2s left)
Iteration 90 / LogL: -4291.326 / Time: 0h:3m:43s (0h:0m:1s left)
Iteration 100 / LogL: -4291.321 / Time: 0h:3m:44s (0h:0m:1s left)
Iteration 110 / LogL: -4291.328 / Time: 0h:3m:44s (0h:0m:0s left)
Iteration 120 / LogL: -4293.420 / Time: 0h:3m:44s (0h:0m:0s left)
Iteration 130 / LogL: -4293.589 / Time: 0h:3m:45s (0h:0m:0s left)
TREE SEARCH COMPLETED AFTER 131 ITERATIONS / Time: 0h:3m:45s

--------------------------------------------------------------------
|                    FINALIZING TREE SEARCH                        |
--------------------------------------------------------------------
Performs final model parameters optimization
Estimate model parameters (epsilon = 0.010)
Initial log-likelihood: -4291.321
Current log-likelihood at step 1: -4291.318
Partition-specific rates:  1.257 0.743
Parameters optimization took 0 rounds (0.008 sec)

Partition information was printed to partition_file.nex.best_model.nex
BEST SCORE FOUND : -4291.318
Total tree length: 7.028

Total number of iterations: 131
CPU time used for tree search: 5.945 sec (0h:0m:5s)
Wall-clock time used for tree search: 5.810 sec (0h:0m:5s)
Total CPU time used: 232.116 sec (0h:3m:52s)
Total wall-clock time used: 225.389 sec (0h:3m:45s)

===> START BOOTSTRAP REPLICATE NUMBER 47

Creating bootstrap alignment (seed: 631854)...
WARNING: States(s) I, K, M rarely appear in partition tdi and may cause numerical problems

Create initial parsimony tree by phylogenetic likelihood library (PLL)... 0.001 seconds
Reading model parameters from file /Users/mful870/Desktop/MD_3di_Dev_02Oct24/Scriptorum/SubstitutionMatrix/3di_substmat
WARNING: Normalizing state frequencies so that sum of them equals to 1

NOTE: 1 MB RAM (0 GB) is required!
Estimate model parameters (epsilon = 0.100)
Initial log-likelihood: -4543.587
Current log-likelihood at step 1: -4458.569
Current log-likelihood at step 2: -4454.906
Current log-likelihood at step 3: -4454.900
Partition-specific rates:  1.261 0.739
Parameters optimization took 2 rounds (0.041 sec)

Wrote distance file to... 
Computing ML distances based on estimated model parameters...
Calculating distance matrix: done in 4.50611e-05 secs using 86.55% CPU
Computing ML distances took 0.000090 sec (of wall-clock time) 0.000067 sec (of CPU time)
Setting up auxiliary I and S matrices: done in 2.90871e-05 secs using 79.07% CPU
Computing RapidNJ tree took 0.000124 sec (of wall-clock time) 0.000080 sec (of CPU time)
Log-likelihood of RapidNJ tree: -4725.396
--------------------------------------------------------------------
|             INITIALIZING CANDIDATE TREE SET                      |
--------------------------------------------------------------------
Generating 98 parsimony trees... 0.127 second
Computing log-likelihood of 98 initial trees ... 0.251 seconds
Current best score: -4445.377

Do NNI search on 20 best initial trees
Estimate model parameters (epsilon = 0.100)
Initial log-likelihood: -4430.344
Current log-likelihood at step 1: -4430.315
Parameters optimization took 0 rounds (0.008 sec)

BETTER TREE FOUND at iteration 1: -4430.315
Iteration 10 / LogL: -4431.349 / Time: 0h:3m:46s
Iteration 20 / LogL: -4442.457 / Time: 0h:3m:46s
Finish initializing candidate tree set (7)
Current best tree score: -4430.315 / CPU time: 1.075
Number of iterations: 20
--------------------------------------------------------------------
|               OPTIMIZING CANDIDATE TREE SET                      |
--------------------------------------------------------------------
Iteration 30 / LogL: -4442.988 / Time: 0h:3m:46s (0h:0m:3s left)
Iteration 40 / LogL: -4442.427 / Time: 0h:3m:47s (0h:0m:3s left)
Iteration 50 / LogL: -4431.756 / Time: 0h:3m:47s (0h:0m:2s left)
UPDATE BEST LOG-LIKELIHOOD: -4430.312
Iteration 60 / LogL: -4430.315 / Time: 0h:3m:48s (0h:0m:1s left)
Iteration 70 / LogL: -4430.339 / Time: 0h:3m:48s (0h:0m:1s left)
Iteration 80 / LogL: -4431.420 / Time: 0h:3m:48s (0h:0m:0s left)
Iteration 90 / LogL: -4430.398 / Time: 0h:3m:49s (0h:0m:0s left)
Iteration 100 / LogL: -4430.653 / Time: 0h:3m:49s (0h:0m:0s left)
UPDATE BEST LOG-LIKELIHOOD: -4430.310
TREE SEARCH COMPLETED AFTER 102 ITERATIONS / Time: 0h:3m:49s

--------------------------------------------------------------------
|                    FINALIZING TREE SEARCH                        |
--------------------------------------------------------------------
Performs final model parameters optimization
Estimate model parameters (epsilon = 0.010)
Initial log-likelihood: -4430.310
Current log-likelihood at step 1: -4430.310
Partition-specific rates:  1.265 0.735
Parameters optimization took 0 rounds (0.008 sec)

Partition information was printed to partition_file.nex.best_model.nex
BEST SCORE FOUND : -4430.310
Total tree length: 6.849

Total number of iterations: 102
CPU time used for tree search: 4.227 sec (0h:0m:4s)
Wall-clock time used for tree search: 4.068 sec (0h:0m:4s)
Total CPU time used: 236.428 sec (0h:3m:56s)
Total wall-clock time used: 229.544 sec (0h:3m:49s)

===> START BOOTSTRAP REPLICATE NUMBER 48

Creating bootstrap alignment (seed: 631855)...
WARNING: States(s) K, M rarely appear in partition tdi and may cause numerical problems

Create initial parsimony tree by phylogenetic likelihood library (PLL)... 0.001 seconds
Reading model parameters from file /Users/mful870/Desktop/MD_3di_Dev_02Oct24/Scriptorum/SubstitutionMatrix/3di_substmat
WARNING: Normalizing state frequencies so that sum of them equals to 1

NOTE: 1 MB RAM (0 GB) is required!
Estimate model parameters (epsilon = 0.100)
Initial log-likelihood: -4448.042
Current log-likelihood at step 1: -4362.235
Current log-likelihood at step 2: -4359.792
Current log-likelihood at step 3: -4359.766
Partition-specific rates:  1.315 0.685
Parameters optimization took 2 rounds (0.047 sec)

Wrote distance file to... 
Computing ML distances based on estimated model parameters...
Calculating distance matrix: done in 4.29153e-05 secs using 83.89% CPU
Computing ML distances took 0.000085 sec (of wall-clock time) 0.000064 sec (of CPU time)
Setting up auxiliary I and S matrices: done in 2.5034e-05 secs using 71.9% CPU
Computing RapidNJ tree took 0.000102 sec (of wall-clock time) 0.000066 sec (of CPU time)
Log-likelihood of RapidNJ tree: -4623.702
--------------------------------------------------------------------
|             INITIALIZING CANDIDATE TREE SET                      |
--------------------------------------------------------------------
Generating 98 parsimony trees... 0.136 second
Computing log-likelihood of 98 initial trees ... 0.239 seconds
Current best score: -4359.766

Do NNI search on 20 best initial trees
Estimate model parameters (epsilon = 0.100)
Initial log-likelihood: -4359.766
Current log-likelihood at step 1: -4359.753
Parameters optimization took 0 rounds (0.007 sec)

BETTER TREE FOUND at iteration 1: -4359.753
UPDATE BEST LOG-LIKELIHOOD: -4359.744
Iteration 10 / LogL: -4371.749 / Time: 0h:3m:50s
Iteration 20 / LogL: -4361.028 / Time: 0h:3m:50s
Finish initializing candidate tree set (9)
Current best tree score: -4359.744 / CPU time: 0.965
Number of iterations: 20
--------------------------------------------------------------------
|               OPTIMIZING CANDIDATE TREE SET                      |
--------------------------------------------------------------------
Iteration 30 / LogL: -4360.803 / Time: 0h:3m:50s (0h:0m:3s left)
Iteration 40 / LogL: -4359.783 / Time: 0h:3m:51s (0h:0m:2s left)
UPDATE BEST LOG-LIKELIHOOD: -4359.741
Iteration 50 / LogL: -4359.745 / Time: 0h:3m:51s (0h:0m:2s left)
UPDATE BEST LOG-LIKELIHOOD: -4359.741
Iteration 60 / LogL: -4360.799 / Time: 0h:3m:52s (0h:0m:1s left)
UPDATE BEST LOG-LIKELIHOOD: -4359.741
Iteration 70 / LogL: -4362.311 / Time: 0h:3m:52s (0h:0m:1s left)
Iteration 80 / LogL: -4360.806 / Time: 0h:3m:52s (0h:0m:0s left)
Iteration 90 / LogL: -4359.747 / Time: 0h:3m:53s (0h:0m:0s left)
Iteration 100 / LogL: -4359.743 / Time: 0h:3m:53s (0h:0m:0s left)
TREE SEARCH COMPLETED AFTER 102 ITERATIONS / Time: 0h:3m:53s

--------------------------------------------------------------------
|                    FINALIZING TREE SEARCH                        |
--------------------------------------------------------------------
Performs final model parameters optimization
Estimate model parameters (epsilon = 0.010)
Initial log-likelihood: -4359.741
Current log-likelihood at step 1: -4359.740
Partition-specific rates:  1.314 0.686
Parameters optimization took 0 rounds (0.007 sec)

Partition information was printed to partition_file.nex.best_model.nex
BEST SCORE FOUND : -4359.740
Total tree length: 6.880

Total number of iterations: 102
CPU time used for tree search: 4.276 sec (0h:0m:4s)
Wall-clock time used for tree search: 4.129 sec (0h:0m:4s)
Total CPU time used: 240.807 sec (0h:4m:0s)
Total wall-clock time used: 233.771 sec (0h:3m:53s)

===> START BOOTSTRAP REPLICATE NUMBER 49

Creating bootstrap alignment (seed: 631856)...
WARNING: States(s) K, M rarely appear in partition tdi and may cause numerical problems

Create initial parsimony tree by phylogenetic likelihood library (PLL)... 0.001 seconds
Reading model parameters from file /Users/mful870/Desktop/MD_3di_Dev_02Oct24/Scriptorum/SubstitutionMatrix/3di_substmat
WARNING: Normalizing state frequencies so that sum of them equals to 1

NOTE: 1 MB RAM (0 GB) is required!
Estimate model parameters (epsilon = 0.100)
Initial log-likelihood: -4384.915
Current log-likelihood at step 1: -4299.160
Current log-likelihood at step 2: -4291.206
Current log-likelihood at step 3: -4291.201
Partition-specific rates:  1.303 0.697
Parameters optimization took 2 rounds (0.050 sec)

Wrote distance file to... 
Computing ML distances based on estimated model parameters...
Calculating distance matrix: done in 4.29153e-05 secs using 86.22% CPU
Computing ML distances took 0.000085 sec (of wall-clock time) 0.000064 sec (of CPU time)
Setting up auxiliary I and S matrices: done in 2.69413e-05 secs using 77.95% CPU
Computing RapidNJ tree took 0.000112 sec (of wall-clock time) 0.000070 sec (of CPU time)
Log-likelihood of RapidNJ tree: -4523.032
--------------------------------------------------------------------
|             INITIALIZING CANDIDATE TREE SET                      |
--------------------------------------------------------------------
Generating 98 parsimony trees... 0.120 second
Computing log-likelihood of 98 initial trees ... 0.260 seconds
Current best score: -4283.863

Do NNI search on 20 best initial trees
Estimate model parameters (epsilon = 0.100)
Initial log-likelihood: -4269.283
Current log-likelihood at step 1: -4269.168
Current log-likelihood at step 2: -4269.147
Parameters optimization took 1 rounds (0.021 sec)

BETTER TREE FOUND at iteration 1: -4269.147
Iteration 10 / LogL: -4282.286 / Time: 0h:3m:54s
Iteration 20 / LogL: -4282.768 / Time: 0h:3m:54s
Finish initializing candidate tree set (9)
Current best tree score: -4269.147 / CPU time: 1.078
Number of iterations: 20
--------------------------------------------------------------------
|               OPTIMIZING CANDIDATE TREE SET                      |
--------------------------------------------------------------------
Iteration 30 / LogL: -4272.097 / Time: 0h:3m:55s (0h:0m:3s left)
Iteration 40 / LogL: -4275.075 / Time: 0h:3m:55s (0h:0m:3s left)
Iteration 50 / LogL: -4271.528 / Time: 0h:3m:56s (0h:0m:2s left)
Iteration 60 / LogL: -4269.160 / Time: 0h:3m:56s (0h:0m:1s left)
Iteration 70 / LogL: -4273.684 / Time: 0h:3m:56s (0h:0m:1s left)
Iteration 80 / LogL: -4271.574 / Time: 0h:3m:57s (0h:0m:0s left)
Iteration 90 / LogL: -4273.297 / Time: 0h:3m:57s (0h:0m:0s left)
Iteration 100 / LogL: -4269.196 / Time: 0h:3m:58s (0h:0m:0s left)
TREE SEARCH COMPLETED AFTER 102 ITERATIONS / Time: 0h:3m:58s

--------------------------------------------------------------------
|                    FINALIZING TREE SEARCH                        |
--------------------------------------------------------------------
Performs final model parameters optimization
Estimate model parameters (epsilon = 0.010)
Initial log-likelihood: -4269.147
Current log-likelihood at step 1: -4269.144
Partition-specific rates:  1.294 0.706
Parameters optimization took 0 rounds (0.008 sec)

Partition information was printed to partition_file.nex.best_model.nex
BEST SCORE FOUND : -4269.144
Total tree length: 7.244

Total number of iterations: 102
CPU time used for tree search: 4.413 sec (0h:0m:4s)
Wall-clock time used for tree search: 4.254 sec (0h:0m:4s)
Total CPU time used: 245.314 sec (0h:4m:5s)
Total wall-clock time used: 238.121 sec (0h:3m:58s)

===> START BOOTSTRAP REPLICATE NUMBER 50

Creating bootstrap alignment (seed: 631857)...
WARNING: States(s) K, M rarely appear in partition tdi and may cause numerical problems

Create initial parsimony tree by phylogenetic likelihood library (PLL)... 0.001 seconds
Reading model parameters from file /Users/mful870/Desktop/MD_3di_Dev_02Oct24/Scriptorum/SubstitutionMatrix/3di_substmat
WARNING: Normalizing state frequencies so that sum of them equals to 1

NOTE: 1 MB RAM (0 GB) is required!
Estimate model parameters (epsilon = 0.100)
Initial log-likelihood: -4259.158
Current log-likelihood at step 1: -4176.045
Current log-likelihood at step 2: -4172.752
Current log-likelihood at step 3: -4172.751
Partition-specific rates:  1.248 0.752
Parameters optimization took 2 rounds (0.044 sec)

Wrote distance file to... 
Computing ML distances based on estimated model parameters...
Calculating distance matrix: done in 4.60148e-05 secs using 84.76% CPU
Computing ML distances took 0.000089 sec (of wall-clock time) 0.000067 sec (of CPU time)
Setting up auxiliary I and S matrices: done in 2.69413e-05 secs using 81.66% CPU
Computing RapidNJ tree took 0.000119 sec (of wall-clock time) 0.000073 sec (of CPU time)
Log-likelihood of RapidNJ tree: -4398.562
--------------------------------------------------------------------
|             INITIALIZING CANDIDATE TREE SET                      |
--------------------------------------------------------------------
Generating 98 parsimony trees... 0.117 second
Computing log-likelihood of 98 initial trees ... 0.251 seconds
Current best score: -4147.844

Do NNI search on 20 best initial trees
Estimate model parameters (epsilon = 0.100)
Initial log-likelihood: -4141.829
Current log-likelihood at step 1: -4141.703
Current log-likelihood at step 2: -4141.701
Parameters optimization took 1 rounds (0.021 sec)

BETTER TREE FOUND at iteration 1: -4141.701
Iteration 10 / LogL: -4141.712 / Time: 0h:3m:58s
Iteration 20 / LogL: -4146.754 / Time: 0h:3m:59s
Finish initializing candidate tree set (5)
Current best tree score: -4141.701 / CPU time: 1.042
Number of iterations: 20
--------------------------------------------------------------------
|               OPTIMIZING CANDIDATE TREE SET                      |
--------------------------------------------------------------------
Iteration 30 / LogL: -4141.733 / Time: 0h:3m:59s (0h:0m:3s left)
Iteration 40 / LogL: -4146.891 / Time: 0h:4m:0s (0h:0m:2s left)
Iteration 50 / LogL: -4144.656 / Time: 0h:4m:0s (0h:0m:2s left)
Iteration 60 / LogL: -4141.720 / Time: 0h:4m:0s (0h:0m:1s left)
Iteration 70 / LogL: -4141.744 / Time: 0h:4m:1s (0h:0m:1s left)
Iteration 80 / LogL: -4144.573 / Time: 0h:4m:1s (0h:0m:0s left)
Iteration 90 / LogL: -4146.903 / Time: 0h:4m:1s (0h:0m:0s left)
Iteration 100 / LogL: -4141.703 / Time: 0h:4m:2s (0h:0m:0s left)
TREE SEARCH COMPLETED AFTER 102 ITERATIONS / Time: 0h:4m:2s

--------------------------------------------------------------------
|                    FINALIZING TREE SEARCH                        |
--------------------------------------------------------------------
Performs final model parameters optimization
Estimate model parameters (epsilon = 0.010)
Initial log-likelihood: -4141.701
Current log-likelihood at step 1: -4141.700
Partition-specific rates:  1.263 0.737
Parameters optimization took 0 rounds (0.008 sec)

Partition information was printed to partition_file.nex.best_model.nex
BEST SCORE FOUND : -4141.700
Total tree length: 6.605

Total number of iterations: 102
CPU time used for tree search: 4.301 sec (0h:0m:4s)
Wall-clock time used for tree search: 4.145 sec (0h:0m:4s)
Total CPU time used: 249.705 sec (0h:4m:9s)
Total wall-clock time used: 242.354 sec (0h:4m:2s)

===> START BOOTSTRAP REPLICATE NUMBER 51

Creating bootstrap alignment (seed: 631858)...
WARNING: States(s) K, M rarely appear in partition tdi and may cause numerical problems

Create initial parsimony tree by phylogenetic likelihood library (PLL)... 0.001 seconds
Reading model parameters from file /Users/mful870/Desktop/MD_3di_Dev_02Oct24/Scriptorum/SubstitutionMatrix/3di_substmat
WARNING: Normalizing state frequencies so that sum of them equals to 1

NOTE: 1 MB RAM (0 GB) is required!
Estimate model parameters (epsilon = 0.100)
Initial log-likelihood: -4162.270
Current log-likelihood at step 1: -4069.519
Current log-likelihood at step 2: -4060.089
Current log-likelihood at step 3: -4060.087
Partition-specific rates:  1.301 0.699
Parameters optimization took 2 rounds (0.044 sec)

Wrote distance file to... 
Computing ML distances based on estimated model parameters...
Calculating distance matrix: done in 4.19617e-05 secs using 85.79% CPU
Computing ML distances took 0.000085 sec (of wall-clock time) 0.000063 sec (of CPU time)
Setting up auxiliary I and S matrices: done in 3.91006e-05 secs using 71.61% CPU
Computing RapidNJ tree took 0.000177 sec (of wall-clock time) 0.000106 sec (of CPU time)
Log-likelihood of RapidNJ tree: -4287.709
--------------------------------------------------------------------
|             INITIALIZING CANDIDATE TREE SET                      |
--------------------------------------------------------------------
Generating 98 parsimony trees... 0.119 second
Computing log-likelihood of 98 initial trees ... 0.253 seconds
Current best score: -4042.940

Do NNI search on 20 best initial trees
Estimate model parameters (epsilon = 0.100)
Initial log-likelihood: -4025.361
Current log-likelihood at step 1: -4024.901
Current log-likelihood at step 2: -4024.862
Parameters optimization took 1 rounds (0.028 sec)

BETTER TREE FOUND at iteration 1: -4024.862
Estimate model parameters (epsilon = 0.100)
Initial log-likelihood: -4022.480
Current log-likelihood at step 1: -4022.430
Parameters optimization took 0 rounds (0.012 sec)

BETTER TREE FOUND at iteration 3: -4022.430
Iteration 10 / LogL: -4040.898 / Time: 0h:4m:3s
Iteration 20 / LogL: -4022.450 / Time: 0h:4m:3s
Finish initializing candidate tree set (9)
Current best tree score: -4022.430 / CPU time: 1.190
Number of iterations: 20
--------------------------------------------------------------------
|               OPTIMIZING CANDIDATE TREE SET                      |
--------------------------------------------------------------------
UPDATE BEST LOG-LIKELIHOOD: -4022.430
Iteration 30 / LogL: -4022.537 / Time: 0h:4m:3s (0h:0m:4s left)
Iteration 40 / LogL: -4024.911 / Time: 0h:4m:4s (0h:0m:3s left)
Iteration 50 / LogL: -4024.993 / Time: 0h:4m:4s (0h:0m:2s left)
Iteration 60 / LogL: -4022.431 / Time: 0h:4m:5s (0h:0m:2s left)
Iteration 70 / LogL: -4022.444 / Time: 0h:4m:5s (0h:0m:1s left)
Iteration 80 / LogL: -4022.974 / Time: 0h:4m:5s (0h:0m:1s left)
Iteration 90 / LogL: -4024.873 / Time: 0h:4m:6s (0h:0m:0s left)
Iteration 100 / LogL: -4022.440 / Time: 0h:4m:6s (0h:0m:0s left)
TREE SEARCH COMPLETED AFTER 104 ITERATIONS / Time: 0h:4m:6s

--------------------------------------------------------------------
|                    FINALIZING TREE SEARCH                        |
--------------------------------------------------------------------
Performs final model parameters optimization
Estimate model parameters (epsilon = 0.010)
Initial log-likelihood: -4022.430
Current log-likelihood at step 1: -4022.425
Partition-specific rates:  1.260 0.740
Parameters optimization took 0 rounds (0.008 sec)

Partition information was printed to partition_file.nex.best_model.nex
BEST SCORE FOUND : -4022.425
Total tree length: 6.700

Total number of iterations: 104
CPU time used for tree search: 4.521 sec (0h:0m:4s)
Wall-clock time used for tree search: 4.372 sec (0h:0m:4s)
Total CPU time used: 254.321 sec (0h:4m:14s)
Total wall-clock time used: 246.815 sec (0h:4m:6s)

===> START BOOTSTRAP REPLICATE NUMBER 52

Creating bootstrap alignment (seed: 631859)...
WARNING: States(s) I, K, M rarely appear in partition tdi and may cause numerical problems

Create initial parsimony tree by phylogenetic likelihood library (PLL)... 0.001 seconds
Reading model parameters from file /Users/mful870/Desktop/MD_3di_Dev_02Oct24/Scriptorum/SubstitutionMatrix/3di_substmat
WARNING: Normalizing state frequencies so that sum of them equals to 1

NOTE: 1 MB RAM (0 GB) is required!
Estimate model parameters (epsilon = 0.100)
Initial log-likelihood: -4164.880
Current log-likelihood at step 1: -4093.671
Current log-likelihood at step 2: -4087.891
Current log-likelihood at step 3: -4087.886
Partition-specific rates:  1.289 0.711
Parameters optimization took 2 rounds (0.041 sec)

Wrote distance file to... 
Computing ML distances based on estimated model parameters...
Calculating distance matrix: done in 4.60148e-05 secs using 84.76% CPU
Computing ML distances took 0.000095 sec (of wall-clock time) 0.000069 sec (of CPU time)
Setting up auxiliary I and S matrices: done in 4.00543e-05 secs using 74.9% CPU
Computing RapidNJ tree took 0.000174 sec (of wall-clock time) 0.000106 sec (of CPU time)
Log-likelihood of RapidNJ tree: -4373.954
--------------------------------------------------------------------
|             INITIALIZING CANDIDATE TREE SET                      |
--------------------------------------------------------------------
Generating 98 parsimony trees... 0.132 second
Computing log-likelihood of 98 initial trees ... 0.245 seconds
Current best score: -4083.932

Do NNI search on 20 best initial trees
Estimate model parameters (epsilon = 0.100)
Initial log-likelihood: -4080.882
Current log-likelihood at step 1: -4080.842
Parameters optimization took 0 rounds (0.008 sec)

BETTER TREE FOUND at iteration 1: -4080.842
Iteration 10 / LogL: -4083.808 / Time: 0h:4m:7s
Iteration 20 / LogL: -4080.927 / Time: 0h:4m:7s
Finish initializing candidate tree set (7)
Current best tree score: -4080.842 / CPU time: 1.027
Number of iterations: 20
--------------------------------------------------------------------
|               OPTIMIZING CANDIDATE TREE SET                      |
--------------------------------------------------------------------
Estimate model parameters (epsilon = 0.100)
Initial log-likelihood: -4080.823
Current log-likelihood at step 1: -4080.603
Current log-likelihood at step 2: -4080.595
Parameters optimization took 1 rounds (0.021 sec)

UPDATE BEST LOG-LIKELIHOOD: -4080.595
Iteration 30 / LogL: -4080.763 / Time: 0h:4m:8s (0h:0m:3s left)
Iteration 40 / LogL: -4080.862 / Time: 0h:4m:8s (0h:0m:2s left)
Iteration 50 / LogL: -4083.071 / Time: 0h:4m:8s (0h:0m:2s left)
Iteration 60 / LogL: -4080.696 / Time: 0h:4m:9s (0h:0m:1s left)
Iteration 70 / LogL: -4080.721 / Time: 0h:4m:9s (0h:0m:1s left)
Iteration 80 / LogL: -4080.614 / Time: 0h:4m:9s (0h:0m:0s left)
Iteration 90 / LogL: -4080.659 / Time: 0h:4m:10s (0h:0m:0s left)
Iteration 100 / LogL: -4080.717 / Time: 0h:4m:10s (0h:0m:0s left)
TREE SEARCH COMPLETED AFTER 102 ITERATIONS / Time: 0h:4m:10s

--------------------------------------------------------------------
|                    FINALIZING TREE SEARCH                        |
--------------------------------------------------------------------
Performs final model parameters optimization
Estimate model parameters (epsilon = 0.010)
Initial log-likelihood: -4080.595
Current log-likelihood at step 1: -4080.593
Partition-specific rates:  1.278 0.722
Parameters optimization took 0 rounds (0.008 sec)

Partition information was printed to partition_file.nex.best_model.nex
BEST SCORE FOUND : -4080.593
Total tree length: 6.191

Total number of iterations: 102
CPU time used for tree search: 3.858 sec (0h:0m:3s)
Wall-clock time used for tree search: 3.710 sec (0h:0m:3s)
Total CPU time used: 258.279 sec (0h:4m:18s)
Total wall-clock time used: 250.620 sec (0h:4m:10s)

===> START BOOTSTRAP REPLICATE NUMBER 53

Creating bootstrap alignment (seed: 631860)...
WARNING: States(s) I, K, M rarely appear in partition tdi and may cause numerical problems

Create initial parsimony tree by phylogenetic likelihood library (PLL)... 0.001 seconds
Reading model parameters from file /Users/mful870/Desktop/MD_3di_Dev_02Oct24/Scriptorum/SubstitutionMatrix/3di_substmat
WARNING: Normalizing state frequencies so that sum of them equals to 1

NOTE: 1 MB RAM (0 GB) is required!
Estimate model parameters (epsilon = 0.100)
Initial log-likelihood: -4159.020
Current log-likelihood at step 1: -4067.142
Current log-likelihood at step 2: -4063.411
Current log-likelihood at step 3: -4063.407
Partition-specific rates:  1.271 0.729
Parameters optimization took 2 rounds (0.043 sec)

Wrote distance file to... 
Computing ML distances based on estimated model parameters...
Calculating distance matrix: done in 4.19617e-05 secs using 85.79% CPU
Computing ML distances took 0.000084 sec (of wall-clock time) 0.000063 sec (of CPU time)
Setting up auxiliary I and S matrices: done in 2.69413e-05 secs using 77.95% CPU
Computing RapidNJ tree took 0.000108 sec (of wall-clock time) 0.000069 sec (of CPU time)
Log-likelihood of RapidNJ tree: -4248.476
--------------------------------------------------------------------
|             INITIALIZING CANDIDATE TREE SET                      |
--------------------------------------------------------------------
Generating 98 parsimony trees... 0.115 second
Computing log-likelihood of 98 initial trees ... 0.261 seconds
Current best score: -4020.740

Do NNI search on 20 best initial trees
Estimate model parameters (epsilon = 0.100)
Initial log-likelihood: -4002.430
Current log-likelihood at step 1: -4002.388
Parameters optimization took 0 rounds (0.014 sec)

BETTER TREE FOUND at iteration 1: -4002.388
Estimate model parameters (epsilon = 0.100)
Initial log-likelihood: -4000.068
Current log-likelihood at step 1: -4000.038
Parameters optimization took 0 rounds (0.008 sec)

BETTER TREE FOUND at iteration 3: -4000.038
Iteration 10 / LogL: -4012.434 / Time: 0h:4m:11s
Iteration 20 / LogL: -4000.095 / Time: 0h:4m:11s
Finish initializing candidate tree set (10)
Current best tree score: -4000.038 / CPU time: 1.224
Number of iterations: 20
--------------------------------------------------------------------
|               OPTIMIZING CANDIDATE TREE SET                      |
--------------------------------------------------------------------
Iteration 30 / LogL: -4002.416 / Time: 0h:4m:12s (0h:0m:4s left)
Iteration 40 / LogL: -4000.063 / Time: 0h:4m:12s (0h:0m:3s left)
Iteration 50 / LogL: -4000.107 / Time: 0h:4m:13s (0h:0m:2s left)
Iteration 60 / LogL: -4000.126 / Time: 0h:4m:13s (0h:0m:2s left)
Iteration 70 / LogL: -4008.685 / Time: 0h:4m:14s (0h:0m:1s left)
Iteration 80 / LogL: -4000.042 / Time: 0h:4m:14s (0h:0m:1s left)
Iteration 90 / LogL: -4002.815 / Time: 0h:4m:14s (0h:0m:0s left)
Iteration 100 / LogL: -4000.098 / Time: 0h:4m:15s (0h:0m:0s left)
TREE SEARCH COMPLETED AFTER 104 ITERATIONS / Time: 0h:4m:15s

--------------------------------------------------------------------
|                    FINALIZING TREE SEARCH                        |
--------------------------------------------------------------------
Performs final model parameters optimization
Estimate model parameters (epsilon = 0.010)
Initial log-likelihood: -4000.038
Current log-likelihood at step 1: -4000.037
Partition-specific rates:  1.259 0.741
Parameters optimization took 0 rounds (0.008 sec)

Partition information was printed to partition_file.nex.best_model.nex
BEST SCORE FOUND : -4000.037
Total tree length: 6.158

Total number of iterations: 104
CPU time used for tree search: 4.834 sec (0h:0m:4s)
Wall-clock time used for tree search: 4.688 sec (0h:0m:4s)
Total CPU time used: 263.202 sec (0h:4m:23s)
Total wall-clock time used: 255.395 sec (0h:4m:15s)

===> START BOOTSTRAP REPLICATE NUMBER 54

Creating bootstrap alignment (seed: 631861)...
WARNING: States(s) K, M rarely appear in partition tdi and may cause numerical problems

Create initial parsimony tree by phylogenetic likelihood library (PLL)... 0.001 seconds
Reading model parameters from file /Users/mful870/Desktop/MD_3di_Dev_02Oct24/Scriptorum/SubstitutionMatrix/3di_substmat
WARNING: Normalizing state frequencies so that sum of them equals to 1

NOTE: 1 MB RAM (0 GB) is required!
Estimate model parameters (epsilon = 0.100)
Initial log-likelihood: -4237.707
Current log-likelihood at step 1: -4148.169
Current log-likelihood at step 2: -4135.916
Current log-likelihood at step 3: -4135.912
Partition-specific rates:  1.349 0.651
Parameters optimization took 2 rounds (0.051 sec)

Wrote distance file to... 
Computing ML distances based on estimated model parameters...
Calculating distance matrix: done in 7.20024e-05 secs using 84.72% CPU
Computing ML distances took 0.000168 sec (of wall-clock time) 0.000110 sec (of CPU time)
Setting up auxiliary I and S matrices: done in 3.09944e-05 secs using 74.21% CPU
Computing RapidNJ tree took 0.000126 sec (of wall-clock time) 0.000081 sec (of CPU time)
Log-likelihood of RapidNJ tree: -4363.610
--------------------------------------------------------------------
|             INITIALIZING CANDIDATE TREE SET                      |
--------------------------------------------------------------------
Generating 98 parsimony trees... 0.126 second
Computing log-likelihood of 98 initial trees ... 0.265 seconds
Current best score: -4127.853

Do NNI search on 20 best initial trees
Estimate model parameters (epsilon = 0.100)
Initial log-likelihood: -4120.009
Current log-likelihood at step 1: -4120.000
Parameters optimization took 0 rounds (0.013 sec)

BETTER TREE FOUND at iteration 1: -4120.000
Estimate model parameters (epsilon = 0.100)
Initial log-likelihood: -4117.091
Current log-likelihood at step 1: -4117.034
Parameters optimization took 0 rounds (0.008 sec)

BETTER TREE FOUND at iteration 2: -4117.034
Iteration 10 / LogL: -4129.597 / Time: 0h:4m:16s
Iteration 20 / LogL: -4120.098 / Time: 0h:4m:16s
Finish initializing candidate tree set (4)
Current best tree score: -4117.034 / CPU time: 1.272
Number of iterations: 20
--------------------------------------------------------------------
|               OPTIMIZING CANDIDATE TREE SET                      |
--------------------------------------------------------------------
Estimate model parameters (epsilon = 0.100)
Initial log-likelihood: -4117.007
Current log-likelihood at step 1: -4116.996
Parameters optimization took 0 rounds (0.008 sec)

UPDATE BEST LOG-LIKELIHOOD: -4116.996
UPDATE BEST LOG-LIKELIHOOD: -4116.994
Iteration 30 / LogL: -4117.136 / Time: 0h:4m:17s (0h:0m:4s left)
UPDATE BEST LOG-LIKELIHOOD: -4116.993
Iteration 40 / LogL: -4117.011 / Time: 0h:4m:17s (0h:0m:3s left)
Iteration 50 / LogL: -4116.994 / Time: 0h:4m:18s (0h:0m:2s left)
Iteration 60 / LogL: -4117.142 / Time: 0h:4m:18s (0h:0m:2s left)
Iteration 70 / LogL: -4117.244 / Time: 0h:4m:18s (0h:0m:1s left)
Iteration 80 / LogL: -4120.056 / Time: 0h:4m:19s (0h:0m:1s left)
Iteration 90 / LogL: -4124.300 / Time: 0h:4m:19s (0h:0m:0s left)
Iteration 100 / LogL: -4117.046 / Time: 0h:4m:20s (0h:0m:0s left)
UPDATE BEST LOG-LIKELIHOOD: -4116.993
TREE SEARCH COMPLETED AFTER 103 ITERATIONS / Time: 0h:4m:20s

--------------------------------------------------------------------
|                    FINALIZING TREE SEARCH                        |
--------------------------------------------------------------------
Performs final model parameters optimization
Estimate model parameters (epsilon = 0.010)
Initial log-likelihood: -4116.993
Current log-likelihood at step 1: -4116.990
Partition-specific rates:  1.352 0.648
Parameters optimization took 0 rounds (0.010 sec)

Partition information was printed to partition_file.nex.best_model.nex
BEST SCORE FOUND : -4116.990
Total tree length: 7.170

Total number of iterations: 103
CPU time used for tree search: 4.757 sec (0h:0m:4s)
Wall-clock time used for tree search: 4.634 sec (0h:0m:4s)
Total CPU time used: 268.075 sec (0h:4m:28s)
Total wall-clock time used: 260.137 sec (0h:4m:20s)

===> START BOOTSTRAP REPLICATE NUMBER 55

Creating bootstrap alignment (seed: 631862)...
WARNING: States(s) K, M rarely appear in partition tdi and may cause numerical problems

Create initial parsimony tree by phylogenetic likelihood library (PLL)... 0.001 seconds
Reading model parameters from file /Users/mful870/Desktop/MD_3di_Dev_02Oct24/Scriptorum/SubstitutionMatrix/3di_substmat
WARNING: Normalizing state frequencies so that sum of them equals to 1

NOTE: 1 MB RAM (0 GB) is required!
Estimate model parameters (epsilon = 0.100)
Initial log-likelihood: -4124.591
Current log-likelihood at step 1: -4051.745
Current log-likelihood at step 2: -4049.734
Current log-likelihood at step 3: -4049.731
Partition-specific rates:  1.221 0.779
Parameters optimization took 2 rounds (0.045 sec)

Wrote distance file to... 
Computing ML distances based on estimated model parameters...
Calculating distance matrix: done in 4.19617e-05 secs using 85.79% CPU
Computing ML distances took 0.000092 sec (of wall-clock time) 0.000062 sec (of CPU time)
Setting up auxiliary I and S matrices: done in 3.38554e-05 secs using 79.75% CPU
Computing RapidNJ tree took 0.000142 sec (of wall-clock time) 0.000082 sec (of CPU time)
Log-likelihood of RapidNJ tree: -4327.166
--------------------------------------------------------------------
|             INITIALIZING CANDIDATE TREE SET                      |
--------------------------------------------------------------------
Generating 98 parsimony trees... 0.144 second
Computing log-likelihood of 98 initial trees ... 0.272 seconds
Current best score: -4046.283

Do NNI search on 20 best initial trees
Estimate model parameters (epsilon = 0.100)
Initial log-likelihood: -4040.777
Current log-likelihood at step 1: -4040.740
Parameters optimization took 0 rounds (0.016 sec)

BETTER TREE FOUND at iteration 1: -4040.740
Estimate model parameters (epsilon = 0.100)
Initial log-likelihood: -4040.658
Current log-likelihood at step 1: -4040.628
Parameters optimization took 0 rounds (0.013 sec)

BETTER TREE FOUND at iteration 7: -4040.628
Iteration 10 / LogL: -4040.766 / Time: 0h:4m:20s
Iteration 20 / LogL: -4040.766 / Time: 0h:4m:21s
Finish initializing candidate tree set (6)
Current best tree score: -4040.628 / CPU time: 1.086
Number of iterations: 20
--------------------------------------------------------------------
|               OPTIMIZING CANDIDATE TREE SET                      |
--------------------------------------------------------------------
Iteration 30 / LogL: -4040.800 / Time: 0h:4m:21s (0h:0m:4s left)
Iteration 40 / LogL: -4040.791 / Time: 0h:4m:22s (0h:0m:3s left)
Iteration 50 / LogL: -4041.379 / Time: 0h:4m:22s (0h:0m:2s left)
Iteration 60 / LogL: -4041.156 / Time: 0h:4m:23s (0h:0m:2s left)
Iteration 70 / LogL: -4040.632 / Time: 0h:4m:23s (0h:0m:1s left)
Iteration 80 / LogL: -4041.213 / Time: 0h:4m:23s (0h:0m:1s left)
Iteration 90 / LogL: -4040.634 / Time: 0h:4m:24s (0h:0m:0s left)
Iteration 100 / LogL: -4040.780 / Time: 0h:4m:24s (0h:0m:0s left)
TREE SEARCH COMPLETED AFTER 108 ITERATIONS / Time: 0h:4m:24s

--------------------------------------------------------------------
|                    FINALIZING TREE SEARCH                        |
--------------------------------------------------------------------
Performs final model parameters optimization
Estimate model parameters (epsilon = 0.010)
Initial log-likelihood: -4040.628
Current log-likelihood at step 1: -4040.627
Partition-specific rates:  1.217 0.783
Parameters optimization took 0 rounds (0.008 sec)

Partition information was printed to partition_file.nex.best_model.nex
BEST SCORE FOUND : -4040.627
Total tree length: 6.029

Total number of iterations: 108
CPU time used for tree search: 4.853 sec (0h:0m:4s)
Wall-clock time used for tree search: 4.732 sec (0h:0m:4s)
Total CPU time used: 273.032 sec (0h:4m:33s)
Total wall-clock time used: 264.967 sec (0h:4m:24s)

===> START BOOTSTRAP REPLICATE NUMBER 56

Creating bootstrap alignment (seed: 631863)...
WARNING: States(s) K, M rarely appear in partition tdi and may cause numerical problems

Create initial parsimony tree by phylogenetic likelihood library (PLL)... 0.001 seconds
Reading model parameters from file /Users/mful870/Desktop/MD_3di_Dev_02Oct24/Scriptorum/SubstitutionMatrix/3di_substmat
WARNING: Normalizing state frequencies so that sum of them equals to 1

NOTE: 1 MB RAM (0 GB) is required!
Estimate model parameters (epsilon = 0.100)
Initial log-likelihood: -4325.387
Current log-likelihood at step 1: -4240.845
Current log-likelihood at step 2: -4229.983
Current log-likelihood at step 3: -4229.956
Partition-specific rates:  1.372 0.628
Parameters optimization took 2 rounds (0.046 sec)

Wrote distance file to... 
Computing ML distances based on estimated model parameters...
Calculating distance matrix: done in 4.19617e-05 secs using 85.79% CPU
Computing ML distances took 0.000091 sec (of wall-clock time) 0.000061 sec (of CPU time)
Setting up auxiliary I and S matrices: done in 2.81334e-05 secs using 74.64% CPU
Computing RapidNJ tree took 0.000129 sec (of wall-clock time) 0.000072 sec (of CPU time)
Log-likelihood of RapidNJ tree: -4425.497
--------------------------------------------------------------------
|             INITIALIZING CANDIDATE TREE SET                      |
--------------------------------------------------------------------
Generating 98 parsimony trees... 0.135 second
Computing log-likelihood of 98 initial trees ... 0.242 seconds
Current best score: -4207.764

Do NNI search on 20 best initial trees
Estimate model parameters (epsilon = 0.100)
Initial log-likelihood: -4200.998
Current log-likelihood at step 1: -4200.470
Current log-likelihood at step 2: -4200.461
Parameters optimization took 1 rounds (0.024 sec)

BETTER TREE FOUND at iteration 1: -4200.461
Iteration 10 / LogL: -4200.474 / Time: 0h:4m:25s
Estimate model parameters (epsilon = 0.100)
Initial log-likelihood: -4200.204
Current log-likelihood at step 1: -4200.189
Parameters optimization took 0 rounds (0.008 sec)

BETTER TREE FOUND at iteration 19: -4200.189
Iteration 20 / LogL: -4203.055 / Time: 0h:4m:26s
Finish initializing candidate tree set (6)
Current best tree score: -4200.189 / CPU time: 1.205
Number of iterations: 20
--------------------------------------------------------------------
|               OPTIMIZING CANDIDATE TREE SET                      |
--------------------------------------------------------------------
Iteration 30 / LogL: -4209.411 / Time: 0h:4m:26s (0h:0m:5s left)
Iteration 40 / LogL: -4204.083 / Time: 0h:4m:26s (0h:0m:3s left)
Iteration 50 / LogL: -4203.056 / Time: 0h:4m:27s (0h:0m:3s left)
UPDATE BEST LOG-LIKELIHOOD: -4200.188
Iteration 60 / LogL: -4200.194 / Time: 0h:4m:27s (0h:0m:2s left)
Iteration 70 / LogL: -4200.640 / Time: 0h:4m:27s (0h:0m:2s left)
Iteration 80 / LogL: -4216.896 / Time: 0h:4m:28s (0h:0m:1s left)
Iteration 90 / LogL: -4200.324 / Time: 0h:4m:28s (0h:0m:1s left)
Iteration 100 / LogL: -4200.261 / Time: 0h:4m:29s (0h:0m:0s left)
Iteration 110 / LogL: -4200.635 / Time: 0h:4m:29s (0h:0m:0s left)
Iteration 120 / LogL: -4200.192 / Time: 0h:4m:29s (0h:0m:-1s left)
TREE SEARCH COMPLETED AFTER 120 ITERATIONS / Time: 0h:4m:29s

--------------------------------------------------------------------
|                    FINALIZING TREE SEARCH                        |
--------------------------------------------------------------------
Performs final model parameters optimization
Estimate model parameters (epsilon = 0.010)
Initial log-likelihood: -4200.188
Current log-likelihood at step 1: -4200.188
Partition-specific rates:  1.387 0.613
Parameters optimization took 0 rounds (0.008 sec)

Partition information was printed to partition_file.nex.best_model.nex
BEST SCORE FOUND : -4200.188
Total tree length: 6.978

Total number of iterations: 120
CPU time used for tree search: 4.988 sec (0h:0m:4s)
Wall-clock time used for tree search: 4.834 sec (0h:0m:4s)
Total CPU time used: 278.126 sec (0h:4m:38s)
Total wall-clock time used: 269.897 sec (0h:4m:29s)

===> START BOOTSTRAP REPLICATE NUMBER 57

Creating bootstrap alignment (seed: 631864)...
WARNING: States(s) K, M rarely appear in partition tdi and may cause numerical problems

Create initial parsimony tree by phylogenetic likelihood library (PLL)... 0.001 seconds
Reading model parameters from file /Users/mful870/Desktop/MD_3di_Dev_02Oct24/Scriptorum/SubstitutionMatrix/3di_substmat
WARNING: Normalizing state frequencies so that sum of them equals to 1

NOTE: 1 MB RAM (0 GB) is required!
Estimate model parameters (epsilon = 0.100)
Initial log-likelihood: -4503.386
Current log-likelihood at step 1: -4414.661
Current log-likelihood at step 2: -4408.419
Current log-likelihood at step 3: -4408.398
Partition-specific rates:  1.271 0.729
Parameters optimization took 2 rounds (0.043 sec)

Wrote distance file to... 
Computing ML distances based on estimated model parameters...
Calculating distance matrix: done in 4.31538e-05 secs using 85.74% CPU
Computing ML distances took 0.000093 sec (of wall-clock time) 0.000062 sec (of CPU time)
Setting up auxiliary I and S matrices: done in 2.59876e-05 secs using 73.11% CPU
Computing RapidNJ tree took 0.000117 sec (of wall-clock time) 0.000068 sec (of CPU time)
Log-likelihood of RapidNJ tree: -4657.956
--------------------------------------------------------------------
|             INITIALIZING CANDIDATE TREE SET                      |
--------------------------------------------------------------------
Generating 98 parsimony trees... 0.143 second
Computing log-likelihood of 97 initial trees ... 0.243 seconds
Current best score: -4405.752

Do NNI search on 20 best initial trees
Estimate model parameters (epsilon = 0.100)
Initial log-likelihood: -4398.221
Current log-likelihood at step 1: -4397.947
Current log-likelihood at step 2: -4397.937
Parameters optimization took 1 rounds (0.027 sec)

BETTER TREE FOUND at iteration 1: -4397.937
Estimate model parameters (epsilon = 0.100)
Initial log-likelihood: -4397.839
Current log-likelihood at step 1: -4397.615
Current log-likelihood at step 2: -4397.604
Parameters optimization took 1 rounds (0.021 sec)

BETTER TREE FOUND at iteration 2: -4397.604
Estimate model parameters (epsilon = 0.100)
Initial log-likelihood: -4396.986
Current log-likelihood at step 1: -4396.956
Parameters optimization took 0 rounds (0.008 sec)

BETTER TREE FOUND at iteration 6: -4396.956
Estimate model parameters (epsilon = 0.100)
Initial log-likelihood: -4396.422
Current log-likelihood at step 1: -4396.163
Current log-likelihood at step 2: -4396.150
Parameters optimization took 1 rounds (0.017 sec)

BETTER TREE FOUND at iteration 10: -4396.150
Iteration 10 / LogL: -4396.150 / Time: 0h:4m:30s
Iteration 20 / LogL: -4398.835 / Time: 0h:4m:31s
Finish initializing candidate tree set (11)
Current best tree score: -4396.150 / CPU time: 1.150
Number of iterations: 20
--------------------------------------------------------------------
|               OPTIMIZING CANDIDATE TREE SET                      |
--------------------------------------------------------------------
Iteration 30 / LogL: -4398.017 / Time: 0h:4m:31s (0h:0m:4s left)
Iteration 40 / LogL: -4400.418 / Time: 0h:4m:31s (0h:0m:3s left)
Iteration 50 / LogL: -4397.691 / Time: 0h:4m:32s (0h:0m:2s left)
UPDATE BEST LOG-LIKELIHOOD: -4396.149
Iteration 60 / LogL: -4396.149 / Time: 0h:4m:32s (0h:0m:2s left)
Estimate model parameters (epsilon = 0.100)
Initial log-likelihood: -4396.022
Current log-likelihood at step 1: -4395.975
Parameters optimization took 0 rounds (0.012 sec)

BETTER TREE FOUND at iteration 69: -4395.975
Iteration 70 / LogL: -4398.020 / Time: 0h:4m:32s (0h:0m:4s left)
UPDATE BEST LOG-LIKELIHOOD: -4395.972
Iteration 80 / LogL: -4396.160 / Time: 0h:4m:33s (0h:0m:3s left)
Iteration 90 / LogL: -4397.660 / Time: 0h:4m:33s (0h:0m:3s left)
Iteration 100 / LogL: -4396.292 / Time: 0h:4m:34s (0h:0m:2s left)
Iteration 110 / LogL: -4396.985 / Time: 0h:4m:34s (0h:0m:2s left)
Iteration 120 / LogL: -4396.071 / Time: 0h:4m:34s (0h:0m:1s left)
Iteration 130 / LogL: -4397.440 / Time: 0h:4m:35s (0h:0m:1s left)
Iteration 140 / LogL: -4396.975 / Time: 0h:4m:35s (0h:0m:1s left)
Iteration 150 / LogL: -4396.976 / Time: 0h:4m:35s (0h:0m:0s left)
Iteration 160 / LogL: -4396.161 / Time: 0h:4m:36s (0h:0m:0s left)
UPDATE BEST LOG-LIKELIHOOD: -4395.971
Iteration 170 / LogL: -4397.956 / Time: 0h:4m:36s (0h:0m:-1s left)
TREE SEARCH COMPLETED AFTER 170 ITERATIONS / Time: 0h:4m:36s

--------------------------------------------------------------------
|                    FINALIZING TREE SEARCH                        |
--------------------------------------------------------------------
Performs final model parameters optimization
Estimate model parameters (epsilon = 0.010)
Initial log-likelihood: -4395.971
Current log-likelihood at step 1: -4395.967
Partition-specific rates:  1.262 0.738
Parameters optimization took 0 rounds (0.007 sec)

Partition information was printed to partition_file.nex.best_model.nex
BEST SCORE FOUND : -4395.967
Total tree length: 7.214

Total number of iterations: 170
CPU time used for tree search: 6.675 sec (0h:0m:6s)
Wall-clock time used for tree search: 6.567 sec (0h:0m:6s)
Total CPU time used: 284.891 sec (0h:4m:44s)
Total wall-clock time used: 276.551 sec (0h:4m:36s)

===> START BOOTSTRAP REPLICATE NUMBER 58

Creating bootstrap alignment (seed: 631865)...
WARNING: States(s) I, K, M rarely appear in partition tdi and may cause numerical problems

Create initial parsimony tree by phylogenetic likelihood library (PLL)... 0.002 seconds
Reading model parameters from file /Users/mful870/Desktop/MD_3di_Dev_02Oct24/Scriptorum/SubstitutionMatrix/3di_substmat
WARNING: Normalizing state frequencies so that sum of them equals to 1

NOTE: 1 MB RAM (0 GB) is required!
Estimate model parameters (epsilon = 0.100)
Initial log-likelihood: -4513.635
Current log-likelihood at step 1: -4423.987
Current log-likelihood at step 2: -4415.394
Current log-likelihood at step 3: -4415.358
Partition-specific rates:  1.328 0.672
Parameters optimization took 2 rounds (0.056 sec)

Wrote distance file to... 
Computing ML distances based on estimated model parameters...
Calculating distance matrix: done in 8.17776e-05 secs using 74.59% CPU
Computing ML distances took 0.000186 sec (of wall-clock time) 0.000107 sec (of CPU time)
Setting up auxiliary I and S matrices: done in 3.88622e-05 secs using 79.77% CPU
Computing RapidNJ tree took 0.000169 sec (of wall-clock time) 0.000098 sec (of CPU time)
Log-likelihood of RapidNJ tree: -4667.391
--------------------------------------------------------------------
|             INITIALIZING CANDIDATE TREE SET                      |
--------------------------------------------------------------------
Generating 98 parsimony trees... 0.132 second
Computing log-likelihood of 98 initial trees ... 0.279 seconds
Current best score: -4413.458

Do NNI search on 20 best initial trees
Estimate model parameters (epsilon = 0.100)
Initial log-likelihood: -4404.565
Current log-likelihood at step 1: -4403.652
Current log-likelihood at step 2: -4403.583
Parameters optimization took 1 rounds (0.023 sec)

BETTER TREE FOUND at iteration 1: -4403.583
Iteration 10 / LogL: -4410.121 / Time: 0h:4m:37s
Estimate model parameters (epsilon = 0.100)
Initial log-likelihood: -4401.957
Current log-likelihood at step 1: -4401.766
Current log-likelihood at step 2: -4401.753
Parameters optimization took 1 rounds (0.025 sec)

BETTER TREE FOUND at iteration 19: -4401.753
Iteration 20 / LogL: -4413.287 / Time: 0h:4m:37s
Finish initializing candidate tree set (10)
Current best tree score: -4401.753 / CPU time: 1.173
Number of iterations: 20
--------------------------------------------------------------------
|               OPTIMIZING CANDIDATE TREE SET                      |
--------------------------------------------------------------------
Iteration 30 / LogL: -4403.829 / Time: 0h:4m:38s (0h:0m:5s left)
Iteration 40 / LogL: -4401.758 / Time: 0h:4m:38s (0h:0m:3s left)
UPDATE BEST LOG-LIKELIHOOD: -4401.752
Iteration 50 / LogL: -4401.755 / Time: 0h:4m:38s (0h:0m:3s left)
UPDATE BEST LOG-LIKELIHOOD: -4401.751
Iteration 60 / LogL: -4401.767 / Time: 0h:4m:39s (0h:0m:2s left)
Iteration 70 / LogL: -4401.834 / Time: 0h:4m:39s (0h:0m:2s left)
Iteration 80 / LogL: -4403.833 / Time: 0h:4m:39s (0h:0m:1s left)
Iteration 90 / LogL: -4401.757 / Time: 0h:4m:40s (0h:0m:1s left)
Iteration 100 / LogL: -4403.852 / Time: 0h:4m:40s (0h:0m:0s left)
Iteration 110 / LogL: -4403.133 / Time: 0h:4m:40s (0h:0m:0s left)
Iteration 120 / LogL: -4403.818 / Time: 0h:4m:41s (0h:0m:-1s left)
TREE SEARCH COMPLETED AFTER 120 ITERATIONS / Time: 0h:4m:41s

--------------------------------------------------------------------
|                    FINALIZING TREE SEARCH                        |
--------------------------------------------------------------------
Performs final model parameters optimization
Estimate model parameters (epsilon = 0.010)
Initial log-likelihood: -4401.751
Current log-likelihood at step 1: -4401.751
Partition-specific rates:  1.330 0.670
Parameters optimization took 0 rounds (0.008 sec)

Partition information was printed to partition_file.nex.best_model.nex
BEST SCORE FOUND : -4401.751
Total tree length: 7.098

Total number of iterations: 120
CPU time used for tree search: 4.741 sec (0h:0m:4s)
Wall-clock time used for tree search: 4.604 sec (0h:0m:4s)
Total CPU time used: 289.745 sec (0h:4m:49s)
Total wall-clock time used: 281.268 sec (0h:4m:41s)

===> START BOOTSTRAP REPLICATE NUMBER 59

Creating bootstrap alignment (seed: 631866)...
WARNING: States(s) K, M rarely appear in partition tdi and may cause numerical problems

Create initial parsimony tree by phylogenetic likelihood library (PLL)... 0.001 seconds
Reading model parameters from file /Users/mful870/Desktop/MD_3di_Dev_02Oct24/Scriptorum/SubstitutionMatrix/3di_substmat
WARNING: Normalizing state frequencies so that sum of them equals to 1

NOTE: 1 MB RAM (0 GB) is required!
Estimate model parameters (epsilon = 0.100)
Initial log-likelihood: -4388.081
Current log-likelihood at step 1: -4310.997
Current log-likelihood at step 2: -4308.702
Current log-likelihood at step 3: -4308.695
Partition-specific rates:  1.240 0.760
Parameters optimization took 2 rounds (0.049 sec)

Wrote distance file to... 
Computing ML distances based on estimated model parameters...
Calculating distance matrix: done in 4.19617e-05 secs using 85.79% CPU
Computing ML distances took 0.000092 sec (of wall-clock time) 0.000062 sec (of CPU time)
Setting up auxiliary I and S matrices: done in 2.88486e-05 secs using 76.26% CPU
Computing RapidNJ tree took 0.000124 sec (of wall-clock time) 0.000072 sec (of CPU time)
Log-likelihood of RapidNJ tree: -4515.670
--------------------------------------------------------------------
|             INITIALIZING CANDIDATE TREE SET                      |
--------------------------------------------------------------------
Generating 98 parsimony trees... 0.128 second
Computing log-likelihood of 98 initial trees ... 0.256 seconds
Current best score: -4298.311

Do NNI search on 20 best initial trees
Estimate model parameters (epsilon = 0.100)
Initial log-likelihood: -4281.511
Current log-likelihood at step 1: -4280.823
Current log-likelihood at step 2: -4280.823
Parameters optimization took 1 rounds (0.022 sec)

BETTER TREE FOUND at iteration 1: -4280.823
Estimate model parameters (epsilon = 0.100)
Initial log-likelihood: -4277.154
Current log-likelihood at step 1: -4276.929
Current log-likelihood at step 2: -4276.924
Parameters optimization took 1 rounds (0.023 sec)

BETTER TREE FOUND at iteration 3: -4276.924
Iteration 10 / LogL: -4301.505 / Time: 0h:4m:42s
Iteration 20 / LogL: -4285.075 / Time: 0h:4m:42s
Finish initializing candidate tree set (9)
Current best tree score: -4276.924 / CPU time: 1.353
Number of iterations: 20
--------------------------------------------------------------------
|               OPTIMIZING CANDIDATE TREE SET                      |
--------------------------------------------------------------------
Iteration 30 / LogL: -4276.939 / Time: 0h:4m:43s (0h:0m:4s left)
Iteration 40 / LogL: -4281.034 / Time: 0h:4m:43s (0h:0m:3s left)
Iteration 50 / LogL: -4282.605 / Time: 0h:4m:44s (0h:0m:3s left)
Iteration 60 / LogL: -4282.830 / Time: 0h:4m:44s (0h:0m:2s left)
Iteration 70 / LogL: -4282.597 / Time: 0h:4m:45s (0h:0m:1s left)
Iteration 80 / LogL: -4281.034 / Time: 0h:4m:45s (0h:0m:1s left)
Iteration 90 / LogL: -4276.927 / Time: 0h:4m:46s (0h:0m:0s left)
Iteration 100 / LogL: -4281.034 / Time: 0h:4m:46s (0h:0m:0s left)
TREE SEARCH COMPLETED AFTER 104 ITERATIONS / Time: 0h:4m:47s

--------------------------------------------------------------------
|                    FINALIZING TREE SEARCH                        |
--------------------------------------------------------------------
Performs final model parameters optimization
Estimate model parameters (epsilon = 0.010)
Initial log-likelihood: -4276.924
Current log-likelihood at step 1: -4276.923
Partition-specific rates:  1.251 0.749
Parameters optimization took 0 rounds (0.008 sec)

Partition information was printed to partition_file.nex.best_model.nex
BEST SCORE FOUND : -4276.923
Total tree length: 6.427

Total number of iterations: 104
CPU time used for tree search: 5.970 sec (0h:0m:5s)
Wall-clock time used for tree search: 5.820 sec (0h:0m:5s)
Total CPU time used: 295.808 sec (0h:4m:55s)
Total wall-clock time used: 287.182 sec (0h:4m:47s)

===> START BOOTSTRAP REPLICATE NUMBER 60

Creating bootstrap alignment (seed: 631867)...
WARNING: States(s) K, M rarely appear in partition tdi and may cause numerical problems

Create initial parsimony tree by phylogenetic likelihood library (PLL)... 0.001 seconds
Reading model parameters from file /Users/mful870/Desktop/MD_3di_Dev_02Oct24/Scriptorum/SubstitutionMatrix/3di_substmat
WARNING: Normalizing state frequencies so that sum of them equals to 1

NOTE: 1 MB RAM (0 GB) is required!
Estimate model parameters (epsilon = 0.100)
Initial log-likelihood: -4224.443
Current log-likelihood at step 1: -4127.291
Current log-likelihood at step 2: -4120.553
Current log-likelihood at step 3: -4120.546
Partition-specific rates:  1.295 0.705
Parameters optimization took 2 rounds (0.052 sec)

Wrote distance file to... 
Computing ML distances based on estimated model parameters...
Calculating distance matrix: done in 4.29153e-05 secs using 83.89% CPU
Computing ML distances took 0.000099 sec (of wall-clock time) 0.000065 sec (of CPU time)
Setting up auxiliary I and S matrices: done in 2.81334e-05 secs using 74.64% CPU
Computing RapidNJ tree took 0.000120 sec (of wall-clock time) 0.000070 sec (of CPU time)
Log-likelihood of RapidNJ tree: -4337.845
--------------------------------------------------------------------
|             INITIALIZING CANDIDATE TREE SET                      |
--------------------------------------------------------------------
Generating 98 parsimony trees... 0.134 second
Computing log-likelihood of 98 initial trees ... 0.264 seconds
Current best score: -4095.786

Do NNI search on 20 best initial trees
Estimate model parameters (epsilon = 0.100)
Initial log-likelihood: -4083.919
Current log-likelihood at step 1: -4083.670
Current log-likelihood at step 2: -4083.665
Parameters optimization took 1 rounds (0.023 sec)

BETTER TREE FOUND at iteration 1: -4083.665
Estimate model parameters (epsilon = 0.100)
Initial log-likelihood: -4081.292
Current log-likelihood at step 1: -4081.257
Parameters optimization took 0 rounds (0.009 sec)

BETTER TREE FOUND at iteration 2: -4081.257
Iteration 10 / LogL: -4084.943 / Time: 0h:4m:48s
Iteration 20 / LogL: -4101.526 / Time: 0h:4m:48s
Finish initializing candidate tree set (9)
Current best tree score: -4081.257 / CPU time: 1.167
Number of iterations: 20
--------------------------------------------------------------------
|               OPTIMIZING CANDIDATE TREE SET                      |
--------------------------------------------------------------------
Iteration 30 / LogL: -4081.262 / Time: 0h:4m:48s (0h:0m:4s left)
UPDATE BEST LOG-LIKELIHOOD: -4081.257
Iteration 40 / LogL: -4081.339 / Time: 0h:4m:49s (0h:0m:3s left)
Iteration 50 / LogL: -4083.830 / Time: 0h:4m:49s (0h:0m:2s left)
Iteration 60 / LogL: -4081.281 / Time: 0h:4m:49s (0h:0m:1s left)
Iteration 70 / LogL: -4084.954 / Time: 0h:4m:50s (0h:0m:1s left)
Iteration 80 / LogL: -4081.266 / Time: 0h:4m:50s (0h:0m:1s left)
Iteration 90 / LogL: -4081.346 / Time: 0h:4m:51s (0h:0m:0s left)
Iteration 100 / LogL: -4081.265 / Time: 0h:4m:51s (0h:0m:0s left)
TREE SEARCH COMPLETED AFTER 103 ITERATIONS / Time: 0h:4m:51s

--------------------------------------------------------------------
|                    FINALIZING TREE SEARCH                        |
--------------------------------------------------------------------
Performs final model parameters optimization
Estimate model parameters (epsilon = 0.010)
Initial log-likelihood: -4081.257
Current log-likelihood at step 1: -4081.254
Partition-specific rates:  1.298 0.702
Parameters optimization took 0 rounds (0.008 sec)

Partition information was printed to partition_file.nex.best_model.nex
BEST SCORE FOUND : -4081.254
Total tree length: 6.673

Total number of iterations: 103
CPU time used for tree search: 4.571 sec (0h:0m:4s)
Wall-clock time used for tree search: 4.426 sec (0h:0m:4s)
Total CPU time used: 300.480 sec (0h:5m:0s)
Total wall-clock time used: 291.707 sec (0h:4m:51s)

===> START BOOTSTRAP REPLICATE NUMBER 61

Creating bootstrap alignment (seed: 631868)...
WARNING: States(s) K, M rarely appear in partition tdi and may cause numerical problems

Create initial parsimony tree by phylogenetic likelihood library (PLL)... 0.001 seconds
Reading model parameters from file /Users/mful870/Desktop/MD_3di_Dev_02Oct24/Scriptorum/SubstitutionMatrix/3di_substmat
WARNING: Normalizing state frequencies so that sum of them equals to 1

NOTE: 1 MB RAM (0 GB) is required!
Estimate model parameters (epsilon = 0.100)
Initial log-likelihood: -4175.487
Current log-likelihood at step 1: -4074.350
Current log-likelihood at step 2: -4068.125
Current log-likelihood at step 3: -4068.120
Partition-specific rates:  1.344 0.656
Parameters optimization took 2 rounds (0.044 sec)

Wrote distance file to... 
Computing ML distances based on estimated model parameters...
Calculating distance matrix: done in 4.31538e-05 secs using 83.42% CPU
Computing ML distances took 0.000094 sec (of wall-clock time) 0.000064 sec (of CPU time)
Setting up auxiliary I and S matrices: done in 2.5034e-05 secs using 79.89% CPU
Computing RapidNJ tree took 0.000109 sec (of wall-clock time) 0.000065 sec (of CPU time)
Log-likelihood of RapidNJ tree: -4277.175
--------------------------------------------------------------------
|             INITIALIZING CANDIDATE TREE SET                      |
--------------------------------------------------------------------
Generating 98 parsimony trees... 0.123 second
Computing log-likelihood of 98 initial trees ... 0.251 seconds
Current best score: -4053.547

Do NNI search on 20 best initial trees
Estimate model parameters (epsilon = 0.100)
Initial log-likelihood: -4046.827
Current log-likelihood at step 1: -4046.795
Parameters optimization took 0 rounds (0.013 sec)

BETTER TREE FOUND at iteration 1: -4046.795
Estimate model parameters (epsilon = 0.100)
Initial log-likelihood: -4036.362
Current log-likelihood at step 1: -4035.860
Current log-likelihood at step 2: -4035.814
Parameters optimization took 1 rounds (0.030 sec)

BETTER TREE FOUND at iteration 2: -4035.814
Iteration 10 / LogL: -4051.827 / Time: 0h:4m:52s
Iteration 20 / LogL: -4035.890 / Time: 0h:4m:52s
Finish initializing candidate tree set (11)
Current best tree score: -4035.814 / CPU time: 1.113
Number of iterations: 20
--------------------------------------------------------------------
|               OPTIMIZING CANDIDATE TREE SET                      |
--------------------------------------------------------------------
Iteration 30 / LogL: -4035.890 / Time: 0h:4m:53s (0h:0m:4s left)
Iteration 40 / LogL: -4041.693 / Time: 0h:4m:53s (0h:0m:3s left)
Iteration 50 / LogL: -4036.535 / Time: 0h:4m:54s (0h:0m:2s left)
Iteration 60 / LogL: -4035.853 / Time: 0h:4m:54s (0h:0m:2s left)
Iteration 70 / LogL: -4036.535 / Time: 0h:4m:55s (0h:0m:1s left)
Iteration 80 / LogL: -4038.973 / Time: 0h:4m:55s (0h:0m:1s left)
Iteration 90 / LogL: -4036.789 / Time: 0h:4m:55s (0h:0m:0s left)
Iteration 100 / LogL: -4036.455 / Time: 0h:4m:56s (0h:0m:0s left)
TREE SEARCH COMPLETED AFTER 103 ITERATIONS / Time: 0h:4m:56s

--------------------------------------------------------------------
|                    FINALIZING TREE SEARCH                        |
--------------------------------------------------------------------
Performs final model parameters optimization
Estimate model parameters (epsilon = 0.010)
Initial log-likelihood: -4035.814
Current log-likelihood at step 1: -4035.812
Partition-specific rates:  1.305 0.695
Parameters optimization took 0 rounds (0.008 sec)

Partition information was printed to partition_file.nex.best_model.nex
BEST SCORE FOUND : -4035.812
Total tree length: 6.468

Total number of iterations: 103
CPU time used for tree search: 4.828 sec (0h:0m:4s)
Wall-clock time used for tree search: 4.682 sec (0h:0m:4s)
Total CPU time used: 305.398 sec (0h:5m:5s)
Total wall-clock time used: 296.476 sec (0h:4m:56s)

===> START BOOTSTRAP REPLICATE NUMBER 62

Creating bootstrap alignment (seed: 631869)...
WARNING: States(s) I, K, M rarely appear in partition tdi and may cause numerical problems

Create initial parsimony tree by phylogenetic likelihood library (PLL)... 0.001 seconds
Reading model parameters from file /Users/mful870/Desktop/MD_3di_Dev_02Oct24/Scriptorum/SubstitutionMatrix/3di_substmat
WARNING: Normalizing state frequencies so that sum of them equals to 1

NOTE: 1 MB RAM (0 GB) is required!
Estimate model parameters (epsilon = 0.100)
Initial log-likelihood: -4199.935
Current log-likelihood at step 1: -4104.545
Current log-likelihood at step 2: -4102.361
Current log-likelihood at step 3: -4102.340
Partition-specific rates:  1.248 0.752
Parameters optimization took 2 rounds (0.048 sec)

Wrote distance file to... 
Computing ML distances based on estimated model parameters...
Calculating distance matrix: done in 4.72069e-05 secs using 82.62% CPU
Computing ML distances took 0.000100 sec (of wall-clock time) 0.000067 sec (of CPU time)
Setting up auxiliary I and S matrices: done in 3.09944e-05 secs using 77.43% CPU
Computing RapidNJ tree took 0.000159 sec (of wall-clock time) 0.000085 sec (of CPU time)
Log-likelihood of RapidNJ tree: -4362.463
--------------------------------------------------------------------
|             INITIALIZING CANDIDATE TREE SET                      |
--------------------------------------------------------------------
Generating 98 parsimony trees... 0.138 second
Computing log-likelihood of 98 initial trees ... 0.252 seconds
Current best score: -4082.881

Do NNI search on 20 best initial trees
Estimate model parameters (epsilon = 0.100)
Initial log-likelihood: -4076.712
Current log-likelihood at step 1: -4076.674
Parameters optimization took 0 rounds (0.013 sec)

BETTER TREE FOUND at iteration 1: -4076.674
Estimate model parameters (epsilon = 0.100)
Initial log-likelihood: -4075.399
Current log-likelihood at step 1: -4075.324
Parameters optimization took 0 rounds (0.008 sec)

BETTER TREE FOUND at iteration 2: -4075.324
Iteration 10 / LogL: -4075.377 / Time: 0h:4m:57s
Estimate model parameters (epsilon = 0.100)
Initial log-likelihood: -4075.292
Current log-likelihood at step 1: -4075.277
Parameters optimization took 0 rounds (0.008 sec)

UPDATE BEST LOG-LIKELIHOOD: -4075.277
Iteration 20 / LogL: -4076.845 / Time: 0h:4m:57s
Finish initializing candidate tree set (6)
Current best tree score: -4075.277 / CPU time: 1.064
Number of iterations: 20
--------------------------------------------------------------------
|               OPTIMIZING CANDIDATE TREE SET                      |
--------------------------------------------------------------------
Iteration 30 / LogL: -4075.307 / Time: 0h:4m:58s (0h:0m:3s left)
Iteration 40 / LogL: -4084.646 / Time: 0h:4m:58s (0h:0m:2s left)
UPDATE BEST LOG-LIKELIHOOD: -4075.273
Iteration 50 / LogL: -4075.279 / Time: 0h:4m:58s (0h:0m:2s left)
Iteration 60 / LogL: -4082.543 / Time: 0h:4m:59s (0h:0m:1s left)
Iteration 70 / LogL: -4076.742 / Time: 0h:4m:59s (0h:0m:1s left)
Iteration 80 / LogL: -4075.456 / Time: 0h:4m:59s (0h:0m:0s left)
Iteration 90 / LogL: -4084.708 / Time: 0h:5m:0s (0h:0m:0s left)
UPDATE BEST LOG-LIKELIHOOD: -4075.272
Iteration 100 / LogL: -4083.086 / Time: 0h:5m:0s (0h:0m:0s left)
TREE SEARCH COMPLETED AFTER 103 ITERATIONS / Time: 0h:5m:0s

--------------------------------------------------------------------
|                    FINALIZING TREE SEARCH                        |
--------------------------------------------------------------------
Performs final model parameters optimization
Estimate model parameters (epsilon = 0.010)
Initial log-likelihood: -4075.272
Current log-likelihood at step 1: -4075.271
Partition-specific rates:  1.241 0.759
Parameters optimization took 0 rounds (0.007 sec)

Partition information was printed to partition_file.nex.best_model.nex
BEST SCORE FOUND : -4075.271
Total tree length: 6.657

Total number of iterations: 103
CPU time used for tree search: 4.356 sec (0h:0m:4s)
Wall-clock time used for tree search: 4.206 sec (0h:0m:4s)
Total CPU time used: 309.857 sec (0h:5m:9s)
Total wall-clock time used: 300.779 sec (0h:5m:0s)

===> START BOOTSTRAP REPLICATE NUMBER 63

Creating bootstrap alignment (seed: 631870)...
WARNING: States(s) K, M rarely appear in partition tdi and may cause numerical problems

Create initial parsimony tree by phylogenetic likelihood library (PLL)... 0.001 seconds
Reading model parameters from file /Users/mful870/Desktop/MD_3di_Dev_02Oct24/Scriptorum/SubstitutionMatrix/3di_substmat
WARNING: Normalizing state frequencies so that sum of them equals to 1

NOTE: 1 MB RAM (0 GB) is required!
Estimate model parameters (epsilon = 0.100)
Initial log-likelihood: -4348.598
Current log-likelihood at step 1: -4280.419
Current log-likelihood at step 2: -4278.052
Current log-likelihood at step 3: -4278.047
Partition-specific rates:  1.316 0.684
Parameters optimization took 2 rounds (0.041 sec)

Wrote distance file to... 
Computing ML distances based on estimated model parameters...
Calculating distance matrix: done in 4.41074e-05 secs using 83.89% CPU
Computing ML distances took 0.000085 sec (of wall-clock time) 0.000065 sec (of CPU time)
Setting up auxiliary I and S matrices: done in 2.88486e-05 secs using 79.73% CPU
Computing RapidNJ tree took 0.000109 sec (of wall-clock time) 0.000071 sec (of CPU time)
Log-likelihood of RapidNJ tree: -4499.783
--------------------------------------------------------------------
|             INITIALIZING CANDIDATE TREE SET                      |
--------------------------------------------------------------------
Generating 98 parsimony trees... 0.138 second
Computing log-likelihood of 97 initial trees ... 0.244 seconds
Current best score: -4269.833

Do NNI search on 20 best initial trees
Estimate model parameters (epsilon = 0.100)
Initial log-likelihood: -4245.288
Current log-likelihood at step 1: -4245.104
Current log-likelihood at step 2: -4245.093
Parameters optimization took 1 rounds (0.025 sec)

BETTER TREE FOUND at iteration 1: -4245.093
Iteration 10 / LogL: -4245.149 / Time: 0h:5m:1s
Iteration 20 / LogL: -4272.627 / Time: 0h:5m:2s
Finish initializing candidate tree set (3)
Current best tree score: -4245.093 / CPU time: 1.396
Number of iterations: 20
--------------------------------------------------------------------
|               OPTIMIZING CANDIDATE TREE SET                      |
--------------------------------------------------------------------
Iteration 30 / LogL: -4250.848 / Time: 0h:5m:2s (0h:0m:4s left)
Iteration 40 / LogL: -4262.311 / Time: 0h:5m:3s (0h:0m:3s left)
Iteration 50 / LogL: -4254.427 / Time: 0h:5m:3s (0h:0m:2s left)
Iteration 60 / LogL: -4245.107 / Time: 0h:5m:3s (0h:0m:2s left)
Iteration 70 / LogL: -4254.426 / Time: 0h:5m:4s (0h:0m:1s left)
Iteration 80 / LogL: -4261.627 / Time: 0h:5m:4s (0h:0m:1s left)
Iteration 90 / LogL: -4245.095 / Time: 0h:5m:5s (0h:0m:0s left)
Iteration 100 / LogL: -4245.117 / Time: 0h:5m:5s (0h:0m:0s left)
TREE SEARCH COMPLETED AFTER 102 ITERATIONS / Time: 0h:5m:5s

--------------------------------------------------------------------
|                    FINALIZING TREE SEARCH                        |
--------------------------------------------------------------------
Performs final model parameters optimization
Estimate model parameters (epsilon = 0.010)
Initial log-likelihood: -4245.093
Current log-likelihood at step 1: -4245.093
Partition-specific rates:  1.299 0.701
Parameters optimization took 0 rounds (0.008 sec)

Partition information was printed to partition_file.nex.best_model.nex
BEST SCORE FOUND : -4245.093
Total tree length: 6.689

Total number of iterations: 102
CPU time used for tree search: 4.849 sec (0h:0m:4s)
Wall-clock time used for tree search: 4.699 sec (0h:0m:4s)
Total CPU time used: 314.800 sec (0h:5m:14s)
Total wall-clock time used: 305.565 sec (0h:5m:5s)

===> START BOOTSTRAP REPLICATE NUMBER 64

Creating bootstrap alignment (seed: 631871)...
WARNING: States(s) K, M rarely appear in partition tdi and may cause numerical problems

Create initial parsimony tree by phylogenetic likelihood library (PLL)... 0.001 seconds
Reading model parameters from file /Users/mful870/Desktop/MD_3di_Dev_02Oct24/Scriptorum/SubstitutionMatrix/3di_substmat
WARNING: Normalizing state frequencies so that sum of them equals to 1

NOTE: 1 MB RAM (0 GB) is required!
Estimate model parameters (epsilon = 0.100)
Initial log-likelihood: -4146.516
Current log-likelihood at step 1: -4075.366
Current log-likelihood at step 2: -4069.588
Current log-likelihood at step 3: -4069.585
Partition-specific rates:  1.310 0.690
Parameters optimization took 2 rounds (0.043 sec)

Wrote distance file to... 
Computing ML distances based on estimated model parameters...
Calculating distance matrix: done in 4.29153e-05 secs using 83.89% CPU
Computing ML distances took 0.000085 sec (of wall-clock time) 0.000064 sec (of CPU time)
Setting up auxiliary I and S matrices: done in 3.79086e-05 secs using 76.5% CPU
Computing RapidNJ tree took 0.000142 sec (of wall-clock time) 0.000094 sec (of CPU time)
Log-likelihood of RapidNJ tree: -4255.089
--------------------------------------------------------------------
|             INITIALIZING CANDIDATE TREE SET                      |
--------------------------------------------------------------------
Generating 98 parsimony trees... 0.126 second
Computing log-likelihood of 98 initial trees ... 0.252 seconds
Current best score: -4048.178

Do NNI search on 20 best initial trees
Estimate model parameters (epsilon = 0.100)
Initial log-likelihood: -4040.164
Current log-likelihood at step 1: -4039.832
Current log-likelihood at step 2: -4039.819
Parameters optimization took 1 rounds (0.028 sec)

BETTER TREE FOUND at iteration 1: -4039.819
Iteration 10 / LogL: -4047.630 / Time: 0h:5m:6s
Iteration 20 / LogL: -4039.827 / Time: 0h:5m:6s
Finish initializing candidate tree set (5)
Current best tree score: -4039.819 / CPU time: 1.261
Number of iterations: 20
--------------------------------------------------------------------
|               OPTIMIZING CANDIDATE TREE SET                      |
--------------------------------------------------------------------
Iteration 30 / LogL: -4053.620 / Time: 0h:5m:7s (0h:0m:4s left)
Iteration 40 / LogL: -4048.893 / Time: 0h:5m:7s (0h:0m:3s left)
Iteration 50 / LogL: -4039.825 / Time: 0h:5m:8s (0h:0m:2s left)
Iteration 60 / LogL: -4043.844 / Time: 0h:5m:8s (0h:0m:2s left)
Iteration 70 / LogL: -4049.787 / Time: 0h:5m:8s (0h:0m:1s left)
Iteration 80 / LogL: -4041.730 / Time: 0h:5m:9s (0h:0m:1s left)
Iteration 90 / LogL: -4041.696 / Time: 0h:5m:9s (0h:0m:0s left)
UPDATE BEST LOG-LIKELIHOOD: -4039.819
Iteration 100 / LogL: -4039.827 / Time: 0h:5m:10s (0h:0m:0s left)
TREE SEARCH COMPLETED AFTER 102 ITERATIONS / Time: 0h:5m:10s

--------------------------------------------------------------------
|                    FINALIZING TREE SEARCH                        |
--------------------------------------------------------------------
Performs final model parameters optimization
Estimate model parameters (epsilon = 0.010)
Initial log-likelihood: -4039.819
Current log-likelihood at step 1: -4039.819
Partition-specific rates:  1.279 0.721
Parameters optimization took 0 rounds (0.008 sec)

Partition information was printed to partition_file.nex.best_model.nex
BEST SCORE FOUND : -4039.819
Total tree length: 6.066

Total number of iterations: 102
CPU time used for tree search: 4.696 sec (0h:0m:4s)
Wall-clock time used for tree search: 4.561 sec (0h:0m:4s)
Total CPU time used: 319.596 sec (0h:5m:19s)
Total wall-clock time used: 310.220 sec (0h:5m:10s)

===> START BOOTSTRAP REPLICATE NUMBER 65

Creating bootstrap alignment (seed: 631872)...
WARNING: States(s) I, K, M rarely appear in partition tdi and may cause numerical problems

Create initial parsimony tree by phylogenetic likelihood library (PLL)... 0.001 seconds
Reading model parameters from file /Users/mful870/Desktop/MD_3di_Dev_02Oct24/Scriptorum/SubstitutionMatrix/3di_substmat
WARNING: Normalizing state frequencies so that sum of them equals to 1

NOTE: 1 MB RAM (0 GB) is required!
Estimate model parameters (epsilon = 0.100)
Initial log-likelihood: -4244.367
Current log-likelihood at step 1: -4154.030
Current log-likelihood at step 2: -4147.503
Current log-likelihood at step 3: -4147.479
Partition-specific rates:  1.328 0.672
Parameters optimization took 2 rounds (0.045 sec)

Wrote distance file to... 
Computing ML distances based on estimated model parameters...
Calculating distance matrix: done in 4.29153e-05 secs using 83.89% CPU
Computing ML distances took 0.000088 sec (of wall-clock time) 0.000064 sec (of CPU time)
Setting up auxiliary I and S matrices: done in 3.29018e-05 secs using 75.98% CPU
Computing RapidNJ tree took 0.000157 sec (of wall-clock time) 0.000099 sec (of CPU time)
Log-likelihood of RapidNJ tree: -4364.554
--------------------------------------------------------------------
|             INITIALIZING CANDIDATE TREE SET                      |
--------------------------------------------------------------------
Generating 98 parsimony trees... 0.134 second
Computing log-likelihood of 98 initial trees ... 0.240 seconds
Current best score: -4105.559

Do NNI search on 20 best initial trees
Estimate model parameters (epsilon = 0.100)
Initial log-likelihood: -4098.680
Current log-likelihood at step 1: -4098.494
Current log-likelihood at step 2: -4098.490
Parameters optimization took 1 rounds (0.024 sec)

BETTER TREE FOUND at iteration 1: -4098.490
Iteration 10 / LogL: -4098.585 / Time: 0h:5m:10s
Iteration 20 / LogL: -4117.111 / Time: 0h:5m:11s
Finish initializing candidate tree set (10)
Current best tree score: -4098.490 / CPU time: 0.961
Number of iterations: 20
--------------------------------------------------------------------
|               OPTIMIZING CANDIDATE TREE SET                      |
--------------------------------------------------------------------
Iteration 30 / LogL: -4098.492 / Time: 0h:5m:11s (0h:0m:3s left)
Iteration 40 / LogL: -4111.842 / Time: 0h:5m:12s (0h:0m:2s left)
Iteration 50 / LogL: -4098.719 / Time: 0h:5m:12s (0h:0m:2s left)
Iteration 60 / LogL: -4099.474 / Time: 0h:5m:12s (0h:0m:1s left)
Iteration 70 / LogL: -4098.728 / Time: 0h:5m:13s (0h:0m:1s left)
Iteration 80 / LogL: -4098.499 / Time: 0h:5m:13s (0h:0m:0s left)
Iteration 90 / LogL: -4098.498 / Time: 0h:5m:13s (0h:0m:0s left)
Iteration 100 / LogL: -4099.456 / Time: 0h:5m:14s (0h:0m:0s left)
TREE SEARCH COMPLETED AFTER 102 ITERATIONS / Time: 0h:5m:14s

--------------------------------------------------------------------
|                    FINALIZING TREE SEARCH                        |
--------------------------------------------------------------------
Performs final model parameters optimization
Estimate model parameters (epsilon = 0.010)
Initial log-likelihood: -4098.490
Current log-likelihood at step 1: -4098.490
Partition-specific rates:  1.324 0.676
Parameters optimization took 0 rounds (0.008 sec)

Partition information was printed to partition_file.nex.best_model.nex
BEST SCORE FOUND : -4098.490
Total tree length: 6.359

Total number of iterations: 102
CPU time used for tree search: 4.123 sec (0h:0m:4s)
Wall-clock time used for tree search: 3.976 sec (0h:0m:3s)
Total CPU time used: 323.810 sec (0h:5m:23s)
Total wall-clock time used: 314.286 sec (0h:5m:14s)

===> START BOOTSTRAP REPLICATE NUMBER 66

Creating bootstrap alignment (seed: 631873)...
WARNING: States(s) I, K, M rarely appear in partition tdi and may cause numerical problems

Create initial parsimony tree by phylogenetic likelihood library (PLL)... 0.001 seconds
Reading model parameters from file /Users/mful870/Desktop/MD_3di_Dev_02Oct24/Scriptorum/SubstitutionMatrix/3di_substmat
WARNING: Normalizing state frequencies so that sum of them equals to 1

NOTE: 1 MB RAM (0 GB) is required!
Estimate model parameters (epsilon = 0.100)
Initial log-likelihood: -4236.484
Current log-likelihood at step 1: -4144.513
Current log-likelihood at step 2: -4137.201
Current log-likelihood at step 3: -4137.193
Partition-specific rates:  1.324 0.676
Parameters optimization took 2 rounds (0.049 sec)

Wrote distance file to... 
Computing ML distances based on estimated model parameters...
Calculating distance matrix: done in 4.29153e-05 secs using 86.22% CPU
Computing ML distances took 0.000093 sec (of wall-clock time) 0.000063 sec (of CPU time)
Setting up auxiliary I and S matrices: done in 2.69413e-05 secs using 77.95% CPU
Computing RapidNJ tree took 0.000126 sec (of wall-clock time) 0.000069 sec (of CPU time)
Log-likelihood of RapidNJ tree: -4282.467
--------------------------------------------------------------------
|             INITIALIZING CANDIDATE TREE SET                      |
--------------------------------------------------------------------
Generating 98 parsimony trees... 0.117 second
Computing log-likelihood of 98 initial trees ... 0.246 seconds
Current best score: -4114.355

Do NNI search on 20 best initial trees
Estimate model parameters (epsilon = 0.100)
Initial log-likelihood: -4100.785
Current log-likelihood at step 1: -4100.651
Current log-likelihood at step 2: -4100.642
Parameters optimization took 1 rounds (0.023 sec)

BETTER TREE FOUND at iteration 1: -4100.642
Estimate model parameters (epsilon = 0.100)
Initial log-likelihood: -4100.360
Current log-likelihood at step 1: -4100.305
Parameters optimization took 0 rounds (0.014 sec)

BETTER TREE FOUND at iteration 2: -4100.305
Estimate model parameters (epsilon = 0.100)
Initial log-likelihood: -4093.503
Current log-likelihood at step 1: -4093.204
Current log-likelihood at step 2: -4093.192
Parameters optimization took 1 rounds (0.041 sec)

BETTER TREE FOUND at iteration 8: -4093.192
Iteration 10 / LogL: -4108.020 / Time: 0h:5m:15s
Iteration 20 / LogL: -4093.352 / Time: 0h:5m:15s
Finish initializing candidate tree set (10)
Current best tree score: -4093.192 / CPU time: 1.323
Number of iterations: 20
--------------------------------------------------------------------
|               OPTIMIZING CANDIDATE TREE SET                      |
--------------------------------------------------------------------
Iteration 30 / LogL: -4093.307 / Time: 0h:5m:16s (0h:0m:4s left)
Iteration 40 / LogL: -4093.205 / Time: 0h:5m:16s (0h:0m:3s left)
Iteration 50 / LogL: -4097.445 / Time: 0h:5m:16s (0h:0m:2s left)
Iteration 60 / LogL: -4097.293 / Time: 0h:5m:17s (0h:0m:2s left)
Iteration 70 / LogL: -4097.306 / Time: 0h:5m:17s (0h:0m:1s left)
Iteration 80 / LogL: -4093.196 / Time: 0h:5m:17s (0h:0m:1s left)
Iteration 90 / LogL: -4095.500 / Time: 0h:5m:18s (0h:0m:0s left)
Iteration 100 / LogL: -4096.045 / Time: 0h:5m:18s (0h:0m:0s left)
TREE SEARCH COMPLETED AFTER 109 ITERATIONS / Time: 0h:5m:18s

--------------------------------------------------------------------
|                    FINALIZING TREE SEARCH                        |
--------------------------------------------------------------------
Performs final model parameters optimization
Estimate model parameters (epsilon = 0.010)
Initial log-likelihood: -4093.192
Current log-likelihood at step 1: -4093.191
Partition-specific rates:  1.316 0.684
Parameters optimization took 0 rounds (0.008 sec)

Partition information was printed to partition_file.nex.best_model.nex
BEST SCORE FOUND : -4093.191
Total tree length: 6.738

Total number of iterations: 109
CPU time used for tree search: 4.647 sec (0h:0m:4s)
Wall-clock time used for tree search: 4.502 sec (0h:0m:4s)
Total CPU time used: 328.551 sec (0h:5m:28s)
Total wall-clock time used: 318.880 sec (0h:5m:18s)

===> START BOOTSTRAP REPLICATE NUMBER 67

Creating bootstrap alignment (seed: 631874)...
WARNING: States(s) K, M rarely appear in partition tdi and may cause numerical problems

Create initial parsimony tree by phylogenetic likelihood library (PLL)... 0.001 seconds
Reading model parameters from file /Users/mful870/Desktop/MD_3di_Dev_02Oct24/Scriptorum/SubstitutionMatrix/3di_substmat
WARNING: Normalizing state frequencies so that sum of them equals to 1

NOTE: 1 MB RAM (0 GB) is required!
Estimate model parameters (epsilon = 0.100)
Initial log-likelihood: -4368.630
Current log-likelihood at step 1: -4279.162
Current log-likelihood at step 2: -4272.395
Current log-likelihood at step 3: -4272.363
Partition-specific rates:  1.240 0.760
Parameters optimization took 2 rounds (0.049 sec)

Wrote distance file to... 
Computing ML distances based on estimated model parameters...
Calculating distance matrix: done in 4.29153e-05 secs using 83.89% CPU
Computing ML distances took 0.000092 sec (of wall-clock time) 0.000064 sec (of CPU time)
Setting up auxiliary I and S matrices: done in 3.00407e-05 secs using 79.89% CPU
Computing RapidNJ tree took 0.000134 sec (of wall-clock time) 0.000076 sec (of CPU time)
Log-likelihood of RapidNJ tree: -4559.304
--------------------------------------------------------------------
|             INITIALIZING CANDIDATE TREE SET                      |
--------------------------------------------------------------------
Generating 98 parsimony trees... 0.131 second
Computing log-likelihood of 98 initial trees ... 0.247 seconds
Current best score: -4267.937

Do NNI search on 20 best initial trees
Estimate model parameters (epsilon = 0.100)
Initial log-likelihood: -4258.121
Current log-likelihood at step 1: -4258.069
Parameters optimization took 0 rounds (0.012 sec)

BETTER TREE FOUND at iteration 1: -4258.069
Estimate model parameters (epsilon = 0.100)
Initial log-likelihood: -4257.325
Current log-likelihood at step 1: -4257.280
Parameters optimization took 0 rounds (0.008 sec)

BETTER TREE FOUND at iteration 3: -4257.280
Iteration 10 / LogL: -4266.391 / Time: 0h:5m:19s
Iteration 20 / LogL: -4259.983 / Time: 0h:5m:20s
Finish initializing candidate tree set (8)
Current best tree score: -4257.280 / CPU time: 1.200
Number of iterations: 20
--------------------------------------------------------------------
|               OPTIMIZING CANDIDATE TREE SET                      |
--------------------------------------------------------------------
Iteration 30 / LogL: -4258.205 / Time: 0h:5m:20s (0h:0m:4s left)
Iteration 40 / LogL: -4258.297 / Time: 0h:5m:20s (0h:0m:3s left)
Iteration 50 / LogL: -4258.150 / Time: 0h:5m:21s (0h:0m:2s left)
Iteration 60 / LogL: -4258.138 / Time: 0h:5m:21s (0h:0m:2s left)
Iteration 70 / LogL: -4257.281 / Time: 0h:5m:22s (0h:0m:1s left)
Iteration 80 / LogL: -4258.122 / Time: 0h:5m:22s (0h:0m:1s left)
Iteration 90 / LogL: -4258.127 / Time: 0h:5m:22s (0h:0m:0s left)
Iteration 100 / LogL: -4257.281 / Time: 0h:5m:23s (0h:0m:0s left)
TREE SEARCH COMPLETED AFTER 104 ITERATIONS / Time: 0h:5m:23s

--------------------------------------------------------------------
|                    FINALIZING TREE SEARCH                        |
--------------------------------------------------------------------
Performs final model parameters optimization
Estimate model parameters (epsilon = 0.010)
Initial log-likelihood: -4257.280
Current log-likelihood at step 1: -4257.279
Partition-specific rates:  1.248 0.752
Parameters optimization took 0 rounds (0.008 sec)

Partition information was printed to partition_file.nex.best_model.nex
BEST SCORE FOUND : -4257.279
Total tree length: 6.829

Total number of iterations: 104
CPU time used for tree search: 4.420 sec (0h:0m:4s)
Wall-clock time used for tree search: 4.270 sec (0h:0m:4s)
Total CPU time used: 333.065 sec (0h:5m:33s)
Total wall-clock time used: 323.243 sec (0h:5m:23s)

===> START BOOTSTRAP REPLICATE NUMBER 68

Creating bootstrap alignment (seed: 631875)...
WARNING: States(s) I, K, M rarely appear in partition tdi and may cause numerical problems

Create initial parsimony tree by phylogenetic likelihood library (PLL)... 0.001 seconds
Reading model parameters from file /Users/mful870/Desktop/MD_3di_Dev_02Oct24/Scriptorum/SubstitutionMatrix/3di_substmat
WARNING: Normalizing state frequencies so that sum of them equals to 1

NOTE: 1 MB RAM (0 GB) is required!
Estimate model parameters (epsilon = 0.100)
Initial log-likelihood: -4337.784
Current log-likelihood at step 1: -4230.218
Current log-likelihood at step 2: -4228.241
Current log-likelihood at step 3: -4228.218
Partition-specific rates:  1.201 0.799
Parameters optimization took 2 rounds (0.046 sec)

Wrote distance file to... 
Computing ML distances based on estimated model parameters...
Calculating distance matrix: done in 4.1008e-05 secs using 87.79% CPU
Computing ML distances took 0.000090 sec (of wall-clock time) 0.000062 sec (of CPU time)
Setting up auxiliary I and S matrices: done in 2.81334e-05 secs using 78.2% CPU
Computing RapidNJ tree took 0.000124 sec (of wall-clock time) 0.000071 sec (of CPU time)
Log-likelihood of RapidNJ tree: -4404.512
--------------------------------------------------------------------
|             INITIALIZING CANDIDATE TREE SET                      |
--------------------------------------------------------------------
Generating 98 parsimony trees... 0.121 second
Computing log-likelihood of 98 initial trees ... 0.251 seconds
Current best score: -4215.343

Do NNI search on 20 best initial trees
Estimate model parameters (epsilon = 0.100)
Initial log-likelihood: -4207.353
Current log-likelihood at step 1: -4207.250
Current log-likelihood at step 2: -4207.248
Parameters optimization took 1 rounds (0.019 sec)

BETTER TREE FOUND at iteration 1: -4207.248
Iteration 10 / LogL: -4210.091 / Time: 0h:5m:24s
Iteration 20 / LogL: -4207.972 / Time: 0h:5m:24s
Finish initializing candidate tree set (4)
Current best tree score: -4207.248 / CPU time: 1.229
Number of iterations: 20
--------------------------------------------------------------------
|               OPTIMIZING CANDIDATE TREE SET                      |
--------------------------------------------------------------------
Iteration 30 / LogL: -4207.250 / Time: 0h:5m:24s (0h:0m:4s left)
Iteration 40 / LogL: -4207.260 / Time: 0h:5m:25s (0h:0m:3s left)
Iteration 50 / LogL: -4207.249 / Time: 0h:5m:25s (0h:0m:2s left)
Iteration 60 / LogL: -4209.477 / Time: 0h:5m:26s (0h:0m:2s left)
Iteration 70 / LogL: -4218.270 / Time: 0h:5m:26s (0h:0m:1s left)
Iteration 80 / LogL: -4209.232 / Time: 0h:5m:27s (0h:0m:1s left)
Iteration 90 / LogL: -4207.268 / Time: 0h:5m:27s (0h:0m:0s left)
Iteration 100 / LogL: -4207.252 / Time: 0h:5m:28s (0h:0m:0s left)
TREE SEARCH COMPLETED AFTER 102 ITERATIONS / Time: 0h:5m:28s

--------------------------------------------------------------------
|                    FINALIZING TREE SEARCH                        |
--------------------------------------------------------------------
Performs final model parameters optimization
Estimate model parameters (epsilon = 0.010)
Initial log-likelihood: -4207.248
Current log-likelihood at step 1: -4207.248
Partition-specific rates:  1.199 0.801
Parameters optimization took 0 rounds (0.008 sec)

Partition information was printed to partition_file.nex.best_model.nex
BEST SCORE FOUND : -4207.248
Total tree length: 6.588

Total number of iterations: 102
CPU time used for tree search: 4.995 sec (0h:0m:4s)
Wall-clock time used for tree search: 4.843 sec (0h:0m:4s)
Total CPU time used: 338.150 sec (0h:5m:38s)
Total wall-clock time used: 328.172 sec (0h:5m:28s)

===> START BOOTSTRAP REPLICATE NUMBER 69

Creating bootstrap alignment (seed: 631876)...
WARNING: States(s) I, K, M rarely appear in partition tdi and may cause numerical problems

Create initial parsimony tree by phylogenetic likelihood library (PLL)... 0.001 seconds
Reading model parameters from file /Users/mful870/Desktop/MD_3di_Dev_02Oct24/Scriptorum/SubstitutionMatrix/3di_substmat
WARNING: Normalizing state frequencies so that sum of them equals to 1

NOTE: 1 MB RAM (0 GB) is required!
Estimate model parameters (epsilon = 0.100)
Initial log-likelihood: -4540.411
Current log-likelihood at step 1: -4453.888
Current log-likelihood at step 2: -4451.363
Current log-likelihood at step 3: -4451.358
Partition-specific rates:  1.245 0.755
Parameters optimization took 2 rounds (0.040 sec)

Wrote distance file to... 
Computing ML distances based on estimated model parameters...
Calculating distance matrix: done in 4.19617e-05 secs using 88.18% CPU
Computing ML distances took 0.000094 sec (of wall-clock time) 0.000063 sec (of CPU time)
Setting up auxiliary I and S matrices: done in 3.00407e-05 secs using 76.56% CPU
Computing RapidNJ tree took 0.000130 sec (of wall-clock time) 0.000076 sec (of CPU time)
Log-likelihood of RapidNJ tree: -4680.555
--------------------------------------------------------------------
|             INITIALIZING CANDIDATE TREE SET                      |
--------------------------------------------------------------------
Generating 98 parsimony trees... 0.137 second
Computing log-likelihood of 98 initial trees ... 0.244 seconds
Current best score: -4434.765

Do NNI search on 20 best initial trees
Estimate model parameters (epsilon = 0.100)
Initial log-likelihood: -4424.258
Current log-likelihood at step 1: -4424.168
Parameters optimization took 0 rounds (0.013 sec)

BETTER TREE FOUND at iteration 1: -4424.168
Iteration 10 / LogL: -4424.217 / Time: 0h:5m:28s
Estimate model parameters (epsilon = 0.100)
Initial log-likelihood: -4421.072
Current log-likelihood at step 1: -4420.690
Current log-likelihood at step 2: -4420.678
Parameters optimization took 1 rounds (0.023 sec)

BETTER TREE FOUND at iteration 11: -4420.678
Iteration 20 / LogL: -4449.715 / Time: 0h:5m:29s
Finish initializing candidate tree set (14)
Current best tree score: -4420.678 / CPU time: 1.070
Number of iterations: 20
--------------------------------------------------------------------
|               OPTIMIZING CANDIDATE TREE SET                      |
--------------------------------------------------------------------
Estimate model parameters (epsilon = 0.100)
Initial log-likelihood: -4420.213
Current log-likelihood at step 1: -4420.136
Parameters optimization took 0 rounds (0.008 sec)

BETTER TREE FOUND at iteration 22: -4420.136
Iteration 30 / LogL: -4420.156 / Time: 0h:5m:29s (0h:0m:4s left)
Iteration 40 / LogL: -4420.139 / Time: 0h:5m:30s (0h:0m:3s left)
Iteration 50 / LogL: -4424.291 / Time: 0h:5m:30s (0h:0m:3s left)
Iteration 60 / LogL: -4424.287 / Time: 0h:5m:30s (0h:0m:2s left)
Iteration 70 / LogL: -4424.297 / Time: 0h:5m:30s (0h:0m:2s left)
Iteration 80 / LogL: -4420.764 / Time: 0h:5m:31s (0h:0m:1s left)
Iteration 90 / LogL: -4420.139 / Time: 0h:5m:31s (0h:0m:1s left)
UPDATE BEST LOG-LIKELIHOOD: -4420.135
Iteration 100 / LogL: -4420.135 / Time: 0h:5m:32s (0h:0m:0s left)
Iteration 110 / LogL: -4425.438 / Time: 0h:5m:32s (0h:0m:0s left)
Iteration 120 / LogL: -4420.260 / Time: 0h:5m:32s (0h:0m:0s left)
TREE SEARCH COMPLETED AFTER 123 ITERATIONS / Time: 0h:5m:32s

--------------------------------------------------------------------
|                    FINALIZING TREE SEARCH                        |
--------------------------------------------------------------------
Performs final model parameters optimization
Estimate model parameters (epsilon = 0.010)
Initial log-likelihood: -4420.135
Current log-likelihood at step 1: -4420.131
Partition-specific rates:  1.272 0.728
Parameters optimization took 0 rounds (0.007 sec)

Partition information was printed to partition_file.nex.best_model.nex
BEST SCORE FOUND : -4420.131
Total tree length: 6.782

Total number of iterations: 123
CPU time used for tree search: 4.744 sec (0h:0m:4s)
Wall-clock time used for tree search: 4.593 sec (0h:0m:4s)
Total CPU time used: 342.979 sec (0h:5m:42s)
Total wall-clock time used: 332.848 sec (0h:5m:32s)

===> START BOOTSTRAP REPLICATE NUMBER 70

Creating bootstrap alignment (seed: 631877)...
WARNING: States(s) I, K, M rarely appear in partition tdi and may cause numerical problems

Create initial parsimony tree by phylogenetic likelihood library (PLL)... 0.001 seconds
Reading model parameters from file /Users/mful870/Desktop/MD_3di_Dev_02Oct24/Scriptorum/SubstitutionMatrix/3di_substmat
WARNING: Normalizing state frequencies so that sum of them equals to 1

NOTE: 1 MB RAM (0 GB) is required!
Estimate model parameters (epsilon = 0.100)
Initial log-likelihood: -4216.044
Current log-likelihood at step 1: -4149.201
Current log-likelihood at step 2: -4145.812
Current log-likelihood at step 3: -4145.807
Partition-specific rates:  1.229 0.771
Parameters optimization took 2 rounds (0.041 sec)

Wrote distance file to... 
Computing ML distances based on estimated model parameters...
Calculating distance matrix: done in 4.69685e-05 secs using 85.16% CPU
Computing ML distances took 0.000101 sec (of wall-clock time) 0.000069 sec (of CPU time)
Setting up auxiliary I and S matrices: done in 2.69413e-05 secs using 81.66% CPU
Computing RapidNJ tree took 0.000134 sec (of wall-clock time) 0.000085 sec (of CPU time)
Log-likelihood of RapidNJ tree: -4401.199
--------------------------------------------------------------------
|             INITIALIZING CANDIDATE TREE SET                      |
--------------------------------------------------------------------
Generating 98 parsimony trees... 0.148 second
Computing log-likelihood of 98 initial trees ... 0.242 seconds
Current best score: -4141.017

Do NNI search on 20 best initial trees
Estimate model parameters (epsilon = 0.100)
Initial log-likelihood: -4134.050
Current log-likelihood at step 1: -4134.023
Parameters optimization took 0 rounds (0.008 sec)

BETTER TREE FOUND at iteration 1: -4134.023
Iteration 10 / LogL: -4134.038 / Time: 0h:5m:33s
Iteration 20 / LogL: -4134.028 / Time: 0h:5m:33s
Finish initializing candidate tree set (2)
Current best tree score: -4134.023 / CPU time: 1.069
Number of iterations: 20
--------------------------------------------------------------------
|               OPTIMIZING CANDIDATE TREE SET                      |
--------------------------------------------------------------------
Iteration 30 / LogL: -4149.649 / Time: 0h:5m:34s (0h:0m:3s left)
Iteration 40 / LogL: -4134.027 / Time: 0h:5m:34s (0h:0m:2s left)
Iteration 50 / LogL: -4134.028 / Time: 0h:5m:35s (0h:0m:2s left)
Iteration 60 / LogL: -4149.421 / Time: 0h:5m:35s (0h:0m:1s left)
Iteration 70 / LogL: -4149.438 / Time: 0h:5m:35s (0h:0m:1s left)
Iteration 80 / LogL: -4134.028 / Time: 0h:5m:36s (0h:0m:0s left)
Iteration 90 / LogL: -4141.522 / Time: 0h:5m:36s (0h:0m:0s left)
Iteration 100 / LogL: -4134.031 / Time: 0h:5m:36s (0h:0m:0s left)
UPDATE BEST LOG-LIKELIHOOD: -4134.023
TREE SEARCH COMPLETED AFTER 102 ITERATIONS / Time: 0h:5m:37s

--------------------------------------------------------------------
|                    FINALIZING TREE SEARCH                        |
--------------------------------------------------------------------
Performs final model parameters optimization
Estimate model parameters (epsilon = 0.010)
Initial log-likelihood: -4134.023
Current log-likelihood at step 1: -4134.022
Partition-specific rates:  1.220 0.780
Parameters optimization took 0 rounds (0.008 sec)

Partition information was printed to partition_file.nex.best_model.nex
BEST SCORE FOUND : -4134.022
Total tree length: 6.381

Total number of iterations: 102
CPU time used for tree search: 4.245 sec (0h:0m:4s)
Wall-clock time used for tree search: 4.101 sec (0h:0m:4s)
Total CPU time used: 347.312 sec (0h:5m:47s)
Total wall-clock time used: 337.035 sec (0h:5m:37s)

===> START BOOTSTRAP REPLICATE NUMBER 71

Creating bootstrap alignment (seed: 631878)...
WARNING: States(s) I, K, M rarely appear in partition tdi and may cause numerical problems

Create initial parsimony tree by phylogenetic likelihood library (PLL)... 0.001 seconds
Reading model parameters from file /Users/mful870/Desktop/MD_3di_Dev_02Oct24/Scriptorum/SubstitutionMatrix/3di_substmat
WARNING: Normalizing state frequencies so that sum of them equals to 1

NOTE: 1 MB RAM (0 GB) is required!
Estimate model parameters (epsilon = 0.100)
Initial log-likelihood: -4540.913
Current log-likelihood at step 1: -4458.939
Current log-likelihood at step 2: -4445.866
Current log-likelihood at step 3: -4445.842
Partition-specific rates:  1.338 0.662
Parameters optimization took 2 rounds (0.044 sec)

Wrote distance file to... 
Computing ML distances based on estimated model parameters...
Calculating distance matrix: done in 0.000118971 secs using 60.52% CPU
Computing ML distances took 0.000225 sec (of wall-clock time) 0.000116 sec (of CPU time)
Setting up auxiliary I and S matrices: done in 3.09944e-05 secs using 80.66% CPU
Computing RapidNJ tree took 0.000139 sec (of wall-clock time) 0.000081 sec (of CPU time)
Log-likelihood of RapidNJ tree: -4680.493
--------------------------------------------------------------------
|             INITIALIZING CANDIDATE TREE SET                      |
--------------------------------------------------------------------
Generating 98 parsimony trees... 0.128 second
Computing log-likelihood of 97 initial trees ... 0.239 seconds
Current best score: -4417.147

Do NNI search on 20 best initial trees
Estimate model parameters (epsilon = 0.100)
Initial log-likelihood: -4403.491
Current log-likelihood at step 1: -4402.787
Current log-likelihood at step 2: -4402.781
Parameters optimization took 1 rounds (0.024 sec)

BETTER TREE FOUND at iteration 1: -4402.781
Estimate model parameters (epsilon = 0.100)
Initial log-likelihood: -4402.074
Current log-likelihood at step 1: -4402.041
Parameters optimization took 0 rounds (0.008 sec)

BETTER TREE FOUND at iteration 2: -4402.041
Iteration 10 / LogL: -4402.720 / Time: 0h:5m:38s
Iteration 20 / LogL: -4406.865 / Time: 0h:5m:38s
Finish initializing candidate tree set (9)
Current best tree score: -4402.041 / CPU time: 1.301
Number of iterations: 20
--------------------------------------------------------------------
|               OPTIMIZING CANDIDATE TREE SET                      |
--------------------------------------------------------------------
UPDATE BEST LOG-LIKELIHOOD: -4402.038
Iteration 30 / LogL: -4402.038 / Time: 0h:5m:38s (0h:0m:4s left)
Iteration 40 / LogL: -4407.371 / Time: 0h:5m:39s (0h:0m:3s left)
Iteration 50 / LogL: -4403.087 / Time: 0h:5m:39s (0h:0m:2s left)
Iteration 60 / LogL: -4402.670 / Time: 0h:5m:39s (0h:0m:1s left)
Iteration 70 / LogL: -4402.182 / Time: 0h:5m:40s (0h:0m:1s left)
Iteration 80 / LogL: -4402.628 / Time: 0h:5m:40s (0h:0m:1s left)
UPDATE BEST LOG-LIKELIHOOD: -4402.036
Iteration 90 / LogL: -4402.779 / Time: 0h:5m:41s (0h:0m:0s left)
UPDATE BEST LOG-LIKELIHOOD: -4402.031
Iteration 100 / LogL: -4402.068 / Time: 0h:5m:41s (0h:0m:0s left)
UPDATE BEST LOG-LIKELIHOOD: -4402.030
TREE SEARCH COMPLETED AFTER 103 ITERATIONS / Time: 0h:5m:41s

--------------------------------------------------------------------
|                    FINALIZING TREE SEARCH                        |
--------------------------------------------------------------------
Performs final model parameters optimization
Estimate model parameters (epsilon = 0.010)
Initial log-likelihood: -4402.030
Current log-likelihood at step 1: -4402.029
Partition-specific rates:  1.360 0.640
Parameters optimization took 0 rounds (0.008 sec)

Partition information was printed to partition_file.nex.best_model.nex
BEST SCORE FOUND : -4402.029
Total tree length: 7.638

Total number of iterations: 103
CPU time used for tree search: 4.592 sec (0h:0m:4s)
Wall-clock time used for tree search: 4.451 sec (0h:0m:4s)
Total CPU time used: 351.993 sec (0h:5m:51s)
Total wall-clock time used: 341.577 sec (0h:5m:41s)

===> START BOOTSTRAP REPLICATE NUMBER 72

Creating bootstrap alignment (seed: 631879)...
WARNING: States(s) K, M rarely appear in partition tdi and may cause numerical problems

Create initial parsimony tree by phylogenetic likelihood library (PLL)... 0.001 seconds
Reading model parameters from file /Users/mful870/Desktop/MD_3di_Dev_02Oct24/Scriptorum/SubstitutionMatrix/3di_substmat
WARNING: Normalizing state frequencies so that sum of them equals to 1

NOTE: 1 MB RAM (0 GB) is required!
Estimate model parameters (epsilon = 0.100)
Initial log-likelihood: -4302.012
Current log-likelihood at step 1: -4221.077
Current log-likelihood at step 2: -4216.078
Current log-likelihood at step 3: -4216.036
Partition-specific rates:  1.284 0.716
Parameters optimization took 2 rounds (0.051 sec)

Wrote distance file to... 
Computing ML distances based on estimated model parameters...
Calculating distance matrix: done in 4.41074e-05 secs using 86.15% CPU
Computing ML distances took 0.000097 sec (of wall-clock time) 0.000065 sec (of CPU time)
Setting up auxiliary I and S matrices: done in 2.7895e-05 secs using 75.28% CPU
Computing RapidNJ tree took 0.000127 sec (of wall-clock time) 0.000070 sec (of CPU time)
Log-likelihood of RapidNJ tree: -4408.242
--------------------------------------------------------------------
|             INITIALIZING CANDIDATE TREE SET                      |
--------------------------------------------------------------------
Generating 98 parsimony trees... 0.129 second
Computing log-likelihood of 98 initial trees ... 0.256 seconds
Current best score: -4203.398

Do NNI search on 20 best initial trees
Estimate model parameters (epsilon = 0.100)
Initial log-likelihood: -4203.398
Current log-likelihood at step 1: -4200.939
Current log-likelihood at step 2: -4200.926
Parameters optimization took 1 rounds (0.024 sec)

BETTER TREE FOUND at iteration 1: -4200.926
Iteration 10 / LogL: -4214.417 / Time: 0h:5m:42s
Iteration 20 / LogL: -4205.200 / Time: 0h:5m:42s
Finish initializing candidate tree set (12)
Current best tree score: -4200.926 / CPU time: 0.959
Number of iterations: 20
--------------------------------------------------------------------
|               OPTIMIZING CANDIDATE TREE SET                      |
--------------------------------------------------------------------
Iteration 30 / LogL: -4200.936 / Time: 0h:5m:42s (0h:0m:3s left)
Iteration 40 / LogL: -4200.971 / Time: 0h:5m:43s (0h:0m:2s left)
Estimate model parameters (epsilon = 0.100)
Initial log-likelihood: -4200.636
Current log-likelihood at step 1: -4200.484
Current log-likelihood at step 2: -4200.478
Parameters optimization took 1 rounds (0.018 sec)

BETTER TREE FOUND at iteration 47: -4200.478
Iteration 50 / LogL: -4200.511 / Time: 0h:5m:43s (0h:0m:4s left)
Iteration 60 / LogL: -4201.935 / Time: 0h:5m:44s (0h:0m:3s left)
Iteration 70 / LogL: -4200.485 / Time: 0h:5m:44s (0h:0m:3s left)
Iteration 80 / LogL: -4201.896 / Time: 0h:5m:44s (0h:0m:2s left)
UPDATE BEST LOG-LIKELIHOOD: -4200.478
Iteration 90 / LogL: -4201.869 / Time: 0h:5m:45s (0h:0m:2s left)
UPDATE BEST LOG-LIKELIHOOD: -4200.478
Iteration 100 / LogL: -4200.591 / Time: 0h:5m:45s (0h:0m:1s left)
Iteration 110 / LogL: -4204.880 / Time: 0h:5m:46s (0h:0m:1s left)
Iteration 120 / LogL: -4201.872 / Time: 0h:5m:46s (0h:0m:1s left)
Iteration 130 / LogL: -4201.902 / Time: 0h:5m:46s (0h:0m:0s left)
Iteration 140 / LogL: -4201.886 / Time: 0h:5m:47s (0h:0m:0s left)
TREE SEARCH COMPLETED AFTER 148 ITERATIONS / Time: 0h:5m:47s

--------------------------------------------------------------------
|                    FINALIZING TREE SEARCH                        |
--------------------------------------------------------------------
Performs final model parameters optimization
Estimate model parameters (epsilon = 0.010)
Initial log-likelihood: -4200.478
Current log-likelihood at step 1: -4200.478
Partition-specific rates:  1.299 0.701
Parameters optimization took 0 rounds (0.007 sec)

Partition information was printed to partition_file.nex.best_model.nex
BEST SCORE FOUND : -4200.478
Total tree length: 6.789

Total number of iterations: 148
CPU time used for tree search: 5.971 sec (0h:0m:5s)
Wall-clock time used for tree search: 5.896 sec (0h:0m:5s)
Total CPU time used: 358.057 sec (0h:5m:58s)
Total wall-clock time used: 347.566 sec (0h:5m:47s)

===> START BOOTSTRAP REPLICATE NUMBER 73

Creating bootstrap alignment (seed: 631880)...
WARNING: States(s) I, K, M rarely appear in partition tdi and may cause numerical problems

Create initial parsimony tree by phylogenetic likelihood library (PLL)... 0.001 seconds
Reading model parameters from file /Users/mful870/Desktop/MD_3di_Dev_02Oct24/Scriptorum/SubstitutionMatrix/3di_substmat
WARNING: Normalizing state frequencies so that sum of them equals to 1

NOTE: 1 MB RAM (0 GB) is required!
Estimate model parameters (epsilon = 0.100)
Initial log-likelihood: -4301.456
Current log-likelihood at step 1: -4205.282
Current log-likelihood at step 2: -4200.034
Current log-likelihood at step 3: -4200.009
Partition-specific rates:  1.326 0.674
Parameters optimization took 2 rounds (0.045 sec)

Wrote distance file to... 
Computing ML distances based on estimated model parameters...
Calculating distance matrix: done in 4.19617e-05 secs using 83.41% CPU
Computing ML distances took 0.000092 sec (of wall-clock time) 0.000063 sec (of CPU time)
Setting up auxiliary I and S matrices: done in 2.69413e-05 secs using 77.95% CPU
Computing RapidNJ tree took 0.000118 sec (of wall-clock time) 0.000069 sec (of CPU time)
Log-likelihood of RapidNJ tree: -4440.889
--------------------------------------------------------------------
|             INITIALIZING CANDIDATE TREE SET                      |
--------------------------------------------------------------------
Generating 98 parsimony trees... 0.128 second
Computing log-likelihood of 98 initial trees ... 0.231 seconds
Current best score: -4193.013

Do NNI search on 20 best initial trees
Estimate model parameters (epsilon = 0.100)
Initial log-likelihood: -4176.018
Current log-likelihood at step 1: -4175.967
Parameters optimization took 0 rounds (0.011 sec)

BETTER TREE FOUND at iteration 1: -4175.967
Estimate model parameters (epsilon = 0.100)
Initial log-likelihood: -4173.942
Current log-likelihood at step 1: -4173.892
Parameters optimization took 0 rounds (0.012 sec)

BETTER TREE FOUND at iteration 5: -4173.892
Iteration 10 / LogL: -4174.434 / Time: 0h:5m:48s
Iteration 20 / LogL: -4186.330 / Time: 0h:5m:48s
Finish initializing candidate tree set (11)
Current best tree score: -4173.892 / CPU time: 1.150
Number of iterations: 20
--------------------------------------------------------------------
|               OPTIMIZING CANDIDATE TREE SET                      |
--------------------------------------------------------------------
Estimate model parameters (epsilon = 0.100)
Initial log-likelihood: -4173.487
Current log-likelihood at step 1: -4173.378
Current log-likelihood at step 2: -4173.371
Parameters optimization took 1 rounds (0.023 sec)

BETTER TREE FOUND at iteration 23: -4173.371
Iteration 30 / LogL: -4174.572 / Time: 0h:5m:49s (0h:0m:5s left)
Iteration 40 / LogL: -4174.000 / Time: 0h:5m:49s (0h:0m:4s left)
Iteration 50 / LogL: -4180.148 / Time: 0h:5m:49s (0h:0m:3s left)
Iteration 60 / LogL: -4173.448 / Time: 0h:5m:50s (0h:0m:2s left)
Iteration 70 / LogL: -4174.000 / Time: 0h:5m:50s (0h:0m:2s left)
Estimate model parameters (epsilon = 0.100)
Initial log-likelihood: -4172.943
Current log-likelihood at step 1: -4172.608
Current log-likelihood at step 2: -4172.592
Parameters optimization took 1 rounds (0.025 sec)

BETTER TREE FOUND at iteration 78: -4172.592
Iteration 80 / LogL: -4173.733 / Time: 0h:5m:51s (0h:0m:4s left)
Iteration 90 / LogL: -4172.601 / Time: 0h:5m:51s (0h:0m:3s left)
Iteration 100 / LogL: -4173.947 / Time: 0h:5m:51s (0h:0m:3s left)
Iteration 110 / LogL: -4173.829 / Time: 0h:5m:52s (0h:0m:2s left)
Iteration 120 / LogL: -4175.249 / Time: 0h:5m:52s (0h:0m:2s left)
UPDATE BEST LOG-LIKELIHOOD: -4172.592
Iteration 130 / LogL: -4173.803 / Time: 0h:5m:53s (0h:0m:2s left)
Iteration 140 / LogL: -4172.592 / Time: 0h:5m:53s (0h:0m:1s left)
Iteration 150 / LogL: -4173.788 / Time: 0h:5m:53s (0h:0m:1s left)
UPDATE BEST LOG-LIKELIHOOD: -4172.592
Iteration 160 / LogL: -4172.612 / Time: 0h:5m:54s (0h:0m:0s left)
UPDATE BEST LOG-LIKELIHOOD: -4172.592
Iteration 170 / LogL: -4173.711 / Time: 0h:5m:54s (0h:0m:0s left)
TREE SEARCH COMPLETED AFTER 179 ITERATIONS / Time: 0h:5m:54s

--------------------------------------------------------------------
|                    FINALIZING TREE SEARCH                        |
--------------------------------------------------------------------
Performs final model parameters optimization
Estimate model parameters (epsilon = 0.010)
Initial log-likelihood: -4172.592
Current log-likelihood at step 1: -4172.592
Partition-specific rates:  1.341 0.659
Parameters optimization took 0 rounds (0.007 sec)

Partition information was printed to partition_file.nex.best_model.nex
BEST SCORE FOUND : -4172.592
Total tree length: 6.521

Total number of iterations: 179
CPU time used for tree search: 7.327 sec (0h:0m:7s)
Wall-clock time used for tree search: 7.192 sec (0h:0m:7s)
Total CPU time used: 365.472 sec (0h:6m:5s)
Total wall-clock time used: 354.846 sec (0h:5m:54s)

===> START BOOTSTRAP REPLICATE NUMBER 74

Creating bootstrap alignment (seed: 631881)...
WARNING: States(s) K, M rarely appear in partition tdi and may cause numerical problems

Create initial parsimony tree by phylogenetic likelihood library (PLL)... 0.001 seconds
Reading model parameters from file /Users/mful870/Desktop/MD_3di_Dev_02Oct24/Scriptorum/SubstitutionMatrix/3di_substmat
WARNING: Normalizing state frequencies so that sum of them equals to 1

NOTE: 1 MB RAM (0 GB) is required!
Estimate model parameters (epsilon = 0.100)
Initial log-likelihood: -4149.222
Current log-likelihood at step 1: -4066.759
Current log-likelihood at step 2: -4056.640
Current log-likelihood at step 3: -4056.637
Partition-specific rates:  1.335 0.665
Parameters optimization took 2 rounds (0.046 sec)

Wrote distance file to... 
Computing ML distances based on estimated model parameters...
Calculating distance matrix: done in 4.19617e-05 secs using 85.79% CPU
Computing ML distances took 0.000092 sec (of wall-clock time) 0.000063 sec (of CPU time)
Setting up auxiliary I and S matrices: done in 3.09944e-05 secs using 77.43% CPU
Computing RapidNJ tree took 0.000142 sec (of wall-clock time) 0.000077 sec (of CPU time)
Log-likelihood of RapidNJ tree: -4221.232
--------------------------------------------------------------------
|             INITIALIZING CANDIDATE TREE SET                      |
--------------------------------------------------------------------
Generating 98 parsimony trees... 0.108 second
Computing log-likelihood of 98 initial trees ... 0.266 seconds
Current best score: -4056.312

Do NNI search on 20 best initial trees
Estimate model parameters (epsilon = 0.100)
Initial log-likelihood: -4035.726
Current log-likelihood at step 1: -4035.675
Parameters optimization took 0 rounds (0.014 sec)

BETTER TREE FOUND at iteration 1: -4035.675
Estimate model parameters (epsilon = 0.100)
Initial log-likelihood: -4035.525
Current log-likelihood at step 1: -4035.350
Current log-likelihood at step 2: -4035.347
Parameters optimization took 1 rounds (0.024 sec)

BETTER TREE FOUND at iteration 7: -4035.347
Iteration 10 / LogL: -4041.318 / Time: 0h:5m:55s
Iteration 20 / LogL: -4043.467 / Time: 0h:5m:56s
Finish initializing candidate tree set (13)
Current best tree score: -4035.347 / CPU time: 1.199
Number of iterations: 20
--------------------------------------------------------------------
|               OPTIMIZING CANDIDATE TREE SET                      |
--------------------------------------------------------------------
Iteration 30 / LogL: -4035.393 / Time: 0h:5m:56s (0h:0m:4s left)
Iteration 40 / LogL: -4035.481 / Time: 0h:5m:56s (0h:0m:3s left)
Iteration 50 / LogL: -4038.635 / Time: 0h:5m:57s (0h:0m:2s left)
Estimate model parameters (epsilon = 0.100)
Initial log-likelihood: -4033.125
Current log-likelihood at step 1: -4033.092
Parameters optimization took 0 rounds (0.014 sec)

BETTER TREE FOUND at iteration 51: -4033.092
Iteration 60 / LogL: -4035.434 / Time: 0h:5m:57s (0h:0m:4s left)
UPDATE BEST LOG-LIKELIHOOD: -4033.091
Iteration 70 / LogL: -4038.684 / Time: 0h:5m:58s (0h:0m:3s left)
Iteration 80 / LogL: -4035.562 / Time: 0h:5m:58s (0h:0m:3s left)
Iteration 90 / LogL: -4038.737 / Time: 0h:5m:58s (0h:0m:2s left)
Iteration 100 / LogL: -4035.058 / Time: 0h:5m:59s (0h:0m:2s left)
Iteration 110 / LogL: -4035.395 / Time: 0h:5m:59s (0h:0m:1s left)
Iteration 120 / LogL: -4033.355 / Time: 0h:5m:59s (0h:0m:1s left)
Iteration 130 / LogL: -4033.110 / Time: 0h:6m:0s (0h:0m:0s left)
Iteration 140 / LogL: -4033.096 / Time: 0h:6m:0s (0h:0m:0s left)
Iteration 150 / LogL: -4035.371 / Time: 0h:6m:1s (0h:0m:0s left)
TREE SEARCH COMPLETED AFTER 152 ITERATIONS / Time: 0h:6m:1s

--------------------------------------------------------------------
|                    FINALIZING TREE SEARCH                        |
--------------------------------------------------------------------
Performs final model parameters optimization
Estimate model parameters (epsilon = 0.010)
Initial log-likelihood: -4033.091
Current log-likelihood at step 1: -4033.091
Partition-specific rates:  1.354 0.646
Parameters optimization took 0 rounds (0.008 sec)

Partition information was printed to partition_file.nex.best_model.nex
BEST SCORE FOUND : -4033.091
Total tree length: 6.446

Total number of iterations: 152
CPU time used for tree search: 6.420 sec (0h:0m:6s)
Wall-clock time used for tree search: 6.272 sec (0h:0m:6s)
Total CPU time used: 371.983 sec (0h:6m:11s)
Total wall-clock time used: 361.211 sec (0h:6m:1s)

===> START BOOTSTRAP REPLICATE NUMBER 75

Creating bootstrap alignment (seed: 631882)...
WARNING: States(s) K, M rarely appear in partition tdi and may cause numerical problems

Create initial parsimony tree by phylogenetic likelihood library (PLL)... 0.001 seconds
Reading model parameters from file /Users/mful870/Desktop/MD_3di_Dev_02Oct24/Scriptorum/SubstitutionMatrix/3di_substmat
WARNING: Normalizing state frequencies so that sum of them equals to 1

NOTE: 1 MB RAM (0 GB) is required!
Estimate model parameters (epsilon = 0.100)
Initial log-likelihood: -4270.032
Current log-likelihood at step 1: -4174.290
Current log-likelihood at step 2: -4172.076
Current log-likelihood at step 3: -4172.069
Partition-specific rates:  1.192 0.808
Parameters optimization took 2 rounds (0.047 sec)

Wrote distance file to... 
Computing ML distances based on estimated model parameters...
Calculating distance matrix: done in 5.48363e-05 secs using 87.53% CPU
Computing ML distances took 0.000109 sec (of wall-clock time) 0.000076 sec (of CPU time)
Setting up auxiliary I and S matrices: done in 2.7895e-05 secs using 78.87% CPU
Computing RapidNJ tree took 0.000124 sec (of wall-clock time) 0.000070 sec (of CPU time)
Log-likelihood of RapidNJ tree: -4365.641
--------------------------------------------------------------------
|             INITIALIZING CANDIDATE TREE SET                      |
--------------------------------------------------------------------
Generating 98 parsimony trees... 0.142 second
Computing log-likelihood of 98 initial trees ... 0.254 seconds
Current best score: -4165.316

Do NNI search on 20 best initial trees
Estimate model parameters (epsilon = 0.100)
Initial log-likelihood: -4156.446
Current log-likelihood at step 1: -4156.410
Parameters optimization took 0 rounds (0.012 sec)

BETTER TREE FOUND at iteration 1: -4156.410
Iteration 10 / LogL: -4164.106 / Time: 0h:6m:2s
Estimate model parameters (epsilon = 0.100)
Initial log-likelihood: -4154.192
Current log-likelihood at step 1: -4154.080
Current log-likelihood at step 2: -4154.079
Parameters optimization took 1 rounds (0.021 sec)

BETTER TREE FOUND at iteration 17: -4154.079
Iteration 20 / LogL: -4164.548 / Time: 0h:6m:2s
Finish initializing candidate tree set (9)
Current best tree score: -4154.079 / CPU time: 1.221
Number of iterations: 20
--------------------------------------------------------------------
|               OPTIMIZING CANDIDATE TREE SET                      |
--------------------------------------------------------------------
Iteration 30 / LogL: -4158.084 / Time: 0h:6m:2s (0h:0m:5s left)
Iteration 40 / LogL: -4157.344 / Time: 0h:6m:3s (0h:0m:4s left)
Iteration 50 / LogL: -4154.083 / Time: 0h:6m:3s (0h:0m:3s left)
Iteration 60 / LogL: -4159.006 / Time: 0h:6m:4s (0h:0m:2s left)
Iteration 70 / LogL: -4156.885 / Time: 0h:6m:4s (0h:0m:2s left)
Iteration 80 / LogL: -4156.939 / Time: 0h:6m:4s (0h:0m:1s left)
Iteration 90 / LogL: -4155.134 / Time: 0h:6m:5s (0h:0m:1s left)
Iteration 100 / LogL: -4154.081 / Time: 0h:6m:5s (0h:0m:0s left)
Iteration 110 / LogL: -4154.084 / Time: 0h:6m:5s (0h:0m:0s left)
TREE SEARCH COMPLETED AFTER 118 ITERATIONS / Time: 0h:6m:6s

--------------------------------------------------------------------
|                    FINALIZING TREE SEARCH                        |
--------------------------------------------------------------------
Performs final model parameters optimization
Estimate model parameters (epsilon = 0.010)
Initial log-likelihood: -4154.079
Current log-likelihood at step 1: -4154.079
Partition-specific rates:  1.200 0.800
Parameters optimization took 0 rounds (0.007 sec)

Partition information was printed to partition_file.nex.best_model.nex
BEST SCORE FOUND : -4154.079
Total tree length: 6.585

Total number of iterations: 118
CPU time used for tree search: 5.046 sec (0h:0m:5s)
Wall-clock time used for tree search: 4.890 sec (0h:0m:4s)
Total CPU time used: 377.118 sec (0h:6m:17s)
Total wall-clock time used: 366.193 sec (0h:6m:6s)

===> START BOOTSTRAP REPLICATE NUMBER 76

Creating bootstrap alignment (seed: 631883)...
WARNING: States(s) K, M rarely appear in partition tdi and may cause numerical problems

Create initial parsimony tree by phylogenetic likelihood library (PLL)... 0.001 seconds
Reading model parameters from file /Users/mful870/Desktop/MD_3di_Dev_02Oct24/Scriptorum/SubstitutionMatrix/3di_substmat
WARNING: Normalizing state frequencies so that sum of them equals to 1

NOTE: 1 MB RAM (0 GB) is required!
Estimate model parameters (epsilon = 0.100)
Initial log-likelihood: -4337.982
Current log-likelihood at step 1: -4259.226
Current log-likelihood at step 2: -4256.168
Current log-likelihood at step 3: -4256.164
Partition-specific rates:  1.212 0.788
Parameters optimization took 2 rounds (0.044 sec)

Wrote distance file to... 
Computing ML distances based on estimated model parameters...
Calculating distance matrix: done in 4.19617e-05 secs using 85.79% CPU
Computing ML distances took 0.000093 sec (of wall-clock time) 0.000063 sec (of CPU time)
Setting up auxiliary I and S matrices: done in 2.69413e-05 secs using 81.66% CPU
Computing RapidNJ tree took 0.000118 sec (of wall-clock time) 0.000070 sec (of CPU time)
Log-likelihood of RapidNJ tree: -4541.857
--------------------------------------------------------------------
|             INITIALIZING CANDIDATE TREE SET                      |
--------------------------------------------------------------------
Generating 98 parsimony trees... 0.123 second
Computing log-likelihood of 98 initial trees ... 0.267 seconds
Current best score: -4249.617

Do NNI search on 20 best initial trees
Estimate model parameters (epsilon = 0.100)
Initial log-likelihood: -4230.565
Current log-likelihood at step 1: -4230.389
Current log-likelihood at step 2: -4230.383
Parameters optimization took 1 rounds (0.025 sec)

BETTER TREE FOUND at iteration 1: -4230.383
Iteration 10 / LogL: -4230.388 / Time: 0h:6m:7s
Iteration 20 / LogL: -4232.602 / Time: 0h:6m:7s
Finish initializing candidate tree set (4)
Current best tree score: -4230.383 / CPU time: 1.308
Number of iterations: 20
--------------------------------------------------------------------
|               OPTIMIZING CANDIDATE TREE SET                      |
--------------------------------------------------------------------
Iteration 30 / LogL: -4230.963 / Time: 0h:6m:7s (0h:0m:4s left)
Iteration 40 / LogL: -4232.602 / Time: 0h:6m:8s (0h:0m:3s left)
Iteration 50 / LogL: -4237.139 / Time: 0h:6m:8s (0h:0m:2s left)
Iteration 60 / LogL: -4245.376 / Time: 0h:6m:9s (0h:0m:1s left)
Iteration 70 / LogL: -4232.638 / Time: 0h:6m:9s (0h:0m:1s left)
Iteration 80 / LogL: -4232.634 / Time: 0h:6m:9s (0h:0m:0s left)
Iteration 90 / LogL: -4237.120 / Time: 0h:6m:10s (0h:0m:0s left)
Iteration 100 / LogL: -4230.386 / Time: 0h:6m:10s (0h:0m:0s left)
TREE SEARCH COMPLETED AFTER 102 ITERATIONS / Time: 0h:6m:10s

--------------------------------------------------------------------
|                    FINALIZING TREE SEARCH                        |
--------------------------------------------------------------------
Performs final model parameters optimization
Estimate model parameters (epsilon = 0.010)
Initial log-likelihood: -4230.383
Current log-likelihood at step 1: -4230.383
Partition-specific rates:  1.237 0.763
Parameters optimization took 0 rounds (0.008 sec)

Partition information was printed to partition_file.nex.best_model.nex
BEST SCORE FOUND : -4230.383
Total tree length: 6.869

Total number of iterations: 102
CPU time used for tree search: 4.410 sec (0h:0m:4s)
Wall-clock time used for tree search: 4.257 sec (0h:0m:4s)
Total CPU time used: 381.621 sec (0h:6m:21s)
Total wall-clock time used: 370.541 sec (0h:6m:10s)

===> START BOOTSTRAP REPLICATE NUMBER 77

Creating bootstrap alignment (seed: 631884)...
WARNING: States(s) I, K, M rarely appear in partition tdi and may cause numerical problems

Create initial parsimony tree by phylogenetic likelihood library (PLL)... 0.001 seconds
Reading model parameters from file /Users/mful870/Desktop/MD_3di_Dev_02Oct24/Scriptorum/SubstitutionMatrix/3di_substmat
WARNING: Normalizing state frequencies so that sum of them equals to 1

NOTE: 1 MB RAM (0 GB) is required!
Estimate model parameters (epsilon = 0.100)
Initial log-likelihood: -4459.174
Current log-likelihood at step 1: -4376.864
Current log-likelihood at step 2: -4370.095
Current log-likelihood at step 3: -4370.070
Partition-specific rates:  1.277 0.723
Parameters optimization took 2 rounds (0.049 sec)

Wrote distance file to... 
Computing ML distances based on estimated model parameters...
Calculating distance matrix: done in 4.19617e-05 secs using 85.79% CPU
Computing ML distances took 0.000093 sec (of wall-clock time) 0.000063 sec (of CPU time)
Setting up auxiliary I and S matrices: done in 2.81334e-05 secs using 74.64% CPU
Computing RapidNJ tree took 0.000120 sec (of wall-clock time) 0.000071 sec (of CPU time)
Log-likelihood of RapidNJ tree: -4547.381
--------------------------------------------------------------------
|             INITIALIZING CANDIDATE TREE SET                      |
--------------------------------------------------------------------
Generating 98 parsimony trees... 0.133 second
Computing log-likelihood of 98 initial trees ... 0.263 seconds
Current best score: -4349.573

Do NNI search on 20 best initial trees
Estimate model parameters (epsilon = 0.100)
Initial log-likelihood: -4334.622
Current log-likelihood at step 1: -4334.581
Parameters optimization took 0 rounds (0.013 sec)

BETTER TREE FOUND at iteration 1: -4334.581
Estimate model parameters (epsilon = 0.100)
Initial log-likelihood: -4330.736
Current log-likelihood at step 1: -4330.699
Parameters optimization took 0 rounds (0.013 sec)

BETTER TREE FOUND at iteration 2: -4330.699
Estimate model parameters (epsilon = 0.100)
Initial log-likelihood: -4330.179
Current log-likelihood at step 1: -4329.919
Current log-likelihood at step 2: -4329.913
Parameters optimization took 1 rounds (0.028 sec)

BETTER TREE FOUND at iteration 4: -4329.913
Estimate model parameters (epsilon = 0.100)
Initial log-likelihood: -4327.761
Current log-likelihood at step 1: -4327.752
Parameters optimization took 0 rounds (0.009 sec)

BETTER TREE FOUND at iteration 6: -4327.752
Iteration 10 / LogL: -4327.758 / Time: 0h:6m:11s
Iteration 20 / LogL: -4332.093 / Time: 0h:6m:12s
Finish initializing candidate tree set (10)
Current best tree score: -4327.752 / CPU time: 1.430
Number of iterations: 20
--------------------------------------------------------------------
|               OPTIMIZING CANDIDATE TREE SET                      |
--------------------------------------------------------------------
Iteration 30 / LogL: -4327.830 / Time: 0h:6m:12s (0h:0m:4s left)
Iteration 40 / LogL: -4330.904 / Time: 0h:6m:12s (0h:0m:3s left)
Iteration 50 / LogL: -4327.904 / Time: 0h:6m:13s (0h:0m:3s left)
Iteration 60 / LogL: -4327.837 / Time: 0h:6m:13s (0h:0m:2s left)
Iteration 70 / LogL: -4329.255 / Time: 0h:6m:13s (0h:0m:1s left)
Iteration 80 / LogL: -4329.476 / Time: 0h:6m:14s (0h:0m:1s left)
Iteration 90 / LogL: -4327.758 / Time: 0h:6m:14s (0h:0m:0s left)
Iteration 100 / LogL: -4327.858 / Time: 0h:6m:15s (0h:0m:0s left)
TREE SEARCH COMPLETED AFTER 107 ITERATIONS / Time: 0h:6m:15s

--------------------------------------------------------------------
|                    FINALIZING TREE SEARCH                        |
--------------------------------------------------------------------
Performs final model parameters optimization
Estimate model parameters (epsilon = 0.010)
Initial log-likelihood: -4327.752
Current log-likelihood at step 1: -4327.752
Partition-specific rates:  1.310 0.690
Parameters optimization took 0 rounds (0.009 sec)

Partition information was printed to partition_file.nex.best_model.nex
BEST SCORE FOUND : -4327.752
Total tree length: 7.216

Total number of iterations: 107
CPU time used for tree search: 4.900 sec (0h:0m:4s)
Wall-clock time used for tree search: 4.758 sec (0h:0m:4s)
Total CPU time used: 386.628 sec (0h:6m:26s)
Total wall-clock time used: 375.400 sec (0h:6m:15s)

===> START BOOTSTRAP REPLICATE NUMBER 78

Creating bootstrap alignment (seed: 631885)...
WARNING: States(s) K, M rarely appear in partition tdi and may cause numerical problems

Create initial parsimony tree by phylogenetic likelihood library (PLL)... 0.001 seconds
Reading model parameters from file /Users/mful870/Desktop/MD_3di_Dev_02Oct24/Scriptorum/SubstitutionMatrix/3di_substmat
WARNING: Normalizing state frequencies so that sum of them equals to 1

NOTE: 1 MB RAM (0 GB) is required!
Estimate model parameters (epsilon = 0.100)
Initial log-likelihood: -4231.989
Current log-likelihood at step 1: -4135.256
Current log-likelihood at step 2: -4126.633
Current log-likelihood at step 3: -4126.630
Partition-specific rates:  1.309 0.691
Parameters optimization took 2 rounds (0.044 sec)

Wrote distance file to... 
Computing ML distances based on estimated model parameters...
Calculating distance matrix: done in 4.31538e-05 secs using 83.42% CPU
Computing ML distances took 0.000094 sec (of wall-clock time) 0.000063 sec (of CPU time)
Setting up auxiliary I and S matrices: done in 3.00407e-05 secs using 79.89% CPU
Computing RapidNJ tree took 0.000151 sec (of wall-clock time) 0.000090 sec (of CPU time)
Log-likelihood of RapidNJ tree: -4318.079
--------------------------------------------------------------------
|             INITIALIZING CANDIDATE TREE SET                      |
--------------------------------------------------------------------
Generating 98 parsimony trees... 0.126 second
Computing log-likelihood of 98 initial trees ... 0.252 seconds
Current best score: -4107.906

Do NNI search on 20 best initial trees
Estimate model parameters (epsilon = 0.100)
Initial log-likelihood: -4091.352
Current log-likelihood at step 1: -4091.169
Current log-likelihood at step 2: -4091.157
Parameters optimization took 1 rounds (0.027 sec)

BETTER TREE FOUND at iteration 1: -4091.157
Iteration 10 / LogL: -4102.748 / Time: 0h:6m:16s
Iteration 20 / LogL: -4098.237 / Time: 0h:6m:16s
Finish initializing candidate tree set (12)
Current best tree score: -4091.157 / CPU time: 1.053
Number of iterations: 20
--------------------------------------------------------------------
|               OPTIMIZING CANDIDATE TREE SET                      |
--------------------------------------------------------------------
Iteration 30 / LogL: -4091.650 / Time: 0h:6m:16s (0h:0m:3s left)
Iteration 40 / LogL: -4094.250 / Time: 0h:6m:17s (0h:0m:3s left)
Iteration 50 / LogL: -4094.192 / Time: 0h:6m:17s (0h:0m:2s left)
Iteration 60 / LogL: -4091.694 / Time: 0h:6m:18s (0h:0m:1s left)
Iteration 70 / LogL: -4091.166 / Time: 0h:6m:18s (0h:0m:1s left)
Iteration 80 / LogL: -4093.842 / Time: 0h:6m:18s (0h:0m:0s left)
Iteration 90 / LogL: -4091.249 / Time: 0h:6m:19s (0h:0m:0s left)
Iteration 100 / LogL: -4093.891 / Time: 0h:6m:19s (0h:0m:0s left)
TREE SEARCH COMPLETED AFTER 102 ITERATIONS / Time: 0h:6m:19s

--------------------------------------------------------------------
|                    FINALIZING TREE SEARCH                        |
--------------------------------------------------------------------
Performs final model parameters optimization
Estimate model parameters (epsilon = 0.010)
Initial log-likelihood: -4091.157
Current log-likelihood at step 1: -4091.156
Partition-specific rates:  1.287 0.713
Parameters optimization took 0 rounds (0.008 sec)

Partition information was printed to partition_file.nex.best_model.nex
BEST SCORE FOUND : -4091.156
Total tree length: 7.007

Total number of iterations: 102
CPU time used for tree search: 4.473 sec (0h:0m:4s)
Wall-clock time used for tree search: 4.325 sec (0h:0m:4s)
Total CPU time used: 391.193 sec (0h:6m:31s)
Total wall-clock time used: 379.814 sec (0h:6m:19s)

===> START BOOTSTRAP REPLICATE NUMBER 79

Creating bootstrap alignment (seed: 631886)...
WARNING: States(s) I, K, M rarely appear in partition tdi and may cause numerical problems

Create initial parsimony tree by phylogenetic likelihood library (PLL)... 0.001 seconds
Reading model parameters from file /Users/mful870/Desktop/MD_3di_Dev_02Oct24/Scriptorum/SubstitutionMatrix/3di_substmat
WARNING: Normalizing state frequencies so that sum of them equals to 1

NOTE: 1 MB RAM (0 GB) is required!
Estimate model parameters (epsilon = 0.100)
Initial log-likelihood: -4237.393
Current log-likelihood at step 1: -4155.621
Current log-likelihood at step 2: -4146.838
Current log-likelihood at step 3: -4146.831
Partition-specific rates:  1.339 0.661
Parameters optimization took 2 rounds (0.050 sec)

Wrote distance file to... 
Computing ML distances based on estimated model parameters...
Calculating distance matrix: done in 4.31538e-05 secs using 83.42% CPU
Computing ML distances took 0.000084 sec (of wall-clock time) 0.000063 sec (of CPU time)
Setting up auxiliary I and S matrices: done in 3.19481e-05 secs using 78.25% CPU
Computing RapidNJ tree took 0.000137 sec (of wall-clock time) 0.000083 sec (of CPU time)
Log-likelihood of RapidNJ tree: -4445.507
--------------------------------------------------------------------
|             INITIALIZING CANDIDATE TREE SET                      |
--------------------------------------------------------------------
Generating 98 parsimony trees... 0.147 second
Computing log-likelihood of 97 initial trees ... 0.267 seconds
Current best score: -4129.911

Do NNI search on 20 best initial trees
Estimate model parameters (epsilon = 0.100)
Initial log-likelihood: -4122.043
Current log-likelihood at step 1: -4122.003
Parameters optimization took 0 rounds (0.014 sec)

BETTER TREE FOUND at iteration 1: -4122.003
Iteration 10 / LogL: -4127.277 / Time: 0h:6m:20s
UPDATE BEST LOG-LIKELIHOOD: -4122.001
Iteration 20 / LogL: -4122.001 / Time: 0h:6m:21s
Finish initializing candidate tree set (5)
Current best tree score: -4122.001 / CPU time: 1.246
Number of iterations: 20
--------------------------------------------------------------------
|               OPTIMIZING CANDIDATE TREE SET                      |
--------------------------------------------------------------------
UPDATE BEST LOG-LIKELIHOOD: -4122.000
Iteration 30 / LogL: -4131.000 / Time: 0h:6m:21s (0h:0m:4s left)
Iteration 40 / LogL: -4122.055 / Time: 0h:6m:22s (0h:0m:3s left)
Iteration 50 / LogL: -4130.518 / Time: 0h:6m:22s (0h:0m:2s left)
Iteration 60 / LogL: -4130.519 / Time: 0h:6m:22s (0h:0m:2s left)
Iteration 70 / LogL: -4122.067 / Time: 0h:6m:23s (0h:0m:1s left)
Iteration 80 / LogL: -4130.516 / Time: 0h:6m:23s (0h:0m:1s left)
Iteration 90 / LogL: -4122.004 / Time: 0h:6m:24s (0h:0m:0s left)
Iteration 100 / LogL: -4122.022 / Time: 0h:6m:24s (0h:0m:0s left)
UPDATE BEST LOG-LIKELIHOOD: -4122.000
TREE SEARCH COMPLETED AFTER 102 ITERATIONS / Time: 0h:6m:24s

--------------------------------------------------------------------
|                    FINALIZING TREE SEARCH                        |
--------------------------------------------------------------------
Performs final model parameters optimization
Estimate model parameters (epsilon = 0.010)
Initial log-likelihood: -4122.000
Current log-likelihood at step 1: -4121.996
Partition-specific rates:  1.333 0.667
Parameters optimization took 0 rounds (0.009 sec)

Partition information was printed to partition_file.nex.best_model.nex
BEST SCORE FOUND : -4121.996
Total tree length: 6.682

Total number of iterations: 102
CPU time used for tree search: 4.770 sec (0h:0m:4s)
Wall-clock time used for tree search: 4.630 sec (0h:0m:4s)
Total CPU time used: 396.064 sec (0h:6m:36s)
Total wall-clock time used: 384.542 sec (0h:6m:24s)

===> START BOOTSTRAP REPLICATE NUMBER 80

Creating bootstrap alignment (seed: 631887)...
WARNING: States(s) K, M rarely appear in partition tdi and may cause numerical problems

Create initial parsimony tree by phylogenetic likelihood library (PLL)... 0.001 seconds
Reading model parameters from file /Users/mful870/Desktop/MD_3di_Dev_02Oct24/Scriptorum/SubstitutionMatrix/3di_substmat
WARNING: Normalizing state frequencies so that sum of them equals to 1

NOTE: 1 MB RAM (0 GB) is required!
Estimate model parameters (epsilon = 0.100)
Initial log-likelihood: -4277.965
Current log-likelihood at step 1: -4181.421
Current log-likelihood at step 2: -4176.657
Current log-likelihood at step 3: -4176.654
Partition-specific rates:  1.329 0.671
Parameters optimization took 2 rounds (0.043 sec)

Wrote distance file to... 
Computing ML distances based on estimated model parameters...
Calculating distance matrix: done in 4.19617e-05 secs using 85.79% CPU
Computing ML distances took 0.000089 sec (of wall-clock time) 0.000064 sec (of CPU time)
Setting up auxiliary I and S matrices: done in 2.59876e-05 secs using 80.81% CPU
Computing RapidNJ tree took 0.000124 sec (of wall-clock time) 0.000079 sec (of CPU time)
Log-likelihood of RapidNJ tree: -4426.608
--------------------------------------------------------------------
|             INITIALIZING CANDIDATE TREE SET                      |
--------------------------------------------------------------------
Generating 98 parsimony trees... 0.135 second
Computing log-likelihood of 98 initial trees ... 0.263 seconds
Current best score: -4172.704

Do NNI search on 20 best initial trees
Estimate model parameters (epsilon = 0.100)
Initial log-likelihood: -4170.764
Current log-likelihood at step 1: -4170.409
Current log-likelihood at step 2: -4170.406
Parameters optimization took 1 rounds (0.024 sec)

BETTER TREE FOUND at iteration 1: -4170.406
Estimate model parameters (epsilon = 0.100)
Initial log-likelihood: -4168.833
Current log-likelihood at step 1: -4168.818
Parameters optimization took 0 rounds (0.013 sec)

BETTER TREE FOUND at iteration 3: -4168.818
Iteration 10 / LogL: -4170.523 / Time: 0h:6m:25s
Iteration 20 / LogL: -4173.385 / Time: 0h:6m:25s
Finish initializing candidate tree set (9)
Current best tree score: -4168.818 / CPU time: 1.117
Number of iterations: 20
--------------------------------------------------------------------
|               OPTIMIZING CANDIDATE TREE SET                      |
--------------------------------------------------------------------
Iteration 30 / LogL: -4174.778 / Time: 0h:6m:26s (0h:0m:3s left)
Iteration 40 / LogL: -4168.839 / Time: 0h:6m:26s (0h:0m:3s left)
Iteration 50 / LogL: -4176.738 / Time: 0h:6m:26s (0h:0m:2s left)
Iteration 60 / LogL: -4170.418 / Time: 0h:6m:27s (0h:0m:2s left)
Iteration 70 / LogL: -4173.248 / Time: 0h:6m:27s (0h:0m:1s left)
Iteration 80 / LogL: -4174.795 / Time: 0h:6m:28s (0h:0m:1s left)
Iteration 90 / LogL: -4173.360 / Time: 0h:6m:28s (0h:0m:0s left)
Iteration 100 / LogL: -4168.822 / Time: 0h:6m:28s (0h:0m:0s left)
TREE SEARCH COMPLETED AFTER 104 ITERATIONS / Time: 0h:6m:29s

--------------------------------------------------------------------
|                    FINALIZING TREE SEARCH                        |
--------------------------------------------------------------------
Performs final model parameters optimization
Estimate model parameters (epsilon = 0.010)
Initial log-likelihood: -4168.818
Current log-likelihood at step 1: -4168.818
Partition-specific rates:  1.339 0.661
Parameters optimization took 0 rounds (0.008 sec)

Partition information was printed to partition_file.nex.best_model.nex
BEST SCORE FOUND : -4168.818
Total tree length: 6.519

Total number of iterations: 104
CPU time used for tree search: 4.631 sec (0h:0m:4s)
Wall-clock time used for tree search: 4.481 sec (0h:0m:4s)
Total CPU time used: 400.787 sec (0h:6m:40s)
Total wall-clock time used: 389.115 sec (0h:6m:29s)

===> START BOOTSTRAP REPLICATE NUMBER 81

Creating bootstrap alignment (seed: 631888)...
WARNING: States(s) K, M rarely appear in partition tdi and may cause numerical problems

Create initial parsimony tree by phylogenetic likelihood library (PLL)... 0.001 seconds
Reading model parameters from file /Users/mful870/Desktop/MD_3di_Dev_02Oct24/Scriptorum/SubstitutionMatrix/3di_substmat
WARNING: Normalizing state frequencies so that sum of them equals to 1

NOTE: 1 MB RAM (0 GB) is required!
Estimate model parameters (epsilon = 0.100)
Initial log-likelihood: -4369.457
Current log-likelihood at step 1: -4302.888
Current log-likelihood at step 2: -4300.562
Current log-likelihood at step 3: -4300.558
Partition-specific rates:  1.189 0.811
Parameters optimization took 2 rounds (0.045 sec)

Wrote distance file to... 
Computing ML distances based on estimated model parameters...
Calculating distance matrix: done in 4.22001e-05 secs using 85.31% CPU
Computing ML distances took 0.000083 sec (of wall-clock time) 0.000062 sec (of CPU time)
Setting up auxiliary I and S matrices: done in 3.00407e-05 secs using 76.56% CPU
Computing RapidNJ tree took 0.000121 sec (of wall-clock time) 0.000072 sec (of CPU time)
Log-likelihood of RapidNJ tree: -4515.475
--------------------------------------------------------------------
|             INITIALIZING CANDIDATE TREE SET                      |
--------------------------------------------------------------------
Generating 98 parsimony trees... 0.126 second
Computing log-likelihood of 98 initial trees ... 0.270 seconds
Current best score: -4299.373

Do NNI search on 20 best initial trees
Estimate model parameters (epsilon = 0.100)
Initial log-likelihood: -4295.106
Current log-likelihood at step 1: -4294.806
Current log-likelihood at step 2: -4294.805
Parameters optimization took 1 rounds (0.022 sec)

BETTER TREE FOUND at iteration 1: -4294.805
Iteration 10 / LogL: -4299.437 / Time: 0h:6m:29s
Iteration 20 / LogL: -4294.825 / Time: 0h:6m:30s
Finish initializing candidate tree set (4)
Current best tree score: -4294.805 / CPU time: 1.245
Number of iterations: 20
--------------------------------------------------------------------
|               OPTIMIZING CANDIDATE TREE SET                      |
--------------------------------------------------------------------
Estimate model parameters (epsilon = 0.100)
Initial log-likelihood: -4288.325
Current log-likelihood at step 1: -4288.317
Parameters optimization took 0 rounds (0.014 sec)

BETTER TREE FOUND at iteration 30: -4288.317
Iteration 30 / LogL: -4288.317 / Time: 0h:6m:30s (0h:0m:5s left)
Iteration 40 / LogL: -4288.317 / Time: 0h:6m:31s (0h:0m:5s left)
Estimate model parameters (epsilon = 0.100)
Initial log-likelihood: -4287.415
Current log-likelihood at step 1: -4287.379
Parameters optimization took 0 rounds (0.014 sec)

BETTER TREE FOUND at iteration 43: -4287.379
Iteration 50 / LogL: -4294.858 / Time: 0h:6m:31s (0h:0m:5s left)
Iteration 60 / LogL: -4287.379 / Time: 0h:6m:32s (0h:0m:4s left)
Iteration 70 / LogL: -4288.240 / Time: 0h:6m:32s (0h:0m:3s left)
Iteration 80 / LogL: -4287.415 / Time: 0h:6m:33s (0h:0m:3s left)
Iteration 90 / LogL: -4287.404 / Time: 0h:6m:33s (0h:0m:2s left)
UPDATE BEST LOG-LIKELIHOOD: -4287.377
Iteration 100 / LogL: -4288.336 / Time: 0h:6m:34s (0h:0m:2s left)
Iteration 110 / LogL: -4287.509 / Time: 0h:6m:34s (0h:0m:1s left)
Iteration 120 / LogL: -4288.336 / Time: 0h:6m:35s (0h:0m:1s left)
Iteration 130 / LogL: -4288.240 / Time: 0h:6m:35s (0h:0m:0s left)
Iteration 140 / LogL: -4287.404 / Time: 0h:6m:35s (0h:0m:0s left)
TREE SEARCH COMPLETED AFTER 144 ITERATIONS / Time: 0h:6m:36s

--------------------------------------------------------------------
|                    FINALIZING TREE SEARCH                        |
--------------------------------------------------------------------
Performs final model parameters optimization
Estimate model parameters (epsilon = 0.010)
Initial log-likelihood: -4287.377
Current log-likelihood at step 1: -4287.374
Partition-specific rates:  1.200 0.800
Parameters optimization took 0 rounds (0.008 sec)

Partition information was printed to partition_file.nex.best_model.nex
BEST SCORE FOUND : -4287.374
Total tree length: 6.672

Total number of iterations: 144
CPU time used for tree search: 7.046 sec (0h:0m:7s)
Wall-clock time used for tree search: 6.913 sec (0h:0m:6s)
Total CPU time used: 407.925 sec (0h:6m:47s)
Total wall-clock time used: 396.118 sec (0h:6m:36s)

===> START BOOTSTRAP REPLICATE NUMBER 82

Creating bootstrap alignment (seed: 631889)...
WARNING: States(s) K, M rarely appear in partition tdi and may cause numerical problems

Create initial parsimony tree by phylogenetic likelihood library (PLL)... 0.001 seconds
Reading model parameters from file /Users/mful870/Desktop/MD_3di_Dev_02Oct24/Scriptorum/SubstitutionMatrix/3di_substmat
WARNING: Normalizing state frequencies so that sum of them equals to 1

NOTE: 1 MB RAM (0 GB) is required!
Estimate model parameters (epsilon = 0.100)
Initial log-likelihood: -4399.121
Current log-likelihood at step 1: -4315.936
Current log-likelihood at step 2: -4308.643
Current log-likelihood at step 3: -4308.622
Partition-specific rates:  1.333 0.667
Parameters optimization took 2 rounds (0.054 sec)

Wrote distance file to... 
Computing ML distances based on estimated model parameters...
Calculating distance matrix: done in 4.19617e-05 secs using 85.79% CPU
Computing ML distances took 0.000083 sec (of wall-clock time) 0.000062 sec (of CPU time)
Setting up auxiliary I and S matrices: done in 2.81334e-05 secs using 78.2% CPU
Computing RapidNJ tree took 0.000115 sec (of wall-clock time) 0.000071 sec (of CPU time)
Log-likelihood of RapidNJ tree: -4575.510
--------------------------------------------------------------------
|             INITIALIZING CANDIDATE TREE SET                      |
--------------------------------------------------------------------
Generating 98 parsimony trees... 0.128 second
Computing log-likelihood of 98 initial trees ... 0.290 seconds
Current best score: -4308.622

Do NNI search on 20 best initial trees
Estimate model parameters (epsilon = 0.100)
Initial log-likelihood: -4305.479
Current log-likelihood at step 1: -4305.476
Parameters optimization took 0 rounds (0.009 sec)

BETTER TREE FOUND at iteration 1: -4305.476
Estimate model parameters (epsilon = 0.100)
Initial log-likelihood: -4304.049
Current log-likelihood at step 1: -4303.976
Parameters optimization took 0 rounds (0.015 sec)

BETTER TREE FOUND at iteration 2: -4303.976
Iteration 10 / LogL: -4304.058 / Time: 0h:6m:36s
Iteration 20 / LogL: -4304.101 / Time: 0h:6m:37s
Finish initializing candidate tree set (4)
Current best tree score: -4303.976 / CPU time: 1.126
Number of iterations: 20
--------------------------------------------------------------------
|               OPTIMIZING CANDIDATE TREE SET                      |
--------------------------------------------------------------------
Iteration 30 / LogL: -4304.108 / Time: 0h:6m:37s (0h:0m:4s left)
UPDATE BEST LOG-LIKELIHOOD: -4303.970
Iteration 40 / LogL: -4309.346 / Time: 0h:6m:38s (0h:0m:3s left)
Iteration 50 / LogL: -4304.112 / Time: 0h:6m:38s (0h:0m:2s left)
Iteration 60 / LogL: -4304.110 / Time: 0h:6m:38s (0h:0m:1s left)
Iteration 70 / LogL: -4308.424 / Time: 0h:6m:39s (0h:0m:1s left)
Estimate model parameters (epsilon = 0.100)
Initial log-likelihood: -4303.958
Current log-likelihood at step 1: -4303.957
Parameters optimization took 0 rounds (0.008 sec)

UPDATE BEST LOG-LIKELIHOOD: -4303.957
Iteration 80 / LogL: -4306.940 / Time: 0h:6m:39s (0h:0m:0s left)
Iteration 90 / LogL: -4304.650 / Time: 0h:6m:40s (0h:0m:0s left)
Iteration 100 / LogL: -4304.623 / Time: 0h:6m:40s (0h:0m:0s left)
TREE SEARCH COMPLETED AFTER 103 ITERATIONS / Time: 0h:6m:40s

--------------------------------------------------------------------
|                    FINALIZING TREE SEARCH                        |
--------------------------------------------------------------------
Performs final model parameters optimization
Estimate model parameters (epsilon = 0.010)
Initial log-likelihood: -4303.957
Current log-likelihood at step 1: -4303.957
Partition-specific rates:  1.334 0.666
Parameters optimization took 0 rounds (0.008 sec)

Partition information was printed to partition_file.nex.best_model.nex
BEST SCORE FOUND : -4303.957
Total tree length: 6.929

Total number of iterations: 103
CPU time used for tree search: 4.498 sec (0h:0m:4s)
Wall-clock time used for tree search: 4.347 sec (0h:0m:4s)
Total CPU time used: 412.525 sec (0h:6m:52s)
Total wall-clock time used: 400.564 sec (0h:6m:40s)

===> START BOOTSTRAP REPLICATE NUMBER 83

Creating bootstrap alignment (seed: 631890)...
WARNING: States(s) K, M rarely appear in partition tdi and may cause numerical problems

Create initial parsimony tree by phylogenetic likelihood library (PLL)... 0.001 seconds
Reading model parameters from file /Users/mful870/Desktop/MD_3di_Dev_02Oct24/Scriptorum/SubstitutionMatrix/3di_substmat
WARNING: Normalizing state frequencies so that sum of them equals to 1

NOTE: 1 MB RAM (0 GB) is required!
Estimate model parameters (epsilon = 0.100)
Initial log-likelihood: -4163.352
Current log-likelihood at step 1: -4078.815
Current log-likelihood at step 2: -4071.721
Current log-likelihood at step 3: -4071.719
Partition-specific rates:  1.307 0.693
Parameters optimization took 2 rounds (0.047 sec)

Wrote distance file to... 
Computing ML distances based on estimated model parameters...
Calculating distance matrix: done in 4.31538e-05 secs using 85.74% CPU
Computing ML distances took 0.000085 sec (of wall-clock time) 0.000064 sec (of CPU time)
Setting up auxiliary I and S matrices: done in 3.40939e-05 secs using 73.33% CPU
Computing RapidNJ tree took 0.000133 sec (of wall-clock time) 0.000090 sec (of CPU time)
Log-likelihood of RapidNJ tree: -4301.102
--------------------------------------------------------------------
|             INITIALIZING CANDIDATE TREE SET                      |
--------------------------------------------------------------------
Generating 98 parsimony trees... 0.115 second
Computing log-likelihood of 98 initial trees ... 0.253 seconds
Current best score: -4071.536

Do NNI search on 20 best initial trees
Estimate model parameters (epsilon = 0.100)
Initial log-likelihood: -4060.035
Current log-likelihood at step 1: -4059.946
Parameters optimization took 0 rounds (0.013 sec)

BETTER TREE FOUND at iteration 1: -4059.946
Estimate model parameters (epsilon = 0.100)
Initial log-likelihood: -4059.638
Current log-likelihood at step 1: -4059.604
Parameters optimization took 0 rounds (0.013 sec)

BETTER TREE FOUND at iteration 2: -4059.604
Iteration 10 / LogL: -4060.301 / Time: 0h:6m:41s
Estimate model parameters (epsilon = 0.100)
Initial log-likelihood: -4058.154
Current log-likelihood at step 1: -4057.987
Current log-likelihood at step 2: -4057.968
Parameters optimization took 1 rounds (0.021 sec)

BETTER TREE FOUND at iteration 20: -4057.968
Iteration 20 / LogL: -4057.968 / Time: 0h:6m:41s
Finish initializing candidate tree set (8)
Current best tree score: -4057.968 / CPU time: 1.050
Number of iterations: 20
--------------------------------------------------------------------
|               OPTIMIZING CANDIDATE TREE SET                      |
--------------------------------------------------------------------
Iteration 30 / LogL: -4058.985 / Time: 0h:6m:42s (0h:0m:4s left)
Iteration 40 / LogL: -4057.993 / Time: 0h:6m:42s (0h:0m:3s left)
Iteration 50 / LogL: -4058.065 / Time: 0h:6m:42s (0h:0m:3s left)
Iteration 60 / LogL: -4059.688 / Time: 0h:6m:43s (0h:0m:2s left)
Iteration 70 / LogL: -4062.105 / Time: 0h:6m:43s (0h:0m:2s left)
Iteration 80 / LogL: -4064.484 / Time: 0h:6m:43s (0h:0m:1s left)
Iteration 90 / LogL: -4058.953 / Time: 0h:6m:44s (0h:0m:1s left)
Iteration 100 / LogL: -4058.057 / Time: 0h:6m:44s (0h:0m:0s left)
Iteration 110 / LogL: -4059.687 / Time: 0h:6m:45s (0h:0m:0s left)
Iteration 120 / LogL: -4058.984 / Time: 0h:6m:45s (0h:0m:0s left)
TREE SEARCH COMPLETED AFTER 121 ITERATIONS / Time: 0h:6m:45s

--------------------------------------------------------------------
|                    FINALIZING TREE SEARCH                        |
--------------------------------------------------------------------
Performs final model parameters optimization
Estimate model parameters (epsilon = 0.010)
Initial log-likelihood: -4057.968
Current log-likelihood at step 1: -4057.964
Partition-specific rates:  1.292 0.708
Parameters optimization took 0 rounds (0.008 sec)

Partition information was printed to partition_file.nex.best_model.nex
BEST SCORE FOUND : -4057.964
Total tree length: 6.955

Total number of iterations: 121
CPU time used for tree search: 4.929 sec (0h:0m:4s)
Wall-clock time used for tree search: 4.789 sec (0h:0m:4s)
Total CPU time used: 417.565 sec (0h:6m:57s)
Total wall-clock time used: 405.455 sec (0h:6m:45s)

===> START BOOTSTRAP REPLICATE NUMBER 84

Creating bootstrap alignment (seed: 631891)...
WARNING: States(s) K, M rarely appear in partition tdi and may cause numerical problems

Create initial parsimony tree by phylogenetic likelihood library (PLL)... 0.001 seconds
Reading model parameters from file /Users/mful870/Desktop/MD_3di_Dev_02Oct24/Scriptorum/SubstitutionMatrix/3di_substmat
WARNING: Normalizing state frequencies so that sum of them equals to 1

NOTE: 1 MB RAM (0 GB) is required!
Estimate model parameters (epsilon = 0.100)
Initial log-likelihood: -4432.555
Current log-likelihood at step 1: -4366.088
Current log-likelihood at step 2: -4363.118
Current log-likelihood at step 3: -4363.106
Partition-specific rates:  1.249 0.751
Parameters optimization took 2 rounds (0.045 sec)

Wrote distance file to... 
Computing ML distances based on estimated model parameters...
Calculating distance matrix: done in 4.29153e-05 secs using 86.22% CPU
Computing ML distances took 0.000094 sec (of wall-clock time) 0.000064 sec (of CPU time)
Setting up auxiliary I and S matrices: done in 2.81334e-05 secs using 78.2% CPU
Computing RapidNJ tree took 0.000118 sec (of wall-clock time) 0.000073 sec (of CPU time)
Log-likelihood of RapidNJ tree: -4613.245
--------------------------------------------------------------------
|             INITIALIZING CANDIDATE TREE SET                      |
--------------------------------------------------------------------
Generating 98 parsimony trees... 0.122 second
Computing log-likelihood of 98 initial trees ... 0.240 seconds
Current best score: -4363.106

Do NNI search on 20 best initial trees
Estimate model parameters (epsilon = 0.100)
Initial log-likelihood: -4360.472
Current log-likelihood at step 1: -4360.464
Parameters optimization took 0 rounds (0.008 sec)

BETTER TREE FOUND at iteration 1: -4360.464
Iteration 10 / LogL: -4362.434 / Time: 0h:6m:46s
Estimate model parameters (epsilon = 0.100)
Initial log-likelihood: -4357.058
Current log-likelihood at step 1: -4356.909
Current log-likelihood at step 2: -4356.904
Parameters optimization took 1 rounds (0.020 sec)

BETTER TREE FOUND at iteration 13: -4356.904
Estimate model parameters (epsilon = 0.100)
Initial log-likelihood: -4354.664
Current log-likelihood at step 1: -4354.651
Parameters optimization took 0 rounds (0.008 sec)

BETTER TREE FOUND at iteration 20: -4354.651
Iteration 20 / LogL: -4354.651 / Time: 0h:6m:46s
Finish initializing candidate tree set (10)
Current best tree score: -4354.651 / CPU time: 0.951
Number of iterations: 20
--------------------------------------------------------------------
|               OPTIMIZING CANDIDATE TREE SET                      |
--------------------------------------------------------------------
UPDATE BEST LOG-LIKELIHOOD: -4354.651
Iteration 30 / LogL: -4358.144 / Time: 0h:6m:46s (0h:0m:4s left)
UPDATE BEST LOG-LIKELIHOOD: -4354.651
Iteration 40 / LogL: -4354.653 / Time: 0h:6m:47s (0h:0m:3s left)
Iteration 50 / LogL: -4356.849 / Time: 0h:6m:47s (0h:0m:3s left)
Iteration 60 / LogL: -4356.909 / Time: 0h:6m:47s (0h:0m:2s left)
UPDATE BEST LOG-LIKELIHOOD: -4354.651
Iteration 70 / LogL: -4356.266 / Time: 0h:6m:48s (0h:0m:2s left)
Iteration 80 / LogL: -4354.699 / Time: 0h:6m:48s (0h:0m:1s left)
Iteration 90 / LogL: -4354.745 / Time: 0h:6m:49s (0h:0m:1s left)
Iteration 100 / LogL: -4354.724 / Time: 0h:6m:49s (0h:0m:0s left)
Iteration 110 / LogL: -4354.745 / Time: 0h:6m:49s (0h:0m:0s left)
Iteration 120 / LogL: -4354.656 / Time: 0h:6m:50s (0h:0m:0s left)
TREE SEARCH COMPLETED AFTER 121 ITERATIONS / Time: 0h:6m:50s

--------------------------------------------------------------------
|                    FINALIZING TREE SEARCH                        |
--------------------------------------------------------------------
Performs final model parameters optimization
Estimate model parameters (epsilon = 0.010)
Initial log-likelihood: -4354.651
Current log-likelihood at step 1: -4354.650
Partition-specific rates:  1.263 0.737
Parameters optimization took 0 rounds (0.008 sec)

Partition information was printed to partition_file.nex.best_model.nex
BEST SCORE FOUND : -4354.650
Total tree length: 6.900

Total number of iterations: 121
CPU time used for tree search: 4.818 sec (0h:0m:4s)
Wall-clock time used for tree search: 4.679 sec (0h:0m:4s)
Total CPU time used: 422.483 sec (0h:7m:2s)
Total wall-clock time used: 410.229 sec (0h:6m:50s)

===> START BOOTSTRAP REPLICATE NUMBER 85

Creating bootstrap alignment (seed: 631892)...
WARNING: States(s) K, M rarely appear in partition tdi and may cause numerical problems

Create initial parsimony tree by phylogenetic likelihood library (PLL)... 0.001 seconds
Reading model parameters from file /Users/mful870/Desktop/MD_3di_Dev_02Oct24/Scriptorum/SubstitutionMatrix/3di_substmat
WARNING: Normalizing state frequencies so that sum of them equals to 1

NOTE: 1 MB RAM (0 GB) is required!
Estimate model parameters (epsilon = 0.100)
Initial log-likelihood: -4208.515
Current log-likelihood at step 1: -4115.545
Current log-likelihood at step 2: -4108.463
Current log-likelihood at step 3: -4108.461
Partition-specific rates:  1.295 0.705
Parameters optimization took 2 rounds (0.046 sec)

Wrote distance file to... 
Computing ML distances based on estimated model parameters...
Calculating distance matrix: done in 4.19617e-05 secs using 88.18% CPU
Computing ML distances took 0.000094 sec (of wall-clock time) 0.000063 sec (of CPU time)
Setting up auxiliary I and S matrices: done in 2.7895e-05 secs using 75.28% CPU
Computing RapidNJ tree took 0.000124 sec (of wall-clock time) 0.000074 sec (of CPU time)
Log-likelihood of RapidNJ tree: -4299.487
--------------------------------------------------------------------
|             INITIALIZING CANDIDATE TREE SET                      |
--------------------------------------------------------------------
Generating 98 parsimony trees... 0.122 second
Computing log-likelihood of 98 initial trees ... 0.270 seconds
Current best score: -4089.852

Do NNI search on 20 best initial trees
Estimate model parameters (epsilon = 0.100)
Initial log-likelihood: -4080.349
Current log-likelihood at step 1: -4080.257
Parameters optimization took 0 rounds (0.012 sec)

BETTER TREE FOUND at iteration 1: -4080.257
Estimate model parameters (epsilon = 0.100)
Initial log-likelihood: -4072.456
Current log-likelihood at step 1: -4072.413
Parameters optimization took 0 rounds (0.013 sec)

BETTER TREE FOUND at iteration 2: -4072.413
Iteration 10 / LogL: -4090.427 / Time: 0h:6m:51s
Iteration 20 / LogL: -4091.555 / Time: 0h:6m:51s
Finish initializing candidate tree set (10)
Current best tree score: -4072.413 / CPU time: 1.104
Number of iterations: 20
--------------------------------------------------------------------
|               OPTIMIZING CANDIDATE TREE SET                      |
--------------------------------------------------------------------
Iteration 30 / LogL: -4086.476 / Time: 0h:6m:51s (0h:0m:3s left)
Estimate model parameters (epsilon = 0.100)
Initial log-likelihood: -4069.052
Current log-likelihood at step 1: -4068.921
Current log-likelihood at step 2: -4068.913
Parameters optimization took 1 rounds (0.028 sec)

BETTER TREE FOUND at iteration 34: -4068.913
Iteration 40 / LogL: -4072.559 / Time: 0h:6m:52s (0h:0m:4s left)
Iteration 50 / LogL: -4072.553 / Time: 0h:6m:52s (0h:0m:3s left)
Iteration 60 / LogL: -4073.819 / Time: 0h:6m:52s (0h:0m:3s left)
UPDATE BEST LOG-LIKELIHOOD: -4068.913
Iteration 70 / LogL: -4103.056 / Time: 0h:6m:53s (0h:0m:2s left)
Iteration 80 / LogL: -4072.627 / Time: 0h:6m:53s (0h:0m:2s left)
Iteration 90 / LogL: -4072.720 / Time: 0h:6m:54s (0h:0m:1s left)
Iteration 100 / LogL: -4072.547 / Time: 0h:6m:54s (0h:0m:1s left)
Iteration 110 / LogL: -4125.412 / Time: 0h:6m:54s (0h:0m:1s left)
UPDATE BEST LOG-LIKELIHOOD: -4068.913
Iteration 120 / LogL: -4068.913 / Time: 0h:6m:55s (0h:0m:0s left)
UPDATE BEST LOG-LIKELIHOOD: -4068.913
Iteration 130 / LogL: -4072.607 / Time: 0h:6m:55s (0h:0m:0s left)
TREE SEARCH COMPLETED AFTER 135 ITERATIONS / Time: 0h:6m:55s

--------------------------------------------------------------------
|                    FINALIZING TREE SEARCH                        |
--------------------------------------------------------------------
Performs final model parameters optimization
Estimate model parameters (epsilon = 0.010)
Initial log-likelihood: -4068.913
Current log-likelihood at step 1: -4068.913
Partition-specific rates:  1.314 0.686
Parameters optimization took 0 rounds (0.008 sec)

Partition information was printed to partition_file.nex.best_model.nex
BEST SCORE FOUND : -4068.913
Total tree length: 7.042

Total number of iterations: 135
CPU time used for tree search: 5.626 sec (0h:0m:5s)
Wall-clock time used for tree search: 5.495 sec (0h:0m:5s)
Total CPU time used: 428.200 sec (0h:7m:8s)
Total wall-clock time used: 415.815 sec (0h:6m:55s)

===> START BOOTSTRAP REPLICATE NUMBER 86

Creating bootstrap alignment (seed: 631893)...
WARNING: States(s) I, K, M rarely appear in partition tdi and may cause numerical problems

Create initial parsimony tree by phylogenetic likelihood library (PLL)... 0.001 seconds
Reading model parameters from file /Users/mful870/Desktop/MD_3di_Dev_02Oct24/Scriptorum/SubstitutionMatrix/3di_substmat
WARNING: Normalizing state frequencies so that sum of them equals to 1

NOTE: 1 MB RAM (0 GB) is required!
Estimate model parameters (epsilon = 0.100)
Initial log-likelihood: -4392.815
Current log-likelihood at step 1: -4321.187
Current log-likelihood at step 2: -4312.185
Current log-likelihood at step 3: -4312.170
Partition-specific rates:  1.273 0.727
Parameters optimization took 2 rounds (0.056 sec)

Wrote distance file to... 
Computing ML distances based on estimated model parameters...
Calculating distance matrix: done in 4.48227e-05 secs using 87.01% CPU
Computing ML distances took 0.000111 sec (of wall-clock time) 0.000077 sec (of CPU time)
Setting up auxiliary I and S matrices: done in 4.19617e-05 secs using 76.26% CPU
Computing RapidNJ tree took 0.000212 sec (of wall-clock time) 0.000117 sec (of CPU time)
Log-likelihood of RapidNJ tree: -4533.193
--------------------------------------------------------------------
|             INITIALIZING CANDIDATE TREE SET                      |
--------------------------------------------------------------------
Generating 98 parsimony trees... 0.154 second
Computing log-likelihood of 98 initial trees ... 0.254 seconds
Current best score: -4312.170

Do NNI search on 20 best initial trees
Estimate model parameters (epsilon = 0.100)
Initial log-likelihood: -4297.490
Current log-likelihood at step 1: -4297.266
Current log-likelihood at step 2: -4297.252
Parameters optimization took 1 rounds (0.022 sec)

BETTER TREE FOUND at iteration 1: -4297.252
Estimate model parameters (epsilon = 0.100)
Initial log-likelihood: -4295.836
Current log-likelihood at step 1: -4295.807
Parameters optimization took 0 rounds (0.007 sec)

BETTER TREE FOUND at iteration 2: -4295.807
Estimate model parameters (epsilon = 0.100)
Initial log-likelihood: -4295.568
Current log-likelihood at step 1: -4295.494
Parameters optimization took 0 rounds (0.013 sec)

BETTER TREE FOUND at iteration 4: -4295.494
Iteration 10 / LogL: -4295.885 / Time: 0h:6m:56s
Iteration 20 / LogL: -4297.331 / Time: 0h:6m:57s
Finish initializing candidate tree set (11)
Current best tree score: -4295.494 / CPU time: 1.126
Number of iterations: 20
--------------------------------------------------------------------
|               OPTIMIZING CANDIDATE TREE SET                      |
--------------------------------------------------------------------
Estimate model parameters (epsilon = 0.100)
Initial log-likelihood: -4291.931
Current log-likelihood at step 1: -4291.847
Parameters optimization took 0 rounds (0.014 sec)

BETTER TREE FOUND at iteration 22: -4291.847
Iteration 30 / LogL: -4294.660 / Time: 0h:6m:57s (0h:0m:4s left)
Iteration 40 / LogL: -4294.916 / Time: 0h:6m:57s (0h:0m:3s left)
Iteration 50 / LogL: -4295.949 / Time: 0h:6m:58s (0h:0m:3s left)
Iteration 60 / LogL: -4307.007 / Time: 0h:6m:58s (0h:0m:2s left)
Iteration 70 / LogL: -4292.822 / Time: 0h:6m:58s (0h:0m:2s left)
Iteration 80 / LogL: -4291.877 / Time: 0h:6m:59s (0h:0m:1s left)
Estimate model parameters (epsilon = 0.100)
Initial log-likelihood: -4291.218
Current log-likelihood at step 1: -4290.903
Current log-likelihood at step 2: -4290.901
Parameters optimization took 1 rounds (0.024 sec)

BETTER TREE FOUND at iteration 82: -4290.901
Iteration 90 / LogL: -4294.790 / Time: 0h:6m:59s (0h:0m:3s left)
Iteration 100 / LogL: -4292.070 / Time: 0h:6m:59s (0h:0m:3s left)
Iteration 110 / LogL: -4292.088 / Time: 0h:7m:0s (0h:0m:2s left)
Iteration 120 / LogL: -4292.071 / Time: 0h:7m:0s (0h:0m:2s left)
Iteration 130 / LogL: -4292.178 / Time: 0h:7m:0s (0h:0m:2s left)
Iteration 140 / LogL: -4290.920 / Time: 0h:7m:1s (0h:0m:1s left)
Iteration 150 / LogL: -4292.952 / Time: 0h:7m:1s (0h:0m:1s left)
Iteration 160 / LogL: -4292.976 / Time: 0h:7m:1s (0h:0m:0s left)
Iteration 170 / LogL: -4292.969 / Time: 0h:7m:2s (0h:0m:0s left)
Iteration 180 / LogL: -4292.050 / Time: 0h:7m:2s (0h:0m:0s left)
TREE SEARCH COMPLETED AFTER 183 ITERATIONS / Time: 0h:7m:2s

--------------------------------------------------------------------
|                    FINALIZING TREE SEARCH                        |
--------------------------------------------------------------------
Performs final model parameters optimization
Estimate model parameters (epsilon = 0.010)
Initial log-likelihood: -4290.901
Current log-likelihood at step 1: -4290.901
Partition-specific rates:  1.304 0.696
Parameters optimization took 0 rounds (0.008 sec)

Partition information was printed to partition_file.nex.best_model.nex
BEST SCORE FOUND : -4290.901
Total tree length: 7.220

Total number of iterations: 183
CPU time used for tree search: 6.932 sec (0h:0m:6s)
Wall-clock time used for tree search: 6.817 sec (0h:0m:6s)
Total CPU time used: 435.235 sec (0h:7m:15s)
Total wall-clock time used: 422.736 sec (0h:7m:2s)

===> START BOOTSTRAP REPLICATE NUMBER 87

Creating bootstrap alignment (seed: 631894)...
WARNING: States(s) K, M rarely appear in partition tdi and may cause numerical problems

Create initial parsimony tree by phylogenetic likelihood library (PLL)... 0.001 seconds
Reading model parameters from file /Users/mful870/Desktop/MD_3di_Dev_02Oct24/Scriptorum/SubstitutionMatrix/3di_substmat
WARNING: Normalizing state frequencies so that sum of them equals to 1

NOTE: 1 MB RAM (0 GB) is required!
Estimate model parameters (epsilon = 0.100)
Initial log-likelihood: -4440.937
Current log-likelihood at step 1: -4346.552
Current log-likelihood at step 2: -4335.769
Current log-likelihood at step 3: -4335.763
Partition-specific rates:  1.282 0.718
Parameters optimization took 2 rounds (0.043 sec)

Wrote distance file to... 
Computing ML distances based on estimated model parameters...
Calculating distance matrix: done in 4.29153e-05 secs using 86.22% CPU
Computing ML distances took 0.000094 sec (of wall-clock time) 0.000065 sec (of CPU time)
Setting up auxiliary I and S matrices: done in 3.29018e-05 secs using 75.98% CPU
Computing RapidNJ tree took 0.000158 sec (of wall-clock time) 0.000104 sec (of CPU time)
Log-likelihood of RapidNJ tree: -4547.015
--------------------------------------------------------------------
|             INITIALIZING CANDIDATE TREE SET                      |
--------------------------------------------------------------------
Generating 98 parsimony trees... 0.139 second
Computing log-likelihood of 98 initial trees ... 0.247 seconds
Current best score: -4330.394

Do NNI search on 20 best initial trees
Estimate model parameters (epsilon = 0.100)
Initial log-likelihood: -4321.033
Current log-likelihood at step 1: -4320.710
Current log-likelihood at step 2: -4320.678
Parameters optimization took 1 rounds (0.023 sec)

BETTER TREE FOUND at iteration 1: -4320.678
Iteration 10 / LogL: -4320.683 / Time: 0h:7m:3s
Iteration 20 / LogL: -4324.393 / Time: 0h:7m:3s
Finish initializing candidate tree set (6)
Current best tree score: -4320.678 / CPU time: 1.131
Number of iterations: 20
--------------------------------------------------------------------
|               OPTIMIZING CANDIDATE TREE SET                      |
--------------------------------------------------------------------
Iteration 30 / LogL: -4324.445 / Time: 0h:7m:4s (0h:0m:3s left)
Iteration 40 / LogL: -4322.968 / Time: 0h:7m:4s (0h:0m:2s left)
UPDATE BEST LOG-LIKELIHOOD: -4320.678
Iteration 50 / LogL: -4324.392 / Time: 0h:7m:5s (0h:0m:2s left)
Iteration 60 / LogL: -4325.264 / Time: 0h:7m:5s (0h:0m:1s left)
Iteration 70 / LogL: -4320.753 / Time: 0h:7m:5s (0h:0m:1s left)
Iteration 80 / LogL: -4325.261 / Time: 0h:7m:6s (0h:0m:0s left)
Iteration 90 / LogL: -4324.375 / Time: 0h:7m:6s (0h:0m:0s left)
Iteration 100 / LogL: -4326.069 / Time: 0h:7m:7s (0h:0m:0s left)
TREE SEARCH COMPLETED AFTER 102 ITERATIONS / Time: 0h:7m:7s

--------------------------------------------------------------------
|                    FINALIZING TREE SEARCH                        |
--------------------------------------------------------------------
Performs final model parameters optimization
Estimate model parameters (epsilon = 0.010)
Initial log-likelihood: -4320.678
Current log-likelihood at step 1: -4320.676
Partition-specific rates:  1.249 0.751
Parameters optimization took 0 rounds (0.008 sec)

Partition information was printed to partition_file.nex.best_model.nex
BEST SCORE FOUND : -4320.676
Total tree length: 7.453

Total number of iterations: 102
CPU time used for tree search: 4.469 sec (0h:0m:4s)
Wall-clock time used for tree search: 4.324 sec (0h:0m:4s)
Total CPU time used: 439.801 sec (0h:7m:19s)
Total wall-clock time used: 427.154 sec (0h:7m:7s)

===> START BOOTSTRAP REPLICATE NUMBER 88

Creating bootstrap alignment (seed: 631895)...
WARNING: States(s) I, K, M rarely appear in partition tdi and may cause numerical problems

Create initial parsimony tree by phylogenetic likelihood library (PLL)... 0.001 seconds
Reading model parameters from file /Users/mful870/Desktop/MD_3di_Dev_02Oct24/Scriptorum/SubstitutionMatrix/3di_substmat
WARNING: Normalizing state frequencies so that sum of them equals to 1

NOTE: 1 MB RAM (0 GB) is required!
Estimate model parameters (epsilon = 0.100)
Initial log-likelihood: -4139.720
Current log-likelihood at step 1: -4066.981
Current log-likelihood at step 2: -4055.446
Current log-likelihood at step 3: -4055.435
Partition-specific rates:  1.313 0.687
Parameters optimization took 2 rounds (0.052 sec)

Wrote distance file to... 
Computing ML distances based on estimated model parameters...
Calculating distance matrix: done in 4.29153e-05 secs using 86.22% CPU
Computing ML distances took 0.000092 sec (of wall-clock time) 0.000064 sec (of CPU time)
Setting up auxiliary I and S matrices: done in 2.90871e-05 secs using 79.07% CPU
Computing RapidNJ tree took 0.000134 sec (of wall-clock time) 0.000076 sec (of CPU time)
Log-likelihood of RapidNJ tree: -4257.924
--------------------------------------------------------------------
|             INITIALIZING CANDIDATE TREE SET                      |
--------------------------------------------------------------------
Generating 98 parsimony trees... 0.122 second
Computing log-likelihood of 98 initial trees ... 0.255 seconds
Current best score: -4051.181

Do NNI search on 20 best initial trees
Estimate model parameters (epsilon = 0.100)
Initial log-likelihood: -4044.041
Current log-likelihood at step 1: -4043.895
Current log-likelihood at step 2: -4043.894
Parameters optimization took 1 rounds (0.022 sec)

BETTER TREE FOUND at iteration 1: -4043.894
Iteration 10 / LogL: -4049.092 / Time: 0h:7m:7s
Iteration 20 / LogL: -4050.006 / Time: 0h:7m:8s
Finish initializing candidate tree set (8)
Current best tree score: -4043.894 / CPU time: 1.025
Number of iterations: 20
--------------------------------------------------------------------
|               OPTIMIZING CANDIDATE TREE SET                      |
--------------------------------------------------------------------
UPDATE BEST LOG-LIKELIHOOD: -4043.894
UPDATE BEST LOG-LIKELIHOOD: -4043.894
Iteration 30 / LogL: -4043.941 / Time: 0h:7m:8s (0h:0m:3s left)
Iteration 40 / LogL: -4044.264 / Time: 0h:7m:9s (0h:0m:3s left)
Iteration 50 / LogL: -4048.242 / Time: 0h:7m:9s (0h:0m:2s left)
Iteration 60 / LogL: -4043.902 / Time: 0h:7m:9s (0h:0m:1s left)
Iteration 70 / LogL: -4043.894 / Time: 0h:7m:10s (0h:0m:1s left)
Iteration 80 / LogL: -4043.894 / Time: 0h:7m:10s (0h:0m:0s left)
UPDATE BEST LOG-LIKELIHOOD: -4043.894
Iteration 90 / LogL: -4044.264 / Time: 0h:7m:11s (0h:0m:0s left)
Iteration 100 / LogL: -4043.894 / Time: 0h:7m:11s (0h:0m:0s left)
TREE SEARCH COMPLETED AFTER 102 ITERATIONS / Time: 0h:7m:11s

--------------------------------------------------------------------
|                    FINALIZING TREE SEARCH                        |
--------------------------------------------------------------------
Performs final model parameters optimization
Estimate model parameters (epsilon = 0.010)
Initial log-likelihood: -4043.894
Current log-likelihood at step 1: -4043.894
Partition-specific rates:  1.330 0.670
Parameters optimization took 0 rounds (0.008 sec)

Partition information was printed to partition_file.nex.best_model.nex
BEST SCORE FOUND : -4043.894
Total tree length: 6.755

Total number of iterations: 102
CPU time used for tree search: 4.709 sec (0h:0m:4s)
Wall-clock time used for tree search: 4.583 sec (0h:0m:4s)
Total CPU time used: 444.642 sec (0h:7m:24s)
Total wall-clock time used: 431.852 sec (0h:7m:11s)

===> START BOOTSTRAP REPLICATE NUMBER 89

Creating bootstrap alignment (seed: 631896)...
WARNING: States(s) K, M rarely appear in partition tdi and may cause numerical problems

Create initial parsimony tree by phylogenetic likelihood library (PLL)... 0.001 seconds
Reading model parameters from file /Users/mful870/Desktop/MD_3di_Dev_02Oct24/Scriptorum/SubstitutionMatrix/3di_substmat
WARNING: Normalizing state frequencies so that sum of them equals to 1

NOTE: 1 MB RAM (0 GB) is required!
Estimate model parameters (epsilon = 0.100)
Initial log-likelihood: -4303.862
Current log-likelihood at step 1: -4224.784
Current log-likelihood at step 2: -4214.992
Current log-likelihood at step 3: -4214.989
Partition-specific rates:  1.315 0.685
Parameters optimization took 2 rounds (0.061 sec)

Wrote distance file to... 
Computing ML distances based on estimated model parameters...
Calculating distance matrix: done in 4.19617e-05 secs using 85.79% CPU
Computing ML distances took 0.000092 sec (of wall-clock time) 0.000063 sec (of CPU time)
Setting up auxiliary I and S matrices: done in 6.91414e-05 secs using 56.41% CPU
Computing RapidNJ tree took 0.000193 sec (of wall-clock time) 0.000108 sec (of CPU time)
Log-likelihood of RapidNJ tree: -4428.304
--------------------------------------------------------------------
|             INITIALIZING CANDIDATE TREE SET                      |
--------------------------------------------------------------------
Generating 98 parsimony trees... 0.124 second
Computing log-likelihood of 98 initial trees ... 0.246 seconds
Current best score: -4180.439

Do NNI search on 20 best initial trees
Estimate model parameters (epsilon = 0.100)
Initial log-likelihood: -4169.076
Current log-likelihood at step 1: -4169.036
Parameters optimization took 0 rounds (0.012 sec)

BETTER TREE FOUND at iteration 1: -4169.036
Estimate model parameters (epsilon = 0.100)
Initial log-likelihood: -4168.926
Current log-likelihood at step 1: -4168.461
Current log-likelihood at step 2: -4168.450
Parameters optimization took 1 rounds (0.021 sec)

BETTER TREE FOUND at iteration 6: -4168.450
Iteration 10 / LogL: -4169.074 / Time: 0h:7m:12s
Iteration 20 / LogL: -4169.152 / Time: 0h:7m:13s
Finish initializing candidate tree set (5)
Current best tree score: -4168.450 / CPU time: 1.109
Number of iterations: 20
--------------------------------------------------------------------
|               OPTIMIZING CANDIDATE TREE SET                      |
--------------------------------------------------------------------
Iteration 30 / LogL: -4169.222 / Time: 0h:7m:13s (0h:0m:4s left)
UPDATE BEST LOG-LIKELIHOOD: -4168.450
Iteration 40 / LogL: -4169.227 / Time: 0h:7m:13s (0h:0m:3s left)
Iteration 50 / LogL: -4170.044 / Time: 0h:7m:14s (0h:0m:2s left)
Iteration 60 / LogL: -4169.109 / Time: 0h:7m:14s (0h:0m:2s left)
Iteration 70 / LogL: -4170.102 / Time: 0h:7m:14s (0h:0m:1s left)
Iteration 80 / LogL: -4168.453 / Time: 0h:7m:15s (0h:0m:1s left)
Iteration 90 / LogL: -4168.485 / Time: 0h:7m:15s (0h:0m:0s left)
Iteration 100 / LogL: -4169.078 / Time: 0h:7m:16s (0h:0m:0s left)
TREE SEARCH COMPLETED AFTER 107 ITERATIONS / Time: 0h:7m:16s

--------------------------------------------------------------------
|                    FINALIZING TREE SEARCH                        |
--------------------------------------------------------------------
Performs final model parameters optimization
Estimate model parameters (epsilon = 0.010)
Initial log-likelihood: -4168.450
Current log-likelihood at step 1: -4168.448
Partition-specific rates:  1.303 0.697
Parameters optimization took 0 rounds (0.007 sec)

Partition information was printed to partition_file.nex.best_model.nex
BEST SCORE FOUND : -4168.448
Total tree length: 7.089

Total number of iterations: 107
CPU time used for tree search: 4.526 sec (0h:0m:4s)
Wall-clock time used for tree search: 4.390 sec (0h:0m:4s)
Total CPU time used: 449.274 sec (0h:7m:29s)
Total wall-clock time used: 436.356 sec (0h:7m:16s)

===> START BOOTSTRAP REPLICATE NUMBER 90

Creating bootstrap alignment (seed: 631897)...
WARNING: States(s) K, M rarely appear in partition tdi and may cause numerical problems

Create initial parsimony tree by phylogenetic likelihood library (PLL)... 0.001 seconds
Reading model parameters from file /Users/mful870/Desktop/MD_3di_Dev_02Oct24/Scriptorum/SubstitutionMatrix/3di_substmat
WARNING: Normalizing state frequencies so that sum of them equals to 1

NOTE: 1 MB RAM (0 GB) is required!
Estimate model parameters (epsilon = 0.100)
Initial log-likelihood: -4250.058
Current log-likelihood at step 1: -4162.164
Current log-likelihood at step 2: -4155.617
Current log-likelihood at step 3: -4155.598
Partition-specific rates:  1.276 0.724
Parameters optimization took 2 rounds (0.046 sec)

Wrote distance file to... 
Computing ML distances based on estimated model parameters...
Calculating distance matrix: done in 4.19617e-05 secs using 83.41% CPU
Computing ML distances took 0.000093 sec (of wall-clock time) 0.000062 sec (of CPU time)
Setting up auxiliary I and S matrices: done in 3.19481e-05 secs using 75.12% CPU
Computing RapidNJ tree took 0.000135 sec (of wall-clock time) 0.000087 sec (of CPU time)
Log-likelihood of RapidNJ tree: -4351.522
--------------------------------------------------------------------
|             INITIALIZING CANDIDATE TREE SET                      |
--------------------------------------------------------------------
Generating 98 parsimony trees... 0.124 second
Computing log-likelihood of 98 initial trees ... 0.246 seconds
Current best score: -4133.739

Do NNI search on 20 best initial trees
Estimate model parameters (epsilon = 0.100)
Initial log-likelihood: -4130.456
Current log-likelihood at step 1: -4130.404
Parameters optimization took 0 rounds (0.012 sec)

BETTER TREE FOUND at iteration 1: -4130.404
Estimate model parameters (epsilon = 0.100)
Initial log-likelihood: -4121.813
Current log-likelihood at step 1: -4121.647
Current log-likelihood at step 2: -4121.642
Parameters optimization took 1 rounds (0.020 sec)

BETTER TREE FOUND at iteration 2: -4121.642
Iteration 10 / LogL: -4122.188 / Time: 0h:7m:17s
Iteration 20 / LogL: -4133.378 / Time: 0h:7m:17s
Finish initializing candidate tree set (12)
Current best tree score: -4121.642 / CPU time: 1.040
Number of iterations: 20
--------------------------------------------------------------------
|               OPTIMIZING CANDIDATE TREE SET                      |
--------------------------------------------------------------------
Estimate model parameters (epsilon = 0.100)
Initial log-likelihood: -4120.291
Current log-likelihood at step 1: -4120.208
Parameters optimization took 0 rounds (0.012 sec)

BETTER TREE FOUND at iteration 26: -4120.208
Iteration 30 / LogL: -4120.210 / Time: 0h:7m:17s (0h:0m:4s left)
Iteration 40 / LogL: -4128.097 / Time: 0h:7m:18s (0h:0m:4s left)
Iteration 50 / LogL: -4122.954 / Time: 0h:7m:18s (0h:0m:3s left)
Iteration 60 / LogL: -4121.684 / Time: 0h:7m:18s (0h:0m:2s left)
Iteration 70 / LogL: -4120.228 / Time: 0h:7m:19s (0h:0m:2s left)
Iteration 80 / LogL: -4120.220 / Time: 0h:7m:19s (0h:0m:1s left)
Iteration 90 / LogL: -4122.166 / Time: 0h:7m:19s (0h:0m:1s left)
UPDATE BEST LOG-LIKELIHOOD: -4120.205
Iteration 100 / LogL: -4122.118 / Time: 0h:7m:20s (0h:0m:1s left)
Iteration 110 / LogL: -4120.209 / Time: 0h:7m:20s (0h:0m:0s left)
Iteration 120 / LogL: -4122.133 / Time: 0h:7m:20s (0h:0m:0s left)
TREE SEARCH COMPLETED AFTER 127 ITERATIONS / Time: 0h:7m:21s

--------------------------------------------------------------------
|                    FINALIZING TREE SEARCH                        |
--------------------------------------------------------------------
Performs final model parameters optimization
Estimate model parameters (epsilon = 0.010)
Initial log-likelihood: -4120.205
Current log-likelihood at step 1: -4120.204
Partition-specific rates:  1.282 0.718
Parameters optimization took 0 rounds (0.007 sec)

Partition information was printed to partition_file.nex.best_model.nex
BEST SCORE FOUND : -4120.204
Total tree length: 6.613

Total number of iterations: 127
CPU time used for tree search: 4.806 sec (0h:0m:4s)
Wall-clock time used for tree search: 4.663 sec (0h:0m:4s)
Total CPU time used: 454.180 sec (0h:7m:34s)
Total wall-clock time used: 441.113 sec (0h:7m:21s)

===> START BOOTSTRAP REPLICATE NUMBER 91

Creating bootstrap alignment (seed: 631898)...
WARNING: States(s) I, K, M rarely appear in partition tdi and may cause numerical problems

Create initial parsimony tree by phylogenetic likelihood library (PLL)... 0.001 seconds
Reading model parameters from file /Users/mful870/Desktop/MD_3di_Dev_02Oct24/Scriptorum/SubstitutionMatrix/3di_substmat
WARNING: Normalizing state frequencies so that sum of them equals to 1

NOTE: 1 MB RAM (0 GB) is required!
Estimate model parameters (epsilon = 0.100)
Initial log-likelihood: -4359.164
Current log-likelihood at step 1: -4270.483
Current log-likelihood at step 2: -4267.903
Current log-likelihood at step 3: -4267.895
Partition-specific rates:  1.251 0.749
Parameters optimization took 2 rounds (0.039 sec)

Wrote distance file to... 
Computing ML distances based on estimated model parameters...
Calculating distance matrix: done in 4.48227e-05 secs using 84.78% CPU
Computing ML distances took 0.000098 sec (of wall-clock time) 0.000066 sec (of CPU time)
Setting up auxiliary I and S matrices: done in 2.7895e-05 secs using 78.87% CPU
Computing RapidNJ tree took 0.000128 sec (of wall-clock time) 0.000077 sec (of CPU time)
Log-likelihood of RapidNJ tree: -4513.443
--------------------------------------------------------------------
|             INITIALIZING CANDIDATE TREE SET                      |
--------------------------------------------------------------------
Generating 98 parsimony trees... 0.126 second
Computing log-likelihood of 98 initial trees ... 0.240 seconds
Current best score: -4236.046

Do NNI search on 20 best initial trees
Estimate model parameters (epsilon = 0.100)
Initial log-likelihood: -4231.997
Current log-likelihood at step 1: -4231.892
Current log-likelihood at step 2: -4231.888
Parameters optimization took 1 rounds (0.020 sec)

BETTER TREE FOUND at iteration 1: -4231.888
Iteration 10 / LogL: -4259.366 / Time: 0h:7m:21s
Iteration 20 / LogL: -4259.372 / Time: 0h:7m:22s
Finish initializing candidate tree set (9)
Current best tree score: -4231.888 / CPU time: 0.942
Number of iterations: 20
--------------------------------------------------------------------
|               OPTIMIZING CANDIDATE TREE SET                      |
--------------------------------------------------------------------
Iteration 30 / LogL: -4231.977 / Time: 0h:7m:22s (0h:0m:3s left)
Iteration 40 / LogL: -4231.921 / Time: 0h:7m:22s (0h:0m:2s left)
Iteration 50 / LogL: -4231.892 / Time: 0h:7m:23s (0h:0m:2s left)
Iteration 60 / LogL: -4231.893 / Time: 0h:7m:23s (0h:0m:1s left)
Iteration 70 / LogL: -4241.580 / Time: 0h:7m:23s (0h:0m:1s left)
Iteration 80 / LogL: -4231.972 / Time: 0h:7m:24s (0h:0m:0s left)
Iteration 90 / LogL: -4235.761 / Time: 0h:7m:24s (0h:0m:0s left)
Iteration 100 / LogL: -4235.732 / Time: 0h:7m:24s (0h:0m:0s left)
TREE SEARCH COMPLETED AFTER 102 ITERATIONS / Time: 0h:7m:24s

--------------------------------------------------------------------
|                    FINALIZING TREE SEARCH                        |
--------------------------------------------------------------------
Performs final model parameters optimization
Estimate model parameters (epsilon = 0.010)
Initial log-likelihood: -4231.888
Current log-likelihood at step 1: -4231.886
Partition-specific rates:  1.261 0.739
Parameters optimization took 0 rounds (0.007 sec)

Partition information was printed to partition_file.nex.best_model.nex
BEST SCORE FOUND : -4231.886
Total tree length: 6.878

Total number of iterations: 102
CPU time used for tree search: 3.854 sec (0h:0m:3s)
Wall-clock time used for tree search: 3.700 sec (0h:0m:3s)
Total CPU time used: 458.114 sec (0h:7m:38s)
Total wall-clock time used: 444.894 sec (0h:7m:24s)

===> START BOOTSTRAP REPLICATE NUMBER 92

Creating bootstrap alignment (seed: 631899)...
WARNING: States(s) K, M rarely appear in partition tdi and may cause numerical problems

Create initial parsimony tree by phylogenetic likelihood library (PLL)... 0.001 seconds
Reading model parameters from file /Users/mful870/Desktop/MD_3di_Dev_02Oct24/Scriptorum/SubstitutionMatrix/3di_substmat
WARNING: Normalizing state frequencies so that sum of them equals to 1

NOTE: 1 MB RAM (0 GB) is required!
Estimate model parameters (epsilon = 0.100)
Initial log-likelihood: -4394.577
Current log-likelihood at step 1: -4314.992
Current log-likelihood at step 2: -4311.447
Current log-likelihood at step 3: -4311.440
Partition-specific rates:  1.226 0.774
Parameters optimization took 2 rounds (0.049 sec)

Wrote distance file to... 
Computing ML distances based on estimated model parameters...
Calculating distance matrix: done in 4.29153e-05 secs using 86.22% CPU
Computing ML distances took 0.000096 sec (of wall-clock time) 0.000065 sec (of CPU time)
Setting up auxiliary I and S matrices: done in 2.7895e-05 secs using 75.28% CPU
Computing RapidNJ tree took 0.000116 sec (of wall-clock time) 0.000074 sec (of CPU time)
Log-likelihood of RapidNJ tree: -4586.625
--------------------------------------------------------------------
|             INITIALIZING CANDIDATE TREE SET                      |
--------------------------------------------------------------------
Generating 98 parsimony trees... 0.136 second
Computing log-likelihood of 98 initial trees ... 0.251 seconds
Current best score: -4311.440

Do NNI search on 20 best initial trees
Estimate model parameters (epsilon = 0.100)
Initial log-likelihood: -4308.916
Current log-likelihood at step 1: -4308.896
Parameters optimization took 0 rounds (0.013 sec)

BETTER TREE FOUND at iteration 1: -4308.896
Iteration 10 / LogL: -4308.906 / Time: 0h:7m:25s
Iteration 20 / LogL: -4308.965 / Time: 0h:7m:26s
Finish initializing candidate tree set (6)
Current best tree score: -4308.896 / CPU time: 1.216
Number of iterations: 20
--------------------------------------------------------------------
|               OPTIMIZING CANDIDATE TREE SET                      |
--------------------------------------------------------------------
Iteration 30 / LogL: -4311.935 / Time: 0h:7m:26s (0h:0m:4s left)
Iteration 40 / LogL: -4312.556 / Time: 0h:7m:27s (0h:0m:3s left)
Iteration 50 / LogL: -4311.934 / Time: 0h:7m:27s (0h:0m:2s left)
Iteration 60 / LogL: -4308.902 / Time: 0h:7m:27s (0h:0m:2s left)
Iteration 70 / LogL: -4308.914 / Time: 0h:7m:28s (0h:0m:1s left)
Iteration 80 / LogL: -4312.554 / Time: 0h:7m:28s (0h:0m:1s left)
Iteration 90 / LogL: -4308.897 / Time: 0h:7m:29s (0h:0m:0s left)
Iteration 100 / LogL: -4311.934 / Time: 0h:7m:29s (0h:0m:0s left)
TREE SEARCH COMPLETED AFTER 102 ITERATIONS / Time: 0h:7m:29s

--------------------------------------------------------------------
|                    FINALIZING TREE SEARCH                        |
--------------------------------------------------------------------
Performs final model parameters optimization
Estimate model parameters (epsilon = 0.010)
Initial log-likelihood: -4308.896
Current log-likelihood at step 1: -4308.895
Partition-specific rates:  1.234 0.766
Parameters optimization took 0 rounds (0.008 sec)

Partition information was printed to partition_file.nex.best_model.nex
BEST SCORE FOUND : -4308.895
Total tree length: 6.453

Total number of iterations: 102
CPU time used for tree search: 4.796 sec (0h:0m:4s)
Wall-clock time used for tree search: 4.641 sec (0h:0m:4s)
Total CPU time used: 463.005 sec (0h:7m:43s)
Total wall-clock time used: 449.628 sec (0h:7m:29s)

===> START BOOTSTRAP REPLICATE NUMBER 93

Creating bootstrap alignment (seed: 631900)...
WARNING: States(s) K, M rarely appear in partition tdi and may cause numerical problems

Create initial parsimony tree by phylogenetic likelihood library (PLL)... 0.001 seconds
Reading model parameters from file /Users/mful870/Desktop/MD_3di_Dev_02Oct24/Scriptorum/SubstitutionMatrix/3di_substmat
WARNING: Normalizing state frequencies so that sum of them equals to 1

NOTE: 1 MB RAM (0 GB) is required!
Estimate model parameters (epsilon = 0.100)
Initial log-likelihood: -4565.334
Current log-likelihood at step 1: -4476.156
Current log-likelihood at step 2: -4472.671
Current log-likelihood at step 3: -4472.668
Partition-specific rates:  1.233 0.767
Parameters optimization took 2 rounds (0.043 sec)

Wrote distance file to... 
Computing ML distances based on estimated model parameters...
Calculating distance matrix: done in 4.1008e-05 secs using 85.35% CPU
Computing ML distances took 0.000091 sec (of wall-clock time) 0.000061 sec (of CPU time)
Setting up auxiliary I and S matrices: done in 3.31402e-05 secs using 72.42% CPU
Computing RapidNJ tree took 0.000143 sec (of wall-clock time) 0.000086 sec (of CPU time)
Log-likelihood of RapidNJ tree: -4710.250
--------------------------------------------------------------------
|             INITIALIZING CANDIDATE TREE SET                      |
--------------------------------------------------------------------
Generating 98 parsimony trees... 0.138 second
Computing log-likelihood of 98 initial trees ... 0.258 seconds
Current best score: -4462.291

Do NNI search on 20 best initial trees
Estimate model parameters (epsilon = 0.100)
Initial log-likelihood: -4459.136
Current log-likelihood at step 1: -4459.004
Current log-likelihood at step 2: -4459.000
Parameters optimization took 1 rounds (0.022 sec)

BETTER TREE FOUND at iteration 1: -4459.000
Estimate model parameters (epsilon = 0.100)
Initial log-likelihood: -4457.172
Current log-likelihood at step 1: -4457.079
Parameters optimization took 0 rounds (0.013 sec)

BETTER TREE FOUND at iteration 2: -4457.079
Estimate model parameters (epsilon = 0.100)
Initial log-likelihood: -4451.001
Current log-likelihood at step 1: -4450.861
Current log-likelihood at step 2: -4450.860
Parameters optimization took 1 rounds (0.022 sec)

BETTER TREE FOUND at iteration 3: -4450.860
Iteration 10 / LogL: -4459.100 / Time: 0h:7m:30s
Estimate model parameters (epsilon = 0.100)
Initial log-likelihood: -4446.015
Current log-likelihood at step 1: -4445.806
Current log-likelihood at step 2: -4445.785
Parameters optimization took 1 rounds (0.025 sec)

BETTER TREE FOUND at iteration 11: -4445.785
Iteration 20 / LogL: -4460.462 / Time: 0h:7m:30s
Finish initializing candidate tree set (14)
Current best tree score: -4445.785 / CPU time: 1.208
Number of iterations: 20
--------------------------------------------------------------------
|               OPTIMIZING CANDIDATE TREE SET                      |
--------------------------------------------------------------------
Estimate model parameters (epsilon = 0.100)
Initial log-likelihood: -4445.255
Current log-likelihood at step 1: -4445.052
Current log-likelihood at step 2: -4445.051
Parameters optimization took 1 rounds (0.023 sec)

BETTER TREE FOUND at iteration 28: -4445.051
Estimate model parameters (epsilon = 0.100)
Initial log-likelihood: -4444.909
Current log-likelihood at step 1: -4444.899
Parameters optimization took 0 rounds (0.013 sec)

BETTER TREE FOUND at iteration 29: -4444.899
Iteration 30 / LogL: -4450.718 / Time: 0h:7m:31s (0h:0m:6s left)
Iteration 40 / LogL: -4445.090 / Time: 0h:7m:31s (0h:0m:5s left)
Iteration 50 / LogL: -4446.965 / Time: 0h:7m:32s (0h:0m:4s left)
Iteration 60 / LogL: -4447.006 / Time: 0h:7m:32s (0h:0m:3s left)
Iteration 70 / LogL: -4445.801 / Time: 0h:7m:32s (0h:0m:2s left)
Iteration 80 / LogL: -4448.549 / Time: 0h:7m:33s (0h:0m:2s left)
UPDATE BEST LOG-LIKELIHOOD: -4444.899
Iteration 90 / LogL: -4446.969 / Time: 0h:7m:33s (0h:0m:1s left)
Iteration 100 / LogL: -4446.961 / Time: 0h:7m:33s (0h:0m:1s left)
Iteration 110 / LogL: -4446.966 / Time: 0h:7m:34s (0h:0m:0s left)
Iteration 120 / LogL: -4446.969 / Time: 0h:7m:34s (0h:0m:0s left)
Iteration 130 / LogL: -4444.961 / Time: 0h:7m:35s (0h:0m:-1s left)
TREE SEARCH COMPLETED AFTER 130 ITERATIONS / Time: 0h:7m:35s

--------------------------------------------------------------------
|                    FINALIZING TREE SEARCH                        |
--------------------------------------------------------------------
Performs final model parameters optimization
Estimate model parameters (epsilon = 0.010)
Initial log-likelihood: -4444.899
Current log-likelihood at step 1: -4444.899
Partition-specific rates:  1.237 0.763
Parameters optimization took 0 rounds (0.008 sec)

Partition information was printed to partition_file.nex.best_model.nex
BEST SCORE FOUND : -4444.899
Total tree length: 7.036

Total number of iterations: 130
CPU time used for tree search: 5.513 sec (0h:0m:5s)
Wall-clock time used for tree search: 5.377 sec (0h:0m:5s)
Total CPU time used: 468.615 sec (0h:7m:48s)
Total wall-clock time used: 455.096 sec (0h:7m:35s)

===> START BOOTSTRAP REPLICATE NUMBER 94

Creating bootstrap alignment (seed: 631901)...
WARNING: States(s) I, K, M rarely appear in partition tdi and may cause numerical problems

Create initial parsimony tree by phylogenetic likelihood library (PLL)... 0.001 seconds
Reading model parameters from file /Users/mful870/Desktop/MD_3di_Dev_02Oct24/Scriptorum/SubstitutionMatrix/3di_substmat
WARNING: Normalizing state frequencies so that sum of them equals to 1

NOTE: 1 MB RAM (0 GB) is required!
Estimate model parameters (epsilon = 0.100)
Initial log-likelihood: -4395.343
Current log-likelihood at step 1: -4307.867
Current log-likelihood at step 2: -4300.737
Current log-likelihood at step 3: -4300.699
Partition-specific rates:  1.292 0.708
Parameters optimization took 2 rounds (0.049 sec)

Wrote distance file to... 
Computing ML distances based on estimated model parameters...
Calculating distance matrix: done in 4.19617e-05 secs using 85.79% CPU
Computing ML distances took 0.000095 sec (of wall-clock time) 0.000062 sec (of CPU time)
Setting up auxiliary I and S matrices: done in 4.1008e-05 secs using 75.6% CPU
Computing RapidNJ tree took 0.000219 sec (of wall-clock time) 0.000118 sec (of CPU time)
Log-likelihood of RapidNJ tree: -4556.630
--------------------------------------------------------------------
|             INITIALIZING CANDIDATE TREE SET                      |
--------------------------------------------------------------------
Generating 98 parsimony trees... 0.131 second
Computing log-likelihood of 98 initial trees ... 0.250 seconds
Current best score: -4290.265

Do NNI search on 20 best initial trees
Estimate model parameters (epsilon = 0.100)
Initial log-likelihood: -4283.118
Current log-likelihood at step 1: -4283.064
Parameters optimization took 0 rounds (0.016 sec)

BETTER TREE FOUND at iteration 1: -4283.064
Estimate model parameters (epsilon = 0.100)
Initial log-likelihood: -4275.139
Current log-likelihood at step 1: -4274.885
Current log-likelihood at step 2: -4274.880
Parameters optimization took 1 rounds (0.028 sec)

BETTER TREE FOUND at iteration 10: -4274.880
Iteration 10 / LogL: -4274.880 / Time: 0h:7m:35s
Iteration 20 / LogL: -4283.938 / Time: 0h:7m:36s
Finish initializing candidate tree set (9)
Current best tree score: -4274.880 / CPU time: 1.059
Number of iterations: 20
--------------------------------------------------------------------
|               OPTIMIZING CANDIDATE TREE SET                      |
--------------------------------------------------------------------
Iteration 30 / LogL: -4279.021 / Time: 0h:7m:36s (0h:0m:4s left)
Estimate model parameters (epsilon = 0.100)
Initial log-likelihood: -4274.839
Current log-likelihood at step 1: -4274.763
Parameters optimization took 0 rounds (0.013 sec)

BETTER TREE FOUND at iteration 34: -4274.763
Estimate model parameters (epsilon = 0.100)
Initial log-likelihood: -4274.745
Current log-likelihood at step 1: -4274.690
Parameters optimization took 0 rounds (0.013 sec)

BETTER TREE FOUND at iteration 40: -4274.690
Iteration 40 / LogL: -4274.690 / Time: 0h:7m:36s (0h:0m:4s left)
Iteration 50 / LogL: -4274.780 / Time: 0h:7m:37s (0h:0m:4s left)
Iteration 60 / LogL: -4274.804 / Time: 0h:7m:37s (0h:0m:3s left)
Iteration 70 / LogL: -4274.731 / Time: 0h:7m:37s (0h:0m:2s left)
Iteration 80 / LogL: -4274.964 / Time: 0h:7m:38s (0h:0m:2s left)
Iteration 90 / LogL: -4275.082 / Time: 0h:7m:38s (0h:0m:1s left)
Iteration 100 / LogL: -4278.631 / Time: 0h:7m:38s (0h:0m:1s left)
Iteration 110 / LogL: -4274.946 / Time: 0h:7m:39s (0h:0m:1s left)
Iteration 120 / LogL: -4274.845 / Time: 0h:7m:39s (0h:0m:0s left)
Iteration 130 / LogL: -4274.708 / Time: 0h:7m:39s (0h:0m:0s left)
Iteration 140 / LogL: -4275.031 / Time: 0h:7m:40s (0h:0m:0s left)
TREE SEARCH COMPLETED AFTER 141 ITERATIONS / Time: 0h:7m:40s

--------------------------------------------------------------------
|                    FINALIZING TREE SEARCH                        |
--------------------------------------------------------------------
Performs final model parameters optimization
Estimate model parameters (epsilon = 0.010)
Initial log-likelihood: -4274.690
Current log-likelihood at step 1: -4274.683
Partition-specific rates:  1.281 0.719
Parameters optimization took 0 rounds (0.008 sec)

Partition information was printed to partition_file.nex.best_model.nex
BEST SCORE FOUND : -4274.683
Total tree length: 7.063

Total number of iterations: 141
CPU time used for tree search: 5.280 sec (0h:0m:5s)
Wall-clock time used for tree search: 5.142 sec (0h:0m:5s)
Total CPU time used: 474.016 sec (0h:7m:54s)
Total wall-clock time used: 460.346 sec (0h:7m:40s)

===> START BOOTSTRAP REPLICATE NUMBER 95

Creating bootstrap alignment (seed: 631902)...
WARNING: States(s) K, M rarely appear in partition tdi and may cause numerical problems

Create initial parsimony tree by phylogenetic likelihood library (PLL)... 0.001 seconds
Reading model parameters from file /Users/mful870/Desktop/MD_3di_Dev_02Oct24/Scriptorum/SubstitutionMatrix/3di_substmat
WARNING: Normalizing state frequencies so that sum of them equals to 1

NOTE: 1 MB RAM (0 GB) is required!
Estimate model parameters (epsilon = 0.100)
Initial log-likelihood: -4509.513
Current log-likelihood at step 1: -4432.409
Current log-likelihood at step 2: -4429.771
Current log-likelihood at step 3: -4429.768
Partition-specific rates:  1.246 0.754
Parameters optimization took 2 rounds (0.040 sec)

Wrote distance file to... 
Computing ML distances based on estimated model parameters...
Calculating distance matrix: done in 4.31538e-05 secs using 85.74% CPU
Computing ML distances took 0.000086 sec (of wall-clock time) 0.000063 sec (of CPU time)
Setting up auxiliary I and S matrices: done in 2.69413e-05 secs using 81.66% CPU
Computing RapidNJ tree took 0.000109 sec (of wall-clock time) 0.000071 sec (of CPU time)
Log-likelihood of RapidNJ tree: -4673.200
--------------------------------------------------------------------
|             INITIALIZING CANDIDATE TREE SET                      |
--------------------------------------------------------------------
Generating 98 parsimony trees... 0.111 second
Computing log-likelihood of 98 initial trees ... 0.254 seconds
Current best score: -4425.267

Do NNI search on 20 best initial trees
Estimate model parameters (epsilon = 0.100)
Initial log-likelihood: -4417.844
Current log-likelihood at step 1: -4417.784
Parameters optimization took 0 rounds (0.014 sec)

BETTER TREE FOUND at iteration 1: -4417.784
Iteration 10 / LogL: -4418.219 / Time: 0h:7m:41s
Iteration 20 / LogL: -4419.139 / Time: 0h:7m:41s
Finish initializing candidate tree set (4)
Current best tree score: -4417.784 / CPU time: 1.035
Number of iterations: 20
--------------------------------------------------------------------
|               OPTIMIZING CANDIDATE TREE SET                      |
--------------------------------------------------------------------
Iteration 30 / LogL: -4418.212 / Time: 0h:7m:41s (0h:0m:3s left)
Iteration 40 / LogL: -4417.788 / Time: 0h:7m:42s (0h:0m:2s left)
Iteration 50 / LogL: -4419.140 / Time: 0h:7m:42s (0h:0m:2s left)
Iteration 60 / LogL: -4418.216 / Time: 0h:7m:42s (0h:0m:1s left)
Iteration 70 / LogL: -4419.159 / Time: 0h:7m:43s (0h:0m:1s left)
Iteration 80 / LogL: -4419.168 / Time: 0h:7m:43s (0h:0m:0s left)
Iteration 90 / LogL: -4419.141 / Time: 0h:7m:43s (0h:0m:0s left)
Iteration 100 / LogL: -4417.909 / Time: 0h:7m:44s (0h:0m:0s left)
TREE SEARCH COMPLETED AFTER 102 ITERATIONS / Time: 0h:7m:44s

--------------------------------------------------------------------
|                    FINALIZING TREE SEARCH                        |
--------------------------------------------------------------------
Performs final model parameters optimization
Estimate model parameters (epsilon = 0.010)
Initial log-likelihood: -4417.784
Current log-likelihood at step 1: -4417.782
Partition-specific rates:  1.234 0.766
Parameters optimization took 0 rounds (0.008 sec)

Partition information was printed to partition_file.nex.best_model.nex
BEST SCORE FOUND : -4417.782
Total tree length: 6.422

Total number of iterations: 102
CPU time used for tree search: 4.075 sec (0h:0m:4s)
Wall-clock time used for tree search: 3.925 sec (0h:0m:3s)
Total CPU time used: 478.177 sec (0h:7m:58s)
Total wall-clock time used: 464.354 sec (0h:7m:44s)

===> START BOOTSTRAP REPLICATE NUMBER 96

Creating bootstrap alignment (seed: 631903)...
WARNING: States(s) K, M rarely appear in partition tdi and may cause numerical problems

Create initial parsimony tree by phylogenetic likelihood library (PLL)... 0.001 seconds
Reading model parameters from file /Users/mful870/Desktop/MD_3di_Dev_02Oct24/Scriptorum/SubstitutionMatrix/3di_substmat
WARNING: Normalizing state frequencies so that sum of them equals to 1

NOTE: 1 MB RAM (0 GB) is required!
Estimate model parameters (epsilon = 0.100)
Initial log-likelihood: -4253.887
Current log-likelihood at step 1: -4154.141
Current log-likelihood at step 2: -4148.501
Current log-likelihood at step 3: -4148.483
Partition-specific rates:  1.386 0.614
Parameters optimization took 2 rounds (0.046 sec)

Wrote distance file to... 
Computing ML distances based on estimated model parameters...
Calculating distance matrix: done in 4.29153e-05 secs using 83.89% CPU
Computing ML distances took 0.000094 sec (of wall-clock time) 0.000064 sec (of CPU time)
Setting up auxiliary I and S matrices: done in 2.71797e-05 secs using 77.26% CPU
Computing RapidNJ tree took 0.000125 sec (of wall-clock time) 0.000075 sec (of CPU time)
Log-likelihood of RapidNJ tree: -4352.665
--------------------------------------------------------------------
|             INITIALIZING CANDIDATE TREE SET                      |
--------------------------------------------------------------------
Generating 98 parsimony trees... 0.139 second
Computing log-likelihood of 98 initial trees ... 0.271 seconds
Current best score: -4143.739

Do NNI search on 20 best initial trees
Estimate model parameters (epsilon = 0.100)
Initial log-likelihood: -4135.738
Current log-likelihood at step 1: -4135.679
Parameters optimization took 0 rounds (0.012 sec)

BETTER TREE FOUND at iteration 1: -4135.679
Estimate model parameters (epsilon = 0.100)
Initial log-likelihood: -4134.543
Current log-likelihood at step 1: -4134.503
Parameters optimization took 0 rounds (0.008 sec)

BETTER TREE FOUND at iteration 5: -4134.503
Iteration 10 / LogL: -4134.539 / Time: 0h:7m:45s
Iteration 20 / LogL: -4134.525 / Time: 0h:7m:45s
Finish initializing candidate tree set (6)
Current best tree score: -4134.503 / CPU time: 1.072
Number of iterations: 20
--------------------------------------------------------------------
|               OPTIMIZING CANDIDATE TREE SET                      |
--------------------------------------------------------------------
Iteration 30 / LogL: -4137.176 / Time: 0h:7m:45s (0h:0m:3s left)
Iteration 40 / LogL: -4136.658 / Time: 0h:7m:46s (0h:0m:3s left)
Iteration 50 / LogL: -4136.710 / Time: 0h:7m:46s (0h:0m:2s left)
Iteration 60 / LogL: -4135.714 / Time: 0h:7m:47s (0h:0m:2s left)
Iteration 70 / LogL: -4136.351 / Time: 0h:7m:47s (0h:0m:1s left)
Iteration 80 / LogL: -4134.534 / Time: 0h:7m:47s (0h:0m:1s left)
Iteration 90 / LogL: -4135.685 / Time: 0h:7m:48s (0h:0m:0s left)
Iteration 100 / LogL: -4134.601 / Time: 0h:7m:48s (0h:0m:0s left)
TREE SEARCH COMPLETED AFTER 106 ITERATIONS / Time: 0h:7m:48s

--------------------------------------------------------------------
|                    FINALIZING TREE SEARCH                        |
--------------------------------------------------------------------
Performs final model parameters optimization
Estimate model parameters (epsilon = 0.010)
Initial log-likelihood: -4134.503
Current log-likelihood at step 1: -4134.498
Partition-specific rates:  1.385 0.615
Parameters optimization took 0 rounds (0.007 sec)

Partition information was printed to partition_file.nex.best_model.nex
BEST SCORE FOUND : -4134.498
Total tree length: 6.659

Total number of iterations: 106
CPU time used for tree search: 4.397 sec (0h:0m:4s)
Wall-clock time used for tree search: 4.251 sec (0h:0m:4s)
Total CPU time used: 482.667 sec (0h:8m:2s)
Total wall-clock time used: 468.694 sec (0h:7m:48s)

===> START BOOTSTRAP REPLICATE NUMBER 97

Creating bootstrap alignment (seed: 631904)...
WARNING: States(s) I, K, M rarely appear in partition tdi and may cause numerical problems

Create initial parsimony tree by phylogenetic likelihood library (PLL)... 0.001 seconds
Reading model parameters from file /Users/mful870/Desktop/MD_3di_Dev_02Oct24/Scriptorum/SubstitutionMatrix/3di_substmat
WARNING: Normalizing state frequencies so that sum of them equals to 1

NOTE: 1 MB RAM (0 GB) is required!
Estimate model parameters (epsilon = 0.100)
Initial log-likelihood: -4253.250
Current log-likelihood at step 1: -4175.306
Current log-likelihood at step 2: -4166.854
Current log-likelihood at step 3: -4166.852
Partition-specific rates:  1.238 0.762
Parameters optimization took 2 rounds (0.042 sec)

Wrote distance file to... 
Computing ML distances based on estimated model parameters...
Calculating distance matrix: done in 4.19617e-05 secs using 83.41% CPU
Computing ML distances took 0.000092 sec (of wall-clock time) 0.000063 sec (of CPU time)
Setting up auxiliary I and S matrices: done in 3.00407e-05 secs using 76.56% CPU
Computing RapidNJ tree took 0.000132 sec (of wall-clock time) 0.000076 sec (of CPU time)
Log-likelihood of RapidNJ tree: -4415.775
--------------------------------------------------------------------
|             INITIALIZING CANDIDATE TREE SET                      |
--------------------------------------------------------------------
Generating 98 parsimony trees... 0.123 second
Computing log-likelihood of 98 initial trees ... 0.240 seconds
Current best score: -4166.852

Do NNI search on 20 best initial trees
Estimate model parameters (epsilon = 0.100)
Initial log-likelihood: -4158.353
Current log-likelihood at step 1: -4158.270
Parameters optimization took 0 rounds (0.013 sec)

BETTER TREE FOUND at iteration 1: -4158.270
Estimate model parameters (epsilon = 0.100)
Initial log-likelihood: -4158.110
Current log-likelihood at step 1: -4158.076
Parameters optimization took 0 rounds (0.013 sec)

BETTER TREE FOUND at iteration 4: -4158.076
Iteration 10 / LogL: -4158.447 / Time: 0h:7m:49s
Iteration 20 / LogL: -4158.085 / Time: 0h:7m:49s
Finish initializing candidate tree set (3)
Current best tree score: -4158.076 / CPU time: 0.973
Number of iterations: 20
--------------------------------------------------------------------
|               OPTIMIZING CANDIDATE TREE SET                      |
--------------------------------------------------------------------
Iteration 30 / LogL: -4158.144 / Time: 0h:7m:50s (0h:0m:3s left)
Iteration 40 / LogL: -4158.085 / Time: 0h:7m:50s (0h:0m:2s left)
Iteration 50 / LogL: -4164.732 / Time: 0h:7m:50s (0h:0m:2s left)
Iteration 60 / LogL: -4164.797 / Time: 0h:7m:51s (0h:0m:1s left)
Iteration 70 / LogL: -4166.350 / Time: 0h:7m:51s (0h:0m:1s left)
Iteration 80 / LogL: -4166.120 / Time: 0h:7m:51s (0h:0m:0s left)
Iteration 90 / LogL: -4158.343 / Time: 0h:7m:52s (0h:0m:0s left)
Iteration 100 / LogL: -4166.120 / Time: 0h:7m:52s (0h:0m:0s left)
TREE SEARCH COMPLETED AFTER 105 ITERATIONS / Time: 0h:7m:52s

--------------------------------------------------------------------
|                    FINALIZING TREE SEARCH                        |
--------------------------------------------------------------------
Performs final model parameters optimization
Estimate model parameters (epsilon = 0.010)
Initial log-likelihood: -4158.076
Current log-likelihood at step 1: -4158.075
Partition-specific rates:  1.239 0.761
Parameters optimization took 0 rounds (0.008 sec)

Partition information was printed to partition_file.nex.best_model.nex
BEST SCORE FOUND : -4158.075
Total tree length: 6.696

Total number of iterations: 105
CPU time used for tree search: 4.264 sec (0h:0m:4s)
Wall-clock time used for tree search: 4.112 sec (0h:0m:4s)
Total CPU time used: 487.018 sec (0h:8m:7s)
Total wall-clock time used: 472.891 sec (0h:7m:52s)

===> START BOOTSTRAP REPLICATE NUMBER 98

Creating bootstrap alignment (seed: 631905)...
WARNING: States(s) I, K, M rarely appear in partition tdi and may cause numerical problems

Create initial parsimony tree by phylogenetic likelihood library (PLL)... 0.001 seconds
Reading model parameters from file /Users/mful870/Desktop/MD_3di_Dev_02Oct24/Scriptorum/SubstitutionMatrix/3di_substmat
WARNING: Normalizing state frequencies so that sum of them equals to 1

NOTE: 1 MB RAM (0 GB) is required!
Estimate model parameters (epsilon = 0.100)
Initial log-likelihood: -4234.825
Current log-likelihood at step 1: -4151.708
Current log-likelihood at step 2: -4142.617
Current log-likelihood at step 3: -4142.608
Partition-specific rates:  1.324 0.676
Parameters optimization took 2 rounds (0.043 sec)

Wrote distance file to... 
Computing ML distances based on estimated model parameters...
Calculating distance matrix: done in 4.19617e-05 secs using 85.79% CPU
Computing ML distances took 0.000092 sec (of wall-clock time) 0.000063 sec (of CPU time)
Setting up auxiliary I and S matrices: done in 2.81334e-05 secs using 78.2% CPU
Computing RapidNJ tree took 0.000141 sec (of wall-clock time) 0.000082 sec (of CPU time)
Log-likelihood of RapidNJ tree: -4316.250
--------------------------------------------------------------------
|             INITIALIZING CANDIDATE TREE SET                      |
--------------------------------------------------------------------
Generating 98 parsimony trees... 0.133 second
Computing log-likelihood of 98 initial trees ... 0.257 seconds
Current best score: -4092.695

Do NNI search on 20 best initial trees
Estimate model parameters (epsilon = 0.100)
Initial log-likelihood: -4077.766
Current log-likelihood at step 1: -4077.475
Current log-likelihood at step 2: -4077.471
Parameters optimization took 1 rounds (0.034 sec)

BETTER TREE FOUND at iteration 1: -4077.471
Iteration 10 / LogL: -4081.847 / Time: 0h:7m:53s
Iteration 20 / LogL: -4080.104 / Time: 0h:7m:54s
Finish initializing candidate tree set (11)
Current best tree score: -4077.471 / CPU time: 1.379
Number of iterations: 20
--------------------------------------------------------------------
|               OPTIMIZING CANDIDATE TREE SET                      |
--------------------------------------------------------------------
Estimate model parameters (epsilon = 0.100)
Initial log-likelihood: -4067.814
Current log-likelihood at step 1: -4067.631
Current log-likelihood at step 2: -4067.629
Parameters optimization took 1 rounds (0.023 sec)

BETTER TREE FOUND at iteration 21: -4067.629
Iteration 30 / LogL: -4067.629 / Time: 0h:7m:54s (0h:0m:6s left)
Iteration 40 / LogL: -4079.324 / Time: 0h:7m:55s (0h:0m:5s left)
UPDATE BEST LOG-LIKELIHOOD: -4067.629
Iteration 50 / LogL: -4067.629 / Time: 0h:7m:55s (0h:0m:4s left)
Iteration 60 / LogL: -4067.630 / Time: 0h:7m:56s (0h:0m:3s left)
Iteration 70 / LogL: -4071.587 / Time: 0h:7m:56s (0h:0m:2s left)
Iteration 80 / LogL: -4067.630 / Time: 0h:7m:57s (0h:0m:2s left)
Iteration 90 / LogL: -4071.593 / Time: 0h:7m:57s (0h:0m:1s left)
UPDATE BEST LOG-LIKELIHOOD: -4067.629
Iteration 100 / LogL: -4067.629 / Time: 0h:7m:58s (0h:0m:1s left)
Iteration 110 / LogL: -4086.738 / Time: 0h:7m:58s (0h:0m:0s left)
Iteration 120 / LogL: -4067.629 / Time: 0h:7m:59s (0h:0m:0s left)
TREE SEARCH COMPLETED AFTER 122 ITERATIONS / Time: 0h:7m:59s

--------------------------------------------------------------------
|                    FINALIZING TREE SEARCH                        |
--------------------------------------------------------------------
Performs final model parameters optimization
Estimate model parameters (epsilon = 0.010)
Initial log-likelihood: -4067.629
Current log-likelihood at step 1: -4067.629
Partition-specific rates:  1.327 0.673
Parameters optimization took 0 rounds (0.007 sec)

Partition information was printed to partition_file.nex.best_model.nex
BEST SCORE FOUND : -4067.629
Total tree length: 6.653

Total number of iterations: 122
CPU time used for tree search: 6.364 sec (0h:0m:6s)
Wall-clock time used for tree search: 6.227 sec (0h:0m:6s)
Total CPU time used: 493.474 sec (0h:8m:13s)
Total wall-clock time used: 479.207 sec (0h:7m:59s)

===> START BOOTSTRAP REPLICATE NUMBER 99

Creating bootstrap alignment (seed: 631906)...
WARNING: States(s) K, M rarely appear in partition tdi and may cause numerical problems

Create initial parsimony tree by phylogenetic likelihood library (PLL)... 0.001 seconds
Reading model parameters from file /Users/mful870/Desktop/MD_3di_Dev_02Oct24/Scriptorum/SubstitutionMatrix/3di_substmat
WARNING: Normalizing state frequencies so that sum of them equals to 1

NOTE: 1 MB RAM (0 GB) is required!
Estimate model parameters (epsilon = 0.100)
Initial log-likelihood: -4414.986
Current log-likelihood at step 1: -4345.723
Current log-likelihood at step 2: -4343.606
Current log-likelihood at step 3: -4343.604
Partition-specific rates:  1.245 0.755
Parameters optimization took 2 rounds (0.040 sec)

Wrote distance file to... 
Computing ML distances based on estimated model parameters...
Calculating distance matrix: done in 4.50611e-05 secs using 86.55% CPU
Computing ML distances took 0.000100 sec (of wall-clock time) 0.000068 sec (of CPU time)
Setting up auxiliary I and S matrices: done in 2.7895e-05 secs using 82.45% CPU
Computing RapidNJ tree took 0.000127 sec (of wall-clock time) 0.000073 sec (of CPU time)
Log-likelihood of RapidNJ tree: -4599.961
--------------------------------------------------------------------
|             INITIALIZING CANDIDATE TREE SET                      |
--------------------------------------------------------------------
Generating 98 parsimony trees... 0.134 second
Computing log-likelihood of 98 initial trees ... 0.256 seconds
Current best score: -4343.604

Do NNI search on 20 best initial trees
Estimate model parameters (epsilon = 0.100)
Initial log-likelihood: -4340.852
Current log-likelihood at step 1: -4340.841
Parameters optimization took 0 rounds (0.008 sec)

BETTER TREE FOUND at iteration 1: -4340.841
UPDATE BEST LOG-LIKELIHOOD: -4340.841
UPDATE BEST LOG-LIKELIHOOD: -4340.841
Iteration 10 / LogL: -4340.841 / Time: 0h:8m:0s
Iteration 20 / LogL: -4345.160 / Time: 0h:8m:0s
Finish initializing candidate tree set (4)
Current best tree score: -4340.841 / CPU time: 1.183
Number of iterations: 20
--------------------------------------------------------------------
|               OPTIMIZING CANDIDATE TREE SET                      |
--------------------------------------------------------------------
Iteration 30 / LogL: -4345.016 / Time: 0h:8m:0s (0h:0m:4s left)
UPDATE BEST LOG-LIKELIHOOD: -4340.841
Iteration 40 / LogL: -4345.038 / Time: 0h:8m:1s (0h:0m:3s left)
Iteration 50 / LogL: -4344.973 / Time: 0h:8m:1s (0h:0m:2s left)
Iteration 60 / LogL: -4340.847 / Time: 0h:8m:2s (0h:0m:2s left)
Iteration 70 / LogL: -4340.841 / Time: 0h:8m:2s (0h:0m:1s left)
Iteration 80 / LogL: -4340.846 / Time: 0h:8m:3s (0h:0m:1s left)
Iteration 90 / LogL: -4342.606 / Time: 0h:8m:3s (0h:0m:0s left)
UPDATE BEST LOG-LIKELIHOOD: -4340.841
Iteration 100 / LogL: -4345.016 / Time: 0h:8m:3s (0h:0m:0s left)
TREE SEARCH COMPLETED AFTER 102 ITERATIONS / Time: 0h:8m:3s

--------------------------------------------------------------------
|                    FINALIZING TREE SEARCH                        |
--------------------------------------------------------------------
Performs final model parameters optimization
Estimate model parameters (epsilon = 0.010)
Initial log-likelihood: -4340.841
Current log-likelihood at step 1: -4340.841
Partition-specific rates:  1.239 0.761
Parameters optimization took 0 rounds (0.008 sec)

Partition information was printed to partition_file.nex.best_model.nex
BEST SCORE FOUND : -4340.841
Total tree length: 6.410

Total number of iterations: 102
CPU time used for tree search: 4.850 sec (0h:0m:4s)
Wall-clock time used for tree search: 4.700 sec (0h:0m:4s)
Total CPU time used: 498.406 sec (0h:8m:18s)
Total wall-clock time used: 483.991 sec (0h:8m:3s)

===> START BOOTSTRAP REPLICATE NUMBER 100

Creating bootstrap alignment (seed: 631907)...
WARNING: States(s) K, M rarely appear in partition tdi and may cause numerical problems

Create initial parsimony tree by phylogenetic likelihood library (PLL)... 0.001 seconds
Reading model parameters from file /Users/mful870/Desktop/MD_3di_Dev_02Oct24/Scriptorum/SubstitutionMatrix/3di_substmat
WARNING: Normalizing state frequencies so that sum of them equals to 1

NOTE: 1 MB RAM (0 GB) is required!
Estimate model parameters (epsilon = 0.100)
Initial log-likelihood: -4010.527
Current log-likelihood at step 1: -3932.342
Current log-likelihood at step 2: -3920.986
Current log-likelihood at step 3: -3920.980
Partition-specific rates:  1.292 0.708
Parameters optimization took 2 rounds (0.046 sec)

Wrote distance file to... 
Computing ML distances based on estimated model parameters...
Calculating distance matrix: done in 4.19617e-05 secs using 85.79% CPU
Computing ML distances took 0.000092 sec (of wall-clock time) 0.000062 sec (of CPU time)
Setting up auxiliary I and S matrices: done in 2.81334e-05 secs using 78.2% CPU
Computing RapidNJ tree took 0.000132 sec (of wall-clock time) 0.000078 sec (of CPU time)
Log-likelihood of RapidNJ tree: -4056.550
--------------------------------------------------------------------
|             INITIALIZING CANDIDATE TREE SET                      |
--------------------------------------------------------------------
Generating 98 parsimony trees... 0.145 second
Computing log-likelihood of 98 initial trees ... 0.251 seconds
Current best score: -3906.582

Do NNI search on 20 best initial trees
Estimate model parameters (epsilon = 0.100)
Initial log-likelihood: -3899.024
Current log-likelihood at step 1: -3898.868
Current log-likelihood at step 2: -3898.860
Parameters optimization took 1 rounds (0.025 sec)

BETTER TREE FOUND at iteration 1: -3898.860
Estimate model parameters (epsilon = 0.100)
Initial log-likelihood: -3897.714
Current log-likelihood at step 1: -3897.627
Parameters optimization took 0 rounds (0.012 sec)

BETTER TREE FOUND at iteration 2: -3897.627
Estimate model parameters (epsilon = 0.100)
Initial log-likelihood: -3892.931
Current log-likelihood at step 1: -3892.666
Current log-likelihood at step 2: -3892.648
Parameters optimization took 1 rounds (0.021 sec)

BETTER TREE FOUND at iteration 9: -3892.648
Iteration 10 / LogL: -3897.903 / Time: 0h:8m:4s
Estimate model parameters (epsilon = 0.100)
Initial log-likelihood: -3891.339
Current log-likelihood at step 1: -3891.280
Parameters optimization took 0 rounds (0.013 sec)

BETTER TREE FOUND at iteration 11: -3891.280
Iteration 20 / LogL: -3897.716 / Time: 0h:8m:5s
Finish initializing candidate tree set (7)
Current best tree score: -3891.280 / CPU time: 1.209
Number of iterations: 20
--------------------------------------------------------------------
|               OPTIMIZING CANDIDATE TREE SET                      |
--------------------------------------------------------------------
Iteration 30 / LogL: -3892.748 / Time: 0h:8m:5s (0h:0m:4s left)
Iteration 40 / LogL: -3892.665 / Time: 0h:8m:6s (0h:0m:3s left)
Iteration 50 / LogL: -3892.939 / Time: 0h:8m:6s (0h:0m:2s left)
Iteration 60 / LogL: -3891.286 / Time: 0h:8m:6s (0h:0m:2s left)
UPDATE BEST LOG-LIKELIHOOD: -3891.280
Iteration 70 / LogL: -3891.280 / Time: 0h:8m:7s (0h:0m:1s left)
Iteration 80 / LogL: -3892.921 / Time: 0h:8m:7s (0h:0m:1s left)
Iteration 90 / LogL: -3892.867 / Time: 0h:8m:7s (0h:0m:0s left)
Iteration 100 / LogL: -3892.751 / Time: 0h:8m:8s (0h:0m:0s left)
Iteration 110 / LogL: -3892.890 / Time: 0h:8m:8s (0h:0m:0s left)
TREE SEARCH COMPLETED AFTER 112 ITERATIONS / Time: 0h:8m:8s

--------------------------------------------------------------------
|                    FINALIZING TREE SEARCH                        |
--------------------------------------------------------------------
Performs final model parameters optimization
Estimate model parameters (epsilon = 0.010)
Initial log-likelihood: -3891.280
Current log-likelihood at step 1: -3891.279
Partition-specific rates:  1.298 0.702
Parameters optimization took 0 rounds (0.007 sec)

Partition information was printed to partition_file.nex.best_model.nex
BEST SCORE FOUND : -3891.279
Total tree length: 6.176

Total number of iterations: 112
CPU time used for tree search: 4.750 sec (0h:0m:4s)
Wall-clock time used for tree search: 4.599 sec (0h:0m:4s)
Total CPU time used: 503.244 sec (0h:8m:23s)
Total wall-clock time used: 488.682 sec (0h:8m:8s)

===> COMPUTE CONSENSUS TREE FROM 100 BOOTSTRAP TREES

Reading tree(s) file partition_file.nex.boottrees ...
100 tree(s) loaded (0 rooted and 100 unrooted)
0 split(s) discarded because frequency <= -1.000
139 splits found
Consensus tree written to partition_file.nex.contree

===> START ANALYSIS ON THE ORIGINAL ALIGNMENT

WARNING: States(s) K, M rarely appear in partition tdi and may cause numerical problems

Create initial parsimony tree by phylogenetic likelihood library (PLL)... 0.001 seconds
Reading model parameters from file /Users/mful870/Desktop/MD_3di_Dev_02Oct24/Scriptorum/SubstitutionMatrix/3di_substmat
WARNING: Normalizing state frequencies so that sum of them equals to 1

NOTE: 1 MB RAM (0 GB) is required!
Estimate model parameters (epsilon = 0.100)
Initial log-likelihood: -4308.559
Current log-likelihood at step 1: -4232.526
Current log-likelihood at step 2: -4227.955
Current log-likelihood at step 3: -4227.944
Partition-specific rates:  1.277 0.723
Parameters optimization took 2 rounds (0.059 sec)

Wrote distance file to... 
Computing ML distances based on estimated model parameters...
Calculating distance matrix: done in 4.3869e-05 secs using 86.62% CPU
Computing ML distances took 0.000096 sec (of wall-clock time) 0.000066 sec (of CPU time)
Setting up auxiliary I and S matrices: done in 2.71797e-05 secs using 77.26% CPU
Computing RapidNJ tree took 0.000116 sec (of wall-clock time) 0.000070 sec (of CPU time)
Log-likelihood of RapidNJ tree: -4459.946
--------------------------------------------------------------------
|             INITIALIZING CANDIDATE TREE SET                      |
--------------------------------------------------------------------
Generating 98 parsimony trees... 0.125 second
Computing log-likelihood of 98 initial trees ... 0.348 seconds
Current best score: -4227.944

Do NNI search on 20 best initial trees
Estimate model parameters (epsilon = 0.100)
Initial log-likelihood: -4220.344
Current log-likelihood at step 1: -4220.289
Parameters optimization took 0 rounds (0.018 sec)

BETTER TREE FOUND at iteration 1: -4220.289
UPDATE BEST LOG-LIKELIHOOD: -4220.289
Iteration 10 / LogL: -4223.465 / Time: 0h:8m:9s
Iteration 20 / LogL: -4223.454 / Time: 0h:8m:10s
Finish initializing candidate tree set (4)
Current best tree score: -4220.289 / CPU time: 1.458
Number of iterations: 20
--------------------------------------------------------------------
|               OPTIMIZING CANDIDATE TREE SET                      |
--------------------------------------------------------------------
UPDATE BEST LOG-LIKELIHOOD: -4220.288
Iteration 30 / LogL: -4223.413 / Time: 0h:8m:10s (0h:0m:5s left)
Iteration 40 / LogL: -4220.315 / Time: 0h:8m:11s (0h:0m:4s left)
Iteration 50 / LogL: -4220.311 / Time: 0h:8m:12s (0h:0m:3s left)
Iteration 60 / LogL: -4220.311 / Time: 0h:8m:12s (0h:0m:2s left)
Iteration 70 / LogL: -4220.550 / Time: 0h:8m:13s (0h:0m:2s left)
UPDATE BEST LOG-LIKELIHOOD: -4220.285
Iteration 80 / LogL: -4220.311 / Time: 0h:8m:13s (0h:0m:1s left)
Iteration 90 / LogL: -4220.350 / Time: 0h:8m:14s (0h:0m:0s left)
Iteration 100 / LogL: -4220.352 / Time: 0h:8m:15s (0h:0m:0s left)
TREE SEARCH COMPLETED AFTER 102 ITERATIONS / Time: 0h:8m:15s

--------------------------------------------------------------------
|                    FINALIZING TREE SEARCH                        |
--------------------------------------------------------------------
Performs final model parameters optimization
Estimate model parameters (epsilon = 0.010)
Initial log-likelihood: -4220.285
Current log-likelihood at step 1: -4220.284
Partition-specific rates:  1.267 0.733
Parameters optimization took 0 rounds (0.011 sec)

Partition information was printed to partition_file.nex.best_model.nex
BEST SCORE FOUND : -4220.284
Total tree length: 6.721

Total number of iterations: 102
CPU time used for tree search: 6.637 sec (0h:0m:6s)
Wall-clock time used for tree search: 6.503 sec (0h:0m:6s)
Total CPU time used: 510.003 sec (0h:8m:30s)
Total wall-clock time used: 495.305 sec (0h:8m:15s)
Reading input trees file partition_file.nex.contree
Log-likelihood of consensus tree: -4220.285

===> ASSIGN BOOTSTRAP SUPPORTS TO THE TREE FROM ORIGINAL ALIGNMENT

Reading tree partition_file.nex.treefile ...
unrooted tree detected
Reading tree(s) file partition_file.nex.boottrees ...
100 tree(s) loaded (0 rooted and 100 unrooted)
Rescaling split weights by 1.000
139 splits found
Creating bootstrap support values...
Tree with assigned support written to partition_file.nex.treefile

Analysis results written to: 
  IQ-TREE report:                partition_file.nex.iqtree
  Maximum-likelihood tree:       partition_file.nex.treefile
  Likelihood distances:          partition_file.nex.mldist
  Screen log file:               partition_file.nex.log

Total CPU time for bootstrap: 510.026 seconds.
Total wall-clock time for bootstrap: 495.339 seconds.

Non-parametric bootstrap results written to:
  Bootstrap trees:          partition_file.nex.boottrees
  Consensus tree:           partition_file.nex.contree

Date and Time: Tue Jun  3 08:33:35 2025
