IQ-TREE multicore version 2.4.0 for MacOS Intel 64-bit built Feb  7 2025
Developed by Bui Quang Minh, Nguyen Lam Tung, Olga Chernomor, Heiko Schmidt,
Dominik Schrempf, Michael Woodhams, Ly Trong Nhan, Thomas Wong

Host:    sc-sbs-383386 (AVX512, FMA3, 32 GB RAM)
Command: /Users/mful870/Bioinformatics_Programs/iqtree-2.4.0-macOS/bin/iqtree2 -s Alns/ -redo -p partition_file.nex -b 100
Seed:    57259 (Using SPRNG - Scalable Parallel Random Number Generator)
Time:    Mon Jun  2 23:03:42 2025
Kernel:  AVX+FMA - 1 threads (16 CPU cores detected)

HINT: Use -nt option to specify number of threads because your CPU has 16 cores!
HINT: -nt AUTO will automatically determine the best number of threads to use.

Reading partition model file partition_file.nex ...
Reading 2 alignment files in directory Alns/
Reading alignment file Alns/crystal.tdialn ... Fasta format detected
Reading fasta file: done in 9.08375e-05 secs using 72.66% CPU
Alignment most likely contains protein sequences
Alignment has 11 sequences with 174 columns, 142 distinct patterns
70 parsimony-informative, 46 singleton sites, 58 constant sites
WARNING: Some sequence names are changed as follows:
b_15_1_1+1gme_A -> b_15_1_1_1gme_A
b_15_1_1+5ds2_A -> b_15_1_1_5ds2_A
b_15_1_0+3aab_A -> b_15_1_0_3aab_A
b_15_1_0+4yl9_A -> b_15_1_0_4yl9_A
b_15_1_0+3w1z_D -> b_15_1_0_3w1z_D
b_15_1_1+1shs_A -> b_15_1_1_1shs_A
b_15_1_0+3gla_A -> b_15_1_0_3gla_A
b_15_1_0+5j7n_A -> b_15_1_0_5j7n_A
b_15_1_0+2xcm_C -> b_15_1_0_2xcm_C
b_15_1_3+1rl1_A -> b_15_1_3_1rl1_A
b_15_1_2+1ejf_A -> b_15_1_2_1ejf_A

                 Gap/Ambiguity  Composition  p-value
Analyzing sequences: done in 1.09673e-05 secs using 72.94% CPU
   1  b_15_1_1_1gme_A   13.79%    passed     10.11%
   2  b_15_1_1_5ds2_A   45.98%    passed     53.48%
   3  b_15_1_0_3aab_A   36.78%    passed     91.05%
   4  b_15_1_0_4yl9_A   29.31%    passed     38.99%
   5  b_15_1_0_3w1z_D   36.78%    passed     93.08%
   6  b_15_1_1_1shs_A   33.91%    passed     49.91%
   7  b_15_1_0_3gla_A   44.25%    passed     67.67%
   8  b_15_1_0_5j7n_A   37.36%    passed     98.87%
   9  b_15_1_0_2xcm_C   47.13%    passed     95.51%
  10  b_15_1_3_1rl1_A   47.13%    failed      0.28%
  11  b_15_1_2_1ejf_A   36.78%    passed     11.22%
****  TOTAL             37.20%  1 sequences failed composition chi2 test (p-value<5%; df=19)
Reading alignment file Alns/crystal_aa.fa ... Fasta format detected
Reading fasta file: done in 5.00679e-05 secs using 87.88% CPU
Alignment most likely contains protein sequences
Alignment has 11 sequences with 174 columns, 163 distinct patterns
86 parsimony-informative, 49 singleton sites, 39 constant sites
WARNING: Some sequence names are changed as follows:
b_15_1_1+1gme_A -> b_15_1_1_1gme_A
b_15_1_1+5ds2_A -> b_15_1_1_5ds2_A
b_15_1_0+3aab_A -> b_15_1_0_3aab_A
b_15_1_0+4yl9_A -> b_15_1_0_4yl9_A
b_15_1_0+3w1z_D -> b_15_1_0_3w1z_D
b_15_1_1+1shs_A -> b_15_1_1_1shs_A
b_15_1_0+3gla_A -> b_15_1_0_3gla_A
b_15_1_0+5j7n_A -> b_15_1_0_5j7n_A
b_15_1_0+2xcm_C -> b_15_1_0_2xcm_C
b_15_1_3+1rl1_A -> b_15_1_3_1rl1_A
b_15_1_2+1ejf_A -> b_15_1_2_1ejf_A

                 Gap/Ambiguity  Composition  p-value
Analyzing sequences: done in 8.10623e-06 secs using 86.35% CPU
   1  b_15_1_1_1gme_A   13.79%    passed     34.37%
   2  b_15_1_1_5ds2_A   45.98%    passed     57.07%
   3  b_15_1_0_3aab_A   36.78%    passed     44.34%
   4  b_15_1_0_4yl9_A   29.31%    passed     88.19%
   5  b_15_1_0_3w1z_D   36.78%    passed     95.30%
   6  b_15_1_1_1shs_A   33.91%    passed     27.54%
   7  b_15_1_0_3gla_A   44.25%    passed     83.27%
   8  b_15_1_0_5j7n_A   37.36%    passed     63.44%
   9  b_15_1_0_2xcm_C   47.13%    passed     48.71%
  10  b_15_1_3_1rl1_A   47.13%    passed     45.25%
  11  b_15_1_2_1ejf_A   36.78%    failed      0.00%
****  TOTAL             37.20%  1 sequences failed composition chi2 test (p-value<5%; df=19)

Loading 2 partitions...
Reading alignment file ./Alns/crystal_aa.fa ... Fasta format detected
Reading fasta file: done in 6.00815e-05 secs using 89.88% CPU
Alignment most likely contains protein sequences
Alignment has 11 sequences with 174 columns, 163 distinct patterns
86 parsimony-informative, 49 singleton sites, 39 constant sites
WARNING: Some sequence names are changed as follows:
b_15_1_1+1gme_A -> b_15_1_1_1gme_A
b_15_1_1+5ds2_A -> b_15_1_1_5ds2_A
b_15_1_0+3aab_A -> b_15_1_0_3aab_A
b_15_1_0+4yl9_A -> b_15_1_0_4yl9_A
b_15_1_0+3w1z_D -> b_15_1_0_3w1z_D
b_15_1_1+1shs_A -> b_15_1_1_1shs_A
b_15_1_0+3gla_A -> b_15_1_0_3gla_A
b_15_1_0+5j7n_A -> b_15_1_0_5j7n_A
b_15_1_0+2xcm_C -> b_15_1_0_2xcm_C
b_15_1_3+1rl1_A -> b_15_1_3_1rl1_A
b_15_1_2+1ejf_A -> b_15_1_2_1ejf_A

                 Gap/Ambiguity  Composition  p-value
Analyzing sequences: done in 1.09673e-05 secs using 91.18% CPU
   1  b_15_1_1_1gme_A   13.79%    passed     34.37%
   2  b_15_1_1_5ds2_A   45.98%    passed     57.07%
   3  b_15_1_0_3aab_A   36.78%    passed     44.34%
   4  b_15_1_0_4yl9_A   29.31%    passed     88.19%
   5  b_15_1_0_3w1z_D   36.78%    passed     95.30%
   6  b_15_1_1_1shs_A   33.91%    passed     27.54%
   7  b_15_1_0_3gla_A   44.25%    passed     83.27%
   8  b_15_1_0_5j7n_A   37.36%    passed     63.44%
   9  b_15_1_0_2xcm_C   47.13%    passed     48.71%
  10  b_15_1_3_1rl1_A   47.13%    passed     45.25%
  11  b_15_1_2_1ejf_A   36.78%    failed      0.00%
****  TOTAL             37.20%  1 sequences failed composition chi2 test (p-value<5%; df=19)
Reading alignment file ./Alns/crystal.tdialn ... Fasta format detected
Reading fasta file: done in 6.69956e-05 secs using 91.05% CPU
Alignment most likely contains protein sequences
Alignment has 11 sequences with 174 columns, 142 distinct patterns
70 parsimony-informative, 46 singleton sites, 58 constant sites
WARNING: Some sequence names are changed as follows:
b_15_1_1+1gme_A -> b_15_1_1_1gme_A
b_15_1_1+5ds2_A -> b_15_1_1_5ds2_A
b_15_1_0+3aab_A -> b_15_1_0_3aab_A
b_15_1_0+4yl9_A -> b_15_1_0_4yl9_A
b_15_1_0+3w1z_D -> b_15_1_0_3w1z_D
b_15_1_1+1shs_A -> b_15_1_1_1shs_A
b_15_1_0+3gla_A -> b_15_1_0_3gla_A
b_15_1_0+5j7n_A -> b_15_1_0_5j7n_A
b_15_1_0+2xcm_C -> b_15_1_0_2xcm_C
b_15_1_3+1rl1_A -> b_15_1_3_1rl1_A
b_15_1_2+1ejf_A -> b_15_1_2_1ejf_A

                 Gap/Ambiguity  Composition  p-value
Analyzing sequences: done in 1.00136e-05 secs using 89.88% CPU
   1  b_15_1_1_1gme_A   13.79%    passed     10.11%
   2  b_15_1_1_5ds2_A   45.98%    passed     53.48%
   3  b_15_1_0_3aab_A   36.78%    passed     91.05%
   4  b_15_1_0_4yl9_A   29.31%    passed     38.99%
   5  b_15_1_0_3w1z_D   36.78%    passed     93.08%
   6  b_15_1_1_1shs_A   33.91%    passed     49.91%
   7  b_15_1_0_3gla_A   44.25%    passed     67.67%
   8  b_15_1_0_5j7n_A   37.36%    passed     98.87%
   9  b_15_1_0_2xcm_C   47.13%    passed     95.51%
  10  b_15_1_3_1rl1_A   47.13%    failed      0.28%
  11  b_15_1_2_1ejf_A   36.78%    passed     11.22%
****  TOTAL             37.20%  1 sequences failed composition chi2 test (p-value<5%; df=19)
Subset	Type	Seqs	Sites	Infor	Invar	Model	Name
1	AA	11	174	86	39	LG+G4	sequence
2		11	174	70	58	/Users/mful870/Desktop/MD_3di_Dev_02Oct24/Scriptorum/SubstitutionMatrix/3di_substmat	tdi
Degree of missing data: 0.000
Info: multi-threading strategy over partitions


===> START BOOTSTRAP REPLICATE NUMBER 1

Creating bootstrap alignment (seed: 57259)...

Create initial parsimony tree by phylogenetic likelihood library (PLL)... 0.001 seconds
Reading model parameters from file /Users/mful870/Desktop/MD_3di_Dev_02Oct24/Scriptorum/SubstitutionMatrix/3di_substmat
WARNING: Normalizing state frequencies so that sum of them equals to 1

NOTE: 1 MB RAM (0 GB) is required!
Estimate model parameters (epsilon = 0.100)
Initial log-likelihood: -4437.960
Current log-likelihood at step 1: -4312.566
Current log-likelihood at step 2: -4244.267
Current log-likelihood at step 3: -4243.118
Current log-likelihood at step 4: -4242.948
Current log-likelihood at step 5: -4242.935
Partition-specific rates:  1.578 0.422
Parameters optimization took 4 rounds (0.077 sec)

Wrote distance file to... 
Computing ML distances based on estimated model parameters...
Calculating distance matrix: done in 3.40939e-05 secs using 79.19% CPU
Computing ML distances took 0.000091 sec (of wall-clock time) 0.000058 sec (of CPU time)
Setting up auxiliary I and S matrices: done in 5.10216e-05 secs using 62.72% CPU
Computing RapidNJ tree took 0.000129 sec (of wall-clock time) 0.000077 sec (of CPU time)
Log-likelihood of RapidNJ tree: -4584.415
--------------------------------------------------------------------
|             INITIALIZING CANDIDATE TREE SET                      |
--------------------------------------------------------------------
Generating 98 parsimony trees... 0.093 second
Computing log-likelihood of 96 initial trees ... 0.204 seconds
Current best score: -4242.935

Do NNI search on 20 best initial trees
Estimate model parameters (epsilon = 0.100)
Initial log-likelihood: -4240.654
Current log-likelihood at step 1: -4240.602
Parameters optimization took 0 rounds (0.006 sec)

BETTER TREE FOUND at iteration 1: -4240.602
Estimate model parameters (epsilon = 0.100)
Initial log-likelihood: -4240.215
Current log-likelihood at step 1: -4240.189
Parameters optimization took 0 rounds (0.007 sec)

BETTER TREE FOUND at iteration 2: -4240.189
Iteration 10 / LogL: -4240.543 / Time: 0h:0m:0s
Iteration 20 / LogL: -4240.294 / Time: 0h:0m:0s
Finish initializing candidate tree set (2)
Current best tree score: -4240.189 / CPU time: 0.860
Number of iterations: 20
--------------------------------------------------------------------
|               OPTIMIZING CANDIDATE TREE SET                      |
--------------------------------------------------------------------
UPDATE BEST LOG-LIKELIHOOD: -4240.183
Iteration 30 / LogL: -4240.329 / Time: 0h:0m:1s (0h:0m:3s left)
Iteration 40 / LogL: -4240.396 / Time: 0h:0m:1s (0h:0m:2s left)
Iteration 50 / LogL: -4240.669 / Time: 0h:0m:1s (0h:0m:2s left)
Iteration 60 / LogL: -4240.713 / Time: 0h:0m:2s (0h:0m:1s left)
Iteration 70 / LogL: -4241.128 / Time: 0h:0m:2s (0h:0m:1s left)
Iteration 80 / LogL: -4240.669 / Time: 0h:0m:2s (0h:0m:0s left)
Iteration 90 / LogL: -4240.354 / Time: 0h:0m:3s (0h:0m:0s left)
Iteration 100 / LogL: -4240.459 / Time: 0h:0m:3s (0h:0m:0s left)
TREE SEARCH COMPLETED AFTER 103 ITERATIONS / Time: 0h:0m:3s

--------------------------------------------------------------------
|                    FINALIZING TREE SEARCH                        |
--------------------------------------------------------------------
Performs final model parameters optimization
Estimate model parameters (epsilon = 0.010)
Initial log-likelihood: -4240.183
Current log-likelihood at step 1: -4240.182
Partition-specific rates:  1.577 0.423
Parameters optimization took 0 rounds (0.007 sec)

Partition information was printed to partition_file.nex.best_model.nex
BEST SCORE FOUND : -4240.182
Total tree length: 6.918

Total number of iterations: 103
CPU time used for tree search: 3.881 sec (0h:0m:3s)
Wall-clock time used for tree search: 3.744 sec (0h:0m:3s)
Total CPU time used: 4.017 sec (0h:0m:4s)
Total wall-clock time used: 3.870 sec (0h:0m:3s)

===> START BOOTSTRAP REPLICATE NUMBER 2

Creating bootstrap alignment (seed: 57260)...

Create initial parsimony tree by phylogenetic likelihood library (PLL)... 0.001 seconds
Reading model parameters from file /Users/mful870/Desktop/MD_3di_Dev_02Oct24/Scriptorum/SubstitutionMatrix/3di_substmat
WARNING: Normalizing state frequencies so that sum of them equals to 1

NOTE: 1 MB RAM (0 GB) is required!
Estimate model parameters (epsilon = 0.100)
Initial log-likelihood: -4838.618
Current log-likelihood at step 1: -4716.241
Current log-likelihood at step 2: -4641.241
Current log-likelihood at step 3: -4637.623
Current log-likelihood at step 4: -4637.526
Partition-specific rates:  1.608 0.392
Parameters optimization took 3 rounds (0.067 sec)

Wrote distance file to... 
Computing ML distances based on estimated model parameters...
Calculating distance matrix: done in 2.98023e-05 secs using 87.24% CPU
Computing ML distances took 0.000073 sec (of wall-clock time) 0.000054 sec (of CPU time)
Setting up auxiliary I and S matrices: done in 2.81334e-05 secs using 74.64% CPU
Computing RapidNJ tree took 0.000111 sec (of wall-clock time) 0.000075 sec (of CPU time)
Log-likelihood of RapidNJ tree: -4998.563
--------------------------------------------------------------------
|             INITIALIZING CANDIDATE TREE SET                      |
--------------------------------------------------------------------
Generating 98 parsimony trees... 0.096 second
Computing log-likelihood of 94 initial trees ... 0.224 seconds
Current best score: -4637.526

Do NNI search on 20 best initial trees
Estimate model parameters (epsilon = 0.100)
Initial log-likelihood: -4633.608
Current log-likelihood at step 1: -4633.580
Parameters optimization took 0 rounds (0.007 sec)

BETTER TREE FOUND at iteration 1: -4633.580
Iteration 10 / LogL: -4633.678 / Time: 0h:0m:4s
Iteration 20 / LogL: -4633.668 / Time: 0h:0m:4s
Finish initializing candidate tree set (1)
Current best tree score: -4633.580 / CPU time: 0.990
Number of iterations: 20
--------------------------------------------------------------------
|               OPTIMIZING CANDIDATE TREE SET                      |
--------------------------------------------------------------------
Iteration 30 / LogL: -4633.821 / Time: 0h:0m:5s (0h:0m:3s left)
Iteration 40 / LogL: -4633.667 / Time: 0h:0m:5s (0h:0m:2s left)
Iteration 50 / LogL: -4633.681 / Time: 0h:0m:5s (0h:0m:2s left)
Iteration 60 / LogL: -4633.621 / Time: 0h:0m:6s (0h:0m:1s left)
Iteration 70 / LogL: -4633.629 / Time: 0h:0m:6s (0h:0m:1s left)
Iteration 80 / LogL: -4633.631 / Time: 0h:0m:6s (0h:0m:0s left)
Iteration 90 / LogL: -4633.648 / Time: 0h:0m:7s (0h:0m:0s left)
Iteration 100 / LogL: -4633.623 / Time: 0h:0m:7s (0h:0m:0s left)
TREE SEARCH COMPLETED AFTER 102 ITERATIONS / Time: 0h:0m:7s

--------------------------------------------------------------------
|                    FINALIZING TREE SEARCH                        |
--------------------------------------------------------------------
Performs final model parameters optimization
Estimate model parameters (epsilon = 0.010)
Initial log-likelihood: -4633.580
Current log-likelihood at step 1: -4633.578
Partition-specific rates:  1.609 0.391
Parameters optimization took 0 rounds (0.007 sec)

Partition information was printed to partition_file.nex.best_model.nex
BEST SCORE FOUND : -4633.578
Total tree length: 7.512

Total number of iterations: 102
CPU time used for tree search: 3.772 sec (0h:0m:3s)
Wall-clock time used for tree search: 3.633 sec (0h:0m:3s)
Total CPU time used: 7.918 sec (0h:0m:7s)
Total wall-clock time used: 7.623 sec (0h:0m:7s)

===> START BOOTSTRAP REPLICATE NUMBER 3

Creating bootstrap alignment (seed: 57261)...

Create initial parsimony tree by phylogenetic likelihood library (PLL)... 0.001 seconds
Reading model parameters from file /Users/mful870/Desktop/MD_3di_Dev_02Oct24/Scriptorum/SubstitutionMatrix/3di_substmat
WARNING: Normalizing state frequencies so that sum of them equals to 1

NOTE: 1 MB RAM (0 GB) is required!
Estimate model parameters (epsilon = 0.100)
Initial log-likelihood: -4813.844
Current log-likelihood at step 1: -4684.884
Current log-likelihood at step 2: -4622.922
Current log-likelihood at step 3: -4622.134
Current log-likelihood at step 4: -4622.062
Partition-specific rates:  1.620 0.380
Parameters optimization took 3 rounds (0.066 sec)

Wrote distance file to... 
Computing ML distances based on estimated model parameters...
Calculating distance matrix: done in 3.00407e-05 secs using 86.55% CPU
Computing ML distances took 0.000072 sec (of wall-clock time) 0.000052 sec (of CPU time)
Setting up auxiliary I and S matrices: done in 3.50475e-05 secs using 79.89% CPU
Computing RapidNJ tree took 0.000143 sec (of wall-clock time) 0.000089 sec (of CPU time)
Log-likelihood of RapidNJ tree: -4973.382
--------------------------------------------------------------------
|             INITIALIZING CANDIDATE TREE SET                      |
--------------------------------------------------------------------
Generating 98 parsimony trees... 0.099 second
Computing log-likelihood of 93 initial trees ... 0.279 seconds
Current best score: -4614.413

Do NNI search on 20 best initial trees
Estimate model parameters (epsilon = 0.100)
Initial log-likelihood: -4605.415
Current log-likelihood at step 1: -4605.181
Current log-likelihood at step 2: -4605.161
Parameters optimization took 1 rounds (0.035 sec)

BETTER TREE FOUND at iteration 1: -4605.161
Iteration 10 / LogL: -4605.174 / Time: 0h:0m:8s
Iteration 20 / LogL: -4605.272 / Time: 0h:0m:8s
Finish initializing candidate tree set (1)
Current best tree score: -4605.161 / CPU time: 1.077
Number of iterations: 20
--------------------------------------------------------------------
|               OPTIMIZING CANDIDATE TREE SET                      |
--------------------------------------------------------------------
Iteration 30 / LogL: -4605.339 / Time: 0h:0m:9s (0h:0m:3s left)
Iteration 40 / LogL: -4605.173 / Time: 0h:0m:9s (0h:0m:2s left)
Iteration 50 / LogL: -4605.400 / Time: 0h:0m:9s (0h:0m:2s left)
Iteration 60 / LogL: -4605.295 / Time: 0h:0m:10s (0h:0m:1s left)
Iteration 70 / LogL: -4605.176 / Time: 0h:0m:10s (0h:0m:1s left)
Iteration 80 / LogL: -4605.257 / Time: 0h:0m:10s (0h:0m:0s left)
Iteration 90 / LogL: -4605.240 / Time: 0h:0m:11s (0h:0m:0s left)
Iteration 100 / LogL: -4605.556 / Time: 0h:0m:11s (0h:0m:0s left)
TREE SEARCH COMPLETED AFTER 102 ITERATIONS / Time: 0h:0m:11s

--------------------------------------------------------------------
|                    FINALIZING TREE SEARCH                        |
--------------------------------------------------------------------
Performs final model parameters optimization
Estimate model parameters (epsilon = 0.010)
Initial log-likelihood: -4605.161
Current log-likelihood at step 1: -4605.160
Partition-specific rates:  1.639 0.361
Parameters optimization took 0 rounds (0.010 sec)

Partition information was printed to partition_file.nex.best_model.nex
BEST SCORE FOUND : -4605.160
Total tree length: 7.087

Total number of iterations: 102
CPU time used for tree search: 4.001 sec (0h:0m:4s)
Wall-clock time used for tree search: 3.890 sec (0h:0m:3s)
Total CPU time used: 12.059 sec (0h:0m:12s)
Total wall-clock time used: 11.644 sec (0h:0m:11s)

===> START BOOTSTRAP REPLICATE NUMBER 4

Creating bootstrap alignment (seed: 57262)...
WARNING: States(s) E rarely appear in partition tdi and may cause numerical problems

Create initial parsimony tree by phylogenetic likelihood library (PLL)... 0.001 seconds
Reading model parameters from file /Users/mful870/Desktop/MD_3di_Dev_02Oct24/Scriptorum/SubstitutionMatrix/3di_substmat
WARNING: Normalizing state frequencies so that sum of them equals to 1

NOTE: 1 MB RAM (0 GB) is required!
Estimate model parameters (epsilon = 0.100)
Initial log-likelihood: -4885.629
Current log-likelihood at step 1: -4769.768
Current log-likelihood at step 2: -4691.571
Current log-likelihood at step 3: -4689.658
Current log-likelihood at step 4: -4689.587
Partition-specific rates:  1.615 0.385
Parameters optimization took 3 rounds (0.066 sec)

Wrote distance file to... 
Computing ML distances based on estimated model parameters...
Calculating distance matrix: done in 4.00543e-05 secs using 87.38% CPU
Computing ML distances took 0.000096 sec (of wall-clock time) 0.000071 sec (of CPU time)
Setting up auxiliary I and S matrices: done in 2.90871e-05 secs using 82.51% CPU
Computing RapidNJ tree took 0.000125 sec (of wall-clock time) 0.000078 sec (of CPU time)
Log-likelihood of RapidNJ tree: -5047.607
--------------------------------------------------------------------
|             INITIALIZING CANDIDATE TREE SET                      |
--------------------------------------------------------------------
Generating 98 parsimony trees... 0.085 second
Computing log-likelihood of 94 initial trees ... 0.227 seconds
Current best score: -4686.409

Do NNI search on 20 best initial trees
Estimate model parameters (epsilon = 0.100)
Initial log-likelihood: -4677.864
Current log-likelihood at step 1: -4677.370
Current log-likelihood at step 2: -4677.357
Parameters optimization took 1 rounds (0.025 sec)

BETTER TREE FOUND at iteration 1: -4677.357
Iteration 10 / LogL: -4677.428 / Time: 0h:0m:12s
Iteration 20 / LogL: -4678.033 / Time: 0h:0m:12s
Finish initializing candidate tree set (1)
Current best tree score: -4677.357 / CPU time: 0.839
Number of iterations: 20
--------------------------------------------------------------------
|               OPTIMIZING CANDIDATE TREE SET                      |
--------------------------------------------------------------------
Iteration 30 / LogL: -4677.424 / Time: 0h:0m:12s (0h:0m:3s left)
Iteration 40 / LogL: -4677.682 / Time: 0h:0m:13s (0h:0m:2s left)
Iteration 50 / LogL: -4678.079 / Time: 0h:0m:13s (0h:0m:1s left)
Iteration 60 / LogL: -4677.426 / Time: 0h:0m:13s (0h:0m:1s left)
Iteration 70 / LogL: -4679.408 / Time: 0h:0m:14s (0h:0m:1s left)
Iteration 80 / LogL: -4677.495 / Time: 0h:0m:14s (0h:0m:0s left)
Iteration 90 / LogL: -4677.998 / Time: 0h:0m:14s (0h:0m:0s left)
Iteration 100 / LogL: -4677.935 / Time: 0h:0m:15s (0h:0m:0s left)
TREE SEARCH COMPLETED AFTER 102 ITERATIONS / Time: 0h:0m:15s

--------------------------------------------------------------------
|                    FINALIZING TREE SEARCH                        |
--------------------------------------------------------------------
Performs final model parameters optimization
Estimate model parameters (epsilon = 0.010)
Initial log-likelihood: -4677.357
Current log-likelihood at step 1: -4677.355
Partition-specific rates:  1.619 0.381
Parameters optimization took 0 rounds (0.007 sec)

Partition information was printed to partition_file.nex.best_model.nex
BEST SCORE FOUND : -4677.355
Total tree length: 7.546

Total number of iterations: 102
CPU time used for tree search: 3.449 sec (0h:0m:3s)
Wall-clock time used for tree search: 3.325 sec (0h:0m:3s)
Total CPU time used: 15.630 sec (0h:0m:15s)
Total wall-clock time used: 15.086 sec (0h:0m:15s)

===> START BOOTSTRAP REPLICATE NUMBER 5

Creating bootstrap alignment (seed: 57263)...

Create initial parsimony tree by phylogenetic likelihood library (PLL)... 0.000 seconds
Reading model parameters from file /Users/mful870/Desktop/MD_3di_Dev_02Oct24/Scriptorum/SubstitutionMatrix/3di_substmat
WARNING: Normalizing state frequencies so that sum of them equals to 1

NOTE: 1 MB RAM (0 GB) is required!
Estimate model parameters (epsilon = 0.100)
Initial log-likelihood: -4891.341
Current log-likelihood at step 1: -4759.435
Current log-likelihood at step 2: -4690.518
Current log-likelihood at step 3: -4688.971
Current log-likelihood at step 4: -4688.912
Partition-specific rates:  1.604 0.396
Parameters optimization took 3 rounds (0.064 sec)

Wrote distance file to... 
Computing ML distances based on estimated model parameters...
Calculating distance matrix: done in 2.90871e-05 secs using 85.95% CPU
Computing ML distances took 0.000073 sec (of wall-clock time) 0.000051 sec (of CPU time)
Setting up auxiliary I and S matrices: done in 4.79221e-05 secs using 66.77% CPU
Computing RapidNJ tree took 0.000146 sec (of wall-clock time) 0.000091 sec (of CPU time)
Log-likelihood of RapidNJ tree: -5026.159
--------------------------------------------------------------------
|             INITIALIZING CANDIDATE TREE SET                      |
--------------------------------------------------------------------
Generating 98 parsimony trees... 0.094 second
Computing log-likelihood of 97 initial trees ... 0.240 seconds
Current best score: -4680.954

Do NNI search on 20 best initial trees
Estimate model parameters (epsilon = 0.100)
Initial log-likelihood: -4680.954
Current log-likelihood at step 1: -4675.072
Current log-likelihood at step 2: -4675.021
Parameters optimization took 1 rounds (0.029 sec)

BETTER TREE FOUND at iteration 1: -4675.021
Iteration 10 / LogL: -4675.172 / Time: 0h:0m:15s
Iteration 20 / LogL: -4675.085 / Time: 0h:0m:16s
Finish initializing candidate tree set (1)
Current best tree score: -4675.021 / CPU time: 1.020
Number of iterations: 20
--------------------------------------------------------------------
|               OPTIMIZING CANDIDATE TREE SET                      |
--------------------------------------------------------------------
Iteration 30 / LogL: -4675.165 / Time: 0h:0m:16s (0h:0m:3s left)
Iteration 40 / LogL: -4675.115 / Time: 0h:0m:16s (0h:0m:2s left)
Iteration 50 / LogL: -4675.277 / Time: 0h:0m:17s (0h:0m:2s left)
Iteration 60 / LogL: -4675.117 / Time: 0h:0m:17s (0h:0m:1s left)
UPDATE BEST LOG-LIKELIHOOD: -4675.020
Iteration 70 / LogL: -4678.223 / Time: 0h:0m:17s (0h:0m:1s left)
Iteration 80 / LogL: -4683.259 / Time: 0h:0m:17s (0h:0m:0s left)
Iteration 90 / LogL: -4684.525 / Time: 0h:0m:18s (0h:0m:0s left)
Iteration 100 / LogL: -4675.078 / Time: 0h:0m:18s (0h:0m:0s left)
TREE SEARCH COMPLETED AFTER 102 ITERATIONS / Time: 0h:0m:18s

--------------------------------------------------------------------
|                    FINALIZING TREE SEARCH                        |
--------------------------------------------------------------------
Performs final model parameters optimization
Estimate model parameters (epsilon = 0.010)
Initial log-likelihood: -4675.020
Current log-likelihood at step 1: -4675.019
Partition-specific rates:  1.608 0.392
Parameters optimization took 0 rounds (0.007 sec)

Partition information was printed to partition_file.nex.best_model.nex
BEST SCORE FOUND : -4675.019
Total tree length: 7.399

Total number of iterations: 102
CPU time used for tree search: 3.661 sec (0h:0m:3s)
Wall-clock time used for tree search: 3.524 sec (0h:0m:3s)
Total CPU time used: 19.417 sec (0h:0m:19s)
Total wall-clock time used: 18.727 sec (0h:0m:18s)

===> START BOOTSTRAP REPLICATE NUMBER 6

Creating bootstrap alignment (seed: 57264)...

Create initial parsimony tree by phylogenetic likelihood library (PLL)... 0.001 seconds
Reading model parameters from file /Users/mful870/Desktop/MD_3di_Dev_02Oct24/Scriptorum/SubstitutionMatrix/3di_substmat
WARNING: Normalizing state frequencies so that sum of them equals to 1

NOTE: 1 MB RAM (0 GB) is required!
Estimate model parameters (epsilon = 0.100)
Initial log-likelihood: -4879.739
Current log-likelihood at step 1: -4759.698
Current log-likelihood at step 2: -4696.963
Current log-likelihood at step 3: -4696.908
Partition-specific rates:  1.539 0.461
Parameters optimization took 2 rounds (0.046 sec)

Wrote distance file to... 
Computing ML distances based on estimated model parameters...
Calculating distance matrix: done in 3.09944e-05 secs using 83.89% CPU
Computing ML distances took 0.000074 sec (of wall-clock time) 0.000053 sec (of CPU time)
Setting up auxiliary I and S matrices: done in 2.90871e-05 secs using 79.07% CPU
Computing RapidNJ tree took 0.000112 sec (of wall-clock time) 0.000075 sec (of CPU time)
Log-likelihood of RapidNJ tree: -5024.504
--------------------------------------------------------------------
|             INITIALIZING CANDIDATE TREE SET                      |
--------------------------------------------------------------------
Generating 98 parsimony trees... 0.091 second
Computing log-likelihood of 95 initial trees ... 0.218 seconds
Current best score: -4696.908

Do NNI search on 20 best initial trees
Estimate model parameters (epsilon = 0.100)
Initial log-likelihood: -4683.302
Current log-likelihood at step 1: -4682.751
Current log-likelihood at step 2: -4682.726
Parameters optimization took 1 rounds (0.019 sec)

BETTER TREE FOUND at iteration 1: -4682.726
Estimate model parameters (epsilon = 0.100)
Initial log-likelihood: -4681.891
Current log-likelihood at step 1: -4681.473
Current log-likelihood at step 2: -4681.459
Parameters optimization took 1 rounds (0.020 sec)

BETTER TREE FOUND at iteration 2: -4681.459
Iteration 10 / LogL: -4682.183 / Time: 0h:0m:19s
Iteration 20 / LogL: -4682.233 / Time: 0h:0m:19s
Finish initializing candidate tree set (3)
Current best tree score: -4681.459 / CPU time: 0.928
Number of iterations: 20
--------------------------------------------------------------------
|               OPTIMIZING CANDIDATE TREE SET                      |
--------------------------------------------------------------------
UPDATE BEST LOG-LIKELIHOOD: -4681.458
Iteration 30 / LogL: -4681.997 / Time: 0h:0m:20s (0h:0m:3s left)
Iteration 40 / LogL: -4682.091 / Time: 0h:0m:20s (0h:0m:2s left)
Iteration 50 / LogL: -4681.679 / Time: 0h:0m:20s (0h:0m:1s left)
Iteration 60 / LogL: -4681.536 / Time: 0h:0m:20s (0h:0m:1s left)
Iteration 70 / LogL: -4681.767 / Time: 0h:0m:21s (0h:0m:1s left)
Iteration 80 / LogL: -4681.504 / Time: 0h:0m:21s (0h:0m:0s left)
Iteration 90 / LogL: -4681.558 / Time: 0h:0m:21s (0h:0m:0s left)
Iteration 100 / LogL: -4691.339 / Time: 0h:0m:22s (0h:0m:0s left)
TREE SEARCH COMPLETED AFTER 103 ITERATIONS / Time: 0h:0m:22s

--------------------------------------------------------------------
|                    FINALIZING TREE SEARCH                        |
--------------------------------------------------------------------
Performs final model parameters optimization
Estimate model parameters (epsilon = 0.010)
Initial log-likelihood: -4681.458
Current log-likelihood at step 1: -4681.457
Partition-specific rates:  1.539 0.461
Parameters optimization took 0 rounds (0.007 sec)

Partition information was printed to partition_file.nex.best_model.nex
BEST SCORE FOUND : -4681.457
Total tree length: 7.155

Total number of iterations: 103
CPU time used for tree search: 3.599 sec (0h:0m:3s)
Wall-clock time used for tree search: 3.455 sec (0h:0m:3s)
Total CPU time used: 23.116 sec (0h:0m:23s)
Total wall-clock time used: 22.275 sec (0h:0m:22s)

===> START BOOTSTRAP REPLICATE NUMBER 7

Creating bootstrap alignment (seed: 57265)...

Create initial parsimony tree by phylogenetic likelihood library (PLL)... 0.001 seconds
Reading model parameters from file /Users/mful870/Desktop/MD_3di_Dev_02Oct24/Scriptorum/SubstitutionMatrix/3di_substmat
WARNING: Normalizing state frequencies so that sum of them equals to 1

NOTE: 1 MB RAM (0 GB) is required!
Estimate model parameters (epsilon = 0.100)
Initial log-likelihood: -4842.544
Current log-likelihood at step 1: -4717.727
Current log-likelihood at step 2: -4639.387
Current log-likelihood at step 3: -4638.775
Current log-likelihood at step 4: -4638.753
Partition-specific rates:  1.581 0.419
Parameters optimization took 3 rounds (0.065 sec)

Wrote distance file to... 
Computing ML distances based on estimated model parameters...
Calculating distance matrix: done in 3.00407e-05 secs using 86.55% CPU
Computing ML distances took 0.000080 sec (of wall-clock time) 0.000053 sec (of CPU time)
Setting up auxiliary I and S matrices: done in 2.7895e-05 secs using 75.28% CPU
Computing RapidNJ tree took 0.000120 sec (of wall-clock time) 0.000077 sec (of CPU time)
Log-likelihood of RapidNJ tree: -4995.247
--------------------------------------------------------------------
|             INITIALIZING CANDIDATE TREE SET                      |
--------------------------------------------------------------------
Generating 98 parsimony trees... 0.088 second
Computing log-likelihood of 96 initial trees ... 0.240 seconds
Current best score: -4638.753

Do NNI search on 20 best initial trees
Estimate model parameters (epsilon = 0.100)
Initial log-likelihood: -4636.071
Current log-likelihood at step 1: -4636.000
Parameters optimization took 0 rounds (0.012 sec)

BETTER TREE FOUND at iteration 1: -4636.000
Iteration 10 / LogL: -4637.285 / Time: 0h:0m:22s
Iteration 20 / LogL: -4636.029 / Time: 0h:0m:23s
Finish initializing candidate tree set (3)
Current best tree score: -4636.000 / CPU time: 0.921
Number of iterations: 20
--------------------------------------------------------------------
|               OPTIMIZING CANDIDATE TREE SET                      |
--------------------------------------------------------------------
Iteration 30 / LogL: -4636.099 / Time: 0h:0m:23s (0h:0m:3s left)
Iteration 40 / LogL: -4636.041 / Time: 0h:0m:23s (0h:0m:2s left)
Iteration 50 / LogL: -4636.040 / Time: 0h:0m:24s (0h:0m:2s left)
UPDATE BEST LOG-LIKELIHOOD: -4635.998
Iteration 60 / LogL: -4636.380 / Time: 0h:0m:24s (0h:0m:1s left)
Iteration 70 / LogL: -4636.136 / Time: 0h:0m:24s (0h:0m:1s left)
Iteration 80 / LogL: -4636.414 / Time: 0h:0m:25s (0h:0m:0s left)
Iteration 90 / LogL: -4636.034 / Time: 0h:0m:25s (0h:0m:0s left)
Iteration 100 / LogL: -4636.022 / Time: 0h:0m:25s (0h:0m:0s left)
TREE SEARCH COMPLETED AFTER 102 ITERATIONS / Time: 0h:0m:25s

--------------------------------------------------------------------
|                    FINALIZING TREE SEARCH                        |
--------------------------------------------------------------------
Performs final model parameters optimization
Estimate model parameters (epsilon = 0.010)
Initial log-likelihood: -4635.998
Current log-likelihood at step 1: -4635.990
Partition-specific rates:  1.573 0.427
Parameters optimization took 0 rounds (0.011 sec)

Partition information was printed to partition_file.nex.best_model.nex
BEST SCORE FOUND : -4635.990
Total tree length: 7.232

Total number of iterations: 102
CPU time used for tree search: 3.648 sec (0h:0m:3s)
Wall-clock time used for tree search: 3.517 sec (0h:0m:3s)
Total CPU time used: 26.881 sec (0h:0m:26s)
Total wall-clock time used: 25.907 sec (0h:0m:25s)

===> START BOOTSTRAP REPLICATE NUMBER 8

Creating bootstrap alignment (seed: 57266)...
WARNING: States(s) E, S rarely appear in partition tdi and may cause numerical problems

Create initial parsimony tree by phylogenetic likelihood library (PLL)... 0.001 seconds
Reading model parameters from file /Users/mful870/Desktop/MD_3di_Dev_02Oct24/Scriptorum/SubstitutionMatrix/3di_substmat
WARNING: Normalizing state frequencies so that sum of them equals to 1

NOTE: 1 MB RAM (0 GB) is required!
Estimate model parameters (epsilon = 0.100)
Initial log-likelihood: -4614.150
Current log-likelihood at step 1: -4494.427
Current log-likelihood at step 2: -4439.626
Current log-likelihood at step 3: -4439.179
Current log-likelihood at step 4: -4439.150
Partition-specific rates:  1.551 0.449
Parameters optimization took 3 rounds (0.062 sec)

Wrote distance file to... 
Computing ML distances based on estimated model parameters...
Calculating distance matrix: done in 3.00407e-05 secs using 86.55% CPU
Computing ML distances took 0.000074 sec (of wall-clock time) 0.000052 sec (of CPU time)
Setting up auxiliary I and S matrices: done in 2.69413e-05 secs using 74.24% CPU
Computing RapidNJ tree took 0.000129 sec (of wall-clock time) 0.000086 sec (of CPU time)
Log-likelihood of RapidNJ tree: -4770.155
--------------------------------------------------------------------
|             INITIALIZING CANDIDATE TREE SET                      |
--------------------------------------------------------------------
Generating 98 parsimony trees... 0.093 second
Computing log-likelihood of 93 initial trees ... 0.228 seconds
Current best score: -4439.150

Do NNI search on 20 best initial trees
Estimate model parameters (epsilon = 0.100)
Initial log-likelihood: -4439.150
Current log-likelihood at step 1: -4439.147
Parameters optimization took 0 rounds (0.007 sec)

BETTER TREE FOUND at iteration 1: -4439.147
Iteration 10 / LogL: -4439.543 / Time: 0h:0m:26s
Iteration 20 / LogL: -4439.376 / Time: 0h:0m:26s
Finish initializing candidate tree set (1)
Current best tree score: -4439.147 / CPU time: 0.776
Number of iterations: 20
--------------------------------------------------------------------
|               OPTIMIZING CANDIDATE TREE SET                      |
--------------------------------------------------------------------
Iteration 30 / LogL: -4439.467 / Time: 0h:0m:27s (0h:0m:2s left)
Iteration 40 / LogL: -4439.194 / Time: 0h:0m:27s (0h:0m:2s left)
Iteration 50 / LogL: -4439.232 / Time: 0h:0m:27s (0h:0m:1s left)
Iteration 60 / LogL: -4439.172 / Time: 0h:0m:28s (0h:0m:1s left)
Iteration 70 / LogL: -4439.227 / Time: 0h:0m:28s (0h:0m:1s left)
Iteration 80 / LogL: -4439.500 / Time: 0h:0m:28s (0h:0m:0s left)
Iteration 90 / LogL: -4439.373 / Time: 0h:0m:29s (0h:0m:0s left)
Iteration 100 / LogL: -4439.222 / Time: 0h:0m:29s (0h:0m:0s left)
TREE SEARCH COMPLETED AFTER 102 ITERATIONS / Time: 0h:0m:29s

--------------------------------------------------------------------
|                    FINALIZING TREE SEARCH                        |
--------------------------------------------------------------------
Performs final model parameters optimization
Estimate model parameters (epsilon = 0.010)
Initial log-likelihood: -4439.147
Current log-likelihood at step 1: -4439.147
Partition-specific rates:  1.552 0.448
Parameters optimization took 0 rounds (0.007 sec)

Partition information was printed to partition_file.nex.best_model.nex
BEST SCORE FOUND : -4439.147
Total tree length: 6.279

Total number of iterations: 102
CPU time used for tree search: 3.537 sec (0h:0m:3s)
Wall-clock time used for tree search: 3.403 sec (0h:0m:3s)
Total CPU time used: 30.547 sec (0h:0m:30s)
Total wall-clock time used: 29.426 sec (0h:0m:29s)

===> START BOOTSTRAP REPLICATE NUMBER 9

Creating bootstrap alignment (seed: 57267)...
WARNING: States(s) S rarely appear in partition tdi and may cause numerical problems

Create initial parsimony tree by phylogenetic likelihood library (PLL)... 0.000 seconds
Reading model parameters from file /Users/mful870/Desktop/MD_3di_Dev_02Oct24/Scriptorum/SubstitutionMatrix/3di_substmat
WARNING: Normalizing state frequencies so that sum of them equals to 1

NOTE: 1 MB RAM (0 GB) is required!
Estimate model parameters (epsilon = 0.100)
Initial log-likelihood: -4640.122
Current log-likelihood at step 1: -4533.870
Current log-likelihood at step 2: -4467.613
Current log-likelihood at step 3: -4467.520
Partition-specific rates:  1.512 0.488
Parameters optimization took 2 rounds (0.048 sec)

Wrote distance file to... 
Computing ML distances based on estimated model parameters...
Calculating distance matrix: done in 4.60148e-05 secs using 84.76% CPU
Computing ML distances took 0.000116 sec (of wall-clock time) 0.000082 sec (of CPU time)
Setting up auxiliary I and S matrices: done in 3.71933e-05 secs using 77.97% CPU
Computing RapidNJ tree took 0.000154 sec (of wall-clock time) 0.000094 sec (of CPU time)
Log-likelihood of RapidNJ tree: -4848.072
--------------------------------------------------------------------
|             INITIALIZING CANDIDATE TREE SET                      |
--------------------------------------------------------------------
Generating 98 parsimony trees... 0.086 second
Computing log-likelihood of 97 initial trees ... 0.236 seconds
Current best score: -4458.245

Do NNI search on 20 best initial trees
Estimate model parameters (epsilon = 0.100)
Initial log-likelihood: -4453.094
Current log-likelihood at step 1: -4452.710
Current log-likelihood at step 2: -4452.708
Parameters optimization took 1 rounds (0.021 sec)

BETTER TREE FOUND at iteration 1: -4452.708
Iteration 10 / LogL: -4452.761 / Time: 0h:0m:30s
Iteration 20 / LogL: -4452.998 / Time: 0h:0m:30s
Finish initializing candidate tree set (1)
Current best tree score: -4452.708 / CPU time: 0.768
Number of iterations: 20
--------------------------------------------------------------------
|               OPTIMIZING CANDIDATE TREE SET                      |
--------------------------------------------------------------------
UPDATE BEST LOG-LIKELIHOOD: -4452.708
Iteration 30 / LogL: -4452.708 / Time: 0h:0m:30s (0h:0m:2s left)
Iteration 40 / LogL: -4452.804 / Time: 0h:0m:30s (0h:0m:2s left)
UPDATE BEST LOG-LIKELIHOOD: -4452.708
Iteration 50 / LogL: -4453.158 / Time: 0h:0m:31s (0h:0m:1s left)
Iteration 60 / LogL: -4452.767 / Time: 0h:0m:31s (0h:0m:1s left)
UPDATE BEST LOG-LIKELIHOOD: -4452.708
Iteration 70 / LogL: -4453.097 / Time: 0h:0m:31s (0h:0m:1s left)
Iteration 80 / LogL: -4452.725 / Time: 0h:0m:32s (0h:0m:0s left)
UPDATE BEST LOG-LIKELIHOOD: -4452.708
UPDATE BEST LOG-LIKELIHOOD: -4452.708
UPDATE BEST LOG-LIKELIHOOD: -4452.708
Iteration 90 / LogL: -4452.708 / Time: 0h:0m:32s (0h:0m:0s left)
UPDATE BEST LOG-LIKELIHOOD: -4452.708
Iteration 100 / LogL: -4452.708 / Time: 0h:0m:32s (0h:0m:0s left)
TREE SEARCH COMPLETED AFTER 102 ITERATIONS / Time: 0h:0m:32s

--------------------------------------------------------------------
|                    FINALIZING TREE SEARCH                        |
--------------------------------------------------------------------
Performs final model parameters optimization
Estimate model parameters (epsilon = 0.010)
Initial log-likelihood: -4452.708
Current log-likelihood at step 1: -4452.708
Partition-specific rates:  1.510 0.490
Parameters optimization took 0 rounds (0.007 sec)

Partition information was printed to partition_file.nex.best_model.nex
BEST SCORE FOUND : -4452.708
Total tree length: 6.456

Total number of iterations: 102
CPU time used for tree search: 3.486 sec (0h:0m:3s)
Wall-clock time used for tree search: 3.377 sec (0h:0m:3s)
Total CPU time used: 34.164 sec (0h:0m:34s)
Total wall-clock time used: 32.916 sec (0h:0m:32s)

===> START BOOTSTRAP REPLICATE NUMBER 10

Creating bootstrap alignment (seed: 57268)...

Create initial parsimony tree by phylogenetic likelihood library (PLL)... 0.000 seconds
Reading model parameters from file /Users/mful870/Desktop/MD_3di_Dev_02Oct24/Scriptorum/SubstitutionMatrix/3di_substmat
WARNING: Normalizing state frequencies so that sum of them equals to 1

NOTE: 1 MB RAM (0 GB) is required!
Estimate model parameters (epsilon = 0.100)
Initial log-likelihood: -4820.191
Current log-likelihood at step 1: -4701.588
Current log-likelihood at step 2: -4648.344
Current log-likelihood at step 3: -4648.092
Current log-likelihood at step 4: -4648.082
Partition-specific rates:  1.555 0.445
Parameters optimization took 3 rounds (0.062 sec)

Wrote distance file to... 
Computing ML distances based on estimated model parameters...
Calculating distance matrix: done in 2.90871e-05 secs using 85.95% CPU
Computing ML distances took 0.000072 sec (of wall-clock time) 0.000052 sec (of CPU time)
Setting up auxiliary I and S matrices: done in 3.69549e-05 secs using 81.18% CPU
Computing RapidNJ tree took 0.000158 sec (of wall-clock time) 0.000093 sec (of CPU time)
Log-likelihood of RapidNJ tree: -5039.754
--------------------------------------------------------------------
|             INITIALIZING CANDIDATE TREE SET                      |
--------------------------------------------------------------------
Generating 98 parsimony trees... 0.087 second
Computing log-likelihood of 95 initial trees ... 0.231 seconds
Current best score: -4648.082

Do NNI search on 20 best initial trees
Estimate model parameters (epsilon = 0.100)
Initial log-likelihood: -4646.605
Current log-likelihood at step 1: -4646.560
Parameters optimization took 0 rounds (0.012 sec)

BETTER TREE FOUND at iteration 1: -4646.560
Iteration 10 / LogL: -4646.595 / Time: 0h:0m:33s
Iteration 20 / LogL: -4646.577 / Time: 0h:0m:33s
Finish initializing candidate tree set (1)
Current best tree score: -4646.560 / CPU time: 0.833
Number of iterations: 20
--------------------------------------------------------------------
|               OPTIMIZING CANDIDATE TREE SET                      |
--------------------------------------------------------------------
UPDATE BEST LOG-LIKELIHOOD: -4646.559
Iteration 30 / LogL: -4646.649 / Time: 0h:0m:34s (0h:0m:3s left)
Iteration 40 / LogL: -4646.582 / Time: 0h:0m:34s (0h:0m:2s left)
Iteration 50 / LogL: -4646.635 / Time: 0h:0m:35s (0h:0m:2s left)
Iteration 60 / LogL: -4646.784 / Time: 0h:0m:35s (0h:0m:1s left)
Iteration 70 / LogL: -4646.684 / Time: 0h:0m:35s (0h:0m:1s left)
Iteration 80 / LogL: -4646.675 / Time: 0h:0m:36s (0h:0m:0s left)
Iteration 90 / LogL: -4646.759 / Time: 0h:0m:36s (0h:0m:0s left)
Iteration 100 / LogL: -4646.581 / Time: 0h:0m:36s (0h:0m:0s left)
TREE SEARCH COMPLETED AFTER 102 ITERATIONS / Time: 0h:0m:36s

--------------------------------------------------------------------
|                    FINALIZING TREE SEARCH                        |
--------------------------------------------------------------------
Performs final model parameters optimization
Estimate model parameters (epsilon = 0.010)
Initial log-likelihood: -4646.559
Current log-likelihood at step 1: -4646.554
Partition-specific rates:  1.549 0.451
Parameters optimization took 0 rounds (0.008 sec)

Partition information was printed to partition_file.nex.best_model.nex
BEST SCORE FOUND : -4646.554
Total tree length: 6.534

Total number of iterations: 102
CPU time used for tree search: 4.017 sec (0h:0m:4s)
Wall-clock time used for tree search: 3.887 sec (0h:0m:3s)
Total CPU time used: 38.296 sec (0h:0m:38s)
Total wall-clock time used: 36.917 sec (0h:0m:36s)

===> START BOOTSTRAP REPLICATE NUMBER 11

Creating bootstrap alignment (seed: 57269)...

Create initial parsimony tree by phylogenetic likelihood library (PLL)... 0.001 seconds
Reading model parameters from file /Users/mful870/Desktop/MD_3di_Dev_02Oct24/Scriptorum/SubstitutionMatrix/3di_substmat
WARNING: Normalizing state frequencies so that sum of them equals to 1

NOTE: 1 MB RAM (0 GB) is required!
Estimate model parameters (epsilon = 0.100)
Initial log-likelihood: -4745.955
Current log-likelihood at step 1: -4632.136
Current log-likelihood at step 2: -4555.754
Current log-likelihood at step 3: -4552.145
Current log-likelihood at step 4: -4552.045
Current log-likelihood at step 5: -4552.041
Partition-specific rates:  1.623 0.377
Parameters optimization took 4 rounds (0.072 sec)

Wrote distance file to... 
Computing ML distances based on estimated model parameters...
Calculating distance matrix: done in 3.00407e-05 secs using 83.22% CPU
Computing ML distances took 0.000071 sec (of wall-clock time) 0.000052 sec (of CPU time)
Setting up auxiliary I and S matrices: done in 2.59876e-05 secs using 84.66% CPU
Computing RapidNJ tree took 0.000175 sec (of wall-clock time) 0.000091 sec (of CPU time)
Log-likelihood of RapidNJ tree: -4858.402
--------------------------------------------------------------------
|             INITIALIZING CANDIDATE TREE SET                      |
--------------------------------------------------------------------
Generating 98 parsimony trees... 0.099 second
Computing log-likelihood of 96 initial trees ... 0.252 seconds
Current best score: -4552.041

Do NNI search on 20 best initial trees
Estimate model parameters (epsilon = 0.100)
Initial log-likelihood: -4547.858
Current log-likelihood at step 1: -4547.818
Parameters optimization took 0 rounds (0.011 sec)

BETTER TREE FOUND at iteration 1: -4547.818
Iteration 10 / LogL: -4550.339 / Time: 0h:0m:37s
Iteration 20 / LogL: -4547.838 / Time: 0h:0m:37s
Finish initializing candidate tree set (2)
Current best tree score: -4547.818 / CPU time: 0.930
Number of iterations: 20
--------------------------------------------------------------------
|               OPTIMIZING CANDIDATE TREE SET                      |
--------------------------------------------------------------------
UPDATE BEST LOG-LIKELIHOOD: -4547.816
Iteration 30 / LogL: -4547.832 / Time: 0h:0m:38s (0h:0m:3s left)
UPDATE BEST LOG-LIKELIHOOD: -4547.815
Iteration 40 / LogL: -4547.860 / Time: 0h:0m:38s (0h:0m:2s left)
Iteration 50 / LogL: -4547.845 / Time: 0h:0m:39s (0h:0m:2s left)
Iteration 60 / LogL: -4547.891 / Time: 0h:0m:39s (0h:0m:1s left)
Iteration 70 / LogL: -4547.830 / Time: 0h:0m:39s (0h:0m:1s left)
UPDATE BEST LOG-LIKELIHOOD: -4547.815
Iteration 80 / LogL: -4547.848 / Time: 0h:0m:40s (0h:0m:0s left)
Iteration 90 / LogL: -4547.823 / Time: 0h:0m:40s (0h:0m:0s left)
Iteration 100 / LogL: -4547.844 / Time: 0h:0m:41s (0h:0m:0s left)
TREE SEARCH COMPLETED AFTER 102 ITERATIONS / Time: 0h:0m:41s

--------------------------------------------------------------------
|                    FINALIZING TREE SEARCH                        |
--------------------------------------------------------------------
Performs final model parameters optimization
Estimate model parameters (epsilon = 0.010)
Initial log-likelihood: -4547.815
Current log-likelihood at step 1: -4547.809
Partition-specific rates:  1.618 0.382
Parameters optimization took 0 rounds (0.011 sec)

Partition information was printed to partition_file.nex.best_model.nex
BEST SCORE FOUND : -4547.809
Total tree length: 6.979

Total number of iterations: 102
CPU time used for tree search: 4.224 sec (0h:0m:4s)
Wall-clock time used for tree search: 4.138 sec (0h:0m:4s)
Total CPU time used: 42.651 sec (0h:0m:42s)
Total wall-clock time used: 41.191 sec (0h:0m:41s)

===> START BOOTSTRAP REPLICATE NUMBER 12

Creating bootstrap alignment (seed: 57270)...

Create initial parsimony tree by phylogenetic likelihood library (PLL)... 0.001 seconds
Reading model parameters from file /Users/mful870/Desktop/MD_3di_Dev_02Oct24/Scriptorum/SubstitutionMatrix/3di_substmat
WARNING: Normalizing state frequencies so that sum of them equals to 1

NOTE: 1 MB RAM (0 GB) is required!
Estimate model parameters (epsilon = 0.100)
Initial log-likelihood: -4850.906
Current log-likelihood at step 1: -4744.878
Current log-likelihood at step 2: -4688.980
Current log-likelihood at step 3: -4688.791
Current log-likelihood at step 4: -4688.784
Partition-specific rates:  1.545 0.455
Parameters optimization took 3 rounds (0.074 sec)

Wrote distance file to... 
Computing ML distances based on estimated model parameters...
Calculating distance matrix: done in 3.09944e-05 secs using 87.11% CPU
Computing ML distances took 0.000076 sec (of wall-clock time) 0.000054 sec (of CPU time)
Setting up auxiliary I and S matrices: done in 2.88486e-05 secs using 79.73% CPU
Computing RapidNJ tree took 0.000120 sec (of wall-clock time) 0.000077 sec (of CPU time)
Log-likelihood of RapidNJ tree: -5049.707
--------------------------------------------------------------------
|             INITIALIZING CANDIDATE TREE SET                      |
--------------------------------------------------------------------
Generating 98 parsimony trees... 0.095 second
Computing log-likelihood of 95 initial trees ... 0.252 seconds
Current best score: -4686.407

Do NNI search on 20 best initial trees
Estimate model parameters (epsilon = 0.100)
Initial log-likelihood: -4680.531
Current log-likelihood at step 1: -4679.964
Current log-likelihood at step 2: -4679.923
Parameters optimization took 1 rounds (0.031 sec)

BETTER TREE FOUND at iteration 1: -4679.923
Iteration 10 / LogL: -4680.008 / Time: 0h:0m:41s
Iteration 20 / LogL: -4679.952 / Time: 0h:0m:42s
Finish initializing candidate tree set (3)
Current best tree score: -4679.923 / CPU time: 1.031
Number of iterations: 20
--------------------------------------------------------------------
|               OPTIMIZING CANDIDATE TREE SET                      |
--------------------------------------------------------------------
Iteration 30 / LogL: -4679.942 / Time: 0h:0m:42s (0h:0m:3s left)
Iteration 40 / LogL: -4680.207 / Time: 0h:0m:43s (0h:0m:2s left)
Iteration 50 / LogL: -4680.872 / Time: 0h:0m:43s (0h:0m:2s left)
Iteration 60 / LogL: -4679.940 / Time: 0h:0m:43s (0h:0m:1s left)
Iteration 70 / LogL: -4680.508 / Time: 0h:0m:44s (0h:0m:1s left)
Iteration 80 / LogL: -4681.193 / Time: 0h:0m:44s (0h:0m:0s left)
Iteration 90 / LogL: -4679.958 / Time: 0h:0m:44s (0h:0m:0s left)
Iteration 100 / LogL: -4680.850 / Time: 0h:0m:45s (0h:0m:0s left)
TREE SEARCH COMPLETED AFTER 102 ITERATIONS / Time: 0h:0m:45s

--------------------------------------------------------------------
|                    FINALIZING TREE SEARCH                        |
--------------------------------------------------------------------
Performs final model parameters optimization
Estimate model parameters (epsilon = 0.010)
Initial log-likelihood: -4679.923
Current log-likelihood at step 1: -4679.921
Partition-specific rates:  1.569 0.431
Parameters optimization took 0 rounds (0.007 sec)

Partition information was printed to partition_file.nex.best_model.nex
BEST SCORE FOUND : -4679.921
Total tree length: 6.479

Total number of iterations: 102
CPU time used for tree search: 3.965 sec (0h:0m:3s)
Wall-clock time used for tree search: 3.843 sec (0h:0m:3s)
Total CPU time used: 46.771 sec (0h:0m:46s)
Total wall-clock time used: 45.172 sec (0h:0m:45s)

===> START BOOTSTRAP REPLICATE NUMBER 13

Creating bootstrap alignment (seed: 57271)...
WARNING: States(s) S rarely appear in partition tdi and may cause numerical problems

Create initial parsimony tree by phylogenetic likelihood library (PLL)... 0.001 seconds
Reading model parameters from file /Users/mful870/Desktop/MD_3di_Dev_02Oct24/Scriptorum/SubstitutionMatrix/3di_substmat
WARNING: Normalizing state frequencies so that sum of them equals to 1

NOTE: 1 MB RAM (0 GB) is required!
Estimate model parameters (epsilon = 0.100)
Initial log-likelihood: -4693.994
Current log-likelihood at step 1: -4571.746
Current log-likelihood at step 2: -4513.266
Current log-likelihood at step 3: -4512.831
Current log-likelihood at step 4: -4512.791
Partition-specific rates:  1.586 0.414
Parameters optimization took 3 rounds (0.066 sec)

Wrote distance file to... 
Computing ML distances based on estimated model parameters...
Calculating distance matrix: done in 2.98023e-05 secs using 87.24% CPU
Computing ML distances took 0.000074 sec (of wall-clock time) 0.000053 sec (of CPU time)
Setting up auxiliary I and S matrices: done in 2.90871e-05 secs using 79.07% CPU
Computing RapidNJ tree took 0.000176 sec (of wall-clock time) 0.000082 sec (of CPU time)
Log-likelihood of RapidNJ tree: -4870.032
--------------------------------------------------------------------
|             INITIALIZING CANDIDATE TREE SET                      |
--------------------------------------------------------------------
Generating 98 parsimony trees... 0.081 second
Computing log-likelihood of 98 initial trees ... 0.234 seconds
Current best score: -4512.791

Do NNI search on 20 best initial trees
Estimate model parameters (epsilon = 0.100)
Initial log-likelihood: -4510.915
Current log-likelihood at step 1: -4510.911
Parameters optimization took 0 rounds (0.007 sec)

BETTER TREE FOUND at iteration 1: -4510.911
Estimate model parameters (epsilon = 0.100)
Initial log-likelihood: -4510.720
Current log-likelihood at step 1: -4510.602
Current log-likelihood at step 2: -4510.597
Parameters optimization took 1 rounds (0.018 sec)

BETTER TREE FOUND at iteration 2: -4510.597
Iteration 10 / LogL: -4511.363 / Time: 0h:0m:45s
Iteration 20 / LogL: -4511.633 / Time: 0h:0m:46s
Finish initializing candidate tree set (3)
Current best tree score: -4510.597 / CPU time: 0.852
Number of iterations: 20
--------------------------------------------------------------------
|               OPTIMIZING CANDIDATE TREE SET                      |
--------------------------------------------------------------------
Iteration 30 / LogL: -4511.022 / Time: 0h:0m:46s (0h:0m:3s left)
Iteration 40 / LogL: -4511.203 / Time: 0h:0m:46s (0h:0m:2s left)
Iteration 50 / LogL: -4510.984 / Time: 0h:0m:47s (0h:0m:2s left)
Iteration 60 / LogL: -4512.132 / Time: 0h:0m:47s (0h:0m:1s left)
Iteration 70 / LogL: -4511.362 / Time: 0h:0m:47s (0h:0m:1s left)
Iteration 80 / LogL: -4515.591 / Time: 0h:0m:48s (0h:0m:0s left)
Iteration 90 / LogL: -4511.020 / Time: 0h:0m:48s (0h:0m:0s left)
Iteration 100 / LogL: -4511.364 / Time: 0h:0m:48s (0h:0m:0s left)
TREE SEARCH COMPLETED AFTER 103 ITERATIONS / Time: 0h:0m:48s

--------------------------------------------------------------------
|                    FINALIZING TREE SEARCH                        |
--------------------------------------------------------------------
Performs final model parameters optimization
Estimate model parameters (epsilon = 0.010)
Initial log-likelihood: -4510.597
Current log-likelihood at step 1: -4510.597
Partition-specific rates:  1.593 0.407
Parameters optimization took 0 rounds (0.007 sec)

Partition information was printed to partition_file.nex.best_model.nex
BEST SCORE FOUND : -4510.597
Total tree length: 6.805

Total number of iterations: 103
CPU time used for tree search: 3.750 sec (0h:0m:3s)
Wall-clock time used for tree search: 3.605 sec (0h:0m:3s)
Total CPU time used: 50.639 sec (0h:0m:50s)
Total wall-clock time used: 48.890 sec (0h:0m:48s)

===> START BOOTSTRAP REPLICATE NUMBER 14

Creating bootstrap alignment (seed: 57272)...

Create initial parsimony tree by phylogenetic likelihood library (PLL)... 0.001 seconds
Reading model parameters from file /Users/mful870/Desktop/MD_3di_Dev_02Oct24/Scriptorum/SubstitutionMatrix/3di_substmat
WARNING: Normalizing state frequencies so that sum of them equals to 1

NOTE: 1 MB RAM (0 GB) is required!
Estimate model parameters (epsilon = 0.100)
Initial log-likelihood: -4745.039
Current log-likelihood at step 1: -4607.301
Current log-likelihood at step 2: -4537.590
Current log-likelihood at step 3: -4535.989
Current log-likelihood at step 4: -4535.938
Partition-specific rates:  1.619 0.381
Parameters optimization took 3 rounds (0.065 sec)

Wrote distance file to... 
Computing ML distances based on estimated model parameters...
Calculating distance matrix: done in 3.09944e-05 secs using 83.89% CPU
Computing ML distances took 0.000094 sec (of wall-clock time) 0.000053 sec (of CPU time)
Setting up auxiliary I and S matrices: done in 3.60012e-05 secs using 75% CPU
Computing RapidNJ tree took 0.000143 sec (of wall-clock time) 0.000091 sec (of CPU time)
Log-likelihood of RapidNJ tree: -4858.305
--------------------------------------------------------------------
|             INITIALIZING CANDIDATE TREE SET                      |
--------------------------------------------------------------------
Generating 98 parsimony trees... 0.084 second
Computing log-likelihood of 96 initial trees ... 0.236 seconds
Current best score: -4535.938

Do NNI search on 20 best initial trees
Estimate model parameters (epsilon = 0.100)
Initial log-likelihood: -4525.869
Current log-likelihood at step 1: -4525.695
Current log-likelihood at step 2: -4525.688
Parameters optimization took 1 rounds (0.025 sec)

BETTER TREE FOUND at iteration 1: -4525.688
Iteration 10 / LogL: -4526.138 / Time: 0h:0m:49s
Iteration 20 / LogL: -4525.868 / Time: 0h:0m:49s
Finish initializing candidate tree set (1)
Current best tree score: -4525.688 / CPU time: 0.881
Number of iterations: 20
--------------------------------------------------------------------
|               OPTIMIZING CANDIDATE TREE SET                      |
--------------------------------------------------------------------
UPDATE BEST LOG-LIKELIHOOD: -4525.688
Iteration 30 / LogL: -4525.809 / Time: 0h:0m:50s (0h:0m:3s left)
Iteration 40 / LogL: -4525.788 / Time: 0h:0m:50s (0h:0m:2s left)
Iteration 50 / LogL: -4525.794 / Time: 0h:0m:50s (0h:0m:1s left)
Iteration 60 / LogL: -4525.854 / Time: 0h:0m:51s (0h:0m:1s left)
Iteration 70 / LogL: -4525.699 / Time: 0h:0m:51s (0h:0m:1s left)
Iteration 80 / LogL: -4525.858 / Time: 0h:0m:51s (0h:0m:0s left)
Iteration 90 / LogL: -4525.698 / Time: 0h:0m:52s (0h:0m:0s left)
Iteration 100 / LogL: -4525.776 / Time: 0h:0m:52s (0h:0m:0s left)
TREE SEARCH COMPLETED AFTER 102 ITERATIONS / Time: 0h:0m:52s

--------------------------------------------------------------------
|                    FINALIZING TREE SEARCH                        |
--------------------------------------------------------------------
Performs final model parameters optimization
Estimate model parameters (epsilon = 0.010)
Initial log-likelihood: -4525.688
Current log-likelihood at step 1: -4525.687
Partition-specific rates:  1.609 0.391
Parameters optimization took 0 rounds (0.009 sec)

Partition information was printed to partition_file.nex.best_model.nex
BEST SCORE FOUND : -4525.687
Total tree length: 6.716

Total number of iterations: 102
CPU time used for tree search: 3.687 sec (0h:0m:3s)
Wall-clock time used for tree search: 3.555 sec (0h:0m:3s)
Total CPU time used: 54.463 sec (0h:0m:54s)
Total wall-clock time used: 52.568 sec (0h:0m:52s)

===> START BOOTSTRAP REPLICATE NUMBER 15

Creating bootstrap alignment (seed: 57273)...

Create initial parsimony tree by phylogenetic likelihood library (PLL)... 0.000 seconds
Reading model parameters from file /Users/mful870/Desktop/MD_3di_Dev_02Oct24/Scriptorum/SubstitutionMatrix/3di_substmat
WARNING: Normalizing state frequencies so that sum of them equals to 1

NOTE: 1 MB RAM (0 GB) is required!
Estimate model parameters (epsilon = 0.100)
Initial log-likelihood: -4785.663
Current log-likelihood at step 1: -4675.778
Current log-likelihood at step 2: -4611.315
Current log-likelihood at step 3: -4611.299
Partition-specific rates:  1.540 0.460
Parameters optimization took 2 rounds (0.055 sec)

Wrote distance file to... 
Computing ML distances based on estimated model parameters...
Calculating distance matrix: done in 2.88486e-05 secs using 86.66% CPU
Computing ML distances took 0.000081 sec (of wall-clock time) 0.000052 sec (of CPU time)
Setting up auxiliary I and S matrices: done in 3.00407e-05 secs using 76.56% CPU
Computing RapidNJ tree took 0.000126 sec (of wall-clock time) 0.000077 sec (of CPU time)
Log-likelihood of RapidNJ tree: -4996.303
--------------------------------------------------------------------
|             INITIALIZING CANDIDATE TREE SET                      |
--------------------------------------------------------------------
Generating 98 parsimony trees... 0.094 second
Computing log-likelihood of 97 initial trees ... 0.280 seconds
Current best score: -4611.299

Do NNI search on 20 best initial trees
Estimate model parameters (epsilon = 0.100)
Initial log-likelihood: -4595.047
Current log-likelihood at step 1: -4594.874
Current log-likelihood at step 2: -4594.859
Parameters optimization took 1 rounds (0.024 sec)

BETTER TREE FOUND at iteration 1: -4594.859
Iteration 10 / LogL: -4594.893 / Time: 0h:0m:53s
Iteration 20 / LogL: -4594.913 / Time: 0h:0m:53s
Finish initializing candidate tree set (1)
Current best tree score: -4594.859 / CPU time: 1.015
Number of iterations: 20
--------------------------------------------------------------------
|               OPTIMIZING CANDIDATE TREE SET                      |
--------------------------------------------------------------------
UPDATE BEST LOG-LIKELIHOOD: -4594.859
Iteration 30 / LogL: -4594.859 / Time: 0h:0m:53s (0h:0m:3s left)
UPDATE BEST LOG-LIKELIHOOD: -4594.859
Iteration 40 / LogL: -4594.911 / Time: 0h:0m:54s (0h:0m:2s left)
UPDATE BEST LOG-LIKELIHOOD: -4594.859
Iteration 50 / LogL: -4594.859 / Time: 0h:0m:54s (0h:0m:2s left)
Iteration 60 / LogL: -4594.875 / Time: 0h:0m:54s (0h:0m:1s left)
Iteration 70 / LogL: -4594.928 / Time: 0h:0m:55s (0h:0m:1s left)
Iteration 80 / LogL: -4595.678 / Time: 0h:0m:55s (0h:0m:0s left)
Iteration 90 / LogL: -4601.060 / Time: 0h:0m:55s (0h:0m:0s left)
Iteration 100 / LogL: -4595.090 / Time: 0h:0m:56s (0h:0m:0s left)
TREE SEARCH COMPLETED AFTER 102 ITERATIONS / Time: 0h:0m:56s

--------------------------------------------------------------------
|                    FINALIZING TREE SEARCH                        |
--------------------------------------------------------------------
Performs final model parameters optimization
Estimate model parameters (epsilon = 0.010)
Initial log-likelihood: -4594.859
Current log-likelihood at step 1: -4594.858
Partition-specific rates:  1.557 0.443
Parameters optimization took 0 rounds (0.007 sec)

Partition information was printed to partition_file.nex.best_model.nex
BEST SCORE FOUND : -4594.858
Total tree length: 6.682

Total number of iterations: 102
CPU time used for tree search: 3.559 sec (0h:0m:3s)
Wall-clock time used for tree search: 3.461 sec (0h:0m:3s)
Total CPU time used: 58.216 sec (0h:0m:58s)
Total wall-clock time used: 56.182 sec (0h:0m:56s)

===> START BOOTSTRAP REPLICATE NUMBER 16

Creating bootstrap alignment (seed: 57274)...

Create initial parsimony tree by phylogenetic likelihood library (PLL)... 0.000 seconds
Reading model parameters from file /Users/mful870/Desktop/MD_3di_Dev_02Oct24/Scriptorum/SubstitutionMatrix/3di_substmat
WARNING: Normalizing state frequencies so that sum of them equals to 1

NOTE: 1 MB RAM (0 GB) is required!
Estimate model parameters (epsilon = 0.100)
Initial log-likelihood: -4534.310
Current log-likelihood at step 1: -4424.212
Current log-likelihood at step 2: -4367.282
Current log-likelihood at step 3: -4367.096
Current log-likelihood at step 4: -4367.089
Partition-specific rates:  1.526 0.474
Parameters optimization took 3 rounds (0.055 sec)

Wrote distance file to... 
Computing ML distances based on estimated model parameters...
Calculating distance matrix: done in 3.00407e-05 secs using 83.22% CPU
Computing ML distances took 0.000069 sec (of wall-clock time) 0.000052 sec (of CPU time)
Setting up auxiliary I and S matrices: done in 2.69413e-05 secs using 77.95% CPU
Computing RapidNJ tree took 0.000106 sec (of wall-clock time) 0.000072 sec (of CPU time)
Log-likelihood of RapidNJ tree: -4721.723
--------------------------------------------------------------------
|             INITIALIZING CANDIDATE TREE SET                      |
--------------------------------------------------------------------
Generating 98 parsimony trees... 0.084 second
Computing log-likelihood of 94 initial trees ... 0.215 seconds
Current best score: -4367.089

Do NNI search on 20 best initial trees
Estimate model parameters (epsilon = 0.100)
Initial log-likelihood: -4367.089
Current log-likelihood at step 1: -4367.088
Parameters optimization took 0 rounds (0.007 sec)

BETTER TREE FOUND at iteration 1: -4367.088
BETTER TREE FOUND at iteration 2: -4367.079
Iteration 10 / LogL: -4367.096 / Time: 0h:0m:56s
UPDATE BEST LOG-LIKELIHOOD: -4367.070
Iteration 20 / LogL: -4367.218 / Time: 0h:0m:57s
Finish initializing candidate tree set (2)
Current best tree score: -4367.070 / CPU time: 0.835
Number of iterations: 20
--------------------------------------------------------------------
|               OPTIMIZING CANDIDATE TREE SET                      |
--------------------------------------------------------------------
UPDATE BEST LOG-LIKELIHOOD: -4367.070
Iteration 30 / LogL: -4367.128 / Time: 0h:0m:57s (0h:0m:3s left)
Estimate model parameters (epsilon = 0.100)
Initial log-likelihood: -4367.043
Current log-likelihood at step 1: -4366.949
Parameters optimization took 0 rounds (0.011 sec)

UPDATE BEST LOG-LIKELIHOOD: -4366.949
Iteration 40 / LogL: -4367.304 / Time: 0h:0m:57s (0h:0m:2s left)
Iteration 50 / LogL: -4367.359 / Time: 0h:0m:58s (0h:0m:2s left)
Iteration 60 / LogL: -4367.342 / Time: 0h:0m:58s (0h:0m:1s left)
Iteration 70 / LogL: -4367.194 / Time: 0h:0m:58s (0h:0m:1s left)
Iteration 80 / LogL: -4367.599 / Time: 0h:0m:59s (0h:0m:0s left)
Iteration 90 / LogL: -4367.118 / Time: 0h:0m:59s (0h:0m:0s left)
Iteration 100 / LogL: -4367.019 / Time: 0h:0m:59s (0h:0m:0s left)
TREE SEARCH COMPLETED AFTER 103 ITERATIONS / Time: 0h:0m:59s

--------------------------------------------------------------------
|                    FINALIZING TREE SEARCH                        |
--------------------------------------------------------------------
Performs final model parameters optimization
Estimate model parameters (epsilon = 0.010)
Initial log-likelihood: -4366.949
Current log-likelihood at step 1: -4366.942
Partition-specific rates:  1.513 0.487
Parameters optimization took 0 rounds (0.007 sec)

Partition information was printed to partition_file.nex.best_model.nex
BEST SCORE FOUND : -4366.942
Total tree length: 6.522

Total number of iterations: 103
CPU time used for tree search: 3.723 sec (0h:0m:3s)
Wall-clock time used for tree search: 3.590 sec (0h:0m:3s)
Total CPU time used: 62.060 sec (0h:1m:2s)
Total wall-clock time used: 59.880 sec (0h:0m:59s)

===> START BOOTSTRAP REPLICATE NUMBER 17

Creating bootstrap alignment (seed: 57275)...

Create initial parsimony tree by phylogenetic likelihood library (PLL)... 0.001 seconds
Reading model parameters from file /Users/mful870/Desktop/MD_3di_Dev_02Oct24/Scriptorum/SubstitutionMatrix/3di_substmat
WARNING: Normalizing state frequencies so that sum of them equals to 1

NOTE: 1 MB RAM (0 GB) is required!
Estimate model parameters (epsilon = 0.100)
Initial log-likelihood: -4684.439
Current log-likelihood at step 1: -4543.743
Current log-likelihood at step 2: -4468.199
Current log-likelihood at step 3: -4467.722
Current log-likelihood at step 4: -4467.677
Partition-specific rates:  1.564 0.436
Parameters optimization took 3 rounds (0.064 sec)

Wrote distance file to... 
Computing ML distances based on estimated model parameters...
Calculating distance matrix: done in 3.19481e-05 secs using 84.51% CPU
Computing ML distances took 0.000074 sec (of wall-clock time) 0.000055 sec (of CPU time)
Setting up auxiliary I and S matrices: done in 2.7895e-05 secs using 75.28% CPU
Computing RapidNJ tree took 0.000113 sec (of wall-clock time) 0.000074 sec (of CPU time)
Log-likelihood of RapidNJ tree: -4837.767
--------------------------------------------------------------------
|             INITIALIZING CANDIDATE TREE SET                      |
--------------------------------------------------------------------
Generating 98 parsimony trees... 0.105 second
Computing log-likelihood of 93 initial trees ... 0.222 seconds
Current best score: -4467.677

Do NNI search on 20 best initial trees
Estimate model parameters (epsilon = 0.100)
Initial log-likelihood: -4459.552
Current log-likelihood at step 1: -4459.354
Current log-likelihood at step 2: -4459.353
Parameters optimization took 1 rounds (0.022 sec)

BETTER TREE FOUND at iteration 1: -4459.353
Iteration 10 / LogL: -4459.500 / Time: 0h:1m:0s
Iteration 20 / LogL: -4459.505 / Time: 0h:1m:0s
Finish initializing candidate tree set (2)
Current best tree score: -4459.353 / CPU time: 0.920
Number of iterations: 20
--------------------------------------------------------------------
|               OPTIMIZING CANDIDATE TREE SET                      |
--------------------------------------------------------------------
Iteration 30 / LogL: -4459.386 / Time: 0h:1m:1s (0h:0m:3s left)
Iteration 40 / LogL: -4460.346 / Time: 0h:1m:1s (0h:0m:2s left)
Iteration 50 / LogL: -4466.881 / Time: 0h:1m:1s (0h:0m:2s left)
Iteration 60 / LogL: -4461.657 / Time: 0h:1m:2s (0h:0m:1s left)
Iteration 70 / LogL: -4459.423 / Time: 0h:1m:2s (0h:0m:1s left)
Iteration 80 / LogL: -4466.861 / Time: 0h:1m:2s (0h:0m:0s left)
Iteration 90 / LogL: -4460.999 / Time: 0h:1m:3s (0h:0m:0s left)
Iteration 100 / LogL: -4466.783 / Time: 0h:1m:3s (0h:0m:0s left)
TREE SEARCH COMPLETED AFTER 102 ITERATIONS / Time: 0h:1m:3s

--------------------------------------------------------------------
|                    FINALIZING TREE SEARCH                        |
--------------------------------------------------------------------
Performs final model parameters optimization
Estimate model parameters (epsilon = 0.010)
Initial log-likelihood: -4459.353
Current log-likelihood at step 1: -4459.353
Partition-specific rates:  1.564 0.436
Parameters optimization took 0 rounds (0.007 sec)

Partition information was printed to partition_file.nex.best_model.nex
BEST SCORE FOUND : -4459.353
Total tree length: 7.017

Total number of iterations: 102
CPU time used for tree search: 3.723 sec (0h:0m:3s)
Wall-clock time used for tree search: 3.592 sec (0h:0m:3s)
Total CPU time used: 65.929 sec (0h:1m:5s)
Total wall-clock time used: 63.602 sec (0h:1m:3s)

===> START BOOTSTRAP REPLICATE NUMBER 18

Creating bootstrap alignment (seed: 57276)...

Create initial parsimony tree by phylogenetic likelihood library (PLL)... 0.001 seconds
Reading model parameters from file /Users/mful870/Desktop/MD_3di_Dev_02Oct24/Scriptorum/SubstitutionMatrix/3di_substmat
WARNING: Normalizing state frequencies so that sum of them equals to 1

NOTE: 1 MB RAM (0 GB) is required!
Estimate model parameters (epsilon = 0.100)
Initial log-likelihood: -5033.028
Current log-likelihood at step 1: -4924.883
Current log-likelihood at step 2: -4862.389
Current log-likelihood at step 3: -4862.153
Current log-likelihood at step 4: -4862.127
Partition-specific rates:  1.591 0.409
Parameters optimization took 3 rounds (0.061 sec)

Wrote distance file to... 
Computing ML distances based on estimated model parameters...
Calculating distance matrix: done in 3.09944e-05 secs using 83.89% CPU
Computing ML distances took 0.000072 sec (of wall-clock time) 0.000053 sec (of CPU time)
Setting up auxiliary I and S matrices: done in 3.50475e-05 secs using 79.89% CPU
Computing RapidNJ tree took 0.000143 sec (of wall-clock time) 0.000088 sec (of CPU time)
Log-likelihood of RapidNJ tree: -5247.718
--------------------------------------------------------------------
|             INITIALIZING CANDIDATE TREE SET                      |
--------------------------------------------------------------------
Generating 98 parsimony trees... 0.096 second
Computing log-likelihood of 96 initial trees ... 0.239 seconds
Current best score: -4862.127

Do NNI search on 20 best initial trees
Estimate model parameters (epsilon = 0.100)
Initial log-likelihood: -4862.127
Current log-likelihood at step 1: -4862.125
Parameters optimization took 0 rounds (0.012 sec)

BETTER TREE FOUND at iteration 1: -4862.125
Iteration 10 / LogL: -4862.299 / Time: 0h:1m:4s
Iteration 20 / LogL: -4862.297 / Time: 0h:1m:4s
Finish initializing candidate tree set (2)
Current best tree score: -4862.125 / CPU time: 0.947
Number of iterations: 20
--------------------------------------------------------------------
|               OPTIMIZING CANDIDATE TREE SET                      |
--------------------------------------------------------------------
UPDATE BEST LOG-LIKELIHOOD: -4862.125
Iteration 30 / LogL: -4862.183 / Time: 0h:1m:4s (0h:0m:3s left)
Iteration 40 / LogL: -4895.414 / Time: 0h:1m:5s (0h:0m:2s left)
Iteration 50 / LogL: -4862.423 / Time: 0h:1m:5s (0h:0m:2s left)
Iteration 60 / LogL: -4862.125 / Time: 0h:1m:5s (0h:0m:1s left)
Iteration 70 / LogL: -4862.740 / Time: 0h:1m:6s (0h:0m:1s left)
Iteration 80 / LogL: -4862.710 / Time: 0h:1m:6s (0h:0m:0s left)
Iteration 90 / LogL: -4862.622 / Time: 0h:1m:6s (0h:0m:0s left)
Iteration 100 / LogL: -4862.445 / Time: 0h:1m:7s (0h:0m:0s left)
TREE SEARCH COMPLETED AFTER 102 ITERATIONS / Time: 0h:1m:7s

--------------------------------------------------------------------
|                    FINALIZING TREE SEARCH                        |
--------------------------------------------------------------------
Performs final model parameters optimization
Estimate model parameters (epsilon = 0.010)
Initial log-likelihood: -4862.125
Current log-likelihood at step 1: -4862.125
Partition-specific rates:  1.592 0.408
Parameters optimization took 0 rounds (0.007 sec)

Partition information was printed to partition_file.nex.best_model.nex
BEST SCORE FOUND : -4862.125
Total tree length: 7.207

Total number of iterations: 102
CPU time used for tree search: 3.807 sec (0h:0m:3s)
Wall-clock time used for tree search: 3.685 sec (0h:0m:3s)
Total CPU time used: 69.874 sec (0h:1m:9s)
Total wall-clock time used: 67.409 sec (0h:1m:7s)

===> START BOOTSTRAP REPLICATE NUMBER 19

Creating bootstrap alignment (seed: 57277)...

Create initial parsimony tree by phylogenetic likelihood library (PLL)... 0.001 seconds
Reading model parameters from file /Users/mful870/Desktop/MD_3di_Dev_02Oct24/Scriptorum/SubstitutionMatrix/3di_substmat
WARNING: Normalizing state frequencies so that sum of them equals to 1

NOTE: 1 MB RAM (0 GB) is required!
Estimate model parameters (epsilon = 0.100)
Initial log-likelihood: -4682.181
Current log-likelihood at step 1: -4543.663
Current log-likelihood at step 2: -4470.781
Current log-likelihood at step 3: -4466.731
Current log-likelihood at step 4: -4466.676
Partition-specific rates:  1.581 0.419
Parameters optimization took 3 rounds (0.065 sec)

Wrote distance file to... 
Computing ML distances based on estimated model parameters...
Calculating distance matrix: done in 3.00407e-05 secs using 86.55% CPU
Computing ML distances took 0.000079 sec (of wall-clock time) 0.000055 sec (of CPU time)
Setting up auxiliary I and S matrices: done in 2.88486e-05 secs using 83.19% CPU
Computing RapidNJ tree took 0.000187 sec (of wall-clock time) 0.000097 sec (of CPU time)
Log-likelihood of RapidNJ tree: -4755.470
--------------------------------------------------------------------
|             INITIALIZING CANDIDATE TREE SET                      |
--------------------------------------------------------------------
Generating 98 parsimony trees... 0.096 second
Computing log-likelihood of 97 initial trees ... 0.241 seconds
Current best score: -4466.676

Do NNI search on 20 best initial trees
Estimate model parameters (epsilon = 0.100)
Initial log-likelihood: -4454.225
Current log-likelihood at step 1: -4454.187
Parameters optimization took 0 rounds (0.012 sec)

BETTER TREE FOUND at iteration 1: -4454.187
Iteration 10 / LogL: -4454.197 / Time: 0h:1m:8s
Iteration 20 / LogL: -4454.229 / Time: 0h:1m:8s
Finish initializing candidate tree set (3)
Current best tree score: -4454.187 / CPU time: 0.878
Number of iterations: 20
--------------------------------------------------------------------
|               OPTIMIZING CANDIDATE TREE SET                      |
--------------------------------------------------------------------
UPDATE BEST LOG-LIKELIHOOD: -4454.187
Iteration 30 / LogL: -4456.482 / Time: 0h:1m:8s (0h:0m:3s left)
Iteration 40 / LogL: -4454.223 / Time: 0h:1m:8s (0h:0m:2s left)
Iteration 50 / LogL: -4454.253 / Time: 0h:1m:9s (0h:0m:1s left)
Iteration 60 / LogL: -4456.451 / Time: 0h:1m:9s (0h:0m:1s left)
Iteration 70 / LogL: -4456.457 / Time: 0h:1m:9s (0h:0m:1s left)
Iteration 80 / LogL: -4456.657 / Time: 0h:1m:10s (0h:0m:0s left)
Iteration 90 / LogL: -4456.677 / Time: 0h:1m:10s (0h:0m:0s left)
Iteration 100 / LogL: -4454.229 / Time: 0h:1m:11s (0h:0m:0s left)
TREE SEARCH COMPLETED AFTER 102 ITERATIONS / Time: 0h:1m:11s

--------------------------------------------------------------------
|                    FINALIZING TREE SEARCH                        |
--------------------------------------------------------------------
Performs final model parameters optimization
Estimate model parameters (epsilon = 0.010)
Initial log-likelihood: -4454.187
Current log-likelihood at step 1: -4454.186
Partition-specific rates:  1.585 0.415
Parameters optimization took 0 rounds (0.009 sec)

Partition information was printed to partition_file.nex.best_model.nex
BEST SCORE FOUND : -4454.186
Total tree length: 7.187

Total number of iterations: 102
CPU time used for tree search: 3.747 sec (0h:0m:3s)
Wall-clock time used for tree search: 3.607 sec (0h:0m:3s)
Total CPU time used: 73.743 sec (0h:1m:13s)
Total wall-clock time used: 71.132 sec (0h:1m:11s)

===> START BOOTSTRAP REPLICATE NUMBER 20

Creating bootstrap alignment (seed: 57278)...

Create initial parsimony tree by phylogenetic likelihood library (PLL)... 0.001 seconds
Reading model parameters from file /Users/mful870/Desktop/MD_3di_Dev_02Oct24/Scriptorum/SubstitutionMatrix/3di_substmat
WARNING: Normalizing state frequencies so that sum of them equals to 1

NOTE: 1 MB RAM (0 GB) is required!
Estimate model parameters (epsilon = 0.100)
Initial log-likelihood: -4891.877
Current log-likelihood at step 1: -4770.315
Current log-likelihood at step 2: -4711.102
Current log-likelihood at step 3: -4710.977
Current log-likelihood at step 4: -4710.961
Partition-specific rates:  1.591 0.409
Parameters optimization took 3 rounds (0.071 sec)

Wrote distance file to... 
Computing ML distances based on estimated model parameters...
Calculating distance matrix: done in 4.50611e-05 secs using 84.33% CPU
Computing ML distances took 0.000120 sec (of wall-clock time) 0.000083 sec (of CPU time)
Setting up auxiliary I and S matrices: done in 2.28882e-05 secs using 83.01% CPU
Computing RapidNJ tree took 0.000087 sec (of wall-clock time) 0.000058 sec (of CPU time)
Log-likelihood of RapidNJ tree: -5074.308
--------------------------------------------------------------------
|             INITIALIZING CANDIDATE TREE SET                      |
--------------------------------------------------------------------
Generating 98 parsimony trees... 0.082 second
Computing log-likelihood of 97 initial trees ... 0.243 seconds
Current best score: -4705.138

Do NNI search on 20 best initial trees
Estimate model parameters (epsilon = 0.100)
Initial log-likelihood: -4692.800
Current log-likelihood at step 1: -4692.716
Parameters optimization took 0 rounds (0.011 sec)

BETTER TREE FOUND at iteration 1: -4692.716
Iteration 10 / LogL: -4692.985 / Time: 0h:1m:11s
Iteration 20 / LogL: -4692.758 / Time: 0h:1m:12s
Finish initializing candidate tree set (1)
Current best tree score: -4692.716 / CPU time: 0.952
Number of iterations: 20
--------------------------------------------------------------------
|               OPTIMIZING CANDIDATE TREE SET                      |
--------------------------------------------------------------------
UPDATE BEST LOG-LIKELIHOOD: -4692.712
Iteration 30 / LogL: -4692.780 / Time: 0h:1m:12s (0h:0m:3s left)
Iteration 40 / LogL: -4692.764 / Time: 0h:1m:12s (0h:0m:2s left)
UPDATE BEST LOG-LIKELIHOOD: -4692.711
Iteration 50 / LogL: -4692.711 / Time: 0h:1m:13s (0h:0m:2s left)
UPDATE BEST LOG-LIKELIHOOD: -4692.711
Iteration 60 / LogL: -4692.733 / Time: 0h:1m:13s (0h:0m:1s left)
Iteration 70 / LogL: -4692.765 / Time: 0h:1m:13s (0h:0m:1s left)
Iteration 80 / LogL: -4701.670 / Time: 0h:1m:14s (0h:0m:0s left)
Iteration 90 / LogL: -4692.729 / Time: 0h:1m:14s (0h:0m:0s left)
Iteration 100 / LogL: -4692.754 / Time: 0h:1m:15s (0h:0m:0s left)
TREE SEARCH COMPLETED AFTER 102 ITERATIONS / Time: 0h:1m:15s

--------------------------------------------------------------------
|                    FINALIZING TREE SEARCH                        |
--------------------------------------------------------------------
Performs final model parameters optimization
Estimate model parameters (epsilon = 0.010)
Initial log-likelihood: -4692.711
Current log-likelihood at step 1: -4692.709
Partition-specific rates:  1.589 0.411
Parameters optimization took 0 rounds (0.007 sec)

Partition information was printed to partition_file.nex.best_model.nex
BEST SCORE FOUND : -4692.709
Total tree length: 6.587

Total number of iterations: 102
CPU time used for tree search: 4.005 sec (0h:0m:4s)
Wall-clock time used for tree search: 3.868 sec (0h:0m:3s)
Total CPU time used: 77.876 sec (0h:1m:17s)
Total wall-clock time used: 75.123 sec (0h:1m:15s)

===> START BOOTSTRAP REPLICATE NUMBER 21

Creating bootstrap alignment (seed: 57279)...
WARNING: States(s) S rarely appear in partition tdi and may cause numerical problems

Create initial parsimony tree by phylogenetic likelihood library (PLL)... 0.001 seconds
Reading model parameters from file /Users/mful870/Desktop/MD_3di_Dev_02Oct24/Scriptorum/SubstitutionMatrix/3di_substmat
WARNING: Normalizing state frequencies so that sum of them equals to 1

NOTE: 1 MB RAM (0 GB) is required!
Estimate model parameters (epsilon = 0.100)
Initial log-likelihood: -4734.953
Current log-likelihood at step 1: -4611.550
Current log-likelihood at step 2: -4550.178
Current log-likelihood at step 3: -4549.852
Current log-likelihood at step 4: -4549.805
Partition-specific rates:  1.558 0.442
Parameters optimization took 3 rounds (0.063 sec)

Wrote distance file to... 
Computing ML distances based on estimated model parameters...
Calculating distance matrix: done in 2.88486e-05 secs using 83.19% CPU
Computing ML distances took 0.000070 sec (of wall-clock time) 0.000051 sec (of CPU time)
Setting up auxiliary I and S matrices: done in 3.50475e-05 secs using 77.04% CPU
Computing RapidNJ tree took 0.000202 sec (of wall-clock time) 0.000104 sec (of CPU time)
Log-likelihood of RapidNJ tree: -4970.138
--------------------------------------------------------------------
|             INITIALIZING CANDIDATE TREE SET                      |
--------------------------------------------------------------------
Generating 98 parsimony trees... 0.087 second
Computing log-likelihood of 97 initial trees ... 0.226 seconds
Current best score: -4543.522

Do NNI search on 20 best initial trees
Estimate model parameters (epsilon = 0.100)
Initial log-likelihood: -4529.197
Current log-likelihood at step 1: -4528.827
Current log-likelihood at step 2: -4528.814
Parameters optimization took 1 rounds (0.025 sec)

BETTER TREE FOUND at iteration 1: -4528.814
Iteration 10 / LogL: -4528.858 / Time: 0h:1m:15s
Iteration 20 / LogL: -4528.906 / Time: 0h:1m:16s
Finish initializing candidate tree set (1)
Current best tree score: -4528.814 / CPU time: 0.934
Number of iterations: 20
--------------------------------------------------------------------
|               OPTIMIZING CANDIDATE TREE SET                      |
--------------------------------------------------------------------
Iteration 30 / LogL: -4528.848 / Time: 0h:1m:16s (0h:0m:3s left)
Iteration 40 / LogL: -4528.843 / Time: 0h:1m:16s (0h:0m:2s left)
Iteration 50 / LogL: -4528.833 / Time: 0h:1m:17s (0h:0m:2s left)
Iteration 60 / LogL: -4528.847 / Time: 0h:1m:17s (0h:0m:1s left)
Iteration 70 / LogL: -4528.897 / Time: 0h:1m:17s (0h:0m:1s left)
Iteration 80 / LogL: -4528.995 / Time: 0h:1m:18s (0h:0m:0s left)
Iteration 90 / LogL: -4529.089 / Time: 0h:1m:18s (0h:0m:0s left)
Iteration 100 / LogL: -4528.863 / Time: 0h:1m:18s (0h:0m:0s left)
TREE SEARCH COMPLETED AFTER 102 ITERATIONS / Time: 0h:1m:19s

--------------------------------------------------------------------
|                    FINALIZING TREE SEARCH                        |
--------------------------------------------------------------------
Performs final model parameters optimization
Estimate model parameters (epsilon = 0.010)
Initial log-likelihood: -4528.814
Current log-likelihood at step 1: -4528.813
Partition-specific rates:  1.545 0.455
Parameters optimization took 0 rounds (0.007 sec)

Partition information was printed to partition_file.nex.best_model.nex
BEST SCORE FOUND : -4528.813
Total tree length: 7.305

Total number of iterations: 102
CPU time used for tree search: 3.988 sec (0h:0m:3s)
Wall-clock time used for tree search: 3.863 sec (0h:0m:3s)
Total CPU time used: 81.986 sec (0h:1m:21s)
Total wall-clock time used: 79.100 sec (0h:1m:19s)

===> START BOOTSTRAP REPLICATE NUMBER 22

Creating bootstrap alignment (seed: 57280)...
WARNING: States(s) S rarely appear in partition tdi and may cause numerical problems

Create initial parsimony tree by phylogenetic likelihood library (PLL)... 0.001 seconds
Reading model parameters from file /Users/mful870/Desktop/MD_3di_Dev_02Oct24/Scriptorum/SubstitutionMatrix/3di_substmat
WARNING: Normalizing state frequencies so that sum of them equals to 1

NOTE: 1 MB RAM (0 GB) is required!
Estimate model parameters (epsilon = 0.100)
Initial log-likelihood: -4862.359
Current log-likelihood at step 1: -4725.479
Current log-likelihood at step 2: -4667.625
Current log-likelihood at step 3: -4667.496
Current log-likelihood at step 4: -4667.484
Partition-specific rates:  1.553 0.447
Parameters optimization took 3 rounds (0.062 sec)

Wrote distance file to... 
Computing ML distances based on estimated model parameters...
Calculating distance matrix: done in 3.31402e-05 secs using 81.47% CPU
Computing ML distances took 0.000081 sec (of wall-clock time) 0.000058 sec (of CPU time)
Setting up auxiliary I and S matrices: done in 3.29018e-05 secs using 79.02% CPU
Computing RapidNJ tree took 0.000155 sec (of wall-clock time) 0.000093 sec (of CPU time)
Log-likelihood of RapidNJ tree: -5050.967
--------------------------------------------------------------------
|             INITIALIZING CANDIDATE TREE SET                      |
--------------------------------------------------------------------
Generating 98 parsimony trees... 0.091 second
Computing log-likelihood of 92 initial trees ... 0.212 seconds
Current best score: -4652.684

Do NNI search on 20 best initial trees
Estimate model parameters (epsilon = 0.100)
Initial log-likelihood: -4630.331
Current log-likelihood at step 1: -4629.907
Current log-likelihood at step 2: -4629.849
Parameters optimization took 1 rounds (0.027 sec)

BETTER TREE FOUND at iteration 1: -4629.849
Iteration 10 / LogL: -4630.013 / Time: 0h:1m:19s
Iteration 20 / LogL: -4629.865 / Time: 0h:1m:20s
Finish initializing candidate tree set (1)
Current best tree score: -4629.849 / CPU time: 0.941
Number of iterations: 20
--------------------------------------------------------------------
|               OPTIMIZING CANDIDATE TREE SET                      |
--------------------------------------------------------------------
Iteration 30 / LogL: -4630.531 / Time: 0h:1m:20s (0h:0m:3s left)
Iteration 40 / LogL: -4634.265 / Time: 0h:1m:20s (0h:0m:2s left)
Iteration 50 / LogL: -4630.136 / Time: 0h:1m:21s (0h:0m:1s left)
Iteration 60 / LogL: -4629.921 / Time: 0h:1m:21s (0h:0m:1s left)
Iteration 70 / LogL: -4629.921 / Time: 0h:1m:21s (0h:0m:1s left)
Iteration 80 / LogL: -4629.921 / Time: 0h:1m:21s (0h:0m:0s left)
Iteration 90 / LogL: -4629.916 / Time: 0h:1m:22s (0h:0m:0s left)
Iteration 100 / LogL: -4629.982 / Time: 0h:1m:22s (0h:0m:0s left)
TREE SEARCH COMPLETED AFTER 102 ITERATIONS / Time: 0h:1m:22s

--------------------------------------------------------------------
|                    FINALIZING TREE SEARCH                        |
--------------------------------------------------------------------
Performs final model parameters optimization
Estimate model parameters (epsilon = 0.010)
Initial log-likelihood: -4629.849
Current log-likelihood at step 1: -4629.845
Partition-specific rates:  1.582 0.418
Parameters optimization took 0 rounds (0.007 sec)

Partition information was printed to partition_file.nex.best_model.nex
BEST SCORE FOUND : -4629.845
Total tree length: 7.420

Total number of iterations: 102
CPU time used for tree search: 3.506 sec (0h:0m:3s)
Wall-clock time used for tree search: 3.370 sec (0h:0m:3s)
Total CPU time used: 85.623 sec (0h:1m:25s)
Total wall-clock time used: 82.587 sec (0h:1m:22s)

===> START BOOTSTRAP REPLICATE NUMBER 23

Creating bootstrap alignment (seed: 57281)...
WARNING: States(s) S rarely appear in partition tdi and may cause numerical problems

Create initial parsimony tree by phylogenetic likelihood library (PLL)... 0.001 seconds
Reading model parameters from file /Users/mful870/Desktop/MD_3di_Dev_02Oct24/Scriptorum/SubstitutionMatrix/3di_substmat
WARNING: Normalizing state frequencies so that sum of them equals to 1

NOTE: 1 MB RAM (0 GB) is required!
Estimate model parameters (epsilon = 0.100)
Initial log-likelihood: -4283.413
Current log-likelihood at step 1: -4168.141
Current log-likelihood at step 2: -4071.028
Current log-likelihood at step 3: -4059.730
Current log-likelihood at step 4: -4059.583
Current log-likelihood at step 5: -4059.576
Partition-specific rates:  1.570 0.430
Parameters optimization took 4 rounds (0.086 sec)

Wrote distance file to... 
Computing ML distances based on estimated model parameters...
Calculating distance matrix: done in 3.00407e-05 secs using 86.55% CPU
Computing ML distances took 0.000084 sec (of wall-clock time) 0.000053 sec (of CPU time)
Setting up auxiliary I and S matrices: done in 2.7895e-05 secs using 75.28% CPU
Computing RapidNJ tree took 0.000140 sec (of wall-clock time) 0.000089 sec (of CPU time)
Log-likelihood of RapidNJ tree: -4357.475
--------------------------------------------------------------------
|             INITIALIZING CANDIDATE TREE SET                      |
--------------------------------------------------------------------
Generating 98 parsimony trees... 0.091 second
Computing log-likelihood of 94 initial trees ... 0.209 seconds
Current best score: -4059.576

Do NNI search on 20 best initial trees
Estimate model parameters (epsilon = 0.100)
Initial log-likelihood: -4056.375
Current log-likelihood at step 1: -4056.240
Current log-likelihood at step 2: -4056.236
Parameters optimization took 1 rounds (0.018 sec)

BETTER TREE FOUND at iteration 1: -4056.236
Iteration 10 / LogL: -4056.334 / Time: 0h:1m:23s
Iteration 20 / LogL: -4056.464 / Time: 0h:1m:23s
Finish initializing candidate tree set (2)
Current best tree score: -4056.236 / CPU time: 0.827
Number of iterations: 20
--------------------------------------------------------------------
|               OPTIMIZING CANDIDATE TREE SET                      |
--------------------------------------------------------------------
Iteration 30 / LogL: -4057.100 / Time: 0h:1m:23s (0h:0m:3s left)
UPDATE BEST LOG-LIKELIHOOD: -4056.235
Iteration 40 / LogL: -4056.372 / Time: 0h:1m:24s (0h:0m:2s left)
Iteration 50 / LogL: -4056.331 / Time: 0h:1m:24s (0h:0m:2s left)
Iteration 60 / LogL: -4056.277 / Time: 0h:1m:24s (0h:0m:1s left)
Iteration 70 / LogL: -4056.402 / Time: 0h:1m:25s (0h:0m:1s left)
Iteration 80 / LogL: -4056.293 / Time: 0h:1m:25s (0h:0m:0s left)
Iteration 90 / LogL: -4056.264 / Time: 0h:1m:25s (0h:0m:0s left)
Iteration 100 / LogL: -4056.277 / Time: 0h:1m:26s (0h:0m:0s left)
TREE SEARCH COMPLETED AFTER 102 ITERATIONS / Time: 0h:1m:26s

--------------------------------------------------------------------
|                    FINALIZING TREE SEARCH                        |
--------------------------------------------------------------------
Performs final model parameters optimization
Estimate model parameters (epsilon = 0.010)
Initial log-likelihood: -4056.235
Current log-likelihood at step 1: -4056.234
Partition-specific rates:  1.570 0.430
Parameters optimization took 0 rounds (0.007 sec)

Partition information was printed to partition_file.nex.best_model.nex
BEST SCORE FOUND : -4056.234
Total tree length: 6.906

Total number of iterations: 102
CPU time used for tree search: 3.660 sec (0h:0m:3s)
Wall-clock time used for tree search: 3.512 sec (0h:0m:3s)
Total CPU time used: 89.416 sec (0h:1m:29s)
Total wall-clock time used: 86.228 sec (0h:1m:26s)

===> START BOOTSTRAP REPLICATE NUMBER 24

Creating bootstrap alignment (seed: 57282)...

Create initial parsimony tree by phylogenetic likelihood library (PLL)... 0.001 seconds
Reading model parameters from file /Users/mful870/Desktop/MD_3di_Dev_02Oct24/Scriptorum/SubstitutionMatrix/3di_substmat
WARNING: Normalizing state frequencies so that sum of them equals to 1

NOTE: 1 MB RAM (0 GB) is required!
Estimate model parameters (epsilon = 0.100)
Initial log-likelihood: -4749.452
Current log-likelihood at step 1: -4639.022
Current log-likelihood at step 2: -4581.826
Current log-likelihood at step 3: -4581.818
Partition-specific rates:  1.504 0.496
Parameters optimization took 2 rounds (0.047 sec)

Wrote distance file to... 
Computing ML distances based on estimated model parameters...
Calculating distance matrix: done in 2.90871e-05 secs using 85.95% CPU
Computing ML distances took 0.000082 sec (of wall-clock time) 0.000052 sec (of CPU time)
Setting up auxiliary I and S matrices: done in 3.38554e-05 secs using 79.75% CPU
Computing RapidNJ tree took 0.000142 sec (of wall-clock time) 0.000083 sec (of CPU time)
Log-likelihood of RapidNJ tree: -4881.195
--------------------------------------------------------------------
|             INITIALIZING CANDIDATE TREE SET                      |
--------------------------------------------------------------------
Generating 98 parsimony trees... 0.095 second
Computing log-likelihood of 96 initial trees ... 0.229 seconds
Current best score: -4573.779

Do NNI search on 20 best initial trees
Estimate model parameters (epsilon = 0.100)
Initial log-likelihood: -4567.872
Current log-likelihood at step 1: -4567.762
Current log-likelihood at step 2: -4567.752
Parameters optimization took 1 rounds (0.024 sec)

BETTER TREE FOUND at iteration 1: -4567.752
Iteration 10 / LogL: -4567.906 / Time: 0h:1m:26s
Iteration 20 / LogL: -4567.773 / Time: 0h:1m:27s
Finish initializing candidate tree set (1)
Current best tree score: -4567.752 / CPU time: 1.063
Number of iterations: 20
--------------------------------------------------------------------
|               OPTIMIZING CANDIDATE TREE SET                      |
--------------------------------------------------------------------
Iteration 30 / LogL: -4567.793 / Time: 0h:1m:27s (0h:0m:3s left)
UPDATE BEST LOG-LIKELIHOOD: -4567.752
UPDATE BEST LOG-LIKELIHOOD: -4567.752
Iteration 40 / LogL: -4567.907 / Time: 0h:1m:28s (0h:0m:2s left)
Iteration 50 / LogL: -4567.870 / Time: 0h:1m:28s (0h:0m:2s left)
Iteration 60 / LogL: -4567.828 / Time: 0h:1m:28s (0h:0m:1s left)
Iteration 70 / LogL: -4567.761 / Time: 0h:1m:29s (0h:0m:1s left)
Iteration 80 / LogL: -4567.832 / Time: 0h:1m:29s (0h:0m:0s left)
UPDATE BEST LOG-LIKELIHOOD: -4567.752
Iteration 90 / LogL: -4567.782 / Time: 0h:1m:29s (0h:0m:0s left)
Iteration 100 / LogL: -4567.760 / Time: 0h:1m:30s (0h:0m:0s left)
TREE SEARCH COMPLETED AFTER 102 ITERATIONS / Time: 0h:1m:30s

--------------------------------------------------------------------
|                    FINALIZING TREE SEARCH                        |
--------------------------------------------------------------------
Performs final model parameters optimization
Estimate model parameters (epsilon = 0.010)
Initial log-likelihood: -4567.752
Current log-likelihood at step 1: -4567.751
Partition-specific rates:  1.517 0.483
Parameters optimization took 0 rounds (0.007 sec)

Partition information was printed to partition_file.nex.best_model.nex
BEST SCORE FOUND : -4567.751
Total tree length: 7.053

Total number of iterations: 102
CPU time used for tree search: 4.109 sec (0h:0m:4s)
Wall-clock time used for tree search: 4.000 sec (0h:0m:3s)
Total CPU time used: 93.640 sec (0h:1m:33s)
Total wall-clock time used: 90.331 sec (0h:1m:30s)

===> START BOOTSTRAP REPLICATE NUMBER 25

Creating bootstrap alignment (seed: 57283)...

Create initial parsimony tree by phylogenetic likelihood library (PLL)... 0.000 seconds
Reading model parameters from file /Users/mful870/Desktop/MD_3di_Dev_02Oct24/Scriptorum/SubstitutionMatrix/3di_substmat
WARNING: Normalizing state frequencies so that sum of them equals to 1

NOTE: 1 MB RAM (0 GB) is required!
Estimate model parameters (epsilon = 0.100)
Initial log-likelihood: -4998.567
Current log-likelihood at step 1: -4876.069
Current log-likelihood at step 2: -4799.098
Current log-likelihood at step 3: -4798.834
Current log-likelihood at step 4: -4798.826
Partition-specific rates:  1.565 0.435
Parameters optimization took 3 rounds (0.067 sec)

Wrote distance file to... 
Computing ML distances based on estimated model parameters...
Calculating distance matrix: done in 3.09944e-05 secs using 83.89% CPU
Computing ML distances took 0.000083 sec (of wall-clock time) 0.000052 sec (of CPU time)
Setting up auxiliary I and S matrices: done in 2.59876e-05 secs using 76.96% CPU
Computing RapidNJ tree took 0.000130 sec (of wall-clock time) 0.000084 sec (of CPU time)
Log-likelihood of RapidNJ tree: -5155.342
--------------------------------------------------------------------
|             INITIALIZING CANDIDATE TREE SET                      |
--------------------------------------------------------------------
Generating 98 parsimony trees... 0.087 second
Computing log-likelihood of 97 initial trees ... 0.231 seconds
Current best score: -4792.936

Do NNI search on 20 best initial trees
Estimate model parameters (epsilon = 0.100)
Initial log-likelihood: -4787.215
Current log-likelihood at step 1: -4786.908
Current log-likelihood at step 2: -4786.907
Parameters optimization took 1 rounds (0.023 sec)

BETTER TREE FOUND at iteration 1: -4786.907
Iteration 10 / LogL: -4786.927 / Time: 0h:1m:31s
Iteration 20 / LogL: -4787.147 / Time: 0h:1m:31s
Finish initializing candidate tree set (1)
Current best tree score: -4786.907 / CPU time: 0.875
Number of iterations: 20
--------------------------------------------------------------------
|               OPTIMIZING CANDIDATE TREE SET                      |
--------------------------------------------------------------------
Iteration 30 / LogL: -4786.921 / Time: 0h:1m:31s (0h:0m:3s left)
Iteration 40 / LogL: -4787.041 / Time: 0h:1m:31s (0h:0m:2s left)
Iteration 50 / LogL: -4786.925 / Time: 0h:1m:32s (0h:0m:2s left)
Iteration 60 / LogL: -4786.913 / Time: 0h:1m:32s (0h:0m:1s left)
Iteration 70 / LogL: -4786.943 / Time: 0h:1m:32s (0h:0m:1s left)
UPDATE BEST LOG-LIKELIHOOD: -4786.907
Iteration 80 / LogL: -4787.216 / Time: 0h:1m:33s (0h:0m:0s left)
Iteration 90 / LogL: -4787.202 / Time: 0h:1m:33s (0h:0m:0s left)
Iteration 100 / LogL: -4786.910 / Time: 0h:1m:33s (0h:0m:0s left)
TREE SEARCH COMPLETED AFTER 102 ITERATIONS / Time: 0h:1m:33s

--------------------------------------------------------------------
|                    FINALIZING TREE SEARCH                        |
--------------------------------------------------------------------
Performs final model parameters optimization
Estimate model parameters (epsilon = 0.010)
Initial log-likelihood: -4786.907
Current log-likelihood at step 1: -4786.907
Partition-specific rates:  1.565 0.435
Parameters optimization took 0 rounds (0.007 sec)

Partition information was printed to partition_file.nex.best_model.nex
BEST SCORE FOUND : -4786.907
Total tree length: 7.264

Total number of iterations: 102
CPU time used for tree search: 3.626 sec (0h:0m:3s)
Wall-clock time used for tree search: 3.495 sec (0h:0m:3s)
Total CPU time used: 97.382 sec (0h:1m:37s)
Total wall-clock time used: 93.938 sec (0h:1m:33s)

===> START BOOTSTRAP REPLICATE NUMBER 26

Creating bootstrap alignment (seed: 57284)...

Create initial parsimony tree by phylogenetic likelihood library (PLL)... 0.000 seconds
Reading model parameters from file /Users/mful870/Desktop/MD_3di_Dev_02Oct24/Scriptorum/SubstitutionMatrix/3di_substmat
WARNING: Normalizing state frequencies so that sum of them equals to 1

NOTE: 1 MB RAM (0 GB) is required!
Estimate model parameters (epsilon = 0.100)
Initial log-likelihood: -4727.793
Current log-likelihood at step 1: -4585.383
Current log-likelihood at step 2: -4535.043
Current log-likelihood at step 3: -4535.027
Partition-specific rates:  1.542 0.458
Parameters optimization took 2 rounds (0.054 sec)

Wrote distance file to... 
Computing ML distances based on estimated model parameters...
Calculating distance matrix: done in 3.09944e-05 secs using 80.66% CPU
Computing ML distances took 0.000080 sec (of wall-clock time) 0.000054 sec (of CPU time)
Setting up auxiliary I and S matrices: done in 2.88486e-05 secs using 79.73% CPU
Computing RapidNJ tree took 0.000160 sec (of wall-clock time) 0.000093 sec (of CPU time)
Log-likelihood of RapidNJ tree: -4856.308
--------------------------------------------------------------------
|             INITIALIZING CANDIDATE TREE SET                      |
--------------------------------------------------------------------
Generating 98 parsimony trees... 0.105 second
Computing log-likelihood of 98 initial trees ... 0.221 seconds
Current best score: -4535.027

Do NNI search on 20 best initial trees
Estimate model parameters (epsilon = 0.100)
Initial log-likelihood: -4519.689
Current log-likelihood at step 1: -4519.219
Current log-likelihood at step 2: -4519.212
Parameters optimization took 1 rounds (0.019 sec)

BETTER TREE FOUND at iteration 1: -4519.212
Iteration 10 / LogL: -4519.379 / Time: 0h:1m:34s
Iteration 20 / LogL: -4519.464 / Time: 0h:1m:34s
Finish initializing candidate tree set (1)
Current best tree score: -4519.212 / CPU time: 0.935
Number of iterations: 20
--------------------------------------------------------------------
|               OPTIMIZING CANDIDATE TREE SET                      |
--------------------------------------------------------------------
Iteration 30 / LogL: -4519.434 / Time: 0h:1m:35s (0h:0m:3s left)
Iteration 40 / LogL: -4519.348 / Time: 0h:1m:35s (0h:0m:2s left)
Iteration 50 / LogL: -4519.223 / Time: 0h:1m:35s (0h:0m:2s left)
Iteration 60 / LogL: -4519.407 / Time: 0h:1m:36s (0h:0m:1s left)
Iteration 70 / LogL: -4519.245 / Time: 0h:1m:36s (0h:0m:1s left)
Iteration 80 / LogL: -4519.278 / Time: 0h:1m:36s (0h:0m:0s left)
Iteration 90 / LogL: -4519.323 / Time: 0h:1m:37s (0h:0m:0s left)
Iteration 100 / LogL: -4519.225 / Time: 0h:1m:37s (0h:0m:0s left)
TREE SEARCH COMPLETED AFTER 102 ITERATIONS / Time: 0h:1m:37s

--------------------------------------------------------------------
|                    FINALIZING TREE SEARCH                        |
--------------------------------------------------------------------
Performs final model parameters optimization
Estimate model parameters (epsilon = 0.010)
Initial log-likelihood: -4519.212
Current log-likelihood at step 1: -4519.211
Partition-specific rates:  1.528 0.472
Parameters optimization took 0 rounds (0.010 sec)

Partition information was printed to partition_file.nex.best_model.nex
BEST SCORE FOUND : -4519.211
Total tree length: 6.660

Total number of iterations: 102
CPU time used for tree search: 3.753 sec (0h:0m:3s)
Wall-clock time used for tree search: 3.621 sec (0h:0m:3s)
Total CPU time used: 101.251 sec (0h:1m:41s)
Total wall-clock time used: 97.663 sec (0h:1m:37s)

===> START BOOTSTRAP REPLICATE NUMBER 27

Creating bootstrap alignment (seed: 57285)...

Create initial parsimony tree by phylogenetic likelihood library (PLL)... 0.001 seconds
Reading model parameters from file /Users/mful870/Desktop/MD_3di_Dev_02Oct24/Scriptorum/SubstitutionMatrix/3di_substmat
WARNING: Normalizing state frequencies so that sum of them equals to 1

NOTE: 1 MB RAM (0 GB) is required!
Estimate model parameters (epsilon = 0.100)
Initial log-likelihood: -4710.128
Current log-likelihood at step 1: -4577.807
Current log-likelihood at step 2: -4510.730
Current log-likelihood at step 3: -4510.127
Current log-likelihood at step 4: -4510.099
Partition-specific rates:  1.593 0.407
Parameters optimization took 3 rounds (0.110 sec)

Wrote distance file to... 
Computing ML distances based on estimated model parameters...
Calculating distance matrix: done in 4.69685e-05 secs using 85.16% CPU
Computing ML distances took 0.000129 sec (of wall-clock time) 0.000083 sec (of CPU time)
Setting up auxiliary I and S matrices: done in 3.48091e-05 secs using 80.44% CPU
Computing RapidNJ tree took 0.000155 sec (of wall-clock time) 0.000091 sec (of CPU time)
Log-likelihood of RapidNJ tree: -4857.974
--------------------------------------------------------------------
|             INITIALIZING CANDIDATE TREE SET                      |
--------------------------------------------------------------------
Generating 98 parsimony trees... 0.143 second
Computing log-likelihood of 94 initial trees ... 0.394 seconds
Current best score: -4510.099

Do NNI search on 20 best initial trees
Estimate model parameters (epsilon = 0.100)
Initial log-likelihood: -4507.288
Current log-likelihood at step 1: -4506.943
Current log-likelihood at step 2: -4506.932
Parameters optimization took 1 rounds (0.028 sec)

BETTER TREE FOUND at iteration 1: -4506.932
Estimate model parameters (epsilon = 0.100)
Initial log-likelihood: -4506.862
Current log-likelihood at step 1: -4506.487
Current log-likelihood at step 2: -4506.481
Parameters optimization took 1 rounds (0.030 sec)

BETTER TREE FOUND at iteration 2: -4506.481
Iteration 10 / LogL: -4506.558 / Time: 0h:1m:38s
Iteration 20 / LogL: -4507.254 / Time: 0h:1m:39s
Finish initializing candidate tree set (3)
Current best tree score: -4506.481 / CPU time: 1.324
Number of iterations: 20
--------------------------------------------------------------------
|               OPTIMIZING CANDIDATE TREE SET                      |
--------------------------------------------------------------------
Iteration 30 / LogL: -4506.515 / Time: 0h:1m:39s (0h:0m:4s left)
Iteration 40 / LogL: -4506.491 / Time: 0h:1m:40s (0h:0m:3s left)
Iteration 50 / LogL: -4506.524 / Time: 0h:1m:40s (0h:0m:3s left)
Iteration 60 / LogL: -4506.616 / Time: 0h:1m:41s (0h:0m:2s left)
Iteration 70 / LogL: -4507.283 / Time: 0h:1m:41s (0h:0m:1s left)
Iteration 80 / LogL: -4507.367 / Time: 0h:1m:41s (0h:0m:1s left)
Iteration 90 / LogL: -4510.872 / Time: 0h:1m:42s (0h:0m:0s left)
Iteration 100 / LogL: -4506.537 / Time: 0h:1m:42s (0h:0m:0s left)
TREE SEARCH COMPLETED AFTER 103 ITERATIONS / Time: 0h:1m:42s

--------------------------------------------------------------------
|                    FINALIZING TREE SEARCH                        |
--------------------------------------------------------------------
Performs final model parameters optimization
Estimate model parameters (epsilon = 0.010)
Initial log-likelihood: -4506.481
Current log-likelihood at step 1: -4506.480
Partition-specific rates:  1.596 0.404
Parameters optimization took 0 rounds (0.011 sec)

Partition information was printed to partition_file.nex.best_model.nex
BEST SCORE FOUND : -4506.480
Total tree length: 7.073

Total number of iterations: 103
CPU time used for tree search: 4.989 sec (0h:0m:4s)
Wall-clock time used for tree search: 5.034 sec (0h:0m:5s)
Total CPU time used: 106.445 sec (0h:1m:46s)
Total wall-clock time used: 102.896 sec (0h:1m:42s)

===> START BOOTSTRAP REPLICATE NUMBER 28

Creating bootstrap alignment (seed: 57286)...

Create initial parsimony tree by phylogenetic likelihood library (PLL)... 0.000 seconds
Reading model parameters from file /Users/mful870/Desktop/MD_3di_Dev_02Oct24/Scriptorum/SubstitutionMatrix/3di_substmat
WARNING: Normalizing state frequencies so that sum of them equals to 1

NOTE: 1 MB RAM (0 GB) is required!
Estimate model parameters (epsilon = 0.100)
Initial log-likelihood: -4508.916
Current log-likelihood at step 1: -4399.503
Current log-likelihood at step 2: -4337.932
Current log-likelihood at step 3: -4337.575
Current log-likelihood at step 4: -4337.542
Partition-specific rates:  1.567 0.433
Parameters optimization took 3 rounds (0.088 sec)

Wrote distance file to... 
Computing ML distances based on estimated model parameters...
Calculating distance matrix: done in 3.00407e-05 secs using 83.22% CPU
Computing ML distances took 0.000082 sec (of wall-clock time) 0.000052 sec (of CPU time)
Setting up auxiliary I and S matrices: done in 3.31402e-05 secs using 75.44% CPU
Computing RapidNJ tree took 0.000150 sec (of wall-clock time) 0.000086 sec (of CPU time)
Log-likelihood of RapidNJ tree: -4605.384
--------------------------------------------------------------------
|             INITIALIZING CANDIDATE TREE SET                      |
--------------------------------------------------------------------
Generating 98 parsimony trees... 0.094 second
Computing log-likelihood of 97 initial trees ... 0.287 seconds
Current best score: -4337.542

Do NNI search on 20 best initial trees
Estimate model parameters (epsilon = 0.100)
Initial log-likelihood: -4324.747
Current log-likelihood at step 1: -4324.597
Current log-likelihood at step 2: -4324.596
Parameters optimization took 1 rounds (0.025 sec)

BETTER TREE FOUND at iteration 1: -4324.596
Iteration 10 / LogL: -4324.615 / Time: 0h:1m:43s
Iteration 20 / LogL: -4324.844 / Time: 0h:1m:44s
Finish initializing candidate tree set (1)
Current best tree score: -4324.596 / CPU time: 1.071
Number of iterations: 20
--------------------------------------------------------------------
|               OPTIMIZING CANDIDATE TREE SET                      |
--------------------------------------------------------------------
Iteration 30 / LogL: -4324.808 / Time: 0h:1m:44s (0h:0m:3s left)
Iteration 40 / LogL: -4324.643 / Time: 0h:1m:44s (0h:0m:2s left)
Iteration 50 / LogL: -4324.622 / Time: 0h:1m:45s (0h:0m:2s left)
Iteration 60 / LogL: -4324.611 / Time: 0h:1m:45s (0h:0m:1s left)
Iteration 70 / LogL: -4324.701 / Time: 0h:1m:45s (0h:0m:1s left)
Iteration 80 / LogL: -4324.654 / Time: 0h:1m:46s (0h:0m:0s left)
UPDATE BEST LOG-LIKELIHOOD: -4324.596
Iteration 90 / LogL: -4324.658 / Time: 0h:1m:46s (0h:0m:0s left)
Iteration 100 / LogL: -4324.657 / Time: 0h:1m:46s (0h:0m:0s left)
TREE SEARCH COMPLETED AFTER 102 ITERATIONS / Time: 0h:1m:46s

--------------------------------------------------------------------
|                    FINALIZING TREE SEARCH                        |
--------------------------------------------------------------------
Performs final model parameters optimization
Estimate model parameters (epsilon = 0.010)
Initial log-likelihood: -4324.596
Current log-likelihood at step 1: -4324.595
Partition-specific rates:  1.565 0.435
Parameters optimization took 0 rounds (0.006 sec)

Partition information was printed to partition_file.nex.best_model.nex
BEST SCORE FOUND : -4324.595
Total tree length: 6.435

Total number of iterations: 102
CPU time used for tree search: 4.090 sec (0h:0m:4s)
Wall-clock time used for tree search: 3.955 sec (0h:0m:3s)
Total CPU time used: 110.694 sec (0h:1m:50s)
Total wall-clock time used: 106.995 sec (0h:1m:46s)

===> START BOOTSTRAP REPLICATE NUMBER 29

Creating bootstrap alignment (seed: 57287)...

Create initial parsimony tree by phylogenetic likelihood library (PLL)... 0.000 seconds
Reading model parameters from file /Users/mful870/Desktop/MD_3di_Dev_02Oct24/Scriptorum/SubstitutionMatrix/3di_substmat
WARNING: Normalizing state frequencies so that sum of them equals to 1

NOTE: 1 MB RAM (0 GB) is required!
Estimate model parameters (epsilon = 0.100)
Initial log-likelihood: -4996.870
Current log-likelihood at step 1: -4876.135
Current log-likelihood at step 2: -4816.206
Current log-likelihood at step 3: -4815.965
Current log-likelihood at step 4: -4815.942
Partition-specific rates:  1.573 0.427
Parameters optimization took 3 rounds (0.062 sec)

Wrote distance file to... 
Computing ML distances based on estimated model parameters...
Calculating distance matrix: done in 4.88758e-05 secs using 83.89% CPU
Computing ML distances took 0.000130 sec (of wall-clock time) 0.000085 sec (of CPU time)
Setting up auxiliary I and S matrices: done in 2.7895e-05 secs using 75.28% CPU
Computing RapidNJ tree took 0.000123 sec (of wall-clock time) 0.000075 sec (of CPU time)
Log-likelihood of RapidNJ tree: -5268.011
--------------------------------------------------------------------
|             INITIALIZING CANDIDATE TREE SET                      |
--------------------------------------------------------------------
Generating 98 parsimony trees... 0.101 second
Computing log-likelihood of 95 initial trees ... 0.263 seconds
Current best score: -4815.942

Do NNI search on 20 best initial trees
Estimate model parameters (epsilon = 0.100)
Initial log-likelihood: -4808.984
Current log-likelihood at step 1: -4808.886
Parameters optimization took 0 rounds (0.012 sec)

BETTER TREE FOUND at iteration 1: -4808.886
Iteration 10 / LogL: -4809.264 / Time: 0h:1m:47s
Iteration 20 / LogL: -4808.909 / Time: 0h:1m:48s
Finish initializing candidate tree set (1)
Current best tree score: -4808.886 / CPU time: 1.036
Number of iterations: 20
--------------------------------------------------------------------
|               OPTIMIZING CANDIDATE TREE SET                      |
--------------------------------------------------------------------
Iteration 30 / LogL: -4809.004 / Time: 0h:1m:48s (0h:0m:3s left)
UPDATE BEST LOG-LIKELIHOOD: -4808.884
Iteration 40 / LogL: -4808.905 / Time: 0h:1m:48s (0h:0m:2s left)
Iteration 50 / LogL: -4808.892 / Time: 0h:1m:49s (0h:0m:2s left)
Iteration 60 / LogL: -4808.962 / Time: 0h:1m:49s (0h:0m:1s left)
Iteration 70 / LogL: -4808.931 / Time: 0h:1m:49s (0h:0m:1s left)
Iteration 80 / LogL: -4808.995 / Time: 0h:1m:50s (0h:0m:0s left)
Iteration 90 / LogL: -4808.916 / Time: 0h:1m:50s (0h:0m:0s left)
Iteration 100 / LogL: -4808.898 / Time: 0h:1m:50s (0h:0m:0s left)
UPDATE BEST LOG-LIKELIHOOD: -4808.884
TREE SEARCH COMPLETED AFTER 102 ITERATIONS / Time: 0h:1m:50s

--------------------------------------------------------------------
|                    FINALIZING TREE SEARCH                        |
--------------------------------------------------------------------
Performs final model parameters optimization
Estimate model parameters (epsilon = 0.010)
Initial log-likelihood: -4808.884
Current log-likelihood at step 1: -4808.880
Partition-specific rates:  1.570 0.430
Parameters optimization took 0 rounds (0.007 sec)

Partition information was printed to partition_file.nex.best_model.nex
BEST SCORE FOUND : -4808.880
Total tree length: 7.220

Total number of iterations: 102
CPU time used for tree search: 3.910 sec (0h:0m:3s)
Wall-clock time used for tree search: 3.789 sec (0h:0m:3s)
Total CPU time used: 114.760 sec (0h:1m:54s)
Total wall-clock time used: 110.911 sec (0h:1m:50s)

===> START BOOTSTRAP REPLICATE NUMBER 30

Creating bootstrap alignment (seed: 57288)...

Create initial parsimony tree by phylogenetic likelihood library (PLL)... 0.001 seconds
Reading model parameters from file /Users/mful870/Desktop/MD_3di_Dev_02Oct24/Scriptorum/SubstitutionMatrix/3di_substmat
WARNING: Normalizing state frequencies so that sum of them equals to 1

NOTE: 1 MB RAM (0 GB) is required!
Estimate model parameters (epsilon = 0.100)
Initial log-likelihood: -4483.483
Current log-likelihood at step 1: -4377.514
Current log-likelihood at step 2: -4326.919
Current log-likelihood at step 3: -4326.869
Partition-specific rates:  1.536 0.464
Parameters optimization took 2 rounds (0.047 sec)

Wrote distance file to... 
Computing ML distances based on estimated model parameters...
Calculating distance matrix: done in 3.00407e-05 secs using 83.22% CPU
Computing ML distances took 0.000082 sec (of wall-clock time) 0.000051 sec (of CPU time)
Setting up auxiliary I and S matrices: done in 3.50475e-05 secs using 77.04% CPU
Computing RapidNJ tree took 0.000160 sec (of wall-clock time) 0.000091 sec (of CPU time)
Log-likelihood of RapidNJ tree: -4689.762
--------------------------------------------------------------------
|             INITIALIZING CANDIDATE TREE SET                      |
--------------------------------------------------------------------
Generating 98 parsimony trees... 0.088 second
Computing log-likelihood of 94 initial trees ... 0.236 seconds
Current best score: -4323.707

Do NNI search on 20 best initial trees
Estimate model parameters (epsilon = 0.100)
Initial log-likelihood: -4323.707
Current log-likelihood at step 1: -4320.137
Current log-likelihood at step 2: -4320.102
Parameters optimization took 1 rounds (0.027 sec)

BETTER TREE FOUND at iteration 1: -4320.102
Iteration 10 / LogL: -4320.322 / Time: 0h:1m:51s
Iteration 20 / LogL: -4320.257 / Time: 0h:1m:51s
Finish initializing candidate tree set (1)
Current best tree score: -4320.102 / CPU time: 0.933
Number of iterations: 20
--------------------------------------------------------------------
|               OPTIMIZING CANDIDATE TREE SET                      |
--------------------------------------------------------------------
UPDATE BEST LOG-LIKELIHOOD: -4320.102
Iteration 30 / LogL: -4320.153 / Time: 0h:1m:52s (0h:0m:3s left)
UPDATE BEST LOG-LIKELIHOOD: -4320.102
Iteration 40 / LogL: -4320.175 / Time: 0h:1m:52s (0h:0m:2s left)
Iteration 50 / LogL: -4320.227 / Time: 0h:1m:52s (0h:0m:1s left)
Iteration 60 / LogL: -4320.165 / Time: 0h:1m:53s (0h:0m:1s left)
Iteration 70 / LogL: -4320.123 / Time: 0h:1m:53s (0h:0m:1s left)
Iteration 80 / LogL: -4320.231 / Time: 0h:1m:53s (0h:0m:0s left)
Iteration 90 / LogL: -4320.222 / Time: 0h:1m:53s (0h:0m:0s left)
Iteration 100 / LogL: -4320.209 / Time: 0h:1m:54s (0h:0m:0s left)
TREE SEARCH COMPLETED AFTER 102 ITERATIONS / Time: 0h:1m:54s

--------------------------------------------------------------------
|                    FINALIZING TREE SEARCH                        |
--------------------------------------------------------------------
Performs final model parameters optimization
Estimate model parameters (epsilon = 0.010)
Initial log-likelihood: -4320.102
Current log-likelihood at step 1: -4320.100
Partition-specific rates:  1.549 0.451
Parameters optimization took 0 rounds (0.007 sec)

Partition information was printed to partition_file.nex.best_model.nex
BEST SCORE FOUND : -4320.100
Total tree length: 6.134

Total number of iterations: 102
CPU time used for tree search: 3.505 sec (0h:0m:3s)
Wall-clock time used for tree search: 3.370 sec (0h:0m:3s)
Total CPU time used: 118.370 sec (0h:1m:58s)
Total wall-clock time used: 114.380 sec (0h:1m:54s)

===> START BOOTSTRAP REPLICATE NUMBER 31

Creating bootstrap alignment (seed: 57289)...

Create initial parsimony tree by phylogenetic likelihood library (PLL)... 0.001 seconds
Reading model parameters from file /Users/mful870/Desktop/MD_3di_Dev_02Oct24/Scriptorum/SubstitutionMatrix/3di_substmat
WARNING: Normalizing state frequencies so that sum of them equals to 1

NOTE: 1 MB RAM (0 GB) is required!
Estimate model parameters (epsilon = 0.100)
Initial log-likelihood: -4779.768
Current log-likelihood at step 1: -4643.252
Current log-likelihood at step 2: -4576.663
Current log-likelihood at step 3: -4575.696
Current log-likelihood at step 4: -4575.632
Partition-specific rates:  1.587 0.413
Parameters optimization took 3 rounds (0.062 sec)

Wrote distance file to... 
Computing ML distances based on estimated model parameters...
Calculating distance matrix: done in 3.00407e-05 secs using 83.22% CPU
Computing ML distances took 0.000084 sec (of wall-clock time) 0.000052 sec (of CPU time)
Setting up auxiliary I and S matrices: done in 2.71797e-05 secs using 80.94% CPU
Computing RapidNJ tree took 0.000122 sec (of wall-clock time) 0.000068 sec (of CPU time)
Log-likelihood of RapidNJ tree: -4922.450
--------------------------------------------------------------------
|             INITIALIZING CANDIDATE TREE SET                      |
--------------------------------------------------------------------
Generating 98 parsimony trees... 0.085 second
Computing log-likelihood of 92 initial trees ... 0.219 seconds
Current best score: -4575.077

Do NNI search on 20 best initial trees
Estimate model parameters (epsilon = 0.100)
Initial log-likelihood: -4575.077
Current log-likelihood at step 1: -4571.047
Current log-likelihood at step 2: -4570.982
Parameters optimization took 1 rounds (0.032 sec)

BETTER TREE FOUND at iteration 1: -4570.982
Iteration 10 / LogL: -4571.160 / Time: 0h:1m:55s
Iteration 20 / LogL: -4571.041 / Time: 0h:1m:55s
Finish initializing candidate tree set (1)
Current best tree score: -4570.982 / CPU time: 0.922
Number of iterations: 20
--------------------------------------------------------------------
|               OPTIMIZING CANDIDATE TREE SET                      |
--------------------------------------------------------------------
Iteration 30 / LogL: -4571.056 / Time: 0h:1m:55s (0h:0m:3s left)
Iteration 40 / LogL: -4571.387 / Time: 0h:1m:56s (0h:0m:2s left)
Iteration 50 / LogL: -4571.073 / Time: 0h:1m:56s (0h:0m:2s left)
UPDATE BEST LOG-LIKELIHOOD: -4570.980
Iteration 60 / LogL: -4571.170 / Time: 0h:1m:56s (0h:0m:1s left)
Iteration 70 / LogL: -4571.364 / Time: 0h:1m:57s (0h:0m:1s left)
Iteration 80 / LogL: -4571.399 / Time: 0h:1m:57s (0h:0m:0s left)
Iteration 90 / LogL: -4571.254 / Time: 0h:1m:57s (0h:0m:0s left)
Iteration 100 / LogL: -4571.026 / Time: 0h:1m:57s (0h:0m:0s left)
TREE SEARCH COMPLETED AFTER 102 ITERATIONS / Time: 0h:1m:57s

--------------------------------------------------------------------
|                    FINALIZING TREE SEARCH                        |
--------------------------------------------------------------------
Performs final model parameters optimization
Estimate model parameters (epsilon = 0.010)
Initial log-likelihood: -4570.980
Current log-likelihood at step 1: -4570.975
Partition-specific rates:  1.590 0.410
Parameters optimization took 0 rounds (0.008 sec)

Partition information was printed to partition_file.nex.best_model.nex
BEST SCORE FOUND : -4570.975
Total tree length: 7.674

Total number of iterations: 102
CPU time used for tree search: 3.576 sec (0h:0m:3s)
Wall-clock time used for tree search: 3.450 sec (0h:0m:3s)
Total CPU time used: 122.096 sec (0h:2m:2s)
Total wall-clock time used: 117.962 sec (0h:1m:57s)

===> START BOOTSTRAP REPLICATE NUMBER 32

Creating bootstrap alignment (seed: 57290)...

Create initial parsimony tree by phylogenetic likelihood library (PLL)... 0.000 seconds
Reading model parameters from file /Users/mful870/Desktop/MD_3di_Dev_02Oct24/Scriptorum/SubstitutionMatrix/3di_substmat
WARNING: Normalizing state frequencies so that sum of them equals to 1

NOTE: 1 MB RAM (0 GB) is required!
Estimate model parameters (epsilon = 0.100)
Initial log-likelihood: -4878.445
Current log-likelihood at step 1: -4758.496
Current log-likelihood at step 2: -4683.305
Current log-likelihood at step 3: -4678.104
Current log-likelihood at step 4: -4677.960
Current log-likelihood at step 5: -4677.953
Partition-specific rates:  1.609 0.391
Parameters optimization took 4 rounds (0.077 sec)

Wrote distance file to... 
Computing ML distances based on estimated model parameters...
Calculating distance matrix: done in 3.00407e-05 secs using 83.22% CPU
Computing ML distances took 0.000081 sec (of wall-clock time) 0.000053 sec (of CPU time)
Setting up auxiliary I and S matrices: done in 3.50475e-05 secs using 79.89% CPU
Computing RapidNJ tree took 0.000186 sec (of wall-clock time) 0.000099 sec (of CPU time)
Log-likelihood of RapidNJ tree: -5094.143
--------------------------------------------------------------------
|             INITIALIZING CANDIDATE TREE SET                      |
--------------------------------------------------------------------
Generating 98 parsimony trees... 0.091 second
Computing log-likelihood of 94 initial trees ... 0.234 seconds
Current best score: -4677.953

Do NNI search on 20 best initial trees
Estimate model parameters (epsilon = 0.100)
Initial log-likelihood: -4676.964
Current log-likelihood at step 1: -4676.902
Parameters optimization took 0 rounds (0.007 sec)

BETTER TREE FOUND at iteration 1: -4676.902
Iteration 10 / LogL: -4677.070 / Time: 0h:1m:58s
Iteration 20 / LogL: -4676.947 / Time: 0h:1m:58s
Finish initializing candidate tree set (1)
Current best tree score: -4676.902 / CPU time: 0.912
Number of iterations: 20
--------------------------------------------------------------------
|               OPTIMIZING CANDIDATE TREE SET                      |
--------------------------------------------------------------------
UPDATE BEST LOG-LIKELIHOOD: -4676.898
UPDATE BEST LOG-LIKELIHOOD: -4676.898
Iteration 30 / LogL: -4678.220 / Time: 0h:1m:59s (0h:0m:3s left)
Iteration 40 / LogL: -4676.939 / Time: 0h:1m:59s (0h:0m:2s left)
Iteration 50 / LogL: -4677.111 / Time: 0h:1m:59s (0h:0m:2s left)
Iteration 60 / LogL: -4676.996 / Time: 0h:2m:0s (0h:0m:1s left)
Iteration 70 / LogL: -4677.005 / Time: 0h:2m:0s (0h:0m:1s left)
Iteration 80 / LogL: -4676.953 / Time: 0h:2m:0s (0h:0m:0s left)
Iteration 90 / LogL: -4677.861 / Time: 0h:2m:1s (0h:0m:0s left)
Iteration 100 / LogL: -4676.951 / Time: 0h:2m:1s (0h:0m:0s left)
TREE SEARCH COMPLETED AFTER 102 ITERATIONS / Time: 0h:2m:1s

--------------------------------------------------------------------
|                    FINALIZING TREE SEARCH                        |
--------------------------------------------------------------------
Performs final model parameters optimization
Estimate model parameters (epsilon = 0.010)
Initial log-likelihood: -4676.898
Current log-likelihood at step 1: -4676.894
Partition-specific rates:  1.616 0.384
Parameters optimization took 0 rounds (0.007 sec)

Partition information was printed to partition_file.nex.best_model.nex
BEST SCORE FOUND : -4676.894
Total tree length: 8.056

Total number of iterations: 102
CPU time used for tree search: 3.727 sec (0h:0m:3s)
Wall-clock time used for tree search: 3.595 sec (0h:0m:3s)
Total CPU time used: 125.954 sec (0h:2m:5s)
Total wall-clock time used: 121.684 sec (0h:2m:1s)

===> START BOOTSTRAP REPLICATE NUMBER 33

Creating bootstrap alignment (seed: 57291)...

Create initial parsimony tree by phylogenetic likelihood library (PLL)... 0.001 seconds
Reading model parameters from file /Users/mful870/Desktop/MD_3di_Dev_02Oct24/Scriptorum/SubstitutionMatrix/3di_substmat
WARNING: Normalizing state frequencies so that sum of them equals to 1

NOTE: 1 MB RAM (0 GB) is required!
Estimate model parameters (epsilon = 0.100)
Initial log-likelihood: -5072.040
Current log-likelihood at step 1: -4944.101
Current log-likelihood at step 2: -4872.669
Current log-likelihood at step 3: -4872.333
Current log-likelihood at step 4: -4872.284
Partition-specific rates:  1.566 0.434
Parameters optimization took 3 rounds (0.058 sec)

Wrote distance file to... 
Computing ML distances based on estimated model parameters...
Calculating distance matrix: done in 3.00407e-05 secs using 83.22% CPU
Computing ML distances took 0.000084 sec (of wall-clock time) 0.000052 sec (of CPU time)
Setting up auxiliary I and S matrices: done in 3.60012e-05 secs using 80.55% CPU
Computing RapidNJ tree took 0.000168 sec (of wall-clock time) 0.000092 sec (of CPU time)
Log-likelihood of RapidNJ tree: -5247.941
--------------------------------------------------------------------
|             INITIALIZING CANDIDATE TREE SET                      |
--------------------------------------------------------------------
Generating 98 parsimony trees... 0.095 second
Computing log-likelihood of 95 initial trees ... 0.225 seconds
Current best score: -4870.143

Do NNI search on 20 best initial trees
Estimate model parameters (epsilon = 0.100)
Initial log-likelihood: -4859.628
Current log-likelihood at step 1: -4859.416
Current log-likelihood at step 2: -4859.414
Parameters optimization took 1 rounds (0.016 sec)

BETTER TREE FOUND at iteration 1: -4859.414
Iteration 10 / LogL: -4859.594 / Time: 0h:2m:2s
Iteration 20 / LogL: -4859.595 / Time: 0h:2m:2s
Finish initializing candidate tree set (1)
Current best tree score: -4859.414 / CPU time: 0.852
Number of iterations: 20
--------------------------------------------------------------------
|               OPTIMIZING CANDIDATE TREE SET                      |
--------------------------------------------------------------------
Iteration 30 / LogL: -4859.885 / Time: 0h:2m:2s (0h:0m:2s left)
UPDATE BEST LOG-LIKELIHOOD: -4859.413
Iteration 40 / LogL: -4859.669 / Time: 0h:2m:3s (0h:0m:2s left)
Iteration 50 / LogL: -4859.481 / Time: 0h:2m:3s (0h:0m:1s left)
UPDATE BEST LOG-LIKELIHOOD: -4859.413
Iteration 60 / LogL: -4859.472 / Time: 0h:2m:3s (0h:0m:1s left)
Iteration 70 / LogL: -4859.437 / Time: 0h:2m:4s (0h:0m:1s left)
Iteration 80 / LogL: -4859.556 / Time: 0h:2m:4s (0h:0m:0s left)
Iteration 90 / LogL: -4866.525 / Time: 0h:2m:4s (0h:0m:0s left)
Iteration 100 / LogL: -4859.416 / Time: 0h:2m:4s (0h:0m:0s left)
TREE SEARCH COMPLETED AFTER 102 ITERATIONS / Time: 0h:2m:4s

--------------------------------------------------------------------
|                    FINALIZING TREE SEARCH                        |
--------------------------------------------------------------------
Performs final model parameters optimization
Estimate model parameters (epsilon = 0.010)
Initial log-likelihood: -4859.413
Current log-likelihood at step 1: -4859.413
Partition-specific rates:  1.568 0.432
Parameters optimization took 0 rounds (0.009 sec)

Partition information was printed to partition_file.nex.best_model.nex
BEST SCORE FOUND : -4859.413
Total tree length: 7.777

Total number of iterations: 102
CPU time used for tree search: 3.308 sec (0h:0m:3s)
Wall-clock time used for tree search: 3.175 sec (0h:0m:3s)
Total CPU time used: 129.383 sec (0h:2m:9s)
Total wall-clock time used: 124.977 sec (0h:2m:4s)

===> START BOOTSTRAP REPLICATE NUMBER 34

Creating bootstrap alignment (seed: 57292)...
WARNING: States(s) S rarely appear in partition tdi and may cause numerical problems

Create initial parsimony tree by phylogenetic likelihood library (PLL)... 0.000 seconds
Reading model parameters from file /Users/mful870/Desktop/MD_3di_Dev_02Oct24/Scriptorum/SubstitutionMatrix/3di_substmat
WARNING: Normalizing state frequencies so that sum of them equals to 1

NOTE: 1 MB RAM (0 GB) is required!
Estimate model parameters (epsilon = 0.100)
Initial log-likelihood: -4678.452
Current log-likelihood at step 1: -4557.275
Current log-likelihood at step 2: -4494.280
Current log-likelihood at step 3: -4492.007
Current log-likelihood at step 4: -4491.868
Current log-likelihood at step 5: -4491.860
Partition-specific rates:  1.633 0.367
Parameters optimization took 4 rounds (0.075 sec)

Wrote distance file to... 
Computing ML distances based on estimated model parameters...
Calculating distance matrix: done in 3.00407e-05 secs using 86.55% CPU
Computing ML distances took 0.000079 sec (of wall-clock time) 0.000053 sec (of CPU time)
Setting up auxiliary I and S matrices: done in 2.81334e-05 secs using 81.75% CPU
Computing RapidNJ tree took 0.000124 sec (of wall-clock time) 0.000077 sec (of CPU time)
Log-likelihood of RapidNJ tree: -4845.570
--------------------------------------------------------------------
|             INITIALIZING CANDIDATE TREE SET                      |
--------------------------------------------------------------------
Generating 98 parsimony trees... 0.086 second
Computing log-likelihood of 95 initial trees ... 0.223 seconds
Current best score: -4491.860

Do NNI search on 20 best initial trees
Estimate model parameters (epsilon = 0.100)
Initial log-likelihood: -4491.262
Current log-likelihood at step 1: -4491.243
Parameters optimization took 0 rounds (0.007 sec)

BETTER TREE FOUND at iteration 1: -4491.243
Iteration 10 / LogL: -4491.274 / Time: 0h:2m:5s
Iteration 20 / LogL: -4491.260 / Time: 0h:2m:6s
Finish initializing candidate tree set (1)
Current best tree score: -4491.243 / CPU time: 0.935
Number of iterations: 20
--------------------------------------------------------------------
|               OPTIMIZING CANDIDATE TREE SET                      |
--------------------------------------------------------------------
Iteration 30 / LogL: -4491.277 / Time: 0h:2m:6s (0h:0m:3s left)
Iteration 40 / LogL: -4491.248 / Time: 0h:2m:6s (0h:0m:2s left)
Iteration 50 / LogL: -4491.274 / Time: 0h:2m:7s (0h:0m:2s left)
UPDATE BEST LOG-LIKELIHOOD: -4491.241
Iteration 60 / LogL: -4491.261 / Time: 0h:2m:7s (0h:0m:1s left)
Iteration 70 / LogL: -4491.254 / Time: 0h:2m:7s (0h:0m:1s left)
Iteration 80 / LogL: -4491.258 / Time: 0h:2m:8s (0h:0m:0s left)
Iteration 90 / LogL: -4491.254 / Time: 0h:2m:8s (0h:0m:0s left)
Iteration 100 / LogL: -4491.260 / Time: 0h:2m:8s (0h:0m:0s left)
TREE SEARCH COMPLETED AFTER 102 ITERATIONS / Time: 0h:2m:8s

--------------------------------------------------------------------
|                    FINALIZING TREE SEARCH                        |
--------------------------------------------------------------------
Performs final model parameters optimization
Estimate model parameters (epsilon = 0.010)
Initial log-likelihood: -4491.241
Current log-likelihood at step 1: -4491.241
Partition-specific rates:  1.635 0.365
Parameters optimization took 0 rounds (0.008 sec)

Partition information was printed to partition_file.nex.best_model.nex
BEST SCORE FOUND : -4491.241
Total tree length: 7.361

Total number of iterations: 102
CPU time used for tree search: 4.043 sec (0h:0m:4s)
Wall-clock time used for tree search: 3.903 sec (0h:0m:3s)
Total CPU time used: 133.562 sec (0h:2m:13s)
Total wall-clock time used: 129.007 sec (0h:2m:9s)

===> START BOOTSTRAP REPLICATE NUMBER 35

Creating bootstrap alignment (seed: 57293)...

Create initial parsimony tree by phylogenetic likelihood library (PLL)... 0.001 seconds
Reading model parameters from file /Users/mful870/Desktop/MD_3di_Dev_02Oct24/Scriptorum/SubstitutionMatrix/3di_substmat
WARNING: Normalizing state frequencies so that sum of them equals to 1

NOTE: 1 MB RAM (0 GB) is required!
Estimate model parameters (epsilon = 0.100)
Initial log-likelihood: -4992.937
Current log-likelihood at step 1: -4864.206
Current log-likelihood at step 2: -4788.478
Current log-likelihood at step 3: -4786.083
Current log-likelihood at step 4: -4786.028
Partition-specific rates:  1.611 0.389
Parameters optimization took 3 rounds (0.060 sec)

Wrote distance file to... 
Computing ML distances based on estimated model parameters...
Calculating distance matrix: done in 2.88486e-05 secs using 86.66% CPU
Computing ML distances took 0.000073 sec (of wall-clock time) 0.000052 sec (of CPU time)
Setting up auxiliary I and S matrices: done in 3.60012e-05 secs using 80.55% CPU
Computing RapidNJ tree took 0.000134 sec (of wall-clock time) 0.000085 sec (of CPU time)
Log-likelihood of RapidNJ tree: -5101.998
--------------------------------------------------------------------
|             INITIALIZING CANDIDATE TREE SET                      |
--------------------------------------------------------------------
Generating 98 parsimony trees... 0.090 second
Computing log-likelihood of 96 initial trees ... 0.220 seconds
Current best score: -4786.028

Do NNI search on 20 best initial trees
Estimate model parameters (epsilon = 0.100)
Initial log-likelihood: -4781.535
Current log-likelihood at step 1: -4781.518
Parameters optimization took 0 rounds (0.008 sec)

BETTER TREE FOUND at iteration 1: -4781.518
Iteration 10 / LogL: -4781.918 / Time: 0h:2m:9s
Iteration 20 / LogL: -4781.542 / Time: 0h:2m:10s
Finish initializing candidate tree set (2)
Current best tree score: -4781.518 / CPU time: 0.918
Number of iterations: 20
--------------------------------------------------------------------
|               OPTIMIZING CANDIDATE TREE SET                      |
--------------------------------------------------------------------
Iteration 30 / LogL: -4781.579 / Time: 0h:2m:10s (0h:0m:3s left)
Iteration 40 / LogL: -4781.552 / Time: 0h:2m:10s (0h:0m:2s left)
UPDATE BEST LOG-LIKELIHOOD: -4781.518
Iteration 50 / LogL: -4782.006 / Time: 0h:2m:11s (0h:0m:2s left)
Iteration 60 / LogL: -4787.023 / Time: 0h:2m:11s (0h:0m:1s left)
Iteration 70 / LogL: -4781.564 / Time: 0h:2m:11s (0h:0m:1s left)
Iteration 80 / LogL: -4835.583 / Time: 0h:2m:12s (0h:0m:0s left)
Iteration 90 / LogL: -4781.547 / Time: 0h:2m:12s (0h:0m:0s left)
Iteration 100 / LogL: -4781.558 / Time: 0h:2m:12s (0h:0m:0s left)
UPDATE BEST LOG-LIKELIHOOD: -4781.518
TREE SEARCH COMPLETED AFTER 102 ITERATIONS / Time: 0h:2m:12s

--------------------------------------------------------------------
|                    FINALIZING TREE SEARCH                        |
--------------------------------------------------------------------
Performs final model parameters optimization
Estimate model parameters (epsilon = 0.010)
Initial log-likelihood: -4781.518
Current log-likelihood at step 1: -4781.516
Partition-specific rates:  1.615 0.385
Parameters optimization took 0 rounds (0.007 sec)

Partition information was printed to partition_file.nex.best_model.nex
BEST SCORE FOUND : -4781.516
Total tree length: 7.233

Total number of iterations: 102
CPU time used for tree search: 3.708 sec (0h:0m:3s)
Wall-clock time used for tree search: 3.566 sec (0h:0m:3s)
Total CPU time used: 137.383 sec (0h:2m:17s)
Total wall-clock time used: 132.680 sec (0h:2m:12s)

===> START BOOTSTRAP REPLICATE NUMBER 36

Creating bootstrap alignment (seed: 57294)...
WARNING: States(s) S rarely appear in partition tdi and may cause numerical problems

Create initial parsimony tree by phylogenetic likelihood library (PLL)... 0.001 seconds
Reading model parameters from file /Users/mful870/Desktop/MD_3di_Dev_02Oct24/Scriptorum/SubstitutionMatrix/3di_substmat
WARNING: Normalizing state frequencies so that sum of them equals to 1

NOTE: 1 MB RAM (0 GB) is required!
Estimate model parameters (epsilon = 0.100)
Initial log-likelihood: -4997.990
Current log-likelihood at step 1: -4866.068
Current log-likelihood at step 2: -4795.647
Current log-likelihood at step 3: -4795.426
Current log-likelihood at step 4: -4795.408
Partition-specific rates:  1.585 0.415
Parameters optimization took 3 rounds (0.067 sec)

Wrote distance file to... 
Computing ML distances based on estimated model parameters...
Calculating distance matrix: done in 3.00407e-05 secs using 86.55% CPU
Computing ML distances took 0.000074 sec (of wall-clock time) 0.000052 sec (of CPU time)
Setting up auxiliary I and S matrices: done in 2.69413e-05 secs using 77.95% CPU
Computing RapidNJ tree took 0.000129 sec (of wall-clock time) 0.000086 sec (of CPU time)
Log-likelihood of RapidNJ tree: -5160.347
--------------------------------------------------------------------
|             INITIALIZING CANDIDATE TREE SET                      |
--------------------------------------------------------------------
Generating 98 parsimony trees... 0.103 second
Computing log-likelihood of 92 initial trees ... 0.221 seconds
Current best score: -4793.483

Do NNI search on 20 best initial trees
Estimate model parameters (epsilon = 0.100)
Initial log-likelihood: -4787.637
Current log-likelihood at step 1: -4787.035
Current log-likelihood at step 2: -4787.031
Parameters optimization took 1 rounds (0.021 sec)

BETTER TREE FOUND at iteration 1: -4787.031
Iteration 10 / LogL: -4787.033 / Time: 0h:2m:13s
Iteration 20 / LogL: -4788.210 / Time: 0h:2m:13s
Finish initializing candidate tree set (2)
Current best tree score: -4787.031 / CPU time: 1.005
Number of iterations: 20
--------------------------------------------------------------------
|               OPTIMIZING CANDIDATE TREE SET                      |
--------------------------------------------------------------------
Iteration 30 / LogL: -4788.226 / Time: 0h:2m:14s (0h:0m:3s left)
Iteration 40 / LogL: -4788.316 / Time: 0h:2m:14s (0h:0m:3s left)
Iteration 50 / LogL: -4787.034 / Time: 0h:2m:15s (0h:0m:2s left)
Iteration 60 / LogL: -4788.241 / Time: 0h:2m:15s (0h:0m:1s left)
Iteration 70 / LogL: -4788.207 / Time: 0h:2m:15s (0h:0m:1s left)
Iteration 80 / LogL: -4787.053 / Time: 0h:2m:16s (0h:0m:0s left)
Iteration 90 / LogL: -4787.168 / Time: 0h:2m:16s (0h:0m:0s left)
Iteration 100 / LogL: -4787.036 / Time: 0h:2m:16s (0h:0m:0s left)
TREE SEARCH COMPLETED AFTER 102 ITERATIONS / Time: 0h:2m:16s

--------------------------------------------------------------------
|                    FINALIZING TREE SEARCH                        |
--------------------------------------------------------------------
Performs final model parameters optimization
Estimate model parameters (epsilon = 0.010)
Initial log-likelihood: -4787.031
Current log-likelihood at step 1: -4787.031
Partition-specific rates:  1.582 0.418
Parameters optimization took 0 rounds (0.007 sec)

Partition information was printed to partition_file.nex.best_model.nex
BEST SCORE FOUND : -4787.031
Total tree length: 7.128

Total number of iterations: 102
CPU time used for tree search: 4.261 sec (0h:0m:4s)
Wall-clock time used for tree search: 4.118 sec (0h:0m:4s)
Total CPU time used: 141.768 sec (0h:2m:21s)
Total wall-clock time used: 136.918 sec (0h:2m:16s)

===> START BOOTSTRAP REPLICATE NUMBER 37

Creating bootstrap alignment (seed: 57295)...
WARNING: States(s) E rarely appear in partition tdi and may cause numerical problems

Create initial parsimony tree by phylogenetic likelihood library (PLL)... 0.000 seconds
Reading model parameters from file /Users/mful870/Desktop/MD_3di_Dev_02Oct24/Scriptorum/SubstitutionMatrix/3di_substmat
WARNING: Normalizing state frequencies so that sum of them equals to 1

NOTE: 1 MB RAM (0 GB) is required!
Estimate model parameters (epsilon = 0.100)
Initial log-likelihood: -4733.544
Current log-likelihood at step 1: -4615.362
Current log-likelihood at step 2: -4533.365
Current log-likelihood at step 3: -4533.129
Current log-likelihood at step 4: -4533.098
Partition-specific rates:  1.602 0.398
Parameters optimization took 3 rounds (0.063 sec)

Wrote distance file to... 
Computing ML distances based on estimated model parameters...
Calculating distance matrix: done in 3.00407e-05 secs using 83.22% CPU
Computing ML distances took 0.000072 sec (of wall-clock time) 0.000052 sec (of CPU time)
Setting up auxiliary I and S matrices: done in 2.69413e-05 secs using 77.95% CPU
Computing RapidNJ tree took 0.000132 sec (of wall-clock time) 0.000088 sec (of CPU time)
Log-likelihood of RapidNJ tree: -4825.790
--------------------------------------------------------------------
|             INITIALIZING CANDIDATE TREE SET                      |
--------------------------------------------------------------------
Generating 98 parsimony trees... 0.091 second
Computing log-likelihood of 97 initial trees ... 0.223 seconds
Current best score: -4533.098

Do NNI search on 20 best initial trees
Estimate model parameters (epsilon = 0.100)
Initial log-likelihood: -4533.098
Current log-likelihood at step 1: -4533.095
Parameters optimization took 0 rounds (0.011 sec)

BETTER TREE FOUND at iteration 1: -4533.095
Estimate model parameters (epsilon = 0.100)
Initial log-likelihood: -4530.939
Current log-likelihood at step 1: -4530.855
Parameters optimization took 0 rounds (0.011 sec)

BETTER TREE FOUND at iteration 2: -4530.855
Iteration 10 / LogL: -4530.857 / Time: 0h:2m:17s
Iteration 20 / LogL: -4533.178 / Time: 0h:2m:18s
Finish initializing candidate tree set (2)
Current best tree score: -4530.855 / CPU time: 1.028
Number of iterations: 20
--------------------------------------------------------------------
|               OPTIMIZING CANDIDATE TREE SET                      |
--------------------------------------------------------------------
UPDATE BEST LOG-LIKELIHOOD: -4530.855
Iteration 30 / LogL: -4530.855 / Time: 0h:2m:18s (0h:0m:3s left)
Iteration 40 / LogL: -4535.878 / Time: 0h:2m:18s (0h:0m:2s left)
Iteration 50 / LogL: -4530.865 / Time: 0h:2m:19s (0h:0m:2s left)
Iteration 60 / LogL: -4530.856 / Time: 0h:2m:19s (0h:0m:1s left)
Iteration 70 / LogL: -4533.230 / Time: 0h:2m:19s (0h:0m:1s left)
UPDATE BEST LOG-LIKELIHOOD: -4530.855
Iteration 80 / LogL: -4530.953 / Time: 0h:2m:20s (0h:0m:0s left)
Iteration 90 / LogL: -4530.898 / Time: 0h:2m:20s (0h:0m:0s left)
Iteration 100 / LogL: -4531.065 / Time: 0h:2m:21s (0h:0m:0s left)
TREE SEARCH COMPLETED AFTER 103 ITERATIONS / Time: 0h:2m:21s

--------------------------------------------------------------------
|                    FINALIZING TREE SEARCH                        |
--------------------------------------------------------------------
Performs final model parameters optimization
Estimate model parameters (epsilon = 0.010)
Initial log-likelihood: -4530.855
Current log-likelihood at step 1: -4530.840
Current log-likelihood at step 2: -4530.838
Partition-specific rates:  1.593 0.407
Parameters optimization took 1 rounds (0.022 sec)

Partition information was printed to partition_file.nex.best_model.nex
BEST SCORE FOUND : -4530.838
Total tree length: 6.466

Total number of iterations: 103
CPU time used for tree search: 4.205 sec (0h:0m:4s)
Wall-clock time used for tree search: 4.100 sec (0h:0m:4s)
Total CPU time used: 146.118 sec (0h:2m:26s)
Total wall-clock time used: 141.152 sec (0h:2m:21s)

===> START BOOTSTRAP REPLICATE NUMBER 38

Creating bootstrap alignment (seed: 57296)...

Create initial parsimony tree by phylogenetic likelihood library (PLL)... 0.001 seconds
Reading model parameters from file /Users/mful870/Desktop/MD_3di_Dev_02Oct24/Scriptorum/SubstitutionMatrix/3di_substmat
WARNING: Normalizing state frequencies so that sum of them equals to 1

NOTE: 1 MB RAM (0 GB) is required!
Estimate model parameters (epsilon = 0.100)
Initial log-likelihood: -4520.903
Current log-likelihood at step 1: -4402.153
Current log-likelihood at step 2: -4330.840
Current log-likelihood at step 3: -4328.803
Current log-likelihood at step 4: -4328.729
Partition-specific rates:  1.580 0.420
Parameters optimization took 3 rounds (0.066 sec)

Wrote distance file to... 
Computing ML distances based on estimated model parameters...
Calculating distance matrix: done in 2.98023e-05 secs using 83.89% CPU
Computing ML distances took 0.000082 sec (of wall-clock time) 0.000052 sec (of CPU time)
Setting up auxiliary I and S matrices: done in 3.69549e-05 secs using 78.47% CPU
Computing RapidNJ tree took 0.000167 sec (of wall-clock time) 0.000091 sec (of CPU time)
Log-likelihood of RapidNJ tree: -4668.553
--------------------------------------------------------------------
|             INITIALIZING CANDIDATE TREE SET                      |
--------------------------------------------------------------------
Generating 98 parsimony trees... 0.090 second
Computing log-likelihood of 94 initial trees ... 0.216 seconds
Current best score: -4326.624

Do NNI search on 20 best initial trees
Estimate model parameters (epsilon = 0.100)
Initial log-likelihood: -4322.043
Current log-likelihood at step 1: -4321.400
Current log-likelihood at step 2: -4321.361
Parameters optimization took 1 rounds (0.030 sec)

BETTER TREE FOUND at iteration 1: -4321.361
Iteration 10 / LogL: -4321.379 / Time: 0h:2m:21s
Iteration 20 / LogL: -4321.974 / Time: 0h:2m:22s
Finish initializing candidate tree set (2)
Current best tree score: -4321.361 / CPU time: 0.909
Number of iterations: 20
--------------------------------------------------------------------
|               OPTIMIZING CANDIDATE TREE SET                      |
--------------------------------------------------------------------
UPDATE BEST LOG-LIKELIHOOD: -4321.361
Iteration 30 / LogL: -4321.711 / Time: 0h:2m:22s (0h:0m:3s left)
Iteration 40 / LogL: -4321.362 / Time: 0h:2m:22s (0h:0m:2s left)
Iteration 50 / LogL: -4321.450 / Time: 0h:2m:23s (0h:0m:2s left)
Iteration 60 / LogL: -4321.991 / Time: 0h:2m:23s (0h:0m:1s left)
Iteration 70 / LogL: -4321.521 / Time: 0h:2m:23s (0h:0m:1s left)
Iteration 80 / LogL: -4321.623 / Time: 0h:2m:24s (0h:0m:0s left)
Iteration 90 / LogL: -4322.154 / Time: 0h:2m:24s (0h:0m:0s left)
Iteration 100 / LogL: -4400.024 / Time: 0h:2m:24s (0h:0m:0s left)
TREE SEARCH COMPLETED AFTER 102 ITERATIONS / Time: 0h:2m:24s

--------------------------------------------------------------------
|                    FINALIZING TREE SEARCH                        |
--------------------------------------------------------------------
Performs final model parameters optimization
Estimate model parameters (epsilon = 0.010)
Initial log-likelihood: -4321.361
Current log-likelihood at step 1: -4321.358
Partition-specific rates:  1.601 0.399
Parameters optimization took 0 rounds (0.007 sec)

Partition information was printed to partition_file.nex.best_model.nex
BEST SCORE FOUND : -4321.358
Total tree length: 7.160

Total number of iterations: 102
CPU time used for tree search: 3.560 sec (0h:0m:3s)
Wall-clock time used for tree search: 3.419 sec (0h:0m:3s)
Total CPU time used: 149.800 sec (0h:2m:29s)
Total wall-clock time used: 144.686 sec (0h:2m:24s)

===> START BOOTSTRAP REPLICATE NUMBER 39

Creating bootstrap alignment (seed: 57297)...
WARNING: States(s) S rarely appear in partition tdi and may cause numerical problems

Create initial parsimony tree by phylogenetic likelihood library (PLL)... 0.001 seconds
Reading model parameters from file /Users/mful870/Desktop/MD_3di_Dev_02Oct24/Scriptorum/SubstitutionMatrix/3di_substmat
WARNING: Normalizing state frequencies so that sum of them equals to 1

NOTE: 1 MB RAM (0 GB) is required!
Estimate model parameters (epsilon = 0.100)
Initial log-likelihood: -4540.791
Current log-likelihood at step 1: -4440.003
Current log-likelihood at step 2: -4384.603
Current log-likelihood at step 3: -4384.406
Current log-likelihood at step 4: -4384.405
Partition-specific rates:  1.519 0.481
Parameters optimization took 3 rounds (0.056 sec)

Wrote distance file to... 
Computing ML distances based on estimated model parameters...
Calculating distance matrix: done in 3.00407e-05 secs using 86.55% CPU
Computing ML distances took 0.000081 sec (of wall-clock time) 0.000052 sec (of CPU time)
Setting up auxiliary I and S matrices: done in 4.88758e-05 secs using 65.47% CPU
Computing RapidNJ tree took 0.000136 sec (of wall-clock time) 0.000083 sec (of CPU time)
Log-likelihood of RapidNJ tree: -4675.662
--------------------------------------------------------------------
|             INITIALIZING CANDIDATE TREE SET                      |
--------------------------------------------------------------------
Generating 98 parsimony trees... 0.092 second
Computing log-likelihood of 95 initial trees ... 0.214 seconds
Current best score: -4379.274

Do NNI search on 20 best initial trees
Estimate model parameters (epsilon = 0.100)
Initial log-likelihood: -4365.695
Current log-likelihood at step 1: -4365.551
Current log-likelihood at step 2: -4365.546
Parameters optimization took 1 rounds (0.018 sec)

BETTER TREE FOUND at iteration 1: -4365.546
Iteration 10 / LogL: -4365.655 / Time: 0h:2m:25s
Iteration 20 / LogL: -4365.616 / Time: 0h:2m:25s
Finish initializing candidate tree set (1)
Current best tree score: -4365.546 / CPU time: 0.873
Number of iterations: 20
--------------------------------------------------------------------
|               OPTIMIZING CANDIDATE TREE SET                      |
--------------------------------------------------------------------
Iteration 30 / LogL: -4365.820 / Time: 0h:2m:25s (0h:0m:3s left)
UPDATE BEST LOG-LIKELIHOOD: -4365.546
Iteration 40 / LogL: -4365.566 / Time: 0h:2m:26s (0h:0m:2s left)
UPDATE BEST LOG-LIKELIHOOD: -4365.546
Iteration 50 / LogL: -4365.897 / Time: 0h:2m:26s (0h:0m:1s left)
Iteration 60 / LogL: -4365.735 / Time: 0h:2m:26s (0h:0m:1s left)
Iteration 70 / LogL: -4365.718 / Time: 0h:2m:27s (0h:0m:1s left)
Iteration 80 / LogL: -4365.706 / Time: 0h:2m:27s (0h:0m:0s left)
UPDATE BEST LOG-LIKELIHOOD: -4365.546
Iteration 90 / LogL: -4365.623 / Time: 0h:2m:27s (0h:0m:0s left)
Iteration 100 / LogL: -4365.729 / Time: 0h:2m:27s (0h:0m:0s left)
TREE SEARCH COMPLETED AFTER 102 ITERATIONS / Time: 0h:2m:28s

--------------------------------------------------------------------
|                    FINALIZING TREE SEARCH                        |
--------------------------------------------------------------------
Performs final model parameters optimization
Estimate model parameters (epsilon = 0.010)
Initial log-likelihood: -4365.546
Current log-likelihood at step 1: -4365.546
Partition-specific rates:  1.523 0.477
Parameters optimization took 0 rounds (0.007 sec)

Partition information was printed to partition_file.nex.best_model.nex
BEST SCORE FOUND : -4365.546
Total tree length: 6.032

Total number of iterations: 102
CPU time used for tree search: 3.382 sec (0h:0m:3s)
Wall-clock time used for tree search: 3.248 sec (0h:0m:3s)
Total CPU time used: 153.300 sec (0h:2m:33s)
Total wall-clock time used: 148.046 sec (0h:2m:28s)

===> START BOOTSTRAP REPLICATE NUMBER 40

Creating bootstrap alignment (seed: 57298)...

Create initial parsimony tree by phylogenetic likelihood library (PLL)... 0.001 seconds
Reading model parameters from file /Users/mful870/Desktop/MD_3di_Dev_02Oct24/Scriptorum/SubstitutionMatrix/3di_substmat
WARNING: Normalizing state frequencies so that sum of them equals to 1

NOTE: 1 MB RAM (0 GB) is required!
Estimate model parameters (epsilon = 0.100)
Initial log-likelihood: -4840.310
Current log-likelihood at step 1: -4726.646
Current log-likelihood at step 2: -4670.525
Current log-likelihood at step 3: -4670.485
Partition-specific rates:  1.533 0.467
Parameters optimization took 2 rounds (0.048 sec)

Wrote distance file to... 
Computing ML distances based on estimated model parameters...
Calculating distance matrix: done in 3.00407e-05 secs using 83.22% CPU
Computing ML distances took 0.000089 sec (of wall-clock time) 0.000053 sec (of CPU time)
Setting up auxiliary I and S matrices: done in 2.69413e-05 secs using 77.95% CPU
Computing RapidNJ tree took 0.000121 sec (of wall-clock time) 0.000076 sec (of CPU time)
Log-likelihood of RapidNJ tree: -5017.456
--------------------------------------------------------------------
|             INITIALIZING CANDIDATE TREE SET                      |
--------------------------------------------------------------------
Generating 98 parsimony trees... 0.094 second
Computing log-likelihood of 96 initial trees ... 0.246 seconds
Current best score: -4669.866

Do NNI search on 20 best initial trees
Estimate model parameters (epsilon = 0.100)
Initial log-likelihood: -4656.970
Current log-likelihood at step 1: -4656.885
Parameters optimization took 0 rounds (0.012 sec)

BETTER TREE FOUND at iteration 1: -4656.885
Iteration 10 / LogL: -4656.950 / Time: 0h:2m:28s
Iteration 20 / LogL: -4656.948 / Time: 0h:2m:29s
Finish initializing candidate tree set (1)
Current best tree score: -4656.885 / CPU time: 1.182
Number of iterations: 20
--------------------------------------------------------------------
|               OPTIMIZING CANDIDATE TREE SET                      |
--------------------------------------------------------------------
Iteration 30 / LogL: -4656.917 / Time: 0h:2m:29s (0h:0m:3s left)
Iteration 40 / LogL: -4656.945 / Time: 0h:2m:29s (0h:0m:2s left)
Iteration 50 / LogL: -4656.939 / Time: 0h:2m:30s (0h:0m:2s left)
Iteration 60 / LogL: -4656.916 / Time: 0h:2m:30s (0h:0m:1s left)
Iteration 70 / LogL: -4656.954 / Time: 0h:2m:30s (0h:0m:1s left)
Iteration 80 / LogL: -4656.918 / Time: 0h:2m:31s (0h:0m:0s left)
UPDATE BEST LOG-LIKELIHOOD: -4656.880
Iteration 90 / LogL: -4656.912 / Time: 0h:2m:31s (0h:0m:0s left)
Iteration 100 / LogL: -4657.589 / Time: 0h:2m:31s (0h:0m:0s left)
TREE SEARCH COMPLETED AFTER 102 ITERATIONS / Time: 0h:2m:31s

--------------------------------------------------------------------
|                    FINALIZING TREE SEARCH                        |
--------------------------------------------------------------------
Performs final model parameters optimization
Estimate model parameters (epsilon = 0.010)
Initial log-likelihood: -4656.880
Current log-likelihood at step 1: -4656.880
Partition-specific rates:  1.537 0.463
Parameters optimization took 0 rounds (0.008 sec)

Partition information was printed to partition_file.nex.best_model.nex
BEST SCORE FOUND : -4656.880
Total tree length: 6.730

Total number of iterations: 102
CPU time used for tree search: 3.866 sec (0h:0m:3s)
Wall-clock time used for tree search: 3.738 sec (0h:0m:3s)
Total CPU time used: 157.272 sec (0h:2m:37s)
Total wall-clock time used: 151.883 sec (0h:2m:31s)

===> START BOOTSTRAP REPLICATE NUMBER 41

Creating bootstrap alignment (seed: 57299)...

Create initial parsimony tree by phylogenetic likelihood library (PLL)... 0.000 seconds
Reading model parameters from file /Users/mful870/Desktop/MD_3di_Dev_02Oct24/Scriptorum/SubstitutionMatrix/3di_substmat
WARNING: Normalizing state frequencies so that sum of them equals to 1

NOTE: 1 MB RAM (0 GB) is required!
Estimate model parameters (epsilon = 0.100)
Initial log-likelihood: -4661.350
Current log-likelihood at step 1: -4534.182
Current log-likelihood at step 2: -4475.542
Current log-likelihood at step 3: -4475.318
Current log-likelihood at step 4: -4475.302
Partition-specific rates:  1.549 0.451
Parameters optimization took 3 rounds (0.069 sec)

Wrote distance file to... 
Computing ML distances based on estimated model parameters...
Calculating distance matrix: done in 3.19481e-05 secs using 84.51% CPU
Computing ML distances took 0.000085 sec (of wall-clock time) 0.000054 sec (of CPU time)
Setting up auxiliary I and S matrices: done in 2.59876e-05 secs using 76.96% CPU
Computing RapidNJ tree took 0.000115 sec (of wall-clock time) 0.000074 sec (of CPU time)
Log-likelihood of RapidNJ tree: -4796.473
--------------------------------------------------------------------
|             INITIALIZING CANDIDATE TREE SET                      |
--------------------------------------------------------------------
Generating 98 parsimony trees... 0.099 second
Computing log-likelihood of 94 initial trees ... 0.245 seconds
Current best score: -4475.302

Do NNI search on 20 best initial trees
Estimate model parameters (epsilon = 0.100)
Initial log-likelihood: -4472.767
Current log-likelihood at step 1: -4472.733
Parameters optimization took 0 rounds (0.008 sec)

BETTER TREE FOUND at iteration 1: -4472.733
Iteration 10 / LogL: -4472.738 / Time: 0h:2m:32s
Iteration 20 / LogL: -4472.738 / Time: 0h:2m:32s
Finish initializing candidate tree set (1)
Current best tree score: -4472.733 / CPU time: 0.921
Number of iterations: 20
--------------------------------------------------------------------
|               OPTIMIZING CANDIDATE TREE SET                      |
--------------------------------------------------------------------
Iteration 30 / LogL: -4472.895 / Time: 0h:2m:33s (0h:0m:3s left)
Iteration 40 / LogL: -4472.957 / Time: 0h:2m:33s (0h:0m:2s left)
Iteration 50 / LogL: -4472.765 / Time: 0h:2m:33s (0h:0m:2s left)
Iteration 60 / LogL: -4473.203 / Time: 0h:2m:34s (0h:0m:1s left)
Iteration 70 / LogL: -4472.746 / Time: 0h:2m:34s (0h:0m:1s left)
Iteration 80 / LogL: -4472.894 / Time: 0h:2m:35s (0h:0m:0s left)
Iteration 90 / LogL: -4472.747 / Time: 0h:2m:35s (0h:0m:0s left)
Iteration 100 / LogL: -4472.931 / Time: 0h:2m:35s (0h:0m:0s left)
TREE SEARCH COMPLETED AFTER 102 ITERATIONS / Time: 0h:2m:35s

--------------------------------------------------------------------
|                    FINALIZING TREE SEARCH                        |
--------------------------------------------------------------------
Performs final model parameters optimization
Estimate model parameters (epsilon = 0.010)
Initial log-likelihood: -4472.733
Current log-likelihood at step 1: -4472.731
Partition-specific rates:  1.549 0.451
Parameters optimization took 0 rounds (0.007 sec)

Partition information was printed to partition_file.nex.best_model.nex
BEST SCORE FOUND : -4472.731
Total tree length: 6.737

Total number of iterations: 102
CPU time used for tree search: 4.047 sec (0h:0m:4s)
Wall-clock time used for tree search: 3.908 sec (0h:0m:3s)
Total CPU time used: 161.448 sec (0h:2m:41s)
Total wall-clock time used: 155.916 sec (0h:2m:35s)

===> START BOOTSTRAP REPLICATE NUMBER 42

Creating bootstrap alignment (seed: 57300)...

Create initial parsimony tree by phylogenetic likelihood library (PLL)... 0.000 seconds
Reading model parameters from file /Users/mful870/Desktop/MD_3di_Dev_02Oct24/Scriptorum/SubstitutionMatrix/3di_substmat
WARNING: Normalizing state frequencies so that sum of them equals to 1

NOTE: 1 MB RAM (0 GB) is required!
Estimate model parameters (epsilon = 0.100)
Initial log-likelihood: -5063.306
Current log-likelihood at step 1: -4941.902
Current log-likelihood at step 2: -4890.184
Current log-likelihood at step 3: -4890.178
Partition-specific rates:  1.563 0.437
Parameters optimization took 2 rounds (0.046 sec)

Wrote distance file to... 
Computing ML distances based on estimated model parameters...
Calculating distance matrix: done in 3.09944e-05 secs using 83.89% CPU
Computing ML distances took 0.000080 sec (of wall-clock time) 0.000052 sec (of CPU time)
Setting up auxiliary I and S matrices: done in 2.81334e-05 secs using 74.64% CPU
Computing RapidNJ tree took 0.000122 sec (of wall-clock time) 0.000078 sec (of CPU time)
Log-likelihood of RapidNJ tree: -5252.966
--------------------------------------------------------------------
|             INITIALIZING CANDIDATE TREE SET                      |
--------------------------------------------------------------------
Generating 98 parsimony trees... 0.089 second
Computing log-likelihood of 94 initial trees ... 0.242 seconds
Current best score: -4890.178

Do NNI search on 20 best initial trees
Estimate model parameters (epsilon = 0.100)
Initial log-likelihood: -4883.830
Current log-likelihood at step 1: -4883.507
Current log-likelihood at step 2: -4883.494
Parameters optimization took 1 rounds (0.022 sec)

BETTER TREE FOUND at iteration 1: -4883.494
Estimate model parameters (epsilon = 0.100)
Initial log-likelihood: -4882.262
Current log-likelihood at step 1: -4882.027
Current log-likelihood at step 2: -4882.023
Parameters optimization took 1 rounds (0.017 sec)

BETTER TREE FOUND at iteration 6: -4882.023
Iteration 10 / LogL: -4882.181 / Time: 0h:2m:36s
Iteration 20 / LogL: -4883.750 / Time: 0h:2m:36s
Finish initializing candidate tree set (2)
Current best tree score: -4882.023 / CPU time: 0.846
Number of iterations: 20
--------------------------------------------------------------------
|               OPTIMIZING CANDIDATE TREE SET                      |
--------------------------------------------------------------------
Iteration 30 / LogL: -4883.649 / Time: 0h:2m:37s (0h:0m:3s left)
Iteration 40 / LogL: -4882.157 / Time: 0h:2m:37s (0h:0m:2s left)
Iteration 50 / LogL: -4883.611 / Time: 0h:2m:37s (0h:0m:2s left)
Iteration 60 / LogL: -4882.090 / Time: 0h:2m:38s (0h:0m:1s left)
Iteration 70 / LogL: -4883.599 / Time: 0h:2m:38s (0h:0m:1s left)
UPDATE BEST LOG-LIKELIHOOD: -4882.023
Iteration 80 / LogL: -4882.086 / Time: 0h:2m:38s (0h:0m:0s left)
Iteration 90 / LogL: -4882.127 / Time: 0h:2m:39s (0h:0m:0s left)
Iteration 100 / LogL: -4883.753 / Time: 0h:2m:39s (0h:0m:0s left)
TREE SEARCH COMPLETED AFTER 107 ITERATIONS / Time: 0h:2m:39s

--------------------------------------------------------------------
|                    FINALIZING TREE SEARCH                        |
--------------------------------------------------------------------
Performs final model parameters optimization
Estimate model parameters (epsilon = 0.010)
Initial log-likelihood: -4882.023
Current log-likelihood at step 1: -4882.023
Partition-specific rates:  1.562 0.438
Parameters optimization took 0 rounds (0.007 sec)

Partition information was printed to partition_file.nex.best_model.nex
BEST SCORE FOUND : -4882.023
Total tree length: 6.943

Total number of iterations: 107
CPU time used for tree search: 3.898 sec (0h:0m:3s)
Wall-clock time used for tree search: 3.754 sec (0h:0m:3s)
Total CPU time used: 165.439 sec (0h:2m:45s)
Total wall-clock time used: 159.760 sec (0h:2m:39s)

===> START BOOTSTRAP REPLICATE NUMBER 43

Creating bootstrap alignment (seed: 57301)...

Create initial parsimony tree by phylogenetic likelihood library (PLL)... 0.001 seconds
Reading model parameters from file /Users/mful870/Desktop/MD_3di_Dev_02Oct24/Scriptorum/SubstitutionMatrix/3di_substmat
WARNING: Normalizing state frequencies so that sum of them equals to 1

NOTE: 1 MB RAM (0 GB) is required!
Estimate model parameters (epsilon = 0.100)
Initial log-likelihood: -4515.649
Current log-likelihood at step 1: -4389.055
Current log-likelihood at step 2: -4324.694
Current log-likelihood at step 3: -4324.308
Current log-likelihood at step 4: -4324.277
Partition-specific rates:  1.541 0.459
Parameters optimization took 3 rounds (0.063 sec)

Wrote distance file to... 
Computing ML distances based on estimated model parameters...
Calculating distance matrix: done in 3.00407e-05 secs using 83.22% CPU
Computing ML distances took 0.000084 sec (of wall-clock time) 0.000053 sec (of CPU time)
Setting up auxiliary I and S matrices: done in 3.38554e-05 secs using 76.8% CPU
Computing RapidNJ tree took 0.000134 sec (of wall-clock time) 0.000080 sec (of CPU time)
Log-likelihood of RapidNJ tree: -4636.981
--------------------------------------------------------------------
|             INITIALIZING CANDIDATE TREE SET                      |
--------------------------------------------------------------------
Generating 98 parsimony trees... 0.084 second
Computing log-likelihood of 93 initial trees ... 0.225 seconds
Current best score: -4322.177

Do NNI search on 20 best initial trees
Estimate model parameters (epsilon = 0.100)
Initial log-likelihood: -4313.565
Current log-likelihood at step 1: -4313.370
Current log-likelihood at step 2: -4313.365
Parameters optimization took 1 rounds (0.022 sec)

BETTER TREE FOUND at iteration 1: -4313.365
Iteration 10 / LogL: -4313.507 / Time: 0h:2m:40s
Iteration 20 / LogL: -4313.468 / Time: 0h:2m:40s
Finish initializing candidate tree set (1)
Current best tree score: -4313.365 / CPU time: 0.846
Number of iterations: 20
--------------------------------------------------------------------
|               OPTIMIZING CANDIDATE TREE SET                      |
--------------------------------------------------------------------
Iteration 30 / LogL: -4313.372 / Time: 0h:2m:40s (0h:0m:2s left)
UPDATE BEST LOG-LIKELIHOOD: -4313.365
UPDATE BEST LOG-LIKELIHOOD: -4313.365
Iteration 40 / LogL: -4313.581 / Time: 0h:2m:41s (0h:0m:2s left)
UPDATE BEST LOG-LIKELIHOOD: -4313.365
Iteration 50 / LogL: -4313.484 / Time: 0h:2m:41s (0h:0m:1s left)
Iteration 60 / LogL: -4313.432 / Time: 0h:2m:41s (0h:0m:1s left)
Iteration 70 / LogL: -4313.365 / Time: 0h:2m:42s (0h:0m:1s left)
Iteration 80 / LogL: -4313.478 / Time: 0h:2m:42s (0h:0m:0s left)
UPDATE BEST LOG-LIKELIHOOD: -4313.365
Iteration 90 / LogL: -4313.458 / Time: 0h:2m:42s (0h:0m:0s left)
Iteration 100 / LogL: -4314.000 / Time: 0h:2m:42s (0h:0m:0s left)
TREE SEARCH COMPLETED AFTER 102 ITERATIONS / Time: 0h:2m:43s

--------------------------------------------------------------------
|                    FINALIZING TREE SEARCH                        |
--------------------------------------------------------------------
Performs final model parameters optimization
Estimate model parameters (epsilon = 0.010)
Initial log-likelihood: -4313.365
Current log-likelihood at step 1: -4313.365
Partition-specific rates:  1.531 0.469
Parameters optimization took 0 rounds (0.007 sec)

Partition information was printed to partition_file.nex.best_model.nex
BEST SCORE FOUND : -4313.365
Total tree length: 6.578

Total number of iterations: 102
CPU time used for tree search: 3.284 sec (0h:0m:3s)
Wall-clock time used for tree search: 3.154 sec (0h:0m:3s)
Total CPU time used: 168.842 sec (0h:2m:48s)
Total wall-clock time used: 163.026 sec (0h:2m:43s)

===> START BOOTSTRAP REPLICATE NUMBER 44

Creating bootstrap alignment (seed: 57302)...

Create initial parsimony tree by phylogenetic likelihood library (PLL)... 0.000 seconds
Reading model parameters from file /Users/mful870/Desktop/MD_3di_Dev_02Oct24/Scriptorum/SubstitutionMatrix/3di_substmat
WARNING: Normalizing state frequencies so that sum of them equals to 1

NOTE: 1 MB RAM (0 GB) is required!
Estimate model parameters (epsilon = 0.100)
Initial log-likelihood: -4808.330
Current log-likelihood at step 1: -4683.370
Current log-likelihood at step 2: -4615.126
Current log-likelihood at step 3: -4613.043
Current log-likelihood at step 4: -4612.877
Current log-likelihood at step 5: -4612.868
Partition-specific rates:  1.634 0.366
Parameters optimization took 4 rounds (0.075 sec)

Wrote distance file to... 
Computing ML distances based on estimated model parameters...
Calculating distance matrix: done in 2.88486e-05 secs using 83.19% CPU
Computing ML distances took 0.000084 sec (of wall-clock time) 0.000052 sec (of CPU time)
Setting up auxiliary I and S matrices: done in 3.60012e-05 secs using 80.55% CPU
Computing RapidNJ tree took 0.000209 sec (of wall-clock time) 0.000103 sec (of CPU time)
Log-likelihood of RapidNJ tree: -4945.813
--------------------------------------------------------------------
|             INITIALIZING CANDIDATE TREE SET                      |
--------------------------------------------------------------------
Generating 98 parsimony trees... 0.081 second
Computing log-likelihood of 95 initial trees ... 0.221 seconds
Current best score: -4612.868

Do NNI search on 20 best initial trees
Estimate model parameters (epsilon = 0.100)
Initial log-likelihood: -4608.778
Current log-likelihood at step 1: -4608.736
Parameters optimization took 0 rounds (0.007 sec)

BETTER TREE FOUND at iteration 1: -4608.736
Iteration 10 / LogL: -4609.091 / Time: 0h:2m:43s
Iteration 20 / LogL: -4608.765 / Time: 0h:2m:43s
Finish initializing candidate tree set (2)
Current best tree score: -4608.736 / CPU time: 0.823
Number of iterations: 20
--------------------------------------------------------------------
|               OPTIMIZING CANDIDATE TREE SET                      |
--------------------------------------------------------------------
UPDATE BEST LOG-LIKELIHOOD: -4608.734
Iteration 30 / LogL: -4609.342 / Time: 0h:2m:44s (0h:0m:2s left)
Iteration 40 / LogL: -4609.361 / Time: 0h:2m:44s (0h:0m:2s left)
Iteration 50 / LogL: -4608.985 / Time: 0h:2m:44s (0h:0m:1s left)
Iteration 60 / LogL: -4608.795 / Time: 0h:2m:45s (0h:0m:1s left)
Iteration 70 / LogL: -4608.884 / Time: 0h:2m:45s (0h:0m:1s left)
Iteration 80 / LogL: -4608.822 / Time: 0h:2m:45s (0h:0m:0s left)
UPDATE BEST LOG-LIKELIHOOD: -4608.734
UPDATE BEST LOG-LIKELIHOOD: -4608.734
Iteration 90 / LogL: -4609.235 / Time: 0h:2m:45s (0h:0m:0s left)
Iteration 100 / LogL: -4609.016 / Time: 0h:2m:46s (0h:0m:0s left)
TREE SEARCH COMPLETED AFTER 102 ITERATIONS / Time: 0h:2m:46s

--------------------------------------------------------------------
|                    FINALIZING TREE SEARCH                        |
--------------------------------------------------------------------
Performs final model parameters optimization
Estimate model parameters (epsilon = 0.010)
Initial log-likelihood: -4608.734
Current log-likelihood at step 1: -4608.733
Partition-specific rates:  1.630 0.370
Parameters optimization took 0 rounds (0.008 sec)

Partition information was printed to partition_file.nex.best_model.nex
BEST SCORE FOUND : -4608.733
Total tree length: 7.304

Total number of iterations: 102
CPU time used for tree search: 3.288 sec (0h:0m:3s)
Wall-clock time used for tree search: 3.147 sec (0h:0m:3s)
Total CPU time used: 172.254 sec (0h:2m:52s)
Total wall-clock time used: 166.295 sec (0h:2m:46s)

===> START BOOTSTRAP REPLICATE NUMBER 45

Creating bootstrap alignment (seed: 57303)...

Create initial parsimony tree by phylogenetic likelihood library (PLL)... 0.001 seconds
Reading model parameters from file /Users/mful870/Desktop/MD_3di_Dev_02Oct24/Scriptorum/SubstitutionMatrix/3di_substmat
WARNING: Normalizing state frequencies so that sum of them equals to 1

NOTE: 1 MB RAM (0 GB) is required!
Estimate model parameters (epsilon = 0.100)
Initial log-likelihood: -4763.251
Current log-likelihood at step 1: -4634.105
Current log-likelihood at step 2: -4562.222
Current log-likelihood at step 3: -4561.698
Current log-likelihood at step 4: -4561.667
Partition-specific rates:  1.579 0.421
Parameters optimization took 3 rounds (0.063 sec)

Wrote distance file to... 
Computing ML distances based on estimated model parameters...
Calculating distance matrix: done in 3.00407e-05 secs using 83.22% CPU
Computing ML distances took 0.000082 sec (of wall-clock time) 0.000052 sec (of CPU time)
Setting up auxiliary I and S matrices: done in 2.71797e-05 secs using 80.94% CPU
Computing RapidNJ tree took 0.000128 sec (of wall-clock time) 0.000072 sec (of CPU time)
Log-likelihood of RapidNJ tree: -4903.659
--------------------------------------------------------------------
|             INITIALIZING CANDIDATE TREE SET                      |
--------------------------------------------------------------------
Generating 98 parsimony trees... 0.082 second
Computing log-likelihood of 95 initial trees ... 0.241 seconds
Current best score: -4552.538

Do NNI search on 20 best initial trees
Estimate model parameters (epsilon = 0.100)
Initial log-likelihood: -4542.166
Current log-likelihood at step 1: -4542.011
Current log-likelihood at step 2: -4542.009
Parameters optimization took 1 rounds (0.019 sec)

BETTER TREE FOUND at iteration 1: -4542.009
Iteration 10 / LogL: -4542.072 / Time: 0h:2m:47s
Iteration 20 / LogL: -4542.128 / Time: 0h:2m:47s
Finish initializing candidate tree set (2)
Current best tree score: -4542.009 / CPU time: 0.932
Number of iterations: 20
--------------------------------------------------------------------
|               OPTIMIZING CANDIDATE TREE SET                      |
--------------------------------------------------------------------
Estimate model parameters (epsilon = 0.100)
Initial log-likelihood: -4541.976
Current log-likelihood at step 1: -4541.803
Current log-likelihood at step 2: -4541.791
Parameters optimization took 1 rounds (0.024 sec)

UPDATE BEST LOG-LIKELIHOOD: -4541.791
Iteration 30 / LogL: -4542.176 / Time: 0h:2m:47s (0h:0m:3s left)
Iteration 40 / LogL: -4542.117 / Time: 0h:2m:47s (0h:0m:2s left)
Iteration 50 / LogL: -4541.929 / Time: 0h:2m:48s (0h:0m:2s left)
Iteration 60 / LogL: -4542.316 / Time: 0h:2m:48s (0h:0m:1s left)
Iteration 70 / LogL: -4542.194 / Time: 0h:2m:48s (0h:0m:1s left)
Iteration 80 / LogL: -4541.990 / Time: 0h:2m:49s (0h:0m:0s left)
Iteration 90 / LogL: -4541.891 / Time: 0h:2m:49s (0h:0m:0s left)
UPDATE BEST LOG-LIKELIHOOD: -4541.790
UPDATE BEST LOG-LIKELIHOOD: -4541.790
Iteration 100 / LogL: -4541.790 / Time: 0h:2m:49s (0h:0m:0s left)
TREE SEARCH COMPLETED AFTER 102 ITERATIONS / Time: 0h:2m:49s

--------------------------------------------------------------------
|                    FINALIZING TREE SEARCH                        |
--------------------------------------------------------------------
Performs final model parameters optimization
Estimate model parameters (epsilon = 0.010)
Initial log-likelihood: -4541.790
Current log-likelihood at step 1: -4541.789
Partition-specific rates:  1.558 0.442
Parameters optimization took 0 rounds (0.011 sec)

Partition information was printed to partition_file.nex.best_model.nex
BEST SCORE FOUND : -4541.789
Total tree length: 6.788

Total number of iterations: 102
CPU time used for tree search: 3.667 sec (0h:0m:3s)
Wall-clock time used for tree search: 3.546 sec (0h:0m:3s)
Total CPU time used: 176.046 sec (0h:2m:56s)
Total wall-clock time used: 169.964 sec (0h:2m:49s)

===> START BOOTSTRAP REPLICATE NUMBER 46

Creating bootstrap alignment (seed: 57304)...
WARNING: States(s) S rarely appear in partition tdi and may cause numerical problems

Create initial parsimony tree by phylogenetic likelihood library (PLL)... 0.001 seconds
Reading model parameters from file /Users/mful870/Desktop/MD_3di_Dev_02Oct24/Scriptorum/SubstitutionMatrix/3di_substmat
WARNING: Normalizing state frequencies so that sum of them equals to 1

NOTE: 1 MB RAM (0 GB) is required!
Estimate model parameters (epsilon = 0.100)
Initial log-likelihood: -4534.696
Current log-likelihood at step 1: -4409.285
Current log-likelihood at step 2: -4338.184
Current log-likelihood at step 3: -4337.237
Current log-likelihood at step 4: -4337.163
Partition-specific rates:  1.625 0.375
Parameters optimization took 3 rounds (0.062 sec)

Wrote distance file to... 
Computing ML distances based on estimated model parameters...
Calculating distance matrix: done in 3.09944e-05 secs using 83.89% CPU
Computing ML distances took 0.000081 sec (of wall-clock time) 0.000052 sec (of CPU time)
Setting up auxiliary I and S matrices: done in 2.69413e-05 secs using 77.95% CPU
Computing RapidNJ tree took 0.000121 sec (of wall-clock time) 0.000077 sec (of CPU time)
Log-likelihood of RapidNJ tree: -4686.262
--------------------------------------------------------------------
|             INITIALIZING CANDIDATE TREE SET                      |
--------------------------------------------------------------------
Generating 98 parsimony trees... 0.098 second
Computing log-likelihood of 96 initial trees ... 0.224 seconds
Current best score: -4337.163

Do NNI search on 20 best initial trees
Estimate model parameters (epsilon = 0.100)
Initial log-likelihood: -4335.802
Current log-likelihood at step 1: -4335.784
Parameters optimization took 0 rounds (0.011 sec)

BETTER TREE FOUND at iteration 1: -4335.784
Iteration 10 / LogL: -4335.810 / Time: 0h:2m:50s
Iteration 20 / LogL: -4335.795 / Time: 0h:2m:50s
Finish initializing candidate tree set (1)
Current best tree score: -4335.784 / CPU time: 0.874
Number of iterations: 20
--------------------------------------------------------------------
|               OPTIMIZING CANDIDATE TREE SET                      |
--------------------------------------------------------------------
Iteration 30 / LogL: -4335.836 / Time: 0h:2m:51s (0h:0m:3s left)
UPDATE BEST LOG-LIKELIHOOD: -4335.784
Iteration 40 / LogL: -4336.013 / Time: 0h:2m:51s (0h:0m:2s left)
Iteration 50 / LogL: -4335.794 / Time: 0h:2m:51s (0h:0m:1s left)
Iteration 60 / LogL: -4335.792 / Time: 0h:2m:52s (0h:0m:1s left)
Iteration 70 / LogL: -4335.854 / Time: 0h:2m:52s (0h:0m:1s left)
Iteration 80 / LogL: -4335.899 / Time: 0h:2m:52s (0h:0m:0s left)
Iteration 90 / LogL: -4335.918 / Time: 0h:2m:53s (0h:0m:0s left)
Iteration 100 / LogL: -4335.800 / Time: 0h:2m:53s (0h:0m:0s left)
TREE SEARCH COMPLETED AFTER 102 ITERATIONS / Time: 0h:2m:53s

--------------------------------------------------------------------
|                    FINALIZING TREE SEARCH                        |
--------------------------------------------------------------------
Performs final model parameters optimization
Estimate model parameters (epsilon = 0.010)
Initial log-likelihood: -4335.784
Current log-likelihood at step 1: -4335.784
Partition-specific rates:  1.624 0.376
Parameters optimization took 0 rounds (0.006 sec)

Partition information was printed to partition_file.nex.best_model.nex
BEST SCORE FOUND : -4335.784
Total tree length: 6.398

Total number of iterations: 102
CPU time used for tree search: 3.479 sec (0h:0m:3s)
Wall-clock time used for tree search: 3.335 sec (0h:0m:3s)
Total CPU time used: 179.642 sec (0h:2m:59s)
Total wall-clock time used: 173.413 sec (0h:2m:53s)

===> START BOOTSTRAP REPLICATE NUMBER 47

Creating bootstrap alignment (seed: 57305)...
WARNING: States(s) S rarely appear in partition tdi and may cause numerical problems

Create initial parsimony tree by phylogenetic likelihood library (PLL)... 0.001 seconds
Reading model parameters from file /Users/mful870/Desktop/MD_3di_Dev_02Oct24/Scriptorum/SubstitutionMatrix/3di_substmat
WARNING: Normalizing state frequencies so that sum of them equals to 1

NOTE: 1 MB RAM (0 GB) is required!
Estimate model parameters (epsilon = 0.100)
Initial log-likelihood: -4681.659
Current log-likelihood at step 1: -4556.630
Current log-likelihood at step 2: -4482.047
Current log-likelihood at step 3: -4480.707
Current log-likelihood at step 4: -4480.674
Partition-specific rates:  1.544 0.456
Parameters optimization took 3 rounds (0.064 sec)

Wrote distance file to... 
Computing ML distances based on estimated model parameters...
Calculating distance matrix: done in 3.00407e-05 secs using 86.55% CPU
Computing ML distances took 0.000084 sec (of wall-clock time) 0.000053 sec (of CPU time)
Setting up auxiliary I and S matrices: done in 4.79221e-05 secs using 64.69% CPU
Computing RapidNJ tree took 0.000131 sec (of wall-clock time) 0.000078 sec (of CPU time)
Log-likelihood of RapidNJ tree: -4768.436
--------------------------------------------------------------------
|             INITIALIZING CANDIDATE TREE SET                      |
--------------------------------------------------------------------
Generating 98 parsimony trees... 0.088 second
Computing log-likelihood of 92 initial trees ... 0.226 seconds
Current best score: -4476.921

Do NNI search on 20 best initial trees
Estimate model parameters (epsilon = 0.100)
Initial log-likelihood: -4476.921
Current log-likelihood at step 1: -4470.803
Current log-likelihood at step 2: -4470.644
Current log-likelihood at step 3: -4470.634
Parameters optimization took 2 rounds (0.040 sec)

BETTER TREE FOUND at iteration 1: -4470.634
Iteration 10 / LogL: -4470.672 / Time: 0h:2m:54s
Iteration 20 / LogL: -4470.735 / Time: 0h:2m:54s
Finish initializing candidate tree set (2)
Current best tree score: -4470.634 / CPU time: 0.900
Number of iterations: 20
--------------------------------------------------------------------
|               OPTIMIZING CANDIDATE TREE SET                      |
--------------------------------------------------------------------
Iteration 30 / LogL: -4482.868 / Time: 0h:2m:54s (0h:0m:3s left)
Iteration 40 / LogL: -4470.919 / Time: 0h:2m:55s (0h:0m:2s left)
Iteration 50 / LogL: -4470.678 / Time: 0h:2m:55s (0h:0m:2s left)
Iteration 60 / LogL: -4470.685 / Time: 0h:2m:55s (0h:0m:1s left)
Iteration 70 / LogL: -4470.664 / Time: 0h:2m:56s (0h:0m:1s left)
Iteration 80 / LogL: -4470.681 / Time: 0h:2m:56s (0h:0m:0s left)
Iteration 90 / LogL: -4470.724 / Time: 0h:2m:56s (0h:0m:0s left)
Iteration 100 / LogL: -4470.775 / Time: 0h:2m:57s (0h:0m:0s left)
TREE SEARCH COMPLETED AFTER 102 ITERATIONS / Time: 0h:2m:57s

--------------------------------------------------------------------
|                    FINALIZING TREE SEARCH                        |
--------------------------------------------------------------------
Performs final model parameters optimization
Estimate model parameters (epsilon = 0.010)
Initial log-likelihood: -4470.634
Current log-likelihood at step 1: -4470.633
Partition-specific rates:  1.555 0.445
Parameters optimization took 0 rounds (0.008 sec)

Partition information was printed to partition_file.nex.best_model.nex
BEST SCORE FOUND : -4470.633
Total tree length: 7.215

Total number of iterations: 102
CPU time used for tree search: 3.967 sec (0h:0m:3s)
Wall-clock time used for tree search: 3.840 sec (0h:0m:3s)
Total CPU time used: 183.730 sec (0h:3m:3s)
Total wall-clock time used: 177.367 sec (0h:2m:57s)

===> START BOOTSTRAP REPLICATE NUMBER 48

Creating bootstrap alignment (seed: 57306)...

Create initial parsimony tree by phylogenetic likelihood library (PLL)... 0.001 seconds
Reading model parameters from file /Users/mful870/Desktop/MD_3di_Dev_02Oct24/Scriptorum/SubstitutionMatrix/3di_substmat
WARNING: Normalizing state frequencies so that sum of them equals to 1

NOTE: 1 MB RAM (0 GB) is required!
Estimate model parameters (epsilon = 0.100)
Initial log-likelihood: -4604.109
Current log-likelihood at step 1: -4462.981
Current log-likelihood at step 2: -4382.984
Current log-likelihood at step 3: -4376.256
Current log-likelihood at step 4: -4376.034
Current log-likelihood at step 5: -4376.024
Partition-specific rates:  1.675 0.325
Parameters optimization took 4 rounds (0.078 sec)

Wrote distance file to... 
Computing ML distances based on estimated model parameters...
Calculating distance matrix: done in 3.09944e-05 secs using 87.11% CPU
Computing ML distances took 0.000086 sec (of wall-clock time) 0.000054 sec (of CPU time)
Setting up auxiliary I and S matrices: done in 3.48091e-05 secs using 80.44% CPU
Computing RapidNJ tree took 0.000182 sec (of wall-clock time) 0.000096 sec (of CPU time)
Log-likelihood of RapidNJ tree: -4751.748
--------------------------------------------------------------------
|             INITIALIZING CANDIDATE TREE SET                      |
--------------------------------------------------------------------
Generating 98 parsimony trees... 0.096 second
Computing log-likelihood of 97 initial trees ... 0.213 seconds
Current best score: -4376.024

Do NNI search on 20 best initial trees
Estimate model parameters (epsilon = 0.100)
Initial log-likelihood: -4368.372
Current log-likelihood at step 1: -4368.306
Parameters optimization took 0 rounds (0.019 sec)

BETTER TREE FOUND at iteration 1: -4368.306
Iteration 10 / LogL: -4368.362 / Time: 0h:2m:58s
Iteration 20 / LogL: -4368.357 / Time: 0h:2m:58s
Finish initializing candidate tree set (1)
Current best tree score: -4368.306 / CPU time: 1.052
Number of iterations: 20
--------------------------------------------------------------------
|               OPTIMIZING CANDIDATE TREE SET                      |
--------------------------------------------------------------------
Iteration 30 / LogL: -4368.880 / Time: 0h:2m:58s (0h:0m:3s left)
Iteration 40 / LogL: -4373.175 / Time: 0h:2m:59s (0h:0m:2s left)
Iteration 50 / LogL: -4368.336 / Time: 0h:2m:59s (0h:0m:2s left)
UPDATE BEST LOG-LIKELIHOOD: -4368.306
Iteration 60 / LogL: -4368.339 / Time: 0h:3m:0s (0h:0m:1s left)
Iteration 70 / LogL: -4368.338 / Time: 0h:3m:0s (0h:0m:1s left)
Iteration 80 / LogL: -4368.356 / Time: 0h:3m:0s (0h:0m:0s left)
Iteration 90 / LogL: -4368.537 / Time: 0h:3m:1s (0h:0m:0s left)
UPDATE BEST LOG-LIKELIHOOD: -4368.303
Iteration 100 / LogL: -4368.344 / Time: 0h:3m:1s (0h:0m:0s left)
TREE SEARCH COMPLETED AFTER 102 ITERATIONS / Time: 0h:3m:1s

--------------------------------------------------------------------
|                    FINALIZING TREE SEARCH                        |
--------------------------------------------------------------------
Performs final model parameters optimization
Estimate model parameters (epsilon = 0.010)
Initial log-likelihood: -4368.303
Current log-likelihood at step 1: -4368.301
Partition-specific rates:  1.680 0.320
Parameters optimization took 0 rounds (0.007 sec)

Partition information was printed to partition_file.nex.best_model.nex
BEST SCORE FOUND : -4368.301
Total tree length: 7.554

Total number of iterations: 102
CPU time used for tree search: 4.310 sec (0h:0m:4s)
Wall-clock time used for tree search: 4.188 sec (0h:0m:4s)
Total CPU time used: 188.182 sec (0h:3m:8s)
Total wall-clock time used: 181.689 sec (0h:3m:1s)

===> START BOOTSTRAP REPLICATE NUMBER 49

Creating bootstrap alignment (seed: 57307)...

Create initial parsimony tree by phylogenetic likelihood library (PLL)... 0.001 seconds
Reading model parameters from file /Users/mful870/Desktop/MD_3di_Dev_02Oct24/Scriptorum/SubstitutionMatrix/3di_substmat
WARNING: Normalizing state frequencies so that sum of them equals to 1

NOTE: 1 MB RAM (0 GB) is required!
Estimate model parameters (epsilon = 0.100)
Initial log-likelihood: -4663.316
Current log-likelihood at step 1: -4524.320
Current log-likelihood at step 2: -4453.081
Current log-likelihood at step 3: -4450.621
Current log-likelihood at step 4: -4450.539
Partition-specific rates:  1.585 0.415
Parameters optimization took 3 rounds (0.063 sec)

Wrote distance file to... 
Computing ML distances based on estimated model parameters...
Calculating distance matrix: done in 3.21865e-05 secs using 83.89% CPU
Computing ML distances took 0.000086 sec (of wall-clock time) 0.000055 sec (of CPU time)
Setting up auxiliary I and S matrices: done in 3.50475e-05 secs using 77.04% CPU
Computing RapidNJ tree took 0.000158 sec (of wall-clock time) 0.000091 sec (of CPU time)
Log-likelihood of RapidNJ tree: -4774.067
--------------------------------------------------------------------
|             INITIALIZING CANDIDATE TREE SET                      |
--------------------------------------------------------------------
Generating 98 parsimony trees... 0.094 second
Computing log-likelihood of 97 initial trees ... 0.227 seconds
Current best score: -4450.539

Do NNI search on 20 best initial trees
Estimate model parameters (epsilon = 0.100)
Initial log-likelihood: -4444.263
Current log-likelihood at step 1: -4444.200
Parameters optimization took 0 rounds (0.008 sec)

BETTER TREE FOUND at iteration 1: -4444.200
Iteration 10 / LogL: -4444.210 / Time: 0h:3m:2s
Iteration 20 / LogL: -4444.802 / Time: 0h:3m:2s
Finish initializing candidate tree set (3)
Current best tree score: -4444.200 / CPU time: 0.967
Number of iterations: 20
--------------------------------------------------------------------
|               OPTIMIZING CANDIDATE TREE SET                      |
--------------------------------------------------------------------
UPDATE BEST LOG-LIKELIHOOD: -4444.196
Iteration 30 / LogL: -4444.263 / Time: 0h:3m:3s (0h:0m:3s left)
Iteration 40 / LogL: -4451.344 / Time: 0h:3m:3s (0h:0m:2s left)
Iteration 50 / LogL: -4445.034 / Time: 0h:3m:3s (0h:0m:2s left)
Iteration 60 / LogL: -4450.837 / Time: 0h:3m:4s (0h:0m:1s left)
Iteration 70 / LogL: -4444.745 / Time: 0h:3m:4s (0h:0m:1s left)
Iteration 80 / LogL: -4444.246 / Time: 0h:3m:4s (0h:0m:0s left)
Iteration 90 / LogL: -4444.254 / Time: 0h:3m:5s (0h:0m:0s left)
Iteration 100 / LogL: -4444.856 / Time: 0h:3m:5s (0h:0m:0s left)
TREE SEARCH COMPLETED AFTER 102 ITERATIONS / Time: 0h:3m:5s

--------------------------------------------------------------------
|                    FINALIZING TREE SEARCH                        |
--------------------------------------------------------------------
Performs final model parameters optimization
Estimate model parameters (epsilon = 0.010)
Initial log-likelihood: -4444.196
Current log-likelihood at step 1: -4444.192
Partition-specific rates:  1.583 0.417
Parameters optimization took 0 rounds (0.007 sec)

Partition information was printed to partition_file.nex.best_model.nex
BEST SCORE FOUND : -4444.192
Total tree length: 7.158

Total number of iterations: 102
CPU time used for tree search: 3.825 sec (0h:0m:3s)
Wall-clock time used for tree search: 3.690 sec (0h:0m:3s)
Total CPU time used: 192.131 sec (0h:3m:12s)
Total wall-clock time used: 185.497 sec (0h:3m:5s)

===> START BOOTSTRAP REPLICATE NUMBER 50

Creating bootstrap alignment (seed: 57308)...
WARNING: States(s) E rarely appear in partition tdi and may cause numerical problems

Create initial parsimony tree by phylogenetic likelihood library (PLL)... 0.000 seconds
Reading model parameters from file /Users/mful870/Desktop/MD_3di_Dev_02Oct24/Scriptorum/SubstitutionMatrix/3di_substmat
WARNING: Normalizing state frequencies so that sum of them equals to 1

NOTE: 1 MB RAM (0 GB) is required!
Estimate model parameters (epsilon = 0.100)
Initial log-likelihood: -4704.177
Current log-likelihood at step 1: -4590.799
Current log-likelihood at step 2: -4533.811
Current log-likelihood at step 3: -4533.204
Current log-likelihood at step 4: -4533.168
Partition-specific rates:  1.566 0.434
Parameters optimization took 3 rounds (0.066 sec)

Wrote distance file to... 
Computing ML distances based on estimated model parameters...
Calculating distance matrix: done in 3.00407e-05 secs using 83.22% CPU
Computing ML distances took 0.000083 sec (of wall-clock time) 0.000053 sec (of CPU time)
Setting up auxiliary I and S matrices: done in 3.50475e-05 secs using 79.89% CPU
Computing RapidNJ tree took 0.000133 sec (of wall-clock time) 0.000081 sec (of CPU time)
Log-likelihood of RapidNJ tree: -4847.362
--------------------------------------------------------------------
|             INITIALIZING CANDIDATE TREE SET                      |
--------------------------------------------------------------------
Generating 98 parsimony trees... 0.083 second
Computing log-likelihood of 95 initial trees ... 0.239 seconds
Current best score: -4533.168

Do NNI search on 20 best initial trees
Estimate model parameters (epsilon = 0.100)
Initial log-likelihood: -4520.959
Current log-likelihood at step 1: -4520.566
Current log-likelihood at step 2: -4520.535
Parameters optimization took 1 rounds (0.030 sec)

BETTER TREE FOUND at iteration 1: -4520.535
Iteration 10 / LogL: -4520.606 / Time: 0h:3m:6s
Iteration 20 / LogL: -4520.730 / Time: 0h:3m:6s
Finish initializing candidate tree set (1)
Current best tree score: -4520.535 / CPU time: 0.914
Number of iterations: 20
--------------------------------------------------------------------
|               OPTIMIZING CANDIDATE TREE SET                      |
--------------------------------------------------------------------
Iteration 30 / LogL: -4520.798 / Time: 0h:3m:6s (0h:0m:3s left)
Iteration 40 / LogL: -4520.538 / Time: 0h:3m:7s (0h:0m:2s left)
UPDATE BEST LOG-LIKELIHOOD: -4520.535
Iteration 50 / LogL: -4520.538 / Time: 0h:3m:7s (0h:0m:1s left)
Iteration 60 / LogL: -4520.593 / Time: 0h:3m:7s (0h:0m:1s left)
Iteration 70 / LogL: -4520.568 / Time: 0h:3m:8s (0h:0m:1s left)
Iteration 80 / LogL: -4520.731 / Time: 0h:3m:8s (0h:0m:0s left)
Iteration 90 / LogL: -4520.590 / Time: 0h:3m:8s (0h:0m:0s left)
Iteration 100 / LogL: -4520.576 / Time: 0h:3m:9s (0h:0m:0s left)
TREE SEARCH COMPLETED AFTER 102 ITERATIONS / Time: 0h:3m:9s

--------------------------------------------------------------------
|                    FINALIZING TREE SEARCH                        |
--------------------------------------------------------------------
Performs final model parameters optimization
Estimate model parameters (epsilon = 0.010)
Initial log-likelihood: -4520.535
Current log-likelihood at step 1: -4520.533
Partition-specific rates:  1.589 0.411
Parameters optimization took 0 rounds (0.007 sec)

Partition information was printed to partition_file.nex.best_model.nex
BEST SCORE FOUND : -4520.533
Total tree length: 6.990

Total number of iterations: 102
CPU time used for tree search: 3.801 sec (0h:0m:3s)
Wall-clock time used for tree search: 3.682 sec (0h:0m:3s)
Total CPU time used: 196.066 sec (0h:3m:16s)
Total wall-clock time used: 189.300 sec (0h:3m:9s)

===> START BOOTSTRAP REPLICATE NUMBER 51

Creating bootstrap alignment (seed: 57309)...
WARNING: States(s) S rarely appear in partition tdi and may cause numerical problems

Create initial parsimony tree by phylogenetic likelihood library (PLL)... 0.001 seconds
Reading model parameters from file /Users/mful870/Desktop/MD_3di_Dev_02Oct24/Scriptorum/SubstitutionMatrix/3di_substmat
WARNING: Normalizing state frequencies so that sum of them equals to 1

NOTE: 1 MB RAM (0 GB) is required!
Estimate model parameters (epsilon = 0.100)
Initial log-likelihood: -4961.365
Current log-likelihood at step 1: -4837.433
Current log-likelihood at step 2: -4753.754
Current log-likelihood at step 3: -4753.023
Current log-likelihood at step 4: -4753.008
Partition-specific rates:  1.574 0.426
Parameters optimization took 3 rounds (0.062 sec)

Wrote distance file to... 
Computing ML distances based on estimated model parameters...
Calculating distance matrix: done in 3.00407e-05 secs using 83.22% CPU
Computing ML distances took 0.000081 sec (of wall-clock time) 0.000052 sec (of CPU time)
Setting up auxiliary I and S matrices: done in 3.50475e-05 secs using 77.04% CPU
Computing RapidNJ tree took 0.000187 sec (of wall-clock time) 0.000099 sec (of CPU time)
Log-likelihood of RapidNJ tree: -5116.888
--------------------------------------------------------------------
|             INITIALIZING CANDIDATE TREE SET                      |
--------------------------------------------------------------------
Generating 98 parsimony trees... 0.090 second
Computing log-likelihood of 97 initial trees ... 0.233 seconds
Current best score: -4750.203

Do NNI search on 20 best initial trees
Estimate model parameters (epsilon = 0.100)
Initial log-likelihood: -4741.352
Current log-likelihood at step 1: -4741.176
Current log-likelihood at step 2: -4741.170
Parameters optimization took 1 rounds (0.022 sec)

BETTER TREE FOUND at iteration 1: -4741.170
Iteration 10 / LogL: -4741.295 / Time: 0h:3m:10s
Iteration 20 / LogL: -4741.417 / Time: 0h:3m:10s
Finish initializing candidate tree set (1)
Current best tree score: -4741.170 / CPU time: 0.993
Number of iterations: 20
--------------------------------------------------------------------
|               OPTIMIZING CANDIDATE TREE SET                      |
--------------------------------------------------------------------
Iteration 30 / LogL: -4741.424 / Time: 0h:3m:10s (0h:0m:3s left)
UPDATE BEST LOG-LIKELIHOOD: -4741.169
Iteration 40 / LogL: -4741.201 / Time: 0h:3m:11s (0h:0m:2s left)
Iteration 50 / LogL: -4742.036 / Time: 0h:3m:11s (0h:0m:2s left)
Iteration 60 / LogL: -4741.184 / Time: 0h:3m:11s (0h:0m:1s left)
UPDATE BEST LOG-LIKELIHOOD: -4741.169
Iteration 70 / LogL: -4741.187 / Time: 0h:3m:11s (0h:0m:1s left)
Iteration 80 / LogL: -4741.396 / Time: 0h:3m:12s (0h:0m:0s left)
Iteration 90 / LogL: -4741.315 / Time: 0h:3m:12s (0h:0m:0s left)
Iteration 100 / LogL: -4741.175 / Time: 0h:3m:12s (0h:0m:0s left)
TREE SEARCH COMPLETED AFTER 102 ITERATIONS / Time: 0h:3m:12s

--------------------------------------------------------------------
|                    FINALIZING TREE SEARCH                        |
--------------------------------------------------------------------
Performs final model parameters optimization
Estimate model parameters (epsilon = 0.010)
Initial log-likelihood: -4741.169
Current log-likelihood at step 1: -4741.169
Partition-specific rates:  1.579 0.421
Parameters optimization took 0 rounds (0.007 sec)

Partition information was printed to partition_file.nex.best_model.nex
BEST SCORE FOUND : -4741.169
Total tree length: 6.982

Total number of iterations: 102
CPU time used for tree search: 3.704 sec (0h:0m:3s)
Wall-clock time used for tree search: 3.583 sec (0h:0m:3s)
Total CPU time used: 199.900 sec (0h:3m:19s)
Total wall-clock time used: 193.001 sec (0h:3m:13s)

===> START BOOTSTRAP REPLICATE NUMBER 52

Creating bootstrap alignment (seed: 57310)...

Create initial parsimony tree by phylogenetic likelihood library (PLL)... 0.000 seconds
Reading model parameters from file /Users/mful870/Desktop/MD_3di_Dev_02Oct24/Scriptorum/SubstitutionMatrix/3di_substmat
WARNING: Normalizing state frequencies so that sum of them equals to 1

NOTE: 1 MB RAM (0 GB) is required!
Estimate model parameters (epsilon = 0.100)
Initial log-likelihood: -4530.786
Current log-likelihood at step 1: -4408.780
Current log-likelihood at step 2: -4341.459
Current log-likelihood at step 3: -4336.341
Current log-likelihood at step 4: -4336.246
Partition-specific rates:  1.601 0.399
Parameters optimization took 3 rounds (0.067 sec)

Wrote distance file to... 
Computing ML distances based on estimated model parameters...
Calculating distance matrix: done in 3.09944e-05 secs using 83.89% CPU
Computing ML distances took 0.000072 sec (of wall-clock time) 0.000053 sec (of CPU time)
Setting up auxiliary I and S matrices: done in 3.60012e-05 secs using 77.78% CPU
Computing RapidNJ tree took 0.000182 sec (of wall-clock time) 0.000099 sec (of CPU time)
Log-likelihood of RapidNJ tree: -4672.117
--------------------------------------------------------------------
|             INITIALIZING CANDIDATE TREE SET                      |
--------------------------------------------------------------------
Generating 98 parsimony trees... 0.093 second
Computing log-likelihood of 94 initial trees ... 0.227 seconds
Current best score: -4336.246

Do NNI search on 20 best initial trees
Estimate model parameters (epsilon = 0.100)
Initial log-likelihood: -4334.768
Current log-likelihood at step 1: -4334.745
Parameters optimization took 0 rounds (0.007 sec)

BETTER TREE FOUND at iteration 1: -4334.745
Estimate model parameters (epsilon = 0.100)
Initial log-likelihood: -4334.468
Current log-likelihood at step 1: -4334.365
Current log-likelihood at step 2: -4334.351
Parameters optimization took 1 rounds (0.014 sec)

UPDATE BEST LOG-LIKELIHOOD: -4334.351
Iteration 10 / LogL: -4340.378 / Time: 0h:3m:13s
Iteration 20 / LogL: -4334.966 / Time: 0h:3m:14s
Finish initializing candidate tree set (4)
Current best tree score: -4334.351 / CPU time: 0.949
Number of iterations: 20
--------------------------------------------------------------------
|               OPTIMIZING CANDIDATE TREE SET                      |
--------------------------------------------------------------------
Iteration 30 / LogL: -4334.407 / Time: 0h:3m:14s (0h:0m:3s left)
Iteration 40 / LogL: -4335.481 / Time: 0h:3m:14s (0h:0m:2s left)
Iteration 50 / LogL: -4344.049 / Time: 0h:3m:15s (0h:0m:2s left)
Iteration 60 / LogL: -4334.870 / Time: 0h:3m:15s (0h:0m:1s left)
Iteration 70 / LogL: -4334.507 / Time: 0h:3m:15s (0h:0m:1s left)
Iteration 80 / LogL: -4335.444 / Time: 0h:3m:16s (0h:0m:0s left)
Iteration 90 / LogL: -4339.665 / Time: 0h:3m:16s (0h:0m:0s left)
Iteration 100 / LogL: -4334.780 / Time: 0h:3m:17s (0h:0m:0s left)
TREE SEARCH COMPLETED AFTER 102 ITERATIONS / Time: 0h:3m:17s

--------------------------------------------------------------------
|                    FINALIZING TREE SEARCH                        |
--------------------------------------------------------------------
Performs final model parameters optimization
Estimate model parameters (epsilon = 0.010)
Initial log-likelihood: -4334.351
Current log-likelihood at step 1: -4334.349
Partition-specific rates:  1.604 0.396
Parameters optimization took 0 rounds (0.007 sec)

Partition information was printed to partition_file.nex.best_model.nex
BEST SCORE FOUND : -4334.349
Total tree length: 7.079

Total number of iterations: 102
CPU time used for tree search: 4.128 sec (0h:0m:4s)
Wall-clock time used for tree search: 3.992 sec (0h:0m:3s)
Total CPU time used: 204.144 sec (0h:3m:24s)
Total wall-clock time used: 197.109 sec (0h:3m:17s)

===> START BOOTSTRAP REPLICATE NUMBER 53

Creating bootstrap alignment (seed: 57311)...

Create initial parsimony tree by phylogenetic likelihood library (PLL)... 0.001 seconds
Reading model parameters from file /Users/mful870/Desktop/MD_3di_Dev_02Oct24/Scriptorum/SubstitutionMatrix/3di_substmat
WARNING: Normalizing state frequencies so that sum of them equals to 1

NOTE: 1 MB RAM (0 GB) is required!
Estimate model parameters (epsilon = 0.100)
Initial log-likelihood: -4369.857
Current log-likelihood at step 1: -4217.837
Current log-likelihood at step 2: -4156.638
Current log-likelihood at step 3: -4154.520
Current log-likelihood at step 4: -4154.404
Current log-likelihood at step 5: -4154.395
Partition-specific rates:  1.600 0.400
Parameters optimization took 4 rounds (0.071 sec)

Wrote distance file to... 
Computing ML distances based on estimated model parameters...
Calculating distance matrix: done in 3.00407e-05 secs using 83.22% CPU
Computing ML distances took 0.000071 sec (of wall-clock time) 0.000052 sec (of CPU time)
Setting up auxiliary I and S matrices: done in 2.88486e-05 secs using 72.79% CPU
Computing RapidNJ tree took 0.000115 sec (of wall-clock time) 0.000076 sec (of CPU time)
Log-likelihood of RapidNJ tree: -4415.290
--------------------------------------------------------------------
|             INITIALIZING CANDIDATE TREE SET                      |
--------------------------------------------------------------------
Generating 98 parsimony trees... 0.113 second
Computing log-likelihood of 95 initial trees ... 0.239 seconds
Current best score: -4154.395

Do NNI search on 20 best initial trees
Estimate model parameters (epsilon = 0.100)
Initial log-likelihood: -4138.152
Current log-likelihood at step 1: -4138.131
Parameters optimization took 0 rounds (0.007 sec)

BETTER TREE FOUND at iteration 1: -4138.131
Iteration 10 / LogL: -4138.146 / Time: 0h:3m:17s
Iteration 20 / LogL: -4138.205 / Time: 0h:3m:18s
Finish initializing candidate tree set (3)
Current best tree score: -4138.131 / CPU time: 1.163
Number of iterations: 20
--------------------------------------------------------------------
|               OPTIMIZING CANDIDATE TREE SET                      |
--------------------------------------------------------------------
Iteration 30 / LogL: -4138.154 / Time: 0h:3m:18s (0h:0m:4s left)
Iteration 40 / LogL: -4139.607 / Time: 0h:3m:19s (0h:0m:3s left)
Iteration 50 / LogL: -4139.618 / Time: 0h:3m:19s (0h:0m:2s left)
Iteration 60 / LogL: -4138.499 / Time: 0h:3m:19s (0h:0m:1s left)
Iteration 70 / LogL: -4138.203 / Time: 0h:3m:20s (0h:0m:1s left)
Iteration 80 / LogL: -4138.152 / Time: 0h:3m:20s (0h:0m:0s left)
Iteration 90 / LogL: -4138.131 / Time: 0h:3m:21s (0h:0m:0s left)
Iteration 100 / LogL: -4138.139 / Time: 0h:3m:21s (0h:0m:0s left)
TREE SEARCH COMPLETED AFTER 102 ITERATIONS / Time: 0h:3m:21s

--------------------------------------------------------------------
|                    FINALIZING TREE SEARCH                        |
--------------------------------------------------------------------
Performs final model parameters optimization
Estimate model parameters (epsilon = 0.010)
Initial log-likelihood: -4138.131
Current log-likelihood at step 1: -4138.129
Partition-specific rates:  1.605 0.395
Parameters optimization took 0 rounds (0.007 sec)

Partition information was printed to partition_file.nex.best_model.nex
BEST SCORE FOUND : -4138.129
Total tree length: 7.091

Total number of iterations: 102
CPU time used for tree search: 4.377 sec (0h:0m:4s)
Wall-clock time used for tree search: 4.252 sec (0h:0m:4s)
Total CPU time used: 208.655 sec (0h:3m:28s)
Total wall-clock time used: 201.489 sec (0h:3m:21s)

===> START BOOTSTRAP REPLICATE NUMBER 54

Creating bootstrap alignment (seed: 57312)...

Create initial parsimony tree by phylogenetic likelihood library (PLL)... 0.001 seconds
Reading model parameters from file /Users/mful870/Desktop/MD_3di_Dev_02Oct24/Scriptorum/SubstitutionMatrix/3di_substmat
WARNING: Normalizing state frequencies so that sum of them equals to 1

NOTE: 1 MB RAM (0 GB) is required!
Estimate model parameters (epsilon = 0.100)
Initial log-likelihood: -4711.324
Current log-likelihood at step 1: -4588.395
Current log-likelihood at step 2: -4516.979
Current log-likelihood at step 3: -4515.890
Current log-likelihood at step 4: -4515.785
Current log-likelihood at step 5: -4515.778
Partition-specific rates:  1.609 0.391
Parameters optimization took 4 rounds (0.075 sec)

Wrote distance file to... 
Computing ML distances based on estimated model parameters...
Calculating distance matrix: done in 3.19481e-05 secs using 81.38% CPU
Computing ML distances took 0.000092 sec (of wall-clock time) 0.000055 sec (of CPU time)
Setting up auxiliary I and S matrices: done in 2.88486e-05 secs using 76.26% CPU
Computing RapidNJ tree took 0.000124 sec (of wall-clock time) 0.000078 sec (of CPU time)
Log-likelihood of RapidNJ tree: -4856.940
--------------------------------------------------------------------
|             INITIALIZING CANDIDATE TREE SET                      |
--------------------------------------------------------------------
Generating 98 parsimony trees... 0.111 second
Computing log-likelihood of 96 initial trees ... 0.235 seconds
Current best score: -4514.402

Do NNI search on 20 best initial trees
Estimate model parameters (epsilon = 0.100)
Initial log-likelihood: -4509.428
Current log-likelihood at step 1: -4508.482
Current log-likelihood at step 2: -4508.367
Current log-likelihood at step 3: -4508.360
Parameters optimization took 2 rounds (0.034 sec)

BETTER TREE FOUND at iteration 1: -4508.360
Iteration 10 / LogL: -4509.416 / Time: 0h:3m:22s
Iteration 20 / LogL: -4509.476 / Time: 0h:3m:22s
Finish initializing candidate tree set (3)
Current best tree score: -4508.360 / CPU time: 0.904
Number of iterations: 20
--------------------------------------------------------------------
|               OPTIMIZING CANDIDATE TREE SET                      |
--------------------------------------------------------------------
Iteration 30 / LogL: -4509.409 / Time: 0h:3m:22s (0h:0m:3s left)
Iteration 40 / LogL: -4509.426 / Time: 0h:3m:23s (0h:0m:2s left)
Iteration 50 / LogL: -4508.443 / Time: 0h:3m:23s (0h:0m:2s left)
Iteration 60 / LogL: -4509.508 / Time: 0h:3m:23s (0h:0m:1s left)
Iteration 70 / LogL: -4508.818 / Time: 0h:3m:24s (0h:0m:1s left)
Iteration 80 / LogL: -4509.464 / Time: 0h:3m:24s (0h:0m:0s left)
Iteration 90 / LogL: -4509.419 / Time: 0h:3m:24s (0h:0m:0s left)
Iteration 100 / LogL: -4509.544 / Time: 0h:3m:25s (0h:0m:0s left)
TREE SEARCH COMPLETED AFTER 102 ITERATIONS / Time: 0h:3m:25s

--------------------------------------------------------------------
|                    FINALIZING TREE SEARCH                        |
--------------------------------------------------------------------
Performs final model parameters optimization
Estimate model parameters (epsilon = 0.010)
Initial log-likelihood: -4508.360
Current log-likelihood at step 1: -4508.359
Partition-specific rates:  1.643 0.357
Parameters optimization took 0 rounds (0.007 sec)

Partition information was printed to partition_file.nex.best_model.nex
BEST SCORE FOUND : -4508.359
Total tree length: 7.521

Total number of iterations: 102
CPU time used for tree search: 3.864 sec (0h:0m:3s)
Wall-clock time used for tree search: 3.736 sec (0h:0m:3s)
Total CPU time used: 212.651 sec (0h:3m:32s)
Total wall-clock time used: 205.350 sec (0h:3m:25s)

===> START BOOTSTRAP REPLICATE NUMBER 55

Creating bootstrap alignment (seed: 57313)...

Create initial parsimony tree by phylogenetic likelihood library (PLL)... 0.001 seconds
Reading model parameters from file /Users/mful870/Desktop/MD_3di_Dev_02Oct24/Scriptorum/SubstitutionMatrix/3di_substmat
WARNING: Normalizing state frequencies so that sum of them equals to 1

NOTE: 1 MB RAM (0 GB) is required!
Estimate model parameters (epsilon = 0.100)
Initial log-likelihood: -4756.408
Current log-likelihood at step 1: -4629.938
Current log-likelihood at step 2: -4558.723
Current log-likelihood at step 3: -4557.572
Current log-likelihood at step 4: -4557.519
Partition-specific rates:  1.595 0.405
Parameters optimization took 3 rounds (0.066 sec)

Wrote distance file to... 
Computing ML distances based on estimated model parameters...
Calculating distance matrix: done in 2.90871e-05 secs using 85.95% CPU
Computing ML distances took 0.000080 sec (of wall-clock time) 0.000052 sec (of CPU time)
Setting up auxiliary I and S matrices: done in 3.29018e-05 secs using 79.02% CPU
Computing RapidNJ tree took 0.000141 sec (of wall-clock time) 0.000083 sec (of CPU time)
Log-likelihood of RapidNJ tree: -4874.947
--------------------------------------------------------------------
|             INITIALIZING CANDIDATE TREE SET                      |
--------------------------------------------------------------------
Generating 98 parsimony trees... 0.102 second
Computing log-likelihood of 92 initial trees ... 0.223 seconds
Current best score: -4557.519

Do NNI search on 20 best initial trees
Estimate model parameters (epsilon = 0.100)
Initial log-likelihood: -4557.519
Current log-likelihood at step 1: -4557.517
Parameters optimization took 0 rounds (0.007 sec)

BETTER TREE FOUND at iteration 1: -4557.517
Iteration 10 / LogL: -4557.564 / Time: 0h:3m:26s
Iteration 20 / LogL: -4557.599 / Time: 0h:3m:26s
Finish initializing candidate tree set (1)
Current best tree score: -4557.517 / CPU time: 0.794
Number of iterations: 20
--------------------------------------------------------------------
|               OPTIMIZING CANDIDATE TREE SET                      |
--------------------------------------------------------------------
Iteration 30 / LogL: -4557.893 / Time: 0h:3m:26s (0h:0m:2s left)
Iteration 40 / LogL: -4584.495 / Time: 0h:3m:26s (0h:0m:2s left)
Iteration 50 / LogL: -4584.701 / Time: 0h:3m:27s (0h:0m:1s left)
Iteration 60 / LogL: -4584.297 / Time: 0h:3m:27s (0h:0m:1s left)
Iteration 70 / LogL: -4584.289 / Time: 0h:3m:27s (0h:0m:1s left)
Iteration 80 / LogL: -4557.588 / Time: 0h:3m:28s (0h:0m:0s left)
Iteration 90 / LogL: -4557.568 / Time: 0h:3m:28s (0h:0m:0s left)
Iteration 100 / LogL: -4557.560 / Time: 0h:3m:29s (0h:0m:0s left)
TREE SEARCH COMPLETED AFTER 102 ITERATIONS / Time: 0h:3m:29s

--------------------------------------------------------------------
|                    FINALIZING TREE SEARCH                        |
--------------------------------------------------------------------
Performs final model parameters optimization
Estimate model parameters (epsilon = 0.010)
Initial log-likelihood: -4557.517
Current log-likelihood at step 1: -4557.517
Partition-specific rates:  1.595 0.405
Parameters optimization took 0 rounds (0.009 sec)

Partition information was printed to partition_file.nex.best_model.nex
BEST SCORE FOUND : -4557.517
Total tree length: 7.405

Total number of iterations: 102
CPU time used for tree search: 3.799 sec (0h:0m:3s)
Wall-clock time used for tree search: 3.667 sec (0h:0m:3s)
Total CPU time used: 216.581 sec (0h:3m:36s)
Total wall-clock time used: 209.141 sec (0h:3m:29s)

===> START BOOTSTRAP REPLICATE NUMBER 56

Creating bootstrap alignment (seed: 57314)...

Create initial parsimony tree by phylogenetic likelihood library (PLL)... 0.001 seconds
Reading model parameters from file /Users/mful870/Desktop/MD_3di_Dev_02Oct24/Scriptorum/SubstitutionMatrix/3di_substmat
WARNING: Normalizing state frequencies so that sum of them equals to 1

NOTE: 1 MB RAM (0 GB) is required!
Estimate model parameters (epsilon = 0.100)
Initial log-likelihood: -4854.907
Current log-likelihood at step 1: -4716.517
Current log-likelihood at step 2: -4641.123
Current log-likelihood at step 3: -4639.740
Current log-likelihood at step 4: -4639.677
Partition-specific rates:  1.633 0.367
Parameters optimization took 3 rounds (0.072 sec)

Wrote distance file to... 
Computing ML distances based on estimated model parameters...
Calculating distance matrix: done in 4.41074e-05 secs using 86.15% CPU
Computing ML distances took 0.000116 sec (of wall-clock time) 0.000076 sec (of CPU time)
Setting up auxiliary I and S matrices: done in 2.71797e-05 secs using 77.26% CPU
Computing RapidNJ tree took 0.000119 sec (of wall-clock time) 0.000073 sec (of CPU time)
Log-likelihood of RapidNJ tree: -4992.750
--------------------------------------------------------------------
|             INITIALIZING CANDIDATE TREE SET                      |
--------------------------------------------------------------------
Generating 98 parsimony trees... 0.091 second
Computing log-likelihood of 94 initial trees ... 0.219 seconds
Current best score: -4639.677

Do NNI search on 20 best initial trees
Estimate model parameters (epsilon = 0.100)
Initial log-likelihood: -4635.051
Current log-likelihood at step 1: -4634.983
Parameters optimization took 0 rounds (0.011 sec)

BETTER TREE FOUND at iteration 1: -4634.983
Estimate model parameters (epsilon = 0.100)
Initial log-likelihood: -4632.376
Current log-likelihood at step 1: -4632.130
Current log-likelihood at step 2: -4632.124
Parameters optimization took 1 rounds (0.020 sec)

BETTER TREE FOUND at iteration 2: -4632.124
Iteration 10 / LogL: -4632.350 / Time: 0h:3m:29s
Iteration 20 / LogL: -4632.424 / Time: 0h:3m:30s
Finish initializing candidate tree set (2)
Current best tree score: -4632.124 / CPU time: 1.028
Number of iterations: 20
--------------------------------------------------------------------
|               OPTIMIZING CANDIDATE TREE SET                      |
--------------------------------------------------------------------
Iteration 30 / LogL: -4632.146 / Time: 0h:3m:30s (0h:0m:4s left)
Iteration 40 / LogL: -4632.149 / Time: 0h:3m:31s (0h:0m:3s left)
Iteration 50 / LogL: -4632.154 / Time: 0h:3m:31s (0h:0m:2s left)
Iteration 60 / LogL: -4632.150 / Time: 0h:3m:31s (0h:0m:2s left)
Iteration 70 / LogL: -4632.148 / Time: 0h:3m:32s (0h:0m:1s left)
Iteration 80 / LogL: -4632.151 / Time: 0h:3m:32s (0h:0m:1s left)
Iteration 90 / LogL: -4632.151 / Time: 0h:3m:33s (0h:0m:0s left)
Iteration 100 / LogL: -4632.144 / Time: 0h:3m:33s (0h:0m:0s left)
TREE SEARCH COMPLETED AFTER 103 ITERATIONS / Time: 0h:3m:33s

--------------------------------------------------------------------
|                    FINALIZING TREE SEARCH                        |
--------------------------------------------------------------------
Performs final model parameters optimization
Estimate model parameters (epsilon = 0.010)
Initial log-likelihood: -4632.124
Current log-likelihood at step 1: -4632.124
Partition-specific rates:  1.623 0.377
Parameters optimization took 0 rounds (0.007 sec)

Partition information was printed to partition_file.nex.best_model.nex
BEST SCORE FOUND : -4632.124
Total tree length: 7.319

Total number of iterations: 103
CPU time used for tree search: 4.656 sec (0h:0m:4s)
Wall-clock time used for tree search: 4.525 sec (0h:0m:4s)
Total CPU time used: 221.394 sec (0h:3m:41s)
Total wall-clock time used: 213.802 sec (0h:3m:33s)

===> START BOOTSTRAP REPLICATE NUMBER 57

Creating bootstrap alignment (seed: 57315)...
WARNING: States(s) S rarely appear in partition tdi and may cause numerical problems

Create initial parsimony tree by phylogenetic likelihood library (PLL)... 0.001 seconds
Reading model parameters from file /Users/mful870/Desktop/MD_3di_Dev_02Oct24/Scriptorum/SubstitutionMatrix/3di_substmat
WARNING: Normalizing state frequencies so that sum of them equals to 1

NOTE: 1 MB RAM (0 GB) is required!
Estimate model parameters (epsilon = 0.100)
Initial log-likelihood: -4923.918
Current log-likelihood at step 1: -4796.997
Current log-likelihood at step 2: -4717.056
Current log-likelihood at step 3: -4714.879
Current log-likelihood at step 4: -4714.754
Current log-likelihood at step 5: -4714.749
Partition-specific rates:  1.633 0.367
Parameters optimization took 4 rounds (0.091 sec)

Wrote distance file to... 
Computing ML distances based on estimated model parameters...
Calculating distance matrix: done in 4.3869e-05 secs using 84.34% CPU
Computing ML distances took 0.000118 sec (of wall-clock time) 0.000077 sec (of CPU time)
Setting up auxiliary I and S matrices: done in 2.19345e-05 secs using 82.06% CPU
Computing RapidNJ tree took 0.000123 sec (of wall-clock time) 0.000070 sec (of CPU time)
Log-likelihood of RapidNJ tree: -5014.948
--------------------------------------------------------------------
|             INITIALIZING CANDIDATE TREE SET                      |
--------------------------------------------------------------------
Generating 98 parsimony trees... 0.114 second
Computing log-likelihood of 92 initial trees ... 0.252 seconds
Current best score: -4714.749

Do NNI search on 20 best initial trees
Estimate model parameters (epsilon = 0.100)
Initial log-likelihood: -4713.298
Current log-likelihood at step 1: -4713.220
Parameters optimization took 0 rounds (0.007 sec)

BETTER TREE FOUND at iteration 1: -4713.220
Estimate model parameters (epsilon = 0.100)
Initial log-likelihood: -4713.169
Current log-likelihood at step 1: -4713.053
Current log-likelihood at step 2: -4713.042
Parameters optimization took 1 rounds (0.018 sec)

BETTER TREE FOUND at iteration 3: -4713.042
Iteration 10 / LogL: -4713.085 / Time: 0h:3m:34s
Iteration 20 / LogL: -4713.279 / Time: 0h:3m:34s
Finish initializing candidate tree set (2)
Current best tree score: -4713.042 / CPU time: 1.056
Number of iterations: 20
--------------------------------------------------------------------
|               OPTIMIZING CANDIDATE TREE SET                      |
--------------------------------------------------------------------
Iteration 30 / LogL: -4713.055 / Time: 0h:3m:35s (0h:0m:3s left)
Iteration 40 / LogL: -4713.212 / Time: 0h:3m:35s (0h:0m:3s left)
UPDATE BEST LOG-LIKELIHOOD: -4713.040
UPDATE BEST LOG-LIKELIHOOD: -4713.040
Iteration 50 / LogL: -4713.293 / Time: 0h:3m:36s (0h:0m:2s left)
Iteration 60 / LogL: -4717.123 / Time: 0h:3m:36s (0h:0m:1s left)
Iteration 70 / LogL: -4713.242 / Time: 0h:3m:36s (0h:0m:1s left)
Iteration 80 / LogL: -4713.072 / Time: 0h:3m:37s (0h:0m:0s left)
Iteration 90 / LogL: -4713.308 / Time: 0h:3m:37s (0h:0m:0s left)
Iteration 100 / LogL: -4713.252 / Time: 0h:3m:37s (0h:0m:0s left)
TREE SEARCH COMPLETED AFTER 104 ITERATIONS / Time: 0h:3m:38s

--------------------------------------------------------------------
|                    FINALIZING TREE SEARCH                        |
--------------------------------------------------------------------
Performs final model parameters optimization
Estimate model parameters (epsilon = 0.010)
Initial log-likelihood: -4713.040
Current log-likelihood at step 1: -4713.040
Partition-specific rates:  1.636 0.364
Parameters optimization took 0 rounds (0.008 sec)

Partition information was printed to partition_file.nex.best_model.nex
BEST SCORE FOUND : -4713.040
Total tree length: 7.333

Total number of iterations: 104
CPU time used for tree search: 4.295 sec (0h:0m:4s)
Wall-clock time used for tree search: 4.167 sec (0h:0m:4s)
Total CPU time used: 225.842 sec (0h:3m:45s)
Total wall-clock time used: 218.115 sec (0h:3m:38s)

===> START BOOTSTRAP REPLICATE NUMBER 58

Creating bootstrap alignment (seed: 57316)...
WARNING: States(s) S rarely appear in partition tdi and may cause numerical problems

Create initial parsimony tree by phylogenetic likelihood library (PLL)... 0.001 seconds
Reading model parameters from file /Users/mful870/Desktop/MD_3di_Dev_02Oct24/Scriptorum/SubstitutionMatrix/3di_substmat
WARNING: Normalizing state frequencies so that sum of them equals to 1

NOTE: 1 MB RAM (0 GB) is required!
Estimate model parameters (epsilon = 0.100)
Initial log-likelihood: -4517.310
Current log-likelihood at step 1: -4419.746
Current log-likelihood at step 2: -4348.541
Current log-likelihood at step 3: -4347.905
Current log-likelihood at step 4: -4347.896
Partition-specific rates:  1.577 0.423
Parameters optimization took 3 rounds (0.063 sec)

Wrote distance file to... 
Computing ML distances based on estimated model parameters...
Calculating distance matrix: done in 3.19481e-05 secs using 84.51% CPU
Computing ML distances took 0.000086 sec (of wall-clock time) 0.000056 sec (of CPU time)
Setting up auxiliary I and S matrices: done in 3.40939e-05 secs using 79.19% CPU
Computing RapidNJ tree took 0.000196 sec (of wall-clock time) 0.000102 sec (of CPU time)
Log-likelihood of RapidNJ tree: -4666.750
--------------------------------------------------------------------
|             INITIALIZING CANDIDATE TREE SET                      |
--------------------------------------------------------------------
Generating 98 parsimony trees... 0.088 second
Computing log-likelihood of 94 initial trees ... 0.212 seconds
Current best score: -4347.896

Do NNI search on 20 best initial trees
Estimate model parameters (epsilon = 0.100)
Initial log-likelihood: -4339.911
Current log-likelihood at step 1: -4339.620
Current log-likelihood at step 2: -4339.612
Parameters optimization took 1 rounds (0.023 sec)

BETTER TREE FOUND at iteration 1: -4339.612
Iteration 10 / LogL: -4339.990 / Time: 0h:3m:38s
Iteration 20 / LogL: -4339.682 / Time: 0h:3m:39s
Finish initializing candidate tree set (1)
Current best tree score: -4339.612 / CPU time: 0.810
Number of iterations: 20
--------------------------------------------------------------------
|               OPTIMIZING CANDIDATE TREE SET                      |
--------------------------------------------------------------------
Iteration 30 / LogL: -4339.687 / Time: 0h:3m:39s (0h:0m:2s left)
UPDATE BEST LOG-LIKELIHOOD: -4339.611
Iteration 40 / LogL: -4339.627 / Time: 0h:3m:39s (0h:0m:2s left)
Iteration 50 / LogL: -4339.699 / Time: 0h:3m:39s (0h:0m:1s left)
Iteration 60 / LogL: -4339.682 / Time: 0h:3m:40s (0h:0m:1s left)
Iteration 70 / LogL: -4339.673 / Time: 0h:3m:40s (0h:0m:1s left)
Iteration 80 / LogL: -4339.870 / Time: 0h:3m:40s (0h:0m:0s left)
Iteration 90 / LogL: -4339.698 / Time: 0h:3m:41s (0h:0m:0s left)
Iteration 100 / LogL: -4339.662 / Time: 0h:3m:41s (0h:0m:0s left)
TREE SEARCH COMPLETED AFTER 102 ITERATIONS / Time: 0h:3m:41s

--------------------------------------------------------------------
|                    FINALIZING TREE SEARCH                        |
--------------------------------------------------------------------
Performs final model parameters optimization
Estimate model parameters (epsilon = 0.010)
Initial log-likelihood: -4339.611
Current log-likelihood at step 1: -4339.611
Partition-specific rates:  1.573 0.427
Parameters optimization took 0 rounds (0.007 sec)

Partition information was printed to partition_file.nex.best_model.nex
BEST SCORE FOUND : -4339.611
Total tree length: 6.153

Total number of iterations: 102
CPU time used for tree search: 3.331 sec (0h:0m:3s)
Wall-clock time used for tree search: 3.187 sec (0h:0m:3s)
Total CPU time used: 229.284 sec (0h:3m:49s)
Total wall-clock time used: 221.416 sec (0h:3m:41s)

===> START BOOTSTRAP REPLICATE NUMBER 59

Creating bootstrap alignment (seed: 57317)...

Create initial parsimony tree by phylogenetic likelihood library (PLL)... 0.001 seconds
Reading model parameters from file /Users/mful870/Desktop/MD_3di_Dev_02Oct24/Scriptorum/SubstitutionMatrix/3di_substmat
WARNING: Normalizing state frequencies so that sum of them equals to 1

NOTE: 1 MB RAM (0 GB) is required!
Estimate model parameters (epsilon = 0.100)
Initial log-likelihood: -4636.769
Current log-likelihood at step 1: -4526.413
Current log-likelihood at step 2: -4457.954
Current log-likelihood at step 3: -4453.083
Current log-likelihood at step 4: -4452.999
Partition-specific rates:  1.584 0.416
Parameters optimization took 3 rounds (0.065 sec)

Wrote distance file to... 
Computing ML distances based on estimated model parameters...
Calculating distance matrix: done in 3.00407e-05 secs using 86.55% CPU
Computing ML distances took 0.000083 sec (of wall-clock time) 0.000053 sec (of CPU time)
Setting up auxiliary I and S matrices: done in 3.50475e-05 secs using 77.04% CPU
Computing RapidNJ tree took 0.000137 sec (of wall-clock time) 0.000083 sec (of CPU time)
Log-likelihood of RapidNJ tree: -4731.525
--------------------------------------------------------------------
|             INITIALIZING CANDIDATE TREE SET                      |
--------------------------------------------------------------------
Generating 98 parsimony trees... 0.092 second
Computing log-likelihood of 93 initial trees ... 0.233 seconds
Current best score: -4447.449

Do NNI search on 20 best initial trees
Estimate model parameters (epsilon = 0.100)
Initial log-likelihood: -4434.073
Current log-likelihood at step 1: -4433.606
Current log-likelihood at step 2: -4433.603
Parameters optimization took 1 rounds (0.021 sec)

BETTER TREE FOUND at iteration 1: -4433.603
Estimate model parameters (epsilon = 0.100)
Initial log-likelihood: -4432.325
Current log-likelihood at step 1: -4432.178
Current log-likelihood at step 2: -4432.172
Parameters optimization took 1 rounds (0.021 sec)

BETTER TREE FOUND at iteration 2: -4432.172
Iteration 10 / LogL: -4433.742 / Time: 0h:3m:42s
Iteration 20 / LogL: -4433.721 / Time: 0h:3m:42s
Finish initializing candidate tree set (2)
Current best tree score: -4432.172 / CPU time: 1.101
Number of iterations: 20
--------------------------------------------------------------------
|               OPTIMIZING CANDIDATE TREE SET                      |
--------------------------------------------------------------------
Iteration 30 / LogL: -4432.224 / Time: 0h:3m:42s (0h:0m:3s left)
Iteration 40 / LogL: -4432.396 / Time: 0h:3m:43s (0h:0m:3s left)
Iteration 50 / LogL: -4432.537 / Time: 0h:3m:43s (0h:0m:2s left)
Iteration 60 / LogL: -4432.296 / Time: 0h:3m:44s (0h:0m:1s left)
UPDATE BEST LOG-LIKELIHOOD: -4432.172
Iteration 70 / LogL: -4432.280 / Time: 0h:3m:44s (0h:0m:1s left)
Iteration 80 / LogL: -4433.867 / Time: 0h:3m:44s (0h:0m:0s left)
Iteration 90 / LogL: -4433.792 / Time: 0h:3m:45s (0h:0m:0s left)
Iteration 100 / LogL: -4433.740 / Time: 0h:3m:45s (0h:0m:0s left)
TREE SEARCH COMPLETED AFTER 103 ITERATIONS / Time: 0h:3m:45s

--------------------------------------------------------------------
|                    FINALIZING TREE SEARCH                        |
--------------------------------------------------------------------
Performs final model parameters optimization
Estimate model parameters (epsilon = 0.010)
Initial log-likelihood: -4432.172
Current log-likelihood at step 1: -4432.172
Partition-specific rates:  1.596 0.404
Parameters optimization took 0 rounds (0.008 sec)

Partition information was printed to partition_file.nex.best_model.nex
BEST SCORE FOUND : -4432.172
Total tree length: 7.039

Total number of iterations: 103
CPU time used for tree search: 3.962 sec (0h:0m:3s)
Wall-clock time used for tree search: 3.838 sec (0h:0m:3s)
Total CPU time used: 233.404 sec (0h:3m:53s)
Total wall-clock time used: 225.387 sec (0h:3m:45s)

===> START BOOTSTRAP REPLICATE NUMBER 60

Creating bootstrap alignment (seed: 57318)...
WARNING: States(s) E rarely appear in partition tdi and may cause numerical problems

Create initial parsimony tree by phylogenetic likelihood library (PLL)... 0.001 seconds
Reading model parameters from file /Users/mful870/Desktop/MD_3di_Dev_02Oct24/Scriptorum/SubstitutionMatrix/3di_substmat
WARNING: Normalizing state frequencies so that sum of them equals to 1

NOTE: 1 MB RAM (0 GB) is required!
Estimate model parameters (epsilon = 0.100)
Initial log-likelihood: -4801.022
Current log-likelihood at step 1: -4677.581
Current log-likelihood at step 2: -4602.282
Current log-likelihood at step 3: -4602.145
Current log-likelihood at step 4: -4602.139
Partition-specific rates:  1.570 0.430
Parameters optimization took 3 rounds (0.057 sec)

Wrote distance file to... 
Computing ML distances based on estimated model parameters...
Calculating distance matrix: done in 3.00407e-05 secs using 86.55% CPU
Computing ML distances took 0.000084 sec (of wall-clock time) 0.000054 sec (of CPU time)
Setting up auxiliary I and S matrices: done in 3.00407e-05 secs using 79.89% CPU
Computing RapidNJ tree took 0.000134 sec (of wall-clock time) 0.000078 sec (of CPU time)
Log-likelihood of RapidNJ tree: -4985.348
--------------------------------------------------------------------
|             INITIALIZING CANDIDATE TREE SET                      |
--------------------------------------------------------------------
Generating 98 parsimony trees... 0.098 second
Computing log-likelihood of 93 initial trees ... 0.210 seconds
Current best score: -4602.139

Do NNI search on 20 best initial trees
Estimate model parameters (epsilon = 0.100)
Initial log-likelihood: -4596.784
Current log-likelihood at step 1: -4596.557
Current log-likelihood at step 2: -4596.549
Parameters optimization took 1 rounds (0.022 sec)

BETTER TREE FOUND at iteration 1: -4596.549
Iteration 10 / LogL: -4596.562 / Time: 0h:3m:46s
Iteration 20 / LogL: -4596.578 / Time: 0h:3m:46s
Finish initializing candidate tree set (1)
Current best tree score: -4596.549 / CPU time: 0.885
Number of iterations: 20
--------------------------------------------------------------------
|               OPTIMIZING CANDIDATE TREE SET                      |
--------------------------------------------------------------------
Iteration 30 / LogL: -4596.556 / Time: 0h:3m:46s (0h:0m:3s left)
Iteration 40 / LogL: -4596.618 / Time: 0h:3m:47s (0h:0m:2s left)
Iteration 50 / LogL: -4596.577 / Time: 0h:3m:47s (0h:0m:2s left)
Iteration 60 / LogL: -4596.565 / Time: 0h:3m:47s (0h:0m:1s left)
Iteration 70 / LogL: -4596.560 / Time: 0h:3m:48s (0h:0m:1s left)
UPDATE BEST LOG-LIKELIHOOD: -4596.548
Iteration 80 / LogL: -4597.209 / Time: 0h:3m:48s (0h:0m:0s left)
Iteration 90 / LogL: -4596.588 / Time: 0h:3m:48s (0h:0m:0s left)
Iteration 100 / LogL: -4596.561 / Time: 0h:3m:49s (0h:0m:0s left)
UPDATE BEST LOG-LIKELIHOOD: -4596.548
TREE SEARCH COMPLETED AFTER 102 ITERATIONS / Time: 0h:3m:49s

--------------------------------------------------------------------
|                    FINALIZING TREE SEARCH                        |
--------------------------------------------------------------------
Performs final model parameters optimization
Estimate model parameters (epsilon = 0.010)
Initial log-likelihood: -4596.548
Current log-likelihood at step 1: -4596.548
Partition-specific rates:  1.573 0.427
Parameters optimization took 0 rounds (0.007 sec)

Partition information was printed to partition_file.nex.best_model.nex
BEST SCORE FOUND : -4596.548
Total tree length: 6.394

Total number of iterations: 102
CPU time used for tree search: 3.724 sec (0h:0m:3s)
Wall-clock time used for tree search: 3.579 sec (0h:0m:3s)
Total CPU time used: 237.241 sec (0h:3m:57s)
Total wall-clock time used: 229.073 sec (0h:3m:49s)

===> START BOOTSTRAP REPLICATE NUMBER 61

Creating bootstrap alignment (seed: 57319)...

Create initial parsimony tree by phylogenetic likelihood library (PLL)... 0.001 seconds
Reading model parameters from file /Users/mful870/Desktop/MD_3di_Dev_02Oct24/Scriptorum/SubstitutionMatrix/3di_substmat
WARNING: Normalizing state frequencies so that sum of them equals to 1

NOTE: 1 MB RAM (0 GB) is required!
Estimate model parameters (epsilon = 0.100)
Initial log-likelihood: -4754.244
Current log-likelihood at step 1: -4628.603
Current log-likelihood at step 2: -4549.443
Current log-likelihood at step 3: -4547.426
Current log-likelihood at step 4: -4547.320
Current log-likelihood at step 5: -4547.316
Partition-specific rates:  1.608 0.392
Parameters optimization took 4 rounds (0.074 sec)

Wrote distance file to... 
Computing ML distances based on estimated model parameters...
Calculating distance matrix: done in 3.09944e-05 secs using 83.89% CPU
Computing ML distances took 0.000082 sec (of wall-clock time) 0.000054 sec (of CPU time)
Setting up auxiliary I and S matrices: done in 4.1008e-05 secs using 80.47% CPU
Computing RapidNJ tree took 0.000231 sec (of wall-clock time) 0.000114 sec (of CPU time)
Log-likelihood of RapidNJ tree: -4866.131
--------------------------------------------------------------------
|             INITIALIZING CANDIDATE TREE SET                      |
--------------------------------------------------------------------
Generating 98 parsimony trees... 0.088 second
Computing log-likelihood of 94 initial trees ... 0.215 seconds
Current best score: -4533.709

Do NNI search on 20 best initial trees
Estimate model parameters (epsilon = 0.100)
Initial log-likelihood: -4533.709
Current log-likelihood at step 1: -4526.829
Current log-likelihood at step 2: -4526.679
Current log-likelihood at step 3: -4526.670
Parameters optimization took 2 rounds (0.039 sec)

BETTER TREE FOUND at iteration 1: -4526.670
Iteration 10 / LogL: -4527.072 / Time: 0h:3m:49s
Iteration 20 / LogL: -4526.775 / Time: 0h:3m:49s
Finish initializing candidate tree set (1)
Current best tree score: -4526.670 / CPU time: 0.801
Number of iterations: 20
--------------------------------------------------------------------
|               OPTIMIZING CANDIDATE TREE SET                      |
--------------------------------------------------------------------
Iteration 30 / LogL: -4526.854 / Time: 0h:3m:50s (0h:0m:2s left)
Iteration 40 / LogL: -4526.698 / Time: 0h:3m:50s (0h:0m:2s left)
UPDATE BEST LOG-LIKELIHOOD: -4526.670
Iteration 50 / LogL: -4526.670 / Time: 0h:3m:50s (0h:0m:1s left)
Iteration 60 / LogL: -4526.741 / Time: 0h:3m:51s (0h:0m:1s left)
Iteration 70 / LogL: -4526.799 / Time: 0h:3m:51s (0h:0m:1s left)
Iteration 80 / LogL: -4526.803 / Time: 0h:3m:51s (0h:0m:0s left)
UPDATE BEST LOG-LIKELIHOOD: -4526.670
UPDATE BEST LOG-LIKELIHOOD: -4526.670
Iteration 90 / LogL: -4526.808 / Time: 0h:3m:52s (0h:0m:0s left)
Iteration 100 / LogL: -4526.773 / Time: 0h:3m:52s (0h:0m:0s left)
TREE SEARCH COMPLETED AFTER 102 ITERATIONS / Time: 0h:3m:52s

--------------------------------------------------------------------
|                    FINALIZING TREE SEARCH                        |
--------------------------------------------------------------------
Performs final model parameters optimization
Estimate model parameters (epsilon = 0.010)
Initial log-likelihood: -4526.670
Current log-likelihood at step 1: -4526.669
Partition-specific rates:  1.616 0.384
Parameters optimization took 0 rounds (0.007 sec)

Partition information was printed to partition_file.nex.best_model.nex
BEST SCORE FOUND : -4526.669
Total tree length: 7.155

Total number of iterations: 102
CPU time used for tree search: 3.383 sec (0h:0m:3s)
Wall-clock time used for tree search: 3.244 sec (0h:0m:3s)
Total CPU time used: 240.768 sec (0h:4m:0s)
Total wall-clock time used: 232.452 sec (0h:3m:52s)

===> START BOOTSTRAP REPLICATE NUMBER 62

Creating bootstrap alignment (seed: 57320)...
WARNING: States(s) S rarely appear in partition tdi and may cause numerical problems

Create initial parsimony tree by phylogenetic likelihood library (PLL)... 0.001 seconds
Reading model parameters from file /Users/mful870/Desktop/MD_3di_Dev_02Oct24/Scriptorum/SubstitutionMatrix/3di_substmat
WARNING: Normalizing state frequencies so that sum of them equals to 1

NOTE: 1 MB RAM (0 GB) is required!
Estimate model parameters (epsilon = 0.100)
Initial log-likelihood: -5106.251
Current log-likelihood at step 1: -4985.284
Current log-likelihood at step 2: -4920.292
Current log-likelihood at step 3: -4920.178
Current log-likelihood at step 4: -4920.178
Partition-specific rates:  1.539 0.461
Parameters optimization took 3 rounds (0.055 sec)

Wrote distance file to... 
Computing ML distances based on estimated model parameters...
Calculating distance matrix: done in 4.81606e-05 secs using 85.13% CPU
Computing ML distances took 0.000126 sec (of wall-clock time) 0.000083 sec (of CPU time)
Setting up auxiliary I and S matrices: done in 3.40939e-05 secs using 79.19% CPU
Computing RapidNJ tree took 0.000172 sec (of wall-clock time) 0.000089 sec (of CPU time)
Log-likelihood of RapidNJ tree: -5231.366
--------------------------------------------------------------------
|             INITIALIZING CANDIDATE TREE SET                      |
--------------------------------------------------------------------
Generating 98 parsimony trees... 0.095 second
Computing log-likelihood of 96 initial trees ... 0.232 seconds
Current best score: -4920.178

Do NNI search on 20 best initial trees
Estimate model parameters (epsilon = 0.100)
Initial log-likelihood: -4887.081
Current log-likelihood at step 1: -4886.169
Current log-likelihood at step 2: -4886.112
Parameters optimization took 1 rounds (0.027 sec)

BETTER TREE FOUND at iteration 1: -4886.112
Iteration 10 / LogL: -4886.374 / Time: 0h:3m:53s
Iteration 20 / LogL: -4886.382 / Time: 0h:3m:53s
Finish initializing candidate tree set (2)
Current best tree score: -4886.112 / CPU time: 1.109
Number of iterations: 20
--------------------------------------------------------------------
|               OPTIMIZING CANDIDATE TREE SET                      |
--------------------------------------------------------------------
UPDATE BEST LOG-LIKELIHOOD: -4886.112
Iteration 30 / LogL: -4886.562 / Time: 0h:3m:53s (0h:0m:3s left)
Iteration 40 / LogL: -4890.053 / Time: 0h:3m:54s (0h:0m:2s left)
Iteration 50 / LogL: -4886.209 / Time: 0h:3m:54s (0h:0m:2s left)
Iteration 60 / LogL: -4886.267 / Time: 0h:3m:54s (0h:0m:1s left)
Iteration 70 / LogL: -4886.552 / Time: 0h:3m:55s (0h:0m:1s left)
Iteration 80 / LogL: -4886.242 / Time: 0h:3m:55s (0h:0m:0s left)
Iteration 90 / LogL: -4886.142 / Time: 0h:3m:55s (0h:0m:0s left)
Iteration 100 / LogL: -4886.164 / Time: 0h:3m:56s (0h:0m:0s left)
TREE SEARCH COMPLETED AFTER 102 ITERATIONS / Time: 0h:3m:56s

--------------------------------------------------------------------
|                    FINALIZING TREE SEARCH                        |
--------------------------------------------------------------------
Performs final model parameters optimization
Estimate model parameters (epsilon = 0.010)
Initial log-likelihood: -4886.112
Current log-likelihood at step 1: -4886.110
Partition-specific rates:  1.573 0.427
Parameters optimization took 0 rounds (0.007 sec)

Partition information was printed to partition_file.nex.best_model.nex
BEST SCORE FOUND : -4886.110
Total tree length: 7.387

Total number of iterations: 102
CPU time used for tree search: 3.797 sec (0h:0m:3s)
Wall-clock time used for tree search: 3.677 sec (0h:0m:3s)
Total CPU time used: 244.681 sec (0h:4m:4s)
Total wall-clock time used: 236.238 sec (0h:3m:56s)

===> START BOOTSTRAP REPLICATE NUMBER 63

Creating bootstrap alignment (seed: 57321)...

Create initial parsimony tree by phylogenetic likelihood library (PLL)... 0.001 seconds
Reading model parameters from file /Users/mful870/Desktop/MD_3di_Dev_02Oct24/Scriptorum/SubstitutionMatrix/3di_substmat
WARNING: Normalizing state frequencies so that sum of them equals to 1

NOTE: 1 MB RAM (0 GB) is required!
Estimate model parameters (epsilon = 0.100)
Initial log-likelihood: -4986.172
Current log-likelihood at step 1: -4859.094
Current log-likelihood at step 2: -4780.451
Current log-likelihood at step 3: -4779.840
Current log-likelihood at step 4: -4779.792
Partition-specific rates:  1.580 0.420
Parameters optimization took 3 rounds (0.075 sec)

Wrote distance file to... 
Computing ML distances based on estimated model parameters...
Calculating distance matrix: done in 3.19481e-05 secs using 84.51% CPU
Computing ML distances took 0.000088 sec (of wall-clock time) 0.000056 sec (of CPU time)
Setting up auxiliary I and S matrices: done in 2.71797e-05 secs using 77.26% CPU
Computing RapidNJ tree took 0.000130 sec (of wall-clock time) 0.000077 sec (of CPU time)
Log-likelihood of RapidNJ tree: -5192.237
--------------------------------------------------------------------
|             INITIALIZING CANDIDATE TREE SET                      |
--------------------------------------------------------------------
Generating 98 parsimony trees... 0.096 second
Computing log-likelihood of 97 initial trees ... 0.230 seconds
Current best score: -4779.792

Do NNI search on 20 best initial trees
Estimate model parameters (epsilon = 0.100)
Initial log-likelihood: -4767.520
Current log-likelihood at step 1: -4766.928
Current log-likelihood at step 2: -4766.883
Parameters optimization took 1 rounds (0.026 sec)

BETTER TREE FOUND at iteration 1: -4766.883
Iteration 10 / LogL: -4767.118 / Time: 0h:3m:57s
Iteration 20 / LogL: -4767.042 / Time: 0h:3m:57s
Finish initializing candidate tree set (1)
Current best tree score: -4766.883 / CPU time: 1.246
Number of iterations: 20
--------------------------------------------------------------------
|               OPTIMIZING CANDIDATE TREE SET                      |
--------------------------------------------------------------------
Iteration 30 / LogL: -4766.914 / Time: 0h:3m:57s (0h:0m:3s left)
UPDATE BEST LOG-LIKELIHOOD: -4766.881
Iteration 40 / LogL: -4769.006 / Time: 0h:3m:58s (0h:0m:3s left)
Iteration 50 / LogL: -4766.977 / Time: 0h:3m:58s (0h:0m:2s left)
UPDATE BEST LOG-LIKELIHOOD: -4766.881
Iteration 60 / LogL: -4766.891 / Time: 0h:3m:58s (0h:0m:1s left)
Iteration 70 / LogL: -4767.172 / Time: 0h:3m:59s (0h:0m:1s left)
Iteration 80 / LogL: -4766.930 / Time: 0h:3m:59s (0h:0m:0s left)
Iteration 90 / LogL: -4767.008 / Time: 0h:3m:59s (0h:0m:0s left)
Iteration 100 / LogL: -4766.936 / Time: 0h:4m:0s (0h:0m:0s left)
TREE SEARCH COMPLETED AFTER 102 ITERATIONS / Time: 0h:4m:0s

--------------------------------------------------------------------
|                    FINALIZING TREE SEARCH                        |
--------------------------------------------------------------------
Performs final model parameters optimization
Estimate model parameters (epsilon = 0.010)
Initial log-likelihood: -4766.881
Current log-likelihood at step 1: -4766.880
Partition-specific rates:  1.550 0.450
Parameters optimization took 0 rounds (0.007 sec)

Partition information was printed to partition_file.nex.best_model.nex
BEST SCORE FOUND : -4766.880
Total tree length: 7.250

Total number of iterations: 102
CPU time used for tree search: 4.167 sec (0h:0m:4s)
Wall-clock time used for tree search: 4.036 sec (0h:0m:4s)
Total CPU time used: 248.976 sec (0h:4m:8s)
Total wall-clock time used: 240.404 sec (0h:4m:0s)

===> START BOOTSTRAP REPLICATE NUMBER 64

Creating bootstrap alignment (seed: 57322)...
WARNING: States(s) S rarely appear in partition tdi and may cause numerical problems

Create initial parsimony tree by phylogenetic likelihood library (PLL)... 0.001 seconds
Reading model parameters from file /Users/mful870/Desktop/MD_3di_Dev_02Oct24/Scriptorum/SubstitutionMatrix/3di_substmat
WARNING: Normalizing state frequencies so that sum of them equals to 1

NOTE: 1 MB RAM (0 GB) is required!
Estimate model parameters (epsilon = 0.100)
Initial log-likelihood: -5202.443
Current log-likelihood at step 1: -5065.726
Current log-likelihood at step 2: -4999.734
Current log-likelihood at step 3: -4999.501
Current log-likelihood at step 4: -4999.491
Partition-specific rates:  1.584 0.416
Parameters optimization took 3 rounds (0.060 sec)

Wrote distance file to... 
Computing ML distances based on estimated model parameters...
Calculating distance matrix: done in 2.98023e-05 secs using 83.89% CPU
Computing ML distances took 0.000085 sec (of wall-clock time) 0.000052 sec (of CPU time)
Setting up auxiliary I and S matrices: done in 3.31402e-05 secs using 75.44% CPU
Computing RapidNJ tree took 0.000150 sec (of wall-clock time) 0.000087 sec (of CPU time)
Log-likelihood of RapidNJ tree: -5394.247
--------------------------------------------------------------------
|             INITIALIZING CANDIDATE TREE SET                      |
--------------------------------------------------------------------
Generating 98 parsimony trees... 0.090 second
Computing log-likelihood of 98 initial trees ... 0.228 seconds
Current best score: -4999.491

Do NNI search on 20 best initial trees
Estimate model parameters (epsilon = 0.100)
Initial log-likelihood: -4995.989
Current log-likelihood at step 1: -4995.894
Parameters optimization took 0 rounds (0.007 sec)

BETTER TREE FOUND at iteration 1: -4995.894
Iteration 10 / LogL: -4995.960 / Time: 0h:4m:1s
Iteration 20 / LogL: -4995.971 / Time: 0h:4m:1s
Finish initializing candidate tree set (1)
Current best tree score: -4995.894 / CPU time: 0.861
Number of iterations: 20
--------------------------------------------------------------------
|               OPTIMIZING CANDIDATE TREE SET                      |
--------------------------------------------------------------------
UPDATE BEST LOG-LIKELIHOOD: -4995.887
Iteration 30 / LogL: -4995.948 / Time: 0h:4m:1s (0h:0m:3s left)
UPDATE BEST LOG-LIKELIHOOD: -4995.886
Iteration 40 / LogL: -4996.352 / Time: 0h:4m:2s (0h:0m:2s left)
Iteration 50 / LogL: -4995.938 / Time: 0h:4m:2s (0h:0m:1s left)
Iteration 60 / LogL: -4995.955 / Time: 0h:4m:2s (0h:0m:1s left)
UPDATE BEST LOG-LIKELIHOOD: -4995.886
Iteration 70 / LogL: -4995.888 / Time: 0h:4m:2s (0h:0m:1s left)
Iteration 80 / LogL: -4995.888 / Time: 0h:4m:3s (0h:0m:0s left)
Iteration 90 / LogL: -4996.062 / Time: 0h:4m:3s (0h:0m:0s left)
Iteration 100 / LogL: -4995.942 / Time: 0h:4m:3s (0h:0m:0s left)
TREE SEARCH COMPLETED AFTER 102 ITERATIONS / Time: 0h:4m:4s

--------------------------------------------------------------------
|                    FINALIZING TREE SEARCH                        |
--------------------------------------------------------------------
Performs final model parameters optimization
Estimate model parameters (epsilon = 0.010)
Initial log-likelihood: -4995.886
Current log-likelihood at step 1: -4995.882
Partition-specific rates:  1.578 0.422
Parameters optimization took 0 rounds (0.012 sec)

Partition information was printed to partition_file.nex.best_model.nex
BEST SCORE FOUND : -4995.882
Total tree length: 7.254

Total number of iterations: 102
CPU time used for tree search: 3.673 sec (0h:0m:3s)
Wall-clock time used for tree search: 3.548 sec (0h:0m:3s)
Total CPU time used: 252.784 sec (0h:4m:12s)
Total wall-clock time used: 244.074 sec (0h:4m:4s)

===> START BOOTSTRAP REPLICATE NUMBER 65

Creating bootstrap alignment (seed: 57323)...
WARNING: States(s) S rarely appear in partition tdi and may cause numerical problems

Create initial parsimony tree by phylogenetic likelihood library (PLL)... 0.001 seconds
Reading model parameters from file /Users/mful870/Desktop/MD_3di_Dev_02Oct24/Scriptorum/SubstitutionMatrix/3di_substmat
WARNING: Normalizing state frequencies so that sum of them equals to 1

NOTE: 1 MB RAM (0 GB) is required!
Estimate model parameters (epsilon = 0.100)
Initial log-likelihood: -5030.973
Current log-likelihood at step 1: -4927.340
Current log-likelihood at step 2: -4871.573
Current log-likelihood at step 3: -4871.538
Partition-specific rates:  1.540 0.460
Parameters optimization took 2 rounds (0.056 sec)

Wrote distance file to... 
Computing ML distances based on estimated model parameters...
Calculating distance matrix: done in 3.00407e-05 secs using 83.22% CPU
Computing ML distances took 0.000085 sec (of wall-clock time) 0.000054 sec (of CPU time)
Setting up auxiliary I and S matrices: done in 3.69549e-05 secs using 81.18% CPU
Computing RapidNJ tree took 0.000138 sec (of wall-clock time) 0.000080 sec (of CPU time)
Log-likelihood of RapidNJ tree: -5209.868
--------------------------------------------------------------------
|             INITIALIZING CANDIDATE TREE SET                      |
--------------------------------------------------------------------
Generating 98 parsimony trees... 0.087 second
Computing log-likelihood of 97 initial trees ... 0.240 seconds
Current best score: -4871.538

Do NNI search on 20 best initial trees
Estimate model parameters (epsilon = 0.100)
Initial log-likelihood: -4862.429
Current log-likelihood at step 1: -4862.346
Parameters optimization took 0 rounds (0.012 sec)

BETTER TREE FOUND at iteration 1: -4862.346
Iteration 10 / LogL: -4862.502 / Time: 0h:4m:4s
Iteration 20 / LogL: -4862.388 / Time: 0h:4m:5s
Finish initializing candidate tree set (1)
Current best tree score: -4862.346 / CPU time: 1.137
Number of iterations: 20
--------------------------------------------------------------------
|               OPTIMIZING CANDIDATE TREE SET                      |
--------------------------------------------------------------------
Iteration 30 / LogL: -4862.387 / Time: 0h:4m:5s (0h:0m:3s left)
Iteration 40 / LogL: -4862.471 / Time: 0h:4m:5s (0h:0m:2s left)
Iteration 50 / LogL: -4866.840 / Time: 0h:4m:6s (0h:0m:2s left)
Iteration 60 / LogL: -4862.414 / Time: 0h:4m:6s (0h:0m:1s left)
Iteration 70 / LogL: -4862.456 / Time: 0h:4m:6s (0h:0m:1s left)
Iteration 80 / LogL: -4862.385 / Time: 0h:4m:7s (0h:0m:0s left)
Iteration 90 / LogL: -4862.476 / Time: 0h:4m:7s (0h:0m:0s left)
Iteration 100 / LogL: -4862.479 / Time: 0h:4m:7s (0h:0m:0s left)
TREE SEARCH COMPLETED AFTER 102 ITERATIONS / Time: 0h:4m:8s

--------------------------------------------------------------------
|                    FINALIZING TREE SEARCH                        |
--------------------------------------------------------------------
Performs final model parameters optimization
Estimate model parameters (epsilon = 0.010)
Initial log-likelihood: -4862.346
Current log-likelihood at step 1: -4862.341
Partition-specific rates:  1.543 0.457
Parameters optimization took 0 rounds (0.008 sec)

Partition information was printed to partition_file.nex.best_model.nex
BEST SCORE FOUND : -4862.341
Total tree length: 6.514

Total number of iterations: 102
CPU time used for tree search: 3.951 sec (0h:0m:3s)
Wall-clock time used for tree search: 3.868 sec (0h:0m:3s)
Total CPU time used: 256.860 sec (0h:4m:16s)
Total wall-clock time used: 248.064 sec (0h:4m:8s)

===> START BOOTSTRAP REPLICATE NUMBER 66

Creating bootstrap alignment (seed: 57324)...

Create initial parsimony tree by phylogenetic likelihood library (PLL)... 0.001 seconds
Reading model parameters from file /Users/mful870/Desktop/MD_3di_Dev_02Oct24/Scriptorum/SubstitutionMatrix/3di_substmat
WARNING: Normalizing state frequencies so that sum of them equals to 1

NOTE: 1 MB RAM (0 GB) is required!
Estimate model parameters (epsilon = 0.100)
Initial log-likelihood: -4352.822
Current log-likelihood at step 1: -4242.971
Current log-likelihood at step 2: -4161.738
Current log-likelihood at step 3: -4159.844
Current log-likelihood at step 4: -4159.779
Partition-specific rates:  1.606 0.394
Parameters optimization took 3 rounds (0.067 sec)

Wrote distance file to... 
Computing ML distances based on estimated model parameters...
Calculating distance matrix: done in 3.00407e-05 secs using 83.22% CPU
Computing ML distances took 0.000083 sec (of wall-clock time) 0.000053 sec (of CPU time)
Setting up auxiliary I and S matrices: done in 3.21865e-05 secs using 77.67% CPU
Computing RapidNJ tree took 0.000146 sec (of wall-clock time) 0.000085 sec (of CPU time)
Log-likelihood of RapidNJ tree: -4548.229
--------------------------------------------------------------------
|             INITIALIZING CANDIDATE TREE SET                      |
--------------------------------------------------------------------
Generating 98 parsimony trees... 0.088 second
Computing log-likelihood of 94 initial trees ... 0.224 seconds
Current best score: -4159.779

Do NNI search on 20 best initial trees
Estimate model parameters (epsilon = 0.100)
Initial log-likelihood: -4156.999
Current log-likelihood at step 1: -4156.968
Parameters optimization took 0 rounds (0.011 sec)

BETTER TREE FOUND at iteration 1: -4156.968
Iteration 10 / LogL: -4157.039 / Time: 0h:4m:8s
Iteration 20 / LogL: -4157.017 / Time: 0h:4m:9s
Finish initializing candidate tree set (1)
Current best tree score: -4156.968 / CPU time: 0.842
Number of iterations: 20
--------------------------------------------------------------------
|               OPTIMIZING CANDIDATE TREE SET                      |
--------------------------------------------------------------------
UPDATE BEST LOG-LIKELIHOOD: -4156.966
Iteration 30 / LogL: -4157.170 / Time: 0h:4m:9s (0h:0m:3s left)
UPDATE BEST LOG-LIKELIHOOD: -4156.966
Iteration 40 / LogL: -4157.188 / Time: 0h:4m:9s (0h:0m:2s left)
UPDATE BEST LOG-LIKELIHOOD: -4156.965
Iteration 50 / LogL: -4156.988 / Time: 0h:4m:9s (0h:0m:1s left)
Iteration 60 / LogL: -4156.969 / Time: 0h:4m:10s (0h:0m:1s left)
Iteration 70 / LogL: -4157.253 / Time: 0h:4m:10s (0h:0m:1s left)
Iteration 80 / LogL: -4158.022 / Time: 0h:4m:10s (0h:0m:0s left)
Iteration 90 / LogL: -4157.467 / Time: 0h:4m:11s (0h:0m:0s left)
Iteration 100 / LogL: -4157.005 / Time: 0h:4m:11s (0h:0m:0s left)
TREE SEARCH COMPLETED AFTER 102 ITERATIONS / Time: 0h:4m:11s

--------------------------------------------------------------------
|                    FINALIZING TREE SEARCH                        |
--------------------------------------------------------------------
Performs final model parameters optimization
Estimate model parameters (epsilon = 0.010)
Initial log-likelihood: -4156.965
Current log-likelihood at step 1: -4156.965
Partition-specific rates:  1.605 0.395
Parameters optimization took 0 rounds (0.007 sec)

Partition information was printed to partition_file.nex.best_model.nex
BEST SCORE FOUND : -4156.965
Total tree length: 6.196

Total number of iterations: 102
CPU time used for tree search: 3.387 sec (0h:0m:3s)
Wall-clock time used for tree search: 3.274 sec (0h:0m:3s)
Total CPU time used: 260.371 sec (0h:4m:20s)
Total wall-clock time used: 251.456 sec (0h:4m:11s)

===> START BOOTSTRAP REPLICATE NUMBER 67

Creating bootstrap alignment (seed: 57325)...
WARNING: States(s) E, S rarely appear in partition tdi and may cause numerical problems

Create initial parsimony tree by phylogenetic likelihood library (PLL)... 0.000 seconds
Reading model parameters from file /Users/mful870/Desktop/MD_3di_Dev_02Oct24/Scriptorum/SubstitutionMatrix/3di_substmat
WARNING: Normalizing state frequencies so that sum of them equals to 1

NOTE: 1 MB RAM (0 GB) is required!
Estimate model parameters (epsilon = 0.100)
Initial log-likelihood: -4492.974
Current log-likelihood at step 1: -4353.226
Current log-likelihood at step 2: -4260.973
Current log-likelihood at step 3: -4252.304
Current log-likelihood at step 4: -4251.996
Current log-likelihood at step 5: -4251.977
Partition-specific rates:  1.652 0.348
Parameters optimization took 4 rounds (0.080 sec)

Wrote distance file to... 
Computing ML distances based on estimated model parameters...
Calculating distance matrix: done in 2.90871e-05 secs using 85.95% CPU
Computing ML distances took 0.000084 sec (of wall-clock time) 0.000053 sec (of CPU time)
Setting up auxiliary I and S matrices: done in 3.60012e-05 secs using 80.55% CPU
Computing RapidNJ tree took 0.000168 sec (of wall-clock time) 0.000093 sec (of CPU time)
Log-likelihood of RapidNJ tree: -4589.908
--------------------------------------------------------------------
|             INITIALIZING CANDIDATE TREE SET                      |
--------------------------------------------------------------------
Generating 98 parsimony trees... 0.084 second
Computing log-likelihood of 90 initial trees ... 0.211 seconds
Current best score: -4250.181

Do NNI search on 20 best initial trees
Estimate model parameters (epsilon = 0.100)
Initial log-likelihood: -4238.281
Current log-likelihood at step 1: -4237.537
Current log-likelihood at step 2: -4237.503
Parameters optimization took 1 rounds (0.032 sec)

BETTER TREE FOUND at iteration 1: -4237.503
Iteration 10 / LogL: -4237.631 / Time: 0h:4m:12s
Iteration 20 / LogL: -4237.508 / Time: 0h:4m:12s
Finish initializing candidate tree set (2)
Current best tree score: -4237.503 / CPU time: 0.882
Number of iterations: 20
--------------------------------------------------------------------
|               OPTIMIZING CANDIDATE TREE SET                      |
--------------------------------------------------------------------
Iteration 30 / LogL: -4243.632 / Time: 0h:4m:12s (0h:0m:3s left)
Iteration 40 / LogL: -4237.536 / Time: 0h:4m:13s (0h:0m:2s left)
Iteration 50 / LogL: -4243.507 / Time: 0h:4m:13s (0h:0m:2s left)
Iteration 60 / LogL: -4237.632 / Time: 0h:4m:13s (0h:0m:1s left)
Iteration 70 / LogL: -4237.663 / Time: 0h:4m:14s (0h:0m:1s left)
Iteration 80 / LogL: -4244.158 / Time: 0h:4m:14s (0h:0m:0s left)
Iteration 90 / LogL: -4237.664 / Time: 0h:4m:14s (0h:0m:0s left)
Iteration 100 / LogL: -4237.537 / Time: 0h:4m:15s (0h:0m:0s left)
TREE SEARCH COMPLETED AFTER 102 ITERATIONS / Time: 0h:4m:15s

--------------------------------------------------------------------
|                    FINALIZING TREE SEARCH                        |
--------------------------------------------------------------------
Performs final model parameters optimization
Estimate model parameters (epsilon = 0.010)
Initial log-likelihood: -4237.503
Current log-likelihood at step 1: -4237.499
Partition-specific rates:  1.668 0.332
Parameters optimization took 0 rounds (0.007 sec)

Partition information was printed to partition_file.nex.best_model.nex
BEST SCORE FOUND : -4237.499
Total tree length: 7.965

Total number of iterations: 102
CPU time used for tree search: 3.666 sec (0h:0m:3s)
Wall-clock time used for tree search: 3.528 sec (0h:0m:3s)
Total CPU time used: 264.178 sec (0h:4m:24s)
Total wall-clock time used: 255.116 sec (0h:4m:15s)

===> START BOOTSTRAP REPLICATE NUMBER 68

Creating bootstrap alignment (seed: 57326)...
WARNING: States(s) S rarely appear in partition tdi and may cause numerical problems

Create initial parsimony tree by phylogenetic likelihood library (PLL)... 0.000 seconds
Reading model parameters from file /Users/mful870/Desktop/MD_3di_Dev_02Oct24/Scriptorum/SubstitutionMatrix/3di_substmat
WARNING: Normalizing state frequencies so that sum of them equals to 1

NOTE: 1 MB RAM (0 GB) is required!
Estimate model parameters (epsilon = 0.100)
Initial log-likelihood: -4807.427
Current log-likelihood at step 1: -4682.661
Current log-likelihood at step 2: -4612.348
Current log-likelihood at step 3: -4609.662
Current log-likelihood at step 4: -4609.573
Partition-specific rates:  1.616 0.384
Parameters optimization took 3 rounds (0.063 sec)

Wrote distance file to... 
Computing ML distances based on estimated model parameters...
Calculating distance matrix: done in 2.98023e-05 secs using 87.24% CPU
Computing ML distances took 0.000083 sec (of wall-clock time) 0.000052 sec (of CPU time)
Setting up auxiliary I and S matrices: done in 3.50475e-05 secs using 79.89% CPU
Computing RapidNJ tree took 0.000154 sec (of wall-clock time) 0.000085 sec (of CPU time)
Log-likelihood of RapidNJ tree: -4953.992
--------------------------------------------------------------------
|             INITIALIZING CANDIDATE TREE SET                      |
--------------------------------------------------------------------
Generating 98 parsimony trees... 0.090 second
Computing log-likelihood of 96 initial trees ... 0.274 seconds
Current best score: -4609.573

Do NNI search on 20 best initial trees
Estimate model parameters (epsilon = 0.100)
Initial log-likelihood: -4603.646
Current log-likelihood at step 1: -4603.135
Current log-likelihood at step 2: -4603.129
Parameters optimization took 1 rounds (0.020 sec)

BETTER TREE FOUND at iteration 1: -4603.129
Iteration 10 / LogL: -4603.369 / Time: 0h:4m:16s
Iteration 20 / LogL: -4603.333 / Time: 0h:4m:16s
Finish initializing candidate tree set (1)
Current best tree score: -4603.129 / CPU time: 1.239
Number of iterations: 20
--------------------------------------------------------------------
|               OPTIMIZING CANDIDATE TREE SET                      |
--------------------------------------------------------------------
UPDATE BEST LOG-LIKELIHOOD: -4603.129
Iteration 30 / LogL: -4603.145 / Time: 0h:4m:16s (0h:0m:3s left)
Iteration 40 / LogL: -4603.184 / Time: 0h:4m:17s (0h:0m:3s left)
Iteration 50 / LogL: -4603.139 / Time: 0h:4m:17s (0h:0m:2s left)
Iteration 60 / LogL: -4603.801 / Time: 0h:4m:17s (0h:0m:1s left)
UPDATE BEST LOG-LIKELIHOOD: -4603.129
Iteration 70 / LogL: -4603.321 / Time: 0h:4m:17s (0h:0m:1s left)
Iteration 80 / LogL: -4603.148 / Time: 0h:4m:18s (0h:0m:0s left)
Iteration 90 / LogL: -4603.310 / Time: 0h:4m:18s (0h:0m:0s left)
Iteration 100 / LogL: -4603.164 / Time: 0h:4m:18s (0h:0m:0s left)
TREE SEARCH COMPLETED AFTER 102 ITERATIONS / Time: 0h:4m:18s

--------------------------------------------------------------------
|                    FINALIZING TREE SEARCH                        |
--------------------------------------------------------------------
Performs final model parameters optimization
Estimate model parameters (epsilon = 0.010)
Initial log-likelihood: -4603.129
Current log-likelihood at step 1: -4603.129
Partition-specific rates:  1.617 0.383
Parameters optimization took 0 rounds (0.007 sec)

Partition information was printed to partition_file.nex.best_model.nex
BEST SCORE FOUND : -4603.129
Total tree length: 7.336

Total number of iterations: 102
CPU time used for tree search: 3.851 sec (0h:0m:3s)
Wall-clock time used for tree search: 3.725 sec (0h:0m:3s)
Total CPU time used: 268.148 sec (0h:4m:28s)
Total wall-clock time used: 258.957 sec (0h:4m:18s)

===> START BOOTSTRAP REPLICATE NUMBER 69

Creating bootstrap alignment (seed: 57327)...

Create initial parsimony tree by phylogenetic likelihood library (PLL)... 0.001 seconds
Reading model parameters from file /Users/mful870/Desktop/MD_3di_Dev_02Oct24/Scriptorum/SubstitutionMatrix/3di_substmat
WARNING: Normalizing state frequencies so that sum of them equals to 1

NOTE: 1 MB RAM (0 GB) is required!
Estimate model parameters (epsilon = 0.100)
Initial log-likelihood: -4853.778
Current log-likelihood at step 1: -4713.346
Current log-likelihood at step 2: -4645.004
Current log-likelihood at step 3: -4642.312
Current log-likelihood at step 4: -4642.233
Partition-specific rates:  1.610 0.390
Parameters optimization took 3 rounds (0.071 sec)

Wrote distance file to... 
Computing ML distances based on estimated model parameters...
Calculating distance matrix: done in 2.98023e-05 secs using 87.24% CPU
Computing ML distances took 0.000070 sec (of wall-clock time) 0.000051 sec (of CPU time)
Setting up auxiliary I and S matrices: done in 3.00407e-05 secs using 79.89% CPU
Computing RapidNJ tree took 0.000117 sec (of wall-clock time) 0.000078 sec (of CPU time)
Log-likelihood of RapidNJ tree: -4980.231
--------------------------------------------------------------------
|             INITIALIZING CANDIDATE TREE SET                      |
--------------------------------------------------------------------
Generating 98 parsimony trees... 0.104 second
Computing log-likelihood of 98 initial trees ... 0.238 seconds
Current best score: -4640.475

Do NNI search on 20 best initial trees
Estimate model parameters (epsilon = 0.100)
Initial log-likelihood: -4628.358
Current log-likelihood at step 1: -4628.285
Parameters optimization took 0 rounds (0.011 sec)

BETTER TREE FOUND at iteration 1: -4628.285
Iteration 10 / LogL: -4628.351 / Time: 0h:4m:19s
Iteration 20 / LogL: -4628.340 / Time: 0h:4m:19s
Finish initializing candidate tree set (1)
Current best tree score: -4628.285 / CPU time: 0.914
Number of iterations: 20
--------------------------------------------------------------------
|               OPTIMIZING CANDIDATE TREE SET                      |
--------------------------------------------------------------------
Iteration 30 / LogL: -4628.306 / Time: 0h:4m:20s (0h:0m:3s left)
Iteration 40 / LogL: -4628.667 / Time: 0h:4m:20s (0h:0m:2s left)
Iteration 50 / LogL: -4628.470 / Time: 0h:4m:20s (0h:0m:2s left)
Iteration 60 / LogL: -4628.294 / Time: 0h:4m:21s (0h:0m:1s left)
UPDATE BEST LOG-LIKELIHOOD: -4628.281
Iteration 70 / LogL: -4628.281 / Time: 0h:4m:21s (0h:0m:1s left)
UPDATE BEST LOG-LIKELIHOOD: -4628.281
Iteration 80 / LogL: -4628.401 / Time: 0h:4m:21s (0h:0m:0s left)
Iteration 90 / LogL: -4628.683 / Time: 0h:4m:22s (0h:0m:0s left)
Iteration 100 / LogL: -4628.312 / Time: 0h:4m:22s (0h:0m:0s left)
UPDATE BEST LOG-LIKELIHOOD: -4628.281
TREE SEARCH COMPLETED AFTER 102 ITERATIONS / Time: 0h:4m:22s

--------------------------------------------------------------------
|                    FINALIZING TREE SEARCH                        |
--------------------------------------------------------------------
Performs final model parameters optimization
Estimate model parameters (epsilon = 0.010)
Initial log-likelihood: -4628.281
Current log-likelihood at step 1: -4628.281
Partition-specific rates:  1.608 0.392
Parameters optimization took 0 rounds (0.006 sec)

Partition information was printed to partition_file.nex.best_model.nex
BEST SCORE FOUND : -4628.281
Total tree length: 7.024

Total number of iterations: 102
CPU time used for tree search: 3.622 sec (0h:0m:3s)
Wall-clock time used for tree search: 3.485 sec (0h:0m:3s)
Total CPU time used: 271.899 sec (0h:4m:31s)
Total wall-clock time used: 262.564 sec (0h:4m:22s)

===> START BOOTSTRAP REPLICATE NUMBER 70

Creating bootstrap alignment (seed: 57328)...

Create initial parsimony tree by phylogenetic likelihood library (PLL)... 0.001 seconds
Reading model parameters from file /Users/mful870/Desktop/MD_3di_Dev_02Oct24/Scriptorum/SubstitutionMatrix/3di_substmat
WARNING: Normalizing state frequencies so that sum of them equals to 1

NOTE: 1 MB RAM (0 GB) is required!
Estimate model parameters (epsilon = 0.100)
Initial log-likelihood: -4711.346
Current log-likelihood at step 1: -4587.832
Current log-likelihood at step 2: -4536.998
Current log-likelihood at step 3: -4536.941
Partition-specific rates:  1.547 0.453
Parameters optimization took 2 rounds (0.046 sec)

Wrote distance file to... 
Computing ML distances based on estimated model parameters...
Calculating distance matrix: done in 3.09944e-05 secs using 87.11% CPU
Computing ML distances took 0.000084 sec (of wall-clock time) 0.000053 sec (of CPU time)
Setting up auxiliary I and S matrices: done in 2.81334e-05 secs using 81.75% CPU
Computing RapidNJ tree took 0.000121 sec (of wall-clock time) 0.000076 sec (of CPU time)
Log-likelihood of RapidNJ tree: -4848.140
--------------------------------------------------------------------
|             INITIALIZING CANDIDATE TREE SET                      |
--------------------------------------------------------------------
Generating 98 parsimony trees... 0.104 second
Computing log-likelihood of 94 initial trees ... 0.218 seconds
Current best score: -4531.553

Do NNI search on 20 best initial trees
Estimate model parameters (epsilon = 0.100)
Initial log-likelihood: -4526.915
Current log-likelihood at step 1: -4526.820
Parameters optimization took 0 rounds (0.012 sec)

BETTER TREE FOUND at iteration 1: -4526.820
Iteration 10 / LogL: -4526.866 / Time: 0h:4m:23s
Iteration 20 / LogL: -4526.903 / Time: 0h:4m:23s
Finish initializing candidate tree set (1)
Current best tree score: -4526.820 / CPU time: 0.903
Number of iterations: 20
--------------------------------------------------------------------
|               OPTIMIZING CANDIDATE TREE SET                      |
--------------------------------------------------------------------
Iteration 30 / LogL: -4526.883 / Time: 0h:4m:23s (0h:0m:3s left)
Iteration 40 / LogL: -4526.875 / Time: 0h:4m:24s (0h:0m:2s left)
Iteration 50 / LogL: -4526.831 / Time: 0h:4m:24s (0h:0m:1s left)
Iteration 60 / LogL: -4526.848 / Time: 0h:4m:24s (0h:0m:1s left)
Iteration 70 / LogL: -4529.134 / Time: 0h:4m:24s (0h:0m:1s left)
Iteration 80 / LogL: -4526.839 / Time: 0h:4m:25s (0h:0m:0s left)
Iteration 90 / LogL: -4526.863 / Time: 0h:4m:25s (0h:0m:0s left)
Iteration 100 / LogL: -4527.141 / Time: 0h:4m:25s (0h:0m:0s left)
TREE SEARCH COMPLETED AFTER 102 ITERATIONS / Time: 0h:4m:25s

--------------------------------------------------------------------
|                    FINALIZING TREE SEARCH                        |
--------------------------------------------------------------------
Performs final model parameters optimization
Estimate model parameters (epsilon = 0.010)
Initial log-likelihood: -4526.820
Current log-likelihood at step 1: -4526.813
Partition-specific rates:  1.560 0.440
Parameters optimization took 0 rounds (0.007 sec)

Partition information was printed to partition_file.nex.best_model.nex
BEST SCORE FOUND : -4526.813
Total tree length: 6.614

Total number of iterations: 102
CPU time used for tree search: 3.306 sec (0h:0m:3s)
Wall-clock time used for tree search: 3.174 sec (0h:0m:3s)
Total CPU time used: 275.299 sec (0h:4m:35s)
Total wall-clock time used: 265.833 sec (0h:4m:25s)

===> START BOOTSTRAP REPLICATE NUMBER 71

Creating bootstrap alignment (seed: 57329)...

Create initial parsimony tree by phylogenetic likelihood library (PLL)... 0.001 seconds
Reading model parameters from file /Users/mful870/Desktop/MD_3di_Dev_02Oct24/Scriptorum/SubstitutionMatrix/3di_substmat
WARNING: Normalizing state frequencies so that sum of them equals to 1

NOTE: 1 MB RAM (0 GB) is required!
Estimate model parameters (epsilon = 0.100)
Initial log-likelihood: -4638.849
Current log-likelihood at step 1: -4526.546
Current log-likelihood at step 2: -4424.895
Current log-likelihood at step 3: -4413.946
Current log-likelihood at step 4: -4413.816
Current log-likelihood at step 5: -4413.811
Partition-specific rates:  1.609 0.391
Parameters optimization took 4 rounds (0.072 sec)

Wrote distance file to... 
Computing ML distances based on estimated model parameters...
Calculating distance matrix: done in 3.19481e-05 secs using 81.38% CPU
Computing ML distances took 0.000087 sec (of wall-clock time) 0.000055 sec (of CPU time)
Setting up auxiliary I and S matrices: done in 2.81334e-05 secs using 74.64% CPU
Computing RapidNJ tree took 0.000121 sec (of wall-clock time) 0.000076 sec (of CPU time)
Log-likelihood of RapidNJ tree: -4730.370
--------------------------------------------------------------------
|             INITIALIZING CANDIDATE TREE SET                      |
--------------------------------------------------------------------
Generating 98 parsimony trees... 0.084 second
Computing log-likelihood of 96 initial trees ... 0.229 seconds
Current best score: -4405.589

Do NNI search on 20 best initial trees
Estimate model parameters (epsilon = 0.100)
Initial log-likelihood: -4397.265
Current log-likelihood at step 1: -4397.188
Parameters optimization took 0 rounds (0.012 sec)

BETTER TREE FOUND at iteration 1: -4397.188
Estimate model parameters (epsilon = 0.100)
Initial log-likelihood: -4393.042
Current log-likelihood at step 1: -4392.316
Current log-likelihood at step 2: -4392.150
Current log-likelihood at step 3: -4392.134
Parameters optimization took 2 rounds (0.036 sec)

BETTER TREE FOUND at iteration 5: -4392.134
Iteration 10 / LogL: -4397.894 / Time: 0h:4m:26s
Iteration 20 / LogL: -4397.851 / Time: 0h:4m:26s
Finish initializing candidate tree set (2)
Current best tree score: -4392.134 / CPU time: 1.006
Number of iterations: 20
--------------------------------------------------------------------
|               OPTIMIZING CANDIDATE TREE SET                      |
--------------------------------------------------------------------
Iteration 30 / LogL: -4393.657 / Time: 0h:4m:27s (0h:0m:3s left)
Iteration 40 / LogL: -4392.155 / Time: 0h:4m:27s (0h:0m:2s left)
UPDATE BEST LOG-LIKELIHOOD: -4392.134
Iteration 50 / LogL: -4392.150 / Time: 0h:4m:27s (0h:0m:2s left)
UPDATE BEST LOG-LIKELIHOOD: -4392.134
Iteration 60 / LogL: -4399.180 / Time: 0h:4m:28s (0h:0m:1s left)
Iteration 70 / LogL: -4392.210 / Time: 0h:4m:28s (0h:0m:1s left)
Iteration 80 / LogL: -4392.935 / Time: 0h:4m:28s (0h:0m:0s left)
Iteration 90 / LogL: -4393.027 / Time: 0h:4m:29s (0h:0m:0s left)
Iteration 100 / LogL: -4397.760 / Time: 0h:4m:29s (0h:0m:0s left)
TREE SEARCH COMPLETED AFTER 106 ITERATIONS / Time: 0h:4m:29s

--------------------------------------------------------------------
|                    FINALIZING TREE SEARCH                        |
--------------------------------------------------------------------
Performs final model parameters optimization
Estimate model parameters (epsilon = 0.010)
Initial log-likelihood: -4392.134
Current log-likelihood at step 1: -4392.133
Partition-specific rates:  1.571 0.429
Parameters optimization took 0 rounds (0.010 sec)

Partition information was printed to partition_file.nex.best_model.nex
BEST SCORE FOUND : -4392.133
Total tree length: 6.147

Total number of iterations: 106
CPU time used for tree search: 3.999 sec (0h:0m:3s)
Wall-clock time used for tree search: 3.858 sec (0h:0m:3s)
Total CPU time used: 279.428 sec (0h:4m:39s)
Total wall-clock time used: 269.815 sec (0h:4m:29s)

===> START BOOTSTRAP REPLICATE NUMBER 72

Creating bootstrap alignment (seed: 57330)...

Create initial parsimony tree by phylogenetic likelihood library (PLL)... 0.001 seconds
Reading model parameters from file /Users/mful870/Desktop/MD_3di_Dev_02Oct24/Scriptorum/SubstitutionMatrix/3di_substmat
WARNING: Normalizing state frequencies so that sum of them equals to 1

NOTE: 1 MB RAM (0 GB) is required!
Estimate model parameters (epsilon = 0.100)
Initial log-likelihood: -4791.803
Current log-likelihood at step 1: -4647.658
Current log-likelihood at step 2: -4585.311
Current log-likelihood at step 3: -4585.166
Current log-likelihood at step 4: -4585.149
Partition-specific rates:  1.606 0.394
Parameters optimization took 3 rounds (0.058 sec)

Wrote distance file to... 
Computing ML distances based on estimated model parameters...
Calculating distance matrix: done in 3.19481e-05 secs using 84.51% CPU
Computing ML distances took 0.000090 sec (of wall-clock time) 0.000056 sec (of CPU time)
Setting up auxiliary I and S matrices: done in 3.60012e-05 secs using 77.78% CPU
Computing RapidNJ tree took 0.000166 sec (of wall-clock time) 0.000093 sec (of CPU time)
Log-likelihood of RapidNJ tree: -4964.009
--------------------------------------------------------------------
|             INITIALIZING CANDIDATE TREE SET                      |
--------------------------------------------------------------------
Generating 98 parsimony trees... 0.092 second
Computing log-likelihood of 92 initial trees ... 0.227 seconds
Current best score: -4585.149

Do NNI search on 20 best initial trees
Estimate model parameters (epsilon = 0.100)
Initial log-likelihood: -4575.987
Current log-likelihood at step 1: -4575.891
Parameters optimization took 0 rounds (0.008 sec)

BETTER TREE FOUND at iteration 1: -4575.891
Iteration 10 / LogL: -4575.956 / Time: 0h:4m:30s
Iteration 20 / LogL: -4575.895 / Time: 0h:4m:31s
Finish initializing candidate tree set (1)
Current best tree score: -4575.891 / CPU time: 1.208
Number of iterations: 20
--------------------------------------------------------------------
|               OPTIMIZING CANDIDATE TREE SET                      |
--------------------------------------------------------------------
UPDATE BEST LOG-LIKELIHOOD: -4575.885
Iteration 30 / LogL: -4576.066 / Time: 0h:4m:31s (0h:0m:4s left)
Iteration 40 / LogL: -4575.892 / Time: 0h:4m:31s (0h:0m:2s left)
Iteration 50 / LogL: -4575.995 / Time: 0h:4m:32s (0h:0m:2s left)
Iteration 60 / LogL: -4576.035 / Time: 0h:4m:32s (0h:0m:1s left)
Iteration 70 / LogL: -4575.934 / Time: 0h:4m:32s (0h:0m:1s left)
Iteration 80 / LogL: -4575.999 / Time: 0h:4m:33s (0h:0m:0s left)
Iteration 90 / LogL: -4575.913 / Time: 0h:4m:33s (0h:0m:0s left)
Iteration 100 / LogL: -4575.958 / Time: 0h:4m:33s (0h:0m:0s left)
TREE SEARCH COMPLETED AFTER 102 ITERATIONS / Time: 0h:4m:33s

--------------------------------------------------------------------
|                    FINALIZING TREE SEARCH                        |
--------------------------------------------------------------------
Performs final model parameters optimization
Estimate model parameters (epsilon = 0.010)
Initial log-likelihood: -4575.885
Current log-likelihood at step 1: -4575.883
Partition-specific rates:  1.615 0.385
Parameters optimization took 0 rounds (0.007 sec)

Partition information was printed to partition_file.nex.best_model.nex
BEST SCORE FOUND : -4575.883
Total tree length: 6.532

Total number of iterations: 102
CPU time used for tree search: 4.183 sec (0h:0m:4s)
Wall-clock time used for tree search: 4.035 sec (0h:0m:4s)
Total CPU time used: 283.721 sec (0h:4m:43s)
Total wall-clock time used: 273.957 sec (0h:4m:33s)

===> START BOOTSTRAP REPLICATE NUMBER 73

Creating bootstrap alignment (seed: 57331)...

Create initial parsimony tree by phylogenetic likelihood library (PLL)... 0.000 seconds
Reading model parameters from file /Users/mful870/Desktop/MD_3di_Dev_02Oct24/Scriptorum/SubstitutionMatrix/3di_substmat
WARNING: Normalizing state frequencies so that sum of them equals to 1

NOTE: 1 MB RAM (0 GB) is required!
Estimate model parameters (epsilon = 0.100)
Initial log-likelihood: -4510.253
Current log-likelihood at step 1: -4375.806
Current log-likelihood at step 2: -4302.899
Current log-likelihood at step 3: -4297.441
Current log-likelihood at step 4: -4297.275
Current log-likelihood at step 5: -4297.269
Partition-specific rates:  1.647 0.353
Parameters optimization took 4 rounds (0.084 sec)

Wrote distance file to... 
Computing ML distances based on estimated model parameters...
Calculating distance matrix: done in 2.98023e-05 secs using 87.24% CPU
Computing ML distances took 0.000083 sec (of wall-clock time) 0.000052 sec (of CPU time)
Setting up auxiliary I and S matrices: done in 3.31402e-05 secs using 81.47% CPU
Computing RapidNJ tree took 0.000146 sec (of wall-clock time) 0.000083 sec (of CPU time)
Log-likelihood of RapidNJ tree: -4633.161
--------------------------------------------------------------------
|             INITIALIZING CANDIDATE TREE SET                      |
--------------------------------------------------------------------
Generating 98 parsimony trees... 0.107 second
Computing log-likelihood of 94 initial trees ... 0.235 seconds
Current best score: -4297.269

Do NNI search on 20 best initial trees
Estimate model parameters (epsilon = 0.100)
Initial log-likelihood: -4289.006
Current log-likelihood at step 1: -4288.781
Current log-likelihood at step 2: -4288.777
Parameters optimization took 1 rounds (0.026 sec)

BETTER TREE FOUND at iteration 1: -4288.777
Iteration 10 / LogL: -4289.020 / Time: 0h:4m:34s
Iteration 20 / LogL: -4288.931 / Time: 0h:4m:34s
Finish initializing candidate tree set (1)
Current best tree score: -4288.777 / CPU time: 0.866
Number of iterations: 20
--------------------------------------------------------------------
|               OPTIMIZING CANDIDATE TREE SET                      |
--------------------------------------------------------------------
UPDATE BEST LOG-LIKELIHOOD: -4288.777
Iteration 30 / LogL: -4288.886 / Time: 0h:4m:35s (0h:0m:3s left)
Iteration 40 / LogL: -4288.895 / Time: 0h:4m:35s (0h:0m:2s left)
Iteration 50 / LogL: -4288.793 / Time: 0h:4m:35s (0h:0m:1s left)
Iteration 60 / LogL: -4289.502 / Time: 0h:4m:36s (0h:0m:1s left)
Iteration 70 / LogL: -4288.883 / Time: 0h:4m:36s (0h:0m:1s left)
Iteration 80 / LogL: -4288.911 / Time: 0h:4m:36s (0h:0m:0s left)
Iteration 90 / LogL: -4288.864 / Time: 0h:4m:37s (0h:0m:0s left)
Iteration 100 / LogL: -4288.864 / Time: 0h:4m:37s (0h:0m:0s left)
TREE SEARCH COMPLETED AFTER 102 ITERATIONS / Time: 0h:4m:37s

--------------------------------------------------------------------
|                    FINALIZING TREE SEARCH                        |
--------------------------------------------------------------------
Performs final model parameters optimization
Estimate model parameters (epsilon = 0.010)
Initial log-likelihood: -4288.777
Current log-likelihood at step 1: -4288.776
Partition-specific rates:  1.643 0.357
Parameters optimization took 0 rounds (0.007 sec)

Partition information was printed to partition_file.nex.best_model.nex
BEST SCORE FOUND : -4288.776
Total tree length: 7.192

Total number of iterations: 102
CPU time used for tree search: 3.458 sec (0h:0m:3s)
Wall-clock time used for tree search: 3.340 sec (0h:0m:3s)
Total CPU time used: 287.332 sec (0h:4m:47s)
Total wall-clock time used: 277.447 sec (0h:4m:37s)

===> START BOOTSTRAP REPLICATE NUMBER 74

Creating bootstrap alignment (seed: 57332)...

Create initial parsimony tree by phylogenetic likelihood library (PLL)... 0.000 seconds
Reading model parameters from file /Users/mful870/Desktop/MD_3di_Dev_02Oct24/Scriptorum/SubstitutionMatrix/3di_substmat
WARNING: Normalizing state frequencies so that sum of them equals to 1

NOTE: 1 MB RAM (0 GB) is required!
Estimate model parameters (epsilon = 0.100)
Initial log-likelihood: -4675.638
Current log-likelihood at step 1: -4568.442
Current log-likelihood at step 2: -4506.806
Current log-likelihood at step 3: -4506.035
Current log-likelihood at step 4: -4506.022
Partition-specific rates:  1.569 0.431
Parameters optimization took 3 rounds (0.065 sec)

Wrote distance file to... 
Computing ML distances based on estimated model parameters...
Calculating distance matrix: done in 2.90871e-05 secs using 85.95% CPU
Computing ML distances took 0.000081 sec (of wall-clock time) 0.000053 sec (of CPU time)
Setting up auxiliary I and S matrices: done in 3.50475e-05 secs using 79.89% CPU
Computing RapidNJ tree took 0.000194 sec (of wall-clock time) 0.000101 sec (of CPU time)
Log-likelihood of RapidNJ tree: -4921.981
--------------------------------------------------------------------
|             INITIALIZING CANDIDATE TREE SET                      |
--------------------------------------------------------------------
Generating 98 parsimony trees... 0.089 second
Computing log-likelihood of 98 initial trees ... 0.228 seconds
Current best score: -4506.022

Do NNI search on 20 best initial trees
Estimate model parameters (epsilon = 0.100)
Initial log-likelihood: -4506.022
Current log-likelihood at step 1: -4506.021
Parameters optimization took 0 rounds (0.007 sec)

BETTER TREE FOUND at iteration 1: -4506.021
Iteration 10 / LogL: -4507.990 / Time: 0h:4m:38s
Iteration 20 / LogL: -4506.156 / Time: 0h:4m:38s
Finish initializing candidate tree set (3)
Current best tree score: -4506.021 / CPU time: 0.885
Number of iterations: 20
--------------------------------------------------------------------
|               OPTIMIZING CANDIDATE TREE SET                      |
--------------------------------------------------------------------
Iteration 30 / LogL: -4506.192 / Time: 0h:4m:38s (0h:0m:3s left)
Iteration 40 / LogL: -4514.818 / Time: 0h:4m:39s (0h:0m:2s left)
Iteration 50 / LogL: -4506.149 / Time: 0h:4m:39s (0h:0m:2s left)
Iteration 60 / LogL: -4508.008 / Time: 0h:4m:39s (0h:0m:1s left)
Iteration 70 / LogL: -4506.159 / Time: 0h:4m:40s (0h:0m:1s left)
Iteration 80 / LogL: -4514.787 / Time: 0h:4m:40s (0h:0m:0s left)
UPDATE BEST LOG-LIKELIHOOD: -4506.021
Iteration 90 / LogL: -4508.389 / Time: 0h:4m:40s (0h:0m:0s left)
Iteration 100 / LogL: -4507.995 / Time: 0h:4m:41s (0h:0m:0s left)
TREE SEARCH COMPLETED AFTER 102 ITERATIONS / Time: 0h:4m:41s

--------------------------------------------------------------------
|                    FINALIZING TREE SEARCH                        |
--------------------------------------------------------------------
Performs final model parameters optimization
Estimate model parameters (epsilon = 0.010)
Initial log-likelihood: -4506.021
Current log-likelihood at step 1: -4506.021
Partition-specific rates:  1.569 0.431
Parameters optimization took 0 rounds (0.007 sec)

Partition information was printed to partition_file.nex.best_model.nex
BEST SCORE FOUND : -4506.021
Total tree length: 6.840

Total number of iterations: 102
CPU time used for tree search: 3.855 sec (0h:0m:3s)
Wall-clock time used for tree search: 3.750 sec (0h:0m:3s)
Total CPU time used: 291.388 sec (0h:4m:51s)
Total wall-clock time used: 281.353 sec (0h:4m:41s)

===> START BOOTSTRAP REPLICATE NUMBER 75

Creating bootstrap alignment (seed: 57333)...

Create initial parsimony tree by phylogenetic likelihood library (PLL)... 0.001 seconds
Reading model parameters from file /Users/mful870/Desktop/MD_3di_Dev_02Oct24/Scriptorum/SubstitutionMatrix/3di_substmat
WARNING: Normalizing state frequencies so that sum of them equals to 1

NOTE: 1 MB RAM (0 GB) is required!
Estimate model parameters (epsilon = 0.100)
Initial log-likelihood: -4715.758
Current log-likelihood at step 1: -4604.892
Current log-likelihood at step 2: -4535.971
Current log-likelihood at step 3: -4535.876
Partition-specific rates:  1.558 0.442
Parameters optimization took 2 rounds (0.051 sec)

Wrote distance file to... 
Computing ML distances based on estimated model parameters...
Calculating distance matrix: done in 3.60012e-05 secs using 86.11% CPU
Computing ML distances took 0.000098 sec (of wall-clock time) 0.000063 sec (of CPU time)
Setting up auxiliary I and S matrices: done in 3.40939e-05 secs using 79.19% CPU
Computing RapidNJ tree took 0.000143 sec (of wall-clock time) 0.000087 sec (of CPU time)
Log-likelihood of RapidNJ tree: -4874.347
--------------------------------------------------------------------
|             INITIALIZING CANDIDATE TREE SET                      |
--------------------------------------------------------------------
Generating 98 parsimony trees... 0.095 second
Computing log-likelihood of 97 initial trees ... 0.251 seconds
Current best score: -4535.876

Do NNI search on 20 best initial trees
Estimate model parameters (epsilon = 0.100)
Initial log-likelihood: -4535.559
Current log-likelihood at step 1: -4535.545
Parameters optimization took 0 rounds (0.012 sec)

BETTER TREE FOUND at iteration 1: -4535.545
Iteration 10 / LogL: -4535.555 / Time: 0h:4m:42s
Iteration 20 / LogL: -4535.840 / Time: 0h:4m:42s
Finish initializing candidate tree set (2)
Current best tree score: -4535.545 / CPU time: 0.928
Number of iterations: 20
--------------------------------------------------------------------
|               OPTIMIZING CANDIDATE TREE SET                      |
--------------------------------------------------------------------
UPDATE BEST LOG-LIKELIHOOD: -4535.545
Iteration 30 / LogL: -4535.554 / Time: 0h:4m:42s (0h:0m:3s left)
Iteration 40 / LogL: -4535.550 / Time: 0h:4m:43s (0h:0m:2s left)
Iteration 50 / LogL: -4535.774 / Time: 0h:4m:43s (0h:0m:2s left)
Iteration 60 / LogL: -4535.557 / Time: 0h:4m:43s (0h:0m:1s left)
Iteration 70 / LogL: -4535.559 / Time: 0h:4m:44s (0h:0m:1s left)
Iteration 80 / LogL: -4535.594 / Time: 0h:4m:44s (0h:0m:0s left)
Iteration 90 / LogL: -4535.632 / Time: 0h:4m:45s (0h:0m:0s left)
Iteration 100 / LogL: -4535.554 / Time: 0h:4m:45s (0h:0m:0s left)
TREE SEARCH COMPLETED AFTER 102 ITERATIONS / Time: 0h:4m:45s

--------------------------------------------------------------------
|                    FINALIZING TREE SEARCH                        |
--------------------------------------------------------------------
Performs final model parameters optimization
Estimate model parameters (epsilon = 0.010)
Initial log-likelihood: -4535.545
Current log-likelihood at step 1: -4535.544
Partition-specific rates:  1.561 0.439
Parameters optimization took 0 rounds (0.007 sec)

Partition information was printed to partition_file.nex.best_model.nex
BEST SCORE FOUND : -4535.544
Total tree length: 6.529

Total number of iterations: 102
CPU time used for tree search: 4.186 sec (0h:0m:4s)
Wall-clock time used for tree search: 4.063 sec (0h:0m:4s)
Total CPU time used: 295.681 sec (0h:4m:55s)
Total wall-clock time used: 285.516 sec (0h:4m:45s)

===> START BOOTSTRAP REPLICATE NUMBER 76

Creating bootstrap alignment (seed: 57334)...
WARNING: States(s) E rarely appear in partition tdi and may cause numerical problems

Create initial parsimony tree by phylogenetic likelihood library (PLL)... 0.001 seconds
Reading model parameters from file /Users/mful870/Desktop/MD_3di_Dev_02Oct24/Scriptorum/SubstitutionMatrix/3di_substmat
WARNING: Normalizing state frequencies so that sum of them equals to 1

NOTE: 1 MB RAM (0 GB) is required!
Estimate model parameters (epsilon = 0.100)
Initial log-likelihood: -4945.962
Current log-likelihood at step 1: -4809.645
Current log-likelihood at step 2: -4744.325
Current log-likelihood at step 3: -4742.203
Current log-likelihood at step 4: -4742.099
Current log-likelihood at step 5: -4742.095
Partition-specific rates:  1.648 0.352
Parameters optimization took 4 rounds (0.073 sec)

Wrote distance file to... 
Computing ML distances based on estimated model parameters...
Calculating distance matrix: done in 3.09944e-05 secs using 83.89% CPU
Computing ML distances took 0.000081 sec (of wall-clock time) 0.000052 sec (of CPU time)
Setting up auxiliary I and S matrices: done in 3.60012e-05 secs using 63.89% CPU
Computing RapidNJ tree took 0.000128 sec (of wall-clock time) 0.000077 sec (of CPU time)
Log-likelihood of RapidNJ tree: -5117.944
--------------------------------------------------------------------
|             INITIALIZING CANDIDATE TREE SET                      |
--------------------------------------------------------------------
Generating 98 parsimony trees... 0.093 second
Computing log-likelihood of 98 initial trees ... 0.245 seconds
Current best score: -4742.095

Do NNI search on 20 best initial trees
Estimate model parameters (epsilon = 0.100)
Initial log-likelihood: -4736.291
Current log-likelihood at step 1: -4736.257
Parameters optimization took 0 rounds (0.013 sec)

BETTER TREE FOUND at iteration 1: -4736.257
Iteration 10 / LogL: -4736.299 / Time: 0h:4m:46s
Iteration 20 / LogL: -4736.277 / Time: 0h:4m:46s
Finish initializing candidate tree set (1)
Current best tree score: -4736.257 / CPU time: 0.943
Number of iterations: 20
--------------------------------------------------------------------
|               OPTIMIZING CANDIDATE TREE SET                      |
--------------------------------------------------------------------
Iteration 30 / LogL: -4736.271 / Time: 0h:4m:46s (0h:0m:3s left)
Iteration 40 / LogL: -4736.272 / Time: 0h:4m:47s (0h:0m:2s left)
UPDATE BEST LOG-LIKELIHOOD: -4736.255
Iteration 50 / LogL: -4736.288 / Time: 0h:4m:47s (0h:0m:2s left)
UPDATE BEST LOG-LIKELIHOOD: -4736.255
Iteration 60 / LogL: -4736.269 / Time: 0h:4m:47s (0h:0m:1s left)
Iteration 70 / LogL: -4736.296 / Time: 0h:4m:48s (0h:0m:1s left)
Iteration 80 / LogL: -4736.425 / Time: 0h:4m:48s (0h:0m:0s left)
Iteration 90 / LogL: -4736.293 / Time: 0h:4m:48s (0h:0m:0s left)
Iteration 100 / LogL: -4736.591 / Time: 0h:4m:49s (0h:0m:0s left)
TREE SEARCH COMPLETED AFTER 102 ITERATIONS / Time: 0h:4m:49s

--------------------------------------------------------------------
|                    FINALIZING TREE SEARCH                        |
--------------------------------------------------------------------
Performs final model parameters optimization
Estimate model parameters (epsilon = 0.010)
Initial log-likelihood: -4736.255
Current log-likelihood at step 1: -4736.254
Partition-specific rates:  1.645 0.355
Parameters optimization took 0 rounds (0.008 sec)

Partition information was printed to partition_file.nex.best_model.nex
BEST SCORE FOUND : -4736.254
Total tree length: 7.066

Total number of iterations: 102
CPU time used for tree search: 3.824 sec (0h:0m:3s)
Wall-clock time used for tree search: 3.685 sec (0h:0m:3s)
Total CPU time used: 299.639 sec (0h:4m:59s)
Total wall-clock time used: 289.325 sec (0h:4m:49s)

===> START BOOTSTRAP REPLICATE NUMBER 77

Creating bootstrap alignment (seed: 57335)...

Create initial parsimony tree by phylogenetic likelihood library (PLL)... 0.013 seconds
Reading model parameters from file /Users/mful870/Desktop/MD_3di_Dev_02Oct24/Scriptorum/SubstitutionMatrix/3di_substmat
WARNING: Normalizing state frequencies so that sum of them equals to 1

NOTE: 1 MB RAM (0 GB) is required!
Estimate model parameters (epsilon = 0.100)
Initial log-likelihood: -5115.813
Current log-likelihood at step 1: -4985.142
Current log-likelihood at step 2: -4918.633
Current log-likelihood at step 3: -4918.627
Partition-specific rates:  1.536 0.464
Parameters optimization took 2 rounds (0.046 sec)

Wrote distance file to... 
Computing ML distances based on estimated model parameters...
Calculating distance matrix: done in 3.09944e-05 secs using 83.89% CPU
Computing ML distances took 0.000085 sec (of wall-clock time) 0.000054 sec (of CPU time)
Setting up auxiliary I and S matrices: done in 3.38554e-05 secs using 79.75% CPU
Computing RapidNJ tree took 0.000174 sec (of wall-clock time) 0.000094 sec (of CPU time)
Log-likelihood of RapidNJ tree: -5265.015
--------------------------------------------------------------------
|             INITIALIZING CANDIDATE TREE SET                      |
--------------------------------------------------------------------
Generating 98 parsimony trees... 0.094 second
Computing log-likelihood of 96 initial trees ... 0.240 seconds
Current best score: -4918.627

Do NNI search on 20 best initial trees
Estimate model parameters (epsilon = 0.100)
Initial log-likelihood: -4912.924
Current log-likelihood at step 1: -4912.740
Current log-likelihood at step 2: -4912.735
Parameters optimization took 1 rounds (0.023 sec)

BETTER TREE FOUND at iteration 1: -4912.735
Iteration 10 / LogL: -4913.445 / Time: 0h:4m:50s
Iteration 20 / LogL: -4912.914 / Time: 0h:4m:50s
Finish initializing candidate tree set (2)
Current best tree score: -4912.735 / CPU time: 0.933
Number of iterations: 20
--------------------------------------------------------------------
|               OPTIMIZING CANDIDATE TREE SET                      |
--------------------------------------------------------------------
UPDATE BEST LOG-LIKELIHOOD: -4912.734
Iteration 30 / LogL: -4912.806 / Time: 0h:4m:50s (0h:0m:3s left)
Iteration 40 / LogL: -4912.795 / Time: 0h:4m:51s (0h:0m:2s left)
Iteration 50 / LogL: -4912.828 / Time: 0h:4m:51s (0h:0m:2s left)
Iteration 60 / LogL: -4912.801 / Time: 0h:4m:51s (0h:0m:1s left)
Iteration 70 / LogL: -4914.253 / Time: 0h:4m:52s (0h:0m:1s left)
Iteration 80 / LogL: -4912.925 / Time: 0h:4m:52s (0h:0m:0s left)
UPDATE BEST LOG-LIKELIHOOD: -4912.734
Iteration 90 / LogL: -4914.294 / Time: 0h:4m:52s (0h:0m:0s left)
Iteration 100 / LogL: -4912.882 / Time: 0h:4m:53s (0h:0m:0s left)
TREE SEARCH COMPLETED AFTER 102 ITERATIONS / Time: 0h:4m:53s

--------------------------------------------------------------------
|                    FINALIZING TREE SEARCH                        |
--------------------------------------------------------------------
Performs final model parameters optimization
Estimate model parameters (epsilon = 0.010)
Initial log-likelihood: -4912.734
Current log-likelihood at step 1: -4912.734
Partition-specific rates:  1.536 0.464
Parameters optimization took 0 rounds (0.007 sec)

Partition information was printed to partition_file.nex.best_model.nex
BEST SCORE FOUND : -4912.734
Total tree length: 7.530

Total number of iterations: 102
CPU time used for tree search: 3.848 sec (0h:0m:3s)
Wall-clock time used for tree search: 3.719 sec (0h:0m:3s)
Total CPU time used: 303.599 sec (0h:5m:3s)
Total wall-clock time used: 293.222 sec (0h:4m:53s)

===> START BOOTSTRAP REPLICATE NUMBER 78

Creating bootstrap alignment (seed: 57336)...
WARNING: States(s) S rarely appear in partition tdi and may cause numerical problems

Create initial parsimony tree by phylogenetic likelihood library (PLL)... 0.001 seconds
Reading model parameters from file /Users/mful870/Desktop/MD_3di_Dev_02Oct24/Scriptorum/SubstitutionMatrix/3di_substmat
WARNING: Normalizing state frequencies so that sum of them equals to 1

NOTE: 1 MB RAM (0 GB) is required!
Estimate model parameters (epsilon = 0.100)
Initial log-likelihood: -4854.656
Current log-likelihood at step 1: -4746.639
Current log-likelihood at step 2: -4703.365
Current log-likelihood at step 3: -4703.325
Partition-specific rates:  1.524 0.476
Parameters optimization took 2 rounds (0.047 sec)

Wrote distance file to... 
Computing ML distances based on estimated model parameters...
Calculating distance matrix: done in 3.09944e-05 secs using 87.11% CPU
Computing ML distances took 0.000086 sec (of wall-clock time) 0.000055 sec (of CPU time)
Setting up auxiliary I and S matrices: done in 3.79086e-05 secs using 84.41% CPU
Computing RapidNJ tree took 0.000131 sec (of wall-clock time) 0.000086 sec (of CPU time)
Log-likelihood of RapidNJ tree: -5022.123
--------------------------------------------------------------------
|             INITIALIZING CANDIDATE TREE SET                      |
--------------------------------------------------------------------
Generating 98 parsimony trees... 0.087 second
Computing log-likelihood of 96 initial trees ... 0.224 seconds
Current best score: -4695.681

Do NNI search on 20 best initial trees
Estimate model parameters (epsilon = 0.100)
Initial log-likelihood: -4688.228
Current log-likelihood at step 1: -4687.484
Current log-likelihood at step 2: -4687.433
Parameters optimization took 1 rounds (0.026 sec)

BETTER TREE FOUND at iteration 1: -4687.433
Iteration 10 / LogL: -4687.822 / Time: 0h:4m:53s
Iteration 20 / LogL: -4687.772 / Time: 0h:4m:54s
Finish initializing candidate tree set (1)
Current best tree score: -4687.433 / CPU time: 0.996
Number of iterations: 20
--------------------------------------------------------------------
|               OPTIMIZING CANDIDATE TREE SET                      |
--------------------------------------------------------------------
Iteration 30 / LogL: -4687.917 / Time: 0h:4m:54s (0h:0m:3s left)
Iteration 40 / LogL: -4687.464 / Time: 0h:4m:54s (0h:0m:2s left)
Iteration 50 / LogL: -4687.453 / Time: 0h:4m:55s (0h:0m:2s left)
Iteration 60 / LogL: -4687.478 / Time: 0h:4m:55s (0h:0m:1s left)
UPDATE BEST LOG-LIKELIHOOD: -4687.432
Iteration 70 / LogL: -4687.506 / Time: 0h:4m:55s (0h:0m:1s left)
Iteration 80 / LogL: -4687.456 / Time: 0h:4m:56s (0h:0m:0s left)
Iteration 90 / LogL: -4687.458 / Time: 0h:4m:56s (0h:0m:0s left)
Iteration 100 / LogL: -4687.469 / Time: 0h:4m:57s (0h:0m:0s left)
TREE SEARCH COMPLETED AFTER 102 ITERATIONS / Time: 0h:4m:57s

--------------------------------------------------------------------
|                    FINALIZING TREE SEARCH                        |
--------------------------------------------------------------------
Performs final model parameters optimization
Estimate model parameters (epsilon = 0.010)
Initial log-likelihood: -4687.432
Current log-likelihood at step 1: -4687.429
Partition-specific rates:  1.503 0.497
Parameters optimization took 0 rounds (0.007 sec)

Partition information was printed to partition_file.nex.best_model.nex
BEST SCORE FOUND : -4687.429
Total tree length: 6.474

Total number of iterations: 102
CPU time used for tree search: 3.928 sec (0h:0m:3s)
Wall-clock time used for tree search: 3.812 sec (0h:0m:3s)
Total CPU time used: 307.641 sec (0h:5m:7s)
Total wall-clock time used: 297.136 sec (0h:4m:57s)

===> START BOOTSTRAP REPLICATE NUMBER 79

Creating bootstrap alignment (seed: 57337)...
WARNING: States(s) S rarely appear in partition tdi and may cause numerical problems

Create initial parsimony tree by phylogenetic likelihood library (PLL)... 0.000 seconds
Reading model parameters from file /Users/mful870/Desktop/MD_3di_Dev_02Oct24/Scriptorum/SubstitutionMatrix/3di_substmat
WARNING: Normalizing state frequencies so that sum of them equals to 1

NOTE: 1 MB RAM (0 GB) is required!
Estimate model parameters (epsilon = 0.100)
Initial log-likelihood: -4570.913
Current log-likelihood at step 1: -4463.075
Current log-likelihood at step 2: -4399.270
Current log-likelihood at step 3: -4399.230
Partition-specific rates:  1.571 0.429
Parameters optimization took 2 rounds (0.043 sec)

Wrote distance file to... 
Computing ML distances based on estimated model parameters...
Calculating distance matrix: done in 3.00407e-05 secs using 86.55% CPU
Computing ML distances took 0.000080 sec (of wall-clock time) 0.000052 sec (of CPU time)
Setting up auxiliary I and S matrices: done in 2.90871e-05 secs using 75.63% CPU
Computing RapidNJ tree took 0.000123 sec (of wall-clock time) 0.000077 sec (of CPU time)
Log-likelihood of RapidNJ tree: -4757.620
--------------------------------------------------------------------
|             INITIALIZING CANDIDATE TREE SET                      |
--------------------------------------------------------------------
Generating 98 parsimony trees... 0.084 second
Computing log-likelihood of 96 initial trees ... 0.212 seconds
Current best score: -4399.230

Do NNI search on 20 best initial trees
Estimate model parameters (epsilon = 0.100)
Initial log-likelihood: -4399.230
Current log-likelihood at step 1: -4399.226
Parameters optimization took 0 rounds (0.007 sec)

BETTER TREE FOUND at iteration 1: -4399.226
Estimate model parameters (epsilon = 0.100)
Initial log-likelihood: -4399.022
Current log-likelihood at step 1: -4398.993
Parameters optimization took 0 rounds (0.007 sec)

UPDATE BEST LOG-LIKELIHOOD: -4398.993
Iteration 10 / LogL: -4399.017 / Time: 0h:4m:57s
Iteration 20 / LogL: -4399.023 / Time: 0h:4m:57s
Finish initializing candidate tree set (2)
Current best tree score: -4398.993 / CPU time: 0.773
Number of iterations: 20
--------------------------------------------------------------------
|               OPTIMIZING CANDIDATE TREE SET                      |
--------------------------------------------------------------------
Iteration 30 / LogL: -4399.017 / Time: 0h:4m:58s (0h:0m:2s left)
Iteration 40 / LogL: -4399.477 / Time: 0h:4m:58s (0h:0m:2s left)
UPDATE BEST LOG-LIKELIHOOD: -4398.993
Iteration 50 / LogL: -4398.993 / Time: 0h:4m:58s (0h:0m:1s left)
Iteration 60 / LogL: -4399.023 / Time: 0h:4m:59s (0h:0m:1s left)
Iteration 70 / LogL: -4399.289 / Time: 0h:4m:59s (0h:0m:1s left)
Iteration 80 / LogL: -4398.997 / Time: 0h:4m:59s (0h:0m:0s left)
Iteration 90 / LogL: -4399.259 / Time: 0h:5m:0s (0h:0m:0s left)
Iteration 100 / LogL: -4399.012 / Time: 0h:5m:0s (0h:0m:0s left)
TREE SEARCH COMPLETED AFTER 102 ITERATIONS / Time: 0h:5m:0s

--------------------------------------------------------------------
|                    FINALIZING TREE SEARCH                        |
--------------------------------------------------------------------
Performs final model parameters optimization
Estimate model parameters (epsilon = 0.010)
Initial log-likelihood: -4398.993
Current log-likelihood at step 1: -4398.991
Partition-specific rates:  1.567 0.433
Parameters optimization took 0 rounds (0.009 sec)

Partition information was printed to partition_file.nex.best_model.nex
BEST SCORE FOUND : -4398.991
Total tree length: 6.285

Total number of iterations: 102
CPU time used for tree search: 3.441 sec (0h:0m:3s)
Wall-clock time used for tree search: 3.310 sec (0h:0m:3s)
Total CPU time used: 311.201 sec (0h:5m:11s)
Total wall-clock time used: 300.552 sec (0h:5m:0s)

===> START BOOTSTRAP REPLICATE NUMBER 80

Creating bootstrap alignment (seed: 57338)...

Create initial parsimony tree by phylogenetic likelihood library (PLL)... 0.000 seconds
Reading model parameters from file /Users/mful870/Desktop/MD_3di_Dev_02Oct24/Scriptorum/SubstitutionMatrix/3di_substmat
WARNING: Normalizing state frequencies so that sum of them equals to 1

NOTE: 1 MB RAM (0 GB) is required!
Estimate model parameters (epsilon = 0.100)
Initial log-likelihood: -4769.989
Current log-likelihood at step 1: -4655.673
Current log-likelihood at step 2: -4595.170
Current log-likelihood at step 3: -4595.010
Current log-likelihood at step 4: -4594.992
Partition-specific rates:  1.561 0.439
Parameters optimization took 3 rounds (0.066 sec)

Wrote distance file to... 
Computing ML distances based on estimated model parameters...
Calculating distance matrix: done in 3.00407e-05 secs using 83.22% CPU
Computing ML distances took 0.000080 sec (of wall-clock time) 0.000053 sec (of CPU time)
Setting up auxiliary I and S matrices: done in 3.91006e-05 secs using 76.73% CPU
Computing RapidNJ tree took 0.000215 sec (of wall-clock time) 0.000102 sec (of CPU time)
Log-likelihood of RapidNJ tree: -4955.662
--------------------------------------------------------------------
|             INITIALIZING CANDIDATE TREE SET                      |
--------------------------------------------------------------------
Generating 98 parsimony trees... 0.087 second
Computing log-likelihood of 93 initial trees ... 0.237 seconds
Current best score: -4594.992

Do NNI search on 20 best initial trees
Estimate model parameters (epsilon = 0.100)
Initial log-likelihood: -4593.217
Current log-likelihood at step 1: -4593.189
Parameters optimization took 0 rounds (0.008 sec)

BETTER TREE FOUND at iteration 1: -4593.189
Iteration 10 / LogL: -4593.196 / Time: 0h:5m:1s
Iteration 20 / LogL: -4593.273 / Time: 0h:5m:1s
Finish initializing candidate tree set (1)
Current best tree score: -4593.189 / CPU time: 0.811
Number of iterations: 20
--------------------------------------------------------------------
|               OPTIMIZING CANDIDATE TREE SET                      |
--------------------------------------------------------------------
Iteration 30 / LogL: -4593.281 / Time: 0h:5m:1s (0h:0m:2s left)
UPDATE BEST LOG-LIKELIHOOD: -4593.188
Iteration 40 / LogL: -4593.188 / Time: 0h:5m:2s (0h:0m:2s left)
Iteration 50 / LogL: -4593.223 / Time: 0h:5m:2s (0h:0m:1s left)
UPDATE BEST LOG-LIKELIHOOD: -4593.188
Iteration 60 / LogL: -4593.343 / Time: 0h:5m:2s (0h:0m:1s left)
Iteration 70 / LogL: -4593.189 / Time: 0h:5m:2s (0h:0m:1s left)
Iteration 80 / LogL: -4593.195 / Time: 0h:5m:3s (0h:0m:0s left)
Iteration 90 / LogL: -4593.190 / Time: 0h:5m:3s (0h:0m:0s left)
Iteration 100 / LogL: -4593.273 / Time: 0h:5m:3s (0h:0m:0s left)
TREE SEARCH COMPLETED AFTER 102 ITERATIONS / Time: 0h:5m:3s

--------------------------------------------------------------------
|                    FINALIZING TREE SEARCH                        |
--------------------------------------------------------------------
Performs final model parameters optimization
Estimate model parameters (epsilon = 0.010)
Initial log-likelihood: -4593.188
Current log-likelihood at step 1: -4593.186
Partition-specific rates:  1.558 0.442
Parameters optimization took 0 rounds (0.008 sec)

Partition information was printed to partition_file.nex.best_model.nex
BEST SCORE FOUND : -4593.186
Total tree length: 6.614

Total number of iterations: 102
CPU time used for tree search: 3.300 sec (0h:0m:3s)
Wall-clock time used for tree search: 3.164 sec (0h:0m:3s)
Total CPU time used: 314.636 sec (0h:5m:14s)
Total wall-clock time used: 303.837 sec (0h:5m:3s)

===> START BOOTSTRAP REPLICATE NUMBER 81

Creating bootstrap alignment (seed: 57339)...

Create initial parsimony tree by phylogenetic likelihood library (PLL)... 0.001 seconds
Reading model parameters from file /Users/mful870/Desktop/MD_3di_Dev_02Oct24/Scriptorum/SubstitutionMatrix/3di_substmat
WARNING: Normalizing state frequencies so that sum of them equals to 1

NOTE: 1 MB RAM (0 GB) is required!
Estimate model parameters (epsilon = 0.100)
Initial log-likelihood: -4562.204
Current log-likelihood at step 1: -4440.182
Current log-likelihood at step 2: -4369.579
Current log-likelihood at step 3: -4363.877
Current log-likelihood at step 4: -4363.771
Current log-likelihood at step 5: -4363.768
Partition-specific rates:  1.585 0.415
Parameters optimization took 4 rounds (0.069 sec)

Wrote distance file to... 
Computing ML distances based on estimated model parameters...
Calculating distance matrix: done in 2.98023e-05 secs using 83.89% CPU
Computing ML distances took 0.000087 sec (of wall-clock time) 0.000053 sec (of CPU time)
Setting up auxiliary I and S matrices: done in 2.69413e-05 secs using 77.95% CPU
Computing RapidNJ tree took 0.000119 sec (of wall-clock time) 0.000076 sec (of CPU time)
Log-likelihood of RapidNJ tree: -4749.089
--------------------------------------------------------------------
|             INITIALIZING CANDIDATE TREE SET                      |
--------------------------------------------------------------------
Generating 98 parsimony trees... 0.093 second
Computing log-likelihood of 92 initial trees ... 0.203 seconds
Current best score: -4363.768

Do NNI search on 20 best initial trees
Estimate model parameters (epsilon = 0.100)
Initial log-likelihood: -4355.515
Current log-likelihood at step 1: -4355.365
Current log-likelihood at step 2: -4355.360
Parameters optimization took 1 rounds (0.021 sec)

BETTER TREE FOUND at iteration 1: -4355.360
Iteration 10 / LogL: -4355.403 / Time: 0h:5m:4s
Iteration 20 / LogL: -4355.399 / Time: 0h:5m:4s
Finish initializing candidate tree set (1)
Current best tree score: -4355.360 / CPU time: 0.874
Number of iterations: 20
--------------------------------------------------------------------
|               OPTIMIZING CANDIDATE TREE SET                      |
--------------------------------------------------------------------
Iteration 30 / LogL: -4355.376 / Time: 0h:5m:5s (0h:0m:3s left)
UPDATE BEST LOG-LIKELIHOOD: -4355.360
Iteration 40 / LogL: -4355.378 / Time: 0h:5m:5s (0h:0m:2s left)
Iteration 50 / LogL: -4356.603 / Time: 0h:5m:5s (0h:0m:1s left)
Iteration 60 / LogL: -4355.377 / Time: 0h:5m:6s (0h:0m:1s left)
Iteration 70 / LogL: -4358.547 / Time: 0h:5m:6s (0h:0m:1s left)
Iteration 80 / LogL: -4355.395 / Time: 0h:5m:6s (0h:0m:0s left)
UPDATE BEST LOG-LIKELIHOOD: -4355.359
Iteration 90 / LogL: -4355.458 / Time: 0h:5m:6s (0h:0m:0s left)
UPDATE BEST LOG-LIKELIHOOD: -4355.359
Iteration 100 / LogL: -4355.381 / Time: 0h:5m:7s (0h:0m:0s left)
TREE SEARCH COMPLETED AFTER 102 ITERATIONS / Time: 0h:5m:7s

--------------------------------------------------------------------
|                    FINALIZING TREE SEARCH                        |
--------------------------------------------------------------------
Performs final model parameters optimization
Estimate model parameters (epsilon = 0.010)
Initial log-likelihood: -4355.359
Current log-likelihood at step 1: -4355.359
Partition-specific rates:  1.592 0.408
Parameters optimization took 0 rounds (0.007 sec)

Partition information was printed to partition_file.nex.best_model.nex
BEST SCORE FOUND : -4355.359
Total tree length: 7.339

Total number of iterations: 102
CPU time used for tree search: 3.496 sec (0h:0m:3s)
Wall-clock time used for tree search: 3.372 sec (0h:0m:3s)
Total CPU time used: 318.266 sec (0h:5m:18s)
Total wall-clock time used: 307.332 sec (0h:5m:7s)

===> START BOOTSTRAP REPLICATE NUMBER 82

Creating bootstrap alignment (seed: 57340)...
WARNING: States(s) S rarely appear in partition tdi and may cause numerical problems

Create initial parsimony tree by phylogenetic likelihood library (PLL)... 0.001 seconds
Reading model parameters from file /Users/mful870/Desktop/MD_3di_Dev_02Oct24/Scriptorum/SubstitutionMatrix/3di_substmat
WARNING: Normalizing state frequencies so that sum of them equals to 1

NOTE: 1 MB RAM (0 GB) is required!
Estimate model parameters (epsilon = 0.100)
Initial log-likelihood: -4478.753
Current log-likelihood at step 1: -4376.393
Current log-likelihood at step 2: -4324.450
Current log-likelihood at step 3: -4324.239
Current log-likelihood at step 4: -4324.232
Partition-specific rates:  1.546 0.454
Parameters optimization took 3 rounds (0.061 sec)

Wrote distance file to... 
Computing ML distances based on estimated model parameters...
Calculating distance matrix: done in 2.98023e-05 secs using 87.24% CPU
Computing ML distances took 0.000082 sec (of wall-clock time) 0.000053 sec (of CPU time)
Setting up auxiliary I and S matrices: done in 3.60012e-05 secs using 77.78% CPU
Computing RapidNJ tree took 0.000160 sec (of wall-clock time) 0.000091 sec (of CPU time)
Log-likelihood of RapidNJ tree: -4656.087
--------------------------------------------------------------------
|             INITIALIZING CANDIDATE TREE SET                      |
--------------------------------------------------------------------
Generating 98 parsimony trees... 0.085 second
Computing log-likelihood of 94 initial trees ... 0.225 seconds
Current best score: -4324.232

Do NNI search on 20 best initial trees
Estimate model parameters (epsilon = 0.100)
Initial log-likelihood: -4322.293
Current log-likelihood at step 1: -4322.229
Parameters optimization took 0 rounds (0.007 sec)

BETTER TREE FOUND at iteration 1: -4322.229
Iteration 10 / LogL: -4322.420 / Time: 0h:5m:7s
Iteration 20 / LogL: -4322.250 / Time: 0h:5m:8s
Finish initializing candidate tree set (1)
Current best tree score: -4322.229 / CPU time: 0.859
Number of iterations: 20
--------------------------------------------------------------------
|               OPTIMIZING CANDIDATE TREE SET                      |
--------------------------------------------------------------------
UPDATE BEST LOG-LIKELIHOOD: -4322.228
Iteration 30 / LogL: -4322.360 / Time: 0h:5m:8s (0h:0m:2s left)
Iteration 40 / LogL: -4322.272 / Time: 0h:5m:8s (0h:0m:2s left)
Iteration 50 / LogL: -4322.270 / Time: 0h:5m:9s (0h:0m:1s left)
Iteration 60 / LogL: -4322.416 / Time: 0h:5m:9s (0h:0m:1s left)
Iteration 70 / LogL: -4322.367 / Time: 0h:5m:9s (0h:0m:1s left)
Iteration 80 / LogL: -4322.269 / Time: 0h:5m:10s (0h:0m:0s left)
UPDATE BEST LOG-LIKELIHOOD: -4322.228
Iteration 90 / LogL: -4322.485 / Time: 0h:5m:10s (0h:0m:0s left)
Iteration 100 / LogL: -4322.272 / Time: 0h:5m:10s (0h:0m:0s left)
TREE SEARCH COMPLETED AFTER 102 ITERATIONS / Time: 0h:5m:10s

--------------------------------------------------------------------
|                    FINALIZING TREE SEARCH                        |
--------------------------------------------------------------------
Performs final model parameters optimization
Estimate model parameters (epsilon = 0.010)
Initial log-likelihood: -4322.228
Current log-likelihood at step 1: -4322.223
Partition-specific rates:  1.557 0.443
Parameters optimization took 0 rounds (0.007 sec)

Partition information was printed to partition_file.nex.best_model.nex
BEST SCORE FOUND : -4322.223
Total tree length: 6.289

Total number of iterations: 102
CPU time used for tree search: 3.422 sec (0h:0m:3s)
Wall-clock time used for tree search: 3.272 sec (0h:0m:3s)
Total CPU time used: 321.794 sec (0h:5m:21s)
Total wall-clock time used: 310.724 sec (0h:5m:10s)

===> START BOOTSTRAP REPLICATE NUMBER 83

Creating bootstrap alignment (seed: 57341)...

Create initial parsimony tree by phylogenetic likelihood library (PLL)... 0.000 seconds
Reading model parameters from file /Users/mful870/Desktop/MD_3di_Dev_02Oct24/Scriptorum/SubstitutionMatrix/3di_substmat
WARNING: Normalizing state frequencies so that sum of them equals to 1

NOTE: 1 MB RAM (0 GB) is required!
Estimate model parameters (epsilon = 0.100)
Initial log-likelihood: -4659.658
Current log-likelihood at step 1: -4530.018
Current log-likelihood at step 2: -4457.984
Current log-likelihood at step 3: -4451.991
Current log-likelihood at step 4: -4451.819
Current log-likelihood at step 5: -4451.811
Partition-specific rates:  1.627 0.373
Parameters optimization took 4 rounds (0.080 sec)

Wrote distance file to... 
Computing ML distances based on estimated model parameters...
Calculating distance matrix: done in 3.19481e-05 secs using 84.51% CPU
Computing ML distances took 0.000092 sec (of wall-clock time) 0.000055 sec (of CPU time)
Setting up auxiliary I and S matrices: done in 2.90871e-05 secs using 75.63% CPU
Computing RapidNJ tree took 0.000127 sec (of wall-clock time) 0.000074 sec (of CPU time)
Log-likelihood of RapidNJ tree: -4810.508
--------------------------------------------------------------------
|             INITIALIZING CANDIDATE TREE SET                      |
--------------------------------------------------------------------
Generating 98 parsimony trees... 0.080 second
Computing log-likelihood of 97 initial trees ... 0.222 seconds
Current best score: -4451.811

Do NNI search on 20 best initial trees
Estimate model parameters (epsilon = 0.100)
Initial log-likelihood: -4451.811
Current log-likelihood at step 1: -4451.811
Parameters optimization took 0 rounds (0.007 sec)

BETTER TREE FOUND at iteration 1: -4451.811
Estimate model parameters (epsilon = 0.100)
Initial log-likelihood: -4451.520
Current log-likelihood at step 1: -4451.253
Current log-likelihood at step 2: -4451.252
Parameters optimization took 1 rounds (0.021 sec)

BETTER TREE FOUND at iteration 2: -4451.252
Iteration 10 / LogL: -4451.369 / Time: 0h:5m:11s
Iteration 20 / LogL: -4451.640 / Time: 0h:5m:11s
Finish initializing candidate tree set (2)
Current best tree score: -4451.252 / CPU time: 0.823
Number of iterations: 20
--------------------------------------------------------------------
|               OPTIMIZING CANDIDATE TREE SET                      |
--------------------------------------------------------------------
Iteration 30 / LogL: -4451.355 / Time: 0h:5m:12s (0h:0m:3s left)
Iteration 40 / LogL: -4451.895 / Time: 0h:5m:12s (0h:0m:2s left)
Iteration 50 / LogL: -4451.442 / Time: 0h:5m:12s (0h:0m:2s left)
UPDATE BEST LOG-LIKELIHOOD: -4451.252
UPDATE BEST LOG-LIKELIHOOD: -4451.252
Iteration 60 / LogL: -4451.454 / Time: 0h:5m:12s (0h:0m:1s left)
Iteration 70 / LogL: -4451.329 / Time: 0h:5m:13s (0h:0m:1s left)
Iteration 80 / LogL: -4451.419 / Time: 0h:5m:13s (0h:0m:0s left)
Iteration 90 / LogL: -4451.824 / Time: 0h:5m:14s (0h:0m:0s left)
UPDATE BEST LOG-LIKELIHOOD: -4451.252
Iteration 100 / LogL: -4451.369 / Time: 0h:5m:14s (0h:0m:0s left)
TREE SEARCH COMPLETED AFTER 103 ITERATIONS / Time: 0h:5m:14s

--------------------------------------------------------------------
|                    FINALIZING TREE SEARCH                        |
--------------------------------------------------------------------
Performs final model parameters optimization
Estimate model parameters (epsilon = 0.010)
Initial log-likelihood: -4451.252
Current log-likelihood at step 1: -4451.252
Partition-specific rates:  1.630 0.370
Parameters optimization took 0 rounds (0.007 sec)

Partition information was printed to partition_file.nex.best_model.nex
BEST SCORE FOUND : -4451.252
Total tree length: 7.676

Total number of iterations: 103
CPU time used for tree search: 3.676 sec (0h:0m:3s)
Wall-clock time used for tree search: 3.563 sec (0h:0m:3s)
Total CPU time used: 325.650 sec (0h:5m:25s)
Total wall-clock time used: 314.442 sec (0h:5m:14s)

===> START BOOTSTRAP REPLICATE NUMBER 84

Creating bootstrap alignment (seed: 57342)...

Create initial parsimony tree by phylogenetic likelihood library (PLL)... 0.001 seconds
Reading model parameters from file /Users/mful870/Desktop/MD_3di_Dev_02Oct24/Scriptorum/SubstitutionMatrix/3di_substmat
WARNING: Normalizing state frequencies so that sum of them equals to 1

NOTE: 1 MB RAM (0 GB) is required!
Estimate model parameters (epsilon = 0.100)
Initial log-likelihood: -5013.311
Current log-likelihood at step 1: -4908.270
Current log-likelihood at step 2: -4828.269
Current log-likelihood at step 3: -4825.365
Current log-likelihood at step 4: -4825.295
Partition-specific rates:  1.595 0.405
Parameters optimization took 3 rounds (0.063 sec)

Wrote distance file to... 
Computing ML distances based on estimated model parameters...
Calculating distance matrix: done in 2.98023e-05 secs using 87.24% CPU
Computing ML distances took 0.000085 sec (of wall-clock time) 0.000052 sec (of CPU time)
Setting up auxiliary I and S matrices: done in 3.60012e-05 secs using 77.78% CPU
Computing RapidNJ tree took 0.000153 sec (of wall-clock time) 0.000091 sec (of CPU time)
Log-likelihood of RapidNJ tree: -5237.659
--------------------------------------------------------------------
|             INITIALIZING CANDIDATE TREE SET                      |
--------------------------------------------------------------------
Generating 98 parsimony trees... 0.112 second
Computing log-likelihood of 93 initial trees ... 0.227 seconds
Current best score: -4814.289

Do NNI search on 20 best initial trees
Estimate model parameters (epsilon = 0.100)
Initial log-likelihood: -4804.577
Current log-likelihood at step 1: -4804.486
Parameters optimization took 0 rounds (0.015 sec)

BETTER TREE FOUND at iteration 1: -4804.486
Estimate model parameters (epsilon = 0.100)
Initial log-likelihood: -4804.381
Current log-likelihood at step 1: -4804.295
Parameters optimization took 0 rounds (0.009 sec)

UPDATE BEST LOG-LIKELIHOOD: -4804.295
Iteration 10 / LogL: -4804.525 / Time: 0h:5m:15s
Iteration 20 / LogL: -4804.333 / Time: 0h:5m:15s
Finish initializing candidate tree set (3)
Current best tree score: -4804.295 / CPU time: 1.019
Number of iterations: 20
--------------------------------------------------------------------
|               OPTIMIZING CANDIDATE TREE SET                      |
--------------------------------------------------------------------
Iteration 30 / LogL: -4804.298 / Time: 0h:5m:15s (0h:0m:3s left)
Iteration 40 / LogL: -4804.715 / Time: 0h:5m:16s (0h:0m:2s left)
Iteration 50 / LogL: -4805.245 / Time: 0h:5m:16s (0h:0m:2s left)
Estimate model parameters (epsilon = 0.100)
Initial log-likelihood: -4804.283
Current log-likelihood at step 1: -4804.276
Parameters optimization took 0 rounds (0.007 sec)

UPDATE BEST LOG-LIKELIHOOD: -4804.276
Iteration 60 / LogL: -4804.276 / Time: 0h:5m:16s (0h:0m:1s left)
Iteration 70 / LogL: -4804.460 / Time: 0h:5m:17s (0h:0m:1s left)
Iteration 80 / LogL: -4804.562 / Time: 0h:5m:17s (0h:0m:0s left)
Iteration 90 / LogL: -4804.549 / Time: 0h:5m:17s (0h:0m:0s left)
Iteration 100 / LogL: -4805.148 / Time: 0h:5m:18s (0h:0m:0s left)
TREE SEARCH COMPLETED AFTER 102 ITERATIONS / Time: 0h:5m:18s

--------------------------------------------------------------------
|                    FINALIZING TREE SEARCH                        |
--------------------------------------------------------------------
Performs final model parameters optimization
Estimate model parameters (epsilon = 0.010)
Initial log-likelihood: -4804.276
Current log-likelihood at step 1: -4804.274
Partition-specific rates:  1.595 0.405
Parameters optimization took 0 rounds (0.007 sec)

Partition information was printed to partition_file.nex.best_model.nex
BEST SCORE FOUND : -4804.274
Total tree length: 7.289

Total number of iterations: 102
CPU time used for tree search: 3.917 sec (0h:0m:3s)
Wall-clock time used for tree search: 3.791 sec (0h:0m:3s)
Total CPU time used: 329.702 sec (0h:5m:29s)
Total wall-clock time used: 318.353 sec (0h:5m:18s)

===> START BOOTSTRAP REPLICATE NUMBER 85

Creating bootstrap alignment (seed: 57343)...
WARNING: States(s) S rarely appear in partition tdi and may cause numerical problems

Create initial parsimony tree by phylogenetic likelihood library (PLL)... 0.001 seconds
Reading model parameters from file /Users/mful870/Desktop/MD_3di_Dev_02Oct24/Scriptorum/SubstitutionMatrix/3di_substmat
WARNING: Normalizing state frequencies so that sum of them equals to 1

NOTE: 1 MB RAM (0 GB) is required!
Estimate model parameters (epsilon = 0.100)
Initial log-likelihood: -4822.908
Current log-likelihood at step 1: -4705.289
Current log-likelihood at step 2: -4620.993
Current log-likelihood at step 3: -4617.630
Current log-likelihood at step 4: -4617.536
Partition-specific rates:  1.606 0.394
Parameters optimization took 3 rounds (0.066 sec)

Wrote distance file to... 
Computing ML distances based on estimated model parameters...
Calculating distance matrix: done in 4.41074e-05 secs using 83.89% CPU
Computing ML distances took 0.000127 sec (of wall-clock time) 0.000079 sec (of CPU time)
Setting up auxiliary I and S matrices: done in 3.50475e-05 secs using 79.89% CPU
Computing RapidNJ tree took 0.000160 sec (of wall-clock time) 0.000092 sec (of CPU time)
Log-likelihood of RapidNJ tree: -4936.663
--------------------------------------------------------------------
|             INITIALIZING CANDIDATE TREE SET                      |
--------------------------------------------------------------------
Generating 98 parsimony trees... 0.102 second
Computing log-likelihood of 94 initial trees ... 0.233 seconds
Current best score: -4609.843

Do NNI search on 20 best initial trees
Estimate model parameters (epsilon = 0.100)
Initial log-likelihood: -4598.674
Current log-likelihood at step 1: -4598.557
Current log-likelihood at step 2: -4598.552
Parameters optimization took 1 rounds (0.020 sec)

BETTER TREE FOUND at iteration 1: -4598.552
Iteration 10 / LogL: -4600.449 / Time: 0h:5m:19s
Iteration 20 / LogL: -4598.589 / Time: 0h:5m:19s
Finish initializing candidate tree set (2)
Current best tree score: -4598.552 / CPU time: 1.167
Number of iterations: 20
--------------------------------------------------------------------
|               OPTIMIZING CANDIDATE TREE SET                      |
--------------------------------------------------------------------
Iteration 30 / LogL: -4600.331 / Time: 0h:5m:19s (0h:0m:3s left)
Iteration 40 / LogL: -4598.975 / Time: 0h:5m:20s (0h:0m:2s left)
Iteration 50 / LogL: -4598.578 / Time: 0h:5m:20s (0h:0m:2s left)
Iteration 60 / LogL: -4601.332 / Time: 0h:5m:21s (0h:0m:1s left)
Iteration 70 / LogL: -4598.815 / Time: 0h:5m:21s (0h:0m:1s left)
Iteration 80 / LogL: -4598.582 / Time: 0h:5m:21s (0h:0m:0s left)
Iteration 90 / LogL: -4598.582 / Time: 0h:5m:22s (0h:0m:0s left)
Iteration 100 / LogL: -4621.531 / Time: 0h:5m:22s (0h:0m:0s left)
TREE SEARCH COMPLETED AFTER 102 ITERATIONS / Time: 0h:5m:22s

--------------------------------------------------------------------
|                    FINALIZING TREE SEARCH                        |
--------------------------------------------------------------------
Performs final model parameters optimization
Estimate model parameters (epsilon = 0.010)
Initial log-likelihood: -4598.552
Current log-likelihood at step 1: -4598.552
Partition-specific rates:  1.600 0.400
Parameters optimization took 0 rounds (0.007 sec)

Partition information was printed to partition_file.nex.best_model.nex
BEST SCORE FOUND : -4598.552
Total tree length: 6.956

Total number of iterations: 102
CPU time used for tree search: 4.190 sec (0h:0m:4s)
Wall-clock time used for tree search: 4.061 sec (0h:0m:4s)
Total CPU time used: 334.017 sec (0h:5m:34s)
Total wall-clock time used: 322.532 sec (0h:5m:22s)

===> START BOOTSTRAP REPLICATE NUMBER 86

Creating bootstrap alignment (seed: 57344)...

Create initial parsimony tree by phylogenetic likelihood library (PLL)... 0.000 seconds
Reading model parameters from file /Users/mful870/Desktop/MD_3di_Dev_02Oct24/Scriptorum/SubstitutionMatrix/3di_substmat
WARNING: Normalizing state frequencies so that sum of them equals to 1

NOTE: 1 MB RAM (0 GB) is required!
Estimate model parameters (epsilon = 0.100)
Initial log-likelihood: -4697.502
Current log-likelihood at step 1: -4555.498
Current log-likelihood at step 2: -4487.467
Current log-likelihood at step 3: -4480.069
Current log-likelihood at step 4: -4479.937
Current log-likelihood at step 5: -4479.934
Partition-specific rates:  1.657 0.343
Parameters optimization took 4 rounds (0.074 sec)

Wrote distance file to... 
Computing ML distances based on estimated model parameters...
Calculating distance matrix: done in 3.00407e-05 secs using 86.55% CPU
Computing ML distances took 0.000086 sec (of wall-clock time) 0.000053 sec (of CPU time)
Setting up auxiliary I and S matrices: done in 3.19481e-05 secs using 78.25% CPU
Computing RapidNJ tree took 0.000127 sec (of wall-clock time) 0.000079 sec (of CPU time)
Log-likelihood of RapidNJ tree: -4887.082
--------------------------------------------------------------------
|             INITIALIZING CANDIDATE TREE SET                      |
--------------------------------------------------------------------
Generating 98 parsimony trees... 0.086 second
Computing log-likelihood of 94 initial trees ... 0.226 seconds
Current best score: -4479.934

Do NNI search on 20 best initial trees
Estimate model parameters (epsilon = 0.100)
Initial log-likelihood: -4474.526
Current log-likelihood at step 1: -4474.407
Current log-likelihood at step 2: -4474.393
Parameters optimization took 1 rounds (0.020 sec)

BETTER TREE FOUND at iteration 1: -4474.393
Iteration 10 / LogL: -4474.485 / Time: 0h:5m:23s
Iteration 20 / LogL: -4474.599 / Time: 0h:5m:23s
Finish initializing candidate tree set (1)
Current best tree score: -4474.393 / CPU time: 0.879
Number of iterations: 20
--------------------------------------------------------------------
|               OPTIMIZING CANDIDATE TREE SET                      |
--------------------------------------------------------------------
UPDATE BEST LOG-LIKELIHOOD: -4474.392
Iteration 30 / LogL: -4474.454 / Time: 0h:5m:23s (0h:0m:3s left)
UPDATE BEST LOG-LIKELIHOOD: -4474.392
Iteration 40 / LogL: -4474.491 / Time: 0h:5m:24s (0h:0m:2s left)
UPDATE BEST LOG-LIKELIHOOD: -4474.392
UPDATE BEST LOG-LIKELIHOOD: -4474.392
Iteration 50 / LogL: -4478.120 / Time: 0h:5m:24s (0h:0m:1s left)
Iteration 60 / LogL: -4474.523 / Time: 0h:5m:24s (0h:0m:1s left)
Iteration 70 / LogL: -4474.563 / Time: 0h:5m:25s (0h:0m:1s left)
Iteration 80 / LogL: -4474.567 / Time: 0h:5m:25s (0h:0m:0s left)
UPDATE BEST LOG-LIKELIHOOD: -4474.392
Iteration 90 / LogL: -4474.392 / Time: 0h:5m:25s (0h:0m:0s left)
Iteration 100 / LogL: -4474.481 / Time: 0h:5m:26s (0h:0m:0s left)
TREE SEARCH COMPLETED AFTER 102 ITERATIONS / Time: 0h:5m:26s

--------------------------------------------------------------------
|                    FINALIZING TREE SEARCH                        |
--------------------------------------------------------------------
Performs final model parameters optimization
Estimate model parameters (epsilon = 0.010)
Initial log-likelihood: -4474.392
Current log-likelihood at step 1: -4474.392
Partition-specific rates:  1.653 0.347
Parameters optimization took 0 rounds (0.007 sec)

Partition information was printed to partition_file.nex.best_model.nex
BEST SCORE FOUND : -4474.392
Total tree length: 7.501

Total number of iterations: 102
CPU time used for tree search: 3.596 sec (0h:0m:3s)
Wall-clock time used for tree search: 3.492 sec (0h:0m:3s)
Total CPU time used: 337.755 sec (0h:5m:37s)
Total wall-clock time used: 326.152 sec (0h:5m:26s)

===> START BOOTSTRAP REPLICATE NUMBER 87

Creating bootstrap alignment (seed: 57345)...
WARNING: States(s) S rarely appear in partition tdi and may cause numerical problems

Create initial parsimony tree by phylogenetic likelihood library (PLL)... 0.000 seconds
Reading model parameters from file /Users/mful870/Desktop/MD_3di_Dev_02Oct24/Scriptorum/SubstitutionMatrix/3di_substmat
WARNING: Normalizing state frequencies so that sum of them equals to 1

NOTE: 1 MB RAM (0 GB) is required!
Estimate model parameters (epsilon = 0.100)
Initial log-likelihood: -4667.178
Current log-likelihood at step 1: -4552.752
Current log-likelihood at step 2: -4479.925
Current log-likelihood at step 3: -4477.530
Current log-likelihood at step 4: -4477.372
Current log-likelihood at step 5: -4477.364
Partition-specific rates:  1.616 0.384
Parameters optimization took 4 rounds (0.074 sec)

Wrote distance file to... 
Computing ML distances based on estimated model parameters...
Calculating distance matrix: done in 3.00407e-05 secs using 83.22% CPU
Computing ML distances took 0.000075 sec (of wall-clock time) 0.000053 sec (of CPU time)
Setting up auxiliary I and S matrices: done in 4.69685e-05 secs using 68.13% CPU
Computing RapidNJ tree took 0.000143 sec (of wall-clock time) 0.000088 sec (of CPU time)
Log-likelihood of RapidNJ tree: -4821.292
--------------------------------------------------------------------
|             INITIALIZING CANDIDATE TREE SET                      |
--------------------------------------------------------------------
Generating 98 parsimony trees... 0.086 second
Computing log-likelihood of 96 initial trees ... 0.226 seconds
Current best score: -4477.364

Do NNI search on 20 best initial trees
Estimate model parameters (epsilon = 0.100)
Initial log-likelihood: -4475.137
Current log-likelihood at step 1: -4475.043
Parameters optimization took 0 rounds (0.008 sec)

BETTER TREE FOUND at iteration 1: -4475.043
UPDATE BEST LOG-LIKELIHOOD: -4475.040
Iteration 10 / LogL: -4475.098 / Time: 0h:5m:26s
Iteration 20 / LogL: -4475.110 / Time: 0h:5m:27s
Finish initializing candidate tree set (2)
Current best tree score: -4475.040 / CPU time: 0.840
Number of iterations: 20
--------------------------------------------------------------------
|               OPTIMIZING CANDIDATE TREE SET                      |
--------------------------------------------------------------------
Iteration 30 / LogL: -4475.476 / Time: 0h:5m:27s (0h:0m:3s left)
UPDATE BEST LOG-LIKELIHOOD: -4475.032
Iteration 40 / LogL: -4475.234 / Time: 0h:5m:27s (0h:0m:2s left)
Iteration 50 / LogL: -4475.353 / Time: 0h:5m:28s (0h:0m:1s left)
Iteration 60 / LogL: -4475.356 / Time: 0h:5m:28s (0h:0m:1s left)
Iteration 70 / LogL: -4475.358 / Time: 0h:5m:28s (0h:0m:1s left)
Iteration 80 / LogL: -4475.138 / Time: 0h:5m:29s (0h:0m:0s left)
Iteration 90 / LogL: -4475.140 / Time: 0h:5m:29s (0h:0m:0s left)
Iteration 100 / LogL: -4475.157 / Time: 0h:5m:29s (0h:0m:0s left)
TREE SEARCH COMPLETED AFTER 102 ITERATIONS / Time: 0h:5m:29s

--------------------------------------------------------------------
|                    FINALIZING TREE SEARCH                        |
--------------------------------------------------------------------
Performs final model parameters optimization
Estimate model parameters (epsilon = 0.010)
Initial log-likelihood: -4475.032
Current log-likelihood at step 1: -4475.028
Partition-specific rates:  1.609 0.391
Parameters optimization took 0 rounds (0.012 sec)

Partition information was printed to partition_file.nex.best_model.nex
BEST SCORE FOUND : -4475.028
Total tree length: 7.055

Total number of iterations: 102
CPU time used for tree search: 3.756 sec (0h:0m:3s)
Wall-clock time used for tree search: 3.612 sec (0h:0m:3s)
Total CPU time used: 341.643 sec (0h:5m:41s)
Total wall-clock time used: 329.895 sec (0h:5m:29s)

===> START BOOTSTRAP REPLICATE NUMBER 88

Creating bootstrap alignment (seed: 57346)...

Create initial parsimony tree by phylogenetic likelihood library (PLL)... 0.001 seconds
Reading model parameters from file /Users/mful870/Desktop/MD_3di_Dev_02Oct24/Scriptorum/SubstitutionMatrix/3di_substmat
WARNING: Normalizing state frequencies so that sum of them equals to 1

NOTE: 1 MB RAM (0 GB) is required!
Estimate model parameters (epsilon = 0.100)
Initial log-likelihood: -4590.629
Current log-likelihood at step 1: -4480.328
Current log-likelihood at step 2: -4409.724
Current log-likelihood at step 3: -4407.347
Current log-likelihood at step 4: -4407.320
Partition-specific rates:  1.542 0.458
Parameters optimization took 3 rounds (0.064 sec)

Wrote distance file to... 
Computing ML distances based on estimated model parameters...
Calculating distance matrix: done in 3.29018e-05 secs using 85.1% CPU
Computing ML distances took 0.000075 sec (of wall-clock time) 0.000056 sec (of CPU time)
Setting up auxiliary I and S matrices: done in 3.00407e-05 secs using 76.56% CPU
Computing RapidNJ tree took 0.000121 sec (of wall-clock time) 0.000080 sec (of CPU time)
Log-likelihood of RapidNJ tree: -4691.537
--------------------------------------------------------------------
|             INITIALIZING CANDIDATE TREE SET                      |
--------------------------------------------------------------------
Generating 98 parsimony trees... 0.096 second
Computing log-likelihood of 93 initial trees ... 0.210 seconds
Current best score: -4402.524

Do NNI search on 20 best initial trees
Estimate model parameters (epsilon = 0.100)
Initial log-likelihood: -4383.080
Current log-likelihood at step 1: -4382.819
Current log-likelihood at step 2: -4382.813
Parameters optimization took 1 rounds (0.025 sec)

BETTER TREE FOUND at iteration 1: -4382.813
Iteration 10 / LogL: -4403.964 / Time: 0h:5m:30s
Iteration 20 / LogL: -4382.915 / Time: 0h:5m:31s
Finish initializing candidate tree set (2)
Current best tree score: -4382.813 / CPU time: 1.055
Number of iterations: 20
--------------------------------------------------------------------
|               OPTIMIZING CANDIDATE TREE SET                      |
--------------------------------------------------------------------
UPDATE BEST LOG-LIKELIHOOD: -4382.813
Iteration 30 / LogL: -4382.919 / Time: 0h:5m:31s (0h:0m:3s left)
Iteration 40 / LogL: -4382.813 / Time: 0h:5m:31s (0h:0m:2s left)
Iteration 50 / LogL: -4382.822 / Time: 0h:5m:32s (0h:0m:2s left)
Iteration 60 / LogL: -4382.965 / Time: 0h:5m:32s (0h:0m:1s left)
Iteration 70 / LogL: -4383.060 / Time: 0h:5m:32s (0h:0m:1s left)
Iteration 80 / LogL: -4382.918 / Time: 0h:5m:33s (0h:0m:0s left)
Iteration 90 / LogL: -4383.004 / Time: 0h:5m:33s (0h:0m:0s left)
Iteration 100 / LogL: -4383.119 / Time: 0h:5m:33s (0h:0m:0s left)
TREE SEARCH COMPLETED AFTER 102 ITERATIONS / Time: 0h:5m:33s

--------------------------------------------------------------------
|                    FINALIZING TREE SEARCH                        |
--------------------------------------------------------------------
Performs final model parameters optimization
Estimate model parameters (epsilon = 0.010)
Initial log-likelihood: -4382.813
Current log-likelihood at step 1: -4382.813
Partition-specific rates:  1.531 0.469
Parameters optimization took 0 rounds (0.007 sec)

Partition information was printed to partition_file.nex.best_model.nex
BEST SCORE FOUND : -4382.813
Total tree length: 6.719

Total number of iterations: 102
CPU time used for tree search: 3.824 sec (0h:0m:3s)
Wall-clock time used for tree search: 3.685 sec (0h:0m:3s)
Total CPU time used: 345.586 sec (0h:5m:45s)
Total wall-clock time used: 333.694 sec (0h:5m:33s)

===> START BOOTSTRAP REPLICATE NUMBER 89

Creating bootstrap alignment (seed: 57347)...

Create initial parsimony tree by phylogenetic likelihood library (PLL)... 0.001 seconds
Reading model parameters from file /Users/mful870/Desktop/MD_3di_Dev_02Oct24/Scriptorum/SubstitutionMatrix/3di_substmat
WARNING: Normalizing state frequencies so that sum of them equals to 1

NOTE: 1 MB RAM (0 GB) is required!
Estimate model parameters (epsilon = 0.100)
Initial log-likelihood: -4847.108
Current log-likelihood at step 1: -4701.144
Current log-likelihood at step 2: -4641.505
Current log-likelihood at step 3: -4635.249
Current log-likelihood at step 4: -4635.179
Partition-specific rates:  1.626 0.374
Parameters optimization took 3 rounds (0.075 sec)

Wrote distance file to... 
Computing ML distances based on estimated model parameters...
Calculating distance matrix: done in 3.09944e-05 secs using 83.89% CPU
Computing ML distances took 0.000077 sec (of wall-clock time) 0.000055 sec (of CPU time)
Setting up auxiliary I and S matrices: done in 3.79086e-05 secs using 81.78% CPU
Computing RapidNJ tree took 0.000125 sec (of wall-clock time) 0.000086 sec (of CPU time)
Log-likelihood of RapidNJ tree: -4962.581
--------------------------------------------------------------------
|             INITIALIZING CANDIDATE TREE SET                      |
--------------------------------------------------------------------
Generating 98 parsimony trees... 0.108 second
Computing log-likelihood of 89 initial trees ... 0.287 seconds
Current best score: -4635.179

Do NNI search on 20 best initial trees
Estimate model parameters (epsilon = 0.100)
Initial log-likelihood: -4632.419
Current log-likelihood at step 1: -4632.317
Current log-likelihood at step 2: -4632.306
Parameters optimization took 1 rounds (0.023 sec)

BETTER TREE FOUND at iteration 1: -4632.306
Iteration 10 / LogL: -4632.385 / Time: 0h:5m:34s
Iteration 20 / LogL: -4632.348 / Time: 0h:5m:34s
Finish initializing candidate tree set (1)
Current best tree score: -4632.306 / CPU time: 1.076
Number of iterations: 20
--------------------------------------------------------------------
|               OPTIMIZING CANDIDATE TREE SET                      |
--------------------------------------------------------------------
Iteration 30 / LogL: -4633.560 / Time: 0h:5m:35s (0h:0m:3s left)
UPDATE BEST LOG-LIKELIHOOD: -4632.304
Iteration 40 / LogL: -4632.328 / Time: 0h:5m:35s (0h:0m:2s left)
Iteration 50 / LogL: -4632.774 / Time: 0h:5m:35s (0h:0m:2s left)
Iteration 60 / LogL: -4633.769 / Time: 0h:5m:36s (0h:0m:1s left)
Iteration 70 / LogL: -4632.309 / Time: 0h:5m:36s (0h:0m:1s left)
Iteration 80 / LogL: -4632.348 / Time: 0h:5m:36s (0h:0m:0s left)
Iteration 90 / LogL: -4632.424 / Time: 0h:5m:37s (0h:0m:0s left)
Iteration 100 / LogL: -4632.408 / Time: 0h:5m:37s (0h:0m:0s left)
TREE SEARCH COMPLETED AFTER 102 ITERATIONS / Time: 0h:5m:37s

--------------------------------------------------------------------
|                    FINALIZING TREE SEARCH                        |
--------------------------------------------------------------------
Performs final model parameters optimization
Estimate model parameters (epsilon = 0.010)
Initial log-likelihood: -4632.304
Current log-likelihood at step 1: -4632.304
Partition-specific rates:  1.627 0.373
Parameters optimization took 0 rounds (0.007 sec)

Partition information was printed to partition_file.nex.best_model.nex
BEST SCORE FOUND : -4632.304
Total tree length: 7.553

Total number of iterations: 102
CPU time used for tree search: 3.908 sec (0h:0m:3s)
Wall-clock time used for tree search: 3.770 sec (0h:0m:3s)
Total CPU time used: 349.622 sec (0h:5m:49s)
Total wall-clock time used: 337.590 sec (0h:5m:37s)

===> START BOOTSTRAP REPLICATE NUMBER 90

Creating bootstrap alignment (seed: 57348)...

Create initial parsimony tree by phylogenetic likelihood library (PLL)... 0.000 seconds
Reading model parameters from file /Users/mful870/Desktop/MD_3di_Dev_02Oct24/Scriptorum/SubstitutionMatrix/3di_substmat
WARNING: Normalizing state frequencies so that sum of them equals to 1

NOTE: 1 MB RAM (0 GB) is required!
Estimate model parameters (epsilon = 0.100)
Initial log-likelihood: -4692.189
Current log-likelihood at step 1: -4577.361
Current log-likelihood at step 2: -4519.167
Current log-likelihood at step 3: -4518.847
Current log-likelihood at step 4: -4518.808
Partition-specific rates:  1.600 0.400
Parameters optimization took 3 rounds (0.082 sec)

Wrote distance file to... 
Computing ML distances based on estimated model parameters...
Calculating distance matrix: done in 4.69685e-05 secs using 83.03% CPU
Computing ML distances took 0.000107 sec (of wall-clock time) 0.000077 sec (of CPU time)
Setting up auxiliary I and S matrices: done in 3.38554e-05 secs using 79.75% CPU
Computing RapidNJ tree took 0.000143 sec (of wall-clock time) 0.000085 sec (of CPU time)
Log-likelihood of RapidNJ tree: -4822.423
--------------------------------------------------------------------
|             INITIALIZING CANDIDATE TREE SET                      |
--------------------------------------------------------------------
Generating 98 parsimony trees... 0.103 second
Computing log-likelihood of 96 initial trees ... 0.222 seconds
Current best score: -4515.430

Do NNI search on 20 best initial trees
Estimate model parameters (epsilon = 0.100)
Initial log-likelihood: -4506.052
Current log-likelihood at step 1: -4505.836
Current log-likelihood at step 2: -4505.817
Parameters optimization took 1 rounds (0.022 sec)

BETTER TREE FOUND at iteration 1: -4505.817
Iteration 10 / LogL: -4506.018 / Time: 0h:5m:38s
Iteration 20 / LogL: -4505.903 / Time: 0h:5m:38s
Finish initializing candidate tree set (1)
Current best tree score: -4505.817 / CPU time: 0.783
Number of iterations: 20
--------------------------------------------------------------------
|               OPTIMIZING CANDIDATE TREE SET                      |
--------------------------------------------------------------------
UPDATE BEST LOG-LIKELIHOOD: -4505.817
UPDATE BEST LOG-LIKELIHOOD: -4505.817
Iteration 30 / LogL: -4505.909 / Time: 0h:5m:38s (0h:0m:2s left)
UPDATE BEST LOG-LIKELIHOOD: -4505.817
Iteration 40 / LogL: -4505.942 / Time: 0h:5m:39s (0h:0m:2s left)
Iteration 50 / LogL: -4506.263 / Time: 0h:5m:39s (0h:0m:1s left)
Iteration 60 / LogL: -4505.912 / Time: 0h:5m:39s (0h:0m:1s left)
Iteration 70 / LogL: -4505.973 / Time: 0h:5m:39s (0h:0m:1s left)
UPDATE BEST LOG-LIKELIHOOD: -4505.817
Iteration 80 / LogL: -4505.817 / Time: 0h:5m:40s (0h:0m:0s left)
Iteration 90 / LogL: -4506.133 / Time: 0h:5m:40s (0h:0m:0s left)
Iteration 100 / LogL: -4505.852 / Time: 0h:5m:40s (0h:0m:0s left)
TREE SEARCH COMPLETED AFTER 102 ITERATIONS / Time: 0h:5m:40s

--------------------------------------------------------------------
|                    FINALIZING TREE SEARCH                        |
--------------------------------------------------------------------
Performs final model parameters optimization
Estimate model parameters (epsilon = 0.010)
Initial log-likelihood: -4505.817
Current log-likelihood at step 1: -4505.816
Partition-specific rates:  1.588 0.412
Parameters optimization took 0 rounds (0.007 sec)

Partition information was printed to partition_file.nex.best_model.nex
BEST SCORE FOUND : -4505.816
Total tree length: 6.522

Total number of iterations: 102
CPU time used for tree search: 3.267 sec (0h:0m:3s)
Wall-clock time used for tree search: 3.159 sec (0h:0m:3s)
Total CPU time used: 353.050 sec (0h:5m:53s)
Total wall-clock time used: 340.895 sec (0h:5m:40s)

===> START BOOTSTRAP REPLICATE NUMBER 91

Creating bootstrap alignment (seed: 57349)...
WARNING: States(s) S rarely appear in partition tdi and may cause numerical problems

Create initial parsimony tree by phylogenetic likelihood library (PLL)... 0.000 seconds
Reading model parameters from file /Users/mful870/Desktop/MD_3di_Dev_02Oct24/Scriptorum/SubstitutionMatrix/3di_substmat
WARNING: Normalizing state frequencies so that sum of them equals to 1

NOTE: 1 MB RAM (0 GB) is required!
Estimate model parameters (epsilon = 0.100)
Initial log-likelihood: -4719.300
Current log-likelihood at step 1: -4591.211
Current log-likelihood at step 2: -4536.344
Current log-likelihood at step 3: -4534.809
Current log-likelihood at step 4: -4534.658
Current log-likelihood at step 5: -4534.647
Partition-specific rates:  1.630 0.370
Parameters optimization took 4 rounds (0.069 sec)

Wrote distance file to... 
Computing ML distances based on estimated model parameters...
Calculating distance matrix: done in 3.40939e-05 secs using 85.06% CPU
Computing ML distances took 0.000078 sec (of wall-clock time) 0.000058 sec (of CPU time)
Setting up auxiliary I and S matrices: done in 2.7895e-05 secs using 86.04% CPU
Computing RapidNJ tree took 0.000113 sec (of wall-clock time) 0.000068 sec (of CPU time)
Log-likelihood of RapidNJ tree: -4862.205
--------------------------------------------------------------------
|             INITIALIZING CANDIDATE TREE SET                      |
--------------------------------------------------------------------
Generating 98 parsimony trees... 0.080 second
Computing log-likelihood of 97 initial trees ... 0.227 seconds
Current best score: -4534.647

Do NNI search on 20 best initial trees
Estimate model parameters (epsilon = 0.100)
Initial log-likelihood: -4528.868
Current log-likelihood at step 1: -4528.843
Parameters optimization took 0 rounds (0.007 sec)

BETTER TREE FOUND at iteration 1: -4528.843
Iteration 10 / LogL: -4528.861 / Time: 0h:5m:41s
Iteration 20 / LogL: -4528.860 / Time: 0h:5m:42s
Finish initializing candidate tree set (1)
Current best tree score: -4528.843 / CPU time: 1.075
Number of iterations: 20
--------------------------------------------------------------------
|               OPTIMIZING CANDIDATE TREE SET                      |
--------------------------------------------------------------------
Iteration 30 / LogL: -4529.164 / Time: 0h:5m:42s (0h:0m:3s left)
Iteration 40 / LogL: -4528.855 / Time: 0h:5m:42s (0h:0m:2s left)
UPDATE BEST LOG-LIKELIHOOD: -4528.842
Iteration 50 / LogL: -4528.846 / Time: 0h:5m:43s (0h:0m:2s left)
Iteration 60 / LogL: -4528.856 / Time: 0h:5m:43s (0h:0m:1s left)
Iteration 70 / LogL: -4528.884 / Time: 0h:5m:43s (0h:0m:1s left)
Iteration 80 / LogL: -4528.900 / Time: 0h:5m:44s (0h:0m:0s left)
UPDATE BEST LOG-LIKELIHOOD: -4528.840
Iteration 90 / LogL: -4528.850 / Time: 0h:5m:44s (0h:0m:0s left)
Iteration 100 / LogL: -4528.860 / Time: 0h:5m:44s (0h:0m:0s left)
TREE SEARCH COMPLETED AFTER 102 ITERATIONS / Time: 0h:5m:44s

--------------------------------------------------------------------
|                    FINALIZING TREE SEARCH                        |
--------------------------------------------------------------------
Performs final model parameters optimization
Estimate model parameters (epsilon = 0.010)
Initial log-likelihood: -4528.840
Current log-likelihood at step 1: -4528.840
Partition-specific rates:  1.633 0.367
Parameters optimization took 0 rounds (0.007 sec)

Partition information was printed to partition_file.nex.best_model.nex
BEST SCORE FOUND : -4528.840
Total tree length: 7.460

Total number of iterations: 102
CPU time used for tree search: 3.907 sec (0h:0m:3s)
Wall-clock time used for tree search: 3.776 sec (0h:0m:3s)
Total CPU time used: 357.082 sec (0h:5m:57s)
Total wall-clock time used: 344.789 sec (0h:5m:44s)

===> START BOOTSTRAP REPLICATE NUMBER 92

Creating bootstrap alignment (seed: 57350)...

Create initial parsimony tree by phylogenetic likelihood library (PLL)... 0.001 seconds
Reading model parameters from file /Users/mful870/Desktop/MD_3di_Dev_02Oct24/Scriptorum/SubstitutionMatrix/3di_substmat
WARNING: Normalizing state frequencies so that sum of them equals to 1

NOTE: 1 MB RAM (0 GB) is required!
Estimate model parameters (epsilon = 0.100)
Initial log-likelihood: -4390.049
Current log-likelihood at step 1: -4277.036
Current log-likelihood at step 2: -4201.244
Current log-likelihood at step 3: -4198.665
Current log-likelihood at step 4: -4198.615
Partition-specific rates:  1.597 0.403
Parameters optimization took 3 rounds (0.070 sec)

Wrote distance file to... 
Computing ML distances based on estimated model parameters...
Calculating distance matrix: done in 4.50611e-05 secs using 82.11% CPU
Computing ML distances took 0.000105 sec (of wall-clock time) 0.000076 sec (of CPU time)
Setting up auxiliary I and S matrices: done in 2.7895e-05 secs using 75.28% CPU
Computing RapidNJ tree took 0.000121 sec (of wall-clock time) 0.000080 sec (of CPU time)
Log-likelihood of RapidNJ tree: -4520.875
--------------------------------------------------------------------
|             INITIALIZING CANDIDATE TREE SET                      |
--------------------------------------------------------------------
Generating 98 parsimony trees... 0.100 second
Computing log-likelihood of 97 initial trees ... 0.244 seconds
Current best score: -4198.615

Do NNI search on 20 best initial trees
Estimate model parameters (epsilon = 0.100)
Initial log-likelihood: -4196.222
Current log-likelihood at step 1: -4196.161
Parameters optimization took 0 rounds (0.014 sec)

BETTER TREE FOUND at iteration 1: -4196.161
Iteration 10 / LogL: -4196.210 / Time: 0h:5m:45s
Iteration 20 / LogL: -4196.212 / Time: 0h:5m:45s
Finish initializing candidate tree set (1)
Current best tree score: -4196.161 / CPU time: 0.912
Number of iterations: 20
--------------------------------------------------------------------
|               OPTIMIZING CANDIDATE TREE SET                      |
--------------------------------------------------------------------
UPDATE BEST LOG-LIKELIHOOD: -4196.159
Iteration 30 / LogL: -4196.221 / Time: 0h:5m:46s (0h:0m:3s left)
UPDATE BEST LOG-LIKELIHOOD: -4196.158
Iteration 40 / LogL: -4196.196 / Time: 0h:5m:46s (0h:0m:2s left)
Iteration 50 / LogL: -4196.195 / Time: 0h:5m:46s (0h:0m:2s left)
Iteration 60 / LogL: -4196.281 / Time: 0h:5m:47s (0h:0m:1s left)
Iteration 70 / LogL: -4196.436 / Time: 0h:5m:47s (0h:0m:1s left)
UPDATE BEST LOG-LIKELIHOOD: -4196.158
Iteration 80 / LogL: -4196.158 / Time: 0h:5m:47s (0h:0m:0s left)
UPDATE BEST LOG-LIKELIHOOD: -4196.158
Iteration 90 / LogL: -4196.194 / Time: 0h:5m:48s (0h:0m:0s left)
Iteration 100 / LogL: -4199.067 / Time: 0h:5m:48s (0h:0m:0s left)
TREE SEARCH COMPLETED AFTER 102 ITERATIONS / Time: 0h:5m:48s

--------------------------------------------------------------------
|                    FINALIZING TREE SEARCH                        |
--------------------------------------------------------------------
Performs final model parameters optimization
Estimate model parameters (epsilon = 0.010)
Initial log-likelihood: -4196.158
Current log-likelihood at step 1: -4196.158
Partition-specific rates:  1.591 0.409
Parameters optimization took 0 rounds (0.007 sec)

Partition information was printed to partition_file.nex.best_model.nex
BEST SCORE FOUND : -4196.158
Total tree length: 6.750

Total number of iterations: 102
CPU time used for tree search: 3.869 sec (0h:0m:3s)
Wall-clock time used for tree search: 3.745 sec (0h:0m:3s)
Total CPU time used: 361.108 sec (0h:6m:1s)
Total wall-clock time used: 348.671 sec (0h:5m:48s)

===> START BOOTSTRAP REPLICATE NUMBER 93

Creating bootstrap alignment (seed: 57351)...

Create initial parsimony tree by phylogenetic likelihood library (PLL)... 0.001 seconds
Reading model parameters from file /Users/mful870/Desktop/MD_3di_Dev_02Oct24/Scriptorum/SubstitutionMatrix/3di_substmat
WARNING: Normalizing state frequencies so that sum of them equals to 1

NOTE: 1 MB RAM (0 GB) is required!
Estimate model parameters (epsilon = 0.100)
Initial log-likelihood: -4896.611
Current log-likelihood at step 1: -4774.814
Current log-likelihood at step 2: -4701.560
Current log-likelihood at step 3: -4699.867
Current log-likelihood at step 4: -4699.795
Partition-specific rates:  1.621 0.379
Parameters optimization took 3 rounds (0.067 sec)

Wrote distance file to... 
Computing ML distances based on estimated model parameters...
Calculating distance matrix: done in 3.09944e-05 secs using 83.89% CPU
Computing ML distances took 0.000072 sec (of wall-clock time) 0.000054 sec (of CPU time)
Setting up auxiliary I and S matrices: done in 3.50475e-05 secs using 79.89% CPU
Computing RapidNJ tree took 0.000189 sec (of wall-clock time) 0.000102 sec (of CPU time)
Log-likelihood of RapidNJ tree: -5041.494
--------------------------------------------------------------------
|             INITIALIZING CANDIDATE TREE SET                      |
--------------------------------------------------------------------
Generating 98 parsimony trees... 0.089 second
Computing log-likelihood of 97 initial trees ... 0.239 seconds
Current best score: -4697.495

Do NNI search on 20 best initial trees
Estimate model parameters (epsilon = 0.100)
Initial log-likelihood: -4692.105
Current log-likelihood at step 1: -4692.038
Parameters optimization took 0 rounds (0.020 sec)

BETTER TREE FOUND at iteration 1: -4692.038
Iteration 10 / LogL: -4692.163 / Time: 0h:5m:49s
Iteration 20 / LogL: -4692.071 / Time: 0h:5m:49s
Finish initializing candidate tree set (2)
Current best tree score: -4692.038 / CPU time: 0.863
Number of iterations: 20
--------------------------------------------------------------------
|               OPTIMIZING CANDIDATE TREE SET                      |
--------------------------------------------------------------------
Iteration 30 / LogL: -4692.146 / Time: 0h:5m:49s (0h:0m:3s left)
Iteration 40 / LogL: -4692.141 / Time: 0h:5m:50s (0h:0m:2s left)
UPDATE BEST LOG-LIKELIHOOD: -4692.038
Iteration 50 / LogL: -4692.271 / Time: 0h:5m:50s (0h:0m:2s left)
UPDATE BEST LOG-LIKELIHOOD: -4692.035
Iteration 60 / LogL: -4692.137 / Time: 0h:5m:51s (0h:0m:1s left)
Iteration 70 / LogL: -4692.101 / Time: 0h:5m:51s (0h:0m:1s left)
Iteration 80 / LogL: -4721.166 / Time: 0h:5m:51s (0h:0m:0s left)
Iteration 90 / LogL: -4692.076 / Time: 0h:5m:51s (0h:0m:0s left)
Iteration 100 / LogL: -4692.716 / Time: 0h:5m:52s (0h:0m:0s left)
TREE SEARCH COMPLETED AFTER 102 ITERATIONS / Time: 0h:5m:52s

--------------------------------------------------------------------
|                    FINALIZING TREE SEARCH                        |
--------------------------------------------------------------------
Performs final model parameters optimization
Estimate model parameters (epsilon = 0.010)
Initial log-likelihood: -4692.035
Current log-likelihood at step 1: -4692.035
Partition-specific rates:  1.620 0.380
Parameters optimization took 0 rounds (0.007 sec)

Partition information was printed to partition_file.nex.best_model.nex
BEST SCORE FOUND : -4692.035
Total tree length: 7.192

Total number of iterations: 102
CPU time used for tree search: 3.591 sec (0h:0m:3s)
Wall-clock time used for tree search: 3.490 sec (0h:0m:3s)
Total CPU time used: 364.828 sec (0h:6m:4s)
Total wall-clock time used: 352.288 sec (0h:5m:52s)

===> START BOOTSTRAP REPLICATE NUMBER 94

Creating bootstrap alignment (seed: 57352)...

Create initial parsimony tree by phylogenetic likelihood library (PLL)... 0.001 seconds
Reading model parameters from file /Users/mful870/Desktop/MD_3di_Dev_02Oct24/Scriptorum/SubstitutionMatrix/3di_substmat
WARNING: Normalizing state frequencies so that sum of them equals to 1

NOTE: 1 MB RAM (0 GB) is required!
Estimate model parameters (epsilon = 0.100)
Initial log-likelihood: -4848.478
Current log-likelihood at step 1: -4731.632
Current log-likelihood at step 2: -4675.892
Current log-likelihood at step 3: -4675.741
Current log-likelihood at step 4: -4675.732
Partition-specific rates:  1.574 0.426
Parameters optimization took 3 rounds (0.059 sec)

Wrote distance file to... 
Computing ML distances based on estimated model parameters...
Calculating distance matrix: done in 4.57764e-05 secs using 85.2% CPU
Computing ML distances took 0.000122 sec (of wall-clock time) 0.000079 sec (of CPU time)
Setting up auxiliary I and S matrices: done in 3.48091e-05 secs using 80.44% CPU
Computing RapidNJ tree took 0.000137 sec (of wall-clock time) 0.000083 sec (of CPU time)
Log-likelihood of RapidNJ tree: -5137.680
--------------------------------------------------------------------
|             INITIALIZING CANDIDATE TREE SET                      |
--------------------------------------------------------------------
Generating 98 parsimony trees... 0.102 second
Computing log-likelihood of 94 initial trees ... 0.235 seconds
Current best score: -4675.732

Do NNI search on 20 best initial trees
Estimate model parameters (epsilon = 0.100)
Initial log-likelihood: -4674.494
Current log-likelihood at step 1: -4674.400
Parameters optimization took 0 rounds (0.011 sec)

BETTER TREE FOUND at iteration 1: -4674.400
Iteration 10 / LogL: -4674.495 / Time: 0h:5m:52s
Iteration 20 / LogL: -4674.824 / Time: 0h:5m:53s
Finish initializing candidate tree set (2)
Current best tree score: -4674.400 / CPU time: 0.870
Number of iterations: 20
--------------------------------------------------------------------
|               OPTIMIZING CANDIDATE TREE SET                      |
--------------------------------------------------------------------
Iteration 30 / LogL: -4680.035 / Time: 0h:5m:53s (0h:0m:3s left)
Iteration 40 / LogL: -4674.733 / Time: 0h:5m:53s (0h:0m:2s left)
Iteration 50 / LogL: -4674.673 / Time: 0h:5m:54s (0h:0m:2s left)
Iteration 60 / LogL: -4674.480 / Time: 0h:5m:54s (0h:0m:1s left)
Iteration 70 / LogL: -4674.673 / Time: 0h:5m:55s (0h:0m:1s left)
Iteration 80 / LogL: -4685.413 / Time: 0h:5m:55s (0h:0m:0s left)
Estimate model parameters (epsilon = 0.100)
Initial log-likelihood: -4674.383
Current log-likelihood at step 1: -4674.380
Parameters optimization took 0 rounds (0.006 sec)

UPDATE BEST LOG-LIKELIHOOD: -4674.380
Iteration 90 / LogL: -4674.494 / Time: 0h:5m:56s (0h:0m:0s left)
Iteration 100 / LogL: -4674.497 / Time: 0h:5m:56s (0h:0m:0s left)
TREE SEARCH COMPLETED AFTER 102 ITERATIONS / Time: 0h:5m:56s

--------------------------------------------------------------------
|                    FINALIZING TREE SEARCH                        |
--------------------------------------------------------------------
Performs final model parameters optimization
Estimate model parameters (epsilon = 0.010)
Initial log-likelihood: -4674.380
Current log-likelihood at step 1: -4674.379
Partition-specific rates:  1.570 0.430
Parameters optimization took 0 rounds (0.007 sec)

Partition information was printed to partition_file.nex.best_model.nex
BEST SCORE FOUND : -4674.379
Total tree length: 6.852

Total number of iterations: 102
CPU time used for tree search: 4.077 sec (0h:0m:4s)
Wall-clock time used for tree search: 3.942 sec (0h:0m:3s)
Total CPU time used: 369.026 sec (0h:6m:9s)
Total wall-clock time used: 356.342 sec (0h:5m:56s)

===> START BOOTSTRAP REPLICATE NUMBER 95

Creating bootstrap alignment (seed: 57353)...
WARNING: States(s) S rarely appear in partition tdi and may cause numerical problems

Create initial parsimony tree by phylogenetic likelihood library (PLL)... 0.001 seconds
Reading model parameters from file /Users/mful870/Desktop/MD_3di_Dev_02Oct24/Scriptorum/SubstitutionMatrix/3di_substmat
WARNING: Normalizing state frequencies so that sum of them equals to 1

NOTE: 1 MB RAM (0 GB) is required!
Estimate model parameters (epsilon = 0.100)
Initial log-likelihood: -4935.884
Current log-likelihood at step 1: -4822.043
Current log-likelihood at step 2: -4756.923
Current log-likelihood at step 3: -4753.259
Current log-likelihood at step 4: -4753.190
Partition-specific rates:  1.619 0.381
Parameters optimization took 3 rounds (0.065 sec)

Wrote distance file to... 
Computing ML distances based on estimated model parameters...
Calculating distance matrix: done in 3.00407e-05 secs using 83.22% CPU
Computing ML distances took 0.000083 sec (of wall-clock time) 0.000054 sec (of CPU time)
Setting up auxiliary I and S matrices: done in 3.48091e-05 secs using 80.44% CPU
Computing RapidNJ tree took 0.000134 sec (of wall-clock time) 0.000081 sec (of CPU time)
Log-likelihood of RapidNJ tree: -5079.718
--------------------------------------------------------------------
|             INITIALIZING CANDIDATE TREE SET                      |
--------------------------------------------------------------------
Generating 98 parsimony trees... 0.097 second
Computing log-likelihood of 96 initial trees ... 0.223 seconds
Current best score: -4753.190

Do NNI search on 20 best initial trees
Estimate model parameters (epsilon = 0.100)
Initial log-likelihood: -4742.150
Current log-likelihood at step 1: -4742.087
Parameters optimization took 0 rounds (0.014 sec)

BETTER TREE FOUND at iteration 1: -4742.087
Estimate model parameters (epsilon = 0.100)
Initial log-likelihood: -4741.386
Current log-likelihood at step 1: -4741.302
Parameters optimization took 0 rounds (0.008 sec)

BETTER TREE FOUND at iteration 2: -4741.302
Iteration 10 / LogL: -4750.507 / Time: 0h:5m:57s
Iteration 20 / LogL: -4741.360 / Time: 0h:5m:57s
Finish initializing candidate tree set (3)
Current best tree score: -4741.302 / CPU time: 1.119
Number of iterations: 20
--------------------------------------------------------------------
|               OPTIMIZING CANDIDATE TREE SET                      |
--------------------------------------------------------------------
Estimate model parameters (epsilon = 0.100)
Initial log-likelihood: -4741.292
Current log-likelihood at step 1: -4741.291
Parameters optimization took 0 rounds (0.007 sec)

UPDATE BEST LOG-LIKELIHOOD: -4741.291
Iteration 30 / LogL: -4741.440 / Time: 0h:5m:57s (0h:0m:3s left)
Iteration 40 / LogL: -4750.580 / Time: 0h:5m:58s (0h:0m:2s left)
Iteration 50 / LogL: -4741.393 / Time: 0h:5m:58s (0h:0m:2s left)
Iteration 60 / LogL: -4741.375 / Time: 0h:5m:59s (0h:0m:1s left)
Iteration 70 / LogL: -4741.383 / Time: 0h:5m:59s (0h:0m:1s left)
Iteration 80 / LogL: -4742.703 / Time: 0h:5m:59s (0h:0m:0s left)
Iteration 90 / LogL: -4742.133 / Time: 0h:6m:0s (0h:0m:0s left)
Iteration 100 / LogL: -4742.108 / Time: 0h:6m:0s (0h:0m:0s left)
TREE SEARCH COMPLETED AFTER 103 ITERATIONS / Time: 0h:6m:0s

--------------------------------------------------------------------
|                    FINALIZING TREE SEARCH                        |
--------------------------------------------------------------------
Performs final model parameters optimization
Estimate model parameters (epsilon = 0.010)
Initial log-likelihood: -4741.291
Current log-likelihood at step 1: -4741.291
Partition-specific rates:  1.622 0.378
Parameters optimization took 0 rounds (0.008 sec)

Partition information was printed to partition_file.nex.best_model.nex
BEST SCORE FOUND : -4741.291
Total tree length: 7.544

Total number of iterations: 103
CPU time used for tree search: 4.297 sec (0h:0m:4s)
Wall-clock time used for tree search: 4.166 sec (0h:0m:4s)
Total CPU time used: 373.450 sec (0h:6m:13s)
Total wall-clock time used: 360.631 sec (0h:6m:0s)

===> START BOOTSTRAP REPLICATE NUMBER 96

Creating bootstrap alignment (seed: 57354)...

Create initial parsimony tree by phylogenetic likelihood library (PLL)... 0.001 seconds
Reading model parameters from file /Users/mful870/Desktop/MD_3di_Dev_02Oct24/Scriptorum/SubstitutionMatrix/3di_substmat
WARNING: Normalizing state frequencies so that sum of them equals to 1

NOTE: 1 MB RAM (0 GB) is required!
Estimate model parameters (epsilon = 0.100)
Initial log-likelihood: -4705.113
Current log-likelihood at step 1: -4569.836
Current log-likelihood at step 2: -4494.930
Current log-likelihood at step 3: -4491.779
Current log-likelihood at step 4: -4491.747
Partition-specific rates:  1.584 0.416
Parameters optimization took 3 rounds (0.079 sec)

Wrote distance file to... 
Computing ML distances based on estimated model parameters...
Calculating distance matrix: done in 2.90871e-05 secs using 85.95% CPU
Computing ML distances took 0.000080 sec (of wall-clock time) 0.000052 sec (of CPU time)
Setting up auxiliary I and S matrices: done in 3.50475e-05 secs using 79.89% CPU
Computing RapidNJ tree took 0.000184 sec (of wall-clock time) 0.000096 sec (of CPU time)
Log-likelihood of RapidNJ tree: -4820.316
--------------------------------------------------------------------
|             INITIALIZING CANDIDATE TREE SET                      |
--------------------------------------------------------------------
Generating 98 parsimony trees... 0.105 second
Computing log-likelihood of 95 initial trees ... 0.253 seconds
Current best score: -4491.060

Do NNI search on 20 best initial trees
Estimate model parameters (epsilon = 0.100)
Initial log-likelihood: -4483.734
Current log-likelihood at step 1: -4483.456
Current log-likelihood at step 2: -4483.452
Parameters optimization took 1 rounds (0.021 sec)

BETTER TREE FOUND at iteration 1: -4483.452
Iteration 10 / LogL: -4483.522 / Time: 0h:6m:1s
Iteration 20 / LogL: -4483.499 / Time: 0h:6m:1s
Finish initializing candidate tree set (2)
Current best tree score: -4483.452 / CPU time: 1.019
Number of iterations: 20
--------------------------------------------------------------------
|               OPTIMIZING CANDIDATE TREE SET                      |
--------------------------------------------------------------------
Iteration 30 / LogL: -4509.357 / Time: 0h:6m:2s (0h:0m:3s left)
Iteration 40 / LogL: -4485.054 / Time: 0h:6m:2s (0h:0m:2s left)
Iteration 50 / LogL: -4485.047 / Time: 0h:6m:2s (0h:0m:2s left)
Iteration 60 / LogL: -4489.839 / Time: 0h:6m:3s (0h:0m:1s left)
Iteration 70 / LogL: -4485.064 / Time: 0h:6m:3s (0h:0m:1s left)
Iteration 80 / LogL: -4485.202 / Time: 0h:6m:3s (0h:0m:0s left)
Iteration 90 / LogL: -4483.558 / Time: 0h:6m:4s (0h:0m:0s left)
Iteration 100 / LogL: -4483.602 / Time: 0h:6m:4s (0h:0m:0s left)
TREE SEARCH COMPLETED AFTER 102 ITERATIONS / Time: 0h:6m:4s

--------------------------------------------------------------------
|                    FINALIZING TREE SEARCH                        |
--------------------------------------------------------------------
Performs final model parameters optimization
Estimate model parameters (epsilon = 0.010)
Initial log-likelihood: -4483.452
Current log-likelihood at step 1: -4483.451
Partition-specific rates:  1.580 0.420
Parameters optimization took 0 rounds (0.007 sec)

Partition information was printed to partition_file.nex.best_model.nex
BEST SCORE FOUND : -4483.451
Total tree length: 6.903

Total number of iterations: 102
CPU time used for tree search: 4.171 sec (0h:0m:4s)
Wall-clock time used for tree search: 4.045 sec (0h:0m:4s)
Total CPU time used: 377.753 sec (0h:6m:17s)
Total wall-clock time used: 364.811 sec (0h:6m:4s)

===> START BOOTSTRAP REPLICATE NUMBER 97

Creating bootstrap alignment (seed: 57355)...
WARNING: States(s) S rarely appear in partition tdi and may cause numerical problems

Create initial parsimony tree by phylogenetic likelihood library (PLL)... 0.001 seconds
Reading model parameters from file /Users/mful870/Desktop/MD_3di_Dev_02Oct24/Scriptorum/SubstitutionMatrix/3di_substmat
WARNING: Normalizing state frequencies so that sum of them equals to 1

NOTE: 1 MB RAM (0 GB) is required!
Estimate model parameters (epsilon = 0.100)
Initial log-likelihood: -4600.998
Current log-likelihood at step 1: -4502.070
Current log-likelihood at step 2: -4436.243
Current log-likelihood at step 3: -4433.843
Current log-likelihood at step 4: -4433.805
Partition-specific rates:  1.581 0.419
Parameters optimization took 3 rounds (0.089 sec)

Wrote distance file to... 
Computing ML distances based on estimated model parameters...
Calculating distance matrix: done in 4.41074e-05 secs using 86.15% CPU
Computing ML distances took 0.000117 sec (of wall-clock time) 0.000076 sec (of CPU time)
Setting up auxiliary I and S matrices: done in 3.09944e-05 secs using 80.66% CPU
Computing RapidNJ tree took 0.000145 sec (of wall-clock time) 0.000091 sec (of CPU time)
Log-likelihood of RapidNJ tree: -4729.494
--------------------------------------------------------------------
|             INITIALIZING CANDIDATE TREE SET                      |
--------------------------------------------------------------------
Generating 98 parsimony trees... 0.097 second
Computing log-likelihood of 94 initial trees ... 0.230 seconds
Current best score: -4433.805

Do NNI search on 20 best initial trees
Estimate model parameters (epsilon = 0.100)
Initial log-likelihood: -4432.039
Current log-likelihood at step 1: -4431.967
Parameters optimization took 0 rounds (0.008 sec)

BETTER TREE FOUND at iteration 1: -4431.967
Iteration 10 / LogL: -4432.158 / Time: 0h:6m:5s
Iteration 20 / LogL: -4432.032 / Time: 0h:6m:5s
Finish initializing candidate tree set (3)
Current best tree score: -4431.967 / CPU time: 0.769
Number of iterations: 20
--------------------------------------------------------------------
|               OPTIMIZING CANDIDATE TREE SET                      |
--------------------------------------------------------------------
Iteration 30 / LogL: -4432.325 / Time: 0h:6m:5s (0h:0m:2s left)
Iteration 40 / LogL: -4432.035 / Time: 0h:6m:6s (0h:0m:2s left)
Iteration 50 / LogL: -4432.344 / Time: 0h:6m:6s (0h:0m:1s left)
Iteration 60 / LogL: -4432.143 / Time: 0h:6m:6s (0h:0m:1s left)
Iteration 70 / LogL: -4432.097 / Time: 0h:6m:7s (0h:0m:1s left)
Iteration 80 / LogL: -4432.152 / Time: 0h:6m:7s (0h:0m:0s left)
Iteration 90 / LogL: -4432.274 / Time: 0h:6m:7s (0h:0m:0s left)
Iteration 100 / LogL: -4432.294 / Time: 0h:6m:8s (0h:0m:0s left)
TREE SEARCH COMPLETED AFTER 102 ITERATIONS / Time: 0h:6m:8s

--------------------------------------------------------------------
|                    FINALIZING TREE SEARCH                        |
--------------------------------------------------------------------
Performs final model parameters optimization
Estimate model parameters (epsilon = 0.010)
Initial log-likelihood: -4431.967
Current log-likelihood at step 1: -4431.960
Partition-specific rates:  1.576 0.424
Parameters optimization took 0 rounds (0.007 sec)

Partition information was printed to partition_file.nex.best_model.nex
BEST SCORE FOUND : -4431.960
Total tree length: 6.434

Total number of iterations: 102
CPU time used for tree search: 3.505 sec (0h:0m:3s)
Wall-clock time used for tree search: 3.362 sec (0h:0m:3s)
Total CPU time used: 381.401 sec (0h:6m:21s)
Total wall-clock time used: 368.310 sec (0h:6m:8s)

===> START BOOTSTRAP REPLICATE NUMBER 98

Creating bootstrap alignment (seed: 57356)...

Create initial parsimony tree by phylogenetic likelihood library (PLL)... 0.001 seconds
Reading model parameters from file /Users/mful870/Desktop/MD_3di_Dev_02Oct24/Scriptorum/SubstitutionMatrix/3di_substmat
WARNING: Normalizing state frequencies so that sum of them equals to 1

NOTE: 1 MB RAM (0 GB) is required!
Estimate model parameters (epsilon = 0.100)
Initial log-likelihood: -4807.867
Current log-likelihood at step 1: -4675.770
Current log-likelihood at step 2: -4623.279
Current log-likelihood at step 3: -4623.085
Current log-likelihood at step 4: -4623.072
Partition-specific rates:  1.583 0.417
Parameters optimization took 3 rounds (0.061 sec)

Wrote distance file to... 
Computing ML distances based on estimated model parameters...
Calculating distance matrix: done in 2.98023e-05 secs using 83.89% CPU
Computing ML distances took 0.000081 sec (of wall-clock time) 0.000053 sec (of CPU time)
Setting up auxiliary I and S matrices: done in 3.48091e-05 secs using 80.44% CPU
Computing RapidNJ tree took 0.000159 sec (of wall-clock time) 0.000088 sec (of CPU time)
Log-likelihood of RapidNJ tree: -4963.932
--------------------------------------------------------------------
|             INITIALIZING CANDIDATE TREE SET                      |
--------------------------------------------------------------------
Generating 98 parsimony trees... 0.093 second
Computing log-likelihood of 98 initial trees ... 0.236 seconds
Current best score: -4623.072

Do NNI search on 20 best initial trees
Estimate model parameters (epsilon = 0.100)
Initial log-likelihood: -4606.798
Current log-likelihood at step 1: -4606.420
Current log-likelihood at step 2: -4606.403
Parameters optimization took 1 rounds (0.025 sec)

BETTER TREE FOUND at iteration 1: -4606.403
Iteration 10 / LogL: -4606.615 / Time: 0h:6m:9s
Iteration 20 / LogL: -4606.551 / Time: 0h:6m:9s
Finish initializing candidate tree set (1)
Current best tree score: -4606.403 / CPU time: 1.020
Number of iterations: 20
--------------------------------------------------------------------
|               OPTIMIZING CANDIDATE TREE SET                      |
--------------------------------------------------------------------
Iteration 30 / LogL: -4606.459 / Time: 0h:6m:9s (0h:0m:3s left)
Iteration 40 / LogL: -4606.509 / Time: 0h:6m:10s (0h:0m:2s left)
Iteration 50 / LogL: -4606.479 / Time: 0h:6m:10s (0h:0m:2s left)
UPDATE BEST LOG-LIKELIHOOD: -4606.403
Iteration 60 / LogL: -4606.600 / Time: 0h:6m:10s (0h:0m:1s left)
Iteration 70 / LogL: -4635.393 / Time: 0h:6m:10s (0h:0m:1s left)
UPDATE BEST LOG-LIKELIHOOD: -4606.403
Iteration 80 / LogL: -4606.694 / Time: 0h:6m:11s (0h:0m:0s left)
Iteration 90 / LogL: -4606.610 / Time: 0h:6m:11s (0h:0m:0s left)
Iteration 100 / LogL: -4606.638 / Time: 0h:6m:12s (0h:0m:0s left)
TREE SEARCH COMPLETED AFTER 102 ITERATIONS / Time: 0h:6m:12s

--------------------------------------------------------------------
|                    FINALIZING TREE SEARCH                        |
--------------------------------------------------------------------
Performs final model parameters optimization
Estimate model parameters (epsilon = 0.010)
Initial log-likelihood: -4606.403
Current log-likelihood at step 1: -4606.402
Partition-specific rates:  1.566 0.434
Parameters optimization took 0 rounds (0.007 sec)

Partition information was printed to partition_file.nex.best_model.nex
BEST SCORE FOUND : -4606.402
Total tree length: 6.496

Total number of iterations: 102
CPU time used for tree search: 3.891 sec (0h:0m:3s)
Wall-clock time used for tree search: 3.768 sec (0h:0m:3s)
Total CPU time used: 385.425 sec (0h:6m:25s)
Total wall-clock time used: 372.196 sec (0h:6m:12s)

===> START BOOTSTRAP REPLICATE NUMBER 99

Creating bootstrap alignment (seed: 57357)...

Create initial parsimony tree by phylogenetic likelihood library (PLL)... 0.001 seconds
Reading model parameters from file /Users/mful870/Desktop/MD_3di_Dev_02Oct24/Scriptorum/SubstitutionMatrix/3di_substmat
WARNING: Normalizing state frequencies so that sum of them equals to 1

NOTE: 1 MB RAM (0 GB) is required!
Estimate model parameters (epsilon = 0.100)
Initial log-likelihood: -4772.988
Current log-likelihood at step 1: -4652.006
Current log-likelihood at step 2: -4583.910
Current log-likelihood at step 3: -4582.593
Current log-likelihood at step 4: -4582.553
Partition-specific rates:  1.601 0.399
Parameters optimization took 3 rounds (0.060 sec)

Wrote distance file to... 
Computing ML distances based on estimated model parameters...
Calculating distance matrix: done in 3.00407e-05 secs using 83.22% CPU
Computing ML distances took 0.000096 sec (of wall-clock time) 0.000052 sec (of CPU time)
Setting up auxiliary I and S matrices: done in 2.90871e-05 secs using 75.63% CPU
Computing RapidNJ tree took 0.000124 sec (of wall-clock time) 0.000077 sec (of CPU time)
Log-likelihood of RapidNJ tree: -4896.828
--------------------------------------------------------------------
|             INITIALIZING CANDIDATE TREE SET                      |
--------------------------------------------------------------------
Generating 98 parsimony trees... 0.095 second
Computing log-likelihood of 92 initial trees ... 0.209 seconds
Current best score: -4582.553

Do NNI search on 20 best initial trees
Estimate model parameters (epsilon = 0.100)
Initial log-likelihood: -4580.766
Current log-likelihood at step 1: -4580.753
Parameters optimization took 0 rounds (0.007 sec)

BETTER TREE FOUND at iteration 1: -4580.753
Iteration 10 / LogL: -4580.829 / Time: 0h:6m:12s
Iteration 20 / LogL: -4580.763 / Time: 0h:6m:13s
Finish initializing candidate tree set (3)
Current best tree score: -4580.753 / CPU time: 0.887
Number of iterations: 20
--------------------------------------------------------------------
|               OPTIMIZING CANDIDATE TREE SET                      |
--------------------------------------------------------------------
Iteration 30 / LogL: -4580.757 / Time: 0h:6m:13s (0h:0m:3s left)
UPDATE BEST LOG-LIKELIHOOD: -4580.752
Iteration 40 / LogL: -4580.789 / Time: 0h:6m:13s (0h:0m:2s left)
Iteration 50 / LogL: -4580.791 / Time: 0h:6m:14s (0h:0m:1s left)
Iteration 60 / LogL: -4584.026 / Time: 0h:6m:14s (0h:0m:1s left)
UPDATE BEST LOG-LIKELIHOOD: -4580.752
Iteration 70 / LogL: -4584.358 / Time: 0h:6m:14s (0h:0m:1s left)
Iteration 80 / LogL: -4583.949 / Time: 0h:6m:15s (0h:0m:0s left)
Iteration 90 / LogL: -4580.758 / Time: 0h:6m:15s (0h:0m:0s left)
Iteration 100 / LogL: -4580.809 / Time: 0h:6m:15s (0h:0m:0s left)
TREE SEARCH COMPLETED AFTER 102 ITERATIONS / Time: 0h:6m:15s

--------------------------------------------------------------------
|                    FINALIZING TREE SEARCH                        |
--------------------------------------------------------------------
Performs final model parameters optimization
Estimate model parameters (epsilon = 0.010)
Initial log-likelihood: -4580.752
Current log-likelihood at step 1: -4580.751
Partition-specific rates:  1.598 0.402
Parameters optimization took 0 rounds (0.006 sec)

Partition information was printed to partition_file.nex.best_model.nex
BEST SCORE FOUND : -4580.751
Total tree length: 6.706

Total number of iterations: 102
CPU time used for tree search: 3.744 sec (0h:0m:3s)
Wall-clock time used for tree search: 3.606 sec (0h:0m:3s)
Total CPU time used: 389.288 sec (0h:6m:29s)
Total wall-clock time used: 375.913 sec (0h:6m:15s)

===> START BOOTSTRAP REPLICATE NUMBER 100

Creating bootstrap alignment (seed: 57358)...

Create initial parsimony tree by phylogenetic likelihood library (PLL)... 0.001 seconds
Reading model parameters from file /Users/mful870/Desktop/MD_3di_Dev_02Oct24/Scriptorum/SubstitutionMatrix/3di_substmat
WARNING: Normalizing state frequencies so that sum of them equals to 1

NOTE: 1 MB RAM (0 GB) is required!
Estimate model parameters (epsilon = 0.100)
Initial log-likelihood: -4746.195
Current log-likelihood at step 1: -4605.728
Current log-likelihood at step 2: -4541.164
Current log-likelihood at step 3: -4539.886
Current log-likelihood at step 4: -4539.781
Current log-likelihood at step 5: -4539.775
Partition-specific rates:  1.631 0.369
Parameters optimization took 4 rounds (0.071 sec)

Wrote distance file to... 
Computing ML distances based on estimated model parameters...
Calculating distance matrix: done in 3.09944e-05 secs using 83.89% CPU
Computing ML distances took 0.000081 sec (of wall-clock time) 0.000052 sec (of CPU time)
Setting up auxiliary I and S matrices: done in 3.60012e-05 secs using 80.55% CPU
Computing RapidNJ tree took 0.000198 sec (of wall-clock time) 0.000100 sec (of CPU time)
Log-likelihood of RapidNJ tree: -4889.047
--------------------------------------------------------------------
|             INITIALIZING CANDIDATE TREE SET                      |
--------------------------------------------------------------------
Generating 98 parsimony trees... 0.100 second
Computing log-likelihood of 93 initial trees ... 0.232 seconds
Current best score: -4539.775

Do NNI search on 20 best initial trees
Estimate model parameters (epsilon = 0.100)
Initial log-likelihood: -4535.718
Current log-likelihood at step 1: -4535.687
Parameters optimization took 0 rounds (0.007 sec)

BETTER TREE FOUND at iteration 1: -4535.687
Iteration 10 / LogL: -4536.243 / Time: 0h:6m:16s
Iteration 20 / LogL: -4535.695 / Time: 0h:6m:16s
Finish initializing candidate tree set (1)
Current best tree score: -4535.687 / CPU time: 0.901
Number of iterations: 20
--------------------------------------------------------------------
|               OPTIMIZING CANDIDATE TREE SET                      |
--------------------------------------------------------------------
Iteration 30 / LogL: -4535.693 / Time: 0h:6m:17s (0h:0m:3s left)
Iteration 40 / LogL: -4535.886 / Time: 0h:6m:17s (0h:0m:2s left)
UPDATE BEST LOG-LIKELIHOOD: -4535.686
Iteration 50 / LogL: -4535.823 / Time: 0h:6m:17s (0h:0m:2s left)
Iteration 60 / LogL: -4535.701 / Time: 0h:6m:18s (0h:0m:1s left)
Iteration 70 / LogL: -4535.861 / Time: 0h:6m:18s (0h:0m:1s left)
Iteration 80 / LogL: -4535.714 / Time: 0h:6m:18s (0h:0m:0s left)
Iteration 90 / LogL: -4535.697 / Time: 0h:6m:19s (0h:0m:0s left)
Iteration 100 / LogL: -4535.707 / Time: 0h:6m:19s (0h:0m:0s left)
TREE SEARCH COMPLETED AFTER 102 ITERATIONS / Time: 0h:6m:19s

--------------------------------------------------------------------
|                    FINALIZING TREE SEARCH                        |
--------------------------------------------------------------------
Performs final model parameters optimization
Estimate model parameters (epsilon = 0.010)
Initial log-likelihood: -4535.686
Current log-likelihood at step 1: -4535.685
Partition-specific rates:  1.633 0.367
Parameters optimization took 0 rounds (0.007 sec)

Partition information was printed to partition_file.nex.best_model.nex
BEST SCORE FOUND : -4535.685
Total tree length: 7.204

Total number of iterations: 102
CPU time used for tree search: 3.758 sec (0h:0m:3s)
Wall-clock time used for tree search: 3.634 sec (0h:0m:3s)
Total CPU time used: 393.175 sec (0h:6m:33s)
Total wall-clock time used: 379.669 sec (0h:6m:19s)

===> COMPUTE CONSENSUS TREE FROM 100 BOOTSTRAP TREES

Reading tree(s) file partition_file.nex.boottrees ...
100 tree(s) loaded (0 rooted and 100 unrooted)
0 split(s) discarded because frequency <= -1.000
33 splits found
Consensus tree written to partition_file.nex.contree

===> START ANALYSIS ON THE ORIGINAL ALIGNMENT


Create initial parsimony tree by phylogenetic likelihood library (PLL)... 0.001 seconds
Reading model parameters from file /Users/mful870/Desktop/MD_3di_Dev_02Oct24/Scriptorum/SubstitutionMatrix/3di_substmat
WARNING: Normalizing state frequencies so that sum of them equals to 1

NOTE: 1 MB RAM (0 GB) is required!
Estimate model parameters (epsilon = 0.100)
Initial log-likelihood: -4717.729
Current log-likelihood at step 1: -4603.858
Current log-likelihood at step 2: -4536.113
Current log-likelihood at step 3: -4534.978
Current log-likelihood at step 4: -4534.924
Partition-specific rates:  1.589 0.411
Parameters optimization took 3 rounds (0.105 sec)

Wrote distance file to... 
Computing ML distances based on estimated model parameters...
Calculating distance matrix: done in 3.91006e-05 secs using 89.51% CPU
Computing ML distances took 0.000091 sec (of wall-clock time) 0.000062 sec (of CPU time)
Setting up auxiliary I and S matrices: done in 2.59876e-05 secs using 80.81% CPU
Computing RapidNJ tree took 0.000115 sec (of wall-clock time) 0.000064 sec (of CPU time)
Log-likelihood of RapidNJ tree: -4881.079
--------------------------------------------------------------------
|             INITIALIZING CANDIDATE TREE SET                      |
--------------------------------------------------------------------
Generating 98 parsimony trees... 0.095 second
Computing log-likelihood of 96 initial trees ... 0.319 seconds
Current best score: -4534.924

Do NNI search on 20 best initial trees
Estimate model parameters (epsilon = 0.100)
Initial log-likelihood: -4529.580
Current log-likelihood at step 1: -4529.528
Parameters optimization took 0 rounds (0.010 sec)

BETTER TREE FOUND at iteration 1: -4529.528
Iteration 10 / LogL: -4529.558 / Time: 0h:6m:20s
Iteration 20 / LogL: -4529.583 / Time: 0h:6m:20s
Finish initializing candidate tree set (1)
Current best tree score: -4529.528 / CPU time: 1.115
Number of iterations: 20
--------------------------------------------------------------------
|               OPTIMIZING CANDIDATE TREE SET                      |
--------------------------------------------------------------------
UPDATE BEST LOG-LIKELIHOOD: -4529.524
Iteration 30 / LogL: -4529.610 / Time: 0h:6m:21s (0h:0m:4s left)
Iteration 40 / LogL: -4533.658 / Time: 0h:6m:21s (0h:0m:3s left)
Iteration 50 / LogL: -4529.567 / Time: 0h:6m:22s (0h:0m:2s left)
Iteration 60 / LogL: -4529.545 / Time: 0h:6m:22s (0h:0m:2s left)
Iteration 70 / LogL: -4529.759 / Time: 0h:6m:23s (0h:0m:1s left)
Iteration 80 / LogL: -4529.568 / Time: 0h:6m:23s (0h:0m:1s left)
Iteration 90 / LogL: -4529.544 / Time: 0h:6m:23s (0h:0m:0s left)
Iteration 100 / LogL: -4529.551 / Time: 0h:6m:24s (0h:0m:0s left)
TREE SEARCH COMPLETED AFTER 102 ITERATIONS / Time: 0h:6m:24s

--------------------------------------------------------------------
|                    FINALIZING TREE SEARCH                        |
--------------------------------------------------------------------
Performs final model parameters optimization
Estimate model parameters (epsilon = 0.010)
Initial log-likelihood: -4529.524
Current log-likelihood at step 1: -4529.524
Partition-specific rates:  1.589 0.411
Parameters optimization took 0 rounds (0.010 sec)

Partition information was printed to partition_file.nex.best_model.nex
BEST SCORE FOUND : -4529.524
Total tree length: 6.957

Total number of iterations: 102
CPU time used for tree search: 4.747 sec (0h:0m:4s)
Wall-clock time used for tree search: 4.628 sec (0h:0m:4s)
Total CPU time used: 398.122 sec (0h:6m:38s)
Total wall-clock time used: 384.482 sec (0h:6m:24s)
Reading input trees file partition_file.nex.contree
Log-likelihood of consensus tree: -4529.524

===> ASSIGN BOOTSTRAP SUPPORTS TO THE TREE FROM ORIGINAL ALIGNMENT

Reading tree partition_file.nex.treefile ...
unrooted tree detected
Reading tree(s) file partition_file.nex.boottrees ...
100 tree(s) loaded (0 rooted and 100 unrooted)
Rescaling split weights by 1.000
33 splits found
Creating bootstrap support values...
Tree with assigned support written to partition_file.nex.treefile

Analysis results written to: 
  IQ-TREE report:                partition_file.nex.iqtree
  Maximum-likelihood tree:       partition_file.nex.treefile
  Likelihood distances:          partition_file.nex.mldist
  Screen log file:               partition_file.nex.log

Total CPU time for bootstrap: 398.141 seconds.
Total wall-clock time for bootstrap: 384.523 seconds.

Non-parametric bootstrap results written to:
  Bootstrap trees:          partition_file.nex.boottrees
  Consensus tree:           partition_file.nex.contree

Date and Time: Mon Jun  2 23:10:06 2025
