IQ-TREE multicore version 1.6.8 for Mac OS X 64-bit built Oct 28 2018
Developed by Bui Quang Minh, Nguyen Lam Tung, Olga Chernomor,
Heiko Schmidt, Dominik Schrempf, Michael Woodhams.

Host:    sc-sbs-383386 (AVX512, FMA3, 32 GB RAM)
Command: /Users/mful870/Bioinformatics_Programs/iqtree-1.6.8-MacOSX/bin/iqtree -redo -s crystal.tdialn -m /Users/mful870/Desktop/MD_3di_Dev_02Oct24/Scriptorum/SubstitutionMatrix/3di_substmat+F+G4 -b 100
Seed:    762974 (Using SPRNG - Scalable Parallel Random Number Generator)
Time:    Tue Jun  3 10:51:31 2025
Kernel:  AVX+FMA - 1 threads (16 CPU cores detected)

HINT: Use -nt option to specify number of threads because your CPU has 16 cores!
HINT: -nt AUTO will automatically determine the best number of threads to use.

Reading alignment file crystal.tdialn ... Fasta format detected
Alignment most likely contains protein sequences
Alignment has 13 sequences with 158 columns, 152 distinct patterns
99 parsimony-informative, 42 singleton sites, 17 constant sites
WARNING: Some sequence names are changed as follows:
a_39_2_1+1qwv_A -> a_39_2_1_1qwv_A
a_39_2_1+1xfr_A -> a_39_2_1_1xfr_A
a_39_2_1+2kph_A -> a_39_2_1_2kph_A
a_39_2_0+2wc6_A -> a_39_2_0_2wc6_A
a_39_2_0+3q8i_A -> a_39_2_0_3q8i_A
a_39_2_1+1oof_A -> a_39_2_1_1oof_A
a_39_2_1+1org_A -> a_39_2_1_1org_A
a_39_2_0+3k1e_A -> a_39_2_0_3k1e_A
a_39_2_0+3ogn_A -> a_39_2_0_3ogn_A
a_39_2_1+3d73_A -> a_39_2_1_3d73_A
a_39_2_0+3r72_A -> a_39_2_0_3r72_A
a_39_2_0+4pt1_A -> a_39_2_0_4pt1_A
a_39_2_1+1c3y_A -> a_39_2_1_1c3y_A

                 Gap/Ambiguity  Composition  p-value
   1  a_39_2_1_1qwv_A   10.13%    failed      2.10%
   2  a_39_2_1_1xfr_A   18.99%    passed     80.77%
   3  a_39_2_1_2kph_A   10.13%    passed     22.19%
   4  a_39_2_0_2wc6_A   10.76%    passed     11.78%
   5  a_39_2_0_3q8i_A   22.15%    passed     99.86%
   6  a_39_2_1_1oof_A   21.52%    passed     81.57%
   7  a_39_2_1_1org_A   25.32%    passed     97.80%
   8  a_39_2_0_3k1e_A   21.52%    passed     89.50%
   9  a_39_2_0_3ogn_A   21.52%    passed     98.28%
  10  a_39_2_1_3d73_A   24.68%    passed     93.48%
  11  a_39_2_0_3r72_A   22.78%    passed     95.88%
  12  a_39_2_0_4pt1_A   18.35%    passed     99.69%
  13  a_39_2_1_1c3y_A   31.65%    passed     60.26%
****  TOTAL             19.96%  1 sequences failed composition chi2 test (p-value<5%; df=19)

===> START BOOTSTRAP REPLICATE NUMBER 1

Creating bootstrap alignment (seed: 762974)...
WARNING: States(s) E, I, K, M rarely appear in alignment and may cause numerical problems

Create initial parsimony tree by phylogenetic likelihood library (PLL)... 0.001 seconds
Reading model parameters from file /Users/mful870/Desktop/MD_3di_Dev_02Oct24/Scriptorum/SubstitutionMatrix/3di_substmat

NOTE: 0 MB RAM (0 GB) is required!
Estimate model parameters (epsilon = 0.100)
1. Initial log-likelihood: -2761.804
2. Current log-likelihood: -2714.131
3. Current log-likelihood: -2712.799
Optimal log-likelihood: -2712.788
Gamma shape alpha: 3.003
Parameters optimization took 3 rounds (0.045 sec)
Computing ML distances based on estimated model parameters... 0.043 sec
Computing BIONJ tree...
0.012 seconds
Log-likelihood of BIONJ tree: -2718.898
--------------------------------------------------------------------
|             INITIALIZING CANDIDATE TREE SET                      |
--------------------------------------------------------------------
Generating 98 parsimony trees... 0.103 second
Computing log-likelihood of 98 initial trees ... 0.504 seconds
Current best score: -2708.034

Do NNI search on 20 best initial trees
Estimate model parameters (epsilon = 0.100)
BETTER TREE FOUND at iteration 1: -2704.342
UPDATE BEST LOG-LIKELIHOOD: -2704.340
UPDATE BEST LOG-LIKELIHOOD: -2704.340
Estimate model parameters (epsilon = 0.100)
BETTER TREE FOUND at iteration 6: -2702.805
Estimate model parameters (epsilon = 0.100)
BETTER TREE FOUND at iteration 10: -2702.149
Iteration 10 / LogL: -2702.149 / Time: 0h:0m:1s
Iteration 20 / LogL: -2706.495 / Time: 0h:0m:1s
Finish initializing candidate tree set (9)
Current best tree score: -2702.149 / CPU time: 1.646
Number of iterations: 20
--------------------------------------------------------------------
|               OPTIMIZING CANDIDATE TREE SET                      |
--------------------------------------------------------------------
Estimate model parameters (epsilon = 0.100)
BETTER TREE FOUND at iteration 29: -2701.985
Iteration 30 / LogL: -2704.934 / Time: 0h:0m:2s (0h:0m:7s left)
UPDATE BEST LOG-LIKELIHOOD: -2701.985
UPDATE BEST LOG-LIKELIHOOD: -2701.985
Iteration 40 / LogL: -2703.259 / Time: 0h:0m:2s (0h:0m:6s left)
UPDATE BEST LOG-LIKELIHOOD: -2701.984
UPDATE BEST LOG-LIKELIHOOD: -2701.984
Iteration 50 / LogL: -2701.984 / Time: 0h:0m:3s (0h:0m:4s left)
UPDATE BEST LOG-LIKELIHOOD: -2701.984
Iteration 60 / LogL: -2702.196 / Time: 0h:0m:3s (0h:0m:4s left)
Iteration 70 / LogL: -2701.985 / Time: 0h:0m:4s (0h:0m:3s left)
Iteration 80 / LogL: -2702.206 / Time: 0h:0m:4s (0h:0m:2s left)
Iteration 90 / LogL: -2701.984 / Time: 0h:0m:5s (0h:0m:2s left)
Iteration 100 / LogL: -2707.860 / Time: 0h:0m:5s (0h:0m:1s left)
Iteration 110 / LogL: -2701.986 / Time: 0h:0m:6s (0h:0m:1s left)
Iteration 120 / LogL: -2702.866 / Time: 0h:0m:6s (0h:0m:0s left)
UPDATE BEST LOG-LIKELIHOOD: -2701.984
Iteration 130 / LogL: -2702.200 / Time: 0h:0m:6s (0h:0m:-1s left)
TREE SEARCH COMPLETED AFTER 130 ITERATIONS / Time: 0h:0m:6s

--------------------------------------------------------------------
|                    FINALIZING TREE SEARCH                        |
--------------------------------------------------------------------
Performs final model parameters optimization
Estimate model parameters (epsilon = 0.010)
1. Initial log-likelihood: -2701.984
Optimal log-likelihood: -2701.984
Gamma shape alpha: 3.101
Parameters optimization took 1 rounds (0.009 sec)
BEST SCORE FOUND : -2701.984
Total tree length: 6.542

Total number of iterations: 130
CPU time used for tree search: 6.707 sec (0h:0m:6s)
Wall-clock time used for tree search: 6.820 sec (0h:0m:6s)
Total CPU time used: 6.824 sec (0h:0m:6s)
Total wall-clock time used: 6.956 sec (0h:0m:6s)

===> START BOOTSTRAP REPLICATE NUMBER 2

Creating bootstrap alignment (seed: 762975)...
WARNING: States(s) E, I, K, M rarely appear in alignment and may cause numerical problems

Create initial parsimony tree by phylogenetic likelihood library (PLL)... 0.001 seconds
Reading model parameters from file /Users/mful870/Desktop/MD_3di_Dev_02Oct24/Scriptorum/SubstitutionMatrix/3di_substmat

NOTE: 1 MB RAM (0 GB) is required!
Estimate model parameters (epsilon = 0.100)
1. Initial log-likelihood: -2655.234
2. Current log-likelihood: -2616.224
3. Current log-likelihood: -2615.499
Optimal log-likelihood: -2615.477
Gamma shape alpha: 2.252
Parameters optimization took 3 rounds (0.039 sec)
Computing ML distances based on estimated model parameters... 0.042 sec
Computing BIONJ tree...
0.011 seconds
Log-likelihood of BIONJ tree: -2619.905
--------------------------------------------------------------------
|             INITIALIZING CANDIDATE TREE SET                      |
--------------------------------------------------------------------
Generating 98 parsimony trees... 0.098 second
Computing log-likelihood of 98 initial trees ... 0.528 seconds
Current best score: -2612.389

Do NNI search on 20 best initial trees
Estimate model parameters (epsilon = 0.100)
BETTER TREE FOUND at iteration 1: -2610.234
Iteration 10 / LogL: -2611.343 / Time: 0h:0m:1s
Iteration 20 / LogL: -2610.254 / Time: 0h:0m:1s
Finish initializing candidate tree set (3)
Current best tree score: -2610.234 / CPU time: 1.435
Number of iterations: 20
--------------------------------------------------------------------
|               OPTIMIZING CANDIDATE TREE SET                      |
--------------------------------------------------------------------
UPDATE BEST LOG-LIKELIHOOD: -2610.234
Iteration 30 / LogL: -2610.260 / Time: 0h:0m:2s (0h:0m:4s left)
Iteration 40 / LogL: -2611.285 / Time: 0h:0m:2s (0h:0m:3s left)
Iteration 50 / LogL: -2610.262 / Time: 0h:0m:3s (0h:0m:3s left)
Iteration 60 / LogL: -2612.048 / Time: 0h:0m:3s (0h:0m:2s left)
Iteration 70 / LogL: -2611.540 / Time: 0h:0m:4s (0h:0m:1s left)
Iteration 80 / LogL: -2610.260 / Time: 0h:0m:4s (0h:0m:1s left)
Iteration 90 / LogL: -2611.723 / Time: 0h:0m:5s (0h:0m:0s left)
Iteration 100 / LogL: -2610.252 / Time: 0h:0m:5s (0h:0m:0s left)
TREE SEARCH COMPLETED AFTER 102 ITERATIONS / Time: 0h:0m:5s

--------------------------------------------------------------------
|                    FINALIZING TREE SEARCH                        |
--------------------------------------------------------------------
Performs final model parameters optimization
Estimate model parameters (epsilon = 0.010)
1. Initial log-likelihood: -2610.234
Optimal log-likelihood: -2610.233
Gamma shape alpha: 2.317
Parameters optimization took 1 rounds (0.010 sec)
BEST SCORE FOUND : -2610.233
Total tree length: 6.878

Total number of iterations: 102
CPU time used for tree search: 5.505 sec (0h:0m:5s)
Wall-clock time used for tree search: 5.679 sec (0h:0m:5s)
Total CPU time used: 5.618 sec (0h:0m:5s)
Total wall-clock time used: 5.816 sec (0h:0m:5s)

===> START BOOTSTRAP REPLICATE NUMBER 3

Creating bootstrap alignment (seed: 762976)...
WARNING: States(s) E, I, K, M rarely appear in alignment and may cause numerical problems

Create initial parsimony tree by phylogenetic likelihood library (PLL)... 0.001 seconds
Reading model parameters from file /Users/mful870/Desktop/MD_3di_Dev_02Oct24/Scriptorum/SubstitutionMatrix/3di_substmat

NOTE: 0 MB RAM (0 GB) is required!
Estimate model parameters (epsilon = 0.100)
1. Initial log-likelihood: -2708.099
2. Current log-likelihood: -2669.026
3. Current log-likelihood: -2668.064
Optimal log-likelihood: -2668.049
Gamma shape alpha: 2.408
Parameters optimization took 3 rounds (0.044 sec)
Computing ML distances based on estimated model parameters... 0.048 sec
Computing BIONJ tree...
0.012 seconds
Log-likelihood of BIONJ tree: -2656.204
--------------------------------------------------------------------
|             INITIALIZING CANDIDATE TREE SET                      |
--------------------------------------------------------------------
Generating 98 parsimony trees... 0.106 second
Computing log-likelihood of 98 initial trees ... 0.486 seconds
Current best score: -2656.204

Do NNI search on 20 best initial trees
Estimate model parameters (epsilon = 0.100)
BETTER TREE FOUND at iteration 1: -2652.342
Estimate model parameters (epsilon = 0.100)
BETTER TREE FOUND at iteration 6: -2652.161
Iteration 10 / LogL: -2652.351 / Time: 0h:0m:1s
Iteration 20 / LogL: -2654.627 / Time: 0h:0m:1s
Finish initializing candidate tree set (6)
Current best tree score: -2652.161 / CPU time: 1.444
Number of iterations: 20
--------------------------------------------------------------------
|               OPTIMIZING CANDIDATE TREE SET                      |
--------------------------------------------------------------------
Iteration 30 / LogL: -2655.162 / Time: 0h:0m:1s (0h:0m:5s left)
Estimate model parameters (epsilon = 0.100)
BETTER TREE FOUND at iteration 33: -2652.131
UPDATE BEST LOG-LIKELIHOOD: -2652.131
Iteration 40 / LogL: -2652.348 / Time: 0h:0m:2s (0h:0m:5s left)
Iteration 50 / LogL: -2654.467 / Time: 0h:0m:2s (0h:0m:4s left)
UPDATE BEST LOG-LIKELIHOOD: -2652.131
Iteration 60 / LogL: -2652.162 / Time: 0h:0m:3s (0h:0m:4s left)
Iteration 70 / LogL: -2652.477 / Time: 0h:0m:3s (0h:0m:3s left)
Iteration 80 / LogL: -2652.131 / Time: 0h:0m:4s (0h:0m:2s left)
Iteration 90 / LogL: -2652.356 / Time: 0h:0m:4s (0h:0m:2s left)
UPDATE BEST LOG-LIKELIHOOD: -2652.131
Iteration 100 / LogL: -2652.131 / Time: 0h:0m:5s (0h:0m:1s left)
Iteration 110 / LogL: -2652.131 / Time: 0h:0m:5s (0h:0m:1s left)
Iteration 120 / LogL: -2652.499 / Time: 0h:0m:6s (0h:0m:0s left)
Iteration 130 / LogL: -2652.162 / Time: 0h:0m:6s (0h:0m:0s left)
TREE SEARCH COMPLETED AFTER 134 ITERATIONS / Time: 0h:0m:6s

--------------------------------------------------------------------
|                    FINALIZING TREE SEARCH                        |
--------------------------------------------------------------------
Performs final model parameters optimization
Estimate model parameters (epsilon = 0.010)
1. Initial log-likelihood: -2652.131
Optimal log-likelihood: -2652.131
Gamma shape alpha: 2.596
Parameters optimization took 1 rounds (0.009 sec)
BEST SCORE FOUND : -2652.131
Total tree length: 7.532

Total number of iterations: 134
CPU time used for tree search: 6.616 sec (0h:0m:6s)
Wall-clock time used for tree search: 6.729 sec (0h:0m:6s)
Total CPU time used: 6.744 sec (0h:0m:6s)
Total wall-clock time used: 6.878 sec (0h:0m:6s)

===> START BOOTSTRAP REPLICATE NUMBER 4

Creating bootstrap alignment (seed: 762977)...
WARNING: States(s) E, I, K, M, W rarely appear in alignment and may cause numerical problems

Create initial parsimony tree by phylogenetic likelihood library (PLL)... 0.001 seconds
Reading model parameters from file /Users/mful870/Desktop/MD_3di_Dev_02Oct24/Scriptorum/SubstitutionMatrix/3di_substmat

NOTE: 1 MB RAM (0 GB) is required!
Estimate model parameters (epsilon = 0.100)
1. Initial log-likelihood: -2615.174
2. Current log-likelihood: -2577.670
3. Current log-likelihood: -2576.425
Optimal log-likelihood: -2576.403
Gamma shape alpha: 2.245
Parameters optimization took 3 rounds (0.048 sec)
Computing ML distances based on estimated model parameters... 0.047 sec
Computing BIONJ tree...
0.011 seconds
Log-likelihood of BIONJ tree: -2581.216
--------------------------------------------------------------------
|             INITIALIZING CANDIDATE TREE SET                      |
--------------------------------------------------------------------
Generating 98 parsimony trees... 0.098 second
Computing log-likelihood of 98 initial trees ... 0.547 seconds
Current best score: -2574.925

Do NNI search on 20 best initial trees
Estimate model parameters (epsilon = 0.100)
BETTER TREE FOUND at iteration 1: -2574.492
Estimate model parameters (epsilon = 0.100)
BETTER TREE FOUND at iteration 4: -2574.290
Iteration 10 / LogL: -2574.518 / Time: 0h:0m:1s
Iteration 20 / LogL: -2574.576 / Time: 0h:0m:1s
Finish initializing candidate tree set (7)
Current best tree score: -2574.290 / CPU time: 1.522
Number of iterations: 20
--------------------------------------------------------------------
|               OPTIMIZING CANDIDATE TREE SET                      |
--------------------------------------------------------------------
UPDATE BEST LOG-LIKELIHOOD: -2574.290
Iteration 30 / LogL: -2574.629 / Time: 0h:0m:2s (0h:0m:5s left)
Iteration 40 / LogL: -2574.292 / Time: 0h:0m:2s (0h:0m:4s left)
Iteration 50 / LogL: -2574.291 / Time: 0h:0m:3s (0h:0m:3s left)
Iteration 60 / LogL: -2574.556 / Time: 0h:0m:3s (0h:0m:2s left)
Iteration 70 / LogL: -2574.292 / Time: 0h:0m:4s (0h:0m:2s left)
Iteration 80 / LogL: -2574.768 / Time: 0h:0m:4s (0h:0m:1s left)
Iteration 90 / LogL: -2574.807 / Time: 0h:0m:5s (0h:0m:0s left)
Iteration 100 / LogL: -2574.602 / Time: 0h:0m:5s (0h:0m:0s left)
TREE SEARCH COMPLETED AFTER 105 ITERATIONS / Time: 0h:0m:5s

--------------------------------------------------------------------
|                    FINALIZING TREE SEARCH                        |
--------------------------------------------------------------------
Performs final model parameters optimization
Estimate model parameters (epsilon = 0.010)
1. Initial log-likelihood: -2574.290
Optimal log-likelihood: -2574.289
Gamma shape alpha: 2.341
Parameters optimization took 1 rounds (0.011 sec)
BEST SCORE FOUND : -2574.289
Total tree length: 6.700

Total number of iterations: 105
CPU time used for tree search: 5.599 sec (0h:0m:5s)
Wall-clock time used for tree search: 5.732 sec (0h:0m:5s)
Total CPU time used: 5.725 sec (0h:0m:5s)
Total wall-clock time used: 5.911 sec (0h:0m:5s)

===> START BOOTSTRAP REPLICATE NUMBER 5

Creating bootstrap alignment (seed: 762978)...
WARNING: States(s) E, I, K, M rarely appear in alignment and may cause numerical problems

Create initial parsimony tree by phylogenetic likelihood library (PLL)... 0.002 seconds
Reading model parameters from file /Users/mful870/Desktop/MD_3di_Dev_02Oct24/Scriptorum/SubstitutionMatrix/3di_substmat

NOTE: 0 MB RAM (0 GB) is required!
Estimate model parameters (epsilon = 0.100)
1. Initial log-likelihood: -2570.950
2. Current log-likelihood: -2535.517
3. Current log-likelihood: -2534.635
Optimal log-likelihood: -2534.616
Gamma shape alpha: 2.018
Parameters optimization took 3 rounds (0.053 sec)
Computing ML distances based on estimated model parameters... 0.052 sec
Computing BIONJ tree...
0.011 seconds
Log-likelihood of BIONJ tree: -2529.600
--------------------------------------------------------------------
|             INITIALIZING CANDIDATE TREE SET                      |
--------------------------------------------------------------------
Generating 98 parsimony trees... 0.116 second
Computing log-likelihood of 97 initial trees ... 0.517 seconds
Current best score: -2529.600

Do NNI search on 20 best initial trees
Estimate model parameters (epsilon = 0.100)
BETTER TREE FOUND at iteration 1: -2529.573
Estimate model parameters (epsilon = 0.100)
BETTER TREE FOUND at iteration 6: -2526.532
UPDATE BEST LOG-LIKELIHOOD: -2526.532
Iteration 10 / LogL: -2529.745 / Time: 0h:0m:1s
UPDATE BEST LOG-LIKELIHOOD: -2526.531
Iteration 20 / LogL: -2530.240 / Time: 0h:0m:1s
Finish initializing candidate tree set (10)
Current best tree score: -2526.531 / CPU time: 1.776
Number of iterations: 20
--------------------------------------------------------------------
|               OPTIMIZING CANDIDATE TREE SET                      |
--------------------------------------------------------------------
Iteration 30 / LogL: -2530.330 / Time: 0h:0m:2s (0h:0m:6s left)
WARNING: NNI search needs unusual large number of steps (13) to converge!
Iteration 40 / LogL: -2527.456 / Time: 0h:0m:3s (0h:0m:5s left)
Iteration 50 / LogL: -2526.532 / Time: 0h:0m:3s (0h:0m:4s left)
Iteration 60 / LogL: -2527.252 / Time: 0h:0m:4s (0h:0m:3s left)
Iteration 70 / LogL: -2527.456 / Time: 0h:0m:4s (0h:0m:2s left)
Iteration 80 / LogL: -2527.456 / Time: 0h:0m:5s (0h:0m:1s left)
Iteration 90 / LogL: -2527.456 / Time: 0h:0m:6s (0h:0m:1s left)
Iteration 100 / LogL: -2527.456 / Time: 0h:0m:6s (0h:0m:0s left)
TREE SEARCH COMPLETED AFTER 107 ITERATIONS / Time: 0h:0m:7s

--------------------------------------------------------------------
|                    FINALIZING TREE SEARCH                        |
--------------------------------------------------------------------
Performs final model parameters optimization
Estimate model parameters (epsilon = 0.010)
1. Initial log-likelihood: -2526.531
Optimal log-likelihood: -2526.530
Gamma shape alpha: 1.724
Parameters optimization took 1 rounds (0.007 sec)
BEST SCORE FOUND : -2526.530
Total tree length: 7.692

Total number of iterations: 107
CPU time used for tree search: 6.732 sec (0h:0m:6s)
Wall-clock time used for tree search: 6.838 sec (0h:0m:6s)
Total CPU time used: 6.875 sec (0h:0m:6s)
Total wall-clock time used: 7.030 sec (0h:0m:7s)

===> START BOOTSTRAP REPLICATE NUMBER 6

Creating bootstrap alignment (seed: 762979)...
WARNING: States(s) E, I, K, M rarely appear in alignment and may cause numerical problems

Create initial parsimony tree by phylogenetic likelihood library (PLL)... 0.001 seconds
Reading model parameters from file /Users/mful870/Desktop/MD_3di_Dev_02Oct24/Scriptorum/SubstitutionMatrix/3di_substmat

NOTE: 0 MB RAM (0 GB) is required!
Estimate model parameters (epsilon = 0.100)
1. Initial log-likelihood: -2437.232
2. Current log-likelihood: -2397.739
3. Current log-likelihood: -2396.939
Optimal log-likelihood: -2396.923
Gamma shape alpha: 1.570
Parameters optimization took 3 rounds (0.040 sec)
Computing ML distances based on estimated model parameters... 0.049 sec
Computing BIONJ tree...
0.010 seconds
Log-likelihood of BIONJ tree: -2408.785
--------------------------------------------------------------------
|             INITIALIZING CANDIDATE TREE SET                      |
--------------------------------------------------------------------
Generating 98 parsimony trees... 0.101 second
Computing log-likelihood of 98 initial trees ... 0.499 seconds
Current best score: -2393.925

Do NNI search on 20 best initial trees
Estimate model parameters (epsilon = 0.100)
BETTER TREE FOUND at iteration 1: -2392.133
Estimate model parameters (epsilon = 0.100)
BETTER TREE FOUND at iteration 2: -2391.045
Iteration 10 / LogL: -2392.163 / Time: 0h:0m:1s
Estimate model parameters (epsilon = 0.100)
BETTER TREE FOUND at iteration 20: -2390.330
Iteration 20 / LogL: -2390.330 / Time: 0h:0m:1s
Finish initializing candidate tree set (7)
Current best tree score: -2390.330 / CPU time: 1.375
Number of iterations: 20
--------------------------------------------------------------------
|               OPTIMIZING CANDIDATE TREE SET                      |
--------------------------------------------------------------------
Estimate model parameters (epsilon = 0.100)
BETTER TREE FOUND at iteration 21: -2389.932
UPDATE BEST LOG-LIKELIHOOD: -2389.931
Iteration 30 / LogL: -2392.567 / Time: 0h:0m:1s (0h:0m:5s left)
Estimate model parameters (epsilon = 0.100)
BETTER TREE FOUND at iteration 38: -2389.837
Iteration 40 / LogL: -2391.484 / Time: 0h:0m:2s (0h:0m:6s left)
Iteration 50 / LogL: -2389.847 / Time: 0h:0m:2s (0h:0m:5s left)
Iteration 60 / LogL: -2390.015 / Time: 0h:0m:3s (0h:0m:4s left)
Iteration 70 / LogL: -2389.995 / Time: 0h:0m:3s (0h:0m:3s left)
Iteration 80 / LogL: -2393.105 / Time: 0h:0m:4s (0h:0m:3s left)
Iteration 90 / LogL: -2390.461 / Time: 0h:0m:4s (0h:0m:2s left)
Iteration 100 / LogL: -2391.484 / Time: 0h:0m:5s (0h:0m:2s left)
Iteration 110 / LogL: -2390.484 / Time: 0h:0m:5s (0h:0m:1s left)
Iteration 120 / LogL: -2390.012 / Time: 0h:0m:6s (0h:0m:0s left)
Iteration 130 / LogL: -2389.940 / Time: 0h:0m:6s (0h:0m:0s left)
TREE SEARCH COMPLETED AFTER 139 ITERATIONS / Time: 0h:0m:7s

--------------------------------------------------------------------
|                    FINALIZING TREE SEARCH                        |
--------------------------------------------------------------------
Performs final model parameters optimization
Estimate model parameters (epsilon = 0.010)
1. Initial log-likelihood: -2389.837
Optimal log-likelihood: -2389.836
Gamma shape alpha: 1.437
Parameters optimization took 1 rounds (0.039 sec)
BEST SCORE FOUND : -2389.836
Total tree length: 7.564

Total number of iterations: 139
CPU time used for tree search: 6.462 sec (0h:0m:6s)
Wall-clock time used for tree search: 6.944 sec (0h:0m:6s)
Total CPU time used: 6.584 sec (0h:0m:6s)
Total wall-clock time used: 7.119 sec (0h:0m:7s)

===> START BOOTSTRAP REPLICATE NUMBER 7

Creating bootstrap alignment (seed: 762980)...
WARNING: States(s) E, I, K, M rarely appear in alignment and may cause numerical problems

Create initial parsimony tree by phylogenetic likelihood library (PLL)... 0.011 seconds
Reading model parameters from file /Users/mful870/Desktop/MD_3di_Dev_02Oct24/Scriptorum/SubstitutionMatrix/3di_substmat

NOTE: 1 MB RAM (0 GB) is required!
Estimate model parameters (epsilon = 0.100)
1. Initial log-likelihood: -2551.938
2. Current log-likelihood: -2512.992
3. Current log-likelihood: -2512.179
Optimal log-likelihood: -2512.140
Gamma shape alpha: 2.256
Parameters optimization took 3 rounds (0.075 sec)
Computing ML distances based on estimated model parameters... 0.045 sec
Computing BIONJ tree...
0.024 seconds
Log-likelihood of BIONJ tree: -2510.459
--------------------------------------------------------------------
|             INITIALIZING CANDIDATE TREE SET                      |
--------------------------------------------------------------------
Generating 98 parsimony trees... 0.121 second
Computing log-likelihood of 96 initial trees ... 0.477 seconds
Current best score: -2510.459

Do NNI search on 20 best initial trees
Estimate model parameters (epsilon = 0.100)
BETTER TREE FOUND at iteration 1: -2506.778
Iteration 10 / LogL: -2506.788 / Time: 0h:0m:1s
Iteration 20 / LogL: -2506.851 / Time: 0h:0m:1s
Finish initializing candidate tree set (3)
Current best tree score: -2506.778 / CPU time: 1.454
Number of iterations: 20
--------------------------------------------------------------------
|               OPTIMIZING CANDIDATE TREE SET                      |
--------------------------------------------------------------------
Iteration 30 / LogL: -2506.807 / Time: 0h:0m:2s (0h:0m:5s left)
Iteration 40 / LogL: -2506.796 / Time: 0h:0m:2s (0h:0m:4s left)
Iteration 50 / LogL: -2506.804 / Time: 0h:0m:3s (0h:0m:3s left)
Iteration 60 / LogL: -2512.018 / Time: 0h:0m:3s (0h:0m:2s left)
Iteration 70 / LogL: -2511.952 / Time: 0h:0m:4s (0h:0m:1s left)
Iteration 80 / LogL: -2506.985 / Time: 0h:0m:4s (0h:0m:1s left)
Iteration 90 / LogL: -2506.796 / Time: 0h:0m:5s (0h:0m:0s left)
Iteration 100 / LogL: -2507.210 / Time: 0h:0m:5s (0h:0m:0s left)
TREE SEARCH COMPLETED AFTER 102 ITERATIONS / Time: 0h:0m:5s

--------------------------------------------------------------------
|                    FINALIZING TREE SEARCH                        |
--------------------------------------------------------------------
Performs final model parameters optimization
Estimate model parameters (epsilon = 0.010)
1. Initial log-likelihood: -2506.778
Optimal log-likelihood: -2506.777
Gamma shape alpha: 3.102
Parameters optimization took 1 rounds (0.010 sec)
BEST SCORE FOUND : -2506.777
Total tree length: 5.850

Total number of iterations: 102
CPU time used for tree search: 5.345 sec (0h:0m:5s)
Wall-clock time used for tree search: 5.579 sec (0h:0m:5s)
Total CPU time used: 5.471 sec (0h:0m:5s)
Total wall-clock time used: 5.874 sec (0h:0m:5s)

===> START BOOTSTRAP REPLICATE NUMBER 8

Creating bootstrap alignment (seed: 762981)...
WARNING: States(s) E, I, K, M rarely appear in alignment and may cause numerical problems

Create initial parsimony tree by phylogenetic likelihood library (PLL)... 0.001 seconds
Reading model parameters from file /Users/mful870/Desktop/MD_3di_Dev_02Oct24/Scriptorum/SubstitutionMatrix/3di_substmat

NOTE: 0 MB RAM (0 GB) is required!
Estimate model parameters (epsilon = 0.100)
1. Initial log-likelihood: -2773.943
2. Current log-likelihood: -2734.443
3. Current log-likelihood: -2733.856
Optimal log-likelihood: -2733.836
Gamma shape alpha: 2.109
Parameters optimization took 3 rounds (0.053 sec)
Computing ML distances based on estimated model parameters... 0.052 sec
Computing BIONJ tree...
0.015 seconds
Log-likelihood of BIONJ tree: -2723.401
--------------------------------------------------------------------
|             INITIALIZING CANDIDATE TREE SET                      |
--------------------------------------------------------------------
Generating 98 parsimony trees... 0.103 second
Computing log-likelihood of 98 initial trees ... 0.576 seconds
Current best score: -2714.973

Do NNI search on 20 best initial trees
Estimate model parameters (epsilon = 0.100)
BETTER TREE FOUND at iteration 1: -2712.477
BETTER TREE FOUND at iteration 2: -2712.476
UPDATE BEST LOG-LIKELIHOOD: -2712.476
Iteration 10 / LogL: -2712.476 / Time: 0h:0m:1s
UPDATE BEST LOG-LIKELIHOOD: -2712.476
Iteration 20 / LogL: -2712.476 / Time: 0h:0m:1s
Finish initializing candidate tree set (4)
Current best tree score: -2712.476 / CPU time: 1.842
Number of iterations: 20
--------------------------------------------------------------------
|               OPTIMIZING CANDIDATE TREE SET                      |
--------------------------------------------------------------------
UPDATE BEST LOG-LIKELIHOOD: -2712.476
Iteration 30 / LogL: -2712.476 / Time: 0h:0m:2s (0h:0m:6s left)
Iteration 40 / LogL: -2712.476 / Time: 0h:0m:3s (0h:0m:5s left)
Iteration 50 / LogL: -2712.476 / Time: 0h:0m:3s (0h:0m:4s left)
Iteration 60 / LogL: -2712.477 / Time: 0h:0m:4s (0h:0m:3s left)
UPDATE BEST LOG-LIKELIHOOD: -2712.476
Iteration 70 / LogL: -2712.476 / Time: 0h:0m:5s (0h:0m:2s left)
Iteration 80 / LogL: -2712.476 / Time: 0h:0m:5s (0h:0m:1s left)
Iteration 90 / LogL: -2713.387 / Time: 0h:0m:6s (0h:0m:0s left)
Iteration 100 / LogL: -2712.477 / Time: 0h:0m:6s (0h:0m:0s left)
TREE SEARCH COMPLETED AFTER 103 ITERATIONS / Time: 0h:0m:7s

--------------------------------------------------------------------
|                    FINALIZING TREE SEARCH                        |
--------------------------------------------------------------------
Performs final model parameters optimization
Estimate model parameters (epsilon = 0.010)
1. Initial log-likelihood: -2712.476
Optimal log-likelihood: -2712.476
Gamma shape alpha: 2.230
Parameters optimization took 1 rounds (0.010 sec)
BEST SCORE FOUND : -2712.476
Total tree length: 6.790

Total number of iterations: 103
CPU time used for tree search: 6.731 sec (0h:0m:6s)
Wall-clock time used for tree search: 6.932 sec (0h:0m:6s)
Total CPU time used: 6.880 sec (0h:0m:6s)
Total wall-clock time used: 7.106 sec (0h:0m:7s)

===> START BOOTSTRAP REPLICATE NUMBER 9

Creating bootstrap alignment (seed: 762982)...
WARNING: States(s) E, I, K, M, W, Y rarely appear in alignment and may cause numerical problems

Create initial parsimony tree by phylogenetic likelihood library (PLL)... 0.001 seconds
Reading model parameters from file /Users/mful870/Desktop/MD_3di_Dev_02Oct24/Scriptorum/SubstitutionMatrix/3di_substmat

NOTE: 0 MB RAM (0 GB) is required!
Estimate model parameters (epsilon = 0.100)
1. Initial log-likelihood: -2474.134
2. Current log-likelihood: -2429.483
3. Current log-likelihood: -2428.861
Optimal log-likelihood: -2428.839
Gamma shape alpha: 1.878
Parameters optimization took 3 rounds (0.045 sec)
Computing ML distances based on estimated model parameters... 0.057 sec
Computing BIONJ tree...
0.012 seconds
Log-likelihood of BIONJ tree: -2418.862
--------------------------------------------------------------------
|             INITIALIZING CANDIDATE TREE SET                      |
--------------------------------------------------------------------
Generating 98 parsimony trees... 0.104 second
Computing log-likelihood of 98 initial trees ... 0.548 seconds
Current best score: -2418.862

Do NNI search on 20 best initial trees
Estimate model parameters (epsilon = 0.100)
BETTER TREE FOUND at iteration 1: -2418.507
Estimate model parameters (epsilon = 0.100)
BETTER TREE FOUND at iteration 2: -2417.669
Estimate model parameters (epsilon = 0.100)
BETTER TREE FOUND at iteration 3: -2417.624
BETTER TREE FOUND at iteration 4: -2417.624
Iteration 10 / LogL: -2419.225 / Time: 0h:0m:1s
Iteration 20 / LogL: -2429.186 / Time: 0h:0m:1s
Finish initializing candidate tree set (8)
Current best tree score: -2417.624 / CPU time: 1.630
Number of iterations: 20
--------------------------------------------------------------------
|               OPTIMIZING CANDIDATE TREE SET                      |
--------------------------------------------------------------------
Iteration 30 / LogL: -2417.625 / Time: 0h:0m:2s (0h:0m:6s left)
Iteration 40 / LogL: -2417.689 / Time: 0h:0m:3s (0h:0m:4s left)
Iteration 50 / LogL: -2417.624 / Time: 0h:0m:3s (0h:0m:4s left)
Iteration 60 / LogL: -2417.631 / Time: 0h:0m:4s (0h:0m:3s left)
Iteration 70 / LogL: -2417.624 / Time: 0h:0m:4s (0h:0m:2s left)
Iteration 80 / LogL: -2417.866 / Time: 0h:0m:5s (0h:0m:1s left)
Iteration 90 / LogL: -2417.625 / Time: 0h:0m:6s (0h:0m:0s left)
Iteration 100 / LogL: -2417.624 / Time: 0h:0m:6s (0h:0m:0s left)
TREE SEARCH COMPLETED AFTER 105 ITERATIONS / Time: 0h:0m:6s

--------------------------------------------------------------------
|                    FINALIZING TREE SEARCH                        |
--------------------------------------------------------------------
Performs final model parameters optimization
Estimate model parameters (epsilon = 0.010)
1. Initial log-likelihood: -2417.624
Optimal log-likelihood: -2417.624
Gamma shape alpha: 2.412
Parameters optimization took 1 rounds (0.008 sec)
BEST SCORE FOUND : -2417.624
Total tree length: 7.397

Total number of iterations: 105
CPU time used for tree search: 6.642 sec (0h:0m:6s)
Wall-clock time used for tree search: 6.812 sec (0h:0m:6s)
Total CPU time used: 6.776 sec (0h:0m:6s)
Total wall-clock time used: 6.968 sec (0h:0m:6s)

===> START BOOTSTRAP REPLICATE NUMBER 10

Creating bootstrap alignment (seed: 762983)...
WARNING: States(s) E, I, K, M, Y rarely appear in alignment and may cause numerical problems

Create initial parsimony tree by phylogenetic likelihood library (PLL)... 0.001 seconds
Reading model parameters from file /Users/mful870/Desktop/MD_3di_Dev_02Oct24/Scriptorum/SubstitutionMatrix/3di_substmat

NOTE: 0 MB RAM (0 GB) is required!
Estimate model parameters (epsilon = 0.100)
1. Initial log-likelihood: -2596.682
2. Current log-likelihood: -2562.563
3. Current log-likelihood: -2562.164
Optimal log-likelihood: -2562.136
Gamma shape alpha: 1.500
Parameters optimization took 3 rounds (0.033 sec)
Computing ML distances based on estimated model parameters... 0.052 sec
Computing BIONJ tree...
0.029 seconds
Log-likelihood of BIONJ tree: -2565.197
--------------------------------------------------------------------
|             INITIALIZING CANDIDATE TREE SET                      |
--------------------------------------------------------------------
Generating 98 parsimony trees... 0.085 second
Computing log-likelihood of 98 initial trees ... 0.509 seconds
Current best score: -2560.543

Do NNI search on 20 best initial trees
Estimate model parameters (epsilon = 0.100)
BETTER TREE FOUND at iteration 1: -2559.500
Estimate model parameters (epsilon = 0.100)
BETTER TREE FOUND at iteration 2: -2550.837
Iteration 10 / LogL: -2562.923 / Time: 0h:0m:1s
Iteration 20 / LogL: -2560.276 / Time: 0h:0m:2s
Finish initializing candidate tree set (9)
Current best tree score: -2550.837 / CPU time: 1.896
Number of iterations: 20
--------------------------------------------------------------------
|               OPTIMIZING CANDIDATE TREE SET                      |
--------------------------------------------------------------------
Iteration 30 / LogL: -2550.948 / Time: 0h:0m:2s (0h:0m:6s left)
Iteration 40 / LogL: -2559.987 / Time: 0h:0m:3s (0h:0m:4s left)
Iteration 50 / LogL: -2551.167 / Time: 0h:0m:3s (0h:0m:3s left)
Iteration 60 / LogL: -2550.857 / Time: 0h:0m:4s (0h:0m:3s left)
Iteration 70 / LogL: -2559.503 / Time: 0h:0m:4s (0h:0m:2s left)
Iteration 80 / LogL: -2550.856 / Time: 0h:0m:5s (0h:0m:1s left)
Iteration 90 / LogL: -2550.873 / Time: 0h:0m:6s (0h:0m:0s left)
Iteration 100 / LogL: -2551.256 / Time: 0h:0m:6s (0h:0m:0s left)
UPDATE BEST LOG-LIKELIHOOD: -2550.836
TREE SEARCH COMPLETED AFTER 103 ITERATIONS / Time: 0h:0m:6s

--------------------------------------------------------------------
|                    FINALIZING TREE SEARCH                        |
--------------------------------------------------------------------
Performs final model parameters optimization
Estimate model parameters (epsilon = 0.010)
1. Initial log-likelihood: -2550.836
Optimal log-likelihood: -2550.834
Gamma shape alpha: 1.446
Parameters optimization took 1 rounds (0.008 sec)
BEST SCORE FOUND : -2550.834
Total tree length: 7.064

Total number of iterations: 103
CPU time used for tree search: 6.653 sec (0h:0m:6s)
Wall-clock time used for tree search: 6.763 sec (0h:0m:6s)
Total CPU time used: 6.769 sec (0h:0m:6s)
Total wall-clock time used: 6.922 sec (0h:0m:6s)

===> START BOOTSTRAP REPLICATE NUMBER 11

Creating bootstrap alignment (seed: 762984)...
WARNING: States(s) E, I, K, M, W rarely appear in alignment and may cause numerical problems

Create initial parsimony tree by phylogenetic likelihood library (PLL)... 0.001 seconds
Reading model parameters from file /Users/mful870/Desktop/MD_3di_Dev_02Oct24/Scriptorum/SubstitutionMatrix/3di_substmat

NOTE: 1 MB RAM (0 GB) is required!
Estimate model parameters (epsilon = 0.100)
1. Initial log-likelihood: -2643.117
2. Current log-likelihood: -2608.012
3. Current log-likelihood: -2607.363
Optimal log-likelihood: -2607.334
Gamma shape alpha: 1.857
Parameters optimization took 3 rounds (0.038 sec)
Computing ML distances based on estimated model parameters... 0.046 sec
Computing BIONJ tree...
0.012 seconds
Log-likelihood of BIONJ tree: -2598.464
--------------------------------------------------------------------
|             INITIALIZING CANDIDATE TREE SET                      |
--------------------------------------------------------------------
Generating 98 parsimony trees... 0.107 second
Computing log-likelihood of 98 initial trees ... 0.592 seconds
Current best score: -2598.464

Do NNI search on 20 best initial trees
Estimate model parameters (epsilon = 0.100)
BETTER TREE FOUND at iteration 1: -2598.430
Iteration 10 / LogL: -2598.440 / Time: 0h:0m:1s
Iteration 20 / LogL: -2598.856 / Time: 0h:0m:2s
Finish initializing candidate tree set (4)
Current best tree score: -2598.430 / CPU time: 2.027
Number of iterations: 20
--------------------------------------------------------------------
|               OPTIMIZING CANDIDATE TREE SET                      |
--------------------------------------------------------------------
Iteration 30 / LogL: -2598.527 / Time: 0h:0m:2s (0h:0m:6s left)
Iteration 40 / LogL: -2598.436 / Time: 0h:0m:3s (0h:0m:4s left)
Iteration 50 / LogL: -2598.590 / Time: 0h:0m:3s (0h:0m:3s left)
Iteration 60 / LogL: -2603.191 / Time: 0h:0m:3s (0h:0m:2s left)
Iteration 70 / LogL: -2598.497 / Time: 0h:0m:4s (0h:0m:1s left)
Iteration 80 / LogL: -2603.247 / Time: 0h:0m:4s (0h:0m:1s left)
Iteration 90 / LogL: -2603.318 / Time: 0h:0m:5s (0h:0m:0s left)
Iteration 100 / LogL: -2598.479 / Time: 0h:0m:5s (0h:0m:0s left)
TREE SEARCH COMPLETED AFTER 102 ITERATIONS / Time: 0h:0m:5s

--------------------------------------------------------------------
|                    FINALIZING TREE SEARCH                        |
--------------------------------------------------------------------
Performs final model parameters optimization
Estimate model parameters (epsilon = 0.010)
1. Initial log-likelihood: -2598.430
Optimal log-likelihood: -2598.428
Gamma shape alpha: 1.963
Parameters optimization took 1 rounds (0.011 sec)
BEST SCORE FOUND : -2598.428
Total tree length: 6.894

Total number of iterations: 102
CPU time used for tree search: 5.250 sec (0h:0m:5s)
Wall-clock time used for tree search: 5.473 sec (0h:0m:5s)
Total CPU time used: 5.363 sec (0h:0m:5s)
Total wall-clock time used: 5.612 sec (0h:0m:5s)

===> START BOOTSTRAP REPLICATE NUMBER 12

Creating bootstrap alignment (seed: 762985)...
WARNING: States(s) E, I, K, M, W rarely appear in alignment and may cause numerical problems

Create initial parsimony tree by phylogenetic likelihood library (PLL)... 0.001 seconds
Reading model parameters from file /Users/mful870/Desktop/MD_3di_Dev_02Oct24/Scriptorum/SubstitutionMatrix/3di_substmat

NOTE: 1 MB RAM (0 GB) is required!
Estimate model parameters (epsilon = 0.100)
1. Initial log-likelihood: -2608.156
2. Current log-likelihood: -2551.804
3. Current log-likelihood: -2551.044
Optimal log-likelihood: -2551.025
Gamma shape alpha: 2.248
Parameters optimization took 3 rounds (0.042 sec)
Computing ML distances based on estimated model parameters... 0.045 sec
Computing BIONJ tree...
0.011 seconds
Log-likelihood of BIONJ tree: -2543.979
--------------------------------------------------------------------
|             INITIALIZING CANDIDATE TREE SET                      |
--------------------------------------------------------------------
Generating 98 parsimony trees... 0.115 second
Computing log-likelihood of 98 initial trees ... 0.512 seconds
Current best score: -2543.979

Do NNI search on 20 best initial trees
Estimate model parameters (epsilon = 0.100)
BETTER TREE FOUND at iteration 1: -2539.559
Estimate model parameters (epsilon = 0.100)
BETTER TREE FOUND at iteration 5: -2538.450
UPDATE BEST LOG-LIKELIHOOD: -2538.450
UPDATE BEST LOG-LIKELIHOOD: -2538.450
Iteration 10 / LogL: -2539.595 / Time: 0h:0m:1s
UPDATE BEST LOG-LIKELIHOOD: -2538.450
Iteration 20 / LogL: -2549.346 / Time: 0h:0m:1s
Finish initializing candidate tree set (5)
Current best tree score: -2538.450 / CPU time: 1.684
Number of iterations: 20
--------------------------------------------------------------------
|               OPTIMIZING CANDIDATE TREE SET                      |
--------------------------------------------------------------------
UPDATE BEST LOG-LIKELIHOOD: -2538.450
Iteration 30 / LogL: -2539.582 / Time: 0h:0m:2s (0h:0m:6s left)
Iteration 40 / LogL: -2539.587 / Time: 0h:0m:2s (0h:0m:4s left)
Iteration 50 / LogL: -2539.581 / Time: 0h:0m:3s (0h:0m:4s left)
UPDATE BEST LOG-LIKELIHOOD: -2538.450
Iteration 60 / LogL: -2545.270 / Time: 0h:0m:4s (0h:0m:3s left)
UPDATE BEST LOG-LIKELIHOOD: -2538.450
Iteration 70 / LogL: -2538.450 / Time: 0h:0m:4s (0h:0m:2s left)
Iteration 80 / LogL: -2539.598 / Time: 0h:0m:5s (0h:0m:1s left)
Iteration 90 / LogL: -2538.450 / Time: 0h:0m:5s (0h:0m:0s left)
Iteration 100 / LogL: -2539.588 / Time: 0h:0m:6s (0h:0m:0s left)
TREE SEARCH COMPLETED AFTER 106 ITERATIONS / Time: 0h:0m:6s

--------------------------------------------------------------------
|                    FINALIZING TREE SEARCH                        |
--------------------------------------------------------------------
Performs final model parameters optimization
Estimate model parameters (epsilon = 0.010)
1. Initial log-likelihood: -2538.450
Optimal log-likelihood: -2538.449
Gamma shape alpha: 2.466
Parameters optimization took 1 rounds (0.007 sec)
BEST SCORE FOUND : -2538.449
Total tree length: 6.583

Total number of iterations: 106
CPU time used for tree search: 6.385 sec (0h:0m:6s)
Wall-clock time used for tree search: 6.486 sec (0h:0m:6s)
Total CPU time used: 6.503 sec (0h:0m:6s)
Total wall-clock time used: 6.627 sec (0h:0m:6s)

===> START BOOTSTRAP REPLICATE NUMBER 13

Creating bootstrap alignment (seed: 762986)...
WARNING: States(s) E, I, K, M rarely appear in alignment and may cause numerical problems

Create initial parsimony tree by phylogenetic likelihood library (PLL)... 0.001 seconds
Reading model parameters from file /Users/mful870/Desktop/MD_3di_Dev_02Oct24/Scriptorum/SubstitutionMatrix/3di_substmat

NOTE: 1 MB RAM (0 GB) is required!
Estimate model parameters (epsilon = 0.100)
1. Initial log-likelihood: -2576.419
2. Current log-likelihood: -2540.874
3. Current log-likelihood: -2540.133
Optimal log-likelihood: -2540.120
Gamma shape alpha: 1.792
Parameters optimization took 3 rounds (0.038 sec)
Computing ML distances based on estimated model parameters... 0.047 sec
Computing BIONJ tree...
0.011 seconds
Log-likelihood of BIONJ tree: -2531.728
--------------------------------------------------------------------
|             INITIALIZING CANDIDATE TREE SET                      |
--------------------------------------------------------------------
Generating 98 parsimony trees... 0.074 second
Computing log-likelihood of 98 initial trees ... 0.472 seconds
Current best score: -2511.188

Do NNI search on 20 best initial trees
Estimate model parameters (epsilon = 0.100)
BETTER TREE FOUND at iteration 1: -2509.999
Iteration 10 / LogL: -2510.075 / Time: 0h:0m:1s
Iteration 20 / LogL: -2510.111 / Time: 0h:0m:1s
Finish initializing candidate tree set (5)
Current best tree score: -2509.999 / CPU time: 1.486
Number of iterations: 20
--------------------------------------------------------------------
|               OPTIMIZING CANDIDATE TREE SET                      |
--------------------------------------------------------------------
Iteration 30 / LogL: -2523.302 / Time: 0h:0m:2s (0h:0m:5s left)
Iteration 40 / LogL: -2519.454 / Time: 0h:0m:2s (0h:0m:4s left)
Iteration 50 / LogL: -2519.454 / Time: 0h:0m:3s (0h:0m:3s left)
Iteration 60 / LogL: -2519.454 / Time: 0h:0m:4s (0h:0m:2s left)
Iteration 70 / LogL: -2519.454 / Time: 0h:0m:4s (0h:0m:2s left)
UPDATE BEST LOG-LIKELIHOOD: -2509.999
Iteration 80 / LogL: -2519.454 / Time: 0h:0m:5s (0h:0m:1s left)
Iteration 90 / LogL: -2519.454 / Time: 0h:0m:6s (0h:0m:0s left)
Iteration 100 / LogL: -2519.454 / Time: 0h:0m:6s (0h:0m:0s left)
TREE SEARCH COMPLETED AFTER 102 ITERATIONS / Time: 0h:0m:6s

--------------------------------------------------------------------
|                    FINALIZING TREE SEARCH                        |
--------------------------------------------------------------------
Performs final model parameters optimization
Estimate model parameters (epsilon = 0.010)
1. Initial log-likelihood: -2509.999
Optimal log-likelihood: -2509.996
Gamma shape alpha: 1.664
Parameters optimization took 1 rounds (0.011 sec)
BEST SCORE FOUND : -2509.996
Total tree length: 7.362

Total number of iterations: 102
CPU time used for tree search: 6.704 sec (0h:0m:6s)
Wall-clock time used for tree search: 6.805 sec (0h:0m:6s)
Total CPU time used: 6.818 sec (0h:0m:6s)
Total wall-clock time used: 6.950 sec (0h:0m:6s)

===> START BOOTSTRAP REPLICATE NUMBER 14

Creating bootstrap alignment (seed: 762987)...
WARNING: States(s) E, I, K, M, W rarely appear in alignment and may cause numerical problems

Create initial parsimony tree by phylogenetic likelihood library (PLL)... 0.001 seconds
Reading model parameters from file /Users/mful870/Desktop/MD_3di_Dev_02Oct24/Scriptorum/SubstitutionMatrix/3di_substmat

NOTE: 1 MB RAM (0 GB) is required!
Estimate model parameters (epsilon = 0.100)
1. Initial log-likelihood: -2624.824
2. Current log-likelihood: -2581.616
3. Current log-likelihood: -2581.235
Optimal log-likelihood: -2581.229
Gamma shape alpha: 1.700
Parameters optimization took 3 rounds (0.040 sec)
Computing ML distances based on estimated model parameters... 0.050 sec
Computing BIONJ tree...
0.012 seconds
Log-likelihood of BIONJ tree: -2582.724
--------------------------------------------------------------------
|             INITIALIZING CANDIDATE TREE SET                      |
--------------------------------------------------------------------
Generating 98 parsimony trees... 0.100 second
Computing log-likelihood of 98 initial trees ... 0.537 seconds
Current best score: -2563.409

Do NNI search on 20 best initial trees
Estimate model parameters (epsilon = 0.100)
BETTER TREE FOUND at iteration 1: -2560.682
Estimate model parameters (epsilon = 0.100)
BETTER TREE FOUND at iteration 2: -2559.650
UPDATE BEST LOG-LIKELIHOOD: -2559.650
Iteration 10 / LogL: -2560.682 / Time: 0h:0m:1s
UPDATE BEST LOG-LIKELIHOOD: -2559.650
Iteration 20 / LogL: -2559.650 / Time: 0h:0m:2s
Finish initializing candidate tree set (11)
Current best tree score: -2559.650 / CPU time: 2.079
Number of iterations: 20
--------------------------------------------------------------------
|               OPTIMIZING CANDIDATE TREE SET                      |
--------------------------------------------------------------------
Iteration 30 / LogL: -2559.650 / Time: 0h:0m:3s (0h:0m:7s left)
UPDATE BEST LOG-LIKELIHOOD: -2559.650
Iteration 40 / LogL: -2560.682 / Time: 0h:0m:3s (0h:0m:5s left)
Iteration 50 / LogL: -2560.066 / Time: 0h:0m:4s (0h:0m:4s left)
Iteration 60 / LogL: -2560.067 / Time: 0h:0m:5s (0h:0m:3s left)
WARNING: NNI search needs unusual large number of steps (13) to converge!
Iteration 70 / LogL: -2560.682 / Time: 0h:0m:5s (0h:0m:2s left)
Iteration 80 / LogL: -2559.650 / Time: 0h:0m:6s (0h:0m:1s left)
Iteration 90 / LogL: -2560.067 / Time: 0h:0m:7s (0h:0m:0s left)
Iteration 100 / LogL: -2559.650 / Time: 0h:0m:7s (0h:0m:0s left)
TREE SEARCH COMPLETED AFTER 103 ITERATIONS / Time: 0h:0m:8s

--------------------------------------------------------------------
|                    FINALIZING TREE SEARCH                        |
--------------------------------------------------------------------
Performs final model parameters optimization
Estimate model parameters (epsilon = 0.010)
1. Initial log-likelihood: -2559.650
Optimal log-likelihood: -2559.650
Gamma shape alpha: 1.735
Parameters optimization took 1 rounds (0.009 sec)
BEST SCORE FOUND : -2559.650
Total tree length: 7.480

Total number of iterations: 103
CPU time used for tree search: 7.764 sec (0h:0m:7s)
Wall-clock time used for tree search: 7.921 sec (0h:0m:7s)
Total CPU time used: 7.892 sec (0h:0m:7s)
Total wall-clock time used: 8.075 sec (0h:0m:8s)

===> START BOOTSTRAP REPLICATE NUMBER 15

Creating bootstrap alignment (seed: 762988)...
WARNING: States(s) E, I, K, M, W, Y rarely appear in alignment and may cause numerical problems

Create initial parsimony tree by phylogenetic likelihood library (PLL)... 0.001 seconds
Reading model parameters from file /Users/mful870/Desktop/MD_3di_Dev_02Oct24/Scriptorum/SubstitutionMatrix/3di_substmat

NOTE: 0 MB RAM (0 GB) is required!
Estimate model parameters (epsilon = 0.100)
1. Initial log-likelihood: -2456.916
2. Current log-likelihood: -2410.860
3. Current log-likelihood: -2410.624
Optimal log-likelihood: -2410.613
Gamma shape alpha: 1.691
Parameters optimization took 3 rounds (0.033 sec)
Computing ML distances based on estimated model parameters... 0.049 sec
Computing BIONJ tree...
0.011 seconds
Log-likelihood of BIONJ tree: -2413.136
--------------------------------------------------------------------
|             INITIALIZING CANDIDATE TREE SET                      |
--------------------------------------------------------------------
Generating 98 parsimony trees... 0.099 second
Computing log-likelihood of 98 initial trees ... 0.464 seconds
Current best score: -2398.881

Do NNI search on 20 best initial trees
Estimate model parameters (epsilon = 0.100)
BETTER TREE FOUND at iteration 1: -2398.436
Estimate model parameters (epsilon = 0.100)
BETTER TREE FOUND at iteration 4: -2398.421
Iteration 10 / LogL: -2398.567 / Time: 0h:0m:1s
Iteration 20 / LogL: -2398.421 / Time: 0h:0m:1s
Finish initializing candidate tree set (9)
Current best tree score: -2398.421 / CPU time: 1.548
Number of iterations: 20
--------------------------------------------------------------------
|               OPTIMIZING CANDIDATE TREE SET                      |
--------------------------------------------------------------------
Iteration 30 / LogL: -2398.421 / Time: 0h:0m:2s (0h:0m:5s left)
UPDATE BEST LOG-LIKELIHOOD: -2398.421
Iteration 40 / LogL: -2398.421 / Time: 0h:0m:2s (0h:0m:4s left)
Iteration 50 / LogL: -2398.421 / Time: 0h:0m:3s (0h:0m:3s left)
Iteration 60 / LogL: -2398.421 / Time: 0h:0m:3s (0h:0m:2s left)
Iteration 70 / LogL: -2398.421 / Time: 0h:0m:4s (0h:0m:2s left)
Iteration 80 / LogL: -2398.421 / Time: 0h:0m:5s (0h:0m:1s left)
Iteration 90 / LogL: -2398.421 / Time: 0h:0m:5s (0h:0m:0s left)
Iteration 100 / LogL: -2398.436 / Time: 0h:0m:6s (0h:0m:0s left)
TREE SEARCH COMPLETED AFTER 105 ITERATIONS / Time: 0h:0m:6s

--------------------------------------------------------------------
|                    FINALIZING TREE SEARCH                        |
--------------------------------------------------------------------
Performs final model parameters optimization
Estimate model parameters (epsilon = 0.010)
1. Initial log-likelihood: -2398.421
Optimal log-likelihood: -2398.421
Gamma shape alpha: 1.690
Parameters optimization took 1 rounds (0.007 sec)
BEST SCORE FOUND : -2398.421
Total tree length: 6.573

Total number of iterations: 105
CPU time used for tree search: 6.160 sec (0h:0m:6s)
Wall-clock time used for tree search: 6.246 sec (0h:0m:6s)
Total CPU time used: 6.272 sec (0h:0m:6s)
Total wall-clock time used: 6.376 sec (0h:0m:6s)

===> START BOOTSTRAP REPLICATE NUMBER 16

Creating bootstrap alignment (seed: 762989)...
WARNING: States(s) E, I, K, M rarely appear in alignment and may cause numerical problems

Create initial parsimony tree by phylogenetic likelihood library (PLL)... 0.001 seconds
Reading model parameters from file /Users/mful870/Desktop/MD_3di_Dev_02Oct24/Scriptorum/SubstitutionMatrix/3di_substmat

NOTE: 0 MB RAM (0 GB) is required!
Estimate model parameters (epsilon = 0.100)
1. Initial log-likelihood: -2634.764
2. Current log-likelihood: -2597.350
3. Current log-likelihood: -2596.700
Optimal log-likelihood: -2596.682
Gamma shape alpha: 2.135
Parameters optimization took 3 rounds (0.037 sec)
Computing ML distances based on estimated model parameters... 0.047 sec
Computing BIONJ tree...
0.014 seconds
Log-likelihood of BIONJ tree: -2597.878
--------------------------------------------------------------------
|             INITIALIZING CANDIDATE TREE SET                      |
--------------------------------------------------------------------
Generating 98 parsimony trees... 0.090 second
Computing log-likelihood of 98 initial trees ... 0.434 seconds
Current best score: -2596.682

Do NNI search on 20 best initial trees
Estimate model parameters (epsilon = 0.100)
BETTER TREE FOUND at iteration 1: -2591.289
Estimate model parameters (epsilon = 0.100)
BETTER TREE FOUND at iteration 7: -2591.197
Iteration 10 / LogL: -2591.464 / Time: 0h:0m:0s
Iteration 20 / LogL: -2604.156 / Time: 0h:0m:1s
Finish initializing candidate tree set (6)
Current best tree score: -2591.197 / CPU time: 1.257
Number of iterations: 20
--------------------------------------------------------------------
|               OPTIMIZING CANDIDATE TREE SET                      |
--------------------------------------------------------------------
BETTER TREE FOUND at iteration 27: -2591.197
Iteration 30 / LogL: -2595.849 / Time: 0h:0m:1s (0h:0m:5s left)
UPDATE BEST LOG-LIKELIHOOD: -2591.197
Iteration 40 / LogL: -2591.197 / Time: 0h:0m:2s (0h:0m:4s left)
Iteration 50 / LogL: -2591.197 / Time: 0h:0m:2s (0h:0m:4s left)
UPDATE BEST LOG-LIKELIHOOD: -2591.197
Iteration 60 / LogL: -2591.197 / Time: 0h:0m:3s (0h:0m:3s left)
Iteration 70 / LogL: -2591.290 / Time: 0h:0m:3s (0h:0m:2s left)
Iteration 80 / LogL: -2591.197 / Time: 0h:0m:4s (0h:0m:2s left)
Iteration 90 / LogL: -2591.200 / Time: 0h:0m:4s (0h:0m:1s left)
Iteration 100 / LogL: -2591.291 / Time: 0h:0m:5s (0h:0m:1s left)
Iteration 110 / LogL: -2593.850 / Time: 0h:0m:5s (0h:0m:0s left)
Iteration 120 / LogL: -2593.850 / Time: 0h:0m:6s (0h:0m:0s left)
TREE SEARCH COMPLETED AFTER 128 ITERATIONS / Time: 0h:0m:6s

--------------------------------------------------------------------
|                    FINALIZING TREE SEARCH                        |
--------------------------------------------------------------------
Performs final model parameters optimization
Estimate model parameters (epsilon = 0.010)
1. Initial log-likelihood: -2591.197
Optimal log-likelihood: -2591.196
Gamma shape alpha: 2.137
Parameters optimization took 1 rounds (0.006 sec)
BEST SCORE FOUND : -2591.196
Total tree length: 7.429

Total number of iterations: 128
CPU time used for tree search: 6.291 sec (0h:0m:6s)
Wall-clock time used for tree search: 6.396 sec (0h:0m:6s)
Total CPU time used: 6.401 sec (0h:0m:6s)
Total wall-clock time used: 6.534 sec (0h:0m:6s)

===> START BOOTSTRAP REPLICATE NUMBER 17

Creating bootstrap alignment (seed: 762990)...
WARNING: States(s) E, I, K, M, W rarely appear in alignment and may cause numerical problems

Create initial parsimony tree by phylogenetic likelihood library (PLL)... 0.001 seconds
Reading model parameters from file /Users/mful870/Desktop/MD_3di_Dev_02Oct24/Scriptorum/SubstitutionMatrix/3di_substmat

NOTE: 0 MB RAM (0 GB) is required!
Estimate model parameters (epsilon = 0.100)
1. Initial log-likelihood: -2655.463
2. Current log-likelihood: -2608.717
3. Current log-likelihood: -2608.447
Optimal log-likelihood: -2608.441
Gamma shape alpha: 2.040
Parameters optimization took 3 rounds (0.039 sec)
Computing ML distances based on estimated model parameters... 0.047 sec
Computing BIONJ tree...
0.011 seconds
Log-likelihood of BIONJ tree: -2609.219
--------------------------------------------------------------------
|             INITIALIZING CANDIDATE TREE SET                      |
--------------------------------------------------------------------
Generating 98 parsimony trees... 0.093 second
Computing log-likelihood of 98 initial trees ... 0.437 seconds
Current best score: -2603.141

Do NNI search on 20 best initial trees
Estimate model parameters (epsilon = 0.100)
BETTER TREE FOUND at iteration 1: -2601.466
BETTER TREE FOUND at iteration 2: -2601.466
BETTER TREE FOUND at iteration 3: -2601.465
UPDATE BEST LOG-LIKELIHOOD: -2601.465
UPDATE BEST LOG-LIKELIHOOD: -2601.465
Iteration 10 / LogL: -2601.465 / Time: 0h:0m:1s
Iteration 20 / LogL: -2601.465 / Time: 0h:0m:1s
Finish initializing candidate tree set (4)
Current best tree score: -2601.465 / CPU time: 1.564
Number of iterations: 20
--------------------------------------------------------------------
|               OPTIMIZING CANDIDATE TREE SET                      |
--------------------------------------------------------------------
Iteration 30 / LogL: -2601.465 / Time: 0h:0m:2s (0h:0m:5s left)
Iteration 40 / LogL: -2601.465 / Time: 0h:0m:2s (0h:0m:4s left)
UPDATE BEST LOG-LIKELIHOOD: -2601.465
Iteration 50 / LogL: -2602.172 / Time: 0h:0m:3s (0h:0m:3s left)
Iteration 60 / LogL: -2602.178 / Time: 0h:0m:3s (0h:0m:2s left)
Iteration 70 / LogL: -2609.548 / Time: 0h:0m:4s (0h:0m:2s left)
Iteration 80 / LogL: -2601.465 / Time: 0h:0m:5s (0h:0m:1s left)
Iteration 90 / LogL: -2601.465 / Time: 0h:0m:5s (0h:0m:0s left)
Iteration 100 / LogL: -2602.272 / Time: 0h:0m:6s (0h:0m:0s left)
TREE SEARCH COMPLETED AFTER 104 ITERATIONS / Time: 0h:0m:6s

--------------------------------------------------------------------
|                    FINALIZING TREE SEARCH                        |
--------------------------------------------------------------------
Performs final model parameters optimization
Estimate model parameters (epsilon = 0.010)
1. Initial log-likelihood: -2601.465
Optimal log-likelihood: -2601.465
Gamma shape alpha: 1.911
Parameters optimization took 1 rounds (0.010 sec)
BEST SCORE FOUND : -2601.465
Total tree length: 6.356

Total number of iterations: 104
CPU time used for tree search: 6.063 sec (0h:0m:6s)
Wall-clock time used for tree search: 6.159 sec (0h:0m:6s)
Total CPU time used: 6.176 sec (0h:0m:6s)
Total wall-clock time used: 6.304 sec (0h:0m:6s)

===> START BOOTSTRAP REPLICATE NUMBER 18

Creating bootstrap alignment (seed: 762991)...
WARNING: States(s) E, I, K, M, W rarely appear in alignment and may cause numerical problems

Create initial parsimony tree by phylogenetic likelihood library (PLL)... 0.001 seconds
Reading model parameters from file /Users/mful870/Desktop/MD_3di_Dev_02Oct24/Scriptorum/SubstitutionMatrix/3di_substmat

NOTE: 1 MB RAM (0 GB) is required!
Estimate model parameters (epsilon = 0.100)
1. Initial log-likelihood: -2584.481
2. Current log-likelihood: -2550.863
3. Current log-likelihood: -2549.761
Optimal log-likelihood: -2549.700
Gamma shape alpha: 2.336
Parameters optimization took 3 rounds (0.050 sec)
Computing ML distances based on estimated model parameters... 0.047 sec
Computing BIONJ tree...
0.013 seconds
Log-likelihood of BIONJ tree: -2553.366
--------------------------------------------------------------------
|             INITIALIZING CANDIDATE TREE SET                      |
--------------------------------------------------------------------
Generating 98 parsimony trees... 0.112 second
Computing log-likelihood of 98 initial trees ... 0.479 seconds
Current best score: -2544.640

Do NNI search on 20 best initial trees
Estimate model parameters (epsilon = 0.100)
BETTER TREE FOUND at iteration 1: -2544.530
Iteration 10 / LogL: -2544.578 / Time: 0h:0m:0s
Iteration 20 / LogL: -2544.897 / Time: 0h:0m:1s
Finish initializing candidate tree set (5)
Current best tree score: -2544.530 / CPU time: 1.319
Number of iterations: 20
--------------------------------------------------------------------
|               OPTIMIZING CANDIDATE TREE SET                      |
--------------------------------------------------------------------
Iteration 30 / LogL: -2547.176 / Time: 0h:0m:1s (0h:0m:4s left)
Iteration 40 / LogL: -2544.856 / Time: 0h:0m:2s (0h:0m:3s left)
Iteration 50 / LogL: -2544.833 / Time: 0h:0m:2s (0h:0m:2s left)
Iteration 60 / LogL: -2548.465 / Time: 0h:0m:3s (0h:0m:2s left)
Iteration 70 / LogL: -2547.339 / Time: 0h:0m:3s (0h:0m:1s left)
Iteration 80 / LogL: -2544.857 / Time: 0h:0m:4s (0h:0m:1s left)
Iteration 90 / LogL: -2544.840 / Time: 0h:0m:4s (0h:0m:0s left)
UPDATE BEST LOG-LIKELIHOOD: -2544.529
Iteration 100 / LogL: -2544.854 / Time: 0h:0m:4s (0h:0m:0s left)
TREE SEARCH COMPLETED AFTER 102 ITERATIONS / Time: 0h:0m:4s

--------------------------------------------------------------------
|                    FINALIZING TREE SEARCH                        |
--------------------------------------------------------------------
Performs final model parameters optimization
Estimate model parameters (epsilon = 0.010)
1. Initial log-likelihood: -2544.529
Optimal log-likelihood: -2544.528
Gamma shape alpha: 2.296
Parameters optimization took 1 rounds (0.008 sec)
BEST SCORE FOUND : -2544.528
Total tree length: 6.602

Total number of iterations: 102
CPU time used for tree search: 4.687 sec (0h:0m:4s)
Wall-clock time used for tree search: 4.765 sec (0h:0m:4s)
Total CPU time used: 4.816 sec (0h:0m:4s)
Total wall-clock time used: 4.921 sec (0h:0m:4s)

===> START BOOTSTRAP REPLICATE NUMBER 19

Creating bootstrap alignment (seed: 762992)...
WARNING: States(s) E, I, K, M, W rarely appear in alignment and may cause numerical problems

Create initial parsimony tree by phylogenetic likelihood library (PLL)... 0.001 seconds
Reading model parameters from file /Users/mful870/Desktop/MD_3di_Dev_02Oct24/Scriptorum/SubstitutionMatrix/3di_substmat

NOTE: 0 MB RAM (0 GB) is required!
Estimate model parameters (epsilon = 0.100)
1. Initial log-likelihood: -2407.524
2. Current log-likelihood: -2370.500
3. Current log-likelihood: -2370.127
Optimal log-likelihood: -2370.102
Gamma shape alpha: 1.618
Parameters optimization took 3 rounds (0.036 sec)
Computing ML distances based on estimated model parameters... 0.043 sec
Computing BIONJ tree...
0.010 seconds
Log-likelihood of BIONJ tree: -2363.986
--------------------------------------------------------------------
|             INITIALIZING CANDIDATE TREE SET                      |
--------------------------------------------------------------------
Generating 98 parsimony trees... 0.088 second
Computing log-likelihood of 98 initial trees ... 0.492 seconds
Current best score: -2363.986

Do NNI search on 20 best initial trees
Estimate model parameters (epsilon = 0.100)
BETTER TREE FOUND at iteration 1: -2361.870
UPDATE BEST LOG-LIKELIHOOD: -2361.867
UPDATE BEST LOG-LIKELIHOOD: -2361.867
Iteration 10 / LogL: -2361.867 / Time: 0h:0m:1s
UPDATE BEST LOG-LIKELIHOOD: -2361.867
Iteration 20 / LogL: -2361.867 / Time: 0h:0m:1s
Finish initializing candidate tree set (4)
Current best tree score: -2361.867 / CPU time: 1.639
Number of iterations: 20
--------------------------------------------------------------------
|               OPTIMIZING CANDIDATE TREE SET                      |
--------------------------------------------------------------------
Iteration 30 / LogL: -2363.656 / Time: 0h:0m:2s (0h:0m:5s left)
Iteration 40 / LogL: -2361.867 / Time: 0h:0m:2s (0h:0m:4s left)
Iteration 50 / LogL: -2365.693 / Time: 0h:0m:3s (0h:0m:3s left)
Iteration 60 / LogL: -2365.810 / Time: 0h:0m:3s (0h:0m:2s left)
Iteration 70 / LogL: -2361.867 / Time: 0h:0m:4s (0h:0m:2s left)
Iteration 80 / LogL: -2361.867 / Time: 0h:0m:5s (0h:0m:1s left)
UPDATE BEST LOG-LIKELIHOOD: -2361.867
Iteration 90 / LogL: -2361.867 / Time: 0h:0m:5s (0h:0m:0s left)
Iteration 100 / LogL: -2362.213 / Time: 0h:0m:6s (0h:0m:0s left)
TREE SEARCH COMPLETED AFTER 102 ITERATIONS / Time: 0h:0m:6s

--------------------------------------------------------------------
|                    FINALIZING TREE SEARCH                        |
--------------------------------------------------------------------
Performs final model parameters optimization
Estimate model parameters (epsilon = 0.010)
1. Initial log-likelihood: -2361.867
Optimal log-likelihood: -2361.865
Gamma shape alpha: 1.779
Parameters optimization took 1 rounds (0.009 sec)
BEST SCORE FOUND : -2361.865
Total tree length: 6.189

Total number of iterations: 102
CPU time used for tree search: 5.981 sec (0h:0m:5s)
Wall-clock time used for tree search: 6.104 sec (0h:0m:6s)
Total CPU time used: 6.090 sec (0h:0m:6s)
Total wall-clock time used: 6.237 sec (0h:0m:6s)

===> START BOOTSTRAP REPLICATE NUMBER 20

Creating bootstrap alignment (seed: 762993)...
WARNING: States(s) E, I, K, M, Y rarely appear in alignment and may cause numerical problems

Create initial parsimony tree by phylogenetic likelihood library (PLL)... 0.001 seconds
Reading model parameters from file /Users/mful870/Desktop/MD_3di_Dev_02Oct24/Scriptorum/SubstitutionMatrix/3di_substmat

NOTE: 0 MB RAM (0 GB) is required!
Estimate model parameters (epsilon = 0.100)
1. Initial log-likelihood: -2515.030
2. Current log-likelihood: -2481.267
3. Current log-likelihood: -2480.576
Optimal log-likelihood: -2480.538
Gamma shape alpha: 1.853
Parameters optimization took 3 rounds (0.040 sec)
Computing ML distances based on estimated model parameters... 0.042 sec
Computing BIONJ tree...
0.011 seconds
Log-likelihood of BIONJ tree: -2482.767
--------------------------------------------------------------------
|             INITIALIZING CANDIDATE TREE SET                      |
--------------------------------------------------------------------
Generating 98 parsimony trees... 0.081 second
Computing log-likelihood of 98 initial trees ... 0.447 seconds
Current best score: -2480.538

Do NNI search on 20 best initial trees
Estimate model parameters (epsilon = 0.100)
BETTER TREE FOUND at iteration 1: -2478.552
Iteration 10 / LogL: -2482.006 / Time: 0h:0m:0s
Iteration 20 / LogL: -2478.610 / Time: 0h:0m:1s
Finish initializing candidate tree set (4)
Current best tree score: -2478.552 / CPU time: 1.115
Number of iterations: 20
--------------------------------------------------------------------
|               OPTIMIZING CANDIDATE TREE SET                      |
--------------------------------------------------------------------
Iteration 30 / LogL: -2481.215 / Time: 0h:0m:1s (0h:0m:3s left)
Iteration 40 / LogL: -2479.605 / Time: 0h:0m:1s (0h:0m:2s left)
Iteration 50 / LogL: -2479.420 / Time: 0h:0m:2s (0h:0m:2s left)
Iteration 60 / LogL: -2479.436 / Time: 0h:0m:2s (0h:0m:1s left)
Iteration 70 / LogL: -2479.443 / Time: 0h:0m:3s (0h:0m:1s left)
Iteration 80 / LogL: -2478.592 / Time: 0h:0m:3s (0h:0m:0s left)
Iteration 90 / LogL: -2478.641 / Time: 0h:0m:3s (0h:0m:0s left)
Iteration 100 / LogL: -2479.445 / Time: 0h:0m:4s (0h:0m:0s left)
TREE SEARCH COMPLETED AFTER 102 ITERATIONS / Time: 0h:0m:4s

--------------------------------------------------------------------
|                    FINALIZING TREE SEARCH                        |
--------------------------------------------------------------------
Performs final model parameters optimization
Estimate model parameters (epsilon = 0.010)
1. Initial log-likelihood: -2478.552
Optimal log-likelihood: -2478.549
Gamma shape alpha: 1.846
Parameters optimization took 1 rounds (0.007 sec)
BEST SCORE FOUND : -2478.549
Total tree length: 6.557

Total number of iterations: 102
CPU time used for tree search: 4.252 sec (0h:0m:4s)
Wall-clock time used for tree search: 4.330 sec (0h:0m:4s)
Total CPU time used: 4.357 sec (0h:0m:4s)
Total wall-clock time used: 4.459 sec (0h:0m:4s)

===> START BOOTSTRAP REPLICATE NUMBER 21

Creating bootstrap alignment (seed: 762994)...
WARNING: States(s) E, I, K, M, W rarely appear in alignment and may cause numerical problems

Create initial parsimony tree by phylogenetic likelihood library (PLL)... 0.001 seconds
Reading model parameters from file /Users/mful870/Desktop/MD_3di_Dev_02Oct24/Scriptorum/SubstitutionMatrix/3di_substmat

NOTE: 0 MB RAM (0 GB) is required!
Estimate model parameters (epsilon = 0.100)
1. Initial log-likelihood: -2520.395
2. Current log-likelihood: -2478.074
3. Current log-likelihood: -2477.612
Optimal log-likelihood: -2477.605
Gamma shape alpha: 2.184
Parameters optimization took 3 rounds (0.038 sec)
Computing ML distances based on estimated model parameters... 0.043 sec
Computing BIONJ tree...
0.011 seconds
Log-likelihood of BIONJ tree: -2484.696
--------------------------------------------------------------------
|             INITIALIZING CANDIDATE TREE SET                      |
--------------------------------------------------------------------
Generating 98 parsimony trees... 0.080 second
Computing log-likelihood of 98 initial trees ... 0.427 seconds
Current best score: -2476.883

Do NNI search on 20 best initial trees
Estimate model parameters (epsilon = 0.100)
BETTER TREE FOUND at iteration 1: -2474.419
Estimate model parameters (epsilon = 0.100)
BETTER TREE FOUND at iteration 5: -2473.005
Iteration 10 / LogL: -2474.509 / Time: 0h:0m:0s
Estimate model parameters (epsilon = 0.100)
BETTER TREE FOUND at iteration 20: -2472.346
Iteration 20 / LogL: -2472.346 / Time: 0h:0m:1s
Finish initializing candidate tree set (10)
Current best tree score: -2472.346 / CPU time: 1.229
Number of iterations: 20
--------------------------------------------------------------------
|               OPTIMIZING CANDIDATE TREE SET                      |
--------------------------------------------------------------------
Iteration 30 / LogL: -2473.631 / Time: 0h:0m:1s (0h:0m:5s left)
Iteration 40 / LogL: -2474.479 / Time: 0h:0m:2s (0h:0m:4s left)
Iteration 50 / LogL: -2473.506 / Time: 0h:0m:2s (0h:0m:3s left)
UPDATE BEST LOG-LIKELIHOOD: -2472.346
Iteration 60 / LogL: -2473.183 / Time: 0h:0m:2s (0h:0m:2s left)
Iteration 70 / LogL: -2472.550 / Time: 0h:0m:3s (0h:0m:2s left)
Iteration 80 / LogL: -2473.334 / Time: 0h:0m:3s (0h:0m:1s left)
Iteration 90 / LogL: -2473.051 / Time: 0h:0m:4s (0h:0m:1s left)
Iteration 100 / LogL: -2473.531 / Time: 0h:0m:4s (0h:0m:0s left)
Iteration 110 / LogL: -2473.556 / Time: 0h:0m:4s (0h:0m:0s left)
UPDATE BEST LOG-LIKELIHOOD: -2472.346
Iteration 120 / LogL: -2472.409 / Time: 0h:0m:5s (0h:0m:0s left)
TREE SEARCH COMPLETED AFTER 121 ITERATIONS / Time: 0h:0m:5s

--------------------------------------------------------------------
|                    FINALIZING TREE SEARCH                        |
--------------------------------------------------------------------
Performs final model parameters optimization
Estimate model parameters (epsilon = 0.010)
1. Initial log-likelihood: -2472.346
Optimal log-likelihood: -2472.346
Gamma shape alpha: 2.182
Parameters optimization took 1 rounds (0.005 sec)
BEST SCORE FOUND : -2472.346
Total tree length: 6.550

Total number of iterations: 121
CPU time used for tree search: 4.885 sec (0h:0m:4s)
Wall-clock time used for tree search: 4.955 sec (0h:0m:4s)
Total CPU time used: 4.992 sec (0h:0m:4s)
Total wall-clock time used: 5.081 sec (0h:0m:5s)

===> START BOOTSTRAP REPLICATE NUMBER 22

Creating bootstrap alignment (seed: 762995)...
WARNING: States(s) E, I, K, M rarely appear in alignment and may cause numerical problems

Create initial parsimony tree by phylogenetic likelihood library (PLL)... 0.001 seconds
Reading model parameters from file /Users/mful870/Desktop/MD_3di_Dev_02Oct24/Scriptorum/SubstitutionMatrix/3di_substmat

NOTE: 0 MB RAM (0 GB) is required!
Estimate model parameters (epsilon = 0.100)
1. Initial log-likelihood: -2760.952
2. Current log-likelihood: -2726.514
3. Current log-likelihood: -2726.026
Optimal log-likelihood: -2726.013
Gamma shape alpha: 1.948
Parameters optimization took 3 rounds (0.042 sec)
Computing ML distances based on estimated model parameters... 0.040 sec
Computing BIONJ tree...
0.009 seconds
Log-likelihood of BIONJ tree: -2697.443
--------------------------------------------------------------------
|             INITIALIZING CANDIDATE TREE SET                      |
--------------------------------------------------------------------
Generating 98 parsimony trees... 0.075 second
Computing log-likelihood of 98 initial trees ... 0.408 seconds
Current best score: -2694.062

Do NNI search on 20 best initial trees
Estimate model parameters (epsilon = 0.100)
BETTER TREE FOUND at iteration 1: -2692.838
Estimate model parameters (epsilon = 0.100)
BETTER TREE FOUND at iteration 2: -2692.534
Estimate model parameters (epsilon = 0.100)
BETTER TREE FOUND at iteration 4: -2690.949
UPDATE BEST LOG-LIKELIHOOD: -2690.946
Iteration 10 / LogL: -2692.896 / Time: 0h:0m:1s
UPDATE BEST LOG-LIKELIHOOD: -2690.946
Iteration 20 / LogL: -2692.631 / Time: 0h:0m:1s
Finish initializing candidate tree set (9)
Current best tree score: -2690.946 / CPU time: 1.445
Number of iterations: 20
--------------------------------------------------------------------
|               OPTIMIZING CANDIDATE TREE SET                      |
--------------------------------------------------------------------
UPDATE BEST LOG-LIKELIHOOD: -2690.946
UPDATE BEST LOG-LIKELIHOOD: -2690.946
Iteration 30 / LogL: -2692.037 / Time: 0h:0m:2s (0h:0m:5s left)
Iteration 40 / LogL: -2692.037 / Time: 0h:0m:2s (0h:0m:4s left)
Iteration 50 / LogL: -2690.946 / Time: 0h:0m:3s (0h:0m:3s left)
UPDATE BEST LOG-LIKELIHOOD: -2690.946
Iteration 60 / LogL: -2690.946 / Time: 0h:0m:3s (0h:0m:2s left)
Iteration 70 / LogL: -2692.037 / Time: 0h:0m:3s (0h:0m:1s left)
Iteration 80 / LogL: -2690.946 / Time: 0h:0m:4s (0h:0m:1s left)
Iteration 90 / LogL: -2690.946 / Time: 0h:0m:4s (0h:0m:0s left)
UPDATE BEST LOG-LIKELIHOOD: -2690.946
Iteration 100 / LogL: -2690.946 / Time: 0h:0m:5s (0h:0m:0s left)
TREE SEARCH COMPLETED AFTER 105 ITERATIONS / Time: 0h:0m:5s

--------------------------------------------------------------------
|                    FINALIZING TREE SEARCH                        |
--------------------------------------------------------------------
Performs final model parameters optimization
Estimate model parameters (epsilon = 0.010)
1. Initial log-likelihood: -2690.946
Optimal log-likelihood: -2690.943
Gamma shape alpha: 2.029
Parameters optimization took 1 rounds (0.005 sec)
BEST SCORE FOUND : -2690.943
Total tree length: 6.720

Total number of iterations: 105
CPU time used for tree search: 5.337 sec (0h:0m:5s)
Wall-clock time used for tree search: 5.417 sec (0h:0m:5s)
Total CPU time used: 5.438 sec (0h:0m:5s)
Total wall-clock time used: 5.536 sec (0h:0m:5s)

===> START BOOTSTRAP REPLICATE NUMBER 23

Creating bootstrap alignment (seed: 762996)...
WARNING: States(s) E, I, K, M, W rarely appear in alignment and may cause numerical problems

Create initial parsimony tree by phylogenetic likelihood library (PLL)... 0.001 seconds
Reading model parameters from file /Users/mful870/Desktop/MD_3di_Dev_02Oct24/Scriptorum/SubstitutionMatrix/3di_substmat

NOTE: 0 MB RAM (0 GB) is required!
Estimate model parameters (epsilon = 0.100)
1. Initial log-likelihood: -2741.075
2. Current log-likelihood: -2679.212
3. Current log-likelihood: -2678.578
Optimal log-likelihood: -2678.564
Gamma shape alpha: 2.872
Parameters optimization took 3 rounds (0.028 sec)
Computing ML distances based on estimated model parameters... 0.037 sec
Computing BIONJ tree...
0.010 seconds
Log-likelihood of BIONJ tree: -2668.881
--------------------------------------------------------------------
|             INITIALIZING CANDIDATE TREE SET                      |
--------------------------------------------------------------------
Generating 98 parsimony trees... 0.073 second
Computing log-likelihood of 97 initial trees ... 0.382 seconds
Current best score: -2668.488

Do NNI search on 20 best initial trees
Estimate model parameters (epsilon = 0.100)
BETTER TREE FOUND at iteration 1: -2662.432
Iteration 10 / LogL: -2662.472 / Time: 0h:0m:0s
Iteration 20 / LogL: -2664.571 / Time: 0h:0m:1s
Finish initializing candidate tree set (4)
Current best tree score: -2662.432 / CPU time: 1.180
Number of iterations: 20
--------------------------------------------------------------------
|               OPTIMIZING CANDIDATE TREE SET                      |
--------------------------------------------------------------------
Iteration 30 / LogL: -2664.568 / Time: 0h:0m:1s (0h:0m:3s left)
UPDATE BEST LOG-LIKELIHOOD: -2662.422
Iteration 40 / LogL: -2662.422 / Time: 0h:0m:1s (0h:0m:3s left)
Iteration 50 / LogL: -2664.210 / Time: 0h:0m:2s (0h:0m:2s left)
Iteration 60 / LogL: -2664.210 / Time: 0h:0m:2s (0h:0m:1s left)
Iteration 70 / LogL: -2662.439 / Time: 0h:0m:3s (0h:0m:1s left)
UPDATE BEST LOG-LIKELIHOOD: -2662.421
Iteration 80 / LogL: -2662.440 / Time: 0h:0m:3s (0h:0m:0s left)
UPDATE BEST LOG-LIKELIHOOD: -2662.420
Iteration 90 / LogL: -2662.430 / Time: 0h:0m:3s (0h:0m:0s left)
Iteration 100 / LogL: -2664.213 / Time: 0h:0m:4s (0h:0m:0s left)
TREE SEARCH COMPLETED AFTER 102 ITERATIONS / Time: 0h:0m:4s

--------------------------------------------------------------------
|                    FINALIZING TREE SEARCH                        |
--------------------------------------------------------------------
Performs final model parameters optimization
Estimate model parameters (epsilon = 0.010)
1. Initial log-likelihood: -2662.420
2. Current log-likelihood: -2662.389
Optimal log-likelihood: -2662.384
Gamma shape alpha: 3.301
Parameters optimization took 2 rounds (0.014 sec)
BEST SCORE FOUND : -2662.384
Total tree length: 6.903

Total number of iterations: 102
CPU time used for tree search: 4.200 sec (0h:0m:4s)
Wall-clock time used for tree search: 4.253 sec (0h:0m:4s)
Total CPU time used: 4.294 sec (0h:0m:4s)
Total wall-clock time used: 4.369 sec (0h:0m:4s)

===> START BOOTSTRAP REPLICATE NUMBER 24

Creating bootstrap alignment (seed: 762997)...
WARNING: States(s) E, I, K, M rarely appear in alignment and may cause numerical problems

Create initial parsimony tree by phylogenetic likelihood library (PLL)... 0.001 seconds
Reading model parameters from file /Users/mful870/Desktop/MD_3di_Dev_02Oct24/Scriptorum/SubstitutionMatrix/3di_substmat

NOTE: 1 MB RAM (0 GB) is required!
Estimate model parameters (epsilon = 0.100)
1. Initial log-likelihood: -2658.792
2. Current log-likelihood: -2617.662
3. Current log-likelihood: -2617.320
Optimal log-likelihood: -2617.306
Gamma shape alpha: 1.823
Parameters optimization took 3 rounds (0.031 sec)
Computing ML distances based on estimated model parameters... 0.046 sec
Computing BIONJ tree...
0.011 seconds
Log-likelihood of BIONJ tree: -2609.545
--------------------------------------------------------------------
|             INITIALIZING CANDIDATE TREE SET                      |
--------------------------------------------------------------------
Generating 98 parsimony trees... 0.110 second
Computing log-likelihood of 96 initial trees ... 0.435 seconds
Current best score: -2604.229

Do NNI search on 20 best initial trees
Estimate model parameters (epsilon = 0.100)
BETTER TREE FOUND at iteration 1: -2603.721
Estimate model parameters (epsilon = 0.100)
BETTER TREE FOUND at iteration 2: -2602.947
Estimate model parameters (epsilon = 0.100)
BETTER TREE FOUND at iteration 5: -2601.687
Iteration 10 / LogL: -2603.420 / Time: 0h:0m:1s
Iteration 20 / LogL: -2603.777 / Time: 0h:0m:1s
Finish initializing candidate tree set (6)
Current best tree score: -2601.687 / CPU time: 1.319
Number of iterations: 20
--------------------------------------------------------------------
|               OPTIMIZING CANDIDATE TREE SET                      |
--------------------------------------------------------------------
Iteration 30 / LogL: -2603.023 / Time: 0h:0m:1s (0h:0m:4s left)
Iteration 40 / LogL: -2603.415 / Time: 0h:0m:2s (0h:0m:3s left)
Iteration 50 / LogL: -2603.436 / Time: 0h:0m:2s (0h:0m:2s left)
Iteration 60 / LogL: -2603.419 / Time: 0h:0m:2s (0h:0m:2s left)
Iteration 70 / LogL: -2603.285 / Time: 0h:0m:3s (0h:0m:1s left)
Iteration 80 / LogL: -2603.361 / Time: 0h:0m:3s (0h:0m:1s left)
Iteration 90 / LogL: -2604.100 / Time: 0h:0m:3s (0h:0m:0s left)
Iteration 100 / LogL: -2602.960 / Time: 0h:0m:4s (0h:0m:0s left)
TREE SEARCH COMPLETED AFTER 106 ITERATIONS / Time: 0h:0m:4s

--------------------------------------------------------------------
|                    FINALIZING TREE SEARCH                        |
--------------------------------------------------------------------
Performs final model parameters optimization
Estimate model parameters (epsilon = 0.010)
1. Initial log-likelihood: -2601.687
Optimal log-likelihood: -2601.687
Gamma shape alpha: 1.979
Parameters optimization took 1 rounds (0.010 sec)
BEST SCORE FOUND : -2601.687
Total tree length: 6.111

Total number of iterations: 106
CPU time used for tree search: 4.152 sec (0h:0m:4s)
Wall-clock time used for tree search: 4.270 sec (0h:0m:4s)
Total CPU time used: 4.258 sec (0h:0m:4s)
Total wall-clock time used: 4.399 sec (0h:0m:4s)

===> START BOOTSTRAP REPLICATE NUMBER 25

Creating bootstrap alignment (seed: 762998)...
WARNING: States(s) E, I, K, M, W rarely appear in alignment and may cause numerical problems

Create initial parsimony tree by phylogenetic likelihood library (PLL)... 0.001 seconds
Reading model parameters from file /Users/mful870/Desktop/MD_3di_Dev_02Oct24/Scriptorum/SubstitutionMatrix/3di_substmat

NOTE: 0 MB RAM (0 GB) is required!
Estimate model parameters (epsilon = 0.100)
1. Initial log-likelihood: -2641.867
2. Current log-likelihood: -2593.659
3. Current log-likelihood: -2593.103
Optimal log-likelihood: -2593.088
Gamma shape alpha: 3.108
Parameters optimization took 3 rounds (0.046 sec)
Computing ML distances based on estimated model parameters... 0.040 sec
Computing BIONJ tree...
0.011 seconds
Log-likelihood of BIONJ tree: -2599.374
--------------------------------------------------------------------
|             INITIALIZING CANDIDATE TREE SET                      |
--------------------------------------------------------------------
Generating 98 parsimony trees... 0.079 second
Computing log-likelihood of 98 initial trees ... 0.379 seconds
Current best score: -2589.813

Do NNI search on 20 best initial trees
Estimate model parameters (epsilon = 0.100)
BETTER TREE FOUND at iteration 1: -2589.630
Iteration 10 / LogL: -2589.630 / Time: 0h:0m:1s
Estimate model parameters (epsilon = 0.100)
BETTER TREE FOUND at iteration 11: -2589.482
Iteration 20 / LogL: -2589.632 / Time: 0h:0m:1s
Finish initializing candidate tree set (10)
Current best tree score: -2589.482 / CPU time: 1.367
Number of iterations: 20
--------------------------------------------------------------------
|               OPTIMIZING CANDIDATE TREE SET                      |
--------------------------------------------------------------------
UPDATE BEST LOG-LIKELIHOOD: -2589.482
Iteration 30 / LogL: -2589.632 / Time: 0h:0m:2s (0h:0m:5s left)
Iteration 40 / LogL: -2589.482 / Time: 0h:0m:2s (0h:0m:4s left)
UPDATE BEST LOG-LIKELIHOOD: -2589.482
Iteration 50 / LogL: -2589.482 / Time: 0h:0m:3s (0h:0m:3s left)
Iteration 60 / LogL: -2589.632 / Time: 0h:0m:3s (0h:0m:3s left)
Iteration 70 / LogL: -2589.632 / Time: 0h:0m:4s (0h:0m:2s left)
Iteration 80 / LogL: -2589.482 / Time: 0h:0m:4s (0h:0m:1s left)
Iteration 90 / LogL: -2589.482 / Time: 0h:0m:5s (0h:0m:1s left)
Iteration 100 / LogL: -2594.947 / Time: 0h:0m:5s (0h:0m:0s left)
Iteration 110 / LogL: -2589.632 / Time: 0h:0m:6s (0h:0m:0s left)
TREE SEARCH COMPLETED AFTER 112 ITERATIONS / Time: 0h:0m:6s

--------------------------------------------------------------------
|                    FINALIZING TREE SEARCH                        |
--------------------------------------------------------------------
Performs final model parameters optimization
Estimate model parameters (epsilon = 0.010)
1. Initial log-likelihood: -2589.482
Optimal log-likelihood: -2589.482
Gamma shape alpha: 3.222
Parameters optimization took 1 rounds (0.006 sec)
BEST SCORE FOUND : -2589.482
Total tree length: 6.263

Total number of iterations: 112
CPU time used for tree search: 5.994 sec (0h:0m:5s)
Wall-clock time used for tree search: 6.072 sec (0h:0m:6s)
Total CPU time used: 6.110 sec (0h:0m:6s)
Total wall-clock time used: 6.210 sec (0h:0m:6s)

===> START BOOTSTRAP REPLICATE NUMBER 26

Creating bootstrap alignment (seed: 762999)...
WARNING: States(s) E, I, K, M rarely appear in alignment and may cause numerical problems

Create initial parsimony tree by phylogenetic likelihood library (PLL)... 0.001 seconds
Reading model parameters from file /Users/mful870/Desktop/MD_3di_Dev_02Oct24/Scriptorum/SubstitutionMatrix/3di_substmat

NOTE: 0 MB RAM (0 GB) is required!
Estimate model parameters (epsilon = 0.100)
1. Initial log-likelihood: -2743.395
2. Current log-likelihood: -2696.065
3. Current log-likelihood: -2695.390
Optimal log-likelihood: -2695.376
Gamma shape alpha: 1.743
Parameters optimization took 3 rounds (0.031 sec)
Computing ML distances based on estimated model parameters... 0.040 sec
Computing BIONJ tree...
0.013 seconds
Log-likelihood of BIONJ tree: -2674.588
--------------------------------------------------------------------
|             INITIALIZING CANDIDATE TREE SET                      |
--------------------------------------------------------------------
Generating 98 parsimony trees... 0.081 second
Computing log-likelihood of 98 initial trees ... 0.390 seconds
Current best score: -2674.588

Do NNI search on 20 best initial trees
Estimate model parameters (epsilon = 0.100)
BETTER TREE FOUND at iteration 1: -2674.513
Estimate model parameters (epsilon = 0.100)
UPDATE BEST LOG-LIKELIHOOD: -2674.464
Iteration 10 / LogL: -2676.550 / Time: 0h:0m:0s
Iteration 20 / LogL: -2677.294 / Time: 0h:0m:1s
Finish initializing candidate tree set (5)
Current best tree score: -2674.464 / CPU time: 0.984
Number of iterations: 20
--------------------------------------------------------------------
|               OPTIMIZING CANDIDATE TREE SET                      |
--------------------------------------------------------------------
Iteration 30 / LogL: -2674.544 / Time: 0h:0m:1s (0h:0m:3s left)
Iteration 40 / LogL: -2674.478 / Time: 0h:0m:1s (0h:0m:2s left)
Iteration 50 / LogL: -2674.681 / Time: 0h:0m:1s (0h:0m:2s left)
Iteration 60 / LogL: -2674.590 / Time: 0h:0m:2s (0h:0m:1s left)
Iteration 70 / LogL: -2674.542 / Time: 0h:0m:2s (0h:0m:1s left)
Iteration 80 / LogL: -2674.559 / Time: 0h:0m:2s (0h:0m:0s left)
Iteration 90 / LogL: -2674.616 / Time: 0h:0m:3s (0h:0m:0s left)
Iteration 100 / LogL: -2676.313 / Time: 0h:0m:3s (0h:0m:0s left)
TREE SEARCH COMPLETED AFTER 102 ITERATIONS / Time: 0h:0m:3s

--------------------------------------------------------------------
|                    FINALIZING TREE SEARCH                        |
--------------------------------------------------------------------
Performs final model parameters optimization
Estimate model parameters (epsilon = 0.010)
1. Initial log-likelihood: -2674.464
Optimal log-likelihood: -2674.464
Gamma shape alpha: 1.884
Parameters optimization took 1 rounds (0.006 sec)
BEST SCORE FOUND : -2674.464
Total tree length: 6.796

Total number of iterations: 102
CPU time used for tree search: 3.337 sec (0h:0m:3s)
Wall-clock time used for tree search: 3.377 sec (0h:0m:3s)
Total CPU time used: 3.434 sec (0h:0m:3s)
Total wall-clock time used: 3.499 sec (0h:0m:3s)

===> START BOOTSTRAP REPLICATE NUMBER 27

Creating bootstrap alignment (seed: 763000)...
WARNING: States(s) E, I, K, M rarely appear in alignment and may cause numerical problems

Create initial parsimony tree by phylogenetic likelihood library (PLL)... 0.000 seconds
Reading model parameters from file /Users/mful870/Desktop/MD_3di_Dev_02Oct24/Scriptorum/SubstitutionMatrix/3di_substmat

NOTE: 1 MB RAM (0 GB) is required!
Estimate model parameters (epsilon = 0.100)
1. Initial log-likelihood: -2582.323
2. Current log-likelihood: -2546.203
3. Current log-likelihood: -2544.447
Optimal log-likelihood: -2544.361
Gamma shape alpha: 2.866
Parameters optimization took 3 rounds (0.037 sec)
Computing ML distances based on estimated model parameters... 0.036 sec
Computing BIONJ tree...
0.010 seconds
Log-likelihood of BIONJ tree: -2549.876
--------------------------------------------------------------------
|             INITIALIZING CANDIDATE TREE SET                      |
--------------------------------------------------------------------
Generating 98 parsimony trees... 0.083 second
Computing log-likelihood of 97 initial trees ... 0.414 seconds
Current best score: -2543.577

Do NNI search on 20 best initial trees
Estimate model parameters (epsilon = 0.100)
BETTER TREE FOUND at iteration 1: -2543.506
Iteration 10 / LogL: -2543.812 / Time: 0h:0m:0s
Iteration 20 / LogL: -2543.512 / Time: 0h:0m:1s
Finish initializing candidate tree set (3)
Current best tree score: -2543.506 / CPU time: 0.944
Number of iterations: 20
--------------------------------------------------------------------
|               OPTIMIZING CANDIDATE TREE SET                      |
--------------------------------------------------------------------
Iteration 30 / LogL: -2545.814 / Time: 0h:0m:1s (0h:0m:3s left)
Iteration 40 / LogL: -2545.843 / Time: 0h:0m:1s (0h:0m:2s left)
Iteration 50 / LogL: -2545.878 / Time: 0h:0m:2s (0h:0m:2s left)
Iteration 60 / LogL: -2543.542 / Time: 0h:0m:2s (0h:0m:1s left)
Iteration 70 / LogL: -2543.556 / Time: 0h:0m:2s (0h:0m:1s left)
Iteration 80 / LogL: -2546.747 / Time: 0h:0m:3s (0h:0m:0s left)
Iteration 90 / LogL: -2543.661 / Time: 0h:0m:3s (0h:0m:0s left)
Iteration 100 / LogL: -2543.579 / Time: 0h:0m:3s (0h:0m:0s left)
TREE SEARCH COMPLETED AFTER 102 ITERATIONS / Time: 0h:0m:3s

--------------------------------------------------------------------
|                    FINALIZING TREE SEARCH                        |
--------------------------------------------------------------------
Performs final model parameters optimization
Estimate model parameters (epsilon = 0.010)
1. Initial log-likelihood: -2543.506
Optimal log-likelihood: -2543.505
Gamma shape alpha: 3.003
Parameters optimization took 1 rounds (0.007 sec)
BEST SCORE FOUND : -2543.505
Total tree length: 6.127

Total number of iterations: 102
CPU time used for tree search: 3.724 sec (0h:0m:3s)
Wall-clock time used for tree search: 3.769 sec (0h:0m:3s)
Total CPU time used: 3.821 sec (0h:0m:3s)
Total wall-clock time used: 3.889 sec (0h:0m:3s)

===> START BOOTSTRAP REPLICATE NUMBER 28

Creating bootstrap alignment (seed: 763001)...
WARNING: States(s) E, I, K, M rarely appear in alignment and may cause numerical problems

Create initial parsimony tree by phylogenetic likelihood library (PLL)... 0.001 seconds
Reading model parameters from file /Users/mful870/Desktop/MD_3di_Dev_02Oct24/Scriptorum/SubstitutionMatrix/3di_substmat

NOTE: 0 MB RAM (0 GB) is required!
Estimate model parameters (epsilon = 0.100)
1. Initial log-likelihood: -2537.759
2. Current log-likelihood: -2510.230
3. Current log-likelihood: -2509.602
Optimal log-likelihood: -2509.578
Gamma shape alpha: 1.788
Parameters optimization took 3 rounds (0.039 sec)
Computing ML distances based on estimated model parameters... 0.045 sec
Computing BIONJ tree...
0.011 seconds
Log-likelihood of BIONJ tree: -2501.050
--------------------------------------------------------------------
|             INITIALIZING CANDIDATE TREE SET                      |
--------------------------------------------------------------------
Generating 98 parsimony trees... 0.082 second
Computing log-likelihood of 98 initial trees ... 0.443 seconds
Current best score: -2501.050

Do NNI search on 20 best initial trees
Estimate model parameters (epsilon = 0.100)
BETTER TREE FOUND at iteration 1: -2498.846
Estimate model parameters (epsilon = 0.100)
BETTER TREE FOUND at iteration 2: -2496.901
UPDATE BEST LOG-LIKELIHOOD: -2496.901
Iteration 10 / LogL: -2502.162 / Time: 0h:0m:1s
UPDATE BEST LOG-LIKELIHOOD: -2496.901
BETTER TREE FOUND at iteration 20: -2496.901
Iteration 20 / LogL: -2496.901 / Time: 0h:0m:1s
Finish initializing candidate tree set (9)
Current best tree score: -2496.901 / CPU time: 1.435
Number of iterations: 20
--------------------------------------------------------------------
|               OPTIMIZING CANDIDATE TREE SET                      |
--------------------------------------------------------------------
Estimate model parameters (epsilon = 0.100)
BETTER TREE FOUND at iteration 27: -2495.180
Iteration 30 / LogL: -2497.264 / Time: 0h:0m:1s (0h:0m:6s left)
UPDATE BEST LOG-LIKELIHOOD: -2495.178
UPDATE BEST LOG-LIKELIHOOD: -2495.177
Iteration 40 / LogL: -2496.979 / Time: 0h:0m:2s (0h:0m:5s left)
UPDATE BEST LOG-LIKELIHOOD: -2495.177
Iteration 50 / LogL: -2495.177 / Time: 0h:0m:2s (0h:0m:4s left)
Estimate model parameters (epsilon = 0.100)
BETTER TREE FOUND at iteration 60: -2493.397
Iteration 60 / LogL: -2493.397 / Time: 0h:0m:3s (0h:0m:5s left)
UPDATE BEST LOG-LIKELIHOOD: -2493.396
UPDATE BEST LOG-LIKELIHOOD: -2493.396
UPDATE BEST LOG-LIKELIHOOD: -2493.395
Iteration 70 / LogL: -2496.917 / Time: 0h:0m:3s (0h:0m:4s left)
Iteration 80 / LogL: -2494.836 / Time: 0h:0m:4s (0h:0m:4s left)
Iteration 90 / LogL: -2497.546 / Time: 0h:0m:4s (0h:0m:3s left)
UPDATE BEST LOG-LIKELIHOOD: -2493.395
Iteration 100 / LogL: -2493.396 / Time: 0h:0m:4s (0h:0m:2s left)
Iteration 110 / LogL: -2493.396 / Time: 0h:0m:5s (0h:0m:2s left)
Iteration 120 / LogL: -2495.517 / Time: 0h:0m:5s (0h:0m:1s left)
Iteration 130 / LogL: -2493.395 / Time: 0h:0m:6s (0h:0m:1s left)
Iteration 140 / LogL: -2496.250 / Time: 0h:0m:6s (0h:0m:0s left)
Iteration 150 / LogL: -2493.395 / Time: 0h:0m:6s (0h:0m:0s left)
Iteration 160 / LogL: -2493.395 / Time: 0h:0m:7s (0h:0m:0s left)
TREE SEARCH COMPLETED AFTER 161 ITERATIONS / Time: 0h:0m:7s

--------------------------------------------------------------------
|                    FINALIZING TREE SEARCH                        |
--------------------------------------------------------------------
Performs final model parameters optimization
Estimate model parameters (epsilon = 0.010)
1. Initial log-likelihood: -2493.395
Optimal log-likelihood: -2493.395
Gamma shape alpha: 1.339
Parameters optimization took 1 rounds (0.007 sec)
BEST SCORE FOUND : -2493.395
Total tree length: 6.747

Total number of iterations: 161
CPU time used for tree search: 7.088 sec (0h:0m:7s)
Wall-clock time used for tree search: 7.190 sec (0h:0m:7s)
Total CPU time used: 7.202 sec (0h:0m:7s)
Total wall-clock time used: 7.324 sec (0h:0m:7s)

===> START BOOTSTRAP REPLICATE NUMBER 29

Creating bootstrap alignment (seed: 763002)...
WARNING: States(s) E, I, K, M rarely appear in alignment and may cause numerical problems

Create initial parsimony tree by phylogenetic likelihood library (PLL)... 0.001 seconds
Reading model parameters from file /Users/mful870/Desktop/MD_3di_Dev_02Oct24/Scriptorum/SubstitutionMatrix/3di_substmat

NOTE: 0 MB RAM (0 GB) is required!
Estimate model parameters (epsilon = 0.100)
1. Initial log-likelihood: -2522.483
2. Current log-likelihood: -2481.281
3. Current log-likelihood: -2480.279
Optimal log-likelihood: -2480.269
Gamma shape alpha: 1.673
Parameters optimization took 3 rounds (0.030 sec)
Computing ML distances based on estimated model parameters... 0.044 sec
Computing BIONJ tree...
0.017 seconds
Log-likelihood of BIONJ tree: -2474.551
--------------------------------------------------------------------
|             INITIALIZING CANDIDATE TREE SET                      |
--------------------------------------------------------------------
Generating 98 parsimony trees... 0.095 second
Computing log-likelihood of 97 initial trees ... 0.419 seconds
Current best score: -2468.354

Do NNI search on 20 best initial trees
Estimate model parameters (epsilon = 0.100)
BETTER TREE FOUND at iteration 1: -2466.687
Iteration 10 / LogL: -2470.540 / Time: 0h:0m:0s
Iteration 20 / LogL: -2470.540 / Time: 0h:0m:1s
Finish initializing candidate tree set (10)
Current best tree score: -2466.687 / CPU time: 1.368
Number of iterations: 20
--------------------------------------------------------------------
|               OPTIMIZING CANDIDATE TREE SET                      |
--------------------------------------------------------------------
Iteration 30 / LogL: -2467.316 / Time: 0h:0m:1s (0h:0m:4s left)
Iteration 40 / LogL: -2467.738 / Time: 0h:0m:2s (0h:0m:3s left)
Iteration 50 / LogL: -2466.693 / Time: 0h:0m:2s (0h:0m:3s left)
UPDATE BEST LOG-LIKELIHOOD: -2466.687
UPDATE BEST LOG-LIKELIHOOD: -2466.686
Iteration 60 / LogL: -2471.552 / Time: 0h:0m:3s (0h:0m:2s left)
Iteration 70 / LogL: -2467.738 / Time: 0h:0m:3s (0h:0m:1s left)
UPDATE BEST LOG-LIKELIHOOD: -2466.686
Iteration 80 / LogL: -2467.430 / Time: 0h:0m:4s (0h:0m:1s left)
Iteration 90 / LogL: -2467.316 / Time: 0h:0m:4s (0h:0m:0s left)
Iteration 100 / LogL: -2466.711 / Time: 0h:0m:5s (0h:0m:0s left)
TREE SEARCH COMPLETED AFTER 102 ITERATIONS / Time: 0h:0m:5s

--------------------------------------------------------------------
|                    FINALIZING TREE SEARCH                        |
--------------------------------------------------------------------
Performs final model parameters optimization
Estimate model parameters (epsilon = 0.010)
1. Initial log-likelihood: -2466.686
Optimal log-likelihood: -2466.684
Gamma shape alpha: 1.921
Parameters optimization took 1 rounds (0.005 sec)
BEST SCORE FOUND : -2466.684
Total tree length: 6.762

Total number of iterations: 102
CPU time used for tree search: 4.944 sec (0h:0m:4s)
Wall-clock time used for tree search: 5.042 sec (0h:0m:5s)
Total CPU time used: 5.044 sec (0h:0m:5s)
Total wall-clock time used: 5.169 sec (0h:0m:5s)

===> START BOOTSTRAP REPLICATE NUMBER 30

Creating bootstrap alignment (seed: 763003)...
WARNING: States(s) E, I, K, M, W rarely appear in alignment and may cause numerical problems

Create initial parsimony tree by phylogenetic likelihood library (PLL)... 0.001 seconds
Reading model parameters from file /Users/mful870/Desktop/MD_3di_Dev_02Oct24/Scriptorum/SubstitutionMatrix/3di_substmat

NOTE: 1 MB RAM (0 GB) is required!
Estimate model parameters (epsilon = 0.100)
1. Initial log-likelihood: -2823.563
2. Current log-likelihood: -2781.226
3. Current log-likelihood: -2779.089
4. Current log-likelihood: -2778.984
Optimal log-likelihood: -2778.938
Gamma shape alpha: 3.424
Parameters optimization took 4 rounds (0.044 sec)
Computing ML distances based on estimated model parameters... 0.036 sec
Computing BIONJ tree...
0.010 seconds
Log-likelihood of BIONJ tree: -2783.739
--------------------------------------------------------------------
|             INITIALIZING CANDIDATE TREE SET                      |
--------------------------------------------------------------------
Generating 98 parsimony trees... 0.093 second
Computing log-likelihood of 98 initial trees ... 0.447 seconds
Current best score: -2770.574

Do NNI search on 20 best initial trees
Estimate model parameters (epsilon = 0.100)
BETTER TREE FOUND at iteration 1: -2768.881
Iteration 10 / LogL: -2768.921 / Time: 0h:0m:0s
Iteration 20 / LogL: -2768.923 / Time: 0h:0m:1s
Finish initializing candidate tree set (3)
Current best tree score: -2768.881 / CPU time: 1.099
Number of iterations: 20
--------------------------------------------------------------------
|               OPTIMIZING CANDIDATE TREE SET                      |
--------------------------------------------------------------------
Iteration 30 / LogL: -2768.892 / Time: 0h:0m:1s (0h:0m:3s left)
Iteration 40 / LogL: -2784.693 / Time: 0h:0m:1s (0h:0m:3s left)
Iteration 50 / LogL: -2768.893 / Time: 0h:0m:2s (0h:0m:2s left)
UPDATE BEST LOG-LIKELIHOOD: -2768.881
Iteration 60 / LogL: -2768.994 / Time: 0h:0m:2s (0h:0m:1s left)
Iteration 70 / LogL: -2768.888 / Time: 0h:0m:3s (0h:0m:1s left)
UPDATE BEST LOG-LIKELIHOOD: -2768.879
Iteration 80 / LogL: -2768.906 / Time: 0h:0m:3s (0h:0m:0s left)
Iteration 90 / LogL: -2768.883 / Time: 0h:0m:3s (0h:0m:0s left)
Iteration 100 / LogL: -2768.976 / Time: 0h:0m:4s (0h:0m:0s left)
TREE SEARCH COMPLETED AFTER 102 ITERATIONS / Time: 0h:0m:4s

--------------------------------------------------------------------
|                    FINALIZING TREE SEARCH                        |
--------------------------------------------------------------------
Performs final model parameters optimization
Estimate model parameters (epsilon = 0.010)
1. Initial log-likelihood: -2768.879
Optimal log-likelihood: -2768.877
Gamma shape alpha: 3.192
Parameters optimization took 1 rounds (0.006 sec)
BEST SCORE FOUND : -2768.877
Total tree length: 6.785

Total number of iterations: 102
CPU time used for tree search: 4.229 sec (0h:0m:4s)
Wall-clock time used for tree search: 4.280 sec (0h:0m:4s)
Total CPU time used: 4.330 sec (0h:0m:4s)
Total wall-clock time used: 4.404 sec (0h:0m:4s)

===> START BOOTSTRAP REPLICATE NUMBER 31

Creating bootstrap alignment (seed: 763004)...
WARNING: States(s) E, I, K, M rarely appear in alignment and may cause numerical problems

Create initial parsimony tree by phylogenetic likelihood library (PLL)... 0.001 seconds
Reading model parameters from file /Users/mful870/Desktop/MD_3di_Dev_02Oct24/Scriptorum/SubstitutionMatrix/3di_substmat

NOTE: 0 MB RAM (0 GB) is required!
Estimate model parameters (epsilon = 0.100)
1. Initial log-likelihood: -2533.854
2. Current log-likelihood: -2498.408
3. Current log-likelihood: -2497.666
Optimal log-likelihood: -2497.651
Gamma shape alpha: 2.316
Parameters optimization took 3 rounds (0.039 sec)
Computing ML distances based on estimated model parameters... 0.041 sec
Computing BIONJ tree...
0.011 seconds
Log-likelihood of BIONJ tree: -2483.815
--------------------------------------------------------------------
|             INITIALIZING CANDIDATE TREE SET                      |
--------------------------------------------------------------------
Generating 98 parsimony trees... 0.090 second
Computing log-likelihood of 97 initial trees ... 0.349 seconds
Current best score: -2482.126

Do NNI search on 20 best initial trees
Estimate model parameters (epsilon = 0.100)
BETTER TREE FOUND at iteration 1: -2478.346
BETTER TREE FOUND at iteration 2: -2478.345
BETTER TREE FOUND at iteration 3: -2478.345
Iteration 10 / LogL: -2489.208 / Time: 0h:0m:0s
UPDATE BEST LOG-LIKELIHOOD: -2478.345
Iteration 20 / LogL: -2497.854 / Time: 0h:0m:1s
Finish initializing candidate tree set (11)
Current best tree score: -2478.345 / CPU time: 1.266
Number of iterations: 20
--------------------------------------------------------------------
|               OPTIMIZING CANDIDATE TREE SET                      |
--------------------------------------------------------------------
UPDATE BEST LOG-LIKELIHOOD: -2478.345
UPDATE BEST LOG-LIKELIHOOD: -2478.345
Iteration 30 / LogL: -2478.345 / Time: 0h:0m:1s (0h:0m:4s left)
UPDATE BEST LOG-LIKELIHOOD: -2478.345
Iteration 40 / LogL: -2478.345 / Time: 0h:0m:2s (0h:0m:3s left)
UPDATE BEST LOG-LIKELIHOOD: -2478.345
Iteration 50 / LogL: -2478.345 / Time: 0h:0m:2s (0h:0m:2s left)
Iteration 60 / LogL: -2478.345 / Time: 0h:0m:2s (0h:0m:2s left)
Iteration 70 / LogL: -2478.345 / Time: 0h:0m:3s (0h:0m:1s left)
Iteration 80 / LogL: -2478.345 / Time: 0h:0m:3s (0h:0m:1s left)
Iteration 90 / LogL: -2478.345 / Time: 0h:0m:4s (0h:0m:0s left)
Iteration 100 / LogL: -2478.345 / Time: 0h:0m:4s (0h:0m:0s left)
TREE SEARCH COMPLETED AFTER 104 ITERATIONS / Time: 0h:0m:4s

--------------------------------------------------------------------
|                    FINALIZING TREE SEARCH                        |
--------------------------------------------------------------------
Performs final model parameters optimization
Estimate model parameters (epsilon = 0.010)
1. Initial log-likelihood: -2478.345
Optimal log-likelihood: -2478.345
Gamma shape alpha: 1.988
Parameters optimization took 1 rounds (0.006 sec)
BEST SCORE FOUND : -2478.345
Total tree length: 6.484

Total number of iterations: 104
CPU time used for tree search: 4.771 sec (0h:0m:4s)
Wall-clock time used for tree search: 4.843 sec (0h:0m:4s)
Total CPU time used: 4.874 sec (0h:0m:4s)
Total wall-clock time used: 4.970 sec (0h:0m:4s)

===> START BOOTSTRAP REPLICATE NUMBER 32

Creating bootstrap alignment (seed: 763005)...
WARNING: States(s) E, I, K, M, Y rarely appear in alignment and may cause numerical problems

Create initial parsimony tree by phylogenetic likelihood library (PLL)... 0.001 seconds
Reading model parameters from file /Users/mful870/Desktop/MD_3di_Dev_02Oct24/Scriptorum/SubstitutionMatrix/3di_substmat

NOTE: 0 MB RAM (0 GB) is required!
Estimate model parameters (epsilon = 0.100)
1. Initial log-likelihood: -2591.663
2. Current log-likelihood: -2546.332
3. Current log-likelihood: -2545.678
Optimal log-likelihood: -2545.674
Gamma shape alpha: 1.506
Parameters optimization took 3 rounds (0.026 sec)
Computing ML distances based on estimated model parameters... 0.048 sec
Computing BIONJ tree...
0.011 seconds
Log-likelihood of BIONJ tree: -2544.737
--------------------------------------------------------------------
|             INITIALIZING CANDIDATE TREE SET                      |
--------------------------------------------------------------------
Generating 98 parsimony trees... 0.087 second
Computing log-likelihood of 98 initial trees ... 0.421 seconds
Current best score: -2540.100

Do NNI search on 20 best initial trees
Estimate model parameters (epsilon = 0.100)
BETTER TREE FOUND at iteration 1: -2538.900
BETTER TREE FOUND at iteration 2: -2538.898
UPDATE BEST LOG-LIKELIHOOD: -2538.898
UPDATE BEST LOG-LIKELIHOOD: -2538.898
Iteration 10 / LogL: -2542.347 / Time: 0h:0m:1s
Estimate model parameters (epsilon = 0.100)
BETTER TREE FOUND at iteration 16: -2538.679
Iteration 20 / LogL: -2538.939 / Time: 0h:0m:1s
Finish initializing candidate tree set (6)
Current best tree score: -2538.679 / CPU time: 1.331
Number of iterations: 20
--------------------------------------------------------------------
|               OPTIMIZING CANDIDATE TREE SET                      |
--------------------------------------------------------------------
Iteration 30 / LogL: -2539.845 / Time: 0h:0m:1s (0h:0m:5s left)
Iteration 40 / LogL: -2539.834 / Time: 0h:0m:2s (0h:0m:4s left)
Iteration 50 / LogL: -2539.787 / Time: 0h:0m:2s (0h:0m:3s left)
Iteration 60 / LogL: -2539.785 / Time: 0h:0m:2s (0h:0m:2s left)
Iteration 70 / LogL: -2539.792 / Time: 0h:0m:3s (0h:0m:2s left)
Iteration 80 / LogL: -2538.689 / Time: 0h:0m:3s (0h:0m:1s left)
Iteration 90 / LogL: -2539.801 / Time: 0h:0m:3s (0h:0m:1s left)
Iteration 100 / LogL: -2539.791 / Time: 0h:0m:4s (0h:0m:0s left)
Iteration 110 / LogL: -2538.939 / Time: 0h:0m:4s (0h:0m:0s left)
TREE SEARCH COMPLETED AFTER 117 ITERATIONS / Time: 0h:0m:4s

--------------------------------------------------------------------
|                    FINALIZING TREE SEARCH                        |
--------------------------------------------------------------------
Performs final model parameters optimization
Estimate model parameters (epsilon = 0.010)
1. Initial log-likelihood: -2538.679
Optimal log-likelihood: -2538.677
Gamma shape alpha: 1.511
Parameters optimization took 1 rounds (0.006 sec)
BEST SCORE FOUND : -2538.677
Total tree length: 7.018

Total number of iterations: 117
CPU time used for tree search: 4.813 sec (0h:0m:4s)
Wall-clock time used for tree search: 4.875 sec (0h:0m:4s)
Total CPU time used: 4.913 sec (0h:0m:4s)
Total wall-clock time used: 4.999 sec (0h:0m:4s)

===> START BOOTSTRAP REPLICATE NUMBER 33

Creating bootstrap alignment (seed: 763006)...
WARNING: States(s) E, I, K, M, W rarely appear in alignment and may cause numerical problems

Create initial parsimony tree by phylogenetic likelihood library (PLL)... 0.001 seconds
Reading model parameters from file /Users/mful870/Desktop/MD_3di_Dev_02Oct24/Scriptorum/SubstitutionMatrix/3di_substmat

NOTE: 1 MB RAM (0 GB) is required!
Estimate model parameters (epsilon = 0.100)
1. Initial log-likelihood: -2681.325
2. Current log-likelihood: -2641.543
3. Current log-likelihood: -2640.790
Optimal log-likelihood: -2640.783
Gamma shape alpha: 2.435
Parameters optimization took 3 rounds (0.030 sec)
Computing ML distances based on estimated model parameters... 0.038 sec
Computing BIONJ tree...
0.010 seconds
Log-likelihood of BIONJ tree: -2634.799
--------------------------------------------------------------------
|             INITIALIZING CANDIDATE TREE SET                      |
--------------------------------------------------------------------
Generating 98 parsimony trees... 0.081 second
Computing log-likelihood of 98 initial trees ... 0.446 seconds
Current best score: -2634.799

Do NNI search on 20 best initial trees
Estimate model parameters (epsilon = 0.100)
BETTER TREE FOUND at iteration 1: -2634.162
Estimate model parameters (epsilon = 0.100)
BETTER TREE FOUND at iteration 2: -2634.012
Iteration 10 / LogL: -2636.086 / Time: 0h:0m:0s
UPDATE BEST LOG-LIKELIHOOD: -2634.009
Iteration 20 / LogL: -2634.224 / Time: 0h:0m:1s
Finish initializing candidate tree set (6)
Current best tree score: -2634.009 / CPU time: 1.100
Number of iterations: 20
--------------------------------------------------------------------
|               OPTIMIZING CANDIDATE TREE SET                      |
--------------------------------------------------------------------
Iteration 30 / LogL: -2636.252 / Time: 0h:0m:1s (0h:0m:3s left)
Iteration 40 / LogL: -2634.310 / Time: 0h:0m:1s (0h:0m:2s left)
Iteration 50 / LogL: -2636.253 / Time: 0h:0m:2s (0h:0m:2s left)
UPDATE BEST LOG-LIKELIHOOD: -2634.008
Iteration 60 / LogL: -2634.168 / Time: 0h:0m:2s (0h:0m:1s left)
Iteration 70 / LogL: -2634.278 / Time: 0h:0m:2s (0h:0m:1s left)
Iteration 80 / LogL: -2634.175 / Time: 0h:0m:3s (0h:0m:0s left)
Iteration 90 / LogL: -2635.781 / Time: 0h:0m:3s (0h:0m:0s left)
Iteration 100 / LogL: -2634.229 / Time: 0h:0m:3s (0h:0m:0s left)
UPDATE BEST LOG-LIKELIHOOD: -2634.008
TREE SEARCH COMPLETED AFTER 103 ITERATIONS / Time: 0h:0m:4s

--------------------------------------------------------------------
|                    FINALIZING TREE SEARCH                        |
--------------------------------------------------------------------
Performs final model parameters optimization
Estimate model parameters (epsilon = 0.010)
1. Initial log-likelihood: -2634.008
Optimal log-likelihood: -2634.007
Gamma shape alpha: 2.551
Parameters optimization took 1 rounds (0.006 sec)
BEST SCORE FOUND : -2634.007
Total tree length: 6.693

Total number of iterations: 103
CPU time used for tree search: 3.826 sec (0h:0m:3s)
Wall-clock time used for tree search: 3.928 sec (0h:0m:3s)
Total CPU time used: 3.917 sec (0h:0m:3s)
Total wall-clock time used: 4.041 sec (0h:0m:4s)

===> START BOOTSTRAP REPLICATE NUMBER 34

Creating bootstrap alignment (seed: 763007)...
WARNING: States(s) E, I, K, M rarely appear in alignment and may cause numerical problems

Create initial parsimony tree by phylogenetic likelihood library (PLL)... 0.001 seconds
Reading model parameters from file /Users/mful870/Desktop/MD_3di_Dev_02Oct24/Scriptorum/SubstitutionMatrix/3di_substmat

NOTE: 0 MB RAM (0 GB) is required!
Estimate model parameters (epsilon = 0.100)
1. Initial log-likelihood: -2721.348
2. Current log-likelihood: -2670.279
3. Current log-likelihood: -2669.047
Optimal log-likelihood: -2669.010
Gamma shape alpha: 2.335
Parameters optimization took 3 rounds (0.030 sec)
Computing ML distances based on estimated model parameters... 0.036 sec
Computing BIONJ tree...
0.021 seconds
Log-likelihood of BIONJ tree: -2658.829
--------------------------------------------------------------------
|             INITIALIZING CANDIDATE TREE SET                      |
--------------------------------------------------------------------
Generating 98 parsimony trees... 0.087 second
Computing log-likelihood of 98 initial trees ... 0.382 seconds
Current best score: -2658.279

Do NNI search on 20 best initial trees
Estimate model parameters (epsilon = 0.100)
BETTER TREE FOUND at iteration 1: -2653.995
Iteration 10 / LogL: -2658.168 / Time: 0h:0m:0s
Iteration 20 / LogL: -2661.127 / Time: 0h:0m:1s
Finish initializing candidate tree set (6)
Current best tree score: -2653.995 / CPU time: 1.370
Number of iterations: 20
--------------------------------------------------------------------
|               OPTIMIZING CANDIDATE TREE SET                      |
--------------------------------------------------------------------
Iteration 30 / LogL: -2655.396 / Time: 0h:0m:1s (0h:0m:4s left)
Iteration 40 / LogL: -2654.010 / Time: 0h:0m:2s (0h:0m:3s left)
Iteration 50 / LogL: -2654.057 / Time: 0h:0m:2s (0h:0m:2s left)
Iteration 60 / LogL: -2655.389 / Time: 0h:0m:2s (0h:0m:2s left)
Iteration 70 / LogL: -2654.010 / Time: 0h:0m:3s (0h:0m:1s left)
Iteration 80 / LogL: -2654.017 / Time: 0h:0m:3s (0h:0m:0s left)
Iteration 90 / LogL: -2655.799 / Time: 0h:0m:4s (0h:0m:0s left)
Iteration 100 / LogL: -2655.443 / Time: 0h:0m:4s (0h:0m:0s left)
TREE SEARCH COMPLETED AFTER 102 ITERATIONS / Time: 0h:0m:4s

--------------------------------------------------------------------
|                    FINALIZING TREE SEARCH                        |
--------------------------------------------------------------------
Performs final model parameters optimization
Estimate model parameters (epsilon = 0.010)
1. Initial log-likelihood: -2653.995
Optimal log-likelihood: -2653.994
Gamma shape alpha: 2.618
Parameters optimization took 1 rounds (0.007 sec)
BEST SCORE FOUND : -2653.994
Total tree length: 6.680

Total number of iterations: 102
CPU time used for tree search: 4.307 sec (0h:0m:4s)
Wall-clock time used for tree search: 4.370 sec (0h:0m:4s)
Total CPU time used: 4.403 sec (0h:0m:4s)
Total wall-clock time used: 4.500 sec (0h:0m:4s)

===> START BOOTSTRAP REPLICATE NUMBER 35

Creating bootstrap alignment (seed: 763008)...
WARNING: States(s) E, I, K, M rarely appear in alignment and may cause numerical problems

Create initial parsimony tree by phylogenetic likelihood library (PLL)... 0.001 seconds
Reading model parameters from file /Users/mful870/Desktop/MD_3di_Dev_02Oct24/Scriptorum/SubstitutionMatrix/3di_substmat

NOTE: 0 MB RAM (0 GB) is required!
Estimate model parameters (epsilon = 0.100)
1. Initial log-likelihood: -2669.116
2. Current log-likelihood: -2627.009
3. Current log-likelihood: -2626.334
Optimal log-likelihood: -2626.308
Gamma shape alpha: 1.874
Parameters optimization took 3 rounds (0.033 sec)
Computing ML distances based on estimated model parameters... 0.045 sec
Computing BIONJ tree...
0.009 seconds
Log-likelihood of BIONJ tree: -2617.035
--------------------------------------------------------------------
|             INITIALIZING CANDIDATE TREE SET                      |
--------------------------------------------------------------------
Generating 98 parsimony trees... 0.081 second
Computing log-likelihood of 98 initial trees ... 0.370 seconds
Current best score: -2613.121

Do NNI search on 20 best initial trees
Estimate model parameters (epsilon = 0.100)
BETTER TREE FOUND at iteration 1: -2612.751
Estimate model parameters (epsilon = 0.100)
BETTER TREE FOUND at iteration 10: -2609.739
Iteration 10 / LogL: -2609.739 / Time: 0h:0m:0s
Iteration 20 / LogL: -2621.017 / Time: 0h:0m:1s
Finish initializing candidate tree set (12)
Current best tree score: -2609.739 / CPU time: 1.276
Number of iterations: 20
--------------------------------------------------------------------
|               OPTIMIZING CANDIDATE TREE SET                      |
--------------------------------------------------------------------
UPDATE BEST LOG-LIKELIHOOD: -2609.738
UPDATE BEST LOG-LIKELIHOOD: -2609.737
Iteration 30 / LogL: -2609.986 / Time: 0h:0m:1s (0h:0m:4s left)
UPDATE BEST LOG-LIKELIHOOD: -2609.737
Iteration 40 / LogL: -2609.737 / Time: 0h:0m:2s (0h:0m:4s left)
Iteration 50 / LogL: -2609.738 / Time: 0h:0m:2s (0h:0m:3s left)
UPDATE BEST LOG-LIKELIHOOD: -2609.737
UPDATE BEST LOG-LIKELIHOOD: -2609.737
Iteration 60 / LogL: -2617.540 / Time: 0h:0m:3s (0h:0m:3s left)
BETTER TREE FOUND at iteration 67: -2609.737
Iteration 70 / LogL: -2609.986 / Time: 0h:0m:4s (0h:0m:5s left)
Iteration 80 / LogL: -2611.262 / Time: 0h:0m:4s (0h:0m:4s left)
Iteration 90 / LogL: -2616.873 / Time: 0h:0m:4s (0h:0m:4s left)
Iteration 100 / LogL: -2609.749 / Time: 0h:0m:5s (0h:0m:3s left)
Iteration 110 / LogL: -2609.737 / Time: 0h:0m:5s (0h:0m:3s left)
Iteration 120 / LogL: -2609.745 / Time: 0h:0m:6s (0h:0m:2s left)
Iteration 130 / LogL: -2609.737 / Time: 0h:0m:6s (0h:0m:1s left)
Iteration 140 / LogL: -2609.737 / Time: 0h:0m:7s (0h:0m:1s left)
Iteration 150 / LogL: -2609.986 / Time: 0h:0m:7s (0h:0m:0s left)
Iteration 160 / LogL: -2609.986 / Time: 0h:0m:8s (0h:0m:0s left)
TREE SEARCH COMPLETED AFTER 168 ITERATIONS / Time: 0h:0m:8s

--------------------------------------------------------------------
|                    FINALIZING TREE SEARCH                        |
--------------------------------------------------------------------
Performs final model parameters optimization
Estimate model parameters (epsilon = 0.010)
1. Initial log-likelihood: -2609.737
Optimal log-likelihood: -2609.735
Gamma shape alpha: 1.773
Parameters optimization took 1 rounds (0.006 sec)
BEST SCORE FOUND : -2609.735
Total tree length: 7.556

Total number of iterations: 168
CPU time used for tree search: 8.327 sec (0h:0m:8s)
Wall-clock time used for tree search: 8.586 sec (0h:0m:8s)
Total CPU time used: 8.431 sec (0h:0m:8s)
Total wall-clock time used: 8.707 sec (0h:0m:8s)

===> START BOOTSTRAP REPLICATE NUMBER 36

Creating bootstrap alignment (seed: 763009)...
WARNING: States(s) E, I, K, M, T, W, Y rarely appear in alignment and may cause numerical problems

Create initial parsimony tree by phylogenetic likelihood library (PLL)... 0.001 seconds
Reading model parameters from file /Users/mful870/Desktop/MD_3di_Dev_02Oct24/Scriptorum/SubstitutionMatrix/3di_substmat

NOTE: 1 MB RAM (0 GB) is required!
Estimate model parameters (epsilon = 0.100)
1. Initial log-likelihood: -2611.376
2. Current log-likelihood: -2570.026
3. Current log-likelihood: -2568.866
Optimal log-likelihood: -2568.824
Gamma shape alpha: 2.858
Parameters optimization took 3 rounds (0.036 sec)
Computing ML distances based on estimated model parameters... 0.041 sec
Computing BIONJ tree...
0.011 seconds
Log-likelihood of BIONJ tree: -2566.506
--------------------------------------------------------------------
|             INITIALIZING CANDIDATE TREE SET                      |
--------------------------------------------------------------------
Generating 98 parsimony trees... 0.089 second
Computing log-likelihood of 97 initial trees ... 0.413 seconds
Current best score: -2565.817

Do NNI search on 20 best initial trees
Estimate model parameters (epsilon = 0.100)
BETTER TREE FOUND at iteration 1: -2565.138
Estimate model parameters (epsilon = 0.100)
BETTER TREE FOUND at iteration 4: -2563.172
UPDATE BEST LOG-LIKELIHOOD: -2563.172
UPDATE BEST LOG-LIKELIHOOD: -2563.172
Iteration 10 / LogL: -2563.172 / Time: 0h:0m:0s
Iteration 20 / LogL: -2565.268 / Time: 0h:0m:1s
Finish initializing candidate tree set (2)
Current best tree score: -2563.172 / CPU time: 1.110
Number of iterations: 20
--------------------------------------------------------------------
|               OPTIMIZING CANDIDATE TREE SET                      |
--------------------------------------------------------------------
UPDATE BEST LOG-LIKELIHOOD: -2563.172
Iteration 30 / LogL: -2565.417 / Time: 0h:0m:1s (0h:0m:3s left)
UPDATE BEST LOG-LIKELIHOOD: -2563.172
Iteration 40 / LogL: -2565.204 / Time: 0h:0m:1s (0h:0m:3s left)
Iteration 50 / LogL: -2563.172 / Time: 0h:0m:2s (0h:0m:2s left)
Iteration 60 / LogL: -2563.172 / Time: 0h:0m:2s (0h:0m:2s left)
Iteration 70 / LogL: -2565.168 / Time: 0h:0m:3s (0h:0m:1s left)
Iteration 80 / LogL: -2565.297 / Time: 0h:0m:3s (0h:0m:1s left)
UPDATE BEST LOG-LIKELIHOOD: -2563.172
Iteration 90 / LogL: -2563.173 / Time: 0h:0m:3s (0h:0m:0s left)
Iteration 100 / LogL: -2563.173 / Time: 0h:0m:4s (0h:0m:0s left)
TREE SEARCH COMPLETED AFTER 105 ITERATIONS / Time: 0h:0m:4s

--------------------------------------------------------------------
|                    FINALIZING TREE SEARCH                        |
--------------------------------------------------------------------
Performs final model parameters optimization
Estimate model parameters (epsilon = 0.010)
1. Initial log-likelihood: -2563.172
Optimal log-likelihood: -2563.172
Gamma shape alpha: 2.811
Parameters optimization took 1 rounds (0.013 sec)
BEST SCORE FOUND : -2563.172
Total tree length: 6.533

Total number of iterations: 105
CPU time used for tree search: 4.521 sec (0h:0m:4s)
Wall-clock time used for tree search: 4.656 sec (0h:0m:4s)
Total CPU time used: 4.627 sec (0h:0m:4s)
Total wall-clock time used: 4.786 sec (0h:0m:4s)

===> START BOOTSTRAP REPLICATE NUMBER 37

Creating bootstrap alignment (seed: 763010)...
WARNING: States(s) E, I, K, M, W rarely appear in alignment and may cause numerical problems

Create initial parsimony tree by phylogenetic likelihood library (PLL)... 0.001 seconds
Reading model parameters from file /Users/mful870/Desktop/MD_3di_Dev_02Oct24/Scriptorum/SubstitutionMatrix/3di_substmat

NOTE: 1 MB RAM (0 GB) is required!
Estimate model parameters (epsilon = 0.100)
1. Initial log-likelihood: -2751.954
2. Current log-likelihood: -2717.595
3. Current log-likelihood: -2717.083
Optimal log-likelihood: -2717.078
Gamma shape alpha: 2.275
Parameters optimization took 3 rounds (0.045 sec)
Computing ML distances based on estimated model parameters... 0.045 sec
Computing BIONJ tree...
0.012 seconds
Log-likelihood of BIONJ tree: -2707.662
--------------------------------------------------------------------
|             INITIALIZING CANDIDATE TREE SET                      |
--------------------------------------------------------------------
Generating 98 parsimony trees... 0.098 second
Computing log-likelihood of 98 initial trees ... 0.506 seconds
Current best score: -2707.662

Do NNI search on 20 best initial trees
Estimate model parameters (epsilon = 0.100)
BETTER TREE FOUND at iteration 1: -2707.329
Iteration 10 / LogL: -2707.335 / Time: 0h:0m:1s
Iteration 20 / LogL: -2707.337 / Time: 0h:0m:1s
Finish initializing candidate tree set (1)
Current best tree score: -2707.329 / CPU time: 1.413
Number of iterations: 20
--------------------------------------------------------------------
|               OPTIMIZING CANDIDATE TREE SET                      |
--------------------------------------------------------------------
Iteration 30 / LogL: -2710.222 / Time: 0h:0m:1s (0h:0m:4s left)
Iteration 40 / LogL: -2707.351 / Time: 0h:0m:2s (0h:0m:3s left)
Iteration 50 / LogL: -2707.367 / Time: 0h:0m:2s (0h:0m:2s left)
Iteration 60 / LogL: -2710.184 / Time: 0h:0m:3s (0h:0m:2s left)
Iteration 70 / LogL: -2710.261 / Time: 0h:0m:3s (0h:0m:1s left)
Iteration 80 / LogL: -2707.333 / Time: 0h:0m:3s (0h:0m:1s left)
Iteration 90 / LogL: -2707.415 / Time: 0h:0m:4s (0h:0m:0s left)
Iteration 100 / LogL: -2707.352 / Time: 0h:0m:4s (0h:0m:0s left)
TREE SEARCH COMPLETED AFTER 102 ITERATIONS / Time: 0h:0m:4s

--------------------------------------------------------------------
|                    FINALIZING TREE SEARCH                        |
--------------------------------------------------------------------
Performs final model parameters optimization
Estimate model parameters (epsilon = 0.010)
1. Initial log-likelihood: -2707.329
Optimal log-likelihood: -2707.329
Gamma shape alpha: 2.372
Parameters optimization took 1 rounds (0.006 sec)
BEST SCORE FOUND : -2707.329
Total tree length: 6.500

Total number of iterations: 102
CPU time used for tree search: 4.522 sec (0h:0m:4s)
Wall-clock time used for tree search: 4.672 sec (0h:0m:4s)
Total CPU time used: 4.637 sec (0h:0m:4s)
Total wall-clock time used: 4.812 sec (0h:0m:4s)

===> START BOOTSTRAP REPLICATE NUMBER 38

Creating bootstrap alignment (seed: 763011)...
WARNING: States(s) E, I, K, M rarely appear in alignment and may cause numerical problems

Create initial parsimony tree by phylogenetic likelihood library (PLL)... 0.001 seconds
Reading model parameters from file /Users/mful870/Desktop/MD_3di_Dev_02Oct24/Scriptorum/SubstitutionMatrix/3di_substmat

NOTE: 0 MB RAM (0 GB) is required!
Estimate model parameters (epsilon = 0.100)
1. Initial log-likelihood: -2728.736
2. Current log-likelihood: -2673.327
3. Current log-likelihood: -2672.038
Optimal log-likelihood: -2672.004
Gamma shape alpha: 3.070
Parameters optimization took 3 rounds (0.037 sec)
Computing ML distances based on estimated model parameters... 0.037 sec
Computing BIONJ tree...
0.010 seconds
Log-likelihood of BIONJ tree: -2665.364
--------------------------------------------------------------------
|             INITIALIZING CANDIDATE TREE SET                      |
--------------------------------------------------------------------
Generating 98 parsimony trees... 0.086 second
Computing log-likelihood of 98 initial trees ... 0.425 seconds
Current best score: -2665.364

Do NNI search on 20 best initial trees
Estimate model parameters (epsilon = 0.100)
BETTER TREE FOUND at iteration 1: -2664.661
Estimate model parameters (epsilon = 0.100)
BETTER TREE FOUND at iteration 2: -2663.193
Estimate model parameters (epsilon = 0.100)
BETTER TREE FOUND at iteration 6: -2662.205
Iteration 10 / LogL: -2663.307 / Time: 0h:0m:1s
Iteration 20 / LogL: -2666.736 / Time: 0h:0m:1s
Finish initializing candidate tree set (7)
Current best tree score: -2662.205 / CPU time: 1.310
Number of iterations: 20
--------------------------------------------------------------------
|               OPTIMIZING CANDIDATE TREE SET                      |
--------------------------------------------------------------------
Estimate model parameters (epsilon = 0.100)
BETTER TREE FOUND at iteration 27: -2662.161
Iteration 30 / LogL: -2662.304 / Time: 0h:0m:1s (0h:0m:6s left)
BETTER TREE FOUND at iteration 32: -2662.161
UPDATE BEST LOG-LIKELIHOOD: -2662.161
Iteration 40 / LogL: -2662.161 / Time: 0h:0m:2s (0h:0m:5s left)
BETTER TREE FOUND at iteration 48: -2662.153
Iteration 50 / LogL: -2662.301 / Time: 0h:0m:2s (0h:0m:5s left)
BETTER TREE FOUND at iteration 59: -2662.153
Iteration 60 / LogL: -2670.606 / Time: 0h:0m:3s (0h:0m:5s left)
UPDATE BEST LOG-LIKELIHOOD: -2662.153
Iteration 70 / LogL: -2662.153 / Time: 0h:0m:3s (0h:0m:4s left)
UPDATE BEST LOG-LIKELIHOOD: -2662.153
Iteration 80 / LogL: -2662.161 / Time: 0h:0m:4s (0h:0m:4s left)
Iteration 90 / LogL: -2662.161 / Time: 0h:0m:4s (0h:0m:3s left)
Iteration 100 / LogL: -2662.302 / Time: 0h:0m:5s (0h:0m:3s left)
Iteration 110 / LogL: -2663.333 / Time: 0h:0m:5s (0h:0m:2s left)
UPDATE BEST LOG-LIKELIHOOD: -2662.153
Iteration 120 / LogL: -2662.161 / Time: 0h:0m:6s (0h:0m:1s left)
Iteration 130 / LogL: -2662.153 / Time: 0h:0m:6s (0h:0m:1s left)
Iteration 140 / LogL: -2663.275 / Time: 0h:0m:6s (0h:0m:0s left)
Iteration 150 / LogL: -2662.161 / Time: 0h:0m:7s (0h:0m:0s left)
Iteration 160 / LogL: -2662.677 / Time: 0h:0m:7s (0h:0m:-1s left)
TREE SEARCH COMPLETED AFTER 160 ITERATIONS / Time: 0h:0m:7s

--------------------------------------------------------------------
|                    FINALIZING TREE SEARCH                        |
--------------------------------------------------------------------
Performs final model parameters optimization
Estimate model parameters (epsilon = 0.010)
1. Initial log-likelihood: -2662.153
Optimal log-likelihood: -2662.153
Gamma shape alpha: 3.004
Parameters optimization took 1 rounds (0.005 sec)
BEST SCORE FOUND : -2662.153
Total tree length: 7.017

Total number of iterations: 160
CPU time used for tree search: 7.443 sec (0h:0m:7s)
Wall-clock time used for tree search: 7.624 sec (0h:0m:7s)
Total CPU time used: 7.537 sec (0h:0m:7s)
Total wall-clock time used: 7.740 sec (0h:0m:7s)

===> START BOOTSTRAP REPLICATE NUMBER 39

Creating bootstrap alignment (seed: 763012)...
WARNING: States(s) E, I, K, M rarely appear in alignment and may cause numerical problems

Create initial parsimony tree by phylogenetic likelihood library (PLL)... 0.001 seconds
Reading model parameters from file /Users/mful870/Desktop/MD_3di_Dev_02Oct24/Scriptorum/SubstitutionMatrix/3di_substmat

NOTE: 0 MB RAM (0 GB) is required!
Estimate model parameters (epsilon = 0.100)
1. Initial log-likelihood: -2718.156
2. Current log-likelihood: -2668.571
3. Current log-likelihood: -2666.927
Optimal log-likelihood: -2666.893
Gamma shape alpha: 3.498
Parameters optimization took 3 rounds (0.035 sec)
Computing ML distances based on estimated model parameters... 0.037 sec
Computing BIONJ tree...
0.011 seconds
Log-likelihood of BIONJ tree: -2669.940
--------------------------------------------------------------------
|             INITIALIZING CANDIDATE TREE SET                      |
--------------------------------------------------------------------
Generating 98 parsimony trees... 0.074 second
Computing log-likelihood of 98 initial trees ... 0.349 seconds
Current best score: -2664.677

Do NNI search on 20 best initial trees
Estimate model parameters (epsilon = 0.100)
BETTER TREE FOUND at iteration 1: -2660.736
Estimate model parameters (epsilon = 0.100)
BETTER TREE FOUND at iteration 3: -2657.158
Iteration 10 / LogL: -2668.626 / Time: 0h:0m:0s
Iteration 20 / LogL: -2662.703 / Time: 0h:0m:1s
Finish initializing candidate tree set (11)
Current best tree score: -2657.158 / CPU time: 0.984
Number of iterations: 20
--------------------------------------------------------------------
|               OPTIMIZING CANDIDATE TREE SET                      |
--------------------------------------------------------------------
UPDATE BEST LOG-LIKELIHOOD: -2657.157
Iteration 30 / LogL: -2660.853 / Time: 0h:0m:1s (0h:0m:3s left)
Iteration 40 / LogL: -2662.729 / Time: 0h:0m:1s (0h:0m:2s left)
Iteration 50 / LogL: -2660.859 / Time: 0h:0m:2s (0h:0m:2s left)
Iteration 60 / LogL: -2660.859 / Time: 0h:0m:2s (0h:0m:1s left)
Iteration 70 / LogL: -2662.705 / Time: 0h:0m:2s (0h:0m:1s left)
Iteration 80 / LogL: -2661.689 / Time: 0h:0m:2s (0h:0m:0s left)
Iteration 90 / LogL: -2660.857 / Time: 0h:0m:3s (0h:0m:0s left)
Iteration 100 / LogL: -2671.037 / Time: 0h:0m:3s (0h:0m:0s left)
TREE SEARCH COMPLETED AFTER 104 ITERATIONS / Time: 0h:0m:3s

--------------------------------------------------------------------
|                    FINALIZING TREE SEARCH                        |
--------------------------------------------------------------------
Performs final model parameters optimization
Estimate model parameters (epsilon = 0.010)
1. Initial log-likelihood: -2657.157
Optimal log-likelihood: -2657.156
Gamma shape alpha: 2.893
Parameters optimization took 1 rounds (0.006 sec)
BEST SCORE FOUND : -2657.156
Total tree length: 7.395

Total number of iterations: 104
CPU time used for tree search: 3.464 sec (0h:0m:3s)
Wall-clock time used for tree search: 3.519 sec (0h:0m:3s)
Total CPU time used: 3.560 sec (0h:0m:3s)
Total wall-clock time used: 3.638 sec (0h:0m:3s)

===> START BOOTSTRAP REPLICATE NUMBER 40

Creating bootstrap alignment (seed: 763013)...
WARNING: States(s) E, I, K, M rarely appear in alignment and may cause numerical problems

Create initial parsimony tree by phylogenetic likelihood library (PLL)... 0.001 seconds
Reading model parameters from file /Users/mful870/Desktop/MD_3di_Dev_02Oct24/Scriptorum/SubstitutionMatrix/3di_substmat

NOTE: 0 MB RAM (0 GB) is required!
Estimate model parameters (epsilon = 0.100)
1. Initial log-likelihood: -2614.961
2. Current log-likelihood: -2563.578
3. Current log-likelihood: -2562.377
Optimal log-likelihood: -2562.346
Gamma shape alpha: 2.962
Parameters optimization took 3 rounds (0.037 sec)
Computing ML distances based on estimated model parameters... 0.036 sec
Computing BIONJ tree...
0.010 seconds
Log-likelihood of BIONJ tree: -2554.029
--------------------------------------------------------------------
|             INITIALIZING CANDIDATE TREE SET                      |
--------------------------------------------------------------------
Generating 98 parsimony trees... 0.079 second
Computing log-likelihood of 98 initial trees ... 0.382 seconds
Current best score: -2550.918

Do NNI search on 20 best initial trees
Estimate model parameters (epsilon = 0.100)
BETTER TREE FOUND at iteration 1: -2550.127
Estimate model parameters (epsilon = 0.100)
BETTER TREE FOUND at iteration 6: -2548.751
Estimate model parameters (epsilon = 0.100)
BETTER TREE FOUND at iteration 7: -2546.268
Iteration 10 / LogL: -2554.692 / Time: 0h:0m:0s
Iteration 20 / LogL: -2548.830 / Time: 0h:0m:1s
Finish initializing candidate tree set (10)
Current best tree score: -2546.268 / CPU time: 1.062
Number of iterations: 20
--------------------------------------------------------------------
|               OPTIMIZING CANDIDATE TREE SET                      |
--------------------------------------------------------------------
Iteration 30 / LogL: -2548.830 / Time: 0h:0m:1s (0h:0m:4s left)
Iteration 40 / LogL: -2548.830 / Time: 0h:0m:1s (0h:0m:3s left)
Iteration 50 / LogL: -2546.272 / Time: 0h:0m:2s (0h:0m:2s left)
Iteration 60 / LogL: -2548.830 / Time: 0h:0m:2s (0h:0m:2s left)
Iteration 70 / LogL: -2548.830 / Time: 0h:0m:3s (0h:0m:1s left)
Iteration 80 / LogL: -2546.389 / Time: 0h:0m:3s (0h:0m:1s left)
Iteration 90 / LogL: -2548.830 / Time: 0h:0m:3s (0h:0m:0s left)
Iteration 100 / LogL: -2548.830 / Time: 0h:0m:4s (0h:0m:0s left)
TREE SEARCH COMPLETED AFTER 108 ITERATIONS / Time: 0h:0m:4s

--------------------------------------------------------------------
|                    FINALIZING TREE SEARCH                        |
--------------------------------------------------------------------
Performs final model parameters optimization
Estimate model parameters (epsilon = 0.010)
1. Initial log-likelihood: -2546.268
Optimal log-likelihood: -2546.262
Gamma shape alpha: 2.569
Parameters optimization took 1 rounds (0.008 sec)
BEST SCORE FOUND : -2546.262
Total tree length: 6.735

Total number of iterations: 108
CPU time used for tree search: 4.526 sec (0h:0m:4s)
Wall-clock time used for tree search: 4.587 sec (0h:0m:4s)
Total CPU time used: 4.626 sec (0h:0m:4s)
Total wall-clock time used: 4.710 sec (0h:0m:4s)

===> START BOOTSTRAP REPLICATE NUMBER 41

Creating bootstrap alignment (seed: 763014)...
WARNING: States(s) E, I, K, M, W rarely appear in alignment and may cause numerical problems

Create initial parsimony tree by phylogenetic likelihood library (PLL)... 0.001 seconds
Reading model parameters from file /Users/mful870/Desktop/MD_3di_Dev_02Oct24/Scriptorum/SubstitutionMatrix/3di_substmat

NOTE: 0 MB RAM (0 GB) is required!
Estimate model parameters (epsilon = 0.100)
1. Initial log-likelihood: -2745.122
2. Current log-likelihood: -2694.824
3. Current log-likelihood: -2693.631
Optimal log-likelihood: -2693.581
Gamma shape alpha: 2.142
Parameters optimization took 3 rounds (0.036 sec)
Computing ML distances based on estimated model parameters... 0.048 sec
WARNING: Some pairwise ML distances are too long (saturated)
Computing BIONJ tree...
0.011 seconds
Log-likelihood of BIONJ tree: -2674.352
--------------------------------------------------------------------
|             INITIALIZING CANDIDATE TREE SET                      |
--------------------------------------------------------------------
Generating 98 parsimony trees... 0.093 second
Computing log-likelihood of 97 initial trees ... 0.489 seconds
Current best score: -2674.352

Do NNI search on 20 best initial trees
Estimate model parameters (epsilon = 0.100)
BETTER TREE FOUND at iteration 1: -2674.071
Estimate model parameters (epsilon = 0.100)
BETTER TREE FOUND at iteration 2: -2673.631
UPDATE BEST LOG-LIKELIHOOD: -2673.631
Iteration 10 / LogL: -2673.711 / Time: 0h:0m:1s
Iteration 20 / LogL: -2673.761 / Time: 0h:0m:1s
Finish initializing candidate tree set (5)
Current best tree score: -2673.631 / CPU time: 1.327
Number of iterations: 20
--------------------------------------------------------------------
|               OPTIMIZING CANDIDATE TREE SET                      |
--------------------------------------------------------------------
BETTER TREE FOUND at iteration 21: -2673.630
UPDATE BEST LOG-LIKELIHOOD: -2673.630
Iteration 30 / LogL: -2673.699 / Time: 0h:0m:1s (0h:0m:5s left)
Iteration 40 / LogL: -2673.631 / Time: 0h:0m:2s (0h:0m:4s left)
Iteration 50 / LogL: -2673.690 / Time: 0h:0m:2s (0h:0m:3s left)
UPDATE BEST LOG-LIKELIHOOD: -2673.630
Iteration 60 / LogL: -2673.631 / Time: 0h:0m:3s (0h:0m:3s left)
Iteration 70 / LogL: -2673.631 / Time: 0h:0m:3s (0h:0m:2s left)
UPDATE BEST LOG-LIKELIHOOD: -2673.630
Iteration 80 / LogL: -2673.776 / Time: 0h:0m:3s (0h:0m:1s left)
Iteration 90 / LogL: -2673.631 / Time: 0h:0m:4s (0h:0m:1s left)
Iteration 100 / LogL: -2673.755 / Time: 0h:0m:4s (0h:0m:0s left)
Iteration 110 / LogL: -2673.631 / Time: 0h:0m:5s (0h:0m:0s left)
Iteration 120 / LogL: -2673.994 / Time: 0h:0m:5s (0h:0m:0s left)
TREE SEARCH COMPLETED AFTER 122 ITERATIONS / Time: 0h:0m:5s

--------------------------------------------------------------------
|                    FINALIZING TREE SEARCH                        |
--------------------------------------------------------------------
Performs final model parameters optimization
Estimate model parameters (epsilon = 0.010)
1. Initial log-likelihood: -2673.630
Optimal log-likelihood: -2673.630
Gamma shape alpha: 1.967
Parameters optimization took 1 rounds (0.007 sec)
BEST SCORE FOUND : -2673.630
Total tree length: 8.539

Total number of iterations: 122
CPU time used for tree search: 5.309 sec (0h:0m:5s)
Wall-clock time used for tree search: 5.434 sec (0h:0m:5s)
Total CPU time used: 5.421 sec (0h:0m:5s)
Total wall-clock time used: 5.571 sec (0h:0m:5s)

===> START BOOTSTRAP REPLICATE NUMBER 42

Creating bootstrap alignment (seed: 763015)...
WARNING: States(s) E, I, K, M rarely appear in alignment and may cause numerical problems

Create initial parsimony tree by phylogenetic likelihood library (PLL)... 0.001 seconds
Reading model parameters from file /Users/mful870/Desktop/MD_3di_Dev_02Oct24/Scriptorum/SubstitutionMatrix/3di_substmat

NOTE: 0 MB RAM (0 GB) is required!
Estimate model parameters (epsilon = 0.100)
1. Initial log-likelihood: -2703.856
2. Current log-likelihood: -2669.244
3. Current log-likelihood: -2668.614
Optimal log-likelihood: -2668.602
Gamma shape alpha: 2.779
Parameters optimization took 3 rounds (0.032 sec)
Computing ML distances based on estimated model parameters... 0.037 sec
Computing BIONJ tree...
0.011 seconds
Log-likelihood of BIONJ tree: -2662.625
--------------------------------------------------------------------
|             INITIALIZING CANDIDATE TREE SET                      |
--------------------------------------------------------------------
Generating 98 parsimony trees... 0.083 second
Computing log-likelihood of 98 initial trees ... 0.405 seconds
Current best score: -2653.400

Do NNI search on 20 best initial trees
Estimate model parameters (epsilon = 0.100)
BETTER TREE FOUND at iteration 1: -2650.382
Iteration 10 / LogL: -2650.538 / Time: 0h:0m:0s
Iteration 20 / LogL: -2650.883 / Time: 0h:0m:1s
Finish initializing candidate tree set (1)
Current best tree score: -2650.382 / CPU time: 1.107
Number of iterations: 20
--------------------------------------------------------------------
|               OPTIMIZING CANDIDATE TREE SET                      |
--------------------------------------------------------------------
Iteration 30 / LogL: -2650.539 / Time: 0h:0m:1s (0h:0m:3s left)
Iteration 40 / LogL: -2653.799 / Time: 0h:0m:1s (0h:0m:2s left)
Iteration 50 / LogL: -2653.386 / Time: 0h:0m:2s (0h:0m:2s left)
Iteration 60 / LogL: -2650.589 / Time: 0h:0m:2s (0h:0m:1s left)
Iteration 70 / LogL: -2650.439 / Time: 0h:0m:2s (0h:0m:1s left)
Iteration 80 / LogL: -2653.214 / Time: 0h:0m:3s (0h:0m:0s left)
Iteration 90 / LogL: -2650.637 / Time: 0h:0m:3s (0h:0m:0s left)
Iteration 100 / LogL: -2650.415 / Time: 0h:0m:3s (0h:0m:0s left)
TREE SEARCH COMPLETED AFTER 102 ITERATIONS / Time: 0h:0m:3s

--------------------------------------------------------------------
|                    FINALIZING TREE SEARCH                        |
--------------------------------------------------------------------
Performs final model parameters optimization
Estimate model parameters (epsilon = 0.010)
1. Initial log-likelihood: -2650.382
Optimal log-likelihood: -2650.381
Gamma shape alpha: 2.304
Parameters optimization took 1 rounds (0.006 sec)
BEST SCORE FOUND : -2650.381
Total tree length: 6.925

Total number of iterations: 102
CPU time used for tree search: 3.709 sec (0h:0m:3s)
Wall-clock time used for tree search: 3.817 sec (0h:0m:3s)
Total CPU time used: 3.810 sec (0h:0m:3s)
Total wall-clock time used: 3.942 sec (0h:0m:3s)

===> START BOOTSTRAP REPLICATE NUMBER 43

Creating bootstrap alignment (seed: 763016)...
WARNING: States(s) E, I, K, M, W rarely appear in alignment and may cause numerical problems

Create initial parsimony tree by phylogenetic likelihood library (PLL)... 0.001 seconds
Reading model parameters from file /Users/mful870/Desktop/MD_3di_Dev_02Oct24/Scriptorum/SubstitutionMatrix/3di_substmat

NOTE: 0 MB RAM (0 GB) is required!
Estimate model parameters (epsilon = 0.100)
1. Initial log-likelihood: -2615.006
2. Current log-likelihood: -2582.945
3. Current log-likelihood: -2581.647
Optimal log-likelihood: -2581.580
Gamma shape alpha: 3.113
Parameters optimization took 3 rounds (0.041 sec)
Computing ML distances based on estimated model parameters... 0.040 sec
Computing BIONJ tree...
0.011 seconds
Log-likelihood of BIONJ tree: -2577.032
--------------------------------------------------------------------
|             INITIALIZING CANDIDATE TREE SET                      |
--------------------------------------------------------------------
Generating 98 parsimony trees... 0.089 second
Computing log-likelihood of 97 initial trees ... 0.413 seconds
Current best score: -2576.037

Do NNI search on 20 best initial trees
Estimate model parameters (epsilon = 0.100)
BETTER TREE FOUND at iteration 1: -2574.583
Iteration 10 / LogL: -2574.755 / Time: 0h:0m:0s
Iteration 20 / LogL: -2575.794 / Time: 0h:0m:1s
Finish initializing candidate tree set (6)
Current best tree score: -2574.583 / CPU time: 0.980
Number of iterations: 20
--------------------------------------------------------------------
|               OPTIMIZING CANDIDATE TREE SET                      |
--------------------------------------------------------------------
Iteration 30 / LogL: -2574.858 / Time: 0h:0m:1s (0h:0m:3s left)
Iteration 40 / LogL: -2574.665 / Time: 0h:0m:1s (0h:0m:2s left)
Iteration 50 / LogL: -2574.611 / Time: 0h:0m:2s (0h:0m:2s left)
Iteration 60 / LogL: -2574.847 / Time: 0h:0m:2s (0h:0m:1s left)
Iteration 70 / LogL: -2574.605 / Time: 0h:0m:2s (0h:0m:1s left)
Iteration 80 / LogL: -2574.591 / Time: 0h:0m:3s (0h:0m:0s left)
Iteration 90 / LogL: -2575.760 / Time: 0h:0m:3s (0h:0m:0s left)
Iteration 100 / LogL: -2574.882 / Time: 0h:0m:3s (0h:0m:0s left)
TREE SEARCH COMPLETED AFTER 102 ITERATIONS / Time: 0h:0m:4s

--------------------------------------------------------------------
|                    FINALIZING TREE SEARCH                        |
--------------------------------------------------------------------
Performs final model parameters optimization
Estimate model parameters (epsilon = 0.010)
1. Initial log-likelihood: -2574.583
Optimal log-likelihood: -2574.580
Gamma shape alpha: 2.904
Parameters optimization took 1 rounds (0.009 sec)
BEST SCORE FOUND : -2574.580
Total tree length: 6.456

Total number of iterations: 102
CPU time used for tree search: 3.856 sec (0h:0m:3s)
Wall-clock time used for tree search: 3.929 sec (0h:0m:3s)
Total CPU time used: 3.962 sec (0h:0m:3s)
Total wall-clock time used: 4.059 sec (0h:0m:4s)

===> START BOOTSTRAP REPLICATE NUMBER 44

Creating bootstrap alignment (seed: 763017)...
WARNING: States(s) E, I, K, M rarely appear in alignment and may cause numerical problems

Create initial parsimony tree by phylogenetic likelihood library (PLL)... 0.001 seconds
Reading model parameters from file /Users/mful870/Desktop/MD_3di_Dev_02Oct24/Scriptorum/SubstitutionMatrix/3di_substmat

NOTE: 0 MB RAM (0 GB) is required!
Estimate model parameters (epsilon = 0.100)
1. Initial log-likelihood: -2543.166
2. Current log-likelihood: -2507.407
3. Current log-likelihood: -2506.785
Optimal log-likelihood: -2506.773
Gamma shape alpha: 1.740
Parameters optimization took 3 rounds (0.042 sec)
Computing ML distances based on estimated model parameters... 0.047 sec
Computing BIONJ tree...
0.012 seconds
Log-likelihood of BIONJ tree: -2500.731
--------------------------------------------------------------------
|             INITIALIZING CANDIDATE TREE SET                      |
--------------------------------------------------------------------
Generating 98 parsimony trees... 0.097 second
Computing log-likelihood of 98 initial trees ... 0.447 seconds
Current best score: -2500.731

Do NNI search on 20 best initial trees
Estimate model parameters (epsilon = 0.100)
BETTER TREE FOUND at iteration 1: -2500.501
Estimate model parameters (epsilon = 0.100)
BETTER TREE FOUND at iteration 3: -2499.968
Estimate model parameters (epsilon = 0.100)
BETTER TREE FOUND at iteration 9: -2491.773
Iteration 10 / LogL: -2500.085 / Time: 0h:0m:0s
Estimate model parameters (epsilon = 0.100)
BETTER TREE FOUND at iteration 18: -2491.505
Iteration 20 / LogL: -2500.039 / Time: 0h:0m:1s
Finish initializing candidate tree set (5)
Current best tree score: -2491.505 / CPU time: 1.171
Number of iterations: 20
--------------------------------------------------------------------
|               OPTIMIZING CANDIDATE TREE SET                      |
--------------------------------------------------------------------
UPDATE BEST LOG-LIKELIHOOD: -2491.505
Iteration 30 / LogL: -2491.775 / Time: 0h:0m:1s (0h:0m:5s left)
Iteration 40 / LogL: -2491.851 / Time: 0h:0m:2s (0h:0m:4s left)
Iteration 50 / LogL: -2491.775 / Time: 0h:0m:2s (0h:0m:3s left)
Iteration 60 / LogL: -2492.580 / Time: 0h:0m:2s (0h:0m:2s left)
Iteration 70 / LogL: -2491.775 / Time: 0h:0m:3s (0h:0m:2s left)
UPDATE BEST LOG-LIKELIHOOD: -2491.505
UPDATE BEST LOG-LIKELIHOOD: -2491.505
Iteration 80 / LogL: -2491.775 / Time: 0h:0m:3s (0h:0m:1s left)
Iteration 90 / LogL: -2492.580 / Time: 0h:0m:4s (0h:0m:1s left)
Iteration 100 / LogL: -2492.581 / Time: 0h:0m:4s (0h:0m:0s left)
Iteration 110 / LogL: -2491.775 / Time: 0h:0m:5s (0h:0m:0s left)
TREE SEARCH COMPLETED AFTER 119 ITERATIONS / Time: 0h:0m:5s

--------------------------------------------------------------------
|                    FINALIZING TREE SEARCH                        |
--------------------------------------------------------------------
Performs final model parameters optimization
Estimate model parameters (epsilon = 0.010)
1. Initial log-likelihood: -2491.505
Optimal log-likelihood: -2491.505
Gamma shape alpha: 1.881
Parameters optimization took 1 rounds (0.006 sec)
BEST SCORE FOUND : -2491.505
Total tree length: 6.596

Total number of iterations: 119
CPU time used for tree search: 5.150 sec (0h:0m:5s)
Wall-clock time used for tree search: 5.253 sec (0h:0m:5s)
Total CPU time used: 5.267 sec (0h:0m:5s)
Total wall-clock time used: 5.394 sec (0h:0m:5s)

===> START BOOTSTRAP REPLICATE NUMBER 45

Creating bootstrap alignment (seed: 763018)...
WARNING: States(s) E, I, K, M rarely appear in alignment and may cause numerical problems

Create initial parsimony tree by phylogenetic likelihood library (PLL)... 0.001 seconds
Reading model parameters from file /Users/mful870/Desktop/MD_3di_Dev_02Oct24/Scriptorum/SubstitutionMatrix/3di_substmat

NOTE: 1 MB RAM (0 GB) is required!
Estimate model parameters (epsilon = 0.100)
1. Initial log-likelihood: -2634.016
2. Current log-likelihood: -2591.758
3. Current log-likelihood: -2590.473
Optimal log-likelihood: -2590.467
Gamma shape alpha: 2.738
Parameters optimization took 3 rounds (0.031 sec)
Computing ML distances based on estimated model parameters... 0.036 sec
Computing BIONJ tree...
0.011 seconds
Log-likelihood of BIONJ tree: -2575.399
--------------------------------------------------------------------
|             INITIALIZING CANDIDATE TREE SET                      |
--------------------------------------------------------------------
Generating 98 parsimony trees... 0.122 second
Computing log-likelihood of 98 initial trees ... 0.462 seconds
Current best score: -2575.399

Do NNI search on 20 best initial trees
Estimate model parameters (epsilon = 0.100)
BETTER TREE FOUND at iteration 1: -2575.314
Estimate model parameters (epsilon = 0.100)
BETTER TREE FOUND at iteration 2: -2575.138
UPDATE BEST LOG-LIKELIHOOD: -2575.138
Estimate model parameters (epsilon = 0.100)
BETTER TREE FOUND at iteration 4: -2572.138
Iteration 10 / LogL: -2579.149 / Time: 0h:0m:1s
Iteration 20 / LogL: -2575.140 / Time: 0h:0m:2s
Finish initializing candidate tree set (14)
Current best tree score: -2572.138 / CPU time: 1.912
Number of iterations: 20
--------------------------------------------------------------------
|               OPTIMIZING CANDIDATE TREE SET                      |
--------------------------------------------------------------------
Iteration 30 / LogL: -2572.450 / Time: 0h:0m:2s (0h:0m:6s left)
Iteration 40 / LogL: -2572.138 / Time: 0h:0m:3s (0h:0m:5s left)
Iteration 50 / LogL: -2575.705 / Time: 0h:0m:3s (0h:0m:3s left)
Iteration 60 / LogL: -2572.139 / Time: 0h:0m:4s (0h:0m:3s left)
Iteration 70 / LogL: -2572.138 / Time: 0h:0m:4s (0h:0m:2s left)
UPDATE BEST LOG-LIKELIHOOD: -2572.138
Iteration 80 / LogL: -2575.140 / Time: 0h:0m:5s (0h:0m:1s left)
Iteration 90 / LogL: -2575.326 / Time: 0h:0m:5s (0h:0m:0s left)
Iteration 100 / LogL: -2572.138 / Time: 0h:0m:6s (0h:0m:0s left)
TREE SEARCH COMPLETED AFTER 105 ITERATIONS / Time: 0h:0m:6s

--------------------------------------------------------------------
|                    FINALIZING TREE SEARCH                        |
--------------------------------------------------------------------
Performs final model parameters optimization
Estimate model parameters (epsilon = 0.010)
1. Initial log-likelihood: -2572.138
Optimal log-likelihood: -2572.138
Gamma shape alpha: 2.643
Parameters optimization took 1 rounds (0.006 sec)
BEST SCORE FOUND : -2572.138
Total tree length: 6.805

Total number of iterations: 105
CPU time used for tree search: 6.497 sec (0h:0m:6s)
Wall-clock time used for tree search: 6.611 sec (0h:0m:6s)
Total CPU time used: 6.588 sec (0h:0m:6s)
Total wall-clock time used: 6.725 sec (0h:0m:6s)

===> START BOOTSTRAP REPLICATE NUMBER 46

Creating bootstrap alignment (seed: 763019)...
WARNING: States(s) E, I, K, M rarely appear in alignment and may cause numerical problems

Create initial parsimony tree by phylogenetic likelihood library (PLL)... 0.001 seconds
Reading model parameters from file /Users/mful870/Desktop/MD_3di_Dev_02Oct24/Scriptorum/SubstitutionMatrix/3di_substmat

NOTE: 0 MB RAM (0 GB) is required!
Estimate model parameters (epsilon = 0.100)
1. Initial log-likelihood: -2939.182
2. Current log-likelihood: -2878.450
3. Current log-likelihood: -2876.087
Optimal log-likelihood: -2875.973
Gamma shape alpha: 5.998
Parameters optimization took 3 rounds (0.042 sec)
Computing ML distances based on estimated model parameters... 0.033 sec
Computing BIONJ tree...
0.010 seconds
Log-likelihood of BIONJ tree: -2875.118
--------------------------------------------------------------------
|             INITIALIZING CANDIDATE TREE SET                      |
--------------------------------------------------------------------
Generating 98 parsimony trees... 0.091 second
Computing log-likelihood of 98 initial trees ... 0.429 seconds
Current best score: -2871.105

Do NNI search on 20 best initial trees
Estimate model parameters (epsilon = 0.100)
BETTER TREE FOUND at iteration 1: -2870.421
Estimate model parameters (epsilon = 0.100)
BETTER TREE FOUND at iteration 3: -2867.406
UPDATE BEST LOG-LIKELIHOOD: -2867.403
Iteration 10 / LogL: -2870.432 / Time: 0h:0m:1s
Iteration 20 / LogL: -2870.607 / Time: 0h:0m:1s
Finish initializing candidate tree set (4)
Current best tree score: -2867.403 / CPU time: 1.268
Number of iterations: 20
--------------------------------------------------------------------
|               OPTIMIZING CANDIDATE TREE SET                      |
--------------------------------------------------------------------
Iteration 30 / LogL: -2867.571 / Time: 0h:0m:1s (0h:0m:4s left)
Iteration 40 / LogL: -2867.495 / Time: 0h:0m:2s (0h:0m:3s left)
Iteration 50 / LogL: -2867.546 / Time: 0h:0m:2s (0h:0m:2s left)
Iteration 60 / LogL: -2873.042 / Time: 0h:0m:2s (0h:0m:1s left)
UPDATE BEST LOG-LIKELIHOOD: -2867.403
Iteration 70 / LogL: -2870.465 / Time: 0h:0m:2s (0h:0m:1s left)
Iteration 80 / LogL: -2867.534 / Time: 0h:0m:3s (0h:0m:0s left)
Iteration 90 / LogL: -2867.756 / Time: 0h:0m:3s (0h:0m:0s left)
Iteration 100 / LogL: -2867.450 / Time: 0h:0m:4s (0h:0m:0s left)
TREE SEARCH COMPLETED AFTER 104 ITERATIONS / Time: 0h:0m:4s

--------------------------------------------------------------------
|                    FINALIZING TREE SEARCH                        |
--------------------------------------------------------------------
Performs final model parameters optimization
Estimate model parameters (epsilon = 0.010)
1. Initial log-likelihood: -2867.403
Optimal log-likelihood: -2867.401
Gamma shape alpha: 8.149
Parameters optimization took 1 rounds (0.007 sec)
BEST SCORE FOUND : -2867.401
Total tree length: 6.939

Total number of iterations: 104
CPU time used for tree search: 3.965 sec (0h:0m:3s)
Wall-clock time used for tree search: 4.034 sec (0h:0m:4s)
Total CPU time used: 4.065 sec (0h:0m:4s)
Total wall-clock time used: 4.155 sec (0h:0m:4s)

===> START BOOTSTRAP REPLICATE NUMBER 47

Creating bootstrap alignment (seed: 763020)...
WARNING: States(s) E, I, K, M, W rarely appear in alignment and may cause numerical problems

Create initial parsimony tree by phylogenetic likelihood library (PLL)... 0.001 seconds
Reading model parameters from file /Users/mful870/Desktop/MD_3di_Dev_02Oct24/Scriptorum/SubstitutionMatrix/3di_substmat

NOTE: 0 MB RAM (0 GB) is required!
Estimate model parameters (epsilon = 0.100)
1. Initial log-likelihood: -2588.685
2. Current log-likelihood: -2550.798
3. Current log-likelihood: -2550.505
Optimal log-likelihood: -2550.504
Gamma shape alpha: 1.708
Parameters optimization took 3 rounds (0.029 sec)
Computing ML distances based on estimated model parameters... 0.036 sec
Computing BIONJ tree...
0.011 seconds
Log-likelihood of BIONJ tree: -2522.832
--------------------------------------------------------------------
|             INITIALIZING CANDIDATE TREE SET                      |
--------------------------------------------------------------------
Generating 98 parsimony trees... 0.071 second
Computing log-likelihood of 98 initial trees ... 0.451 seconds
Current best score: -2518.033

Do NNI search on 20 best initial trees
Estimate model parameters (epsilon = 0.100)
BETTER TREE FOUND at iteration 1: -2514.674
BETTER TREE FOUND at iteration 2: -2514.673
Iteration 10 / LogL: -2516.109 / Time: 0h:0m:1s
UPDATE BEST LOG-LIKELIHOOD: -2514.673
UPDATE BEST LOG-LIKELIHOOD: -2514.673
Iteration 20 / LogL: -2523.454 / Time: 0h:0m:1s
Finish initializing candidate tree set (5)
Current best tree score: -2514.673 / CPU time: 1.436
Number of iterations: 20
--------------------------------------------------------------------
|               OPTIMIZING CANDIDATE TREE SET                      |
--------------------------------------------------------------------
Iteration 30 / LogL: -2514.673 / Time: 0h:0m:2s (0h:0m:5s left)
Iteration 40 / LogL: -2516.022 / Time: 0h:0m:2s (0h:0m:4s left)
Iteration 50 / LogL: -2516.035 / Time: 0h:0m:2s (0h:0m:3s left)
Iteration 60 / LogL: -2514.676 / Time: 0h:0m:3s (0h:0m:2s left)
Iteration 70 / LogL: -2514.674 / Time: 0h:0m:4s (0h:0m:1s left)
Iteration 80 / LogL: -2514.673 / Time: 0h:0m:4s (0h:0m:1s left)
Iteration 90 / LogL: -2514.678 / Time: 0h:0m:5s (0h:0m:0s left)
Iteration 100 / LogL: -2514.675 / Time: 0h:0m:5s (0h:0m:0s left)
TREE SEARCH COMPLETED AFTER 103 ITERATIONS / Time: 0h:0m:6s

--------------------------------------------------------------------
|                    FINALIZING TREE SEARCH                        |
--------------------------------------------------------------------
Performs final model parameters optimization
Estimate model parameters (epsilon = 0.010)
1. Initial log-likelihood: -2514.673
Optimal log-likelihood: -2514.672
Gamma shape alpha: 1.609
Parameters optimization took 1 rounds (0.008 sec)
BEST SCORE FOUND : -2514.672
Total tree length: 6.280

Total number of iterations: 103
CPU time used for tree search: 5.899 sec (0h:0m:5s)
Wall-clock time used for tree search: 6.013 sec (0h:0m:6s)
Total CPU time used: 5.992 sec (0h:0m:5s)
Total wall-clock time used: 6.129 sec (0h:0m:6s)

===> START BOOTSTRAP REPLICATE NUMBER 48

Creating bootstrap alignment (seed: 763021)...
WARNING: States(s) E, I, K, M, W rarely appear in alignment and may cause numerical problems

Create initial parsimony tree by phylogenetic likelihood library (PLL)... 0.001 seconds
Reading model parameters from file /Users/mful870/Desktop/MD_3di_Dev_02Oct24/Scriptorum/SubstitutionMatrix/3di_substmat

NOTE: 0 MB RAM (0 GB) is required!
Estimate model parameters (epsilon = 0.100)
1. Initial log-likelihood: -2622.287
2. Current log-likelihood: -2585.393
3. Current log-likelihood: -2584.816
Optimal log-likelihood: -2584.808
Gamma shape alpha: 1.747
Parameters optimization took 3 rounds (0.035 sec)
Computing ML distances based on estimated model parameters... 0.044 sec
Computing BIONJ tree...
0.012 seconds
Log-likelihood of BIONJ tree: -2575.224
--------------------------------------------------------------------
|             INITIALIZING CANDIDATE TREE SET                      |
--------------------------------------------------------------------
Generating 98 parsimony trees... 0.077 second
Computing log-likelihood of 98 initial trees ... 0.431 seconds
Current best score: -2574.727

Do NNI search on 20 best initial trees
Estimate model parameters (epsilon = 0.100)
BETTER TREE FOUND at iteration 1: -2570.368
Iteration 10 / LogL: -2570.412 / Time: 0h:0m:0s
Iteration 20 / LogL: -2570.422 / Time: 0h:0m:1s
Finish initializing candidate tree set (1)
Current best tree score: -2570.368 / CPU time: 1.063
Number of iterations: 20
--------------------------------------------------------------------
|               OPTIMIZING CANDIDATE TREE SET                      |
--------------------------------------------------------------------
Iteration 30 / LogL: -2570.551 / Time: 0h:0m:1s (0h:0m:3s left)
UPDATE BEST LOG-LIKELIHOOD: -2570.368
UPDATE BEST LOG-LIKELIHOOD: -2570.368
Iteration 40 / LogL: -2570.441 / Time: 0h:0m:1s (0h:0m:2s left)
UPDATE BEST LOG-LIKELIHOOD: -2570.368
Iteration 50 / LogL: -2570.649 / Time: 0h:0m:2s (0h:0m:2s left)
Iteration 60 / LogL: -2570.432 / Time: 0h:0m:2s (0h:0m:1s left)
Iteration 70 / LogL: -2570.431 / Time: 0h:0m:2s (0h:0m:1s left)
Iteration 80 / LogL: -2570.798 / Time: 0h:0m:3s (0h:0m:0s left)
Iteration 90 / LogL: -2570.560 / Time: 0h:0m:3s (0h:0m:0s left)
UPDATE BEST LOG-LIKELIHOOD: -2570.368
Iteration 100 / LogL: -2570.368 / Time: 0h:0m:3s (0h:0m:0s left)
TREE SEARCH COMPLETED AFTER 102 ITERATIONS / Time: 0h:0m:3s

--------------------------------------------------------------------
|                    FINALIZING TREE SEARCH                        |
--------------------------------------------------------------------
Performs final model parameters optimization
Estimate model parameters (epsilon = 0.010)
1. Initial log-likelihood: -2570.368
Optimal log-likelihood: -2570.368
Gamma shape alpha: 1.896
Parameters optimization took 1 rounds (0.007 sec)
BEST SCORE FOUND : -2570.368
Total tree length: 6.197

Total number of iterations: 102
CPU time used for tree search: 3.673 sec (0h:0m:3s)
Wall-clock time used for tree search: 3.809 sec (0h:0m:3s)
Total CPU time used: 3.778 sec (0h:0m:3s)
Total wall-clock time used: 3.935 sec (0h:0m:3s)

===> START BOOTSTRAP REPLICATE NUMBER 49

Creating bootstrap alignment (seed: 763022)...
WARNING: States(s) E, I, K, M rarely appear in alignment and may cause numerical problems

Create initial parsimony tree by phylogenetic likelihood library (PLL)... 0.001 seconds
Reading model parameters from file /Users/mful870/Desktop/MD_3di_Dev_02Oct24/Scriptorum/SubstitutionMatrix/3di_substmat

NOTE: 0 MB RAM (0 GB) is required!
Estimate model parameters (epsilon = 0.100)
1. Initial log-likelihood: -2770.015
2. Current log-likelihood: -2734.980
3. Current log-likelihood: -2734.209
Optimal log-likelihood: -2734.203
Gamma shape alpha: 1.763
Parameters optimization took 3 rounds (0.030 sec)
Computing ML distances based on estimated model parameters... 0.044 sec
Computing BIONJ tree...
0.009 seconds
Log-likelihood of BIONJ tree: -2730.182
--------------------------------------------------------------------
|             INITIALIZING CANDIDATE TREE SET                      |
--------------------------------------------------------------------
Generating 98 parsimony trees... 0.099 second
Computing log-likelihood of 97 initial trees ... 0.640 seconds
Current best score: -2721.321

Do NNI search on 20 best initial trees
Estimate model parameters (epsilon = 0.100)
BETTER TREE FOUND at iteration 1: -2720.308
Iteration 10 / LogL: -2720.604 / Time: 0h:0m:1s
Iteration 20 / LogL: -2720.359 / Time: 0h:0m:1s
Finish initializing candidate tree set (3)
Current best tree score: -2720.308 / CPU time: 3.456
Number of iterations: 20
--------------------------------------------------------------------
|               OPTIMIZING CANDIDATE TREE SET                      |
--------------------------------------------------------------------
Iteration 30 / LogL: -2720.604 / Time: 0h:0m:4s (0h:0m:10s left)
Iteration 40 / LogL: -2720.604 / Time: 0h:0m:4s (0h:0m:7s left)
Iteration 50 / LogL: -2720.392 / Time: 0h:0m:5s (0h:0m:5s left)
Iteration 60 / LogL: -2731.968 / Time: 0h:0m:5s (0h:0m:4s left)
Iteration 70 / LogL: -2720.604 / Time: 0h:0m:6s (0h:0m:2s left)
Iteration 80 / LogL: -2720.604 / Time: 0h:0m:6s (0h:0m:1s left)
Iteration 90 / LogL: -2720.346 / Time: 0h:0m:7s (0h:0m:0s left)
Iteration 100 / LogL: -2720.398 / Time: 0h:0m:7s (0h:0m:0s left)
TREE SEARCH COMPLETED AFTER 102 ITERATIONS / Time: 0h:0m:7s

--------------------------------------------------------------------
|                    FINALIZING TREE SEARCH                        |
--------------------------------------------------------------------
Performs final model parameters optimization
Estimate model parameters (epsilon = 0.010)
1. Initial log-likelihood: -2720.308
Optimal log-likelihood: -2720.306
Gamma shape alpha: 1.736
Parameters optimization took 1 rounds (0.006 sec)
BEST SCORE FOUND : -2720.306
Total tree length: 7.759

Total number of iterations: 102
CPU time used for tree search: 5.031 sec (0h:0m:5s)
Wall-clock time used for tree search: 7.496 sec (0h:0m:7s)
Total CPU time used: 5.131 sec (0h:0m:5s)
Total wall-clock time used: 7.618 sec (0h:0m:7s)

===> START BOOTSTRAP REPLICATE NUMBER 50

Creating bootstrap alignment (seed: 763023)...
WARNING: States(s) E, I, K, M, Y rarely appear in alignment and may cause numerical problems

Create initial parsimony tree by phylogenetic likelihood library (PLL)... 0.002 seconds
Reading model parameters from file /Users/mful870/Desktop/MD_3di_Dev_02Oct24/Scriptorum/SubstitutionMatrix/3di_substmat

NOTE: 0 MB RAM (0 GB) is required!
Estimate model parameters (epsilon = 0.100)
1. Initial log-likelihood: -2634.606
2. Current log-likelihood: -2595.851
3. Current log-likelihood: -2595.442
Optimal log-likelihood: -2595.431
Gamma shape alpha: 1.853
Parameters optimization took 3 rounds (0.036 sec)
Computing ML distances based on estimated model parameters... 0.039 sec
Computing BIONJ tree...
0.011 seconds
Log-likelihood of BIONJ tree: -2601.372
--------------------------------------------------------------------
|             INITIALIZING CANDIDATE TREE SET                      |
--------------------------------------------------------------------
Generating 98 parsimony trees... 0.090 second
Computing log-likelihood of 98 initial trees ... 0.455 seconds
Current best score: -2588.269

Do NNI search on 20 best initial trees
Estimate model parameters (epsilon = 0.100)
BETTER TREE FOUND at iteration 1: -2586.695
Iteration 10 / LogL: -2589.045 / Time: 0h:0m:0s
Iteration 20 / LogL: -2586.730 / Time: 0h:0m:1s
Finish initializing candidate tree set (9)
Current best tree score: -2586.695 / CPU time: 1.211
Number of iterations: 20
--------------------------------------------------------------------
|               OPTIMIZING CANDIDATE TREE SET                      |
--------------------------------------------------------------------
Iteration 30 / LogL: -2586.697 / Time: 0h:0m:1s (0h:0m:4s left)
Iteration 40 / LogL: -2589.222 / Time: 0h:0m:2s (0h:0m:3s left)
Iteration 50 / LogL: -2587.947 / Time: 0h:0m:2s (0h:0m:2s left)
UPDATE BEST LOG-LIKELIHOOD: -2586.694
Iteration 60 / LogL: -2587.946 / Time: 0h:0m:2s (0h:0m:1s left)
UPDATE BEST LOG-LIKELIHOOD: -2586.694
Iteration 70 / LogL: -2587.947 / Time: 0h:0m:3s (0h:0m:1s left)
UPDATE BEST LOG-LIKELIHOOD: -2586.693
Iteration 80 / LogL: -2590.007 / Time: 0h:0m:3s (0h:0m:0s left)
Iteration 90 / LogL: -2587.987 / Time: 0h:0m:3s (0h:0m:0s left)
Iteration 100 / LogL: -2586.724 / Time: 0h:0m:4s (0h:0m:0s left)
TREE SEARCH COMPLETED AFTER 102 ITERATIONS / Time: 0h:0m:4s

--------------------------------------------------------------------
|                    FINALIZING TREE SEARCH                        |
--------------------------------------------------------------------
Performs final model parameters optimization
Estimate model parameters (epsilon = 0.010)
1. Initial log-likelihood: -2586.693
Optimal log-likelihood: -2586.690
Gamma shape alpha: 1.518
Parameters optimization took 1 rounds (0.006 sec)
BEST SCORE FOUND : -2586.690
Total tree length: 7.129

Total number of iterations: 102
CPU time used for tree search: 4.130 sec (0h:0m:4s)
Wall-clock time used for tree search: 4.205 sec (0h:0m:4s)
Total CPU time used: 4.231 sec (0h:0m:4s)
Total wall-clock time used: 4.332 sec (0h:0m:4s)

===> START BOOTSTRAP REPLICATE NUMBER 51

Creating bootstrap alignment (seed: 763024)...
WARNING: States(s) E, I, K, M rarely appear in alignment and may cause numerical problems

Create initial parsimony tree by phylogenetic likelihood library (PLL)... 0.001 seconds
Reading model parameters from file /Users/mful870/Desktop/MD_3di_Dev_02Oct24/Scriptorum/SubstitutionMatrix/3di_substmat

NOTE: 1 MB RAM (0 GB) is required!
Estimate model parameters (epsilon = 0.100)
1. Initial log-likelihood: -2720.704
2. Current log-likelihood: -2675.163
3. Current log-likelihood: -2674.535
Optimal log-likelihood: -2674.524
Gamma shape alpha: 2.194
Parameters optimization took 3 rounds (0.036 sec)
Computing ML distances based on estimated model parameters... 0.044 sec
Computing BIONJ tree...
0.010 seconds
Log-likelihood of BIONJ tree: -2676.395
--------------------------------------------------------------------
|             INITIALIZING CANDIDATE TREE SET                      |
--------------------------------------------------------------------
Generating 98 parsimony trees... 0.082 second
Computing log-likelihood of 98 initial trees ... 0.463 seconds
Current best score: -2669.493

Do NNI search on 20 best initial trees
Estimate model parameters (epsilon = 0.100)
BETTER TREE FOUND at iteration 1: -2665.666
Iteration 10 / LogL: -2668.597 / Time: 0h:0m:0s
Iteration 20 / LogL: -2667.459 / Time: 0h:0m:1s
Finish initializing candidate tree set (6)
Current best tree score: -2665.666 / CPU time: 1.181
Number of iterations: 20
--------------------------------------------------------------------
|               OPTIMIZING CANDIDATE TREE SET                      |
--------------------------------------------------------------------
Iteration 30 / LogL: -2668.005 / Time: 0h:0m:1s (0h:0m:4s left)
Iteration 40 / LogL: -2667.972 / Time: 0h:0m:1s (0h:0m:3s left)
Iteration 50 / LogL: -2668.147 / Time: 0h:0m:2s (0h:0m:2s left)
Iteration 60 / LogL: -2668.149 / Time: 0h:0m:2s (0h:0m:1s left)
Iteration 70 / LogL: -2670.612 / Time: 0h:0m:3s (0h:0m:1s left)
Iteration 80 / LogL: -2665.704 / Time: 0h:0m:3s (0h:0m:0s left)
Iteration 90 / LogL: -2665.697 / Time: 0h:0m:3s (0h:0m:0s left)
Iteration 100 / LogL: -2667.542 / Time: 0h:0m:4s (0h:0m:0s left)
TREE SEARCH COMPLETED AFTER 102 ITERATIONS / Time: 0h:0m:4s

--------------------------------------------------------------------
|                    FINALIZING TREE SEARCH                        |
--------------------------------------------------------------------
Performs final model parameters optimization
Estimate model parameters (epsilon = 0.010)
1. Initial log-likelihood: -2665.666
Optimal log-likelihood: -2665.666
Gamma shape alpha: 2.230
Parameters optimization took 1 rounds (0.009 sec)
BEST SCORE FOUND : -2665.666
Total tree length: 7.466

Total number of iterations: 102
CPU time used for tree search: 4.066 sec (0h:0m:4s)
Wall-clock time used for tree search: 4.178 sec (0h:0m:4s)
Total CPU time used: 4.172 sec (0h:0m:4s)
Total wall-clock time used: 4.309 sec (0h:0m:4s)

===> START BOOTSTRAP REPLICATE NUMBER 52

Creating bootstrap alignment (seed: 763025)...
WARNING: States(s) E, I, K, M rarely appear in alignment and may cause numerical problems

Create initial parsimony tree by phylogenetic likelihood library (PLL)... 0.001 seconds
Reading model parameters from file /Users/mful870/Desktop/MD_3di_Dev_02Oct24/Scriptorum/SubstitutionMatrix/3di_substmat

NOTE: 1 MB RAM (0 GB) is required!
Estimate model parameters (epsilon = 0.100)
1. Initial log-likelihood: -2581.515
2. Current log-likelihood: -2533.117
3. Current log-likelihood: -2531.589
Optimal log-likelihood: -2531.470
Gamma shape alpha: 2.811
Parameters optimization took 3 rounds (0.044 sec)
Computing ML distances based on estimated model parameters... 0.040 sec
Computing BIONJ tree...
0.012 seconds
Log-likelihood of BIONJ tree: -2535.721
--------------------------------------------------------------------
|             INITIALIZING CANDIDATE TREE SET                      |
--------------------------------------------------------------------
Generating 98 parsimony trees... 0.080 second
Computing log-likelihood of 98 initial trees ... 0.460 seconds
Current best score: -2524.121

Do NNI search on 20 best initial trees
Estimate model parameters (epsilon = 0.100)
BETTER TREE FOUND at iteration 1: -2520.482
Estimate model parameters (epsilon = 0.100)
BETTER TREE FOUND at iteration 2: -2518.423
Iteration 10 / LogL: -2518.581 / Time: 0h:0m:1s
Iteration 20 / LogL: -2518.546 / Time: 0h:0m:1s
Finish initializing candidate tree set (3)
Current best tree score: -2518.423 / CPU time: 1.610
Number of iterations: 20
--------------------------------------------------------------------
|               OPTIMIZING CANDIDATE TREE SET                      |
--------------------------------------------------------------------
Iteration 30 / LogL: -2518.457 / Time: 0h:0m:2s (0h:0m:5s left)
Iteration 40 / LogL: -2518.446 / Time: 0h:0m:2s (0h:0m:4s left)
Iteration 50 / LogL: -2518.456 / Time: 0h:0m:2s (0h:0m:3s left)
Iteration 60 / LogL: -2518.433 / Time: 0h:0m:3s (0h:0m:2s left)
Iteration 70 / LogL: -2518.522 / Time: 0h:0m:3s (0h:0m:1s left)
Iteration 80 / LogL: -2518.539 / Time: 0h:0m:4s (0h:0m:1s left)
Iteration 90 / LogL: -2518.520 / Time: 0h:0m:4s (0h:0m:0s left)
Iteration 100 / LogL: -2518.477 / Time: 0h:0m:4s (0h:0m:0s left)
TREE SEARCH COMPLETED AFTER 103 ITERATIONS / Time: 0h:0m:5s

--------------------------------------------------------------------
|                    FINALIZING TREE SEARCH                        |
--------------------------------------------------------------------
Performs final model parameters optimization
Estimate model parameters (epsilon = 0.010)
1. Initial log-likelihood: -2518.423
2. Current log-likelihood: -2518.410
Optimal log-likelihood: -2518.398
Gamma shape alpha: 3.300
Parameters optimization took 2 rounds (0.017 sec)
BEST SCORE FOUND : -2518.398
Total tree length: 6.504

Total number of iterations: 103
CPU time used for tree search: 4.958 sec (0h:0m:4s)
Wall-clock time used for tree search: 5.038 sec (0h:0m:5s)
Total CPU time used: 5.076 sec (0h:0m:5s)
Total wall-clock time used: 5.182 sec (0h:0m:5s)

===> START BOOTSTRAP REPLICATE NUMBER 53

Creating bootstrap alignment (seed: 763026)...
WARNING: States(s) E, I, K, M rarely appear in alignment and may cause numerical problems

Create initial parsimony tree by phylogenetic likelihood library (PLL)... 0.001 seconds
Reading model parameters from file /Users/mful870/Desktop/MD_3di_Dev_02Oct24/Scriptorum/SubstitutionMatrix/3di_substmat

NOTE: 0 MB RAM (0 GB) is required!
Estimate model parameters (epsilon = 0.100)
1. Initial log-likelihood: -2566.968
2. Current log-likelihood: -2539.167
3. Current log-likelihood: -2538.447
Optimal log-likelihood: -2538.415
Gamma shape alpha: 1.783
Parameters optimization took 3 rounds (0.030 sec)
Computing ML distances based on estimated model parameters... 0.048 sec
Computing BIONJ tree...
0.010 seconds
Log-likelihood of BIONJ tree: -2539.348
--------------------------------------------------------------------
|             INITIALIZING CANDIDATE TREE SET                      |
--------------------------------------------------------------------
Generating 98 parsimony trees... 0.091 second
Computing log-likelihood of 97 initial trees ... 0.368 seconds
Current best score: -2538.415

Do NNI search on 20 best initial trees
Estimate model parameters (epsilon = 0.100)
BETTER TREE FOUND at iteration 1: -2537.829
Iteration 10 / LogL: -2538.100 / Time: 0h:0m:0s
Iteration 20 / LogL: -2537.865 / Time: 0h:0m:1s
Finish initializing candidate tree set (4)
Current best tree score: -2537.829 / CPU time: 1.007
Number of iterations: 20
--------------------------------------------------------------------
|               OPTIMIZING CANDIDATE TREE SET                      |
--------------------------------------------------------------------
Iteration 30 / LogL: -2538.184 / Time: 0h:0m:1s (0h:0m:3s left)
Iteration 40 / LogL: -2549.240 / Time: 0h:0m:1s (0h:0m:2s left)
Iteration 50 / LogL: -2537.842 / Time: 0h:0m:2s (0h:0m:2s left)
Iteration 60 / LogL: -2537.948 / Time: 0h:0m:2s (0h:0m:1s left)
Iteration 70 / LogL: -2538.365 / Time: 0h:0m:2s (0h:0m:1s left)
Iteration 80 / LogL: -2538.094 / Time: 0h:0m:2s (0h:0m:0s left)
Iteration 90 / LogL: -2538.872 / Time: 0h:0m:3s (0h:0m:0s left)
Iteration 100 / LogL: -2538.266 / Time: 0h:0m:3s (0h:0m:0s left)
TREE SEARCH COMPLETED AFTER 102 ITERATIONS / Time: 0h:0m:3s

--------------------------------------------------------------------
|                    FINALIZING TREE SEARCH                        |
--------------------------------------------------------------------
Performs final model parameters optimization
Estimate model parameters (epsilon = 0.010)
1. Initial log-likelihood: -2537.829
Optimal log-likelihood: -2537.827
Gamma shape alpha: 1.840
Parameters optimization took 1 rounds (0.006 sec)
BEST SCORE FOUND : -2537.827
Total tree length: 7.145

Total number of iterations: 102
CPU time used for tree search: 3.324 sec (0h:0m:3s)
Wall-clock time used for tree search: 3.376 sec (0h:0m:3s)
Total CPU time used: 3.425 sec (0h:0m:3s)
Total wall-clock time used: 3.501 sec (0h:0m:3s)

===> START BOOTSTRAP REPLICATE NUMBER 54

Creating bootstrap alignment (seed: 763027)...
WARNING: States(s) E, I, K, M rarely appear in alignment and may cause numerical problems

Create initial parsimony tree by phylogenetic likelihood library (PLL)... 0.001 seconds
Reading model parameters from file /Users/mful870/Desktop/MD_3di_Dev_02Oct24/Scriptorum/SubstitutionMatrix/3di_substmat

NOTE: 0 MB RAM (0 GB) is required!
Estimate model parameters (epsilon = 0.100)
1. Initial log-likelihood: -2619.079
2. Current log-likelihood: -2581.860
3. Current log-likelihood: -2580.617
Optimal log-likelihood: -2580.605
Gamma shape alpha: 2.356
Parameters optimization took 3 rounds (0.030 sec)
Computing ML distances based on estimated model parameters... 0.039 sec
Computing BIONJ tree...
0.010 seconds
Log-likelihood of BIONJ tree: -2577.625
--------------------------------------------------------------------
|             INITIALIZING CANDIDATE TREE SET                      |
--------------------------------------------------------------------
Generating 98 parsimony trees... 0.077 second
Computing log-likelihood of 98 initial trees ... 0.394 seconds
Current best score: -2577.218

Do NNI search on 20 best initial trees
Estimate model parameters (epsilon = 0.100)
BETTER TREE FOUND at iteration 1: -2572.643
Iteration 10 / LogL: -2578.735 / Time: 0h:0m:0s
Iteration 20 / LogL: -2578.880 / Time: 0h:0m:1s
Finish initializing candidate tree set (11)
Current best tree score: -2572.643 / CPU time: 1.103
Number of iterations: 20
--------------------------------------------------------------------
|               OPTIMIZING CANDIDATE TREE SET                      |
--------------------------------------------------------------------
Iteration 30 / LogL: -2577.216 / Time: 0h:0m:1s (0h:0m:3s left)
Estimate model parameters (epsilon = 0.100)
BETTER TREE FOUND at iteration 31: -2572.362
Iteration 40 / LogL: -2572.713 / Time: 0h:0m:1s (0h:0m:4s left)
Estimate model parameters (epsilon = 0.100)
BETTER TREE FOUND at iteration 48: -2571.279
Iteration 50 / LogL: -2571.630 / Time: 0h:0m:2s (0h:0m:4s left)
Estimate model parameters (epsilon = 0.100)
BETTER TREE FOUND at iteration 53: -2570.893
BETTER TREE FOUND at iteration 57: -2570.893
BETTER TREE FOUND at iteration 58: -2570.892
Iteration 60 / LogL: -2588.113 / Time: 0h:0m:2s (0h:0m:4s left)
UPDATE BEST LOG-LIKELIHOOD: -2570.892
UPDATE BEST LOG-LIKELIHOOD: -2570.892
Iteration 70 / LogL: -2571.302 / Time: 0h:0m:3s (0h:0m:3s left)
Iteration 80 / LogL: -2570.892 / Time: 0h:0m:3s (0h:0m:3s left)
UPDATE BEST LOG-LIKELIHOOD: -2570.892
Iteration 90 / LogL: -2571.302 / Time: 0h:0m:3s (0h:0m:3s left)
Iteration 100 / LogL: -2571.304 / Time: 0h:0m:4s (0h:0m:2s left)
Iteration 110 / LogL: -2570.892 / Time: 0h:0m:4s (0h:0m:2s left)
Iteration 120 / LogL: -2570.892 / Time: 0h:0m:5s (0h:0m:1s left)
Iteration 130 / LogL: -2571.719 / Time: 0h:0m:5s (0h:0m:1s left)
Iteration 140 / LogL: -2570.892 / Time: 0h:0m:6s (0h:0m:0s left)
UPDATE BEST LOG-LIKELIHOOD: -2570.892
Iteration 150 / LogL: -2570.892 / Time: 0h:0m:6s (0h:0m:0s left)
TREE SEARCH COMPLETED AFTER 159 ITERATIONS / Time: 0h:0m:7s

--------------------------------------------------------------------
|                    FINALIZING TREE SEARCH                        |
--------------------------------------------------------------------
Performs final model parameters optimization
Estimate model parameters (epsilon = 0.010)
1. Initial log-likelihood: -2570.892
Optimal log-likelihood: -2570.891
Gamma shape alpha: 1.881
Parameters optimization took 1 rounds (0.006 sec)
BEST SCORE FOUND : -2570.891
Total tree length: 7.350

Total number of iterations: 159
CPU time used for tree search: 6.725 sec (0h:0m:6s)
Wall-clock time used for tree search: 6.911 sec (0h:0m:6s)
Total CPU time used: 6.817 sec (0h:0m:6s)
Total wall-clock time used: 7.026 sec (0h:0m:7s)

===> START BOOTSTRAP REPLICATE NUMBER 55

Creating bootstrap alignment (seed: 763028)...
WARNING: States(s) E, I, K, M rarely appear in alignment and may cause numerical problems

Create initial parsimony tree by phylogenetic likelihood library (PLL)... 0.001 seconds
Reading model parameters from file /Users/mful870/Desktop/MD_3di_Dev_02Oct24/Scriptorum/SubstitutionMatrix/3di_substmat

NOTE: 1 MB RAM (0 GB) is required!
Estimate model parameters (epsilon = 0.100)
1. Initial log-likelihood: -2472.298
2. Current log-likelihood: -2437.886
3. Current log-likelihood: -2436.914
Optimal log-likelihood: -2436.897
Gamma shape alpha: 2.610
Parameters optimization took 3 rounds (0.032 sec)
Computing ML distances based on estimated model parameters... 0.039 sec
Computing BIONJ tree...
0.010 seconds
Log-likelihood of BIONJ tree: -2444.054
--------------------------------------------------------------------
|             INITIALIZING CANDIDATE TREE SET                      |
--------------------------------------------------------------------
Generating 98 parsimony trees... 0.081 second
Computing log-likelihood of 98 initial trees ... 0.447 seconds
Current best score: -2436.897

Do NNI search on 20 best initial trees
Estimate model parameters (epsilon = 0.100)
BETTER TREE FOUND at iteration 1: -2436.839
Estimate model parameters (epsilon = 0.100)
BETTER TREE FOUND at iteration 6: -2436.462
Estimate model parameters (epsilon = 0.100)
BETTER TREE FOUND at iteration 7: -2433.769
Estimate model parameters (epsilon = 0.100)
BETTER TREE FOUND at iteration 9: -2433.695
Iteration 10 / LogL: -2436.856 / Time: 0h:0m:0s
Iteration 20 / LogL: -2436.503 / Time: 0h:0m:1s
Finish initializing candidate tree set (7)
Current best tree score: -2433.695 / CPU time: 1.099
Number of iterations: 20
--------------------------------------------------------------------
|               OPTIMIZING CANDIDATE TREE SET                      |
--------------------------------------------------------------------
Iteration 30 / LogL: -2436.468 / Time: 0h:0m:1s (0h:0m:4s left)
Iteration 40 / LogL: -2436.547 / Time: 0h:0m:2s (0h:0m:3s left)
Iteration 50 / LogL: -2433.726 / Time: 0h:0m:2s (0h:0m:2s left)
Iteration 60 / LogL: -2435.904 / Time: 0h:0m:2s (0h:0m:2s left)
Iteration 70 / LogL: -2437.481 / Time: 0h:0m:3s (0h:0m:1s left)
UPDATE BEST LOG-LIKELIHOOD: -2433.695
Iteration 80 / LogL: -2433.704 / Time: 0h:0m:3s (0h:0m:1s left)
Iteration 90 / LogL: -2433.723 / Time: 0h:0m:4s (0h:0m:0s left)
Iteration 100 / LogL: -2433.749 / Time: 0h:0m:4s (0h:0m:0s left)
Iteration 110 / LogL: -2438.369 / Time: 0h:0m:4s (0h:0m:-1s left)
TREE SEARCH COMPLETED AFTER 110 ITERATIONS / Time: 0h:0m:4s

--------------------------------------------------------------------
|                    FINALIZING TREE SEARCH                        |
--------------------------------------------------------------------
Performs final model parameters optimization
Estimate model parameters (epsilon = 0.010)
1. Initial log-likelihood: -2433.695
Optimal log-likelihood: -2433.695
Gamma shape alpha: 2.674
Parameters optimization took 1 rounds (0.007 sec)
BEST SCORE FOUND : -2433.695
Total tree length: 5.675

Total number of iterations: 110
CPU time used for tree search: 4.709 sec (0h:0m:4s)
Wall-clock time used for tree search: 4.784 sec (0h:0m:4s)
Total CPU time used: 4.804 sec (0h:0m:4s)
Total wall-clock time used: 4.901 sec (0h:0m:4s)

===> START BOOTSTRAP REPLICATE NUMBER 56

Creating bootstrap alignment (seed: 763029)...
WARNING: States(s) E, I, K, M, W rarely appear in alignment and may cause numerical problems

Create initial parsimony tree by phylogenetic likelihood library (PLL)... 0.001 seconds
Reading model parameters from file /Users/mful870/Desktop/MD_3di_Dev_02Oct24/Scriptorum/SubstitutionMatrix/3di_substmat

NOTE: 0 MB RAM (0 GB) is required!
Estimate model parameters (epsilon = 0.100)
1. Initial log-likelihood: -2713.214
2. Current log-likelihood: -2663.514
3. Current log-likelihood: -2661.298
Optimal log-likelihood: -2661.222
Gamma shape alpha: 5.095
Parameters optimization took 3 rounds (0.046 sec)
Computing ML distances based on estimated model parameters... 0.032 sec
Computing BIONJ tree...
0.010 seconds
Log-likelihood of BIONJ tree: -2648.140
--------------------------------------------------------------------
|             INITIALIZING CANDIDATE TREE SET                      |
--------------------------------------------------------------------
Generating 98 parsimony trees... 0.083 second
Computing log-likelihood of 98 initial trees ... 0.461 seconds
Current best score: -2643.837

Do NNI search on 20 best initial trees
Estimate model parameters (epsilon = 0.100)
BETTER TREE FOUND at iteration 1: -2641.588
UPDATE BEST LOG-LIKELIHOOD: -2641.588
BETTER TREE FOUND at iteration 9: -2641.588
Iteration 10 / LogL: -2644.574 / Time: 0h:0m:0s
Iteration 20 / LogL: -2657.625 / Time: 0h:0m:1s
Finish initializing candidate tree set (7)
Current best tree score: -2641.588 / CPU time: 1.183
Number of iterations: 20
--------------------------------------------------------------------
|               OPTIMIZING CANDIDATE TREE SET                      |
--------------------------------------------------------------------
UPDATE BEST LOG-LIKELIHOOD: -2641.588
UPDATE BEST LOG-LIKELIHOOD: -2641.588
UPDATE BEST LOG-LIKELIHOOD: -2641.588
Iteration 30 / LogL: -2649.855 / Time: 0h:0m:1s (0h:0m:4s left)
Iteration 40 / LogL: -2641.588 / Time: 0h:0m:2s (0h:0m:3s left)
UPDATE BEST LOG-LIKELIHOOD: -2641.588
Iteration 50 / LogL: -2641.588 / Time: 0h:0m:2s (0h:0m:3s left)
Iteration 60 / LogL: -2641.588 / Time: 0h:0m:2s (0h:0m:2s left)
Iteration 70 / LogL: -2643.290 / Time: 0h:0m:3s (0h:0m:1s left)
Iteration 80 / LogL: -2643.322 / Time: 0h:0m:3s (0h:0m:1s left)
Iteration 90 / LogL: -2641.588 / Time: 0h:0m:4s (0h:0m:0s left)
Iteration 100 / LogL: -2641.588 / Time: 0h:0m:4s (0h:0m:0s left)
Iteration 110 / LogL: -2643.323 / Time: 0h:0m:4s (0h:0m:-1s left)
TREE SEARCH COMPLETED AFTER 110 ITERATIONS / Time: 0h:0m:4s

--------------------------------------------------------------------
|                    FINALIZING TREE SEARCH                        |
--------------------------------------------------------------------
Performs final model parameters optimization
Estimate model parameters (epsilon = 0.010)
1. Initial log-likelihood: -2641.588
Optimal log-likelihood: -2641.588
Gamma shape alpha: 4.898
Parameters optimization took 1 rounds (0.006 sec)
BEST SCORE FOUND : -2641.588
Total tree length: 6.270

Total number of iterations: 110
CPU time used for tree search: 4.597 sec (0h:0m:4s)
Wall-clock time used for tree search: 4.689 sec (0h:0m:4s)
Total CPU time used: 4.698 sec (0h:0m:4s)
Total wall-clock time used: 4.814 sec (0h:0m:4s)

===> START BOOTSTRAP REPLICATE NUMBER 57

Creating bootstrap alignment (seed: 763030)...
WARNING: States(s) E, I, K, M, Y rarely appear in alignment and may cause numerical problems

Create initial parsimony tree by phylogenetic likelihood library (PLL)... 0.001 seconds
Reading model parameters from file /Users/mful870/Desktop/MD_3di_Dev_02Oct24/Scriptorum/SubstitutionMatrix/3di_substmat

NOTE: 1 MB RAM (0 GB) is required!
Estimate model parameters (epsilon = 0.100)
1. Initial log-likelihood: -2743.666
2. Current log-likelihood: -2695.987
3. Current log-likelihood: -2694.509
Optimal log-likelihood: -2694.447
Gamma shape alpha: 3.009
Parameters optimization took 3 rounds (0.039 sec)
Computing ML distances based on estimated model parameters... 0.042 sec
Computing BIONJ tree...
0.009 seconds
Log-likelihood of BIONJ tree: -2686.166
--------------------------------------------------------------------
|             INITIALIZING CANDIDATE TREE SET                      |
--------------------------------------------------------------------
Generating 98 parsimony trees... 0.082 second
Computing log-likelihood of 97 initial trees ... 0.414 seconds
Current best score: -2686.166

Do NNI search on 20 best initial trees
Estimate model parameters (epsilon = 0.100)
BETTER TREE FOUND at iteration 1: -2685.512
Estimate model parameters (epsilon = 0.100)
BETTER TREE FOUND at iteration 2: -2684.911
Iteration 10 / LogL: -2685.461 / Time: 0h:0m:1s
Iteration 20 / LogL: -2684.935 / Time: 0h:0m:1s
Finish initializing candidate tree set (7)
Current best tree score: -2684.911 / CPU time: 1.399
Number of iterations: 20
--------------------------------------------------------------------
|               OPTIMIZING CANDIDATE TREE SET                      |
--------------------------------------------------------------------
Estimate model parameters (epsilon = 0.100)
BETTER TREE FOUND at iteration 30: -2684.544
Iteration 30 / LogL: -2684.544 / Time: 0h:0m:1s (0h:0m:6s left)
Iteration 40 / LogL: -2686.011 / Time: 0h:0m:2s (0h:0m:5s left)
Iteration 50 / LogL: -2684.994 / Time: 0h:0m:2s (0h:0m:4s left)
Iteration 60 / LogL: -2684.943 / Time: 0h:0m:3s (0h:0m:3s left)
Iteration 70 / LogL: -2684.947 / Time: 0h:0m:3s (0h:0m:2s left)
Iteration 80 / LogL: -2685.506 / Time: 0h:0m:3s (0h:0m:2s left)
Iteration 90 / LogL: -2684.957 / Time: 0h:0m:4s (0h:0m:1s left)
Iteration 100 / LogL: -2684.962 / Time: 0h:0m:4s (0h:0m:1s left)
Iteration 110 / LogL: -2684.844 / Time: 0h:0m:4s (0h:0m:0s left)
Iteration 120 / LogL: -2685.068 / Time: 0h:0m:5s (0h:0m:0s left)
Iteration 130 / LogL: -2684.972 / Time: 0h:0m:5s (0h:0m:0s left)
TREE SEARCH COMPLETED AFTER 131 ITERATIONS / Time: 0h:0m:5s

--------------------------------------------------------------------
|                    FINALIZING TREE SEARCH                        |
--------------------------------------------------------------------
Performs final model parameters optimization
Estimate model parameters (epsilon = 0.010)
1. Initial log-likelihood: -2684.544
Optimal log-likelihood: -2684.542
Gamma shape alpha: 2.824
Parameters optimization took 1 rounds (0.009 sec)
BEST SCORE FOUND : -2684.542
Total tree length: 7.864

Total number of iterations: 131
CPU time used for tree search: 5.527 sec (0h:0m:5s)
Wall-clock time used for tree search: 5.600 sec (0h:0m:5s)
Total CPU time used: 5.634 sec (0h:0m:5s)
Total wall-clock time used: 5.730 sec (0h:0m:5s)

===> START BOOTSTRAP REPLICATE NUMBER 58

Creating bootstrap alignment (seed: 763031)...
WARNING: States(s) E, I, K, M rarely appear in alignment and may cause numerical problems

Create initial parsimony tree by phylogenetic likelihood library (PLL)... 0.001 seconds
Reading model parameters from file /Users/mful870/Desktop/MD_3di_Dev_02Oct24/Scriptorum/SubstitutionMatrix/3di_substmat

NOTE: 0 MB RAM (0 GB) is required!
Estimate model parameters (epsilon = 0.100)
1. Initial log-likelihood: -2672.245
2. Current log-likelihood: -2639.107
3. Current log-likelihood: -2638.576
Optimal log-likelihood: -2638.560
Gamma shape alpha: 1.590
Parameters optimization took 3 rounds (0.033 sec)
Computing ML distances based on estimated model parameters... 0.043 sec
Computing BIONJ tree...
0.011 seconds
Log-likelihood of BIONJ tree: -2642.104
--------------------------------------------------------------------
|             INITIALIZING CANDIDATE TREE SET                      |
--------------------------------------------------------------------
Generating 98 parsimony trees... 0.090 second
Computing log-likelihood of 98 initial trees ... 0.415 seconds
Current best score: -2637.487

Do NNI search on 20 best initial trees
Estimate model parameters (epsilon = 0.100)
BETTER TREE FOUND at iteration 1: -2635.645
Iteration 10 / LogL: -2635.705 / Time: 0h:0m:0s
Iteration 20 / LogL: -2635.777 / Time: 0h:0m:1s
Finish initializing candidate tree set (6)
Current best tree score: -2635.645 / CPU time: 1.007
Number of iterations: 20
--------------------------------------------------------------------
|               OPTIMIZING CANDIDATE TREE SET                      |
--------------------------------------------------------------------
Iteration 30 / LogL: -2635.869 / Time: 0h:0m:1s (0h:0m:3s left)
Iteration 40 / LogL: -2637.074 / Time: 0h:0m:1s (0h:0m:2s left)
Iteration 50 / LogL: -2636.392 / Time: 0h:0m:2s (0h:0m:2s left)
Iteration 60 / LogL: -2635.879 / Time: 0h:0m:2s (0h:0m:1s left)
Iteration 70 / LogL: -2635.944 / Time: 0h:0m:2s (0h:0m:1s left)
Iteration 80 / LogL: -2635.701 / Time: 0h:0m:2s (0h:0m:0s left)
Iteration 90 / LogL: -2635.711 / Time: 0h:0m:3s (0h:0m:0s left)
Iteration 100 / LogL: -2635.878 / Time: 0h:0m:3s (0h:0m:0s left)
TREE SEARCH COMPLETED AFTER 102 ITERATIONS / Time: 0h:0m:3s

--------------------------------------------------------------------
|                    FINALIZING TREE SEARCH                        |
--------------------------------------------------------------------
Performs final model parameters optimization
Estimate model parameters (epsilon = 0.010)
1. Initial log-likelihood: -2635.645
Optimal log-likelihood: -2635.641
Gamma shape alpha: 1.593
Parameters optimization took 1 rounds (0.005 sec)
BEST SCORE FOUND : -2635.641
Total tree length: 7.139

Total number of iterations: 102
CPU time used for tree search: 3.550 sec (0h:0m:3s)
Wall-clock time used for tree search: 3.641 sec (0h:0m:3s)
Total CPU time used: 3.650 sec (0h:0m:3s)
Total wall-clock time used: 3.765 sec (0h:0m:3s)

===> START BOOTSTRAP REPLICATE NUMBER 59

Creating bootstrap alignment (seed: 763032)...
WARNING: States(s) E, I, K, M rarely appear in alignment and may cause numerical problems

Create initial parsimony tree by phylogenetic likelihood library (PLL)... 0.001 seconds
Reading model parameters from file /Users/mful870/Desktop/MD_3di_Dev_02Oct24/Scriptorum/SubstitutionMatrix/3di_substmat

NOTE: 1 MB RAM (0 GB) is required!
Estimate model parameters (epsilon = 0.100)
1. Initial log-likelihood: -2667.203
2. Current log-likelihood: -2628.526
3. Current log-likelihood: -2627.177
Optimal log-likelihood: -2627.124
Gamma shape alpha: 3.140
Parameters optimization took 3 rounds (0.038 sec)
Computing ML distances based on estimated model parameters... 0.038 sec
Computing BIONJ tree...
0.010 seconds
Log-likelihood of BIONJ tree: -2619.823
--------------------------------------------------------------------
|             INITIALIZING CANDIDATE TREE SET                      |
--------------------------------------------------------------------
Generating 98 parsimony trees... 0.076 second
Computing log-likelihood of 97 initial trees ... 0.413 seconds
Current best score: -2619.113

Do NNI search on 20 best initial trees
Estimate model parameters (epsilon = 0.100)
BETTER TREE FOUND at iteration 1: -2618.366
BETTER TREE FOUND at iteration 2: -2618.366
Estimate model parameters (epsilon = 0.100)
BETTER TREE FOUND at iteration 3: -2616.680
Iteration 10 / LogL: -2617.439 / Time: 0h:0m:0s
Estimate model parameters (epsilon = 0.100)
BETTER TREE FOUND at iteration 13: -2614.692
Iteration 20 / LogL: -2628.025 / Time: 0h:0m:1s
Finish initializing candidate tree set (7)
Current best tree score: -2614.692 / CPU time: 1.361
Number of iterations: 20
--------------------------------------------------------------------
|               OPTIMIZING CANDIDATE TREE SET                      |
--------------------------------------------------------------------
Estimate model parameters (epsilon = 0.100)
BETTER TREE FOUND at iteration 24: -2614.509
Iteration 30 / LogL: -2617.233 / Time: 0h:0m:1s (0h:0m:5s left)
Iteration 40 / LogL: -2617.606 / Time: 0h:0m:2s (0h:0m:4s left)
Iteration 50 / LogL: -2616.929 / Time: 0h:0m:2s (0h:0m:3s left)
Iteration 60 / LogL: -2616.712 / Time: 0h:0m:2s (0h:0m:3s left)
Iteration 70 / LogL: -2615.812 / Time: 0h:0m:3s (0h:0m:2s left)
Iteration 80 / LogL: -2615.842 / Time: 0h:0m:3s (0h:0m:2s left)
Iteration 90 / LogL: -2614.533 / Time: 0h:0m:3s (0h:0m:1s left)
Iteration 100 / LogL: -2614.509 / Time: 0h:0m:4s (0h:0m:1s left)
Iteration 110 / LogL: -2614.510 / Time: 0h:0m:4s (0h:0m:0s left)
Iteration 120 / LogL: -2614.791 / Time: 0h:0m:5s (0h:0m:0s left)
TREE SEARCH COMPLETED AFTER 125 ITERATIONS / Time: 0h:0m:5s

--------------------------------------------------------------------
|                    FINALIZING TREE SEARCH                        |
--------------------------------------------------------------------
Performs final model parameters optimization
Estimate model parameters (epsilon = 0.010)
1. Initial log-likelihood: -2614.509
Optimal log-likelihood: -2614.509
Gamma shape alpha: 3.374
Parameters optimization took 1 rounds (0.011 sec)
BEST SCORE FOUND : -2614.509
Total tree length: 6.401

Total number of iterations: 125
CPU time used for tree search: 5.036 sec (0h:0m:5s)
Wall-clock time used for tree search: 5.128 sec (0h:0m:5s)
Total CPU time used: 5.140 sec (0h:0m:5s)
Total wall-clock time used: 5.256 sec (0h:0m:5s)

===> START BOOTSTRAP REPLICATE NUMBER 60

Creating bootstrap alignment (seed: 763033)...
WARNING: States(s) E, I, K, M, Y rarely appear in alignment and may cause numerical problems

Create initial parsimony tree by phylogenetic likelihood library (PLL)... 0.001 seconds
Reading model parameters from file /Users/mful870/Desktop/MD_3di_Dev_02Oct24/Scriptorum/SubstitutionMatrix/3di_substmat

NOTE: 1 MB RAM (0 GB) is required!
Estimate model parameters (epsilon = 0.100)
1. Initial log-likelihood: -2461.779
2. Current log-likelihood: -2428.035
3. Current log-likelihood: -2427.457
Optimal log-likelihood: -2427.452
Gamma shape alpha: 2.026
Parameters optimization took 3 rounds (0.029 sec)
Computing ML distances based on estimated model parameters... 0.037 sec
Computing BIONJ tree...
0.010 seconds
Log-likelihood of BIONJ tree: -2437.958
--------------------------------------------------------------------
|             INITIALIZING CANDIDATE TREE SET                      |
--------------------------------------------------------------------
Generating 98 parsimony trees... 0.097 second
Computing log-likelihood of 98 initial trees ... 0.401 seconds
Current best score: -2427.452

Do NNI search on 20 best initial trees
Estimate model parameters (epsilon = 0.100)
BETTER TREE FOUND at iteration 1: -2424.409
UPDATE BEST LOG-LIKELIHOOD: -2424.409
Iteration 10 / LogL: -2424.409 / Time: 0h:0m:1s
Estimate model parameters (epsilon = 0.100)
BETTER TREE FOUND at iteration 17: -2424.345
UPDATE BEST LOG-LIKELIHOOD: -2424.345
Iteration 20 / LogL: -2424.401 / Time: 0h:0m:1s
Finish initializing candidate tree set (5)
Current best tree score: -2424.345 / CPU time: 1.377
Number of iterations: 20
--------------------------------------------------------------------
|               OPTIMIZING CANDIDATE TREE SET                      |
--------------------------------------------------------------------
UPDATE BEST LOG-LIKELIHOOD: -2424.344
Iteration 30 / LogL: -2427.515 / Time: 0h:0m:1s (0h:0m:5s left)
Iteration 40 / LogL: -2424.835 / Time: 0h:0m:2s (0h:0m:4s left)
Estimate model parameters (epsilon = 0.100)
BETTER TREE FOUND at iteration 46: -2423.196
Iteration 50 / LogL: -2423.220 / Time: 0h:0m:2s (0h:0m:5s left)
Iteration 60 / LogL: -2427.440 / Time: 0h:0m:3s (0h:0m:4s left)
Iteration 70 / LogL: -2423.226 / Time: 0h:0m:3s (0h:0m:4s left)
Iteration 80 / LogL: -2424.864 / Time: 0h:0m:4s (0h:0m:3s left)
Iteration 90 / LogL: -2424.420 / Time: 0h:0m:4s (0h:0m:2s left)
Iteration 100 / LogL: -2424.535 / Time: 0h:0m:4s (0h:0m:2s left)
Iteration 110 / LogL: -2423.589 / Time: 0h:0m:5s (0h:0m:1s left)
Iteration 120 / LogL: -2423.199 / Time: 0h:0m:5s (0h:0m:1s left)
Iteration 130 / LogL: -2423.589 / Time: 0h:0m:6s (0h:0m:0s left)
Iteration 140 / LogL: -2427.891 / Time: 0h:0m:6s (0h:0m:0s left)
TREE SEARCH COMPLETED AFTER 147 ITERATIONS / Time: 0h:0m:6s

--------------------------------------------------------------------
|                    FINALIZING TREE SEARCH                        |
--------------------------------------------------------------------
Performs final model parameters optimization
Estimate model parameters (epsilon = 0.010)
1. Initial log-likelihood: -2423.196
Optimal log-likelihood: -2423.196
Gamma shape alpha: 2.117
Parameters optimization took 1 rounds (0.005 sec)
BEST SCORE FOUND : -2423.196
Total tree length: 6.099

Total number of iterations: 147
CPU time used for tree search: 6.453 sec (0h:0m:6s)
Wall-clock time used for tree search: 6.578 sec (0h:0m:6s)
Total CPU time used: 6.546 sec (0h:0m:6s)
Total wall-clock time used: 6.694 sec (0h:0m:6s)

===> START BOOTSTRAP REPLICATE NUMBER 61

Creating bootstrap alignment (seed: 763034)...
WARNING: States(s) E, I, K, M, W rarely appear in alignment and may cause numerical problems

Create initial parsimony tree by phylogenetic likelihood library (PLL)... 0.001 seconds
Reading model parameters from file /Users/mful870/Desktop/MD_3di_Dev_02Oct24/Scriptorum/SubstitutionMatrix/3di_substmat

NOTE: 0 MB RAM (0 GB) is required!
Estimate model parameters (epsilon = 0.100)
1. Initial log-likelihood: -2488.338
2. Current log-likelihood: -2465.814
3. Current log-likelihood: -2465.626
Optimal log-likelihood: -2465.616
Gamma shape alpha: 1.278
Parameters optimization took 3 rounds (0.025 sec)
Computing ML distances based on estimated model parameters... 0.045 sec
Computing BIONJ tree...
0.009 seconds
Log-likelihood of BIONJ tree: -2469.012
--------------------------------------------------------------------
|             INITIALIZING CANDIDATE TREE SET                      |
--------------------------------------------------------------------
Generating 98 parsimony trees... 0.065 second
Computing log-likelihood of 98 initial trees ... 0.354 seconds
Current best score: -2465.616

Do NNI search on 20 best initial trees
Estimate model parameters (epsilon = 0.100)
BETTER TREE FOUND at iteration 1: -2464.872
Iteration 10 / LogL: -2464.930 / Time: 0h:0m:0s
Iteration 20 / LogL: -2469.554 / Time: 0h:0m:1s
Finish initializing candidate tree set (5)
Current best tree score: -2464.872 / CPU time: 1.039
Number of iterations: 20
--------------------------------------------------------------------
|               OPTIMIZING CANDIDATE TREE SET                      |
--------------------------------------------------------------------
Iteration 30 / LogL: -2468.767 / Time: 0h:0m:1s (0h:0m:3s left)
Iteration 40 / LogL: -2468.767 / Time: 0h:0m:1s (0h:0m:2s left)
Iteration 50 / LogL: -2464.967 / Time: 0h:0m:2s (0h:0m:2s left)
Iteration 60 / LogL: -2467.882 / Time: 0h:0m:2s (0h:0m:1s left)
Iteration 70 / LogL: -2464.944 / Time: 0h:0m:2s (0h:0m:1s left)
Iteration 80 / LogL: -2469.601 / Time: 0h:0m:3s (0h:0m:0s left)
Iteration 90 / LogL: -2464.935 / Time: 0h:0m:3s (0h:0m:0s left)
Iteration 100 / LogL: -2464.961 / Time: 0h:0m:3s (0h:0m:0s left)
TREE SEARCH COMPLETED AFTER 102 ITERATIONS / Time: 0h:0m:3s

--------------------------------------------------------------------
|                    FINALIZING TREE SEARCH                        |
--------------------------------------------------------------------
Performs final model parameters optimization
Estimate model parameters (epsilon = 0.010)
1. Initial log-likelihood: -2464.872
Optimal log-likelihood: -2464.871
Gamma shape alpha: 1.267
Parameters optimization took 1 rounds (0.005 sec)
BEST SCORE FOUND : -2464.871
Total tree length: 6.237

Total number of iterations: 102
CPU time used for tree search: 3.616 sec (0h:0m:3s)
Wall-clock time used for tree search: 3.681 sec (0h:0m:3s)
Total CPU time used: 3.711 sec (0h:0m:3s)
Total wall-clock time used: 3.797 sec (0h:0m:3s)

===> START BOOTSTRAP REPLICATE NUMBER 62

Creating bootstrap alignment (seed: 763035)...
WARNING: States(s) E, I, K, M, W rarely appear in alignment and may cause numerical problems

Create initial parsimony tree by phylogenetic likelihood library (PLL)... 0.001 seconds
Reading model parameters from file /Users/mful870/Desktop/MD_3di_Dev_02Oct24/Scriptorum/SubstitutionMatrix/3di_substmat

NOTE: 0 MB RAM (0 GB) is required!
Estimate model parameters (epsilon = 0.100)
1. Initial log-likelihood: -2764.128
2. Current log-likelihood: -2729.061
3. Current log-likelihood: -2728.735
Optimal log-likelihood: -2728.726
Gamma shape alpha: 2.010
Parameters optimization took 3 rounds (0.030 sec)
Computing ML distances based on estimated model parameters... 0.039 sec
Computing BIONJ tree...
0.009 seconds
Log-likelihood of BIONJ tree: -2727.658
--------------------------------------------------------------------
|             INITIALIZING CANDIDATE TREE SET                      |
--------------------------------------------------------------------
Generating 98 parsimony trees... 0.076 second
Computing log-likelihood of 98 initial trees ... 0.393 seconds
Current best score: -2717.420

Do NNI search on 20 best initial trees
Estimate model parameters (epsilon = 0.100)
BETTER TREE FOUND at iteration 1: -2717.169
Iteration 10 / LogL: -2718.411 / Time: 0h:0m:0s
Iteration 20 / LogL: -2718.355 / Time: 0h:0m:1s
Finish initializing candidate tree set (7)
Current best tree score: -2717.169 / CPU time: 1.209
Number of iterations: 20
--------------------------------------------------------------------
|               OPTIMIZING CANDIDATE TREE SET                      |
--------------------------------------------------------------------
Iteration 30 / LogL: -2717.176 / Time: 0h:0m:1s (0h:0m:4s left)
Iteration 40 / LogL: -2718.059 / Time: 0h:0m:2s (0h:0m:3s left)
Iteration 50 / LogL: -2718.536 / Time: 0h:0m:2s (0h:0m:2s left)
Iteration 60 / LogL: -2717.172 / Time: 0h:0m:3s (0h:0m:2s left)
Iteration 70 / LogL: -2717.190 / Time: 0h:0m:3s (0h:0m:1s left)
UPDATE BEST LOG-LIKELIHOOD: -2717.169
Iteration 80 / LogL: -2717.172 / Time: 0h:0m:3s (0h:0m:1s left)
UPDATE BEST LOG-LIKELIHOOD: -2717.169
Iteration 90 / LogL: -2718.723 / Time: 0h:0m:4s (0h:0m:0s left)
Iteration 100 / LogL: -2717.171 / Time: 0h:0m:4s (0h:0m:0s left)
TREE SEARCH COMPLETED AFTER 102 ITERATIONS / Time: 0h:0m:4s

--------------------------------------------------------------------
|                    FINALIZING TREE SEARCH                        |
--------------------------------------------------------------------
Performs final model parameters optimization
Estimate model parameters (epsilon = 0.010)
1. Initial log-likelihood: -2717.169
Optimal log-likelihood: -2717.168
Gamma shape alpha: 2.097
Parameters optimization took 1 rounds (0.006 sec)
BEST SCORE FOUND : -2717.168
Total tree length: 7.245

Total number of iterations: 102
CPU time used for tree search: 4.667 sec (0h:0m:4s)
Wall-clock time used for tree search: 4.773 sec (0h:0m:4s)
Total CPU time used: 4.757 sec (0h:0m:4s)
Total wall-clock time used: 4.885 sec (0h:0m:4s)

===> START BOOTSTRAP REPLICATE NUMBER 63

Creating bootstrap alignment (seed: 763036)...
WARNING: States(s) E, I, K, M, W, Y rarely appear in alignment and may cause numerical problems

Create initial parsimony tree by phylogenetic likelihood library (PLL)... 0.001 seconds
Reading model parameters from file /Users/mful870/Desktop/MD_3di_Dev_02Oct24/Scriptorum/SubstitutionMatrix/3di_substmat

NOTE: 0 MB RAM (0 GB) is required!
Estimate model parameters (epsilon = 0.100)
1. Initial log-likelihood: -2634.863
2. Current log-likelihood: -2590.540
3. Current log-likelihood: -2589.275
Optimal log-likelihood: -2589.250
Gamma shape alpha: 3.137
Parameters optimization took 3 rounds (0.031 sec)
Computing ML distances based on estimated model parameters... 0.034 sec
Computing BIONJ tree...
0.010 seconds
Log-likelihood of BIONJ tree: -2597.349
--------------------------------------------------------------------
|             INITIALIZING CANDIDATE TREE SET                      |
--------------------------------------------------------------------
Generating 98 parsimony trees... 0.088 second
Computing log-likelihood of 98 initial trees ... 0.434 seconds
Current best score: -2589.125

Do NNI search on 20 best initial trees
Estimate model parameters (epsilon = 0.100)
BETTER TREE FOUND at iteration 1: -2589.075
UPDATE BEST LOG-LIKELIHOOD: -2589.075
UPDATE BEST LOG-LIKELIHOOD: -2589.075
UPDATE BEST LOG-LIKELIHOOD: -2589.075
Iteration 10 / LogL: -2590.784 / Time: 0h:0m:0s
Iteration 20 / LogL: -2589.075 / Time: 0h:0m:1s
Finish initializing candidate tree set (4)
Current best tree score: -2589.075 / CPU time: 1.231
Number of iterations: 20
--------------------------------------------------------------------
|               OPTIMIZING CANDIDATE TREE SET                      |
--------------------------------------------------------------------
Iteration 30 / LogL: -2589.077 / Time: 0h:0m:1s (0h:0m:4s left)
Iteration 40 / LogL: -2589.230 / Time: 0h:0m:2s (0h:0m:3s left)
Iteration 50 / LogL: -2589.075 / Time: 0h:0m:2s (0h:0m:2s left)
Iteration 60 / LogL: -2589.171 / Time: 0h:0m:3s (0h:0m:2s left)
Iteration 70 / LogL: -2589.171 / Time: 0h:0m:3s (0h:0m:1s left)
Iteration 80 / LogL: -2589.230 / Time: 0h:0m:4s (0h:0m:1s left)
Iteration 90 / LogL: -2589.230 / Time: 0h:0m:4s (0h:0m:0s left)
Iteration 100 / LogL: -2589.075 / Time: 0h:0m:4s (0h:0m:0s left)
TREE SEARCH COMPLETED AFTER 102 ITERATIONS / Time: 0h:0m:4s

--------------------------------------------------------------------
|                    FINALIZING TREE SEARCH                        |
--------------------------------------------------------------------
Performs final model parameters optimization
Estimate model parameters (epsilon = 0.010)
1. Initial log-likelihood: -2589.075
Optimal log-likelihood: -2589.075
Gamma shape alpha: 3.055
Parameters optimization took 1 rounds (0.006 sec)
BEST SCORE FOUND : -2589.075
Total tree length: 5.919

Total number of iterations: 102
CPU time used for tree search: 4.812 sec (0h:0m:4s)
Wall-clock time used for tree search: 4.894 sec (0h:0m:4s)
Total CPU time used: 4.898 sec (0h:0m:4s)
Total wall-clock time used: 5.003 sec (0h:0m:5s)

===> START BOOTSTRAP REPLICATE NUMBER 64

Creating bootstrap alignment (seed: 763037)...
WARNING: States(s) E, I, K, M, W rarely appear in alignment and may cause numerical problems

Create initial parsimony tree by phylogenetic likelihood library (PLL)... 0.001 seconds
Reading model parameters from file /Users/mful870/Desktop/MD_3di_Dev_02Oct24/Scriptorum/SubstitutionMatrix/3di_substmat

NOTE: 0 MB RAM (0 GB) is required!
Estimate model parameters (epsilon = 0.100)
1. Initial log-likelihood: -2670.316
2. Current log-likelihood: -2613.142
3. Current log-likelihood: -2611.701
Optimal log-likelihood: -2611.659
Gamma shape alpha: 2.935
Parameters optimization took 3 rounds (0.031 sec)
Computing ML distances based on estimated model parameters... 0.038 sec
Computing BIONJ tree...
0.010 seconds
Log-likelihood of BIONJ tree: -2607.327
--------------------------------------------------------------------
|             INITIALIZING CANDIDATE TREE SET                      |
--------------------------------------------------------------------
Generating 98 parsimony trees... 0.085 second
Computing log-likelihood of 97 initial trees ... 0.365 seconds
Current best score: -2603.581

Do NNI search on 20 best initial trees
Estimate model parameters (epsilon = 0.100)
BETTER TREE FOUND at iteration 1: -2602.033
Iteration 10 / LogL: -2602.171 / Time: 0h:0m:0s
Iteration 20 / LogL: -2602.342 / Time: 0h:0m:1s
Finish initializing candidate tree set (6)
Current best tree score: -2602.033 / CPU time: 1.010
Number of iterations: 20
--------------------------------------------------------------------
|               OPTIMIZING CANDIDATE TREE SET                      |
--------------------------------------------------------------------
Iteration 30 / LogL: -2602.325 / Time: 0h:0m:1s (0h:0m:3s left)
Iteration 40 / LogL: -2603.506 / Time: 0h:0m:1s (0h:0m:2s left)
Iteration 50 / LogL: -2603.663 / Time: 0h:0m:1s (0h:0m:2s left)
Iteration 60 / LogL: -2602.328 / Time: 0h:0m:2s (0h:0m:1s left)
Iteration 70 / LogL: -2602.344 / Time: 0h:0m:2s (0h:0m:1s left)
Iteration 80 / LogL: -2603.935 / Time: 0h:0m:2s (0h:0m:0s left)
Iteration 90 / LogL: -2603.365 / Time: 0h:0m:3s (0h:0m:0s left)
Iteration 100 / LogL: -2617.011 / Time: 0h:0m:3s (0h:0m:0s left)
TREE SEARCH COMPLETED AFTER 102 ITERATIONS / Time: 0h:0m:3s

--------------------------------------------------------------------
|                    FINALIZING TREE SEARCH                        |
--------------------------------------------------------------------
Performs final model parameters optimization
Estimate model parameters (epsilon = 0.010)
1. Initial log-likelihood: -2602.033
Optimal log-likelihood: -2602.031
Gamma shape alpha: 2.766
Parameters optimization took 1 rounds (0.008 sec)
BEST SCORE FOUND : -2602.031
Total tree length: 6.556

Total number of iterations: 102
CPU time used for tree search: 3.503 sec (0h:0m:3s)
Wall-clock time used for tree search: 3.585 sec (0h:0m:3s)
Total CPU time used: 3.598 sec (0h:0m:3s)
Total wall-clock time used: 3.702 sec (0h:0m:3s)

===> START BOOTSTRAP REPLICATE NUMBER 65

Creating bootstrap alignment (seed: 763038)...
WARNING: States(s) E, I, K, M rarely appear in alignment and may cause numerical problems

Create initial parsimony tree by phylogenetic likelihood library (PLL)... 0.001 seconds
Reading model parameters from file /Users/mful870/Desktop/MD_3di_Dev_02Oct24/Scriptorum/SubstitutionMatrix/3di_substmat

NOTE: 0 MB RAM (0 GB) is required!
Estimate model parameters (epsilon = 0.100)
1. Initial log-likelihood: -2490.190
2. Current log-likelihood: -2449.935
3. Current log-likelihood: -2449.487
Optimal log-likelihood: -2449.481
Gamma shape alpha: 1.374
Parameters optimization took 3 rounds (0.033 sec)
Computing ML distances based on estimated model parameters... 0.045 sec
Computing BIONJ tree...
0.010 seconds
Log-likelihood of BIONJ tree: -2441.978
--------------------------------------------------------------------
|             INITIALIZING CANDIDATE TREE SET                      |
--------------------------------------------------------------------
Generating 98 parsimony trees... 0.079 second
Computing log-likelihood of 98 initial trees ... 0.460 seconds
Current best score: -2435.581

Do NNI search on 20 best initial trees
Estimate model parameters (epsilon = 0.100)
BETTER TREE FOUND at iteration 1: -2433.973
Estimate model parameters (epsilon = 0.100)
BETTER TREE FOUND at iteration 2: -2433.695
Estimate model parameters (epsilon = 0.100)
BETTER TREE FOUND at iteration 3: -2431.796
Iteration 10 / LogL: -2433.828 / Time: 0h:0m:1s
Iteration 20 / LogL: -2438.375 / Time: 0h:0m:1s
Finish initializing candidate tree set (11)
Current best tree score: -2431.796 / CPU time: 1.379
Number of iterations: 20
--------------------------------------------------------------------
|               OPTIMIZING CANDIDATE TREE SET                      |
--------------------------------------------------------------------
Estimate model parameters (epsilon = 0.100)
BETTER TREE FOUND at iteration 21: -2429.359
Iteration 30 / LogL: -2433.841 / Time: 0h:0m:1s (0h:0m:6s left)
Iteration 40 / LogL: -2441.186 / Time: 0h:0m:2s (0h:0m:4s left)
Iteration 50 / LogL: -2429.463 / Time: 0h:0m:2s (0h:0m:3s left)
Iteration 60 / LogL: -2429.396 / Time: 0h:0m:3s (0h:0m:3s left)
Iteration 70 / LogL: -2429.426 / Time: 0h:0m:3s (0h:0m:2s left)
Iteration 80 / LogL: -2429.559 / Time: 0h:0m:3s (0h:0m:2s left)
Iteration 90 / LogL: -2431.794 / Time: 0h:0m:4s (0h:0m:1s left)
Iteration 100 / LogL: -2431.795 / Time: 0h:0m:4s (0h:0m:0s left)
Iteration 110 / LogL: -2433.841 / Time: 0h:0m:4s (0h:0m:0s left)
Iteration 120 / LogL: -2429.457 / Time: 0h:0m:5s (0h:0m:0s left)
TREE SEARCH COMPLETED AFTER 122 ITERATIONS / Time: 0h:0m:5s

--------------------------------------------------------------------
|                    FINALIZING TREE SEARCH                        |
--------------------------------------------------------------------
Performs final model parameters optimization
Estimate model parameters (epsilon = 0.010)
1. Initial log-likelihood: -2429.359
Optimal log-likelihood: -2429.359
Gamma shape alpha: 1.394
Parameters optimization took 1 rounds (0.005 sec)
BEST SCORE FOUND : -2429.359
Total tree length: 7.319

Total number of iterations: 122
CPU time used for tree search: 5.137 sec (0h:0m:5s)
Wall-clock time used for tree search: 5.226 sec (0h:0m:5s)
Total CPU time used: 5.264 sec (0h:0m:5s)
Total wall-clock time used: 5.378 sec (0h:0m:5s)

===> START BOOTSTRAP REPLICATE NUMBER 66

Creating bootstrap alignment (seed: 763039)...
WARNING: States(s) E, I, K, M rarely appear in alignment and may cause numerical problems

Create initial parsimony tree by phylogenetic likelihood library (PLL)... 0.001 seconds
Reading model parameters from file /Users/mful870/Desktop/MD_3di_Dev_02Oct24/Scriptorum/SubstitutionMatrix/3di_substmat

NOTE: 1 MB RAM (0 GB) is required!
Estimate model parameters (epsilon = 0.100)
1. Initial log-likelihood: -2615.542
2. Current log-likelihood: -2582.031
3. Current log-likelihood: -2581.560
Optimal log-likelihood: -2581.540
Gamma shape alpha: 2.160
Parameters optimization took 3 rounds (0.033 sec)
Computing ML distances based on estimated model parameters... 0.037 sec
Computing BIONJ tree...
0.011 seconds
Log-likelihood of BIONJ tree: -2592.700
--------------------------------------------------------------------
|             INITIALIZING CANDIDATE TREE SET                      |
--------------------------------------------------------------------
Generating 98 parsimony trees... 0.082 second
Computing log-likelihood of 98 initial trees ... 0.401 seconds
Current best score: -2581.540

Do NNI search on 20 best initial trees
Estimate model parameters (epsilon = 0.100)
BETTER TREE FOUND at iteration 1: -2581.539
Iteration 10 / LogL: -2582.942 / Time: 0h:0m:0s
Iteration 20 / LogL: -2581.876 / Time: 0h:0m:1s
Finish initializing candidate tree set (8)
Current best tree score: -2581.539 / CPU time: 1.110
Number of iterations: 20
--------------------------------------------------------------------
|               OPTIMIZING CANDIDATE TREE SET                      |
--------------------------------------------------------------------
Estimate model parameters (epsilon = 0.100)
BETTER TREE FOUND at iteration 25: -2580.034
Iteration 30 / LogL: -2580.616 / Time: 0h:0m:1s (0h:0m:5s left)
Iteration 40 / LogL: -2580.610 / Time: 0h:0m:2s (0h:0m:4s left)
Iteration 50 / LogL: -2580.079 / Time: 0h:0m:2s (0h:0m:3s left)
Iteration 60 / LogL: -2581.610 / Time: 0h:0m:2s (0h:0m:3s left)
Iteration 70 / LogL: -2580.689 / Time: 0h:0m:3s (0h:0m:2s left)
Iteration 80 / LogL: -2580.058 / Time: 0h:0m:3s (0h:0m:2s left)
Iteration 90 / LogL: -2580.610 / Time: 0h:0m:3s (0h:0m:1s left)
Iteration 100 / LogL: -2580.048 / Time: 0h:0m:4s (0h:0m:1s left)
UPDATE BEST LOG-LIKELIHOOD: -2580.034
Iteration 110 / LogL: -2580.048 / Time: 0h:0m:4s (0h:0m:0s left)
Iteration 120 / LogL: -2580.035 / Time: 0h:0m:5s (0h:0m:0s left)
TREE SEARCH COMPLETED AFTER 126 ITERATIONS / Time: 0h:0m:5s

--------------------------------------------------------------------
|                    FINALIZING TREE SEARCH                        |
--------------------------------------------------------------------
Performs final model parameters optimization
Estimate model parameters (epsilon = 0.010)
1. Initial log-likelihood: -2580.034
Optimal log-likelihood: -2580.033
Gamma shape alpha: 2.016
Parameters optimization took 1 rounds (0.006 sec)
BEST SCORE FOUND : -2580.033
Total tree length: 7.016

Total number of iterations: 126
CPU time used for tree search: 5.138 sec (0h:0m:5s)
Wall-clock time used for tree search: 5.238 sec (0h:0m:5s)
Total CPU time used: 5.233 sec (0h:0m:5s)
Total wall-clock time used: 5.355 sec (0h:0m:5s)

===> START BOOTSTRAP REPLICATE NUMBER 67

Creating bootstrap alignment (seed: 763040)...
WARNING: States(s) E, I, K, M rarely appear in alignment and may cause numerical problems

Create initial parsimony tree by phylogenetic likelihood library (PLL)... 0.001 seconds
Reading model parameters from file /Users/mful870/Desktop/MD_3di_Dev_02Oct24/Scriptorum/SubstitutionMatrix/3di_substmat

NOTE: 1 MB RAM (0 GB) is required!
Estimate model parameters (epsilon = 0.100)
1. Initial log-likelihood: -2579.702
2. Current log-likelihood: -2543.741
3. Current log-likelihood: -2543.370
Optimal log-likelihood: -2543.366
Gamma shape alpha: 1.362
Parameters optimization took 3 rounds (0.026 sec)
Computing ML distances based on estimated model parameters... 0.041 sec
Computing BIONJ tree...
0.010 seconds
Log-likelihood of BIONJ tree: -2541.834
--------------------------------------------------------------------
|             INITIALIZING CANDIDATE TREE SET                      |
--------------------------------------------------------------------
Generating 98 parsimony trees... 0.084 second
Computing log-likelihood of 97 initial trees ... 0.436 seconds
Current best score: -2538.274

Do NNI search on 20 best initial trees
Estimate model parameters (epsilon = 0.100)
BETTER TREE FOUND at iteration 1: -2537.826
BETTER TREE FOUND at iteration 2: -2537.822
UPDATE BEST LOG-LIKELIHOOD: -2537.822
Iteration 10 / LogL: -2540.966 / Time: 0h:0m:0s
UPDATE BEST LOG-LIKELIHOOD: -2537.822
Iteration 20 / LogL: -2540.877 / Time: 0h:0m:1s
Finish initializing candidate tree set (7)
Current best tree score: -2537.822 / CPU time: 1.215
Number of iterations: 20
--------------------------------------------------------------------
|               OPTIMIZING CANDIDATE TREE SET                      |
--------------------------------------------------------------------
Iteration 30 / LogL: -2537.822 / Time: 0h:0m:1s (0h:0m:4s left)
Iteration 40 / LogL: -2537.822 / Time: 0h:0m:2s (0h:0m:3s left)
Iteration 50 / LogL: -2537.822 / Time: 0h:0m:3s (0h:0m:3s left)
UPDATE BEST LOG-LIKELIHOOD: -2537.822
Iteration 60 / LogL: -2537.822 / Time: 0h:0m:3s (0h:0m:2s left)
Iteration 70 / LogL: -2537.822 / Time: 0h:0m:4s (0h:0m:1s left)
Iteration 80 / LogL: -2537.822 / Time: 0h:0m:4s (0h:0m:1s left)
Iteration 90 / LogL: -2541.520 / Time: 0h:0m:5s (0h:0m:0s left)
Iteration 100 / LogL: -2537.822 / Time: 0h:0m:6s (0h:0m:0s left)
TREE SEARCH COMPLETED AFTER 103 ITERATIONS / Time: 0h:0m:6s

--------------------------------------------------------------------
|                    FINALIZING TREE SEARCH                        |
--------------------------------------------------------------------
Performs final model parameters optimization
Estimate model parameters (epsilon = 0.010)
1. Initial log-likelihood: -2537.822
Optimal log-likelihood: -2537.819
Gamma shape alpha: 1.272
Parameters optimization took 1 rounds (0.010 sec)
BEST SCORE FOUND : -2537.819
Total tree length: 7.341

Total number of iterations: 103
CPU time used for tree search: 6.126 sec (0h:0m:6s)
Wall-clock time used for tree search: 6.256 sec (0h:0m:6s)
Total CPU time used: 6.222 sec (0h:0m:6s)
Total wall-clock time used: 6.373 sec (0h:0m:6s)

===> START BOOTSTRAP REPLICATE NUMBER 68

Creating bootstrap alignment (seed: 763041)...
WARNING: States(s) E, I, K, M, Y rarely appear in alignment and may cause numerical problems

Create initial parsimony tree by phylogenetic likelihood library (PLL)... 0.001 seconds
Reading model parameters from file /Users/mful870/Desktop/MD_3di_Dev_02Oct24/Scriptorum/SubstitutionMatrix/3di_substmat

NOTE: 0 MB RAM (0 GB) is required!
Estimate model parameters (epsilon = 0.100)
1. Initial log-likelihood: -2591.558
2. Current log-likelihood: -2552.263
3. Current log-likelihood: -2551.984
Optimal log-likelihood: -2551.974
Gamma shape alpha: 1.640
Parameters optimization took 3 rounds (0.027 sec)
Computing ML distances based on estimated model parameters... 0.051 sec
Computing BIONJ tree...
0.011 seconds
Log-likelihood of BIONJ tree: -2548.060
--------------------------------------------------------------------
|             INITIALIZING CANDIDATE TREE SET                      |
--------------------------------------------------------------------
Generating 98 parsimony trees... 0.079 second
Computing log-likelihood of 98 initial trees ... 0.387 seconds
Current best score: -2539.895

Do NNI search on 20 best initial trees
Estimate model parameters (epsilon = 0.100)
BETTER TREE FOUND at iteration 1: -2537.398
Estimate model parameters (epsilon = 0.100)
BETTER TREE FOUND at iteration 3: -2536.780
Iteration 10 / LogL: -2537.037 / Time: 0h:0m:0s
Iteration 20 / LogL: -2540.156 / Time: 0h:0m:1s
Finish initializing candidate tree set (5)
Current best tree score: -2536.780 / CPU time: 0.974
Number of iterations: 20
--------------------------------------------------------------------
|               OPTIMIZING CANDIDATE TREE SET                      |
--------------------------------------------------------------------
Iteration 30 / LogL: -2536.953 / Time: 0h:0m:1s (0h:0m:3s left)
Iteration 40 / LogL: -2537.908 / Time: 0h:0m:1s (0h:0m:2s left)
Iteration 50 / LogL: -2536.807 / Time: 0h:0m:1s (0h:0m:2s left)
Iteration 60 / LogL: -2536.896 / Time: 0h:0m:2s (0h:0m:1s left)
Iteration 70 / LogL: -2537.745 / Time: 0h:0m:2s (0h:0m:1s left)
Iteration 80 / LogL: -2537.036 / Time: 0h:0m:2s (0h:0m:0s left)
Iteration 90 / LogL: -2536.809 / Time: 0h:0m:3s (0h:0m:0s left)
Iteration 100 / LogL: -2537.606 / Time: 0h:0m:3s (0h:0m:0s left)
TREE SEARCH COMPLETED AFTER 104 ITERATIONS / Time: 0h:0m:3s

--------------------------------------------------------------------
|                    FINALIZING TREE SEARCH                        |
--------------------------------------------------------------------
Performs final model parameters optimization
Estimate model parameters (epsilon = 0.010)
1. Initial log-likelihood: -2536.780
Optimal log-likelihood: -2536.778
Gamma shape alpha: 1.572
Parameters optimization took 1 rounds (0.008 sec)
BEST SCORE FOUND : -2536.778
Total tree length: 6.734

Total number of iterations: 104
CPU time used for tree search: 3.508 sec (0h:0m:3s)
Wall-clock time used for tree search: 3.561 sec (0h:0m:3s)
Total CPU time used: 3.612 sec (0h:0m:3s)
Total wall-clock time used: 3.690 sec (0h:0m:3s)

===> START BOOTSTRAP REPLICATE NUMBER 69

Creating bootstrap alignment (seed: 763042)...
WARNING: States(s) E, I, K, M rarely appear in alignment and may cause numerical problems

Create initial parsimony tree by phylogenetic likelihood library (PLL)... 0.001 seconds
Reading model parameters from file /Users/mful870/Desktop/MD_3di_Dev_02Oct24/Scriptorum/SubstitutionMatrix/3di_substmat

NOTE: 0 MB RAM (0 GB) is required!
Estimate model parameters (epsilon = 0.100)
1. Initial log-likelihood: -2759.678
2. Current log-likelihood: -2719.025
3. Current log-likelihood: -2717.981
Optimal log-likelihood: -2717.967
Gamma shape alpha: 2.540
Parameters optimization took 3 rounds (0.029 sec)
Computing ML distances based on estimated model parameters... 0.037 sec
Computing BIONJ tree...
0.010 seconds
Log-likelihood of BIONJ tree: -2725.414
--------------------------------------------------------------------
|             INITIALIZING CANDIDATE TREE SET                      |
--------------------------------------------------------------------
Generating 98 parsimony trees... 0.077 second
Computing log-likelihood of 97 initial trees ... 0.388 seconds
Current best score: -2717.967

Do NNI search on 20 best initial trees
Estimate model parameters (epsilon = 0.100)
BETTER TREE FOUND at iteration 1: -2710.362
Estimate model parameters (epsilon = 0.100)
BETTER TREE FOUND at iteration 2: -2710.192
Iteration 10 / LogL: -2710.241 / Time: 0h:0m:0s
Iteration 20 / LogL: -2710.214 / Time: 0h:0m:1s
Finish initializing candidate tree set (3)
Current best tree score: -2710.192 / CPU time: 1.119
Number of iterations: 20
--------------------------------------------------------------------
|               OPTIMIZING CANDIDATE TREE SET                      |
--------------------------------------------------------------------
Iteration 30 / LogL: -2710.416 / Time: 0h:0m:1s (0h:0m:3s left)
Iteration 40 / LogL: -2710.220 / Time: 0h:0m:1s (0h:0m:2s left)
UPDATE BEST LOG-LIKELIHOOD: -2710.192
Iteration 50 / LogL: -2710.224 / Time: 0h:0m:2s (0h:0m:2s left)
Iteration 60 / LogL: -2710.392 / Time: 0h:0m:2s (0h:0m:1s left)
Iteration 70 / LogL: -2710.212 / Time: 0h:0m:2s (0h:0m:1s left)
Iteration 80 / LogL: -2710.201 / Time: 0h:0m:3s (0h:0m:0s left)
Iteration 90 / LogL: -2710.386 / Time: 0h:0m:3s (0h:0m:0s left)
Iteration 100 / LogL: -2710.247 / Time: 0h:0m:3s (0h:0m:0s left)
TREE SEARCH COMPLETED AFTER 103 ITERATIONS / Time: 0h:0m:4s

--------------------------------------------------------------------
|                    FINALIZING TREE SEARCH                        |
--------------------------------------------------------------------
Performs final model parameters optimization
Estimate model parameters (epsilon = 0.010)
1. Initial log-likelihood: -2710.192
Optimal log-likelihood: -2710.191
Gamma shape alpha: 2.422
Parameters optimization took 1 rounds (0.007 sec)
BEST SCORE FOUND : -2710.191
Total tree length: 7.018

Total number of iterations: 103
CPU time used for tree search: 3.897 sec (0h:0m:3s)
Wall-clock time used for tree search: 3.965 sec (0h:0m:3s)
Total CPU time used: 3.989 sec (0h:0m:3s)
Total wall-clock time used: 4.081 sec (0h:0m:4s)

===> START BOOTSTRAP REPLICATE NUMBER 70

Creating bootstrap alignment (seed: 763043)...
WARNING: States(s) E, I, K, M, W rarely appear in alignment and may cause numerical problems

Create initial parsimony tree by phylogenetic likelihood library (PLL)... 0.001 seconds
Reading model parameters from file /Users/mful870/Desktop/MD_3di_Dev_02Oct24/Scriptorum/SubstitutionMatrix/3di_substmat

NOTE: 0 MB RAM (0 GB) is required!
Estimate model parameters (epsilon = 0.100)
1. Initial log-likelihood: -2616.631
2. Current log-likelihood: -2580.281
3. Current log-likelihood: -2579.463
Optimal log-likelihood: -2579.456
Gamma shape alpha: 2.192
Parameters optimization took 3 rounds (0.041 sec)
Computing ML distances based on estimated model parameters... 0.040 sec
Computing BIONJ tree...
0.012 seconds
Log-likelihood of BIONJ tree: -2567.187
--------------------------------------------------------------------
|             INITIALIZING CANDIDATE TREE SET                      |
--------------------------------------------------------------------
Generating 98 parsimony trees... 0.087 second
Computing log-likelihood of 97 initial trees ... 0.396 seconds
Current best score: -2567.187

Do NNI search on 20 best initial trees
Estimate model parameters (epsilon = 0.100)
BETTER TREE FOUND at iteration 1: -2562.052
Iteration 10 / LogL: -2566.341 / Time: 0h:0m:0s
Iteration 20 / LogL: -2562.325 / Time: 0h:0m:1s
Finish initializing candidate tree set (3)
Current best tree score: -2562.052 / CPU time: 1.094
Number of iterations: 20
--------------------------------------------------------------------
|               OPTIMIZING CANDIDATE TREE SET                      |
--------------------------------------------------------------------
Iteration 30 / LogL: -2562.665 / Time: 0h:0m:1s (0h:0m:3s left)
Iteration 40 / LogL: -2562.057 / Time: 0h:0m:1s (0h:0m:2s left)
Iteration 50 / LogL: -2562.069 / Time: 0h:0m:2s (0h:0m:2s left)
Iteration 60 / LogL: -2562.350 / Time: 0h:0m:2s (0h:0m:1s left)
Iteration 70 / LogL: -2566.334 / Time: 0h:0m:2s (0h:0m:1s left)
Iteration 80 / LogL: -2566.292 / Time: 0h:0m:3s (0h:0m:0s left)
Iteration 90 / LogL: -2562.054 / Time: 0h:0m:3s (0h:0m:0s left)
Iteration 100 / LogL: -2566.326 / Time: 0h:0m:3s (0h:0m:0s left)
TREE SEARCH COMPLETED AFTER 102 ITERATIONS / Time: 0h:0m:3s

--------------------------------------------------------------------
|                    FINALIZING TREE SEARCH                        |
--------------------------------------------------------------------
Performs final model parameters optimization
Estimate model parameters (epsilon = 0.010)
1. Initial log-likelihood: -2562.052
Optimal log-likelihood: -2562.052
Gamma shape alpha: 2.139
Parameters optimization took 1 rounds (0.005 sec)
BEST SCORE FOUND : -2562.052
Total tree length: 6.470

Total number of iterations: 102
CPU time used for tree search: 3.760 sec (0h:0m:3s)
Wall-clock time used for tree search: 3.825 sec (0h:0m:3s)
Total CPU time used: 3.864 sec (0h:0m:3s)
Total wall-clock time used: 3.956 sec (0h:0m:3s)

===> START BOOTSTRAP REPLICATE NUMBER 71

Creating bootstrap alignment (seed: 763044)...
WARNING: States(s) E, I, K, M, W, Y rarely appear in alignment and may cause numerical problems

Create initial parsimony tree by phylogenetic likelihood library (PLL)... 0.001 seconds
Reading model parameters from file /Users/mful870/Desktop/MD_3di_Dev_02Oct24/Scriptorum/SubstitutionMatrix/3di_substmat

NOTE: 0 MB RAM (0 GB) is required!
Estimate model parameters (epsilon = 0.100)
1. Initial log-likelihood: -2684.023
2. Current log-likelihood: -2642.606
3. Current log-likelihood: -2642.180
Optimal log-likelihood: -2642.142
Gamma shape alpha: 2.047
Parameters optimization took 3 rounds (0.027 sec)
Computing ML distances based on estimated model parameters... 0.039 sec
Computing BIONJ tree...
0.012 seconds
Log-likelihood of BIONJ tree: -2637.015
--------------------------------------------------------------------
|             INITIALIZING CANDIDATE TREE SET                      |
--------------------------------------------------------------------
Generating 98 parsimony trees... 0.081 second
Computing log-likelihood of 98 initial trees ... 0.390 seconds
Current best score: -2633.613

Do NNI search on 20 best initial trees
Estimate model parameters (epsilon = 0.100)
BETTER TREE FOUND at iteration 1: -2631.736
Iteration 10 / LogL: -2631.810 / Time: 0h:0m:0s
Iteration 20 / LogL: -2631.756 / Time: 0h:0m:1s
Finish initializing candidate tree set (5)
Current best tree score: -2631.736 / CPU time: 1.029
Number of iterations: 20
--------------------------------------------------------------------
|               OPTIMIZING CANDIDATE TREE SET                      |
--------------------------------------------------------------------
Iteration 30 / LogL: -2631.747 / Time: 0h:0m:1s (0h:0m:3s left)
UPDATE BEST LOG-LIKELIHOOD: -2631.734
Iteration 40 / LogL: -2631.734 / Time: 0h:0m:1s (0h:0m:2s left)
Iteration 50 / LogL: -2631.927 / Time: 0h:0m:2s (0h:0m:2s left)
Iteration 60 / LogL: -2631.823 / Time: 0h:0m:2s (0h:0m:1s left)
Iteration 70 / LogL: -2631.908 / Time: 0h:0m:2s (0h:0m:1s left)
Iteration 80 / LogL: -2631.759 / Time: 0h:0m:3s (0h:0m:0s left)
Iteration 90 / LogL: -2632.192 / Time: 0h:0m:3s (0h:0m:0s left)
Iteration 100 / LogL: -2631.751 / Time: 0h:0m:3s (0h:0m:0s left)
TREE SEARCH COMPLETED AFTER 102 ITERATIONS / Time: 0h:0m:3s

--------------------------------------------------------------------
|                    FINALIZING TREE SEARCH                        |
--------------------------------------------------------------------
Performs final model parameters optimization
Estimate model parameters (epsilon = 0.010)
1. Initial log-likelihood: -2631.734
Optimal log-likelihood: -2631.733
Gamma shape alpha: 1.957
Parameters optimization took 1 rounds (0.006 sec)
BEST SCORE FOUND : -2631.733
Total tree length: 6.959

Total number of iterations: 102
CPU time used for tree search: 3.526 sec (0h:0m:3s)
Wall-clock time used for tree search: 3.589 sec (0h:0m:3s)
Total CPU time used: 3.613 sec (0h:0m:3s)
Total wall-clock time used: 3.698 sec (0h:0m:3s)

===> START BOOTSTRAP REPLICATE NUMBER 72

Creating bootstrap alignment (seed: 763045)...
WARNING: States(s) E, I, K, M, W rarely appear in alignment and may cause numerical problems

Create initial parsimony tree by phylogenetic likelihood library (PLL)... 0.001 seconds
Reading model parameters from file /Users/mful870/Desktop/MD_3di_Dev_02Oct24/Scriptorum/SubstitutionMatrix/3di_substmat

NOTE: 0 MB RAM (0 GB) is required!
Estimate model parameters (epsilon = 0.100)
1. Initial log-likelihood: -2682.578
2. Current log-likelihood: -2644.402
3. Current log-likelihood: -2643.138
Optimal log-likelihood: -2643.097
Gamma shape alpha: 3.288
Parameters optimization took 3 rounds (0.029 sec)
Computing ML distances based on estimated model parameters... 0.037 sec
Computing BIONJ tree...
0.011 seconds
Log-likelihood of BIONJ tree: -2638.683
--------------------------------------------------------------------
|             INITIALIZING CANDIDATE TREE SET                      |
--------------------------------------------------------------------
Generating 98 parsimony trees... 0.074 second
Computing log-likelihood of 98 initial trees ... 0.385 seconds
Current best score: -2637.781

Do NNI search on 20 best initial trees
Estimate model parameters (epsilon = 0.100)
BETTER TREE FOUND at iteration 1: -2634.432
Iteration 10 / LogL: -2634.491 / Time: 0h:0m:0s
Iteration 20 / LogL: -2634.446 / Time: 0h:0m:1s
Finish initializing candidate tree set (3)
Current best tree score: -2634.432 / CPU time: 1.059
Number of iterations: 20
--------------------------------------------------------------------
|               OPTIMIZING CANDIDATE TREE SET                      |
--------------------------------------------------------------------
Iteration 30 / LogL: -2634.685 / Time: 0h:0m:1s (0h:0m:3s left)
Iteration 40 / LogL: -2639.582 / Time: 0h:0m:1s (0h:0m:2s left)
Iteration 50 / LogL: -2634.436 / Time: 0h:0m:2s (0h:0m:2s left)
Iteration 60 / LogL: -2638.061 / Time: 0h:0m:2s (0h:0m:1s left)
Iteration 70 / LogL: -2634.495 / Time: 0h:0m:2s (0h:0m:1s left)
Iteration 80 / LogL: -2634.466 / Time: 0h:0m:3s (0h:0m:0s left)
Iteration 90 / LogL: -2634.476 / Time: 0h:0m:3s (0h:0m:0s left)
Iteration 100 / LogL: -2634.450 / Time: 0h:0m:3s (0h:0m:0s left)
TREE SEARCH COMPLETED AFTER 102 ITERATIONS / Time: 0h:0m:3s

--------------------------------------------------------------------
|                    FINALIZING TREE SEARCH                        |
--------------------------------------------------------------------
Performs final model parameters optimization
Estimate model parameters (epsilon = 0.010)
1. Initial log-likelihood: -2634.432
Optimal log-likelihood: -2634.430
Gamma shape alpha: 3.042
Parameters optimization took 1 rounds (0.006 sec)
BEST SCORE FOUND : -2634.430
Total tree length: 6.601

Total number of iterations: 102
CPU time used for tree search: 3.747 sec (0h:0m:3s)
Wall-clock time used for tree search: 3.834 sec (0h:0m:3s)
Total CPU time used: 3.837 sec (0h:0m:3s)
Total wall-clock time used: 3.946 sec (0h:0m:3s)

===> START BOOTSTRAP REPLICATE NUMBER 73

Creating bootstrap alignment (seed: 763046)...
WARNING: States(s) E, I, K, M, W, Y rarely appear in alignment and may cause numerical problems

Create initial parsimony tree by phylogenetic likelihood library (PLL)... 0.001 seconds
Reading model parameters from file /Users/mful870/Desktop/MD_3di_Dev_02Oct24/Scriptorum/SubstitutionMatrix/3di_substmat

NOTE: 0 MB RAM (0 GB) is required!
Estimate model parameters (epsilon = 0.100)
1. Initial log-likelihood: -2586.040
2. Current log-likelihood: -2549.068
3. Current log-likelihood: -2548.486
Optimal log-likelihood: -2548.476
Gamma shape alpha: 1.333
Parameters optimization took 3 rounds (0.023 sec)
Computing ML distances based on estimated model parameters... 0.044 sec
Computing BIONJ tree...
0.010 seconds
Log-likelihood of BIONJ tree: -2530.928
--------------------------------------------------------------------
|             INITIALIZING CANDIDATE TREE SET                      |
--------------------------------------------------------------------
Generating 98 parsimony trees... 0.077 second
Computing log-likelihood of 98 initial trees ... 0.369 seconds
Current best score: -2512.958

Do NNI search on 20 best initial trees
Estimate model parameters (epsilon = 0.100)
BETTER TREE FOUND at iteration 1: -2512.714
UPDATE BEST LOG-LIKELIHOOD: -2512.712
Iteration 10 / LogL: -2520.644 / Time: 0h:0m:0s
Iteration 20 / LogL: -2517.695 / Time: 0h:0m:1s
Finish initializing candidate tree set (8)
Current best tree score: -2512.712 / CPU time: 1.293
Number of iterations: 20
--------------------------------------------------------------------
|               OPTIMIZING CANDIDATE TREE SET                      |
--------------------------------------------------------------------
UPDATE BEST LOG-LIKELIHOOD: -2512.712
UPDATE BEST LOG-LIKELIHOOD: -2512.712
Iteration 30 / LogL: -2512.712 / Time: 0h:0m:1s (0h:0m:4s left)
Iteration 40 / LogL: -2514.520 / Time: 0h:0m:2s (0h:0m:3s left)
UPDATE BEST LOG-LIKELIHOOD: -2512.712
Iteration 50 / LogL: -2512.712 / Time: 0h:0m:2s (0h:0m:2s left)
Iteration 60 / LogL: -2514.520 / Time: 0h:0m:3s (0h:0m:2s left)
Iteration 70 / LogL: -2512.712 / Time: 0h:0m:3s (0h:0m:1s left)
Iteration 80 / LogL: -2512.811 / Time: 0h:0m:4s (0h:0m:1s left)
Iteration 90 / LogL: -2512.712 / Time: 0h:0m:5s (0h:0m:0s left)
Iteration 100 / LogL: -2512.811 / Time: 0h:0m:5s (0h:0m:0s left)
TREE SEARCH COMPLETED AFTER 102 ITERATIONS / Time: 0h:0m:5s

--------------------------------------------------------------------
|                    FINALIZING TREE SEARCH                        |
--------------------------------------------------------------------
Performs final model parameters optimization
Estimate model parameters (epsilon = 0.010)
1. Initial log-likelihood: -2512.712
Optimal log-likelihood: -2512.711
Gamma shape alpha: 1.264
Parameters optimization took 1 rounds (0.007 sec)
BEST SCORE FOUND : -2512.711
Total tree length: 7.722

Total number of iterations: 102
CPU time used for tree search: 5.512 sec (0h:0m:5s)
Wall-clock time used for tree search: 5.603 sec (0h:0m:5s)
Total CPU time used: 5.605 sec (0h:0m:5s)
Total wall-clock time used: 5.719 sec (0h:0m:5s)

===> START BOOTSTRAP REPLICATE NUMBER 74

Creating bootstrap alignment (seed: 763047)...
WARNING: States(s) E, I, K, M, W, Y rarely appear in alignment and may cause numerical problems

Create initial parsimony tree by phylogenetic likelihood library (PLL)... 0.001 seconds
Reading model parameters from file /Users/mful870/Desktop/MD_3di_Dev_02Oct24/Scriptorum/SubstitutionMatrix/3di_substmat

NOTE: 0 MB RAM (0 GB) is required!
Estimate model parameters (epsilon = 0.100)
1. Initial log-likelihood: -2600.387
2. Current log-likelihood: -2558.717
3. Current log-likelihood: -2557.715
Optimal log-likelihood: -2557.693
Gamma shape alpha: 2.739
Parameters optimization took 3 rounds (0.034 sec)
Computing ML distances based on estimated model parameters... 0.038 sec
Computing BIONJ tree...
0.010 seconds
Log-likelihood of BIONJ tree: -2537.943
--------------------------------------------------------------------
|             INITIALIZING CANDIDATE TREE SET                      |
--------------------------------------------------------------------
Generating 98 parsimony trees... 0.088 second
Computing log-likelihood of 98 initial trees ... 0.369 seconds
Current best score: -2537.943

Do NNI search on 20 best initial trees
Estimate model parameters (epsilon = 0.100)
BETTER TREE FOUND at iteration 1: -2534.751
Estimate model parameters (epsilon = 0.100)
BETTER TREE FOUND at iteration 2: -2532.710
Estimate model parameters (epsilon = 0.100)
BETTER TREE FOUND at iteration 3: -2529.205
Iteration 10 / LogL: -2534.634 / Time: 0h:0m:0s
Iteration 20 / LogL: -2532.924 / Time: 0h:0m:1s
Finish initializing candidate tree set (8)
Current best tree score: -2529.205 / CPU time: 1.130
Number of iterations: 20
--------------------------------------------------------------------
|               OPTIMIZING CANDIDATE TREE SET                      |
--------------------------------------------------------------------
Iteration 30 / LogL: -2529.318 / Time: 0h:0m:1s (0h:0m:3s left)
Iteration 40 / LogL: -2529.451 / Time: 0h:0m:1s (0h:0m:3s left)
Iteration 50 / LogL: -2529.242 / Time: 0h:0m:2s (0h:0m:2s left)
Iteration 60 / LogL: -2534.634 / Time: 0h:0m:2s (0h:0m:1s left)
Iteration 70 / LogL: -2529.227 / Time: 0h:0m:2s (0h:0m:1s left)
Iteration 80 / LogL: -2534.634 / Time: 0h:0m:3s (0h:0m:0s left)
Iteration 90 / LogL: -2529.245 / Time: 0h:0m:3s (0h:0m:0s left)
Iteration 100 / LogL: -2529.316 / Time: 0h:0m:3s (0h:0m:0s left)
TREE SEARCH COMPLETED AFTER 104 ITERATIONS / Time: 0h:0m:4s

--------------------------------------------------------------------
|                    FINALIZING TREE SEARCH                        |
--------------------------------------------------------------------
Performs final model parameters optimization
Estimate model parameters (epsilon = 0.010)
1. Initial log-likelihood: -2529.205
Optimal log-likelihood: -2529.205
Gamma shape alpha: 3.990
Parameters optimization took 1 rounds (0.005 sec)
BEST SCORE FOUND : -2529.205
Total tree length: 6.098

Total number of iterations: 104
CPU time used for tree search: 3.868 sec (0h:0m:3s)
Wall-clock time used for tree search: 3.921 sec (0h:0m:3s)
Total CPU time used: 3.963 sec (0h:0m:3s)
Total wall-clock time used: 4.039 sec (0h:0m:4s)

===> START BOOTSTRAP REPLICATE NUMBER 75

Creating bootstrap alignment (seed: 763048)...
WARNING: States(s) E, I, K, M, W rarely appear in alignment and may cause numerical problems

Create initial parsimony tree by phylogenetic likelihood library (PLL)... 0.001 seconds
Reading model parameters from file /Users/mful870/Desktop/MD_3di_Dev_02Oct24/Scriptorum/SubstitutionMatrix/3di_substmat

NOTE: 1 MB RAM (0 GB) is required!
Estimate model parameters (epsilon = 0.100)
1. Initial log-likelihood: -2641.714
2. Current log-likelihood: -2600.229
3. Current log-likelihood: -2598.863
Optimal log-likelihood: -2598.832
Gamma shape alpha: 1.288
Parameters optimization took 3 rounds (0.036 sec)
Computing ML distances based on estimated model parameters... 0.047 sec
Computing BIONJ tree...
0.010 seconds
Log-likelihood of BIONJ tree: -2592.781
--------------------------------------------------------------------
|             INITIALIZING CANDIDATE TREE SET                      |
--------------------------------------------------------------------
Generating 98 parsimony trees... 0.072 second
Computing log-likelihood of 98 initial trees ... 0.388 seconds
Current best score: -2585.422

Do NNI search on 20 best initial trees
Estimate model parameters (epsilon = 0.100)
BETTER TREE FOUND at iteration 1: -2574.642
Iteration 10 / LogL: -2575.772 / Time: 0h:0m:1s
Iteration 20 / LogL: -2574.652 / Time: 0h:0m:1s
Finish initializing candidate tree set (8)
Current best tree score: -2574.642 / CPU time: 1.443
Number of iterations: 20
--------------------------------------------------------------------
|               OPTIMIZING CANDIDATE TREE SET                      |
--------------------------------------------------------------------
BETTER TREE FOUND at iteration 22: -2574.639
Iteration 30 / LogL: -2574.641 / Time: 0h:0m:1s (0h:0m:6s left)
Iteration 40 / LogL: -2575.088 / Time: 0h:0m:2s (0h:0m:4s left)
UPDATE BEST LOG-LIKELIHOOD: -2574.639
Iteration 50 / LogL: -2575.087 / Time: 0h:0m:2s (0h:0m:4s left)
Iteration 60 / LogL: -2575.087 / Time: 0h:0m:3s (0h:0m:3s left)
Iteration 70 / LogL: -2574.639 / Time: 0h:0m:3s (0h:0m:2s left)
Iteration 80 / LogL: -2575.087 / Time: 0h:0m:4s (0h:0m:2s left)
Iteration 90 / LogL: -2575.446 / Time: 0h:0m:4s (0h:0m:1s left)
Iteration 100 / LogL: -2575.090 / Time: 0h:0m:4s (0h:0m:1s left)
Iteration 110 / LogL: -2574.640 / Time: 0h:0m:5s (0h:0m:0s left)
Iteration 120 / LogL: -2575.256 / Time: 0h:0m:5s (0h:0m:0s left)
TREE SEARCH COMPLETED AFTER 123 ITERATIONS / Time: 0h:0m:5s

--------------------------------------------------------------------
|                    FINALIZING TREE SEARCH                        |
--------------------------------------------------------------------
Performs final model parameters optimization
Estimate model parameters (epsilon = 0.010)
1. Initial log-likelihood: -2574.639
Optimal log-likelihood: -2574.636
Gamma shape alpha: 1.498
Parameters optimization took 1 rounds (0.006 sec)
BEST SCORE FOUND : -2574.636
Total tree length: 7.773

Total number of iterations: 123
CPU time used for tree search: 5.635 sec (0h:0m:5s)
Wall-clock time used for tree search: 5.713 sec (0h:0m:5s)
Total CPU time used: 5.743 sec (0h:0m:5s)
Total wall-clock time used: 5.843 sec (0h:0m:5s)

===> START BOOTSTRAP REPLICATE NUMBER 76

Creating bootstrap alignment (seed: 763049)...
WARNING: States(s) E, I, K, M, W rarely appear in alignment and may cause numerical problems

Create initial parsimony tree by phylogenetic likelihood library (PLL)... 0.001 seconds
Reading model parameters from file /Users/mful870/Desktop/MD_3di_Dev_02Oct24/Scriptorum/SubstitutionMatrix/3di_substmat

NOTE: 1 MB RAM (0 GB) is required!
Estimate model parameters (epsilon = 0.100)
1. Initial log-likelihood: -2703.753
2. Current log-likelihood: -2646.476
3. Current log-likelihood: -2645.566
Optimal log-likelihood: -2645.539
Gamma shape alpha: 2.518
Parameters optimization took 3 rounds (0.030 sec)
Computing ML distances based on estimated model parameters... 0.042 sec
Computing BIONJ tree...
0.010 seconds
Log-likelihood of BIONJ tree: -2630.329
--------------------------------------------------------------------
|             INITIALIZING CANDIDATE TREE SET                      |
--------------------------------------------------------------------
Generating 98 parsimony trees... 0.078 second
Computing log-likelihood of 98 initial trees ... 0.397 seconds
Current best score: -2620.982

Do NNI search on 20 best initial trees
Estimate model parameters (epsilon = 0.100)
BETTER TREE FOUND at iteration 1: -2619.712
Iteration 10 / LogL: -2621.114 / Time: 0h:0m:0s
Iteration 20 / LogL: -2620.164 / Time: 0h:0m:1s
Finish initializing candidate tree set (5)
Current best tree score: -2619.712 / CPU time: 0.938
Number of iterations: 20
--------------------------------------------------------------------
|               OPTIMIZING CANDIDATE TREE SET                      |
--------------------------------------------------------------------
Iteration 30 / LogL: -2619.743 / Time: 0h:0m:1s (0h:0m:3s left)
Iteration 40 / LogL: -2620.923 / Time: 0h:0m:1s (0h:0m:2s left)
Iteration 50 / LogL: -2621.154 / Time: 0h:0m:2s (0h:0m:2s left)
Iteration 60 / LogL: -2620.968 / Time: 0h:0m:2s (0h:0m:1s left)
Iteration 70 / LogL: -2624.980 / Time: 0h:0m:2s (0h:0m:1s left)
Iteration 80 / LogL: -2619.796 / Time: 0h:0m:2s (0h:0m:0s left)
Iteration 90 / LogL: -2619.922 / Time: 0h:0m:3s (0h:0m:0s left)
Iteration 100 / LogL: -2620.043 / Time: 0h:0m:3s (0h:0m:0s left)
TREE SEARCH COMPLETED AFTER 102 ITERATIONS / Time: 0h:0m:3s

--------------------------------------------------------------------
|                    FINALIZING TREE SEARCH                        |
--------------------------------------------------------------------
Performs final model parameters optimization
Estimate model parameters (epsilon = 0.010)
1. Initial log-likelihood: -2619.712
Optimal log-likelihood: -2619.711
Gamma shape alpha: 3.704
Parameters optimization took 1 rounds (0.006 sec)
BEST SCORE FOUND : -2619.711
Total tree length: 6.516

Total number of iterations: 102
CPU time used for tree search: 3.524 sec (0h:0m:3s)
Wall-clock time used for tree search: 3.579 sec (0h:0m:3s)
Total CPU time used: 3.619 sec (0h:0m:3s)
Total wall-clock time used: 3.689 sec (0h:0m:3s)

===> START BOOTSTRAP REPLICATE NUMBER 77

Creating bootstrap alignment (seed: 763050)...
WARNING: States(s) E, I, K, M, Y rarely appear in alignment and may cause numerical problems

Create initial parsimony tree by phylogenetic likelihood library (PLL)... 0.001 seconds
Reading model parameters from file /Users/mful870/Desktop/MD_3di_Dev_02Oct24/Scriptorum/SubstitutionMatrix/3di_substmat

NOTE: 0 MB RAM (0 GB) is required!
Estimate model parameters (epsilon = 0.100)
1. Initial log-likelihood: -2472.947
2. Current log-likelihood: -2433.035
3. Current log-likelihood: -2432.361
Optimal log-likelihood: -2432.334
Gamma shape alpha: 2.187
Parameters optimization took 3 rounds (0.033 sec)
Computing ML distances based on estimated model parameters... 0.041 sec
Computing BIONJ tree...
0.010 seconds
Log-likelihood of BIONJ tree: -2432.563
--------------------------------------------------------------------
|             INITIALIZING CANDIDATE TREE SET                      |
--------------------------------------------------------------------
Generating 98 parsimony trees... 0.076 second
Computing log-likelihood of 98 initial trees ... 0.397 seconds
Current best score: -2427.223

Do NNI search on 20 best initial trees
Estimate model parameters (epsilon = 0.100)
BETTER TREE FOUND at iteration 1: -2418.086
Iteration 10 / LogL: -2424.741 / Time: 0h:0m:1s
Iteration 20 / LogL: -2432.834 / Time: 0h:0m:1s
Finish initializing candidate tree set (7)
Current best tree score: -2418.086 / CPU time: 1.343
Number of iterations: 20
--------------------------------------------------------------------
|               OPTIMIZING CANDIDATE TREE SET                      |
--------------------------------------------------------------------
Iteration 30 / LogL: -2424.245 / Time: 0h:0m:1s (0h:0m:4s left)
Iteration 40 / LogL: -2418.087 / Time: 0h:0m:2s (0h:0m:3s left)
Iteration 50 / LogL: -2418.091 / Time: 0h:0m:2s (0h:0m:2s left)
Iteration 60 / LogL: -2426.844 / Time: 0h:0m:3s (0h:0m:2s left)
Iteration 70 / LogL: -2418.700 / Time: 0h:0m:3s (0h:0m:1s left)
Iteration 80 / LogL: -2424.288 / Time: 0h:0m:3s (0h:0m:1s left)
Iteration 90 / LogL: -2424.246 / Time: 0h:0m:4s (0h:0m:0s left)
Iteration 100 / LogL: -2418.703 / Time: 0h:0m:4s (0h:0m:0s left)
TREE SEARCH COMPLETED AFTER 102 ITERATIONS / Time: 0h:0m:4s

--------------------------------------------------------------------
|                    FINALIZING TREE SEARCH                        |
--------------------------------------------------------------------
Performs final model parameters optimization
Estimate model parameters (epsilon = 0.010)
1. Initial log-likelihood: -2418.086
Optimal log-likelihood: -2418.085
Gamma shape alpha: 2.380
Parameters optimization took 1 rounds (0.005 sec)
BEST SCORE FOUND : -2418.085
Total tree length: 5.833

Total number of iterations: 102
CPU time used for tree search: 4.478 sec (0h:0m:4s)
Wall-clock time used for tree search: 4.586 sec (0h:0m:4s)
Total CPU time used: 4.572 sec (0h:0m:4s)
Total wall-clock time used: 4.704 sec (0h:0m:4s)

===> START BOOTSTRAP REPLICATE NUMBER 78

Creating bootstrap alignment (seed: 763051)...
WARNING: States(s) E, I, K, M, W rarely appear in alignment and may cause numerical problems

Create initial parsimony tree by phylogenetic likelihood library (PLL)... 0.001 seconds
Reading model parameters from file /Users/mful870/Desktop/MD_3di_Dev_02Oct24/Scriptorum/SubstitutionMatrix/3di_substmat

NOTE: 0 MB RAM (0 GB) is required!
Estimate model parameters (epsilon = 0.100)
1. Initial log-likelihood: -2538.486
2. Current log-likelihood: -2509.197
3. Current log-likelihood: -2508.370
Optimal log-likelihood: -2508.331
Gamma shape alpha: 1.838
Parameters optimization took 3 rounds (0.032 sec)
Computing ML distances based on estimated model parameters... 0.044 sec
Computing BIONJ tree...
0.012 seconds
Log-likelihood of BIONJ tree: -2503.284
--------------------------------------------------------------------
|             INITIALIZING CANDIDATE TREE SET                      |
--------------------------------------------------------------------
Generating 98 parsimony trees... 0.085 second
Computing log-likelihood of 98 initial trees ... 0.380 seconds
Current best score: -2500.139

Do NNI search on 20 best initial trees
Estimate model parameters (epsilon = 0.100)
BETTER TREE FOUND at iteration 1: -2499.665
BETTER TREE FOUND at iteration 4: -2499.664
Iteration 10 / LogL: -2506.437 / Time: 0h:0m:0s
UPDATE BEST LOG-LIKELIHOOD: -2499.664
UPDATE BEST LOG-LIKELIHOOD: -2499.664
Iteration 20 / LogL: -2502.399 / Time: 0h:0m:1s
Finish initializing candidate tree set (4)
Current best tree score: -2499.664 / CPU time: 1.147
Number of iterations: 20
--------------------------------------------------------------------
|               OPTIMIZING CANDIDATE TREE SET                      |
--------------------------------------------------------------------
UPDATE BEST LOG-LIKELIHOOD: -2499.664
Iteration 30 / LogL: -2499.665 / Time: 0h:0m:1s (0h:0m:4s left)
Iteration 40 / LogL: -2499.664 / Time: 0h:0m:2s (0h:0m:3s left)
Iteration 50 / LogL: -2499.665 / Time: 0h:0m:2s (0h:0m:2s left)
UPDATE BEST LOG-LIKELIHOOD: -2499.664
Iteration 60 / LogL: -2499.665 / Time: 0h:0m:2s (0h:0m:2s left)
Iteration 70 / LogL: -2499.665 / Time: 0h:0m:3s (0h:0m:1s left)
Iteration 80 / LogL: -2499.664 / Time: 0h:0m:3s (0h:0m:1s left)
Iteration 90 / LogL: -2500.743 / Time: 0h:0m:4s (0h:0m:0s left)
UPDATE BEST LOG-LIKELIHOOD: -2499.664
Iteration 100 / LogL: -2502.428 / Time: 0h:0m:4s (0h:0m:0s left)
TREE SEARCH COMPLETED AFTER 105 ITERATIONS / Time: 0h:0m:4s

--------------------------------------------------------------------
|                    FINALIZING TREE SEARCH                        |
--------------------------------------------------------------------
Performs final model parameters optimization
Estimate model parameters (epsilon = 0.010)
1. Initial log-likelihood: -2499.664
Optimal log-likelihood: -2499.664
Gamma shape alpha: 2.104
Parameters optimization took 1 rounds (0.005 sec)
BEST SCORE FOUND : -2499.664
Total tree length: 5.949

Total number of iterations: 105
CPU time used for tree search: 4.542 sec (0h:0m:4s)
Wall-clock time used for tree search: 4.625 sec (0h:0m:4s)
Total CPU time used: 4.640 sec (0h:0m:4s)
Total wall-clock time used: 4.748 sec (0h:0m:4s)

===> START BOOTSTRAP REPLICATE NUMBER 79

Creating bootstrap alignment (seed: 763052)...
WARNING: States(s) E, I, K, M rarely appear in alignment and may cause numerical problems

Create initial parsimony tree by phylogenetic likelihood library (PLL)... 0.001 seconds
Reading model parameters from file /Users/mful870/Desktop/MD_3di_Dev_02Oct24/Scriptorum/SubstitutionMatrix/3di_substmat

NOTE: 1 MB RAM (0 GB) is required!
Estimate model parameters (epsilon = 0.100)
1. Initial log-likelihood: -2555.888
2. Current log-likelihood: -2504.237
3. Current log-likelihood: -2503.567
Optimal log-likelihood: -2503.555
Gamma shape alpha: 4.248
Parameters optimization took 3 rounds (0.036 sec)
Computing ML distances based on estimated model parameters... 0.039 sec
Computing BIONJ tree...
0.010 seconds
Log-likelihood of BIONJ tree: -2483.885
--------------------------------------------------------------------
|             INITIALIZING CANDIDATE TREE SET                      |
--------------------------------------------------------------------
Generating 98 parsimony trees... 0.082 second
Computing log-likelihood of 98 initial trees ... 0.415 seconds
Current best score: -2483.885

Do NNI search on 20 best initial trees
Estimate model parameters (epsilon = 0.100)
BETTER TREE FOUND at iteration 1: -2479.677
Iteration 10 / LogL: -2479.694 / Time: 0h:0m:0s
Iteration 20 / LogL: -2479.731 / Time: 0h:0m:1s
Finish initializing candidate tree set (2)
Current best tree score: -2479.677 / CPU time: 1.367
Number of iterations: 20
--------------------------------------------------------------------
|               OPTIMIZING CANDIDATE TREE SET                      |
--------------------------------------------------------------------
Iteration 30 / LogL: -2486.729 / Time: 0h:0m:1s (0h:0m:4s left)
Iteration 40 / LogL: -2479.701 / Time: 0h:0m:2s (0h:0m:3s left)
Iteration 50 / LogL: -2479.743 / Time: 0h:0m:2s (0h:0m:2s left)
UPDATE BEST LOG-LIKELIHOOD: -2479.677
Iteration 60 / LogL: -2479.677 / Time: 0h:0m:3s (0h:0m:2s left)
Iteration 70 / LogL: -2479.747 / Time: 0h:0m:3s (0h:0m:1s left)
Iteration 80 / LogL: -2479.748 / Time: 0h:0m:3s (0h:0m:1s left)
Iteration 90 / LogL: -2485.267 / Time: 0h:0m:4s (0h:0m:0s left)
Iteration 100 / LogL: -2479.701 / Time: 0h:0m:4s (0h:0m:0s left)
TREE SEARCH COMPLETED AFTER 102 ITERATIONS / Time: 0h:0m:4s

--------------------------------------------------------------------
|                    FINALIZING TREE SEARCH                        |
--------------------------------------------------------------------
Performs final model parameters optimization
Estimate model parameters (epsilon = 0.010)
1. Initial log-likelihood: -2479.677
Optimal log-likelihood: -2479.676
Gamma shape alpha: 4.567
Parameters optimization took 1 rounds (0.006 sec)
BEST SCORE FOUND : -2479.676
Total tree length: 6.029

Total number of iterations: 102
CPU time used for tree search: 4.423 sec (0h:0m:4s)
Wall-clock time used for tree search: 4.507 sec (0h:0m:4s)
Total CPU time used: 4.520 sec (0h:0m:4s)
Total wall-clock time used: 4.627 sec (0h:0m:4s)

===> START BOOTSTRAP REPLICATE NUMBER 80

Creating bootstrap alignment (seed: 763053)...
WARNING: States(s) E, I, K, M, W rarely appear in alignment and may cause numerical problems

Create initial parsimony tree by phylogenetic likelihood library (PLL)... 0.001 seconds
Reading model parameters from file /Users/mful870/Desktop/MD_3di_Dev_02Oct24/Scriptorum/SubstitutionMatrix/3di_substmat

NOTE: 0 MB RAM (0 GB) is required!
Estimate model parameters (epsilon = 0.100)
1. Initial log-likelihood: -2587.169
2. Current log-likelihood: -2553.589
3. Current log-likelihood: -2553.207
Optimal log-likelihood: -2553.200
Gamma shape alpha: 1.902
Parameters optimization took 3 rounds (0.028 sec)
Computing ML distances based on estimated model parameters... 0.040 sec
Computing BIONJ tree...
0.010 seconds
Log-likelihood of BIONJ tree: -2559.985
--------------------------------------------------------------------
|             INITIALIZING CANDIDATE TREE SET                      |
--------------------------------------------------------------------
Generating 98 parsimony trees... 0.083 second
Computing log-likelihood of 98 initial trees ... 0.381 seconds
Current best score: -2553.200

Do NNI search on 20 best initial trees
Estimate model parameters (epsilon = 0.100)
BETTER TREE FOUND at iteration 1: -2552.138
Estimate model parameters (epsilon = 0.100)
BETTER TREE FOUND at iteration 2: -2550.591
Iteration 10 / LogL: -2552.153 / Time: 0h:0m:0s
Estimate model parameters (epsilon = 0.100)
BETTER TREE FOUND at iteration 20: -2550.381
Iteration 20 / LogL: -2550.381 / Time: 0h:0m:1s
Finish initializing candidate tree set (5)
Current best tree score: -2550.381 / CPU time: 1.058
Number of iterations: 20
--------------------------------------------------------------------
|               OPTIMIZING CANDIDATE TREE SET                      |
--------------------------------------------------------------------
Iteration 30 / LogL: -2558.276 / Time: 0h:0m:1s (0h:0m:4s left)
Iteration 40 / LogL: -2558.339 / Time: 0h:0m:1s (0h:0m:3s left)
Iteration 50 / LogL: -2552.159 / Time: 0h:0m:2s (0h:0m:3s left)
UPDATE BEST LOG-LIKELIHOOD: -2550.380
Iteration 60 / LogL: -2558.289 / Time: 0h:0m:2s (0h:0m:2s left)
Iteration 70 / LogL: -2550.787 / Time: 0h:0m:2s (0h:0m:1s left)
Iteration 80 / LogL: -2552.157 / Time: 0h:0m:3s (0h:0m:1s left)
Iteration 90 / LogL: -2552.321 / Time: 0h:0m:3s (0h:0m:1s left)
Iteration 100 / LogL: -2550.404 / Time: 0h:0m:3s (0h:0m:0s left)
Iteration 110 / LogL: -2555.037 / Time: 0h:0m:4s (0h:0m:0s left)
Iteration 120 / LogL: -2550.631 / Time: 0h:0m:4s (0h:0m:0s left)
TREE SEARCH COMPLETED AFTER 121 ITERATIONS / Time: 0h:0m:4s

--------------------------------------------------------------------
|                    FINALIZING TREE SEARCH                        |
--------------------------------------------------------------------
Performs final model parameters optimization
Estimate model parameters (epsilon = 0.010)
1. Initial log-likelihood: -2550.380
Optimal log-likelihood: -2550.380
Gamma shape alpha: 1.784
Parameters optimization took 1 rounds (0.006 sec)
BEST SCORE FOUND : -2550.380
Total tree length: 6.379

Total number of iterations: 121
CPU time used for tree search: 4.420 sec (0h:0m:4s)
Wall-clock time used for tree search: 4.493 sec (0h:0m:4s)
Total CPU time used: 4.515 sec (0h:0m:4s)
Total wall-clock time used: 4.612 sec (0h:0m:4s)

===> START BOOTSTRAP REPLICATE NUMBER 81

Creating bootstrap alignment (seed: 763054)...
WARNING: States(s) E, I, K, M, W rarely appear in alignment and may cause numerical problems

Create initial parsimony tree by phylogenetic likelihood library (PLL)... 0.001 seconds
Reading model parameters from file /Users/mful870/Desktop/MD_3di_Dev_02Oct24/Scriptorum/SubstitutionMatrix/3di_substmat

NOTE: 0 MB RAM (0 GB) is required!
Estimate model parameters (epsilon = 0.100)
1. Initial log-likelihood: -2760.095
2. Current log-likelihood: -2715.191
3. Current log-likelihood: -2714.814
Optimal log-likelihood: -2714.799
Gamma shape alpha: 2.114
Parameters optimization took 3 rounds (0.035 sec)
Computing ML distances based on estimated model parameters... 0.044 sec
Computing BIONJ tree...
0.011 seconds
Log-likelihood of BIONJ tree: -2708.285
--------------------------------------------------------------------
|             INITIALIZING CANDIDATE TREE SET                      |
--------------------------------------------------------------------
Generating 98 parsimony trees... 0.082 second
Computing log-likelihood of 98 initial trees ... 0.448 seconds
Current best score: -2706.464

Do NNI search on 20 best initial trees
Estimate model parameters (epsilon = 0.100)
BETTER TREE FOUND at iteration 1: -2705.473
Estimate model parameters (epsilon = 0.100)
BETTER TREE FOUND at iteration 2: -2704.096
Iteration 10 / LogL: -2704.125 / Time: 0h:0m:0s
Iteration 20 / LogL: -2704.185 / Time: 0h:0m:1s
Finish initializing candidate tree set (2)
Current best tree score: -2704.096 / CPU time: 1.180
Number of iterations: 20
--------------------------------------------------------------------
|               OPTIMIZING CANDIDATE TREE SET                      |
--------------------------------------------------------------------
Iteration 30 / LogL: -2705.609 / Time: 0h:0m:1s (0h:0m:3s left)
Iteration 40 / LogL: -2704.129 / Time: 0h:0m:1s (0h:0m:3s left)
UPDATE BEST LOG-LIKELIHOOD: -2704.094
Iteration 50 / LogL: -2704.860 / Time: 0h:0m:2s (0h:0m:2s left)
Iteration 60 / LogL: -2705.642 / Time: 0h:0m:2s (0h:0m:1s left)
Iteration 70 / LogL: -2706.124 / Time: 0h:0m:2s (0h:0m:1s left)
Iteration 80 / LogL: -2705.524 / Time: 0h:0m:3s (0h:0m:0s left)
Iteration 90 / LogL: -2704.220 / Time: 0h:0m:3s (0h:0m:0s left)
Iteration 100 / LogL: -2705.591 / Time: 0h:0m:3s (0h:0m:0s left)
TREE SEARCH COMPLETED AFTER 103 ITERATIONS / Time: 0h:0m:3s

--------------------------------------------------------------------
|                    FINALIZING TREE SEARCH                        |
--------------------------------------------------------------------
Performs final model parameters optimization
Estimate model parameters (epsilon = 0.010)
1. Initial log-likelihood: -2704.094
Optimal log-likelihood: -2704.093
Gamma shape alpha: 2.068
Parameters optimization took 1 rounds (0.008 sec)
BEST SCORE FOUND : -2704.093
Total tree length: 7.168

Total number of iterations: 103
CPU time used for tree search: 3.642 sec (0h:0m:3s)
Wall-clock time used for tree search: 3.714 sec (0h:0m:3s)
Total CPU time used: 3.746 sec (0h:0m:3s)
Total wall-clock time used: 3.844 sec (0h:0m:3s)

===> START BOOTSTRAP REPLICATE NUMBER 82

Creating bootstrap alignment (seed: 763055)...
WARNING: States(s) E, I, K, M rarely appear in alignment and may cause numerical problems

Create initial parsimony tree by phylogenetic likelihood library (PLL)... 0.001 seconds
Reading model parameters from file /Users/mful870/Desktop/MD_3di_Dev_02Oct24/Scriptorum/SubstitutionMatrix/3di_substmat

NOTE: 0 MB RAM (0 GB) is required!
Estimate model parameters (epsilon = 0.100)
1. Initial log-likelihood: -2463.353
2. Current log-likelihood: -2434.344
3. Current log-likelihood: -2433.868
Optimal log-likelihood: -2433.852
Gamma shape alpha: 1.854
Parameters optimization took 3 rounds (0.037 sec)
Computing ML distances based on estimated model parameters... 0.039 sec
Computing BIONJ tree...
0.011 seconds
Log-likelihood of BIONJ tree: -2433.991
--------------------------------------------------------------------
|             INITIALIZING CANDIDATE TREE SET                      |
--------------------------------------------------------------------
Generating 98 parsimony trees... 0.071 second
Computing log-likelihood of 98 initial trees ... 0.371 seconds
Current best score: -2433.241

Do NNI search on 20 best initial trees
Estimate model parameters (epsilon = 0.100)
BETTER TREE FOUND at iteration 1: -2432.441
Iteration 10 / LogL: -2436.252 / Time: 0h:0m:0s
Iteration 20 / LogL: -2432.455 / Time: 0h:0m:1s
Finish initializing candidate tree set (4)
Current best tree score: -2432.441 / CPU time: 0.929
Number of iterations: 20
--------------------------------------------------------------------
|               OPTIMIZING CANDIDATE TREE SET                      |
--------------------------------------------------------------------
Iteration 30 / LogL: -2434.494 / Time: 0h:0m:1s (0h:0m:3s left)
Iteration 40 / LogL: -2432.456 / Time: 0h:0m:1s (0h:0m:2s left)
Iteration 50 / LogL: -2436.081 / Time: 0h:0m:2s (0h:0m:2s left)
Iteration 60 / LogL: -2432.481 / Time: 0h:0m:2s (0h:0m:1s left)
Iteration 70 / LogL: -2432.456 / Time: 0h:0m:2s (0h:0m:1s left)
Iteration 80 / LogL: -2443.500 / Time: 0h:0m:3s (0h:0m:0s left)
Iteration 90 / LogL: -2432.474 / Time: 0h:0m:3s (0h:0m:0s left)
Iteration 100 / LogL: -2441.450 / Time: 0h:0m:3s (0h:0m:0s left)
TREE SEARCH COMPLETED AFTER 102 ITERATIONS / Time: 0h:0m:3s

--------------------------------------------------------------------
|                    FINALIZING TREE SEARCH                        |
--------------------------------------------------------------------
Performs final model parameters optimization
Estimate model parameters (epsilon = 0.010)
1. Initial log-likelihood: -2432.441
Optimal log-likelihood: -2432.441
Gamma shape alpha: 1.859
Parameters optimization took 1 rounds (0.007 sec)
BEST SCORE FOUND : -2432.441
Total tree length: 5.673

Total number of iterations: 102
CPU time used for tree search: 3.605 sec (0h:0m:3s)
Wall-clock time used for tree search: 3.675 sec (0h:0m:3s)
Total CPU time used: 3.702 sec (0h:0m:3s)
Total wall-clock time used: 3.797 sec (0h:0m:3s)

===> START BOOTSTRAP REPLICATE NUMBER 83

Creating bootstrap alignment (seed: 763056)...
WARNING: States(s) E, I, K, M rarely appear in alignment and may cause numerical problems

Create initial parsimony tree by phylogenetic likelihood library (PLL)... 0.001 seconds
Reading model parameters from file /Users/mful870/Desktop/MD_3di_Dev_02Oct24/Scriptorum/SubstitutionMatrix/3di_substmat

NOTE: 0 MB RAM (0 GB) is required!
Estimate model parameters (epsilon = 0.100)
1. Initial log-likelihood: -2513.005
2. Current log-likelihood: -2472.055
3. Current log-likelihood: -2471.196
Optimal log-likelihood: -2471.186
Gamma shape alpha: 2.038
Parameters optimization took 3 rounds (0.038 sec)
Computing ML distances based on estimated model parameters... 0.044 sec
Computing BIONJ tree...
0.012 seconds
Log-likelihood of BIONJ tree: -2458.195
--------------------------------------------------------------------
|             INITIALIZING CANDIDATE TREE SET                      |
--------------------------------------------------------------------
Generating 98 parsimony trees... 0.084 second
Computing log-likelihood of 98 initial trees ... 0.463 seconds
Current best score: -2457.655

Do NNI search on 20 best initial trees
Estimate model parameters (epsilon = 0.100)
BETTER TREE FOUND at iteration 1: -2455.988
Iteration 10 / LogL: -2458.564 / Time: 0h:0m:0s
Iteration 20 / LogL: -2459.144 / Time: 0h:0m:1s
Finish initializing candidate tree set (9)
Current best tree score: -2455.988 / CPU time: 1.136
Number of iterations: 20
--------------------------------------------------------------------
|               OPTIMIZING CANDIDATE TREE SET                      |
--------------------------------------------------------------------
Iteration 30 / LogL: -2459.115 / Time: 0h:0m:1s (0h:0m:3s left)
Iteration 40 / LogL: -2456.250 / Time: 0h:0m:1s (0h:0m:2s left)
Iteration 50 / LogL: -2458.934 / Time: 0h:0m:2s (0h:0m:2s left)
Iteration 60 / LogL: -2456.251 / Time: 0h:0m:2s (0h:0m:1s left)
UPDATE BEST LOG-LIKELIHOOD: -2455.988
Iteration 70 / LogL: -2456.421 / Time: 0h:0m:3s (0h:0m:1s left)
Iteration 80 / LogL: -2456.321 / Time: 0h:0m:3s (0h:0m:0s left)
Iteration 90 / LogL: -2456.245 / Time: 0h:0m:3s (0h:0m:0s left)
UPDATE BEST LOG-LIKELIHOOD: -2455.986
Iteration 100 / LogL: -2456.475 / Time: 0h:0m:4s (0h:0m:0s left)
TREE SEARCH COMPLETED AFTER 102 ITERATIONS / Time: 0h:0m:4s

--------------------------------------------------------------------
|                    FINALIZING TREE SEARCH                        |
--------------------------------------------------------------------
Performs final model parameters optimization
Estimate model parameters (epsilon = 0.010)
1. Initial log-likelihood: -2455.986
Optimal log-likelihood: -2455.985
Gamma shape alpha: 2.194
Parameters optimization took 1 rounds (0.008 sec)
BEST SCORE FOUND : -2455.985
Total tree length: 6.259

Total number of iterations: 102
CPU time used for tree search: 3.911 sec (0h:0m:3s)
Wall-clock time used for tree search: 4.019 sec (0h:0m:4s)
Total CPU time used: 4.015 sec (0h:0m:4s)
Total wall-clock time used: 4.151 sec (0h:0m:4s)

===> START BOOTSTRAP REPLICATE NUMBER 84

Creating bootstrap alignment (seed: 763057)...
WARNING: States(s) E, I, K, M rarely appear in alignment and may cause numerical problems

Create initial parsimony tree by phylogenetic likelihood library (PLL)... 0.001 seconds
Reading model parameters from file /Users/mful870/Desktop/MD_3di_Dev_02Oct24/Scriptorum/SubstitutionMatrix/3di_substmat

NOTE: 1 MB RAM (0 GB) is required!
Estimate model parameters (epsilon = 0.100)
1. Initial log-likelihood: -2731.368
2. Current log-likelihood: -2684.456
3. Current log-likelihood: -2683.579
Optimal log-likelihood: -2683.563
Gamma shape alpha: 2.232
Parameters optimization took 3 rounds (0.037 sec)
Computing ML distances based on estimated model parameters... 0.040 sec
Computing BIONJ tree...
0.011 seconds
Log-likelihood of BIONJ tree: -2675.184
--------------------------------------------------------------------
|             INITIALIZING CANDIDATE TREE SET                      |
--------------------------------------------------------------------
Generating 98 parsimony trees... 0.084 second
Computing log-likelihood of 98 initial trees ... 0.420 seconds
Current best score: -2675.184

Do NNI search on 20 best initial trees
Estimate model parameters (epsilon = 0.100)
BETTER TREE FOUND at iteration 1: -2671.730
Iteration 10 / LogL: -2677.289 / Time: 0h:0m:0s
Iteration 20 / LogL: -2674.346 / Time: 0h:0m:1s
Finish initializing candidate tree set (4)
Current best tree score: -2671.730 / CPU time: 1.175
Number of iterations: 20
--------------------------------------------------------------------
|               OPTIMIZING CANDIDATE TREE SET                      |
--------------------------------------------------------------------
Iteration 30 / LogL: -2671.780 / Time: 0h:0m:1s (0h:0m:4s left)
Estimate model parameters (epsilon = 0.100)
BETTER TREE FOUND at iteration 36: -2670.827
Iteration 40 / LogL: -2671.759 / Time: 0h:0m:2s (0h:0m:5s left)
UPDATE BEST LOG-LIKELIHOOD: -2670.825
UPDATE BEST LOG-LIKELIHOOD: -2670.825
Iteration 50 / LogL: -2671.804 / Time: 0h:0m:2s (0h:0m:4s left)
UPDATE BEST LOG-LIKELIHOOD: -2670.825
Iteration 60 / LogL: -2671.870 / Time: 0h:0m:2s (0h:0m:3s left)
Iteration 70 / LogL: -2670.827 / Time: 0h:0m:3s (0h:0m:3s left)
Iteration 80 / LogL: -2671.820 / Time: 0h:0m:3s (0h:0m:2s left)
Iteration 90 / LogL: -2671.875 / Time: 0h:0m:3s (0h:0m:2s left)
Iteration 100 / LogL: -2670.826 / Time: 0h:0m:4s (0h:0m:1s left)
Iteration 110 / LogL: -2671.837 / Time: 0h:0m:4s (0h:0m:1s left)
Iteration 120 / LogL: -2671.727 / Time: 0h:0m:5s (0h:0m:0s left)
Iteration 130 / LogL: -2674.268 / Time: 0h:0m:5s (0h:0m:0s left)
TREE SEARCH COMPLETED AFTER 137 ITERATIONS / Time: 0h:0m:5s

--------------------------------------------------------------------
|                    FINALIZING TREE SEARCH                        |
--------------------------------------------------------------------
Performs final model parameters optimization
Estimate model parameters (epsilon = 0.010)
1. Initial log-likelihood: -2670.825
Optimal log-likelihood: -2670.822
Gamma shape alpha: 2.054
Parameters optimization took 1 rounds (0.008 sec)
BEST SCORE FOUND : -2670.822
Total tree length: 7.654

Total number of iterations: 137
CPU time used for tree search: 5.575 sec (0h:0m:5s)
Wall-clock time used for tree search: 5.670 sec (0h:0m:5s)
Total CPU time used: 5.679 sec (0h:0m:5s)
Total wall-clock time used: 5.798 sec (0h:0m:5s)

===> START BOOTSTRAP REPLICATE NUMBER 85

Creating bootstrap alignment (seed: 763058)...
WARNING: States(s) E, I, K, M, W, Y rarely appear in alignment and may cause numerical problems

Create initial parsimony tree by phylogenetic likelihood library (PLL)... 0.001 seconds
Reading model parameters from file /Users/mful870/Desktop/MD_3di_Dev_02Oct24/Scriptorum/SubstitutionMatrix/3di_substmat

NOTE: 1 MB RAM (0 GB) is required!
Estimate model parameters (epsilon = 0.100)
1. Initial log-likelihood: -2539.035
2. Current log-likelihood: -2488.372
3. Current log-likelihood: -2485.153
Optimal log-likelihood: -2485.058
Gamma shape alpha: 3.767
Parameters optimization took 3 rounds (0.048 sec)
Computing ML distances based on estimated model parameters... 0.037 sec
Computing BIONJ tree...
0.011 seconds
Log-likelihood of BIONJ tree: -2488.239
--------------------------------------------------------------------
|             INITIALIZING CANDIDATE TREE SET                      |
--------------------------------------------------------------------
Generating 98 parsimony trees... 0.076 second
Computing log-likelihood of 98 initial trees ... 0.440 seconds
Current best score: -2484.827

Do NNI search on 20 best initial trees
Estimate model parameters (epsilon = 0.100)
BETTER TREE FOUND at iteration 1: -2483.966
Iteration 10 / LogL: -2487.095 / Time: 0h:0m:0s
Iteration 20 / LogL: -2483.967 / Time: 0h:0m:1s
Finish initializing candidate tree set (7)
Current best tree score: -2483.966 / CPU time: 1.219
Number of iterations: 20
--------------------------------------------------------------------
|               OPTIMIZING CANDIDATE TREE SET                      |
--------------------------------------------------------------------
Iteration 30 / LogL: -2484.007 / Time: 0h:0m:1s (0h:0m:4s left)
Iteration 40 / LogL: -2484.006 / Time: 0h:0m:2s (0h:0m:3s left)
Iteration 50 / LogL: -2484.057 / Time: 0h:0m:2s (0h:0m:2s left)
Iteration 60 / LogL: -2484.085 / Time: 0h:0m:2s (0h:0m:1s left)
Iteration 70 / LogL: -2484.320 / Time: 0h:0m:3s (0h:0m:1s left)
Iteration 80 / LogL: -2484.126 / Time: 0h:0m:3s (0h:0m:0s left)
Iteration 90 / LogL: -2484.295 / Time: 0h:0m:3s (0h:0m:0s left)
Iteration 100 / LogL: -2484.218 / Time: 0h:0m:4s (0h:0m:0s left)
TREE SEARCH COMPLETED AFTER 102 ITERATIONS / Time: 0h:0m:4s

--------------------------------------------------------------------
|                    FINALIZING TREE SEARCH                        |
--------------------------------------------------------------------
Performs final model parameters optimization
Estimate model parameters (epsilon = 0.010)
1. Initial log-likelihood: -2483.966
Optimal log-likelihood: -2483.965
Gamma shape alpha: 3.849
Parameters optimization took 1 rounds (0.007 sec)
BEST SCORE FOUND : -2483.965
Total tree length: 6.177

Total number of iterations: 102
CPU time used for tree search: 4.189 sec (0h:0m:4s)
Wall-clock time used for tree search: 4.260 sec (0h:0m:4s)
Total CPU time used: 4.300 sec (0h:0m:4s)
Total wall-clock time used: 4.390 sec (0h:0m:4s)

===> START BOOTSTRAP REPLICATE NUMBER 86

Creating bootstrap alignment (seed: 763059)...
WARNING: States(s) E, I, K, M rarely appear in alignment and may cause numerical problems

Create initial parsimony tree by phylogenetic likelihood library (PLL)... 0.001 seconds
Reading model parameters from file /Users/mful870/Desktop/MD_3di_Dev_02Oct24/Scriptorum/SubstitutionMatrix/3di_substmat

NOTE: 0 MB RAM (0 GB) is required!
Estimate model parameters (epsilon = 0.100)
1. Initial log-likelihood: -2648.941
2. Current log-likelihood: -2602.041
3. Current log-likelihood: -2601.406
Optimal log-likelihood: -2601.369
Gamma shape alpha: 2.137
Parameters optimization took 3 rounds (0.047 sec)
Computing ML distances based on estimated model parameters... 0.046 sec
Computing BIONJ tree...
0.016 seconds
Log-likelihood of BIONJ tree: -2590.472
--------------------------------------------------------------------
|             INITIALIZING CANDIDATE TREE SET                      |
--------------------------------------------------------------------
Generating 98 parsimony trees... 0.112 second
Computing log-likelihood of 97 initial trees ... 0.471 seconds
Current best score: -2590.070

Do NNI search on 20 best initial trees
Estimate model parameters (epsilon = 0.100)
BETTER TREE FOUND at iteration 1: -2589.411
Estimate model parameters (epsilon = 0.100)
BETTER TREE FOUND at iteration 2: -2586.802
Iteration 10 / LogL: -2589.620 / Time: 0h:0m:1s
UPDATE BEST LOG-LIKELIHOOD: -2586.801
UPDATE BEST LOG-LIKELIHOOD: -2586.801
Iteration 20 / LogL: -2600.644 / Time: 0h:0m:1s
Finish initializing candidate tree set (9)
Current best tree score: -2586.801 / CPU time: 1.446
Number of iterations: 20
--------------------------------------------------------------------
|               OPTIMIZING CANDIDATE TREE SET                      |
--------------------------------------------------------------------
Iteration 30 / LogL: -2589.572 / Time: 0h:0m:1s (0h:0m:4s left)
UPDATE BEST LOG-LIKELIHOOD: -2586.801
Iteration 40 / LogL: -2589.609 / Time: 0h:0m:2s (0h:0m:3s left)
Iteration 50 / LogL: -2589.699 / Time: 0h:0m:2s (0h:0m:2s left)
Iteration 60 / LogL: -2590.368 / Time: 0h:0m:3s (0h:0m:2s left)
Estimate model parameters (epsilon = 0.100)
BETTER TREE FOUND at iteration 70: -2586.487
Iteration 70 / LogL: -2586.487 / Time: 0h:0m:3s (0h:0m:5s left)
BETTER TREE FOUND at iteration 72: -2586.487
Iteration 80 / LogL: -2586.827 / Time: 0h:0m:4s (0h:0m:4s left)
UPDATE BEST LOG-LIKELIHOOD: -2586.487
Iteration 90 / LogL: -2586.827 / Time: 0h:0m:4s (0h:0m:4s left)
Iteration 100 / LogL: -2586.827 / Time: 0h:0m:4s (0h:0m:3s left)
Iteration 110 / LogL: -2589.507 / Time: 0h:0m:5s (0h:0m:3s left)
UPDATE BEST LOG-LIKELIHOOD: -2586.487
Iteration 120 / LogL: -2586.487 / Time: 0h:0m:5s (0h:0m:2s left)
Iteration 130 / LogL: -2586.830 / Time: 0h:0m:6s (0h:0m:1s left)
UPDATE BEST LOG-LIKELIHOOD: -2586.487
Iteration 140 / LogL: -2586.487 / Time: 0h:0m:6s (0h:0m:1s left)
Iteration 150 / LogL: -2586.487 / Time: 0h:0m:7s (0h:0m:1s left)
UPDATE BEST LOG-LIKELIHOOD: -2586.487
Iteration 160 / LogL: -2586.487 / Time: 0h:0m:7s (0h:0m:0s left)
Iteration 170 / LogL: -2586.487 / Time: 0h:0m:7s (0h:0m:0s left)
TREE SEARCH COMPLETED AFTER 173 ITERATIONS / Time: 0h:0m:8s

--------------------------------------------------------------------
|                    FINALIZING TREE SEARCH                        |
--------------------------------------------------------------------
Performs final model parameters optimization
Estimate model parameters (epsilon = 0.010)
1. Initial log-likelihood: -2586.487
Optimal log-likelihood: -2586.486
Gamma shape alpha: 1.889
Parameters optimization took 1 rounds (0.006 sec)
BEST SCORE FOUND : -2586.486
Total tree length: 7.004

Total number of iterations: 173
CPU time used for tree search: 7.815 sec (0h:0m:7s)
Wall-clock time used for tree search: 7.951 sec (0h:0m:7s)
Total CPU time used: 7.931 sec (0h:0m:7s)
Total wall-clock time used: 8.099 sec (0h:0m:8s)

===> START BOOTSTRAP REPLICATE NUMBER 87

Creating bootstrap alignment (seed: 763060)...
WARNING: States(s) E, I, K, M rarely appear in alignment and may cause numerical problems

Create initial parsimony tree by phylogenetic likelihood library (PLL)... 0.001 seconds
Reading model parameters from file /Users/mful870/Desktop/MD_3di_Dev_02Oct24/Scriptorum/SubstitutionMatrix/3di_substmat

NOTE: 0 MB RAM (0 GB) is required!
Estimate model parameters (epsilon = 0.100)
1. Initial log-likelihood: -2480.019
2. Current log-likelihood: -2443.462
3. Current log-likelihood: -2443.223
Optimal log-likelihood: -2443.216
Gamma shape alpha: 1.647
Parameters optimization took 3 rounds (0.024 sec)
Computing ML distances based on estimated model parameters... 0.040 sec
Computing BIONJ tree...
0.010 seconds
Log-likelihood of BIONJ tree: -2431.505
--------------------------------------------------------------------
|             INITIALIZING CANDIDATE TREE SET                      |
--------------------------------------------------------------------
Generating 98 parsimony trees... 0.078 second
Computing log-likelihood of 98 initial trees ... 0.372 seconds
Current best score: -2431.505

Do NNI search on 20 best initial trees
Estimate model parameters (epsilon = 0.100)
BETTER TREE FOUND at iteration 1: -2427.893
Iteration 10 / LogL: -2432.969 / Time: 0h:0m:1s
Iteration 20 / LogL: -2432.744 / Time: 0h:0m:1s
Finish initializing candidate tree set (14)
Current best tree score: -2427.893 / CPU time: 1.379
Number of iterations: 20
--------------------------------------------------------------------
|               OPTIMIZING CANDIDATE TREE SET                      |
--------------------------------------------------------------------
Estimate model parameters (epsilon = 0.100)
BETTER TREE FOUND at iteration 23: -2422.372
Iteration 30 / LogL: -2430.357 / Time: 0h:0m:2s (0h:0m:6s left)
UPDATE BEST LOG-LIKELIHOOD: -2422.366
Iteration 40 / LogL: -2422.384 / Time: 0h:0m:2s (0h:0m:5s left)
Iteration 50 / LogL: -2428.072 / Time: 0h:0m:3s (0h:0m:4s left)
UPDATE BEST LOG-LIKELIHOOD: -2422.364
Iteration 60 / LogL: -2422.402 / Time: 0h:0m:3s (0h:0m:3s left)
Iteration 70 / LogL: -2428.072 / Time: 0h:0m:4s (0h:0m:3s left)
Iteration 80 / LogL: -2423.162 / Time: 0h:0m:4s (0h:0m:2s left)
Iteration 90 / LogL: -2428.691 / Time: 0h:0m:5s (0h:0m:1s left)
Iteration 100 / LogL: -2428.206 / Time: 0h:0m:5s (0h:0m:1s left)
Iteration 110 / LogL: -2427.844 / Time: 0h:0m:6s (0h:0m:0s left)
Iteration 120 / LogL: -2422.386 / Time: 0h:0m:6s (0h:0m:0s left)
TREE SEARCH COMPLETED AFTER 124 ITERATIONS / Time: 0h:0m:6s

--------------------------------------------------------------------
|                    FINALIZING TREE SEARCH                        |
--------------------------------------------------------------------
Performs final model parameters optimization
Estimate model parameters (epsilon = 0.010)
1. Initial log-likelihood: -2422.364
Optimal log-likelihood: -2422.363
Gamma shape alpha: 1.407
Parameters optimization took 1 rounds (0.006 sec)
BEST SCORE FOUND : -2422.363
Total tree length: 7.036

Total number of iterations: 124
CPU time used for tree search: 6.404 sec (0h:0m:6s)
Wall-clock time used for tree search: 6.561 sec (0h:0m:6s)
Total CPU time used: 6.493 sec (0h:0m:6s)
Total wall-clock time used: 6.672 sec (0h:0m:6s)

===> START BOOTSTRAP REPLICATE NUMBER 88

Creating bootstrap alignment (seed: 763061)...
WARNING: States(s) E, I, K, M rarely appear in alignment and may cause numerical problems

Create initial parsimony tree by phylogenetic likelihood library (PLL)... 0.001 seconds
Reading model parameters from file /Users/mful870/Desktop/MD_3di_Dev_02Oct24/Scriptorum/SubstitutionMatrix/3di_substmat

NOTE: 0 MB RAM (0 GB) is required!
Estimate model parameters (epsilon = 0.100)
1. Initial log-likelihood: -2675.498
2. Current log-likelihood: -2644.362
3. Current log-likelihood: -2643.825
Optimal log-likelihood: -2643.805
Gamma shape alpha: 1.422
Parameters optimization took 3 rounds (0.022 sec)
Computing ML distances based on estimated model parameters... 0.043 sec
Computing BIONJ tree...
0.010 seconds
Log-likelihood of BIONJ tree: -2615.941
--------------------------------------------------------------------
|             INITIALIZING CANDIDATE TREE SET                      |
--------------------------------------------------------------------
Generating 98 parsimony trees... 0.088 second
Computing log-likelihood of 98 initial trees ... 0.430 seconds
Current best score: -2615.941

Do NNI search on 20 best initial trees
Estimate model parameters (epsilon = 0.100)
BETTER TREE FOUND at iteration 1: -2615.586
Iteration 10 / LogL: -2618.503 / Time: 0h:0m:0s
Iteration 20 / LogL: -2620.448 / Time: 0h:0m:1s
Finish initializing candidate tree set (5)
Current best tree score: -2615.586 / CPU time: 1.225
Number of iterations: 20
--------------------------------------------------------------------
|               OPTIMIZING CANDIDATE TREE SET                      |
--------------------------------------------------------------------
UPDATE BEST LOG-LIKELIHOOD: -2615.585
Estimate model parameters (epsilon = 0.100)
BETTER TREE FOUND at iteration 27: -2614.375
Estimate model parameters (epsilon = 0.100)
BETTER TREE FOUND at iteration 30: -2612.074
Iteration 30 / LogL: -2612.074 / Time: 0h:0m:1s (0h:0m:5s left)
Iteration 40 / LogL: -2612.370 / Time: 0h:0m:2s (0h:0m:4s left)
Estimate model parameters (epsilon = 0.100)
UPDATE BEST LOG-LIKELIHOOD: -2611.883
Iteration 50 / LogL: -2614.387 / Time: 0h:0m:2s (0h:0m:3s left)
Iteration 60 / LogL: -2614.066 / Time: 0h:0m:2s (0h:0m:3s left)
UPDATE BEST LOG-LIKELIHOOD: -2611.882
Iteration 70 / LogL: -2614.499 / Time: 0h:0m:2s (0h:0m:2s left)
UPDATE BEST LOG-LIKELIHOOD: -2611.877
Iteration 80 / LogL: -2612.327 / Time: 0h:0m:3s (0h:0m:2s left)
Iteration 90 / LogL: -2612.226 / Time: 0h:0m:3s (0h:0m:1s left)
Iteration 100 / LogL: -2612.239 / Time: 0h:0m:3s (0h:0m:1s left)
Iteration 110 / LogL: -2612.218 / Time: 0h:0m:4s (0h:0m:0s left)
Iteration 120 / LogL: -2614.426 / Time: 0h:0m:4s (0h:0m:0s left)
Iteration 130 / LogL: -2612.916 / Time: 0h:0m:5s (0h:0m:0s left)
TREE SEARCH COMPLETED AFTER 131 ITERATIONS / Time: 0h:0m:5s

--------------------------------------------------------------------
|                    FINALIZING TREE SEARCH                        |
--------------------------------------------------------------------
Performs final model parameters optimization
Estimate model parameters (epsilon = 0.010)
1. Initial log-likelihood: -2611.877
Optimal log-likelihood: -2611.874
Gamma shape alpha: 1.368
Parameters optimization took 1 rounds (0.005 sec)
BEST SCORE FOUND : -2611.874
Total tree length: 7.790

Total number of iterations: 131
CPU time used for tree search: 5.124 sec (0h:0m:5s)
Wall-clock time used for tree search: 5.226 sec (0h:0m:5s)
Total CPU time used: 5.210 sec (0h:0m:5s)
Total wall-clock time used: 5.334 sec (0h:0m:5s)

===> START BOOTSTRAP REPLICATE NUMBER 89

Creating bootstrap alignment (seed: 763062)...
WARNING: States(s) E, I, K, M rarely appear in alignment and may cause numerical problems

Create initial parsimony tree by phylogenetic likelihood library (PLL)... 0.001 seconds
Reading model parameters from file /Users/mful870/Desktop/MD_3di_Dev_02Oct24/Scriptorum/SubstitutionMatrix/3di_substmat

NOTE: 0 MB RAM (0 GB) is required!
Estimate model parameters (epsilon = 0.100)
1. Initial log-likelihood: -2557.099
2. Current log-likelihood: -2519.676
3. Current log-likelihood: -2518.572
Optimal log-likelihood: -2518.524
Gamma shape alpha: 2.323
Parameters optimization took 3 rounds (0.029 sec)
Computing ML distances based on estimated model parameters... 0.041 sec
Computing BIONJ tree...
0.012 seconds
Log-likelihood of BIONJ tree: -2524.500
--------------------------------------------------------------------
|             INITIALIZING CANDIDATE TREE SET                      |
--------------------------------------------------------------------
Generating 98 parsimony trees... 0.078 second
Computing log-likelihood of 98 initial trees ... 0.371 seconds
Current best score: -2517.435

Do NNI search on 20 best initial trees
Estimate model parameters (epsilon = 0.100)
BETTER TREE FOUND at iteration 1: -2516.418
BETTER TREE FOUND at iteration 2: -2516.418
UPDATE BEST LOG-LIKELIHOOD: -2516.418
Iteration 10 / LogL: -2517.873 / Time: 0h:0m:0s
Iteration 20 / LogL: -2517.640 / Time: 0h:0m:1s
Finish initializing candidate tree set (8)
Current best tree score: -2516.418 / CPU time: 1.059
Number of iterations: 20
--------------------------------------------------------------------
|               OPTIMIZING CANDIDATE TREE SET                      |
--------------------------------------------------------------------
UPDATE BEST LOG-LIKELIHOOD: -2516.418
Iteration 30 / LogL: -2517.873 / Time: 0h:0m:1s (0h:0m:4s left)
UPDATE BEST LOG-LIKELIHOOD: -2516.418
Iteration 40 / LogL: -2517.640 / Time: 0h:0m:1s (0h:0m:3s left)
Iteration 50 / LogL: -2517.181 / Time: 0h:0m:2s (0h:0m:2s left)
Iteration 60 / LogL: -2517.640 / Time: 0h:0m:2s (0h:0m:2s left)
Iteration 70 / LogL: -2516.418 / Time: 0h:0m:3s (0h:0m:1s left)
Iteration 80 / LogL: -2517.277 / Time: 0h:0m:3s (0h:0m:1s left)
Iteration 90 / LogL: -2516.424 / Time: 0h:0m:4s (0h:0m:0s left)
Iteration 100 / LogL: -2516.418 / Time: 0h:0m:4s (0h:0m:0s left)
TREE SEARCH COMPLETED AFTER 103 ITERATIONS / Time: 0h:0m:4s

--------------------------------------------------------------------
|                    FINALIZING TREE SEARCH                        |
--------------------------------------------------------------------
Performs final model parameters optimization
Estimate model parameters (epsilon = 0.010)
1. Initial log-likelihood: -2516.418
Optimal log-likelihood: -2516.418
Gamma shape alpha: 2.279
Parameters optimization took 1 rounds (0.008 sec)
BEST SCORE FOUND : -2516.418
Total tree length: 6.674

Total number of iterations: 103
CPU time used for tree search: 4.442 sec (0h:0m:4s)
Wall-clock time used for tree search: 4.521 sec (0h:0m:4s)
Total CPU time used: 4.536 sec (0h:0m:4s)
Total wall-clock time used: 4.639 sec (0h:0m:4s)

===> START BOOTSTRAP REPLICATE NUMBER 90

Creating bootstrap alignment (seed: 763063)...
WARNING: States(s) E, I, K, M rarely appear in alignment and may cause numerical problems

Create initial parsimony tree by phylogenetic likelihood library (PLL)... 0.001 seconds
Reading model parameters from file /Users/mful870/Desktop/MD_3di_Dev_02Oct24/Scriptorum/SubstitutionMatrix/3di_substmat

NOTE: 0 MB RAM (0 GB) is required!
Estimate model parameters (epsilon = 0.100)
1. Initial log-likelihood: -2786.184
2. Current log-likelihood: -2745.171
3. Current log-likelihood: -2744.936
Optimal log-likelihood: -2744.929
Gamma shape alpha: 1.679
Parameters optimization took 3 rounds (0.033 sec)
Computing ML distances based on estimated model parameters... 0.049 sec
Computing BIONJ tree...
0.011 seconds
Log-likelihood of BIONJ tree: -2733.826
--------------------------------------------------------------------
|             INITIALIZING CANDIDATE TREE SET                      |
--------------------------------------------------------------------
Generating 98 parsimony trees... 0.109 second
Computing log-likelihood of 98 initial trees ... 0.450 seconds
Current best score: -2733.826

Do NNI search on 20 best initial trees
Estimate model parameters (epsilon = 0.100)
BETTER TREE FOUND at iteration 1: -2733.694
Estimate model parameters (epsilon = 0.100)
BETTER TREE FOUND at iteration 2: -2733.081
Estimate model parameters (epsilon = 0.100)
BETTER TREE FOUND at iteration 3: -2731.076
BETTER TREE FOUND at iteration 8: -2731.074
Iteration 10 / LogL: -2732.415 / Time: 0h:0m:1s
Iteration 20 / LogL: -2732.593 / Time: 0h:0m:1s
Finish initializing candidate tree set (10)
Current best tree score: -2731.074 / CPU time: 1.258
Number of iterations: 20
--------------------------------------------------------------------
|               OPTIMIZING CANDIDATE TREE SET                      |
--------------------------------------------------------------------
UPDATE BEST LOG-LIKELIHOOD: -2731.074
Iteration 30 / LogL: -2732.415 / Time: 0h:0m:1s (0h:0m:4s left)
UPDATE BEST LOG-LIKELIHOOD: -2731.074
Iteration 40 / LogL: -2732.415 / Time: 0h:0m:2s (0h:0m:3s left)
Iteration 50 / LogL: -2732.415 / Time: 0h:0m:2s (0h:0m:3s left)
UPDATE BEST LOG-LIKELIHOOD: -2731.074
Iteration 60 / LogL: -2731.755 / Time: 0h:0m:3s (0h:0m:2s left)
Iteration 70 / LogL: -2732.575 / Time: 0h:0m:3s (0h:0m:1s left)
UPDATE BEST LOG-LIKELIHOOD: -2731.074
Iteration 80 / LogL: -2731.074 / Time: 0h:0m:3s (0h:0m:1s left)
Iteration 90 / LogL: -2731.074 / Time: 0h:0m:4s (0h:0m:0s left)
Iteration 100 / LogL: -2731.727 / Time: 0h:0m:4s (0h:0m:0s left)
UPDATE BEST LOG-LIKELIHOOD: -2731.074
TREE SEARCH COMPLETED AFTER 109 ITERATIONS / Time: 0h:0m:4s

--------------------------------------------------------------------
|                    FINALIZING TREE SEARCH                        |
--------------------------------------------------------------------
Performs final model parameters optimization
Estimate model parameters (epsilon = 0.010)
1. Initial log-likelihood: -2731.074
Optimal log-likelihood: -2731.071
Gamma shape alpha: 1.592
Parameters optimization took 1 rounds (0.007 sec)
BEST SCORE FOUND : -2731.071
Total tree length: 7.686

Total number of iterations: 109
CPU time used for tree search: 4.773 sec (0h:0m:4s)
Wall-clock time used for tree search: 4.870 sec (0h:0m:4s)
Total CPU time used: 4.881 sec (0h:0m:4s)
Total wall-clock time used: 5.003 sec (0h:0m:5s)

===> START BOOTSTRAP REPLICATE NUMBER 91

Creating bootstrap alignment (seed: 763064)...
WARNING: States(s) E, I, K, M, W rarely appear in alignment and may cause numerical problems

Create initial parsimony tree by phylogenetic likelihood library (PLL)... 0.001 seconds
Reading model parameters from file /Users/mful870/Desktop/MD_3di_Dev_02Oct24/Scriptorum/SubstitutionMatrix/3di_substmat

NOTE: 0 MB RAM (0 GB) is required!
Estimate model parameters (epsilon = 0.100)
1. Initial log-likelihood: -2744.800
2. Current log-likelihood: -2698.163
3. Current log-likelihood: -2696.692
Optimal log-likelihood: -2696.663
Gamma shape alpha: 4.329
Parameters optimization took 3 rounds (0.032 sec)
Computing ML distances based on estimated model parameters... 0.034 sec
Computing BIONJ tree...
0.010 seconds
Log-likelihood of BIONJ tree: -2685.970
--------------------------------------------------------------------
|             INITIALIZING CANDIDATE TREE SET                      |
--------------------------------------------------------------------
Generating 98 parsimony trees... 0.090 second
Computing log-likelihood of 97 initial trees ... 0.369 seconds
Current best score: -2685.970

Do NNI search on 20 best initial trees
Estimate model parameters (epsilon = 0.100)
BETTER TREE FOUND at iteration 1: -2685.340
Iteration 10 / LogL: -2685.419 / Time: 0h:0m:0s
Iteration 20 / LogL: -2685.491 / Time: 0h:0m:1s
Finish initializing candidate tree set (3)
Current best tree score: -2685.340 / CPU time: 1.069
Number of iterations: 20
--------------------------------------------------------------------
|               OPTIMIZING CANDIDATE TREE SET                      |
--------------------------------------------------------------------
Iteration 30 / LogL: -2687.184 / Time: 0h:0m:1s (0h:0m:3s left)
Iteration 40 / LogL: -2685.924 / Time: 0h:0m:1s (0h:0m:2s left)
Iteration 50 / LogL: -2685.350 / Time: 0h:0m:2s (0h:0m:2s left)
Iteration 60 / LogL: -2685.423 / Time: 0h:0m:2s (0h:0m:1s left)
Iteration 70 / LogL: -2685.432 / Time: 0h:0m:2s (0h:0m:1s left)
Iteration 80 / LogL: -2685.823 / Time: 0h:0m:3s (0h:0m:0s left)
Iteration 90 / LogL: -2685.391 / Time: 0h:0m:3s (0h:0m:0s left)
Iteration 100 / LogL: -2685.353 / Time: 0h:0m:3s (0h:0m:0s left)
TREE SEARCH COMPLETED AFTER 102 ITERATIONS / Time: 0h:0m:3s

--------------------------------------------------------------------
|                    FINALIZING TREE SEARCH                        |
--------------------------------------------------------------------
Performs final model parameters optimization
Estimate model parameters (epsilon = 0.010)
1. Initial log-likelihood: -2685.340
Optimal log-likelihood: -2685.339
Gamma shape alpha: 5.221
Parameters optimization took 1 rounds (0.007 sec)
BEST SCORE FOUND : -2685.339
Total tree length: 6.113

Total number of iterations: 102
CPU time used for tree search: 3.784 sec (0h:0m:3s)
Wall-clock time used for tree search: 3.855 sec (0h:0m:3s)
Total CPU time used: 3.877 sec (0h:0m:3s)
Total wall-clock time used: 3.970 sec (0h:0m:3s)

===> START BOOTSTRAP REPLICATE NUMBER 92

Creating bootstrap alignment (seed: 763065)...
WARNING: States(s) E, I, K, M rarely appear in alignment and may cause numerical problems

Create initial parsimony tree by phylogenetic likelihood library (PLL)... 0.001 seconds
Reading model parameters from file /Users/mful870/Desktop/MD_3di_Dev_02Oct24/Scriptorum/SubstitutionMatrix/3di_substmat

NOTE: 0 MB RAM (0 GB) is required!
Estimate model parameters (epsilon = 0.100)
1. Initial log-likelihood: -2740.047
2. Current log-likelihood: -2695.486
3. Current log-likelihood: -2694.609
Optimal log-likelihood: -2694.596
Gamma shape alpha: 1.732
Parameters optimization took 3 rounds (0.031 sec)
Computing ML distances based on estimated model parameters... 0.043 sec
Computing BIONJ tree...
0.019 seconds
Log-likelihood of BIONJ tree: -2694.280
--------------------------------------------------------------------
|             INITIALIZING CANDIDATE TREE SET                      |
--------------------------------------------------------------------
Generating 98 parsimony trees... 0.090 second
Computing log-likelihood of 98 initial trees ... 0.365 seconds
Current best score: -2688.031

Do NNI search on 20 best initial trees
Estimate model parameters (epsilon = 0.100)
BETTER TREE FOUND at iteration 1: -2687.732
Estimate model parameters (epsilon = 0.100)
BETTER TREE FOUND at iteration 2: -2685.000
Iteration 10 / LogL: -2692.059 / Time: 0h:0m:0s
Iteration 20 / LogL: -2685.179 / Time: 0h:0m:1s
Finish initializing candidate tree set (6)
Current best tree score: -2685.000 / CPU time: 1.097
Number of iterations: 20
--------------------------------------------------------------------
|               OPTIMIZING CANDIDATE TREE SET                      |
--------------------------------------------------------------------
Iteration 30 / LogL: -2685.010 / Time: 0h:0m:1s (0h:0m:3s left)
UPDATE BEST LOG-LIKELIHOOD: -2684.999
Iteration 40 / LogL: -2685.010 / Time: 0h:0m:1s (0h:0m:2s left)
Iteration 50 / LogL: -2685.003 / Time: 0h:0m:2s (0h:0m:2s left)
Iteration 60 / LogL: -2685.013 / Time: 0h:0m:2s (0h:0m:1s left)
Iteration 70 / LogL: -2685.001 / Time: 0h:0m:2s (0h:0m:1s left)
Iteration 80 / LogL: -2685.136 / Time: 0h:0m:3s (0h:0m:0s left)
Iteration 90 / LogL: -2685.003 / Time: 0h:0m:3s (0h:0m:0s left)
Iteration 100 / LogL: -2685.031 / Time: 0h:0m:3s (0h:0m:0s left)
TREE SEARCH COMPLETED AFTER 103 ITERATIONS / Time: 0h:0m:4s

--------------------------------------------------------------------
|                    FINALIZING TREE SEARCH                        |
--------------------------------------------------------------------
Performs final model parameters optimization
Estimate model parameters (epsilon = 0.010)
1. Initial log-likelihood: -2684.999
Optimal log-likelihood: -2684.998
Gamma shape alpha: 1.697
Parameters optimization took 1 rounds (0.010 sec)
BEST SCORE FOUND : -2684.998
Total tree length: 7.562

Total number of iterations: 103
CPU time used for tree search: 3.954 sec (0h:0m:3s)
Wall-clock time used for tree search: 4.015 sec (0h:0m:4s)
Total CPU time used: 4.056 sec (0h:0m:4s)
Total wall-clock time used: 4.150 sec (0h:0m:4s)

===> START BOOTSTRAP REPLICATE NUMBER 93

Creating bootstrap alignment (seed: 763066)...
WARNING: States(s) E, I, K, M, W rarely appear in alignment and may cause numerical problems

Create initial parsimony tree by phylogenetic likelihood library (PLL)... 0.001 seconds
Reading model parameters from file /Users/mful870/Desktop/MD_3di_Dev_02Oct24/Scriptorum/SubstitutionMatrix/3di_substmat

NOTE: 0 MB RAM (0 GB) is required!
Estimate model parameters (epsilon = 0.100)
1. Initial log-likelihood: -2648.681
2. Current log-likelihood: -2608.061
3. Current log-likelihood: -2607.086
Optimal log-likelihood: -2607.036
Gamma shape alpha: 2.135
Parameters optimization took 3 rounds (0.048 sec)
Computing ML distances based on estimated model parameters... 0.047 sec
Computing BIONJ tree...
0.011 seconds
Log-likelihood of BIONJ tree: -2608.815
--------------------------------------------------------------------
|             INITIALIZING CANDIDATE TREE SET                      |
--------------------------------------------------------------------
Generating 98 parsimony trees... 0.083 second
Computing log-likelihood of 97 initial trees ... 0.491 seconds
Current best score: -2605.326

Do NNI search on 20 best initial trees
Estimate model parameters (epsilon = 0.100)
BETTER TREE FOUND at iteration 1: -2600.238
UPDATE BEST LOG-LIKELIHOOD: -2600.236
Iteration 10 / LogL: -2600.237 / Time: 0h:0m:1s
UPDATE BEST LOG-LIKELIHOOD: -2600.236
Iteration 20 / LogL: -2600.258 / Time: 0h:0m:1s
Finish initializing candidate tree set (3)
Current best tree score: -2600.236 / CPU time: 1.609
Number of iterations: 20
--------------------------------------------------------------------
|               OPTIMIZING CANDIDATE TREE SET                      |
--------------------------------------------------------------------
Iteration 30 / LogL: -2600.236 / Time: 0h:0m:2s (0h:0m:5s left)
Iteration 40 / LogL: -2600.239 / Time: 0h:0m:2s (0h:0m:4s left)
Iteration 50 / LogL: -2600.245 / Time: 0h:0m:3s (0h:0m:3s left)
Iteration 60 / LogL: -2600.269 / Time: 0h:0m:3s (0h:0m:2s left)
Iteration 70 / LogL: -2600.263 / Time: 0h:0m:4s (0h:0m:1s left)
Iteration 80 / LogL: -2600.236 / Time: 0h:0m:4s (0h:0m:1s left)
UPDATE BEST LOG-LIKELIHOOD: -2600.235
Iteration 90 / LogL: -2600.235 / Time: 0h:0m:4s (0h:0m:0s left)
UPDATE BEST LOG-LIKELIHOOD: -2600.235
Iteration 100 / LogL: -2602.129 / Time: 0h:0m:5s (0h:0m:0s left)
TREE SEARCH COMPLETED AFTER 102 ITERATIONS / Time: 0h:0m:5s

--------------------------------------------------------------------
|                    FINALIZING TREE SEARCH                        |
--------------------------------------------------------------------
Performs final model parameters optimization
Estimate model parameters (epsilon = 0.010)
1. Initial log-likelihood: -2600.235
Optimal log-likelihood: -2600.231
Gamma shape alpha: 2.389
Parameters optimization took 1 rounds (0.006 sec)
BEST SCORE FOUND : -2600.231
Total tree length: 6.770

Total number of iterations: 102
CPU time used for tree search: 5.181 sec (0h:0m:5s)
Wall-clock time used for tree search: 5.285 sec (0h:0m:5s)
Total CPU time used: 5.306 sec (0h:0m:5s)
Total wall-clock time used: 5.429 sec (0h:0m:5s)

===> START BOOTSTRAP REPLICATE NUMBER 94

Creating bootstrap alignment (seed: 763067)...
WARNING: States(s) E, I, K, M rarely appear in alignment and may cause numerical problems

Create initial parsimony tree by phylogenetic likelihood library (PLL)... 0.001 seconds
Reading model parameters from file /Users/mful870/Desktop/MD_3di_Dev_02Oct24/Scriptorum/SubstitutionMatrix/3di_substmat

NOTE: 0 MB RAM (0 GB) is required!
Estimate model parameters (epsilon = 0.100)
1. Initial log-likelihood: -2492.498
2. Current log-likelihood: -2462.038
3. Current log-likelihood: -2461.663
Optimal log-likelihood: -2461.656
Gamma shape alpha: 2.113
Parameters optimization took 3 rounds (0.031 sec)
Computing ML distances based on estimated model parameters... 0.037 sec
Computing BIONJ tree...
0.009 seconds
Log-likelihood of BIONJ tree: -2459.510
--------------------------------------------------------------------
|             INITIALIZING CANDIDATE TREE SET                      |
--------------------------------------------------------------------
Generating 98 parsimony trees... 0.077 second
Computing log-likelihood of 98 initial trees ... 0.372 seconds
Current best score: -2459.510

Do NNI search on 20 best initial trees
Estimate model parameters (epsilon = 0.100)
BETTER TREE FOUND at iteration 1: -2456.635
Estimate model parameters (epsilon = 0.100)
BETTER TREE FOUND at iteration 3: -2456.335
Iteration 10 / LogL: -2461.659 / Time: 0h:0m:0s
UPDATE BEST LOG-LIKELIHOOD: -2456.334
Iteration 20 / LogL: -2456.728 / Time: 0h:0m:1s
Finish initializing candidate tree set (10)
Current best tree score: -2456.334 / CPU time: 1.118
Number of iterations: 20
--------------------------------------------------------------------
|               OPTIMIZING CANDIDATE TREE SET                      |
--------------------------------------------------------------------
Iteration 30 / LogL: -2456.768 / Time: 0h:0m:1s (0h:0m:3s left)
Iteration 40 / LogL: -2456.733 / Time: 0h:0m:1s (0h:0m:3s left)
Iteration 50 / LogL: -2458.527 / Time: 0h:0m:2s (0h:0m:2s left)
Iteration 60 / LogL: -2456.717 / Time: 0h:0m:2s (0h:0m:1s left)
Iteration 70 / LogL: -2459.430 / Time: 0h:0m:2s (0h:0m:1s left)
Iteration 80 / LogL: -2456.718 / Time: 0h:0m:3s (0h:0m:0s left)
Iteration 90 / LogL: -2456.350 / Time: 0h:0m:3s (0h:0m:0s left)
Iteration 100 / LogL: -2456.988 / Time: 0h:0m:3s (0h:0m:0s left)
TREE SEARCH COMPLETED AFTER 104 ITERATIONS / Time: 0h:0m:3s

--------------------------------------------------------------------
|                    FINALIZING TREE SEARCH                        |
--------------------------------------------------------------------
Performs final model parameters optimization
Estimate model parameters (epsilon = 0.010)
1. Initial log-likelihood: -2456.334
Optimal log-likelihood: -2456.333
Gamma shape alpha: 2.346
Parameters optimization took 1 rounds (0.005 sec)
BEST SCORE FOUND : -2456.333
Total tree length: 6.356

Total number of iterations: 104
CPU time used for tree search: 3.782 sec (0h:0m:3s)
Wall-clock time used for tree search: 3.887 sec (0h:0m:3s)
Total CPU time used: 3.871 sec (0h:0m:3s)
Total wall-clock time used: 3.998 sec (0h:0m:3s)

===> START BOOTSTRAP REPLICATE NUMBER 95

Creating bootstrap alignment (seed: 763068)...
WARNING: States(s) E, I, K, M rarely appear in alignment and may cause numerical problems

Create initial parsimony tree by phylogenetic likelihood library (PLL)... 0.001 seconds
Reading model parameters from file /Users/mful870/Desktop/MD_3di_Dev_02Oct24/Scriptorum/SubstitutionMatrix/3di_substmat

NOTE: 1 MB RAM (0 GB) is required!
Estimate model parameters (epsilon = 0.100)
1. Initial log-likelihood: -2750.113
2. Current log-likelihood: -2704.782
3. Current log-likelihood: -2702.211
Optimal log-likelihood: -2702.147
Gamma shape alpha: 4.481
Parameters optimization took 3 rounds (0.039 sec)
Computing ML distances based on estimated model parameters... 0.036 sec
Computing BIONJ tree...
0.011 seconds
Log-likelihood of BIONJ tree: -2699.677
--------------------------------------------------------------------
|             INITIALIZING CANDIDATE TREE SET                      |
--------------------------------------------------------------------
Generating 98 parsimony trees... 0.079 second
Computing log-likelihood of 98 initial trees ... 0.408 seconds
Current best score: -2692.100

Do NNI search on 20 best initial trees
Estimate model parameters (epsilon = 0.100)
BETTER TREE FOUND at iteration 1: -2690.890
UPDATE BEST LOG-LIKELIHOOD: -2690.890
Iteration 10 / LogL: -2696.195 / Time: 0h:0m:0s
Iteration 20 / LogL: -2690.890 / Time: 0h:0m:1s
Finish initializing candidate tree set (7)
Current best tree score: -2690.890 / CPU time: 1.247
Number of iterations: 20
--------------------------------------------------------------------
|               OPTIMIZING CANDIDATE TREE SET                      |
--------------------------------------------------------------------
Iteration 30 / LogL: -2692.014 / Time: 0h:0m:1s (0h:0m:4s left)
Iteration 40 / LogL: -2692.361 / Time: 0h:0m:2s (0h:0m:3s left)
UPDATE BEST LOG-LIKELIHOOD: -2690.890
Iteration 50 / LogL: -2692.040 / Time: 0h:0m:2s (0h:0m:2s left)
Iteration 60 / LogL: -2690.890 / Time: 0h:0m:2s (0h:0m:1s left)
Iteration 70 / LogL: -2691.897 / Time: 0h:0m:3s (0h:0m:1s left)
Iteration 80 / LogL: -2691.047 / Time: 0h:0m:3s (0h:0m:0s left)
UPDATE BEST LOG-LIKELIHOOD: -2690.890
Iteration 90 / LogL: -2691.896 / Time: 0h:0m:3s (0h:0m:0s left)
Iteration 100 / LogL: -2691.897 / Time: 0h:0m:4s (0h:0m:0s left)
TREE SEARCH COMPLETED AFTER 102 ITERATIONS / Time: 0h:0m:4s

--------------------------------------------------------------------
|                    FINALIZING TREE SEARCH                        |
--------------------------------------------------------------------
Performs final model parameters optimization
Estimate model parameters (epsilon = 0.010)
1. Initial log-likelihood: -2690.890
Optimal log-likelihood: -2690.889
Gamma shape alpha: 5.434
Parameters optimization took 1 rounds (0.006 sec)
BEST SCORE FOUND : -2690.889
Total tree length: 6.757

Total number of iterations: 102
CPU time used for tree search: 4.235 sec (0h:0m:4s)
Wall-clock time used for tree search: 4.303 sec (0h:0m:4s)
Total CPU time used: 4.333 sec (0h:0m:4s)
Total wall-clock time used: 4.416 sec (0h:0m:4s)

===> START BOOTSTRAP REPLICATE NUMBER 96

Creating bootstrap alignment (seed: 763069)...
WARNING: States(s) E, I, K, M rarely appear in alignment and may cause numerical problems

Create initial parsimony tree by phylogenetic likelihood library (PLL)... 0.001 seconds
Reading model parameters from file /Users/mful870/Desktop/MD_3di_Dev_02Oct24/Scriptorum/SubstitutionMatrix/3di_substmat

NOTE: 1 MB RAM (0 GB) is required!
Estimate model parameters (epsilon = 0.100)
1. Initial log-likelihood: -2541.801
2. Current log-likelihood: -2514.596
3. Current log-likelihood: -2514.316
Optimal log-likelihood: -2514.304
Gamma shape alpha: 1.459
Parameters optimization took 3 rounds (0.029 sec)
Computing ML distances based on estimated model parameters... 0.037 sec
Computing BIONJ tree...
0.011 seconds
Log-likelihood of BIONJ tree: -2506.905
--------------------------------------------------------------------
|             INITIALIZING CANDIDATE TREE SET                      |
--------------------------------------------------------------------
Generating 98 parsimony trees... 0.076 second
Computing log-likelihood of 97 initial trees ... 0.423 seconds
Current best score: -2500.999

Do NNI search on 20 best initial trees
Estimate model parameters (epsilon = 0.100)
BETTER TREE FOUND at iteration 1: -2498.687
Iteration 10 / LogL: -2500.704 / Time: 0h:0m:0s
Iteration 20 / LogL: -2500.867 / Time: 0h:0m:1s
Finish initializing candidate tree set (6)
Current best tree score: -2498.687 / CPU time: 1.274
Number of iterations: 20
--------------------------------------------------------------------
|               OPTIMIZING CANDIDATE TREE SET                      |
--------------------------------------------------------------------
UPDATE BEST LOG-LIKELIHOOD: -2498.685
UPDATE BEST LOG-LIKELIHOOD: -2498.685
UPDATE BEST LOG-LIKELIHOOD: -2498.685
Iteration 30 / LogL: -2498.685 / Time: 0h:0m:1s (0h:0m:4s left)
UPDATE BEST LOG-LIKELIHOOD: -2498.685
Iteration 40 / LogL: -2498.685 / Time: 0h:0m:2s (0h:0m:3s left)
Iteration 50 / LogL: -2502.050 / Time: 0h:0m:2s (0h:0m:2s left)
UPDATE BEST LOG-LIKELIHOOD: -2498.685
Iteration 60 / LogL: -2498.687 / Time: 0h:0m:2s (0h:0m:2s left)
Iteration 70 / LogL: -2498.812 / Time: 0h:0m:3s (0h:0m:1s left)
Iteration 80 / LogL: -2500.708 / Time: 0h:0m:3s (0h:0m:1s left)
Iteration 90 / LogL: -2500.702 / Time: 0h:0m:4s (0h:0m:0s left)
Iteration 100 / LogL: -2498.722 / Time: 0h:0m:4s (0h:0m:0s left)
TREE SEARCH COMPLETED AFTER 102 ITERATIONS / Time: 0h:0m:4s

--------------------------------------------------------------------
|                    FINALIZING TREE SEARCH                        |
--------------------------------------------------------------------
Performs final model parameters optimization
Estimate model parameters (epsilon = 0.010)
1. Initial log-likelihood: -2498.685
Optimal log-likelihood: -2498.684
Gamma shape alpha: 1.614
Parameters optimization took 1 rounds (0.007 sec)
BEST SCORE FOUND : -2498.684
Total tree length: 6.852

Total number of iterations: 102
CPU time used for tree search: 4.535 sec (0h:0m:4s)
Wall-clock time used for tree search: 4.629 sec (0h:0m:4s)
Total CPU time used: 4.625 sec (0h:0m:4s)
Total wall-clock time used: 4.743 sec (0h:0m:4s)

===> START BOOTSTRAP REPLICATE NUMBER 97

Creating bootstrap alignment (seed: 763070)...
WARNING: States(s) E, I, K, M, Y rarely appear in alignment and may cause numerical problems

Create initial parsimony tree by phylogenetic likelihood library (PLL)... 0.000 seconds
Reading model parameters from file /Users/mful870/Desktop/MD_3di_Dev_02Oct24/Scriptorum/SubstitutionMatrix/3di_substmat

NOTE: 1 MB RAM (0 GB) is required!
Estimate model parameters (epsilon = 0.100)
1. Initial log-likelihood: -2590.113
2. Current log-likelihood: -2558.184
3. Current log-likelihood: -2557.550
Optimal log-likelihood: -2557.545
Gamma shape alpha: 1.525
Parameters optimization took 3 rounds (0.027 sec)
Computing ML distances based on estimated model parameters... 0.043 sec
Computing BIONJ tree...
0.012 seconds
Log-likelihood of BIONJ tree: -2554.893
--------------------------------------------------------------------
|             INITIALIZING CANDIDATE TREE SET                      |
--------------------------------------------------------------------
Generating 98 parsimony trees... 0.086 second
Computing log-likelihood of 97 initial trees ... 0.422 seconds
Current best score: -2549.355

Do NNI search on 20 best initial trees
Estimate model parameters (epsilon = 0.100)
BETTER TREE FOUND at iteration 1: -2549.030
Estimate model parameters (epsilon = 0.100)
BETTER TREE FOUND at iteration 2: -2548.588
BETTER TREE FOUND at iteration 6: -2548.579
Iteration 10 / LogL: -2548.603 / Time: 0h:0m:0s
Iteration 20 / LogL: -2548.627 / Time: 0h:0m:1s
Finish initializing candidate tree set (8)
Current best tree score: -2548.579 / CPU time: 1.327
Number of iterations: 20
--------------------------------------------------------------------
|               OPTIMIZING CANDIDATE TREE SET                      |
--------------------------------------------------------------------
UPDATE BEST LOG-LIKELIHOOD: -2548.578
Iteration 30 / LogL: -2549.032 / Time: 0h:0m:1s (0h:0m:4s left)
Estimate model parameters (epsilon = 0.100)
BETTER TREE FOUND at iteration 38: -2547.340
Iteration 40 / LogL: -2548.919 / Time: 0h:0m:2s (0h:0m:5s left)
Iteration 50 / LogL: -2547.343 / Time: 0h:0m:2s (0h:0m:4s left)
Iteration 60 / LogL: -2548.605 / Time: 0h:0m:3s (0h:0m:4s left)
Iteration 70 / LogL: -2548.600 / Time: 0h:0m:3s (0h:0m:3s left)
Iteration 80 / LogL: -2547.340 / Time: 0h:0m:3s (0h:0m:2s left)
Iteration 90 / LogL: -2547.343 / Time: 0h:0m:4s (0h:0m:2s left)
WARNING: NNI search needs unusual large number of steps (13) to converge!
Iteration 100 / LogL: -2548.809 / Time: 0h:0m:4s (0h:0m:1s left)
Iteration 110 / LogL: -2548.420 / Time: 0h:0m:5s (0h:0m:1s left)
Iteration 120 / LogL: -2547.340 / Time: 0h:0m:6s (0h:0m:0s left)
Iteration 130 / LogL: -2547.343 / Time: 0h:0m:6s (0h:0m:0s left)
TREE SEARCH COMPLETED AFTER 139 ITERATIONS / Time: 0h:0m:6s

--------------------------------------------------------------------
|                    FINALIZING TREE SEARCH                        |
--------------------------------------------------------------------
Performs final model parameters optimization
Estimate model parameters (epsilon = 0.010)
1. Initial log-likelihood: -2547.340
Optimal log-likelihood: -2547.339
Gamma shape alpha: 1.587
Parameters optimization took 1 rounds (0.006 sec)
BEST SCORE FOUND : -2547.339
Total tree length: 6.987

Total number of iterations: 139
CPU time used for tree search: 6.745 sec (0h:0m:6s)
Wall-clock time used for tree search: 6.889 sec (0h:0m:6s)
Total CPU time used: 6.837 sec (0h:0m:6s)
Total wall-clock time used: 7.006 sec (0h:0m:7s)

===> START BOOTSTRAP REPLICATE NUMBER 98

Creating bootstrap alignment (seed: 763071)...
WARNING: States(s) E, I, K, M, Y rarely appear in alignment and may cause numerical problems

Create initial parsimony tree by phylogenetic likelihood library (PLL)... 0.001 seconds
Reading model parameters from file /Users/mful870/Desktop/MD_3di_Dev_02Oct24/Scriptorum/SubstitutionMatrix/3di_substmat

NOTE: 0 MB RAM (0 GB) is required!
Estimate model parameters (epsilon = 0.100)
1. Initial log-likelihood: -2497.300
2. Current log-likelihood: -2445.261
3. Current log-likelihood: -2444.741
Optimal log-likelihood: -2444.729
Gamma shape alpha: 2.089
Parameters optimization took 3 rounds (0.037 sec)
Computing ML distances based on estimated model parameters... 0.043 sec
Computing BIONJ tree...
0.012 seconds
Log-likelihood of BIONJ tree: -2432.076
--------------------------------------------------------------------
|             INITIALIZING CANDIDATE TREE SET                      |
--------------------------------------------------------------------
Generating 98 parsimony trees... 0.079 second
Computing log-likelihood of 98 initial trees ... 0.435 seconds
Current best score: -2424.853

Do NNI search on 20 best initial trees
Estimate model parameters (epsilon = 0.100)
BETTER TREE FOUND at iteration 1: -2422.951
Estimate model parameters (epsilon = 0.100)
BETTER TREE FOUND at iteration 6: -2422.423
Iteration 10 / LogL: -2422.965 / Time: 0h:0m:1s
Iteration 20 / LogL: -2426.875 / Time: 0h:0m:1s
Finish initializing candidate tree set (8)
Current best tree score: -2422.423 / CPU time: 1.256
Number of iterations: 20
--------------------------------------------------------------------
|               OPTIMIZING CANDIDATE TREE SET                      |
--------------------------------------------------------------------
Iteration 30 / LogL: -2422.428 / Time: 0h:0m:1s (0h:0m:4s left)
Iteration 40 / LogL: -2422.967 / Time: 0h:0m:2s (0h:0m:3s left)
Iteration 50 / LogL: -2423.842 / Time: 0h:0m:2s (0h:0m:3s left)
Iteration 60 / LogL: -2423.030 / Time: 0h:0m:2s (0h:0m:2s left)
Iteration 70 / LogL: -2422.440 / Time: 0h:0m:3s (0h:0m:1s left)
Iteration 80 / LogL: -2422.964 / Time: 0h:0m:3s (0h:0m:1s left)
Iteration 90 / LogL: -2422.429 / Time: 0h:0m:4s (0h:0m:0s left)
Iteration 100 / LogL: -2423.842 / Time: 0h:0m:4s (0h:0m:0s left)
TREE SEARCH COMPLETED AFTER 107 ITERATIONS / Time: 0h:0m:4s

--------------------------------------------------------------------
|                    FINALIZING TREE SEARCH                        |
--------------------------------------------------------------------
Performs final model parameters optimization
Estimate model parameters (epsilon = 0.010)
1. Initial log-likelihood: -2422.423
Optimal log-likelihood: -2422.423
Gamma shape alpha: 1.802
Parameters optimization took 1 rounds (0.006 sec)
BEST SCORE FOUND : -2422.423
Total tree length: 6.263

Total number of iterations: 107
CPU time used for tree search: 4.717 sec (0h:0m:4s)
Wall-clock time used for tree search: 4.792 sec (0h:0m:4s)
Total CPU time used: 4.819 sec (0h:0m:4s)
Total wall-clock time used: 4.920 sec (0h:0m:4s)

===> START BOOTSTRAP REPLICATE NUMBER 99

Creating bootstrap alignment (seed: 763072)...
WARNING: States(s) E, I, K, M rarely appear in alignment and may cause numerical problems

Create initial parsimony tree by phylogenetic likelihood library (PLL)... 0.001 seconds
Reading model parameters from file /Users/mful870/Desktop/MD_3di_Dev_02Oct24/Scriptorum/SubstitutionMatrix/3di_substmat

NOTE: 0 MB RAM (0 GB) is required!
Estimate model parameters (epsilon = 0.100)
1. Initial log-likelihood: -2733.866
2. Current log-likelihood: -2696.568
3. Current log-likelihood: -2695.777
Optimal log-likelihood: -2695.764
Gamma shape alpha: 3.037
Parameters optimization took 3 rounds (0.030 sec)
Computing ML distances based on estimated model parameters... 0.036 sec
Computing BIONJ tree...
0.010 seconds
Log-likelihood of BIONJ tree: -2682.590
--------------------------------------------------------------------
|             INITIALIZING CANDIDATE TREE SET                      |
--------------------------------------------------------------------
Generating 98 parsimony trees... 0.087 second
Computing log-likelihood of 98 initial trees ... 0.425 seconds
Current best score: -2682.590

Do NNI search on 20 best initial trees
Estimate model parameters (epsilon = 0.100)
BETTER TREE FOUND at iteration 1: -2674.730
Iteration 10 / LogL: -2674.769 / Time: 0h:0m:1s
Iteration 20 / LogL: -2674.761 / Time: 0h:0m:1s
Finish initializing candidate tree set (2)
Current best tree score: -2674.730 / CPU time: 1.430
Number of iterations: 20
--------------------------------------------------------------------
|               OPTIMIZING CANDIDATE TREE SET                      |
--------------------------------------------------------------------
Iteration 30 / LogL: -2674.749 / Time: 0h:0m:1s (0h:0m:4s left)
Iteration 40 / LogL: -2684.187 / Time: 0h:0m:2s (0h:0m:3s left)
Iteration 50 / LogL: -2684.190 / Time: 0h:0m:2s (0h:0m:2s left)
Iteration 60 / LogL: -2674.836 / Time: 0h:0m:2s (0h:0m:2s left)
UPDATE BEST LOG-LIKELIHOOD: -2674.730
Iteration 70 / LogL: -2674.764 / Time: 0h:0m:3s (0h:0m:1s left)
Iteration 80 / LogL: -2674.782 / Time: 0h:0m:3s (0h:0m:0s left)
Iteration 90 / LogL: -2674.774 / Time: 0h:0m:4s (0h:0m:0s left)
Iteration 100 / LogL: -2674.752 / Time: 0h:0m:4s (0h:0m:0s left)
TREE SEARCH COMPLETED AFTER 102 ITERATIONS / Time: 0h:0m:4s

--------------------------------------------------------------------
|                    FINALIZING TREE SEARCH                        |
--------------------------------------------------------------------
Performs final model parameters optimization
Estimate model parameters (epsilon = 0.010)
1. Initial log-likelihood: -2674.730
Optimal log-likelihood: -2674.730
Gamma shape alpha: 3.069
Parameters optimization took 1 rounds (0.007 sec)
BEST SCORE FOUND : -2674.730
Total tree length: 6.294

Total number of iterations: 102
CPU time used for tree search: 4.323 sec (0h:0m:4s)
Wall-clock time used for tree search: 4.441 sec (0h:0m:4s)
Total CPU time used: 4.410 sec (0h:0m:4s)
Total wall-clock time used: 4.551 sec (0h:0m:4s)

===> START BOOTSTRAP REPLICATE NUMBER 100

Creating bootstrap alignment (seed: 763073)...
WARNING: States(s) E, I, K, M, W rarely appear in alignment and may cause numerical problems

Create initial parsimony tree by phylogenetic likelihood library (PLL)... 0.001 seconds
Reading model parameters from file /Users/mful870/Desktop/MD_3di_Dev_02Oct24/Scriptorum/SubstitutionMatrix/3di_substmat

NOTE: 0 MB RAM (0 GB) is required!
Estimate model parameters (epsilon = 0.100)
1. Initial log-likelihood: -2421.986
2. Current log-likelihood: -2394.878
3. Current log-likelihood: -2394.617
Optimal log-likelihood: -2394.608
Gamma shape alpha: 1.879
Parameters optimization took 3 rounds (0.031 sec)
Computing ML distances based on estimated model parameters... 0.038 sec
Computing BIONJ tree...
0.010 seconds
Log-likelihood of BIONJ tree: -2375.209
--------------------------------------------------------------------
|             INITIALIZING CANDIDATE TREE SET                      |
--------------------------------------------------------------------
Generating 98 parsimony trees... 0.087 second
Computing log-likelihood of 98 initial trees ... 0.391 seconds
Current best score: -2375.209

Do NNI search on 20 best initial trees
Estimate model parameters (epsilon = 0.100)
BETTER TREE FOUND at iteration 1: -2375.204
UPDATE BEST LOG-LIKELIHOOD: -2375.204
Estimate model parameters (epsilon = 0.100)
BETTER TREE FOUND at iteration 10: -2375.084
Iteration 10 / LogL: -2375.084 / Time: 0h:0m:0s
Iteration 20 / LogL: -2389.938 / Time: 0h:0m:1s
Finish initializing candidate tree set (9)
Current best tree score: -2375.084 / CPU time: 1.037
Number of iterations: 20
--------------------------------------------------------------------
|               OPTIMIZING CANDIDATE TREE SET                      |
--------------------------------------------------------------------
Iteration 30 / LogL: -2375.101 / Time: 0h:0m:1s (0h:0m:4s left)
UPDATE BEST LOG-LIKELIHOOD: -2375.083
UPDATE BEST LOG-LIKELIHOOD: -2375.083
Iteration 40 / LogL: -2375.084 / Time: 0h:0m:2s (0h:0m:3s left)
Iteration 50 / LogL: -2375.211 / Time: 0h:0m:2s (0h:0m:3s left)
Iteration 60 / LogL: -2375.212 / Time: 0h:0m:3s (0h:0m:2s left)
UPDATE BEST LOG-LIKELIHOOD: -2375.083
Iteration 70 / LogL: -2375.083 / Time: 0h:0m:3s (0h:0m:1s left)
Iteration 80 / LogL: -2375.091 / Time: 0h:0m:3s (0h:0m:1s left)
Iteration 90 / LogL: -2375.083 / Time: 0h:0m:4s (0h:0m:0s left)
Iteration 100 / LogL: -2375.211 / Time: 0h:0m:4s (0h:0m:0s left)
Iteration 110 / LogL: -2375.212 / Time: 0h:0m:5s (0h:0m:0s left)
TREE SEARCH COMPLETED AFTER 111 ITERATIONS / Time: 0h:0m:5s

--------------------------------------------------------------------
|                    FINALIZING TREE SEARCH                        |
--------------------------------------------------------------------
Performs final model parameters optimization
Estimate model parameters (epsilon = 0.010)
1. Initial log-likelihood: -2375.083
Optimal log-likelihood: -2375.082
Gamma shape alpha: 1.787
Parameters optimization took 1 rounds (0.006 sec)
BEST SCORE FOUND : -2375.082
Total tree length: 5.718

Total number of iterations: 111
CPU time used for tree search: 5.027 sec (0h:0m:5s)
Wall-clock time used for tree search: 5.126 sec (0h:0m:5s)
Total CPU time used: 5.118 sec (0h:0m:5s)
Total wall-clock time used: 5.239 sec (0h:0m:5s)

===> COMPUTE CONSENSUS TREE FROM 100BOOTSTRAP TREES

Reading tree(s) file crystal.tdialn.boottrees ...
100 un-rooted tree(s) loaded
0 split(s) discarded because frequency <= -1.000
120 splits found
Consensus tree written to crystal.tdialn.contree

===> START ANALYSIS ON THE ORIGINAL ALIGNMENT

WARNING: States(s) E, I, K, M rarely appear in alignment and may cause numerical problems

Create initial parsimony tree by phylogenetic likelihood library (PLL)... 0.001 seconds
Reading model parameters from file /Users/mful870/Desktop/MD_3di_Dev_02Oct24/Scriptorum/SubstitutionMatrix/3di_substmat

NOTE: 1 MB RAM (0 GB) is required!
Estimate model parameters (epsilon = 0.100)
1. Initial log-likelihood: -2628.698
2. Current log-likelihood: -2589.827
3. Current log-likelihood: -2589.252
Optimal log-likelihood: -2589.222
Gamma shape alpha: 2.074
Parameters optimization took 3 rounds (0.042 sec)
Computing ML distances based on estimated model parameters... 0.038 sec
Computing BIONJ tree...
0.010 seconds
Log-likelihood of BIONJ tree: -2589.487
--------------------------------------------------------------------
|             INITIALIZING CANDIDATE TREE SET                      |
--------------------------------------------------------------------
Generating 98 parsimony trees... 0.082 second
Computing log-likelihood of 98 initial trees ... 0.559 seconds
Current best score: -2589.222

Do NNI search on 20 best initial trees
Estimate model parameters (epsilon = 0.100)
BETTER TREE FOUND at iteration 1: -2586.704
Iteration 10 / LogL: -2591.854 / Time: 0h:0m:1s
Iteration 20 / LogL: -2591.798 / Time: 0h:0m:1s
Finish initializing candidate tree set (4)
Current best tree score: -2586.704 / CPU time: 1.366
Number of iterations: 20
--------------------------------------------------------------------
|               OPTIMIZING CANDIDATE TREE SET                      |
--------------------------------------------------------------------
Iteration 30 / LogL: -2586.744 / Time: 0h:0m:1s (0h:0m:4s left)
UPDATE BEST LOG-LIKELIHOOD: -2586.704
Iteration 40 / LogL: -2588.168 / Time: 0h:0m:2s (0h:0m:3s left)
Iteration 50 / LogL: -2587.014 / Time: 0h:0m:2s (0h:0m:2s left)
Iteration 60 / LogL: -2586.704 / Time: 0h:0m:3s (0h:0m:2s left)
Iteration 70 / LogL: -2586.729 / Time: 0h:0m:4s (0h:0m:1s left)
Iteration 80 / LogL: -2586.725 / Time: 0h:0m:4s (0h:0m:1s left)
Iteration 90 / LogL: -2586.712 / Time: 0h:0m:4s (0h:0m:0s left)
Iteration 100 / LogL: -2586.707 / Time: 0h:0m:5s (0h:0m:0s left)
TREE SEARCH COMPLETED AFTER 102 ITERATIONS / Time: 0h:0m:5s

--------------------------------------------------------------------
|                    FINALIZING TREE SEARCH                        |
--------------------------------------------------------------------
Performs final model parameters optimization
Estimate model parameters (epsilon = 0.010)
1. Initial log-likelihood: -2586.704
Optimal log-likelihood: -2586.704
Gamma shape alpha: 2.060
Parameters optimization took 1 rounds (0.009 sec)
BEST SCORE FOUND : -2586.704
Total tree length: 6.860

Total number of iterations: 102
CPU time used for tree search: 5.259 sec (0h:0m:5s)
Wall-clock time used for tree search: 5.344 sec (0h:0m:5s)
Total CPU time used: 5.366 sec (0h:0m:5s)
Total wall-clock time used: 5.474 sec (0h:0m:5s)
Reading input trees file crystal.tdialn.contree
Log-likelihood of consensus tree: -2586.704

===> ASSIGN BOOTSTRAP SUPPORTS TO THE TREE FROM ORIGINAL ALIGNMENT

Reading tree crystal.tdialn.treefile ...
Reading tree(s) file crystal.tdialn.boottrees ...
100 un-rooted tree(s) loaded
Rescaling split weights by 1.000
120 splits found
Creating bootstrap support values...
Tree with assigned support written to crystal.tdialn.treefile

Analysis results written to: 
  IQ-TREE report:                crystal.tdialn.iqtree
  Maximum-likelihood tree:       crystal.tdialn.treefile
  Likelihood distances:          crystal.tdialn.mldist
  Screen log file:               crystal.tdialn.log

Total CPU time for bootstrap: 516.588 seconds.
Total wall-clock time for bootstrap: 532.479 seconds.

Non-parametric bootstrap results written to:
Bootstrap trees:          crystal.tdialn.boottrees
  Consensus tree:           crystal.tdialn.contree

Date and Time: Tue Jun  3 11:00:24 2025
