IQ-TREE multicore version 1.6.8 for Mac OS X 64-bit built Oct 28 2018
Developed by Bui Quang Minh, Nguyen Lam Tung, Olga Chernomor,
Heiko Schmidt, Dominik Schrempf, Michael Woodhams.

Host:    sc-sbs-383386 (AVX512, FMA3, 32 GB RAM)
Command: /Users/mful870/Bioinformatics_Programs/iqtree-1.6.8-MacOSX/bin/iqtree -redo -s crystal_aa.fa -b 100
Seed:    564601 (Using SPRNG - Scalable Parallel Random Number Generator)
Time:    Fri May 30 22:32:56 2025
Kernel:  AVX+FMA - 1 threads (16 CPU cores detected)

HINT: Use -nt option to specify number of threads because your CPU has 16 cores!
HINT: -nt AUTO will automatically determine the best number of threads to use.

Reading alignment file crystal_aa.fa ... Fasta format detected
Alignment most likely contains protein sequences
Alignment has 23 sequences with 661 columns, 609 distinct patterns
298 parsimony-informative, 244 singleton sites, 119 constant sites
WARNING: Some sequence names are changed as follows:
c_124_1_0+4oqp_A -> c_124_1_0_4oqp_A
c_124_1_8+2gnp_A -> c_124_1_8_2gnp_A
c_124_1_0+3kv1_A -> c_124_1_0_3kv1_A
c_124_1_0+4l4y_A -> c_124_1_0_4l4y_A
c_124_1_8+2o0m_A -> c_124_1_8_2o0m_A
c_124_1_8+3efb_A -> c_124_1_8_3efb_A
c_124_1_1+1pbt_A -> c_124_1_1_1pbt_A
c_124_1_1+1ne7_A -> c_124_1_1_1ne7_A
c_124_1_1+4r7t_A -> c_124_1_1_4r7t_A
c_124_1_1+1jt9_A -> c_124_1_1_1jt9_A
c_124_1_8+2r5f_A -> c_124_1_8_2r5f_A
c_124_1_0+5n01_D -> c_124_1_0_5n01_D
c_124_1_3+1poi_B -> c_124_1_3_1poi_B
c_124_1_7+2g40_A -> c_124_1_7_2g40_A
c_124_1_6+1sbq_A -> c_124_1_6_1sbq_A
c_124_1_6+1wkc_A -> c_124_1_6_1wkc_A
c_124_1_2+1poi_A -> c_124_1_2_1poi_A
c_124_1_0+3cdk_A -> c_124_1_0_3cdk_A
c_124_1_0+3rrl_A -> c_124_1_0_3rrl_A
c_124_1_0+5dbn_A -> c_124_1_0_5dbn_A
c_124_1_5+1t9k_A -> c_124_1_5_1t9k_A
c_124_1_5+1vb5_A -> c_124_1_5_1vb5_A
c_124_1_5+1w2w_A -> c_124_1_5_1w2w_A

                  Gap/Ambiguity  Composition  p-value
   1  c_124_1_0_4oqp_A   61.57%    passed     99.86%
   2  c_124_1_8_2gnp_A   60.36%    failed      4.15%
   3  c_124_1_0_3kv1_A   61.72%    passed     48.33%
   4  c_124_1_0_4l4y_A   64.15%    failed      2.69%
   5  c_124_1_8_2o0m_A   62.63%    passed     61.74%
   6  c_124_1_8_3efb_A   62.78%    passed     56.73%
   7  c_124_1_1_1pbt_A   66.72%    passed     23.65%
   8  c_124_1_1_1ne7_A   57.49%    passed     57.51%
   9  c_124_1_1_4r7t_A   59.76%    passed     91.68%
  10  c_124_1_1_1jt9_A   62.63%    passed     87.03%
  11  c_124_1_8_2r5f_A   67.02%    passed     12.10%
  12  c_124_1_0_5n01_D   63.69%    failed      0.00%
  13  c_124_1_3_1poi_B   60.67%    passed     76.45%
  14  c_124_1_7_2g40_A   75.19%    failed      1.61%
  15  c_124_1_6_1sbq_A   75.19%    failed      0.13%
  16  c_124_1_6_1wkc_A   74.58%    failed      0.00%
  17  c_124_1_2_1poi_A   52.04%    passed      9.70%
  18  c_124_1_0_3cdk_A   65.36%    passed     68.88%
  19  c_124_1_0_3rrl_A   65.20%    passed     12.16%
  20  c_124_1_0_5dbn_A   67.47%    failed      4.81%
  21  c_124_1_5_1t9k_A   48.56%    passed     22.07%
  22  c_124_1_5_1vb5_A   58.55%    passed     10.05%
  23  c_124_1_5_1w2w_A   68.08%    failed      1.73%
WARNING: 22 sequences contain more than 50% gaps/ambiguity
****  TOTAL              63.54%  8 sequences failed composition chi2 test (p-value<5%; df=19)


Create initial parsimony tree by phylogenetic likelihood library (PLL)... 0.004 seconds
NOTE: ModelFinder requires 22 MB RAM!
ModelFinder will test 546 protein models (sample size: 661) ...
 No. Model         -LnL         df  AIC          AICc         BIC
  1  Dayhoff       13745.310    43  27576.620    27582.753    27769.852
  2  Dayhoff+I     13745.212    44  27578.424    27584.852    27776.149
  3  Dayhoff+G4    13703.779    44  27495.558    27501.987    27693.284
  4  Dayhoff+I+G4  13703.819    45  27497.638    27504.370    27699.857
  5  Dayhoff+R2    13707.418    45  27504.835    27511.567    27707.054
  6  Dayhoff+R3    13702.439    47  27498.877    27506.238    27710.083
 14  Dayhoff+F     13640.583    62  27405.166    27418.229    27683.778
 15  Dayhoff+F+I   13640.549    63  27407.098    27420.605    27690.204
 16  Dayhoff+F+G4  13595.799    63  27317.598    27331.105    27600.704
 17  Dayhoff+F+I+G4 13595.793    64  27319.585    27333.545    27607.186
 18  Dayhoff+F+R2  13599.226    64  27326.452    27340.412    27614.052
 19  Dayhoff+F+R3  13594.799    66  27321.599    27336.488    27618.187
 27  mtMAM         14525.859    43  29137.717    29143.850    29330.949
 28  mtMAM+I       14518.913    44  29125.826    29132.255    29323.551
 29  mtMAM+G4      14408.513    44  28905.026    28911.455    29102.751
 30  mtMAM+I+G4    14408.502    45  28907.004    28913.736    29109.223
 31  mtMAM+R2      14439.095    45  28968.189    28974.921    29170.408
 32  mtMAM+R3      14411.812    47  28917.624    28924.984    29128.830
 33  mtMAM+R4      14399.084    49  28896.168    28904.188    29116.362
 34  mtMAM+R5      14396.034    51  28894.067    28902.777    29123.249
 40  mtMAM+F       13864.864    62  27853.729    27866.792    28132.341
 41  mtMAM+F+I     13862.014    63  27850.028    27863.536    28133.135
 42  mtMAM+F+G4    13756.935    63  27639.870    27653.378    27922.977
 43  mtMAM+F+I+G4  13756.924    64  27641.848    27655.808    27929.448
 44  mtMAM+F+R2    13789.510    64  27707.020    27720.980    27994.621
 45  mtMAM+F+R3    13768.793    66  27669.586    27684.475    27966.174
 46  mtMAM+F+R4    13751.781    68  27639.562    27655.414    27945.138
 47  mtMAM+F+R5    13749.420    70  27638.839    27655.686    27953.402
 53  JTT           13587.848    43  27261.695    27267.828    27454.926
 54  JTT+I         13587.826    44  27263.652    27270.081    27461.378
 55  JTT+G4        13554.708    44  27197.417    27203.846    27395.142
 56  JTT+I+G4      13554.717    45  27199.433    27206.165    27401.652
 57  JTT+R2        13555.492    45  27200.985    27207.716    27403.204
 58  JTT+R3        13554.738    47  27203.477    27210.837    27414.683
 66  JTT+F         13567.909    62  27259.817    27272.881    27538.430
 67  JTT+F+I       13567.863    63  27261.725    27275.233    27544.832
 68  JTT+F+G4      13534.530    63  27195.059    27208.567    27478.166
 69  JTT+F+I+G4    13534.523    64  27197.046    27211.006    27484.647
 70  JTT+F+R2      13535.196    64  27198.393    27212.352    27485.993
 71  JTT+F+R3      13534.558    66  27201.116    27216.005    27497.704
 79  WAG           13484.652    43  27055.304    27061.437    27248.535
 80  WAG+I         13484.618    44  27057.235    27063.664    27254.960
 81  WAG+G4        13470.398    44  27028.795    27035.224    27226.521
 82  WAG+I+G4      13470.398    45  27030.796    27037.527    27233.015
 83  WAG+R2        13469.925    45  27029.851    27036.583    27232.070
 84  WAG+R3        13469.262    47  27032.524    27039.884    27243.730
 92  WAG+F         13451.106    62  27026.211    27039.275    27304.824
 93  WAG+F+I       13451.027    63  27028.054    27041.561    27311.160
 94  WAG+F+G4      13435.232    63  26996.464    27009.972    27279.571
 95  WAG+F+I+G4    13435.220    64  26998.441    27012.400    27286.041
 96  WAG+F+R2      13434.863    64  26997.726    27011.686    27285.326
 97  WAG+F+R3      13434.416    66  27000.832    27015.721    27297.420
105  cpREV         13530.404    43  27146.808    27152.941    27340.040
106  cpREV+I       13530.227    44  27148.455    27154.883    27346.180
107  cpREV+G4      13506.748    44  27101.495    27107.924    27299.220
108  cpREV+I+G4    13506.738    45  27103.476    27110.208    27305.695
109  cpREV+R2      13506.254    45  27102.508    27109.240    27304.727
110  cpREV+R3      13505.873    47  27105.746    27113.106    27316.952
118  cpREV+F       13504.481    62  27132.962    27146.025    27411.574
119  cpREV+F+I     13504.371    63  27134.742    27148.250    27417.848
120  cpREV+F+G4    13478.828    63  27083.657    27097.164    27366.763
121  cpREV+F+I+G4  13478.816    64  27085.631    27099.591    27373.232
122  cpREV+F+R2    13478.944    64  27085.888    27099.848    27373.488
123  cpREV+F+R3    13478.514    66  27089.028    27103.917    27385.616
131  mtREV         14311.325    43  28708.651    28714.784    28901.882
132  mtREV+I       14309.138    44  28706.277    28712.705    28904.002
133  mtREV+G4      14235.682    44  28559.364    28565.793    28757.089
134  mtREV+I+G4    14235.681    45  28561.362    28568.094    28763.581
135  mtREV+R2      14243.102    45  28576.203    28582.935    28778.422
136  mtREV+R3      14240.877    47  28575.754    28583.114    28786.960
144  mtREV+F       13654.451    62  27432.901    27445.965    27711.514
145  mtREV+F+I     13654.107    63  27434.213    27447.721    27717.320
146  mtREV+F+G4    13595.196    63  27316.391    27329.899    27599.498
147  mtREV+F+I+G4  13595.161    64  27318.323    27332.283    27605.923
148  mtREV+F+R2    13601.117    64  27330.235    27344.194    27617.835
149  mtREV+F+R3    13600.889    66  27333.778    27348.667    27630.366
157  rtREV         13549.943    43  27185.885    27192.018    27379.117
158  rtREV+I       13548.513    44  27185.026    27191.455    27382.752
159  rtREV+G4      13523.906    44  27135.812    27142.240    27333.537
160  rtREV+I+G4    13523.908    45  27137.817    27144.548    27340.036
161  rtREV+R2      13524.542    45  27139.085    27145.816    27341.304
162  rtREV+R3      13524.522    47  27143.043    27150.404    27354.250
170  rtREV+F       13454.967    62  27033.935    27046.998    27312.547
171  rtREV+F+I     13453.753    63  27033.506    27047.013    27316.612
172  rtREV+F+G4    13428.822    63  26983.644    26997.152    27266.751
173  rtREV+F+I+G4  13428.813    64  26985.627    26999.586    27273.227
174  rtREV+F+R2    13429.648    64  26987.296    27001.256    27274.896
175  rtREV+F+R3    13429.642    66  26991.283    27006.172    27287.871
183  mtART         14528.436    43  29142.872    29149.005    29336.103
184  mtART+I       14522.885    44  29133.771    29140.200    29331.496
185  mtART+G4      14396.624    44  28881.249    28887.677    29078.974
186  mtART+I+G4    14396.624    45  28883.247    28889.979    29085.466
187  mtART+R2      14452.876    45  28995.753    29002.484    29197.972
188  mtART+R3      14452.876    47  28999.752    29007.112    29210.958
196  mtART+F       13817.953    62  27759.905    27772.969    28038.518
197  mtART+F+I     13813.965    63  27753.930    27767.437    28037.036
198  mtART+F+G4    13686.373    63  27498.747    27512.254    27781.853
199  mtART+F+I+G4  13686.364    64  27500.729    27514.689    27788.329
200  mtART+F+R2    13744.749    64  27617.497    27631.457    27905.097
201  mtART+F+R3    13744.697    66  27621.394    27636.282    27917.981
209  mtZOA         14247.123    43  28580.247    28586.380    28773.478
210  mtZOA+I       14243.229    44  28574.458    28580.886    28772.183
211  mtZOA+G4      14144.891    44  28377.782    28384.211    28575.507
212  mtZOA+I+G4    14144.892    45  28379.783    28386.515    28582.002
213  mtZOA+R2      14176.891    45  28443.782    28450.514    28646.001
214  mtZOA+R3      14176.862    47  28447.723    28455.084    28658.930
222  mtZOA+F       13716.264    62  27556.528    27569.592    27835.141
223  mtZOA+F+I     13714.295    63  27554.591    27568.098    27837.697
224  mtZOA+F+G4    13608.757    63  27343.515    27357.022    27626.621
225  mtZOA+F+I+G4  13608.759    64  27345.517    27359.477    27633.117
226  mtZOA+F+R2    13649.042    64  27426.084    27440.043    27713.684
227  mtZOA+F+R3    13649.004    66  27430.007    27444.896    27726.595
235  VT            13447.565    43  26981.130    26987.263    27174.361
236  VT+I          13447.475    44  26982.950    26989.379    27180.675
237  VT+G4         13437.062    44  26962.124    26968.552    27159.849
238  VT+I+G4       13437.065    45  26964.130    26970.861    27166.349
239  VT+R2         13436.309    45  26962.619    26969.350    27164.838
240  VT+R3         13436.280    47  26966.560    26973.921    27177.767
248  VT+F          13427.200    62  26978.399    26991.463    27257.012
249  VT+F+I        13427.128    63  26980.257    26993.764    27263.363
250  VT+F+G4       13417.470    63  26960.940    26974.448    27244.047
251  VT+F+I+G4     13417.467    64  26962.934    26976.894    27250.534
252  VT+F+R2       13416.632    64  26961.265    26975.224    27248.865
253  VT+F+R3       13416.596    66  26965.193    26980.082    27261.781
261  LG            13468.094    43  27022.188    27028.321    27215.419
262  LG+I          13467.100    44  27022.200    27028.629    27219.925
263  LG+G4         13435.132    44  26958.264    26964.692    27155.989
264  LG+I+G4       13435.130    45  26960.259    26966.991    27162.478
265  LG+R2         13436.551    45  26963.102    26969.834    27165.321
266  LG+R3         13436.524    47  26967.048    26974.408    27178.254
274  LG+F          13460.430    62  27044.860    27057.924    27323.473
275  LG+F+I        13459.390    63  27044.779    27058.287    27327.886
276  LG+F+G4       13429.592    63  26985.183    26998.691    27268.290
277  LG+F+I+G4     13429.584    64  26987.169    27001.128    27274.769
278  LG+F+R2       13430.487    64  26988.973    27002.933    27276.574
279  LG+F+R3       13430.484    66  26992.968    27007.857    27289.556
287  DCMut         13744.330    43  27574.660    27580.793    27767.892
288  DCMut+I       13744.238    44  27576.476    27582.904    27774.201
289  DCMut+G4      13703.076    44  27494.151    27500.580    27691.877
290  DCMut+I+G4    13703.080    45  27496.159    27502.891    27698.378
291  DCMut+R2      13705.806    45  27501.612    27508.344    27703.831
292  DCMut+R3      13705.791    47  27505.582    27512.942    27716.788
300  DCMut+F       13639.834    62  27403.669    27416.732    27682.281
301  DCMut+F+I     13639.781    63  27405.561    27419.069    27688.668
302  DCMut+F+G4    13595.281    63  27316.562    27330.069    27599.668
303  DCMut+F+I+G4  13595.258    64  27318.516    27332.476    27606.117
304  DCMut+F+R2    13598.297    64  27324.593    27338.553    27612.193
305  DCMut+F+R3    13598.278    66  27328.556    27343.445    27625.144
313  PMB           13447.082    43  26980.164    26986.297    27173.395
314  PMB+I         13446.387    44  26980.774    26987.202    27178.499
315  PMB+G4        13441.413    44  26970.826    26977.254    27168.551
316  PMB+I+G4      13441.413    45  26972.827    26979.559    27175.046
317  PMB+R2        13440.559    45  26971.118    26977.850    27173.337
318  PMB+R3        13440.556    47  26975.111    26982.472    27186.318
326  PMB+F         13417.319    62  26958.639    26971.702    27237.251
327  PMB+F+I       13416.743    63  26959.487    26972.994    27242.593
328  PMB+F+G4      13410.729    63  26947.458    26960.965    27230.564
329  PMB+F+I+G4    13410.729    64  26949.458    26963.417    27237.058
330  PMB+F+R2      13409.971    64  26947.942    26961.902    27235.542
331  PMB+F+R3      13409.947    66  26951.894    26966.783    27248.482
339  HIVb          13774.532    43  27635.064    27641.197    27828.295
340  HIVb+I        13770.866    44  27629.733    27636.161    27827.458
341  HIVb+G4       13717.120    44  27522.241    27528.669    27719.966
342  HIVb+I+G4     13717.115    45  27524.231    27530.963    27726.450
343  HIVb+R2       13721.712    45  27533.423    27540.155    27735.642
344  HIVb+R3       13721.689    47  27537.377    27544.738    27748.583
352  HIVb+F        13738.071    62  27600.142    27613.205    27878.754
353  HIVb+F+I      13735.013    63  27596.027    27609.534    27879.133
354  HIVb+F+G4     13675.796    63  27477.592    27491.099    27760.698
355  HIVb+F+I+G4   13675.753    64  27479.507    27493.467    27767.107
356  HIVb+F+R2     13681.653    64  27491.306    27505.265    27778.906
357  HIVb+F+R3     13681.600    66  27495.199    27510.088    27791.787
365  HIVw          14243.301    43  28572.603    28578.736    28765.834
366  HIVw+I        14243.290    44  28574.581    28581.009    28772.306
367  HIVw+G4       14146.809    44  28381.619    28388.047    28579.344
368  HIVw+I+G4     14146.808    45  28383.616    28390.348    28585.835
369  HIVw+R2       14153.805    45  28397.609    28404.341    28599.828
370  HIVw+R3       14153.788    47  28401.577    28408.937    28612.783
378  HIVw+F        13934.569    62  27993.139    28006.202    28271.751
379  HIVw+F+I      13934.544    63  27995.088    28008.596    28278.195
380  HIVw+F+G4     13840.921    63  27807.841    27821.349    28090.948
381  HIVw+F+I+G4   13840.913    64  27809.826    27823.786    28097.427
382  HIVw+F+R2     13849.624    64  27827.247    27841.207    28114.847
383  HIVw+F+R3     13849.615    66  27831.230    27846.119    28127.818
391  JTTDCMut      13586.121    43  27258.242    27264.375    27451.473
392  JTTDCMut+I    13586.105    44  27260.209    27266.638    27457.934
393  JTTDCMut+G4   13553.593    44  27195.185    27201.614    27392.910
394  JTTDCMut+I+G4 13553.596    45  27197.193    27203.925    27399.412
395  JTTDCMut+R2   13554.563    45  27199.127    27205.858    27401.346
396  JTTDCMut+R3   13554.550    47  27203.100    27210.461    27414.307
404  JTTDCMut+F    13565.406    62  27254.813    27267.877    27533.426
405  JTTDCMut+F+I  13565.373    63  27256.746    27270.253    27539.852
406  JTTDCMut+F+G4 13532.538    63  27191.076    27204.584    27474.183
407  JTTDCMut+F+I+G4 13532.531    64  27193.063    27207.022    27480.663
408  JTTDCMut+F+R2 13533.329    64  27194.657    27208.617    27482.257
409  JTTDCMut+F+R3 13533.269    66  27198.539    27213.428    27495.127
417  FLU           13817.364    43  27720.729    27726.862    27913.960
418  FLU+I         13816.342    44  27720.684    27727.113    27918.409
419  FLU+G4        13760.178    44  27608.355    27614.784    27806.081
420  FLU+I+G4      13760.176    45  27610.352    27617.084    27812.571
421  FLU+R2        13763.739    45  27617.477    27624.209    27819.696
422  FLU+R3        13763.702    47  27621.405    27628.765    27832.611
430  FLU+F         13677.817    62  27479.634    27492.698    27758.247
431  FLU+F+I       13676.391    63  27478.782    27492.289    27761.888
432  FLU+F+G4      13624.092    63  27374.183    27387.691    27657.290
433  FLU+F+I+G4    13624.085    64  27376.171    27390.130    27663.771
434  FLU+F+R2      13628.082    64  27384.163    27398.123    27671.764
435  FLU+F+R3      13628.074    66  27388.149    27403.037    27684.736
443  Blosum62      13418.627    43  26923.253    26929.386    27116.485
444  Blosum62+I    13418.493    44  26924.985    26931.414    27122.711
445  Blosum62+G4   13412.483    44  26912.965    26919.394    27110.690
446  Blosum62+I+G4 13412.481    45  26914.962    26921.694    27117.181
447  Blosum62+R2   13411.555    45  26913.110    26919.842    27115.329
448  Blosum62+R3   13411.494    47  26916.989    26924.349    27128.195
456  Blosum62+F    13402.552    62  26929.104    26942.168    27207.717
457  Blosum62+F+I  13402.437    63  26930.874    26944.382    27213.981
458  Blosum62+F+G4 13396.168    63  26918.337    26931.844    27201.443
459  Blosum62+F+I+G4 13396.165    64  26920.330    26934.290    27207.930
460  Blosum62+F+R2 13395.291    64  26918.582    26932.542    27206.182
461  Blosum62+F+R3 13395.228    66  26922.457    26937.346    27219.045
469  mtMet         14434.710    43  28955.421    28961.553    29148.652
470  mtMet+I       14431.683    44  28951.366    28957.795    29149.091
471  mtMet+G4      14339.943    44  28767.887    28774.315    28965.612
472  mtMet+I+G4    14339.942    45  28769.885    28776.616    28972.104
473  mtMet+R2      14351.815    45  28793.630    28800.362    28995.849
474  mtMet+R3      14344.899    47  28783.797    28791.158    28995.004
475  mtMet+R4      14335.021    49  28768.041    28776.061    28988.235
476  mtMet+R5      14333.121    51  28768.241    28776.951    28997.423
482  mtMet+F       13704.308    62  27532.615    27545.679    27811.228
483  mtMet+F+I     13703.135    63  27532.269    27545.777    27815.376
484  mtMet+F+G4    13620.079    63  27366.158    27379.665    27649.264
485  mtMet+F+I+G4  13620.061    64  27368.121    27382.081    27655.721
486  mtMet+F+R2    13637.232    64  27402.464    27416.424    27690.064
487  mtMet+F+R3    13633.569    66  27399.137    27414.026    27695.725
495  mtVer         14456.582    43  28999.163    29005.296    29192.395
496  mtVer+I       14450.520    44  28989.039    28995.468    29186.764
497  mtVer+G4      14366.267    44  28820.534    28826.963    29018.259
498  mtVer+I+G4    14366.283    45  28822.567    28829.299    29024.786
499  mtVer+R2      14366.466    45  28822.931    28829.663    29025.150
500  mtVer+R3      14363.212    47  28820.423    28827.784    29031.630
508  mtVer+F       13806.159    62  27736.319    27749.382    28014.932
509  mtVer+F+I     13803.848    63  27733.697    27747.204    28016.803
510  mtVer+F+G4    13708.232    63  27542.464    27555.972    27825.571
511  mtVer+F+I+G4  13708.206    64  27544.412    27558.371    27832.012
512  mtVer+F+R2    13725.141    64  27578.281    27592.241    27865.882
513  mtVer+F+R3    13722.583    66  27577.165    27592.054    27873.753
521  mtInv         14560.051    43  29206.101    29212.234    29399.333
522  mtInv+I       14557.817    44  29203.635    29210.063    29401.360
523  mtInv+G4      14476.826    44  29041.652    29048.080    29239.377
524  mtInv+I+G4    14476.830    45  29043.659    29050.391    29245.878
525  mtInv+R2      14472.393    45  29034.786    29041.518    29237.005
526  mtInv+R3      14472.368    47  29038.736    29046.097    29249.943
534  mtInv+F       13630.029    62  27384.059    27397.122    27662.671
535  mtInv+F+I     13629.153    63  27384.306    27397.814    27667.413
536  mtInv+F+G4    13560.528    63  27247.055    27260.563    27530.162
537  mtInv+F+I+G4  13560.510    64  27249.020    27262.979    27536.620
538  mtInv+F+R2    13566.822    64  27261.643    27275.603    27549.243
539  mtInv+F+R3    13566.787    66  27265.573    27280.462    27562.161
Akaike Information Criterion:           Blosum62+G4
Corrected Akaike Information Criterion: Blosum62+G4
Bayesian Information Criterion:         Blosum62+G4
Best-fit model: Blosum62+G4 chosen according to BIC

All model information printed to crystal_aa.fa.model.gz
CPU time for ModelFinder: 64.702 seconds (0h:1m:4s)
Wall-clock time for ModelFinder: 65.978 seconds (0h:1m:5s)

===> START BOOTSTRAP REPLICATE NUMBER 1

Creating bootstrap alignment (seed: 564601)...

Create initial parsimony tree by phylogenetic likelihood library (PLL)... 0.002 seconds

NOTE: 5 MB RAM (0 GB) is required!
Estimate model parameters (epsilon = 0.100)
1. Initial log-likelihood: -13982.673
2. Current log-likelihood: -13391.933
3. Current log-likelihood: -13373.379
4. Current log-likelihood: -13372.093
5. Current log-likelihood: -13371.976
Optimal log-likelihood: -13371.951
Gamma shape alpha: 13.090
Parameters optimization took 5 rounds (0.384 sec)
Computing ML distances based on estimated model parameters... 0.122 sec
WARNING: Some pairwise ML distances are too long (saturated)
Computing BIONJ tree...
0.009 seconds
Log-likelihood of BIONJ tree: -13349.136
--------------------------------------------------------------------
|             INITIALIZING CANDIDATE TREE SET                      |
--------------------------------------------------------------------
Generating 98 parsimony trees... 0.343 second
Computing log-likelihood of 98 initial trees ... 2.445 seconds
Current best score: -13349.136

Do NNI search on 20 best initial trees
Estimate model parameters (epsilon = 0.100)
BETTER TREE FOUND at iteration 1: -13328.534
Estimate model parameters (epsilon = 0.100)
BETTER TREE FOUND at iteration 2: -13327.138
Iteration 10 / LogL: -13358.159 / Time: 0h:0m:6s
Iteration 20 / LogL: -13330.610 / Time: 0h:0m:9s
Finish initializing candidate tree set (13)
Current best tree score: -13327.138 / CPU time: 8.578
Number of iterations: 20
--------------------------------------------------------------------
|               OPTIMIZING CANDIDATE TREE SET                      |
--------------------------------------------------------------------
Iteration 30 / LogL: -13331.407 / Time: 0h:0m:11s (0h:0m:28s left)
Iteration 40 / LogL: -13328.046 / Time: 0h:0m:14s (0h:0m:22s left)
Iteration 50 / LogL: -13327.859 / Time: 0h:0m:17s (0h:0m:18s left)
Iteration 60 / LogL: -13327.782 / Time: 0h:0m:19s (0h:0m:14s left)
Iteration 70 / LogL: -13330.692 / Time: 0h:0m:22s (0h:0m:10s left)
Iteration 80 / LogL: -13327.167 / Time: 0h:0m:24s (0h:0m:6s left)
Iteration 90 / LogL: -13327.377 / Time: 0h:0m:27s (0h:0m:3s left)
Iteration 100 / LogL: -13330.675 / Time: 0h:0m:29s (0h:0m:0s left)
TREE SEARCH COMPLETED AFTER 103 ITERATIONS / Time: 0h:0m:30s

--------------------------------------------------------------------
|                    FINALIZING TREE SEARCH                        |
--------------------------------------------------------------------
Performs final model parameters optimization
Estimate model parameters (epsilon = 0.010)
1. Initial log-likelihood: -13327.138
Optimal log-likelihood: -13327.130
Gamma shape alpha: 19.398
Parameters optimization took 1 rounds (0.038 sec)
BEST SCORE FOUND : -13327.130
Total tree length: 24.726

Total number of iterations: 103
CPU time used for tree search: 29.941 sec (0h:0m:29s)
Wall-clock time used for tree search: 30.147 sec (0h:0m:30s)
Total CPU time used: 30.563 sec (0h:0m:30s)
Total wall-clock time used: 30.828 sec (0h:0m:30s)

===> START BOOTSTRAP REPLICATE NUMBER 2

Creating bootstrap alignment (seed: 564602)...

Create initial parsimony tree by phylogenetic likelihood library (PLL)... 0.003 seconds

NOTE: 5 MB RAM (0 GB) is required!
Estimate model parameters (epsilon = 0.100)
1. Initial log-likelihood: -14520.018
2. Current log-likelihood: -14040.510
3. Current log-likelihood: -14011.280
4. Current log-likelihood: -14008.404
5. Current log-likelihood: -14008.248
Optimal log-likelihood: -14008.236
Gamma shape alpha: 9.535
Parameters optimization took 5 rounds (0.343 sec)
Computing ML distances based on estimated model parameters... 0.122 sec
WARNING: Some pairwise ML distances are too long (saturated)
Computing BIONJ tree...
0.024 seconds
Log-likelihood of BIONJ tree: -13988.680
--------------------------------------------------------------------
|             INITIALIZING CANDIDATE TREE SET                      |
--------------------------------------------------------------------
Generating 98 parsimony trees... 0.337 second
Computing log-likelihood of 98 initial trees ... 2.443 seconds
Current best score: -13959.964

Do NNI search on 20 best initial trees
Estimate model parameters (epsilon = 0.100)
BETTER TREE FOUND at iteration 1: -13931.567
Estimate model parameters (epsilon = 0.100)
BETTER TREE FOUND at iteration 4: -13929.090
Estimate model parameters (epsilon = 0.100)
BETTER TREE FOUND at iteration 5: -13927.373
Iteration 10 / LogL: -13930.103 / Time: 0h:0m:7s
Iteration 20 / LogL: -13929.383 / Time: 0h:0m:11s
Finish initializing candidate tree set (14)
Current best tree score: -13927.373 / CPU time: 10.563
Number of iterations: 20
--------------------------------------------------------------------
|               OPTIMIZING CANDIDATE TREE SET                      |
--------------------------------------------------------------------
Estimate model parameters (epsilon = 0.100)
UPDATE BEST LOG-LIKELIHOOD: -13927.333
Iteration 30 / LogL: -13928.330 / Time: 0h:0m:14s (0h:0m:37s left)
Iteration 40 / LogL: -13928.091 / Time: 0h:0m:17s (0h:0m:29s left)
Iteration 50 / LogL: -13933.048 / Time: 0h:0m:21s (0h:0m:23s left)
Iteration 60 / LogL: -13928.141 / Time: 0h:0m:23s (0h:0m:18s left)
Iteration 70 / LogL: -13929.810 / Time: 0h:0m:26s (0h:0m:13s left)
Iteration 80 / LogL: -13927.957 / Time: 0h:0m:29s (0h:0m:9s left)
Iteration 90 / LogL: -13930.468 / Time: 0h:0m:32s (0h:0m:5s left)
Iteration 100 / LogL: -13927.999 / Time: 0h:0m:35s (0h:0m:1s left)
TREE SEARCH COMPLETED AFTER 106 ITERATIONS / Time: 0h:0m:37s

--------------------------------------------------------------------
|                    FINALIZING TREE SEARCH                        |
--------------------------------------------------------------------
Performs final model parameters optimization
Estimate model parameters (epsilon = 0.010)
1. Initial log-likelihood: -13927.333
Optimal log-likelihood: -13927.327
Gamma shape alpha: 12.113
Parameters optimization took 1 rounds (0.042 sec)
BEST SCORE FOUND : -13927.327
Total tree length: 26.505

Total number of iterations: 106
CPU time used for tree search: 36.802 sec (0h:0m:36s)
Wall-clock time used for tree search: 36.975 sec (0h:0m:36s)
Total CPU time used: 37.456 sec (0h:0m:37s)
Total wall-clock time used: 37.664 sec (0h:0m:37s)

===> START BOOTSTRAP REPLICATE NUMBER 3

Creating bootstrap alignment (seed: 564603)...

Create initial parsimony tree by phylogenetic likelihood library (PLL)... 0.006 seconds

NOTE: 6 MB RAM (0 GB) is required!
Estimate model parameters (epsilon = 0.100)
1. Initial log-likelihood: -14311.033
2. Current log-likelihood: -13771.816
3. Current log-likelihood: -13749.178
4. Current log-likelihood: -13747.632
5. Current log-likelihood: -13747.455
Optimal log-likelihood: -13747.421
Gamma shape alpha: 14.802
Parameters optimization took 5 rounds (0.444 sec)
Computing ML distances based on estimated model parameters... 0.119 sec
WARNING: Some pairwise ML distances are too long (saturated)
Computing BIONJ tree...
0.008 seconds
Log-likelihood of BIONJ tree: -13728.677
--------------------------------------------------------------------
|             INITIALIZING CANDIDATE TREE SET                      |
--------------------------------------------------------------------
Generating 98 parsimony trees... 0.308 second
Computing log-likelihood of 98 initial trees ... 2.479 seconds
Current best score: -13728.677

Do NNI search on 20 best initial trees
Estimate model parameters (epsilon = 0.100)
BETTER TREE FOUND at iteration 1: -13700.020
Estimate model parameters (epsilon = 0.100)
BETTER TREE FOUND at iteration 2: -13696.563
Iteration 10 / LogL: -13701.329 / Time: 0h:0m:6s
Iteration 20 / LogL: -13696.817 / Time: 0h:0m:10s
Finish initializing candidate tree set (6)
Current best tree score: -13696.563 / CPU time: 9.579
Number of iterations: 20
--------------------------------------------------------------------
|               OPTIMIZING CANDIDATE TREE SET                      |
--------------------------------------------------------------------
Iteration 30 / LogL: -13697.969 / Time: 0h:0m:13s (0h:0m:33s left)
Iteration 40 / LogL: -13697.501 / Time: 0h:0m:16s (0h:0m:26s left)
Iteration 50 / LogL: -13705.101 / Time: 0h:0m:19s (0h:0m:20s left)
Iteration 60 / LogL: -13700.297 / Time: 0h:0m:22s (0h:0m:15s left)
Iteration 70 / LogL: -13696.906 / Time: 0h:0m:25s (0h:0m:11s left)
Iteration 80 / LogL: -13697.032 / Time: 0h:0m:28s (0h:0m:7s left)
Iteration 90 / LogL: -13697.064 / Time: 0h:0m:31s (0h:0m:4s left)
Iteration 100 / LogL: -13696.588 / Time: 0h:0m:34s (0h:0m:0s left)
TREE SEARCH COMPLETED AFTER 103 ITERATIONS / Time: 0h:0m:35s

--------------------------------------------------------------------
|                    FINALIZING TREE SEARCH                        |
--------------------------------------------------------------------
Performs final model parameters optimization
Estimate model parameters (epsilon = 0.010)
1. Initial log-likelihood: -13696.563
Optimal log-likelihood: -13696.558
Gamma shape alpha: 18.797
Parameters optimization took 1 rounds (0.038 sec)
BEST SCORE FOUND : -13696.558
Total tree length: 24.293

Total number of iterations: 103
CPU time used for tree search: 34.578 sec (0h:0m:34s)
Wall-clock time used for tree search: 34.782 sec (0h:0m:34s)
Total CPU time used: 35.316 sec (0h:0m:35s)
Total wall-clock time used: 35.581 sec (0h:0m:35s)

===> START BOOTSTRAP REPLICATE NUMBER 4

Creating bootstrap alignment (seed: 564604)...

Create initial parsimony tree by phylogenetic likelihood library (PLL)... 0.004 seconds

NOTE: 5 MB RAM (0 GB) is required!
Estimate model parameters (epsilon = 0.100)
1. Initial log-likelihood: -14036.195
2. Current log-likelihood: -13511.495
3. Current log-likelihood: -13493.529
4. Current log-likelihood: -13492.671
Optimal log-likelihood: -13492.578
Gamma shape alpha: 9.474
Parameters optimization took 4 rounds (0.327 sec)
Computing ML distances based on estimated model parameters... 0.120 sec
WARNING: Some pairwise ML distances are too long (saturated)
Computing BIONJ tree...
0.009 seconds
Log-likelihood of BIONJ tree: -13456.640
--------------------------------------------------------------------
|             INITIALIZING CANDIDATE TREE SET                      |
--------------------------------------------------------------------
Generating 98 parsimony trees... 0.338 second
Computing log-likelihood of 98 initial trees ... 2.416 seconds
Current best score: -13456.640

Do NNI search on 20 best initial trees
Estimate model parameters (epsilon = 0.100)
BETTER TREE FOUND at iteration 1: -13435.576
Iteration 10 / LogL: -13441.743 / Time: 0h:0m:5s
Iteration 20 / LogL: -13438.334 / Time: 0h:0m:8s
Finish initializing candidate tree set (7)
Current best tree score: -13435.576 / CPU time: 7.514
Number of iterations: 20
--------------------------------------------------------------------
|               OPTIMIZING CANDIDATE TREE SET                      |
--------------------------------------------------------------------
Iteration 30 / LogL: -13436.089 / Time: 0h:0m:11s (0h:0m:27s left)
Estimate model parameters (epsilon = 0.100)
BETTER TREE FOUND at iteration 33: -13435.307
Estimate model parameters (epsilon = 0.100)
BETTER TREE FOUND at iteration 34: -13434.254
Iteration 40 / LogL: -13435.454 / Time: 0h:0m:14s (0h:0m:33s left)
Iteration 50 / LogL: -13435.570 / Time: 0h:0m:16s (0h:0m:28s left)
Iteration 60 / LogL: -13435.097 / Time: 0h:0m:19s (0h:0m:24s left)
Iteration 70 / LogL: -13435.295 / Time: 0h:0m:22s (0h:0m:20s left)
Iteration 80 / LogL: -13434.924 / Time: 0h:0m:24s (0h:0m:17s left)
Iteration 90 / LogL: -13450.962 / Time: 0h:0m:28s (0h:0m:13s left)
Iteration 100 / LogL: -13453.604 / Time: 0h:0m:31s (0h:0m:10s left)
Iteration 110 / LogL: -13435.709 / Time: 0h:0m:34s (0h:0m:7s left)
Iteration 120 / LogL: -13434.491 / Time: 0h:0m:37s (0h:0m:4s left)
Iteration 130 / LogL: -13435.921 / Time: 0h:0m:40s (0h:0m:1s left)
TREE SEARCH COMPLETED AFTER 135 ITERATIONS / Time: 0h:0m:41s

--------------------------------------------------------------------
|                    FINALIZING TREE SEARCH                        |
--------------------------------------------------------------------
Performs final model parameters optimization
Estimate model parameters (epsilon = 0.010)
1. Initial log-likelihood: -13434.254
Optimal log-likelihood: -13434.240
Gamma shape alpha: 9.143
Parameters optimization took 1 rounds (0.038 sec)
BEST SCORE FOUND : -13434.240
Total tree length: 27.042

Total number of iterations: 135
CPU time used for tree search: 40.892 sec (0h:0m:40s)
Wall-clock time used for tree search: 41.136 sec (0h:0m:41s)
Total CPU time used: 41.504 sec (0h:0m:41s)
Total wall-clock time used: 41.781 sec (0h:0m:41s)

===> START BOOTSTRAP REPLICATE NUMBER 5

Creating bootstrap alignment (seed: 564605)...

Create initial parsimony tree by phylogenetic likelihood library (PLL)... 0.002 seconds

NOTE: 5 MB RAM (0 GB) is required!
Estimate model parameters (epsilon = 0.100)
1. Initial log-likelihood: -13650.147
2. Current log-likelihood: -13086.662
3. Current log-likelihood: -13057.380
4. Current log-likelihood: -13054.865
5. Current log-likelihood: -13054.639
Optimal log-likelihood: -13054.616
Gamma shape alpha: 19.841
Parameters optimization took 5 rounds (0.395 sec)
Computing ML distances based on estimated model parameters... 0.134 sec
WARNING: Some pairwise ML distances are too long (saturated)
Computing BIONJ tree...
0.007 seconds
Log-likelihood of BIONJ tree: -13042.746
--------------------------------------------------------------------
|             INITIALIZING CANDIDATE TREE SET                      |
--------------------------------------------------------------------
Generating 98 parsimony trees... 0.310 second
Computing log-likelihood of 98 initial trees ... 2.376 seconds
Current best score: -13017.215

Do NNI search on 20 best initial trees
Estimate model parameters (epsilon = 0.100)
BETTER TREE FOUND at iteration 1: -13009.777
Estimate model parameters (epsilon = 0.100)
BETTER TREE FOUND at iteration 2: -13005.306
Estimate model parameters (epsilon = 0.100)
BETTER TREE FOUND at iteration 3: -12999.899
Iteration 10 / LogL: -12999.902 / Time: 0h:0m:7s
Estimate model parameters (epsilon = 0.100)
BETTER TREE FOUND at iteration 20: -12999.756
Iteration 20 / LogL: -12999.756 / Time: 0h:0m:11s
Finish initializing candidate tree set (11)
Current best tree score: -12999.756 / CPU time: 10.920
Number of iterations: 20
--------------------------------------------------------------------
|               OPTIMIZING CANDIDATE TREE SET                      |
--------------------------------------------------------------------
Iteration 30 / LogL: -13001.667 / Time: 0h:0m:16s (0h:0m:51s left)
Iteration 40 / LogL: -13002.445 / Time: 0h:0m:20s (0h:0m:42s left)
Iteration 50 / LogL: -13002.915 / Time: 0h:0m:24s (0h:0m:35s left)
Iteration 60 / LogL: -13001.839 / Time: 0h:0m:28s (0h:0m:29s left)
Iteration 70 / LogL: -12999.904 / Time: 0h:0m:33s (0h:0m:24s left)
Iteration 80 / LogL: -13000.196 / Time: 0h:0m:38s (0h:0m:19s left)
Iteration 90 / LogL: -13000.306 / Time: 0h:0m:43s (0h:0m:14s left)
Iteration 100 / LogL: -13001.179 / Time: 0h:0m:47s (0h:0m:9s left)
Iteration 110 / LogL: -12999.757 / Time: 0h:0m:52s (0h:0m:4s left)
Estimate model parameters (epsilon = 0.100)
BETTER TREE FOUND at iteration 114: -12998.629
BETTER TREE FOUND at iteration 116: -12998.626
Iteration 120 / LogL: -13007.292 / Time: 0h:0m:57s (0h:0m:46s left)
UPDATE BEST LOG-LIKELIHOOD: -12998.626
UPDATE BEST LOG-LIKELIHOOD: -12998.626
Iteration 130 / LogL: -13003.555 / Time: 0h:1m:3s (0h:0m:42s left)
Iteration 140 / LogL: -13001.310 / Time: 0h:1m:8s (0h:0m:37s left)
Iteration 150 / LogL: -13000.666 / Time: 0h:1m:13s (0h:0m:32s left)
Iteration 160 / LogL: -12998.626 / Time: 0h:1m:17s (0h:0m:27s left)
Iteration 170 / LogL: -12998.626 / Time: 0h:1m:21s (0h:0m:22s left)
UPDATE BEST LOG-LIKELIHOOD: -12998.626
Iteration 180 / LogL: -13000.230 / Time: 0h:1m:26s (0h:0m:17s left)
Iteration 190 / LogL: -12998.758 / Time: 0h:1m:31s (0h:0m:12s left)
Iteration 200 / LogL: -12998.626 / Time: 0h:1m:35s (0h:0m:7s left)
Iteration 210 / LogL: -13000.387 / Time: 0h:1m:40s (0h:0m:2s left)
TREE SEARCH COMPLETED AFTER 217 ITERATIONS / Time: 0h:1m:43s

--------------------------------------------------------------------
|                    FINALIZING TREE SEARCH                        |
--------------------------------------------------------------------
Performs final model parameters optimization
Estimate model parameters (epsilon = 0.010)
1. Initial log-likelihood: -12998.626
Optimal log-likelihood: -12998.620
Gamma shape alpha: 46.419
Parameters optimization took 1 rounds (0.075 sec)
BEST SCORE FOUND : -12998.620
Total tree length: 26.156

Total number of iterations: 217
CPU time used for tree search: 102.047 sec (0h:1m:42s)
Wall-clock time used for tree search: 102.682 sec (0h:1m:42s)
Total CPU time used: 102.865 sec (0h:1m:42s)
Total wall-clock time used: 103.529 sec (0h:1m:43s)

===> START BOOTSTRAP REPLICATE NUMBER 6

Creating bootstrap alignment (seed: 564606)...

Create initial parsimony tree by phylogenetic likelihood library (PLL)... 0.002 seconds

NOTE: 5 MB RAM (0 GB) is required!
Estimate model parameters (epsilon = 0.100)
1. Initial log-likelihood: -13641.744
2. Current log-likelihood: -13021.451
3. Current log-likelihood: -12996.410
4. Current log-likelihood: -12995.298
Optimal log-likelihood: -12995.208
Gamma shape alpha: 24.319
Parameters optimization took 4 rounds (0.308 sec)
Computing ML distances based on estimated model parameters... 0.116 sec
WARNING: Some pairwise ML distances are too long (saturated)
Computing BIONJ tree...
0.008 seconds
Log-likelihood of BIONJ tree: -12997.858
--------------------------------------------------------------------
|             INITIALIZING CANDIDATE TREE SET                      |
--------------------------------------------------------------------
Generating 98 parsimony trees... 0.306 second
Computing log-likelihood of 98 initial trees ... 2.443 seconds
Current best score: -12995.208

Do NNI search on 20 best initial trees
Estimate model parameters (epsilon = 0.100)
BETTER TREE FOUND at iteration 1: -12975.183
Estimate model parameters (epsilon = 0.100)
BETTER TREE FOUND at iteration 2: -12973.621
Estimate model parameters (epsilon = 0.100)
BETTER TREE FOUND at iteration 5: -12972.834
Estimate model parameters (epsilon = 0.100)
BETTER TREE FOUND at iteration 7: -12972.662
Iteration 10 / LogL: -12973.547 / Time: 0h:0m:6s
Estimate model parameters (epsilon = 0.100)
BETTER TREE FOUND at iteration 18: -12972.199
Iteration 20 / LogL: -12977.907 / Time: 0h:0m:9s
Finish initializing candidate tree set (15)
Current best tree score: -12972.199 / CPU time: 9.304
Number of iterations: 20
--------------------------------------------------------------------
|               OPTIMIZING CANDIDATE TREE SET                      |
--------------------------------------------------------------------
Iteration 30 / LogL: -12973.557 / Time: 0h:0m:13s (0h:0m:39s left)
Iteration 40 / LogL: -12975.113 / Time: 0h:0m:16s (0h:0m:32s left)
Iteration 50 / LogL: -12974.938 / Time: 0h:0m:18s (0h:0m:26s left)
Iteration 60 / LogL: -12972.380 / Time: 0h:0m:21s (0h:0m:20s left)
Iteration 70 / LogL: -12973.440 / Time: 0h:0m:24s (0h:0m:16s left)
Iteration 80 / LogL: -12972.661 / Time: 0h:0m:26s (0h:0m:12s left)
UPDATE BEST LOG-LIKELIHOOD: -12972.198
Iteration 90 / LogL: -12972.292 / Time: 0h:0m:29s (0h:0m:9s left)
Iteration 100 / LogL: -12973.191 / Time: 0h:0m:32s (0h:0m:5s left)
Iteration 110 / LogL: -12972.267 / Time: 0h:0m:35s (0h:0m:2s left)
TREE SEARCH COMPLETED AFTER 119 ITERATIONS / Time: 0h:0m:37s

--------------------------------------------------------------------
|                    FINALIZING TREE SEARCH                        |
--------------------------------------------------------------------
Performs final model parameters optimization
Estimate model parameters (epsilon = 0.010)
1. Initial log-likelihood: -12972.198
Optimal log-likelihood: -12972.188
Gamma shape alpha: 36.941
Parameters optimization took 1 rounds (0.043 sec)
BEST SCORE FOUND : -12972.188
Total tree length: 26.019

Total number of iterations: 119
CPU time used for tree search: 36.934 sec (0h:0m:36s)
Wall-clock time used for tree search: 37.157 sec (0h:0m:37s)
Total CPU time used: 37.627 sec (0h:0m:37s)
Total wall-clock time used: 37.877 sec (0h:0m:37s)

===> START BOOTSTRAP REPLICATE NUMBER 7

Creating bootstrap alignment (seed: 564607)...

Create initial parsimony tree by phylogenetic likelihood library (PLL)... 0.020 seconds

NOTE: 5 MB RAM (0 GB) is required!
Estimate model parameters (epsilon = 0.100)
1. Initial log-likelihood: -14485.760
2. Current log-likelihood: -13885.791
3. Current log-likelihood: -13859.367
4. Current log-likelihood: -13858.223
5. Current log-likelihood: -13858.108
Optimal log-likelihood: -13858.077
Gamma shape alpha: 16.619
Parameters optimization took 5 rounds (0.349 sec)
Computing ML distances based on estimated model parameters... 0.127 sec
WARNING: Some pairwise ML distances are too long (saturated)
Computing BIONJ tree...
0.008 seconds
Log-likelihood of BIONJ tree: -13824.690
--------------------------------------------------------------------
|             INITIALIZING CANDIDATE TREE SET                      |
--------------------------------------------------------------------
Generating 98 parsimony trees... 0.324 second
Computing log-likelihood of 98 initial trees ... 2.376 seconds
Current best score: -13824.690

Do NNI search on 20 best initial trees
Estimate model parameters (epsilon = 0.100)
BETTER TREE FOUND at iteration 1: -13816.740
Estimate model parameters (epsilon = 0.100)
BETTER TREE FOUND at iteration 3: -13815.097
Estimate model parameters (epsilon = 0.100)
BETTER TREE FOUND at iteration 7: -13814.834
Iteration 10 / LogL: -13819.731 / Time: 0h:0m:6s
Iteration 20 / LogL: -13818.120 / Time: 0h:0m:10s
Finish initializing candidate tree set (16)
Current best tree score: -13814.834 / CPU time: 9.772
Number of iterations: 20
--------------------------------------------------------------------
|               OPTIMIZING CANDIDATE TREE SET                      |
--------------------------------------------------------------------
Iteration 30 / LogL: -13816.280 / Time: 0h:0m:14s (0h:0m:37s left)
Estimate model parameters (epsilon = 0.100)
BETTER TREE FOUND at iteration 36: -13814.181
Iteration 40 / LogL: -13814.925 / Time: 0h:0m:18s (0h:0m:45s left)
Iteration 50 / LogL: -13814.864 / Time: 0h:0m:22s (0h:0m:39s left)
UPDATE BEST LOG-LIKELIHOOD: -13814.176
Iteration 60 / LogL: -13814.182 / Time: 0h:0m:25s (0h:0m:33s left)
Iteration 70 / LogL: -13814.232 / Time: 0h:0m:29s (0h:0m:27s left)
UPDATE BEST LOG-LIKELIHOOD: -13814.169
Iteration 80 / LogL: -13814.804 / Time: 0h:0m:32s (0h:0m:22s left)
Iteration 90 / LogL: -13814.960 / Time: 0h:0m:35s (0h:0m:18s left)
Iteration 100 / LogL: -13815.910 / Time: 0h:0m:39s (0h:0m:14s left)
Iteration 110 / LogL: -13814.910 / Time: 0h:0m:42s (0h:0m:10s left)
Iteration 120 / LogL: -13815.061 / Time: 0h:0m:45s (0h:0m:6s left)
Iteration 130 / LogL: -13815.439 / Time: 0h:0m:48s (0h:0m:2s left)
TREE SEARCH COMPLETED AFTER 137 ITERATIONS / Time: 0h:0m:50s

--------------------------------------------------------------------
|                    FINALIZING TREE SEARCH                        |
--------------------------------------------------------------------
Performs final model parameters optimization
Estimate model parameters (epsilon = 0.010)
1. Initial log-likelihood: -13814.169
2. Current log-likelihood: -13814.159
Optimal log-likelihood: -13814.154
Gamma shape alpha: 13.727
Parameters optimization took 2 rounds (0.065 sec)
BEST SCORE FOUND : -13814.154
Total tree length: 26.396

Total number of iterations: 137
CPU time used for tree search: 49.897 sec (0h:0m:49s)
Wall-clock time used for tree search: 50.220 sec (0h:0m:50s)
Total CPU time used: 50.618 sec (0h:0m:50s)
Total wall-clock time used: 51.009 sec (0h:0m:51s)

===> START BOOTSTRAP REPLICATE NUMBER 8

Creating bootstrap alignment (seed: 564608)...

Create initial parsimony tree by phylogenetic likelihood library (PLL)... 0.022 seconds

NOTE: 6 MB RAM (0 GB) is required!
Estimate model parameters (epsilon = 0.100)
1. Initial log-likelihood: -14374.149
2. Current log-likelihood: -13791.833
3. Current log-likelihood: -13775.016
4. Current log-likelihood: -13774.360
Optimal log-likelihood: -13774.293
Gamma shape alpha: 17.082
Parameters optimization took 4 rounds (0.306 sec)
Computing ML distances based on estimated model parameters... 0.128 sec
WARNING: Some pairwise ML distances are too long (saturated)
Computing BIONJ tree...
0.027 seconds
Log-likelihood of BIONJ tree: -13759.831
--------------------------------------------------------------------
|             INITIALIZING CANDIDATE TREE SET                      |
--------------------------------------------------------------------
Generating 98 parsimony trees... 0.323 second
Computing log-likelihood of 98 initial trees ... 2.428 seconds
Current best score: -13759.831

Do NNI search on 20 best initial trees
Estimate model parameters (epsilon = 0.100)
BETTER TREE FOUND at iteration 1: -13751.534
Estimate model parameters (epsilon = 0.100)
BETTER TREE FOUND at iteration 3: -13751.381
Iteration 10 / LogL: -13751.424 / Time: 0h:0m:7s
Iteration 20 / LogL: -13751.645 / Time: 0h:0m:9s
Finish initializing candidate tree set (5)
Current best tree score: -13751.381 / CPU time: 9.374
Number of iterations: 20
--------------------------------------------------------------------
|               OPTIMIZING CANDIDATE TREE SET                      |
--------------------------------------------------------------------
Iteration 30 / LogL: -13752.169 / Time: 0h:0m:13s (0h:0m:32s left)
Iteration 40 / LogL: -13753.484 / Time: 0h:0m:16s (0h:0m:26s left)
Iteration 50 / LogL: -13754.909 / Time: 0h:0m:19s (0h:0m:20s left)
Iteration 60 / LogL: -13751.465 / Time: 0h:0m:22s (0h:0m:16s left)
Iteration 70 / LogL: -13755.346 / Time: 0h:0m:25s (0h:0m:11s left)
Iteration 80 / LogL: -13759.673 / Time: 0h:0m:27s (0h:0m:8s left)
Iteration 90 / LogL: -13751.828 / Time: 0h:0m:31s (0h:0m:4s left)
Iteration 100 / LogL: -13751.630 / Time: 0h:0m:34s (0h:0m:1s left)
TREE SEARCH COMPLETED AFTER 104 ITERATIONS / Time: 0h:0m:35s

--------------------------------------------------------------------
|                    FINALIZING TREE SEARCH                        |
--------------------------------------------------------------------
Performs final model parameters optimization
Estimate model parameters (epsilon = 0.010)
1. Initial log-likelihood: -13751.381
Optimal log-likelihood: -13751.374
Gamma shape alpha: 18.678
Parameters optimization took 1 rounds (0.057 sec)
BEST SCORE FOUND : -13751.374
Total tree length: 26.035

Total number of iterations: 104
CPU time used for tree search: 34.643 sec (0h:0m:34s)
Wall-clock time used for tree search: 34.831 sec (0h:0m:34s)
Total CPU time used: 35.259 sec (0h:0m:35s)
Total wall-clock time used: 35.532 sec (0h:0m:35s)

===> START BOOTSTRAP REPLICATE NUMBER 9

Creating bootstrap alignment (seed: 564609)...

Create initial parsimony tree by phylogenetic likelihood library (PLL)... 0.003 seconds

NOTE: 5 MB RAM (0 GB) is required!
Estimate model parameters (epsilon = 0.100)
1. Initial log-likelihood: -13433.190
2. Current log-likelihood: -12872.841
3. Current log-likelihood: -12852.638
4. Current log-likelihood: -12850.808
5. Current log-likelihood: -12850.583
Optimal log-likelihood: -12850.548
Gamma shape alpha: 11.241
Parameters optimization took 5 rounds (0.401 sec)
Computing ML distances based on estimated model parameters... 0.123 sec
WARNING: Some pairwise ML distances are too long (saturated)
Computing BIONJ tree...
0.032 seconds
Log-likelihood of BIONJ tree: -12818.626
--------------------------------------------------------------------
|             INITIALIZING CANDIDATE TREE SET                      |
--------------------------------------------------------------------
Generating 98 parsimony trees... 0.318 second
Computing log-likelihood of 98 initial trees ... 2.370 seconds
Current best score: -12818.626

Do NNI search on 20 best initial trees
Estimate model parameters (epsilon = 0.100)
BETTER TREE FOUND at iteration 1: -12807.302
Estimate model parameters (epsilon = 0.100)
BETTER TREE FOUND at iteration 7: -12805.803
Iteration 10 / LogL: -12814.698 / Time: 0h:0m:6s
Iteration 20 / LogL: -12806.283 / Time: 0h:0m:10s
Finish initializing candidate tree set (7)
Current best tree score: -12805.803 / CPU time: 9.421
Number of iterations: 20
--------------------------------------------------------------------
|               OPTIMIZING CANDIDATE TREE SET                      |
--------------------------------------------------------------------
Iteration 30 / LogL: -12807.349 / Time: 0h:0m:12s (0h:0m:33s left)
Estimate model parameters (epsilon = 0.100)
UPDATE BEST LOG-LIKELIHOOD: -12805.605
Iteration 40 / LogL: -12805.925 / Time: 0h:0m:16s (0h:0m:27s left)
Iteration 50 / LogL: -12806.184 / Time: 0h:0m:18s (0h:0m:22s left)
Iteration 60 / LogL: -12805.711 / Time: 0h:0m:22s (0h:0m:17s left)
Iteration 70 / LogL: -12806.169 / Time: 0h:0m:25s (0h:0m:13s left)
Iteration 80 / LogL: -12805.912 / Time: 0h:0m:27s (0h:0m:9s left)
Iteration 90 / LogL: -12805.644 / Time: 0h:0m:30s (0h:0m:5s left)
Iteration 100 / LogL: -12805.981 / Time: 0h:0m:32s (0h:0m:2s left)
TREE SEARCH COMPLETED AFTER 108 ITERATIONS / Time: 0h:0m:34s

--------------------------------------------------------------------
|                    FINALIZING TREE SEARCH                        |
--------------------------------------------------------------------
Performs final model parameters optimization
Estimate model parameters (epsilon = 0.010)
1. Initial log-likelihood: -12805.605
2. Current log-likelihood: -12805.579
Optimal log-likelihood: -12805.568
Gamma shape alpha: 19.550
Parameters optimization took 2 rounds (0.091 sec)
BEST SCORE FOUND : -12805.568
Total tree length: 23.999

Total number of iterations: 108
CPU time used for tree search: 33.887 sec (0h:0m:33s)
Wall-clock time used for tree search: 34.081 sec (0h:0m:34s)
Total CPU time used: 34.664 sec (0h:0m:34s)
Total wall-clock time used: 34.940 sec (0h:0m:34s)

===> START BOOTSTRAP REPLICATE NUMBER 10

Creating bootstrap alignment (seed: 564610)...

Create initial parsimony tree by phylogenetic likelihood library (PLL)... 0.003 seconds

NOTE: 5 MB RAM (0 GB) is required!
Estimate model parameters (epsilon = 0.100)
1. Initial log-likelihood: -14057.371
2. Current log-likelihood: -13477.265
3. Current log-likelihood: -13459.219
4. Current log-likelihood: -13458.337
Optimal log-likelihood: -13458.262
Gamma shape alpha: 14.408
Parameters optimization took 4 rounds (0.366 sec)
Computing ML distances based on estimated model parameters... 0.119 sec
WARNING: Some pairwise ML distances are too long (saturated)
Computing BIONJ tree...
0.008 seconds
Log-likelihood of BIONJ tree: -13499.543
--------------------------------------------------------------------
|             INITIALIZING CANDIDATE TREE SET                      |
--------------------------------------------------------------------
Generating 98 parsimony trees... 0.311 second
Computing log-likelihood of 98 initial trees ... 2.506 seconds
Current best score: -13442.194

Do NNI search on 20 best initial trees
Estimate model parameters (epsilon = 0.100)
BETTER TREE FOUND at iteration 1: -13417.759
Iteration 10 / LogL: -13418.286 / Time: 0h:0m:6s
Iteration 20 / LogL: -13418.133 / Time: 0h:0m:9s
Finish initializing candidate tree set (6)
Current best tree score: -13417.759 / CPU time: 8.559
Number of iterations: 20
--------------------------------------------------------------------
|               OPTIMIZING CANDIDATE TREE SET                      |
--------------------------------------------------------------------
Iteration 30 / LogL: -13418.975 / Time: 0h:0m:11s (0h:0m:28s left)
Iteration 40 / LogL: -13427.163 / Time: 0h:0m:14s (0h:0m:22s left)
Iteration 50 / LogL: -13421.308 / Time: 0h:0m:17s (0h:0m:17s left)
Iteration 60 / LogL: -13418.300 / Time: 0h:0m:19s (0h:0m:13s left)
Iteration 70 / LogL: -13418.969 / Time: 0h:0m:21s (0h:0m:9s left)
Iteration 80 / LogL: -13418.868 / Time: 0h:0m:24s (0h:0m:6s left)
Iteration 90 / LogL: -13418.053 / Time: 0h:0m:27s (0h:0m:3s left)
Iteration 100 / LogL: -13417.861 / Time: 0h:0m:30s (0h:0m:0s left)
TREE SEARCH COMPLETED AFTER 102 ITERATIONS / Time: 0h:0m:30s

--------------------------------------------------------------------
|                    FINALIZING TREE SEARCH                        |
--------------------------------------------------------------------
Performs final model parameters optimization
Estimate model parameters (epsilon = 0.010)
1. Initial log-likelihood: -13417.759
Optimal log-likelihood: -13417.756
Gamma shape alpha: 18.184
Parameters optimization took 1 rounds (0.039 sec)
BEST SCORE FOUND : -13417.756
Total tree length: 24.192

Total number of iterations: 102
CPU time used for tree search: 29.575 sec (0h:0m:29s)
Wall-clock time used for tree search: 29.759 sec (0h:0m:29s)
Total CPU time used: 30.180 sec (0h:0m:30s)
Total wall-clock time used: 30.436 sec (0h:0m:30s)

===> START BOOTSTRAP REPLICATE NUMBER 11

Creating bootstrap alignment (seed: 564611)...

Create initial parsimony tree by phylogenetic likelihood library (PLL)... 0.019 seconds

NOTE: 5 MB RAM (0 GB) is required!
Estimate model parameters (epsilon = 0.100)
1. Initial log-likelihood: -13553.632
2. Current log-likelihood: -13001.721
3. Current log-likelihood: -12962.840
4. Current log-likelihood: -12957.963
5. Current log-likelihood: -12957.307
Optimal log-likelihood: -12957.216
Gamma shape alpha: 18.831
Parameters optimization took 5 rounds (0.419 sec)
Computing ML distances based on estimated model parameters... 0.142 sec
WARNING: Some pairwise ML distances are too long (saturated)
Computing BIONJ tree...
0.009 seconds
Log-likelihood of BIONJ tree: -12891.851
--------------------------------------------------------------------
|             INITIALIZING CANDIDATE TREE SET                      |
--------------------------------------------------------------------
Generating 98 parsimony trees... 0.320 second
Computing log-likelihood of 98 initial trees ... 2.364 seconds
Current best score: -12891.851

Do NNI search on 20 best initial trees
Estimate model parameters (epsilon = 0.100)
BETTER TREE FOUND at iteration 1: -12885.985
Estimate model parameters (epsilon = 0.100)
BETTER TREE FOUND at iteration 2: -12885.599
UPDATE BEST LOG-LIKELIHOOD: -12885.598
Estimate model parameters (epsilon = 0.100)
BETTER TREE FOUND at iteration 7: -12880.472
Iteration 10 / LogL: -12885.705 / Time: 0h:0m:6s
Iteration 20 / LogL: -12880.655 / Time: 0h:0m:10s
Finish initializing candidate tree set (11)
Current best tree score: -12880.472 / CPU time: 9.731
Number of iterations: 20
--------------------------------------------------------------------
|               OPTIMIZING CANDIDATE TREE SET                      |
--------------------------------------------------------------------
UPDATE BEST LOG-LIKELIHOOD: -12880.469
UPDATE BEST LOG-LIKELIHOOD: -12880.465
Iteration 30 / LogL: -12881.188 / Time: 0h:0m:13s (0h:0m:36s left)
Iteration 40 / LogL: -12881.417 / Time: 0h:0m:17s (0h:0m:29s left)
Iteration 50 / LogL: -12880.485 / Time: 0h:0m:20s (0h:0m:23s left)
UPDATE BEST LOG-LIKELIHOOD: -12880.460
Iteration 60 / LogL: -12882.681 / Time: 0h:0m:23s (0h:0m:18s left)
Iteration 70 / LogL: -12908.739 / Time: 0h:0m:26s (0h:0m:14s left)
Iteration 80 / LogL: -12881.443 / Time: 0h:0m:30s (0h:0m:10s left)
Iteration 90 / LogL: -12881.422 / Time: 0h:0m:34s (0h:0m:6s left)
Iteration 100 / LogL: -12883.410 / Time: 0h:0m:36s (0h:0m:2s left)
TREE SEARCH COMPLETED AFTER 108 ITERATIONS / Time: 0h:0m:39s

--------------------------------------------------------------------
|                    FINALIZING TREE SEARCH                        |
--------------------------------------------------------------------
Performs final model parameters optimization
Estimate model parameters (epsilon = 0.010)
1. Initial log-likelihood: -12880.460
Optimal log-likelihood: -12880.455
Gamma shape alpha: 17.821
Parameters optimization took 1 rounds (0.060 sec)
BEST SCORE FOUND : -12880.455
Total tree length: 25.850

Total number of iterations: 108
CPU time used for tree search: 38.635 sec (0h:0m:38s)
Wall-clock time used for tree search: 38.817 sec (0h:0m:38s)
Total CPU time used: 39.372 sec (0h:0m:39s)
Total wall-clock time used: 39.671 sec (0h:0m:39s)

===> START BOOTSTRAP REPLICATE NUMBER 12

Creating bootstrap alignment (seed: 564612)...

Create initial parsimony tree by phylogenetic likelihood library (PLL)... 0.002 seconds

NOTE: 5 MB RAM (0 GB) is required!
Estimate model parameters (epsilon = 0.100)
1. Initial log-likelihood: -13734.854
2. Current log-likelihood: -13184.955
3. Current log-likelihood: -13152.302
4. Current log-likelihood: -13149.535
5. Current log-likelihood: -13149.054
Optimal log-likelihood: -13148.941
Gamma shape alpha: 9.487
Parameters optimization took 5 rounds (0.426 sec)
Computing ML distances based on estimated model parameters... 0.143 sec
WARNING: Some pairwise ML distances are too long (saturated)
Computing BIONJ tree...
0.007 seconds
Log-likelihood of BIONJ tree: -13092.201
--------------------------------------------------------------------
|             INITIALIZING CANDIDATE TREE SET                      |
--------------------------------------------------------------------
Generating 98 parsimony trees... 0.317 second
Computing log-likelihood of 98 initial trees ... 2.460 seconds
Current best score: -13092.201

Do NNI search on 20 best initial trees
Estimate model parameters (epsilon = 0.100)
BETTER TREE FOUND at iteration 1: -13077.387
BETTER TREE FOUND at iteration 2: -13077.385
BETTER TREE FOUND at iteration 4: -13077.385
UPDATE BEST LOG-LIKELIHOOD: -13077.384
UPDATE BEST LOG-LIKELIHOOD: -13077.384
Iteration 10 / LogL: -13081.773 / Time: 0h:0m:8s
Iteration 20 / LogL: -13077.385 / Time: 0h:0m:12s
Finish initializing candidate tree set (7)
Current best tree score: -13077.384 / CPU time: 12.188
Number of iterations: 20
--------------------------------------------------------------------
|               OPTIMIZING CANDIDATE TREE SET                      |
--------------------------------------------------------------------
Iteration 30 / LogL: -13077.385 / Time: 0h:0m:18s (0h:0m:46s left)
Iteration 40 / LogL: -13081.592 / Time: 0h:0m:23s (0h:0m:38s left)
Iteration 50 / LogL: -13077.385 / Time: 0h:0m:28s (0h:0m:31s left)
Iteration 60 / LogL: -13084.317 / Time: 0h:0m:33s (0h:0m:24s left)
Iteration 70 / LogL: -13077.385 / Time: 0h:0m:37s (0h:0m:18s left)
Iteration 80 / LogL: -13077.385 / Time: 0h:0m:42s (0h:0m:12s left)
Iteration 90 / LogL: -13077.385 / Time: 0h:0m:47s (0h:0m:7s left)
UPDATE BEST LOG-LIKELIHOOD: -13077.384
Iteration 100 / LogL: -13078.770 / Time: 0h:0m:53s (0h:0m:2s left)
TREE SEARCH COMPLETED AFTER 105 ITERATIONS / Time: 0h:0m:56s

--------------------------------------------------------------------
|                    FINALIZING TREE SEARCH                        |
--------------------------------------------------------------------
Performs final model parameters optimization
Estimate model parameters (epsilon = 0.010)
1. Initial log-likelihood: -13077.384
Optimal log-likelihood: -13077.383
Gamma shape alpha: 11.016
Parameters optimization took 1 rounds (0.054 sec)
BEST SCORE FOUND : -13077.383
Total tree length: 25.950

Total number of iterations: 105
CPU time used for tree search: 55.327 sec (0h:0m:55s)
Wall-clock time used for tree search: 55.554 sec (0h:0m:55s)
Total CPU time used: 56.110 sec (0h:0m:56s)
Total wall-clock time used: 56.374 sec (0h:0m:56s)

===> START BOOTSTRAP REPLICATE NUMBER 13

Creating bootstrap alignment (seed: 564613)...

Create initial parsimony tree by phylogenetic likelihood library (PLL)... 0.004 seconds

NOTE: 5 MB RAM (0 GB) is required!
Estimate model parameters (epsilon = 0.100)
1. Initial log-likelihood: -13857.691
2. Current log-likelihood: -13335.679
3. Current log-likelihood: -13313.085
4. Current log-likelihood: -13311.505
5. Current log-likelihood: -13311.251
Optimal log-likelihood: -13311.182
Gamma shape alpha: 12.179
Parameters optimization took 5 rounds (0.357 sec)
Computing ML distances based on estimated model parameters... 0.133 sec
WARNING: Some pairwise ML distances are too long (saturated)
Computing BIONJ tree...
0.028 seconds
Log-likelihood of BIONJ tree: -13256.033
--------------------------------------------------------------------
|             INITIALIZING CANDIDATE TREE SET                      |
--------------------------------------------------------------------
Generating 98 parsimony trees... 0.296 second
Computing log-likelihood of 98 initial trees ... 2.423 seconds
Current best score: -13250.330

Do NNI search on 20 best initial trees
Estimate model parameters (epsilon = 0.100)
BETTER TREE FOUND at iteration 1: -13210.309
Estimate model parameters (epsilon = 0.100)
BETTER TREE FOUND at iteration 2: -13209.832
BETTER TREE FOUND at iteration 9: -13209.829
Iteration 10 / LogL: -13210.344 / Time: 0h:0m:8s
UPDATE BEST LOG-LIKELIHOOD: -13209.829
Iteration 20 / LogL: -13241.354 / Time: 0h:0m:13s
Finish initializing candidate tree set (8)
Current best tree score: -13209.829 / CPU time: 12.998
Number of iterations: 20
--------------------------------------------------------------------
|               OPTIMIZING CANDIDATE TREE SET                      |
--------------------------------------------------------------------
Iteration 30 / LogL: -13209.829 / Time: 0h:0m:18s (0h:0m:49s left)
UPDATE BEST LOG-LIKELIHOOD: -13209.829
Iteration 40 / LogL: -13209.829 / Time: 0h:0m:22s (0h:0m:40s left)
Iteration 50 / LogL: -13210.344 / Time: 0h:0m:27s (0h:0m:33s left)
Iteration 60 / LogL: -13209.829 / Time: 0h:0m:32s (0h:0m:27s left)
Iteration 70 / LogL: -13209.829 / Time: 0h:0m:38s (0h:0m:21s left)
UPDATE BEST LOG-LIKELIHOOD: -13209.829
Iteration 80 / LogL: -13209.829 / Time: 0h:0m:43s (0h:0m:15s left)
Iteration 90 / LogL: -13209.830 / Time: 0h:0m:48s (0h:0m:10s left)
Iteration 100 / LogL: -13209.830 / Time: 0h:0m:53s (0h:0m:4s left)
Iteration 110 / LogL: -13210.343 / Time: 0h:0m:58s (0h:0m:-1s left)
TREE SEARCH COMPLETED AFTER 110 ITERATIONS / Time: 0h:0m:58s

--------------------------------------------------------------------
|                    FINALIZING TREE SEARCH                        |
--------------------------------------------------------------------
Performs final model parameters optimization
Estimate model parameters (epsilon = 0.010)
1. Initial log-likelihood: -13209.829
Optimal log-likelihood: -13209.820
Gamma shape alpha: 18.711
Parameters optimization took 1 rounds (0.081 sec)
BEST SCORE FOUND : -13209.820
Total tree length: 24.610

Total number of iterations: 110
CPU time used for tree search: 57.487 sec (0h:0m:57s)
Wall-clock time used for tree search: 57.699 sec (0h:0m:57s)
Total CPU time used: 58.164 sec (0h:0m:58s)
Total wall-clock time used: 58.460 sec (0h:0m:58s)

===> START BOOTSTRAP REPLICATE NUMBER 14

Creating bootstrap alignment (seed: 564614)...

Create initial parsimony tree by phylogenetic likelihood library (PLL)... 0.003 seconds

NOTE: 5 MB RAM (0 GB) is required!
Estimate model parameters (epsilon = 0.100)
1. Initial log-likelihood: -13951.765
2. Current log-likelihood: -13436.764
3. Current log-likelihood: -13419.225
4. Current log-likelihood: -13418.124
5. Current log-likelihood: -13417.970
Optimal log-likelihood: -13417.932
Gamma shape alpha: 11.095
Parameters optimization took 5 rounds (0.356 sec)
Computing ML distances based on estimated model parameters... 0.132 sec
WARNING: Some pairwise ML distances are too long (saturated)
Computing BIONJ tree...
0.008 seconds
Log-likelihood of BIONJ tree: -13406.360
--------------------------------------------------------------------
|             INITIALIZING CANDIDATE TREE SET                      |
--------------------------------------------------------------------
Generating 98 parsimony trees... 0.383 second
Computing log-likelihood of 98 initial trees ... 2.352 seconds
Current best score: -13406.360

Do NNI search on 20 best initial trees
Estimate model parameters (epsilon = 0.100)
BETTER TREE FOUND at iteration 1: -13392.962
Iteration 10 / LogL: -13405.622 / Time: 0h:0m:5s
Iteration 20 / LogL: -13394.212 / Time: 0h:0m:8s
Finish initializing candidate tree set (17)
Current best tree score: -13392.962 / CPU time: 7.531
Number of iterations: 20
--------------------------------------------------------------------
|               OPTIMIZING CANDIDATE TREE SET                      |
--------------------------------------------------------------------
Estimate model parameters (epsilon = 0.100)
BETTER TREE FOUND at iteration 26: -13391.694
Iteration 30 / LogL: -13392.502 / Time: 0h:0m:10s (0h:0m:35s left)
Estimate model parameters (epsilon = 0.100)
BETTER TREE FOUND at iteration 35: -13391.382
Iteration 40 / LogL: -13392.415 / Time: 0h:0m:13s (0h:0m:32s left)
Iteration 50 / LogL: -13391.837 / Time: 0h:0m:15s (0h:0m:27s left)
Estimate model parameters (epsilon = 0.100)
BETTER TREE FOUND at iteration 55: -13390.634
Iteration 60 / LogL: -13396.570 / Time: 0h:0m:18s (0h:0m:29s left)
Iteration 70 / LogL: -13392.173 / Time: 0h:0m:20s (0h:0m:25s left)
Iteration 80 / LogL: -13394.215 / Time: 0h:0m:23s (0h:0m:22s left)
Iteration 90 / LogL: -13392.708 / Time: 0h:0m:26s (0h:0m:19s left)
Iteration 100 / LogL: -13391.343 / Time: 0h:0m:28s (0h:0m:15s left)
Iteration 110 / LogL: -13390.776 / Time: 0h:0m:30s (0h:0m:12s left)
Iteration 120 / LogL: -13390.996 / Time: 0h:0m:33s (0h:0m:9s left)
Iteration 130 / LogL: -13395.429 / Time: 0h:0m:35s (0h:0m:6s left)
Iteration 140 / LogL: -13391.233 / Time: 0h:0m:38s (0h:0m:4s left)
Estimate model parameters (epsilon = 0.100)
UPDATE BEST LOG-LIKELIHOOD: -13390.300
Iteration 150 / LogL: -13391.256 / Time: 0h:0m:41s (0h:0m:1s left)
TREE SEARCH COMPLETED AFTER 156 ITERATIONS / Time: 0h:0m:42s

--------------------------------------------------------------------
|                    FINALIZING TREE SEARCH                        |
--------------------------------------------------------------------
Performs final model parameters optimization
Estimate model parameters (epsilon = 0.010)
1. Initial log-likelihood: -13390.300
2. Current log-likelihood: -13390.281
Optimal log-likelihood: -13390.276
Gamma shape alpha: 12.193
Parameters optimization took 2 rounds (0.074 sec)
BEST SCORE FOUND : -13390.276
Total tree length: 26.017

Total number of iterations: 156
CPU time used for tree search: 41.768 sec (0h:0m:41s)
Wall-clock time used for tree search: 41.918 sec (0h:0m:41s)
Total CPU time used: 42.488 sec (0h:0m:42s)
Total wall-clock time used: 42.681 sec (0h:0m:42s)

===> START BOOTSTRAP REPLICATE NUMBER 15

Creating bootstrap alignment (seed: 564615)...

Create initial parsimony tree by phylogenetic likelihood library (PLL)... 0.002 seconds

NOTE: 5 MB RAM (0 GB) is required!
Estimate model parameters (epsilon = 0.100)
1. Initial log-likelihood: -13850.904
2. Current log-likelihood: -13291.581
3. Current log-likelihood: -13262.178
4. Current log-likelihood: -13260.557
Optimal log-likelihood: -13260.455
Gamma shape alpha: 16.965
Parameters optimization took 4 rounds (0.403 sec)
Computing ML distances based on estimated model parameters... 0.111 sec
WARNING: Some pairwise ML distances are too long (saturated)
Computing BIONJ tree...
0.008 seconds
Log-likelihood of BIONJ tree: -13259.580
--------------------------------------------------------------------
|             INITIALIZING CANDIDATE TREE SET                      |
--------------------------------------------------------------------
Generating 98 parsimony trees... 0.334 second
Computing log-likelihood of 98 initial trees ... 2.450 seconds
Current best score: -13250.381

Do NNI search on 20 best initial trees
Estimate model parameters (epsilon = 0.100)
BETTER TREE FOUND at iteration 1: -13219.288
Iteration 10 / LogL: -13222.327 / Time: 0h:0m:6s
Estimate model parameters (epsilon = 0.100)
BETTER TREE FOUND at iteration 15: -13218.862
Estimate model parameters (epsilon = 0.100)
BETTER TREE FOUND at iteration 17: -13217.927
Iteration 20 / LogL: -13222.206 / Time: 0h:0m:9s
Finish initializing candidate tree set (14)
Current best tree score: -13217.927 / CPU time: 8.558
Number of iterations: 20
--------------------------------------------------------------------
|               OPTIMIZING CANDIDATE TREE SET                      |
--------------------------------------------------------------------
UPDATE BEST LOG-LIKELIHOOD: -13217.917
Iteration 30 / LogL: -13222.745 / Time: 0h:0m:11s (0h:0m:35s left)
Iteration 40 / LogL: -13218.243 / Time: 0h:0m:14s (0h:0m:29s left)
UPDATE BEST LOG-LIKELIHOOD: -13217.910
Iteration 50 / LogL: -13218.213 / Time: 0h:0m:17s (0h:0m:24s left)
Iteration 60 / LogL: -13217.940 / Time: 0h:0m:20s (0h:0m:20s left)
Iteration 70 / LogL: -13218.483 / Time: 0h:0m:23s (0h:0m:16s left)
Iteration 80 / LogL: -13220.044 / Time: 0h:0m:26s (0h:0m:12s left)
Iteration 90 / LogL: -13219.288 / Time: 0h:0m:29s (0h:0m:8s left)
Iteration 100 / LogL: -13218.131 / Time: 0h:0m:31s (0h:0m:5s left)
Iteration 110 / LogL: -13218.242 / Time: 0h:0m:34s (0h:0m:2s left)
TREE SEARCH COMPLETED AFTER 118 ITERATIONS / Time: 0h:0m:37s

--------------------------------------------------------------------
|                    FINALIZING TREE SEARCH                        |
--------------------------------------------------------------------
Performs final model parameters optimization
Estimate model parameters (epsilon = 0.010)
1. Initial log-likelihood: -13217.910
Optimal log-likelihood: -13217.907
Gamma shape alpha: 19.210
Parameters optimization took 1 rounds (0.053 sec)
BEST SCORE FOUND : -13217.907
Total tree length: 26.302

Total number of iterations: 118
CPU time used for tree search: 36.227 sec (0h:0m:36s)
Wall-clock time used for tree search: 36.452 sec (0h:0m:36s)
Total CPU time used: 36.861 sec (0h:0m:36s)
Total wall-clock time used: 37.186 sec (0h:0m:37s)

===> START BOOTSTRAP REPLICATE NUMBER 16

Creating bootstrap alignment (seed: 564616)...

Create initial parsimony tree by phylogenetic likelihood library (PLL)... 0.003 seconds

NOTE: 5 MB RAM (0 GB) is required!
Estimate model parameters (epsilon = 0.100)
1. Initial log-likelihood: -14111.644
2. Current log-likelihood: -13537.426
3. Current log-likelihood: -13519.325
4. Current log-likelihood: -13518.593
Optimal log-likelihood: -13518.521
Gamma shape alpha: 10.258
Parameters optimization took 4 rounds (0.307 sec)
Computing ML distances based on estimated model parameters... 0.123 sec
WARNING: Some pairwise ML distances are too long (saturated)
Computing BIONJ tree...
0.008 seconds
Log-likelihood of BIONJ tree: -13454.535
--------------------------------------------------------------------
|             INITIALIZING CANDIDATE TREE SET                      |
--------------------------------------------------------------------
Generating 98 parsimony trees... 0.342 second
Computing log-likelihood of 98 initial trees ... 2.411 seconds
Current best score: -13454.535

Do NNI search on 20 best initial trees
Estimate model parameters (epsilon = 0.100)
BETTER TREE FOUND at iteration 1: -13436.701
Estimate model parameters (epsilon = 0.100)
BETTER TREE FOUND at iteration 2: -13434.983
Estimate model parameters (epsilon = 0.100)
BETTER TREE FOUND at iteration 3: -13428.131
Iteration 10 / LogL: -13438.722 / Time: 0h:0m:6s
Iteration 20 / LogL: -13434.091 / Time: 0h:0m:9s
Finish initializing candidate tree set (11)
Current best tree score: -13428.131 / CPU time: 9.259
Number of iterations: 20
--------------------------------------------------------------------
|               OPTIMIZING CANDIDATE TREE SET                      |
--------------------------------------------------------------------
Estimate model parameters (epsilon = 0.100)
BETTER TREE FOUND at iteration 28: -13425.487
Iteration 30 / LogL: -13425.896 / Time: 0h:0m:12s (0h:0m:42s left)
Iteration 40 / LogL: -13425.917 / Time: 0h:0m:14s (0h:0m:33s left)
Iteration 50 / LogL: -13425.790 / Time: 0h:0m:17s (0h:0m:27s left)
Iteration 60 / LogL: -13426.682 / Time: 0h:0m:19s (0h:0m:22s left)
Iteration 70 / LogL: -13426.308 / Time: 0h:0m:21s (0h:0m:18s left)
Iteration 80 / LogL: -13426.596 / Time: 0h:0m:24s (0h:0m:14s left)
Iteration 90 / LogL: -13426.253 / Time: 0h:0m:26s (0h:0m:11s left)
Iteration 100 / LogL: -13426.576 / Time: 0h:0m:28s (0h:0m:8s left)
Iteration 110 / LogL: -13430.424 / Time: 0h:0m:30s (0h:0m:5s left)
Iteration 120 / LogL: -13427.603 / Time: 0h:0m:33s (0h:0m:2s left)
TREE SEARCH COMPLETED AFTER 129 ITERATIONS / Time: 0h:0m:35s

--------------------------------------------------------------------
|                    FINALIZING TREE SEARCH                        |
--------------------------------------------------------------------
Performs final model parameters optimization
Estimate model parameters (epsilon = 0.010)
1. Initial log-likelihood: -13425.487
Optimal log-likelihood: -13425.483
Gamma shape alpha: 13.337
Parameters optimization took 1 rounds (0.036 sec)
BEST SCORE FOUND : -13425.483
Total tree length: 25.517

Total number of iterations: 129
CPU time used for tree search: 34.723 sec (0h:0m:34s)
Wall-clock time used for tree search: 34.966 sec (0h:0m:34s)
Total CPU time used: 35.315 sec (0h:0m:35s)
Total wall-clock time used: 35.663 sec (0h:0m:35s)

===> START BOOTSTRAP REPLICATE NUMBER 17

Creating bootstrap alignment (seed: 564617)...

Create initial parsimony tree by phylogenetic likelihood library (PLL)... 0.004 seconds

NOTE: 5 MB RAM (0 GB) is required!
Estimate model parameters (epsilon = 0.100)
1. Initial log-likelihood: -13520.886
2. Current log-likelihood: -12920.395
3. Current log-likelihood: -12899.335
4. Current log-likelihood: -12898.221
5. Current log-likelihood: -12898.117
Optimal log-likelihood: -12898.087
Gamma shape alpha: 12.411
Parameters optimization took 5 rounds (0.361 sec)
Computing ML distances based on estimated model parameters... 0.145 sec
WARNING: Some pairwise ML distances are too long (saturated)
Computing BIONJ tree...
0.011 seconds
Log-likelihood of BIONJ tree: -12909.861
--------------------------------------------------------------------
|             INITIALIZING CANDIDATE TREE SET                      |
--------------------------------------------------------------------
Generating 98 parsimony trees... 0.341 second
Computing log-likelihood of 98 initial trees ... 2.419 seconds
Current best score: -12891.733

Do NNI search on 20 best initial trees
Estimate model parameters (epsilon = 0.100)
BETTER TREE FOUND at iteration 1: -12869.657
Iteration 10 / LogL: -12884.124 / Time: 0h:0m:6s
Estimate model parameters (epsilon = 0.100)
BETTER TREE FOUND at iteration 12: -12868.241
Iteration 20 / LogL: -12881.101 / Time: 0h:0m:8s
Finish initializing candidate tree set (8)
Current best tree score: -12868.241 / CPU time: 7.987
Number of iterations: 20
--------------------------------------------------------------------
|               OPTIMIZING CANDIDATE TREE SET                      |
--------------------------------------------------------------------
Estimate model parameters (epsilon = 0.100)
UPDATE BEST LOG-LIKELIHOOD: -12868.102
Iteration 30 / LogL: -12868.102 / Time: 0h:0m:11s (0h:0m:32s left)
Iteration 40 / LogL: -12868.420 / Time: 0h:0m:14s (0h:0m:26s left)
Iteration 50 / LogL: -12875.604 / Time: 0h:0m:16s (0h:0m:21s left)
Iteration 60 / LogL: -12868.663 / Time: 0h:0m:19s (0h:0m:16s left)
Iteration 70 / LogL: -12870.178 / Time: 0h:0m:21s (0h:0m:13s left)
Iteration 80 / LogL: -12869.325 / Time: 0h:0m:23s (0h:0m:9s left)
Iteration 90 / LogL: -12868.575 / Time: 0h:0m:26s (0h:0m:6s left)
Iteration 100 / LogL: -12870.197 / Time: 0h:0m:28s (0h:0m:3s left)
Iteration 110 / LogL: -12869.322 / Time: 0h:0m:31s (0h:0m:0s left)
TREE SEARCH COMPLETED AFTER 113 ITERATIONS / Time: 0h:0m:32s

--------------------------------------------------------------------
|                    FINALIZING TREE SEARCH                        |
--------------------------------------------------------------------
Performs final model parameters optimization
Estimate model parameters (epsilon = 0.010)
1. Initial log-likelihood: -12868.102
Optimal log-likelihood: -12868.090
Gamma shape alpha: 13.706
Parameters optimization took 1 rounds (0.039 sec)
BEST SCORE FOUND : -12868.090
Total tree length: 25.362

Total number of iterations: 113
CPU time used for tree search: 31.341 sec (0h:0m:31s)
Wall-clock time used for tree search: 31.507 sec (0h:0m:31s)
Total CPU time used: 32.057 sec (0h:0m:32s)
Total wall-clock time used: 32.288 sec (0h:0m:32s)

===> START BOOTSTRAP REPLICATE NUMBER 18

Creating bootstrap alignment (seed: 564618)...

Create initial parsimony tree by phylogenetic likelihood library (PLL)... 0.004 seconds

NOTE: 5 MB RAM (0 GB) is required!
Estimate model parameters (epsilon = 0.100)
1. Initial log-likelihood: -14288.868
2. Current log-likelihood: -13702.641
3. Current log-likelihood: -13681.578
4. Current log-likelihood: -13680.204
5. Current log-likelihood: -13680.095
Optimal log-likelihood: -13680.060
Gamma shape alpha: 12.550
Parameters optimization took 5 rounds (0.384 sec)
Computing ML distances based on estimated model parameters... 0.120 sec
WARNING: Some pairwise ML distances are too long (saturated)
Computing BIONJ tree...
0.025 seconds
Log-likelihood of BIONJ tree: -13629.537
--------------------------------------------------------------------
|             INITIALIZING CANDIDATE TREE SET                      |
--------------------------------------------------------------------
Generating 98 parsimony trees... 0.333 second
Computing log-likelihood of 98 initial trees ... 2.475 seconds
Current best score: -13629.537

Do NNI search on 20 best initial trees
Estimate model parameters (epsilon = 0.100)
BETTER TREE FOUND at iteration 1: -13617.240
Estimate model parameters (epsilon = 0.100)
BETTER TREE FOUND at iteration 2: -13616.526
Iteration 10 / LogL: -13616.527 / Time: 0h:0m:8s
Iteration 20 / LogL: -13618.606 / Time: 0h:0m:13s
Finish initializing candidate tree set (6)
Current best tree score: -13616.526 / CPU time: 13.010
Number of iterations: 20
--------------------------------------------------------------------
|               OPTIMIZING CANDIDATE TREE SET                      |
--------------------------------------------------------------------
UPDATE BEST LOG-LIKELIHOOD: -13616.526
Iteration 30 / LogL: -13616.526 / Time: 0h:0m:17s (0h:0m:43s left)
Iteration 40 / LogL: -13616.776 / Time: 0h:0m:21s (0h:0m:34s left)
Iteration 50 / LogL: -13616.526 / Time: 0h:0m:25s (0h:0m:27s left)
Iteration 60 / LogL: -13618.358 / Time: 0h:0m:29s (0h:0m:21s left)
Iteration 70 / LogL: -13622.603 / Time: 0h:0m:33s (0h:0m:15s left)
UPDATE BEST LOG-LIKELIHOOD: -13616.526
Iteration 80 / LogL: -13616.776 / Time: 0h:0m:38s (0h:0m:10s left)
Iteration 90 / LogL: -13621.679 / Time: 0h:0m:42s (0h:0m:5s left)
Iteration 100 / LogL: -13620.420 / Time: 0h:0m:47s (0h:0m:0s left)
TREE SEARCH COMPLETED AFTER 103 ITERATIONS / Time: 0h:0m:48s

--------------------------------------------------------------------
|                    FINALIZING TREE SEARCH                        |
--------------------------------------------------------------------
Performs final model parameters optimization
Estimate model parameters (epsilon = 0.010)
1. Initial log-likelihood: -13616.526
Optimal log-likelihood: -13616.525
Gamma shape alpha: 15.751
Parameters optimization took 1 rounds (0.038 sec)
BEST SCORE FOUND : -13616.525
Total tree length: 24.319

Total number of iterations: 103
CPU time used for tree search: 47.336 sec (0h:0m:47s)
Wall-clock time used for tree search: 47.523 sec (0h:0m:47s)
Total CPU time used: 47.999 sec (0h:0m:47s)
Total wall-clock time used: 48.260 sec (0h:0m:48s)

===> START BOOTSTRAP REPLICATE NUMBER 19

Creating bootstrap alignment (seed: 564619)...

Create initial parsimony tree by phylogenetic likelihood library (PLL)... 0.003 seconds

NOTE: 5 MB RAM (0 GB) is required!
Estimate model parameters (epsilon = 0.100)
1. Initial log-likelihood: -13707.323
2. Current log-likelihood: -13182.878
3. Current log-likelihood: -13160.301
4. Current log-likelihood: -13157.997
5. Current log-likelihood: -13157.662
Optimal log-likelihood: -13157.594
Gamma shape alpha: 10.963
Parameters optimization took 5 rounds (0.466 sec)
Computing ML distances based on estimated model parameters... 0.115 sec
WARNING: Some pairwise ML distances are too long (saturated)
Computing BIONJ tree...
0.008 seconds
Log-likelihood of BIONJ tree: -13133.312
--------------------------------------------------------------------
|             INITIALIZING CANDIDATE TREE SET                      |
--------------------------------------------------------------------
Generating 98 parsimony trees... 0.307 second
Computing log-likelihood of 98 initial trees ... 2.504 seconds
Current best score: -13093.458

Do NNI search on 20 best initial trees
Estimate model parameters (epsilon = 0.100)
BETTER TREE FOUND at iteration 1: -13084.317
Estimate model parameters (epsilon = 0.100)
BETTER TREE FOUND at iteration 10: -13078.267
Iteration 10 / LogL: -13078.267 / Time: 0h:0m:6s
BETTER TREE FOUND at iteration 11: -13078.261
Estimate model parameters (epsilon = 0.100)
UPDATE BEST LOG-LIKELIHOOD: -13078.130
Iteration 20 / LogL: -13087.640 / Time: 0h:0m:9s
Finish initializing candidate tree set (14)
Current best tree score: -13078.130 / CPU time: 8.741
Number of iterations: 20
--------------------------------------------------------------------
|               OPTIMIZING CANDIDATE TREE SET                      |
--------------------------------------------------------------------
Estimate model parameters (epsilon = 0.100)
BETTER TREE FOUND at iteration 27: -13077.237
Iteration 30 / LogL: -13077.435 / Time: 0h:0m:12s (0h:0m:42s left)
Iteration 40 / LogL: -13077.981 / Time: 0h:0m:15s (0h:0m:34s left)
Iteration 50 / LogL: -13078.922 / Time: 0h:0m:19s (0h:0m:29s left)
Iteration 60 / LogL: -13079.835 / Time: 0h:0m:21s (0h:0m:24s left)
Iteration 70 / LogL: -13080.259 / Time: 0h:0m:24s (0h:0m:20s left)
Iteration 80 / LogL: -13077.336 / Time: 0h:0m:27s (0h:0m:16s left)
Iteration 90 / LogL: -13077.759 / Time: 0h:0m:30s (0h:0m:12s left)
Iteration 100 / LogL: -13077.276 / Time: 0h:0m:33s (0h:0m:9s left)
Iteration 110 / LogL: -13077.662 / Time: 0h:0m:36s (0h:0m:5s left)
Iteration 120 / LogL: -13080.215 / Time: 0h:0m:38s (0h:0m:2s left)
TREE SEARCH COMPLETED AFTER 128 ITERATIONS / Time: 0h:0m:41s

--------------------------------------------------------------------
|                    FINALIZING TREE SEARCH                        |
--------------------------------------------------------------------
Performs final model parameters optimization
Estimate model parameters (epsilon = 0.010)
1. Initial log-likelihood: -13077.237
Optimal log-likelihood: -13077.231
Gamma shape alpha: 21.988
Parameters optimization took 1 rounds (0.054 sec)
BEST SCORE FOUND : -13077.231
Total tree length: 25.262

Total number of iterations: 128
CPU time used for tree search: 40.033 sec (0h:0m:40s)
Wall-clock time used for tree search: 40.256 sec (0h:0m:40s)
Total CPU time used: 40.788 sec (0h:0m:40s)
Total wall-clock time used: 41.106 sec (0h:0m:41s)

===> START BOOTSTRAP REPLICATE NUMBER 20

Creating bootstrap alignment (seed: 564620)...

Create initial parsimony tree by phylogenetic likelihood library (PLL)... 0.003 seconds

NOTE: 5 MB RAM (0 GB) is required!
Estimate model parameters (epsilon = 0.100)
1. Initial log-likelihood: -13710.362
2. Current log-likelihood: -13143.694
3. Current log-likelihood: -13111.980
4. Current log-likelihood: -13111.432
Optimal log-likelihood: -13111.394
Gamma shape alpha: 11.542
Parameters optimization took 4 rounds (0.396 sec)
Computing ML distances based on estimated model parameters... 0.122 sec
WARNING: Some pairwise ML distances are too long (saturated)
Computing BIONJ tree...
0.010 seconds
Log-likelihood of BIONJ tree: -13078.959
--------------------------------------------------------------------
|             INITIALIZING CANDIDATE TREE SET                      |
--------------------------------------------------------------------
Generating 98 parsimony trees... 0.314 second
Computing log-likelihood of 98 initial trees ... 2.481 seconds
Current best score: -13061.993

Do NNI search on 20 best initial trees
Estimate model parameters (epsilon = 0.100)
BETTER TREE FOUND at iteration 1: -13046.363
Estimate model parameters (epsilon = 0.100)
BETTER TREE FOUND at iteration 2: -13045.248
Estimate model parameters (epsilon = 0.100)
BETTER TREE FOUND at iteration 4: -13042.986
Estimate model parameters (epsilon = 0.100)
BETTER TREE FOUND at iteration 5: -13039.176
Iteration 10 / LogL: -13042.004 / Time: 0h:0m:7s
Estimate model parameters (epsilon = 0.100)
BETTER TREE FOUND at iteration 16: -13037.137
Iteration 20 / LogL: -13047.930 / Time: 0h:0m:10s
Finish initializing candidate tree set (10)
Current best tree score: -13037.137 / CPU time: 9.444
Number of iterations: 20
--------------------------------------------------------------------
|               OPTIMIZING CANDIDATE TREE SET                      |
--------------------------------------------------------------------
Iteration 30 / LogL: -13039.819 / Time: 0h:0m:12s (0h:0m:38s left)
Iteration 40 / LogL: -13038.904 / Time: 0h:0m:16s (0h:0m:31s left)
Iteration 50 / LogL: -13039.242 / Time: 0h:0m:19s (0h:0m:25s left)
Iteration 60 / LogL: -13038.167 / Time: 0h:0m:21s (0h:0m:20s left)
Iteration 70 / LogL: -13039.316 / Time: 0h:0m:24s (0h:0m:16s left)
Iteration 80 / LogL: -13038.174 / Time: 0h:0m:27s (0h:0m:12s left)
Iteration 90 / LogL: -13039.276 / Time: 0h:0m:30s (0h:0m:8s left)
Iteration 100 / LogL: -13039.345 / Time: 0h:0m:33s (0h:0m:5s left)
Iteration 110 / LogL: -13038.761 / Time: 0h:0m:35s (0h:0m:1s left)
TREE SEARCH COMPLETED AFTER 117 ITERATIONS / Time: 0h:0m:38s

--------------------------------------------------------------------
|                    FINALIZING TREE SEARCH                        |
--------------------------------------------------------------------
Performs final model parameters optimization
Estimate model parameters (epsilon = 0.010)
1. Initial log-likelihood: -13037.137
Optimal log-likelihood: -13037.133
Gamma shape alpha: 18.285
Parameters optimization took 1 rounds (0.039 sec)
BEST SCORE FOUND : -13037.133
Total tree length: 24.774

Total number of iterations: 117
CPU time used for tree search: 37.204 sec (0h:0m:37s)
Wall-clock time used for tree search: 37.392 sec (0h:0m:37s)
Total CPU time used: 37.846 sec (0h:0m:37s)
Total wall-clock time used: 38.126 sec (0h:0m:38s)

===> START BOOTSTRAP REPLICATE NUMBER 21

Creating bootstrap alignment (seed: 564621)...

Create initial parsimony tree by phylogenetic likelihood library (PLL)... 0.018 seconds

NOTE: 5 MB RAM (0 GB) is required!
Estimate model parameters (epsilon = 0.100)
1. Initial log-likelihood: -14490.377
2. Current log-likelihood: -13947.364
3. Current log-likelihood: -13910.742
4. Current log-likelihood: -13910.062
Optimal log-likelihood: -13909.997
Gamma shape alpha: 18.538
Parameters optimization took 4 rounds (0.350 sec)
Computing ML distances based on estimated model parameters... 0.120 sec
WARNING: Some pairwise ML distances are too long (saturated)
Computing BIONJ tree...
0.009 seconds
Log-likelihood of BIONJ tree: -13894.205
--------------------------------------------------------------------
|             INITIALIZING CANDIDATE TREE SET                      |
--------------------------------------------------------------------
Generating 98 parsimony trees... 0.338 second
Computing log-likelihood of 98 initial trees ... 2.458 seconds
Current best score: -13894.205

Do NNI search on 20 best initial trees
Estimate model parameters (epsilon = 0.100)
BETTER TREE FOUND at iteration 1: -13877.383
Estimate model parameters (epsilon = 0.100)
BETTER TREE FOUND at iteration 3: -13875.637
Iteration 10 / LogL: -13879.676 / Time: 0h:0m:6s
Estimate model parameters (epsilon = 0.100)
BETTER TREE FOUND at iteration 19: -13875.435
Iteration 20 / LogL: -13878.199 / Time: 0h:0m:9s
Finish initializing candidate tree set (16)
Current best tree score: -13875.435 / CPU time: 8.712
Number of iterations: 20
--------------------------------------------------------------------
|               OPTIMIZING CANDIDATE TREE SET                      |
--------------------------------------------------------------------
Iteration 30 / LogL: -13878.151 / Time: 0h:0m:12s (0h:0m:37s left)
Iteration 40 / LogL: -13878.184 / Time: 0h:0m:14s (0h:0m:30s left)
Iteration 50 / LogL: -13895.521 / Time: 0h:0m:17s (0h:0m:24s left)
Iteration 60 / LogL: -13875.916 / Time: 0h:0m:20s (0h:0m:20s left)
Iteration 70 / LogL: -13877.491 / Time: 0h:0m:23s (0h:0m:16s left)
Iteration 80 / LogL: -13877.697 / Time: 0h:0m:25s (0h:0m:12s left)
Iteration 90 / LogL: -13875.558 / Time: 0h:0m:28s (0h:0m:9s left)
Iteration 100 / LogL: -13875.722 / Time: 0h:0m:30s (0h:0m:5s left)
Iteration 110 / LogL: -13876.278 / Time: 0h:0m:33s (0h:0m:2s left)
Iteration 120 / LogL: -13878.045 / Time: 0h:0m:36s (0h:0m:-1s left)
TREE SEARCH COMPLETED AFTER 120 ITERATIONS / Time: 0h:0m:36s

--------------------------------------------------------------------
|                    FINALIZING TREE SEARCH                        |
--------------------------------------------------------------------
Performs final model parameters optimization
Estimate model parameters (epsilon = 0.010)
1. Initial log-likelihood: -13875.435
Optimal log-likelihood: -13875.432
Gamma shape alpha: 20.913
Parameters optimization took 1 rounds (0.056 sec)
BEST SCORE FOUND : -13875.432
Total tree length: 25.393

Total number of iterations: 120
CPU time used for tree search: 35.246 sec (0h:0m:35s)
Wall-clock time used for tree search: 35.405 sec (0h:0m:35s)
Total CPU time used: 35.852 sec (0h:0m:35s)
Total wall-clock time used: 36.155 sec (0h:0m:36s)

===> START BOOTSTRAP REPLICATE NUMBER 22

Creating bootstrap alignment (seed: 564622)...

Create initial parsimony tree by phylogenetic likelihood library (PLL)... 0.004 seconds

NOTE: 6 MB RAM (0 GB) is required!
Estimate model parameters (epsilon = 0.100)
1. Initial log-likelihood: -15310.593
2. Current log-likelihood: -14706.981
3. Current log-likelihood: -14686.033
4. Current log-likelihood: -14684.426
5. Current log-likelihood: -14684.246
Optimal log-likelihood: -14684.219
Gamma shape alpha: 8.340
Parameters optimization took 5 rounds (0.432 sec)
Computing ML distances based on estimated model parameters... 0.115 sec
WARNING: Some pairwise ML distances are too long (saturated)
Computing BIONJ tree...
0.008 seconds
Log-likelihood of BIONJ tree: -14556.684
--------------------------------------------------------------------
|             INITIALIZING CANDIDATE TREE SET                      |
--------------------------------------------------------------------
Generating 98 parsimony trees... 0.293 second
Computing log-likelihood of 98 initial trees ... 2.537 seconds
Current best score: -14556.684

Do NNI search on 20 best initial trees
Estimate model parameters (epsilon = 0.100)
BETTER TREE FOUND at iteration 1: -14544.969
Iteration 10 / LogL: -14545.864 / Time: 0h:0m:6s
Iteration 20 / LogL: -14546.415 / Time: 0h:0m:8s
Finish initializing candidate tree set (4)
Current best tree score: -14544.969 / CPU time: 8.123
Number of iterations: 20
--------------------------------------------------------------------
|               OPTIMIZING CANDIDATE TREE SET                      |
--------------------------------------------------------------------
Iteration 30 / LogL: -14545.816 / Time: 0h:0m:11s (0h:0m:28s left)
Iteration 40 / LogL: -14557.173 / Time: 0h:0m:14s (0h:0m:23s left)
Iteration 50 / LogL: -14546.569 / Time: 0h:0m:17s (0h:0m:18s left)
Iteration 60 / LogL: -14546.285 / Time: 0h:0m:20s (0h:0m:13s left)
Iteration 70 / LogL: -14545.651 / Time: 0h:0m:22s (0h:0m:10s left)
Iteration 80 / LogL: -14545.526 / Time: 0h:0m:25s (0h:0m:6s left)
Iteration 90 / LogL: -14545.035 / Time: 0h:0m:28s (0h:0m:3s left)
Iteration 100 / LogL: -14545.342 / Time: 0h:0m:30s (0h:0m:0s left)
TREE SEARCH COMPLETED AFTER 102 ITERATIONS / Time: 0h:0m:31s

--------------------------------------------------------------------
|                    FINALIZING TREE SEARCH                        |
--------------------------------------------------------------------
Performs final model parameters optimization
Estimate model parameters (epsilon = 0.010)
1. Initial log-likelihood: -14544.969
Optimal log-likelihood: -14544.958
Gamma shape alpha: 11.577
Parameters optimization took 1 rounds (0.051 sec)
BEST SCORE FOUND : -14544.958
Total tree length: 25.513

Total number of iterations: 102
CPU time used for tree search: 30.413 sec (0h:0m:30s)
Wall-clock time used for tree search: 30.626 sec (0h:0m:30s)
Total CPU time used: 31.123 sec (0h:0m:31s)
Total wall-clock time used: 31.430 sec (0h:0m:31s)

===> START BOOTSTRAP REPLICATE NUMBER 23

Creating bootstrap alignment (seed: 564623)...

Create initial parsimony tree by phylogenetic likelihood library (PLL)... 0.002 seconds

NOTE: 5 MB RAM (0 GB) is required!
Estimate model parameters (epsilon = 0.100)
1. Initial log-likelihood: -13581.976
2. Current log-likelihood: -13020.014
3. Current log-likelihood: -12988.595
4. Current log-likelihood: -12986.657
5. Current log-likelihood: -12985.853
6. Current log-likelihood: -12985.255
7. Current log-likelihood: -12984.878
Optimal log-likelihood: -12984.694
Gamma shape alpha: 11.277
Parameters optimization took 7 rounds (0.525 sec)
Computing ML distances based on estimated model parameters... 0.125 sec
WARNING: Some pairwise ML distances are too long (saturated)
Computing BIONJ tree...
0.023 seconds
Log-likelihood of BIONJ tree: -12915.184
--------------------------------------------------------------------
|             INITIALIZING CANDIDATE TREE SET                      |
--------------------------------------------------------------------
Generating 98 parsimony trees... 0.316 second
Computing log-likelihood of 98 initial trees ... 2.355 seconds
Current best score: -12910.611

Do NNI search on 20 best initial trees
Estimate model parameters (epsilon = 0.100)
BETTER TREE FOUND at iteration 1: -12902.123
Estimate model parameters (epsilon = 0.100)
BETTER TREE FOUND at iteration 2: -12900.772
Estimate model parameters (epsilon = 0.100)
BETTER TREE FOUND at iteration 4: -12898.615
Iteration 10 / LogL: -12899.678 / Time: 0h:0m:6s
Iteration 20 / LogL: -12901.989 / Time: 0h:0m:8s
Finish initializing candidate tree set (11)
Current best tree score: -12898.615 / CPU time: 7.599
Number of iterations: 20
--------------------------------------------------------------------
|               OPTIMIZING CANDIDATE TREE SET                      |
--------------------------------------------------------------------
Iteration 30 / LogL: -12898.964 / Time: 0h:0m:10s (0h:0m:27s left)
Iteration 40 / LogL: -12899.050 / Time: 0h:0m:13s (0h:0m:21s left)
Iteration 50 / LogL: -12899.472 / Time: 0h:0m:15s (0h:0m:17s left)
Iteration 60 / LogL: -12898.998 / Time: 0h:0m:18s (0h:0m:13s left)
Iteration 70 / LogL: -12899.930 / Time: 0h:0m:21s (0h:0m:10s left)
Iteration 80 / LogL: -12899.241 / Time: 0h:0m:24s (0h:0m:7s left)
Iteration 90 / LogL: -12899.424 / Time: 0h:0m:27s (0h:0m:4s left)
Iteration 100 / LogL: -12901.229 / Time: 0h:0m:29s (0h:0m:1s left)
UPDATE BEST LOG-LIKELIHOOD: -12898.613
TREE SEARCH COMPLETED AFTER 105 ITERATIONS / Time: 0h:0m:30s

--------------------------------------------------------------------
|                    FINALIZING TREE SEARCH                        |
--------------------------------------------------------------------
Performs final model parameters optimization
Estimate model parameters (epsilon = 0.010)
1. Initial log-likelihood: -12898.613
2. Current log-likelihood: -12898.548
3. Current log-likelihood: -12898.528
Optimal log-likelihood: -12898.522
Gamma shape alpha: 14.155
Parameters optimization took 3 rounds (0.116 sec)
BEST SCORE FOUND : -12898.522
Total tree length: 25.453

Total number of iterations: 105
CPU time used for tree search: 29.809 sec (0h:0m:29s)
Wall-clock time used for tree search: 30.030 sec (0h:0m:30s)
Total CPU time used: 30.734 sec (0h:0m:30s)
Total wall-clock time used: 31.022 sec (0h:0m:31s)

===> START BOOTSTRAP REPLICATE NUMBER 24

Creating bootstrap alignment (seed: 564624)...

Create initial parsimony tree by phylogenetic likelihood library (PLL)... 0.004 seconds

NOTE: 5 MB RAM (0 GB) is required!
Estimate model parameters (epsilon = 0.100)
1. Initial log-likelihood: -14456.726
2. Current log-likelihood: -13917.039
3. Current log-likelihood: -13898.792
4. Current log-likelihood: -13898.099
Optimal log-likelihood: -13898.060
Gamma shape alpha: 7.093
Parameters optimization took 4 rounds (0.350 sec)
Computing ML distances based on estimated model parameters... 0.117 sec
WARNING: Some pairwise ML distances are too long (saturated)
Computing BIONJ tree...
0.008 seconds
Log-likelihood of BIONJ tree: -13881.817
--------------------------------------------------------------------
|             INITIALIZING CANDIDATE TREE SET                      |
--------------------------------------------------------------------
Generating 98 parsimony trees... 0.338 second
Computing log-likelihood of 98 initial trees ... 2.434 seconds
Current best score: -13881.817

Do NNI search on 20 best initial trees
Estimate model parameters (epsilon = 0.100)
BETTER TREE FOUND at iteration 1: -13857.896
Estimate model parameters (epsilon = 0.100)
BETTER TREE FOUND at iteration 2: -13850.265
Iteration 10 / LogL: -13851.822 / Time: 0h:0m:6s
Iteration 20 / LogL: -13851.059 / Time: 0h:0m:9s
Finish initializing candidate tree set (6)
Current best tree score: -13850.265 / CPU time: 9.030
Number of iterations: 20
--------------------------------------------------------------------
|               OPTIMIZING CANDIDATE TREE SET                      |
--------------------------------------------------------------------
Iteration 30 / LogL: -13850.629 / Time: 0h:0m:11s (0h:0m:29s left)
Estimate model parameters (epsilon = 0.100)
BETTER TREE FOUND at iteration 36: -13850.171
Iteration 40 / LogL: -13851.724 / Time: 0h:0m:14s (0h:0m:35s left)
Iteration 50 / LogL: -13851.078 / Time: 0h:0m:16s (0h:0m:28s left)
Iteration 60 / LogL: -13852.050 / Time: 0h:0m:18s (0h:0m:24s left)
Iteration 70 / LogL: -13852.519 / Time: 0h:0m:21s (0h:0m:20s left)
Iteration 80 / LogL: -13852.845 / Time: 0h:0m:24s (0h:0m:17s left)
Iteration 90 / LogL: -13852.428 / Time: 0h:0m:26s (0h:0m:13s left)
Iteration 100 / LogL: -13853.656 / Time: 0h:0m:29s (0h:0m:10s left)
Iteration 110 / LogL: -13851.212 / Time: 0h:0m:31s (0h:0m:7s left)
Iteration 120 / LogL: -13852.266 / Time: 0h:0m:33s (0h:0m:4s left)
Iteration 130 / LogL: -13850.244 / Time: 0h:0m:35s (0h:0m:1s left)
TREE SEARCH COMPLETED AFTER 137 ITERATIONS / Time: 0h:0m:37s

--------------------------------------------------------------------
|                    FINALIZING TREE SEARCH                        |
--------------------------------------------------------------------
Performs final model parameters optimization
Estimate model parameters (epsilon = 0.010)
1. Initial log-likelihood: -13850.171
Optimal log-likelihood: -13850.166
Gamma shape alpha: 8.175
Parameters optimization took 1 rounds (0.050 sec)
BEST SCORE FOUND : -13850.166
Total tree length: 25.187

Total number of iterations: 137
CPU time used for tree search: 36.733 sec (0h:0m:36s)
Wall-clock time used for tree search: 36.912 sec (0h:0m:36s)
Total CPU time used: 37.311 sec (0h:0m:37s)
Total wall-clock time used: 37.574 sec (0h:0m:37s)

===> START BOOTSTRAP REPLICATE NUMBER 25

Creating bootstrap alignment (seed: 564625)...

Create initial parsimony tree by phylogenetic likelihood library (PLL)... 0.002 seconds

NOTE: 6 MB RAM (0 GB) is required!
Estimate model parameters (epsilon = 0.100)
1. Initial log-likelihood: -14919.972
2. Current log-likelihood: -14324.629
3. Current log-likelihood: -14305.369
4. Current log-likelihood: -14303.446
5. Current log-likelihood: -14303.209
Optimal log-likelihood: -14303.177
Gamma shape alpha: 8.832
Parameters optimization took 5 rounds (0.371 sec)
Computing ML distances based on estimated model parameters... 0.140 sec
WARNING: Some pairwise ML distances are too long (saturated)
Computing BIONJ tree...
0.025 seconds
Log-likelihood of BIONJ tree: -14271.796
--------------------------------------------------------------------
|             INITIALIZING CANDIDATE TREE SET                      |
--------------------------------------------------------------------
Generating 98 parsimony trees... 0.326 second
Computing log-likelihood of 98 initial trees ... 2.459 seconds
Current best score: -14271.796

Do NNI search on 20 best initial trees
Estimate model parameters (epsilon = 0.100)
BETTER TREE FOUND at iteration 1: -14253.616
Estimate model parameters (epsilon = 0.100)
BETTER TREE FOUND at iteration 2: -14250.759
Iteration 10 / LogL: -14251.558 / Time: 0h:0m:6s
Iteration 20 / LogL: -14277.236 / Time: 0h:0m:8s
Finish initializing candidate tree set (15)
Current best tree score: -14250.759 / CPU time: 7.939
Number of iterations: 20
--------------------------------------------------------------------
|               OPTIMIZING CANDIDATE TREE SET                      |
--------------------------------------------------------------------
Iteration 30 / LogL: -14253.008 / Time: 0h:0m:11s (0h:0m:27s left)
Iteration 40 / LogL: -14251.973 / Time: 0h:0m:13s (0h:0m:22s left)
Iteration 50 / LogL: -14251.877 / Time: 0h:0m:16s (0h:0m:17s left)
Iteration 60 / LogL: -14250.858 / Time: 0h:0m:19s (0h:0m:13s left)
Estimate model parameters (epsilon = 0.100)
UPDATE BEST LOG-LIKELIHOOD: -14250.337
Iteration 70 / LogL: -14254.429 / Time: 0h:0m:22s (0h:0m:10s left)
Iteration 80 / LogL: -14251.534 / Time: 0h:0m:24s (0h:0m:6s left)
Iteration 90 / LogL: -14254.637 / Time: 0h:0m:27s (0h:0m:3s left)
Iteration 100 / LogL: -14250.968 / Time: 0h:0m:29s (0h:0m:0s left)
TREE SEARCH COMPLETED AFTER 103 ITERATIONS / Time: 0h:0m:30s

--------------------------------------------------------------------
|                    FINALIZING TREE SEARCH                        |
--------------------------------------------------------------------
Performs final model parameters optimization
Estimate model parameters (epsilon = 0.010)
1. Initial log-likelihood: -14250.337
2. Current log-likelihood: -14250.319
Optimal log-likelihood: -14250.313
Gamma shape alpha: 10.291
Parameters optimization took 2 rounds (0.077 sec)
BEST SCORE FOUND : -14250.313
Total tree length: 27.924

Total number of iterations: 103
CPU time used for tree search: 29.839 sec (0h:0m:29s)
Wall-clock time used for tree search: 30.034 sec (0h:0m:30s)
Total CPU time used: 30.578 sec (0h:0m:30s)
Total wall-clock time used: 30.819 sec (0h:0m:30s)

===> START BOOTSTRAP REPLICATE NUMBER 26

Creating bootstrap alignment (seed: 564626)...

Create initial parsimony tree by phylogenetic likelihood library (PLL)... 0.002 seconds

NOTE: 5 MB RAM (0 GB) is required!
Estimate model parameters (epsilon = 0.100)
1. Initial log-likelihood: -13199.227
2. Current log-likelihood: -12669.394
3. Current log-likelihood: -12649.677
4. Current log-likelihood: -12648.229
5. Current log-likelihood: -12648.032
Optimal log-likelihood: -12647.993
Gamma shape alpha: 26.515
Parameters optimization took 5 rounds (0.432 sec)
Computing ML distances based on estimated model parameters... 0.114 sec
WARNING: Some pairwise ML distances are too long (saturated)
Computing BIONJ tree...
0.007 seconds
Log-likelihood of BIONJ tree: -12654.565
--------------------------------------------------------------------
|             INITIALIZING CANDIDATE TREE SET                      |
--------------------------------------------------------------------
Generating 98 parsimony trees... 0.306 second
Computing log-likelihood of 98 initial trees ... 2.432 seconds
Current best score: -12607.731

Do NNI search on 20 best initial trees
Estimate model parameters (epsilon = 0.100)
BETTER TREE FOUND at iteration 1: -12585.368
UPDATE BEST LOG-LIKELIHOOD: -12585.363
BETTER TREE FOUND at iteration 5: -12585.363
Iteration 10 / LogL: -12586.454 / Time: 0h:0m:8s
Iteration 20 / LogL: -12586.453 / Time: 0h:0m:13s
Finish initializing candidate tree set (9)
Current best tree score: -12585.363 / CPU time: 12.408
Number of iterations: 20
--------------------------------------------------------------------
|               OPTIMIZING CANDIDATE TREE SET                      |
--------------------------------------------------------------------
Iteration 30 / LogL: -12585.363 / Time: 0h:0m:17s (0h:0m:44s left)
Estimate model parameters (epsilon = 0.100)
BETTER TREE FOUND at iteration 31: -12585.041
Estimate model parameters (epsilon = 0.100)
BETTER TREE FOUND at iteration 36: -12584.589
Iteration 40 / LogL: -12585.363 / Time: 0h:0m:21s (0h:0m:52s left)
Iteration 50 / LogL: -12585.194 / Time: 0h:0m:24s (0h:0m:43s left)
Iteration 60 / LogL: -12585.363 / Time: 0h:0m:28s (0h:0m:36s left)
Iteration 70 / LogL: -12584.590 / Time: 0h:0m:32s (0h:0m:30s left)
Iteration 80 / LogL: -12584.610 / Time: 0h:0m:35s (0h:0m:25s left)
Iteration 90 / LogL: -12585.363 / Time: 0h:0m:39s (0h:0m:20s left)
Iteration 100 / LogL: -12586.750 / Time: 0h:0m:42s (0h:0m:15s left)
Iteration 110 / LogL: -12585.202 / Time: 0h:0m:46s (0h:0m:11s left)
Iteration 120 / LogL: -12584.591 / Time: 0h:0m:50s (0h:0m:6s left)
Iteration 130 / LogL: -12585.363 / Time: 0h:0m:54s (0h:0m:2s left)
TREE SEARCH COMPLETED AFTER 137 ITERATIONS / Time: 0h:0m:57s

--------------------------------------------------------------------
|                    FINALIZING TREE SEARCH                        |
--------------------------------------------------------------------
Performs final model parameters optimization
Estimate model parameters (epsilon = 0.010)
1. Initial log-likelihood: -12584.589
Optimal log-likelihood: -12584.589
Gamma shape alpha: 59.719
Parameters optimization took 1 rounds (0.057 sec)
BEST SCORE FOUND : -12584.589
Total tree length: 24.232

Total number of iterations: 137
CPU time used for tree search: 56.116 sec (0h:0m:56s)
Wall-clock time used for tree search: 56.403 sec (0h:0m:56s)
Total CPU time used: 56.960 sec (0h:0m:56s)
Total wall-clock time used: 57.332 sec (0h:0m:57s)

===> START BOOTSTRAP REPLICATE NUMBER 27

Creating bootstrap alignment (seed: 564627)...

Create initial parsimony tree by phylogenetic likelihood library (PLL)... 0.006 seconds

NOTE: 5 MB RAM (0 GB) is required!
Estimate model parameters (epsilon = 0.100)
1. Initial log-likelihood: -13937.623
2. Current log-likelihood: -13351.030
3. Current log-likelihood: -13326.205
4. Current log-likelihood: -13324.974
5. Current log-likelihood: -13324.871
Optimal log-likelihood: -13324.852
Gamma shape alpha: 32.533
Parameters optimization took 5 rounds (0.374 sec)
Computing ML distances based on estimated model parameters... 0.128 sec
WARNING: Some pairwise ML distances are too long (saturated)
Computing BIONJ tree...
0.026 seconds
Log-likelihood of BIONJ tree: -13344.133
--------------------------------------------------------------------
|             INITIALIZING CANDIDATE TREE SET                      |
--------------------------------------------------------------------
Generating 98 parsimony trees... 0.389 second
Computing log-likelihood of 98 initial trees ... 2.569 seconds
Current best score: -13324.852

Do NNI search on 20 best initial trees
Estimate model parameters (epsilon = 0.100)
BETTER TREE FOUND at iteration 1: -13318.691
Estimate model parameters (epsilon = 0.100)
BETTER TREE FOUND at iteration 2: -13313.542
Iteration 10 / LogL: -13315.266 / Time: 0h:0m:7s
Iteration 20 / LogL: -13314.454 / Time: 0h:0m:10s
Finish initializing candidate tree set (6)
Current best tree score: -13313.542 / CPU time: 9.895
Number of iterations: 20
--------------------------------------------------------------------
|               OPTIMIZING CANDIDATE TREE SET                      |
--------------------------------------------------------------------
Iteration 30 / LogL: -13315.360 / Time: 0h:0m:13s (0h:0m:33s left)
Iteration 40 / LogL: -13318.745 / Time: 0h:0m:16s (0h:0m:26s left)
Iteration 50 / LogL: -13314.609 / Time: 0h:0m:20s (0h:0m:21s left)
Iteration 60 / LogL: -13315.242 / Time: 0h:0m:23s (0h:0m:16s left)
Iteration 70 / LogL: -13318.745 / Time: 0h:0m:27s (0h:0m:12s left)
Iteration 80 / LogL: -13315.266 / Time: 0h:0m:30s (0h:0m:8s left)
Iteration 90 / LogL: -13315.166 / Time: 0h:0m:33s (0h:0m:4s left)
Iteration 100 / LogL: -13314.726 / Time: 0h:0m:35s (0h:0m:0s left)
TREE SEARCH COMPLETED AFTER 103 ITERATIONS / Time: 0h:0m:36s

--------------------------------------------------------------------
|                    FINALIZING TREE SEARCH                        |
--------------------------------------------------------------------
Performs final model parameters optimization
Estimate model parameters (epsilon = 0.010)
1. Initial log-likelihood: -13313.542
2. Current log-likelihood: -13313.472
3. Current log-likelihood: -13313.398
4. Current log-likelihood: -13313.349
5. Current log-likelihood: -13313.315
Optimal log-likelihood: -13313.298
Gamma shape alpha: 26.981
Parameters optimization took 5 rounds (0.228 sec)
BEST SCORE FOUND : -13313.298
Total tree length: 26.507

Total number of iterations: 103
CPU time used for tree search: 35.457 sec (0h:0m:35s)
Wall-clock time used for tree search: 35.675 sec (0h:0m:35s)
Total CPU time used: 36.448 sec (0h:0m:36s)
Total wall-clock time used: 36.744 sec (0h:0m:36s)

===> START BOOTSTRAP REPLICATE NUMBER 28

Creating bootstrap alignment (seed: 564628)...

Create initial parsimony tree by phylogenetic likelihood library (PLL)... 0.005 seconds

NOTE: 5 MB RAM (0 GB) is required!
Estimate model parameters (epsilon = 0.100)
1. Initial log-likelihood: -14439.499
2. Current log-likelihood: -13913.224
3. Current log-likelihood: -13882.114
4. Current log-likelihood: -13880.403
5. Current log-likelihood: -13880.298
Optimal log-likelihood: -13880.262
Gamma shape alpha: 20.307
Parameters optimization took 5 rounds (0.345 sec)
Computing ML distances based on estimated model parameters... 0.127 sec
WARNING: Some pairwise ML distances are too long (saturated)
Computing BIONJ tree...
0.008 seconds
Log-likelihood of BIONJ tree: -13876.911
--------------------------------------------------------------------
|             INITIALIZING CANDIDATE TREE SET                      |
--------------------------------------------------------------------
Generating 98 parsimony trees... 0.292 second
Computing log-likelihood of 98 initial trees ... 2.267 seconds
Current best score: -13850.831

Do NNI search on 20 best initial trees
Estimate model parameters (epsilon = 0.100)
BETTER TREE FOUND at iteration 1: -13828.539
Estimate model parameters (epsilon = 0.100)
BETTER TREE FOUND at iteration 2: -13814.631
Iteration 10 / LogL: -13819.682 / Time: 0h:0m:6s
Iteration 20 / LogL: -13816.187 / Time: 0h:0m:10s
Finish initializing candidate tree set (12)
Current best tree score: -13814.631 / CPU time: 10.223
Number of iterations: 20
--------------------------------------------------------------------
|               OPTIMIZING CANDIDATE TREE SET                      |
--------------------------------------------------------------------
Estimate model parameters (epsilon = 0.100)
UPDATE BEST LOG-LIKELIHOOD: -13814.571
Iteration 30 / LogL: -13821.449 / Time: 0h:0m:13s (0h:0m:32s left)
Iteration 40 / LogL: -13815.478 / Time: 0h:0m:15s (0h:0m:24s left)
Iteration 50 / LogL: -13814.727 / Time: 0h:0m:18s (0h:0m:19s left)
Iteration 60 / LogL: -13814.679 / Time: 0h:0m:21s (0h:0m:15s left)
Iteration 70 / LogL: -13814.750 / Time: 0h:0m:24s (0h:0m:11s left)
Estimate model parameters (epsilon = 0.100)
UPDATE BEST LOG-LIKELIHOOD: -13813.795
Iteration 80 / LogL: -13814.331 / Time: 0h:0m:27s (0h:0m:7s left)
Iteration 90 / LogL: -13814.780 / Time: 0h:0m:30s (0h:0m:4s left)
Iteration 100 / LogL: -13815.246 / Time: 0h:0m:33s (0h:0m:0s left)
TREE SEARCH COMPLETED AFTER 103 ITERATIONS / Time: 0h:0m:33s

--------------------------------------------------------------------
|                    FINALIZING TREE SEARCH                        |
--------------------------------------------------------------------
Performs final model parameters optimization
Estimate model parameters (epsilon = 0.010)
1. Initial log-likelihood: -13813.795
Optimal log-likelihood: -13813.789
Gamma shape alpha: 23.565
Parameters optimization took 1 rounds (0.034 sec)
BEST SCORE FOUND : -13813.789
Total tree length: 25.891

Total number of iterations: 103
CPU time used for tree search: 33.187 sec (0h:0m:33s)
Wall-clock time used for tree search: 33.369 sec (0h:0m:33s)
Total CPU time used: 33.775 sec (0h:0m:33s)
Total wall-clock time used: 34.027 sec (0h:0m:34s)

===> START BOOTSTRAP REPLICATE NUMBER 29

Creating bootstrap alignment (seed: 564629)...

Create initial parsimony tree by phylogenetic likelihood library (PLL)... 0.003 seconds

NOTE: 5 MB RAM (0 GB) is required!
Estimate model parameters (epsilon = 0.100)
1. Initial log-likelihood: -14260.329
2. Current log-likelihood: -13637.467
3. Current log-likelihood: -13618.831
4. Current log-likelihood: -13618.353
Optimal log-likelihood: -13618.296
Gamma shape alpha: 9.497
Parameters optimization took 4 rounds (0.290 sec)
Computing ML distances based on estimated model parameters... 0.116 sec
WARNING: Some pairwise ML distances are too long (saturated)
Computing BIONJ tree...
0.008 seconds
Log-likelihood of BIONJ tree: -13585.521
--------------------------------------------------------------------
|             INITIALIZING CANDIDATE TREE SET                      |
--------------------------------------------------------------------
Generating 98 parsimony trees... 0.299 second
Computing log-likelihood of 98 initial trees ... 2.283 seconds
Current best score: -13585.521

Do NNI search on 20 best initial trees
Estimate model parameters (epsilon = 0.100)
BETTER TREE FOUND at iteration 1: -13568.517
UPDATE BEST LOG-LIKELIHOOD: -13568.517
Iteration 10 / LogL: -13572.041 / Time: 0h:0m:5s
Iteration 20 / LogL: -13574.438 / Time: 0h:0m:9s
Finish initializing candidate tree set (8)
Current best tree score: -13568.517 / CPU time: 8.562
Number of iterations: 20
--------------------------------------------------------------------
|               OPTIMIZING CANDIDATE TREE SET                      |
--------------------------------------------------------------------
UPDATE BEST LOG-LIKELIHOOD: -13568.512
UPDATE BEST LOG-LIKELIHOOD: -13568.507
Iteration 30 / LogL: -13568.507 / Time: 0h:0m:12s (0h:0m:30s left)
UPDATE BEST LOG-LIKELIHOOD: -13568.506
Iteration 40 / LogL: -13571.027 / Time: 0h:0m:15s (0h:0m:24s left)
Iteration 50 / LogL: -13572.542 / Time: 0h:0m:18s (0h:0m:18s left)
Iteration 60 / LogL: -13570.785 / Time: 0h:0m:21s (0h:0m:14s left)
Iteration 70 / LogL: -13568.552 / Time: 0h:0m:24s (0h:0m:10s left)
Iteration 80 / LogL: -13568.507 / Time: 0h:0m:27s (0h:0m:7s left)
Iteration 90 / LogL: -13571.173 / Time: 0h:0m:30s (0h:0m:3s left)
Iteration 100 / LogL: -13568.551 / Time: 0h:0m:33s (0h:0m:0s left)
TREE SEARCH COMPLETED AFTER 102 ITERATIONS / Time: 0h:0m:34s

--------------------------------------------------------------------
|                    FINALIZING TREE SEARCH                        |
--------------------------------------------------------------------
Performs final model parameters optimization
Estimate model parameters (epsilon = 0.010)
1. Initial log-likelihood: -13568.506
Optimal log-likelihood: -13568.506
Gamma shape alpha: 10.517
Parameters optimization took 1 rounds (0.036 sec)
BEST SCORE FOUND : -13568.506
Total tree length: 25.579

Total number of iterations: 102
CPU time used for tree search: 33.318 sec (0h:0m:33s)
Wall-clock time used for tree search: 33.515 sec (0h:0m:33s)
Total CPU time used: 33.897 sec (0h:0m:33s)
Total wall-clock time used: 34.112 sec (0h:0m:34s)

===> START BOOTSTRAP REPLICATE NUMBER 30

Creating bootstrap alignment (seed: 564630)...

Create initial parsimony tree by phylogenetic likelihood library (PLL)... 0.017 seconds

NOTE: 5 MB RAM (0 GB) is required!
Estimate model parameters (epsilon = 0.100)
1. Initial log-likelihood: -14420.740
2. Current log-likelihood: -13930.513
3. Current log-likelihood: -13910.814
4. Current log-likelihood: -13909.317
5. Current log-likelihood: -13909.148
Optimal log-likelihood: -13909.124
Gamma shape alpha: 10.161
Parameters optimization took 5 rounds (0.415 sec)
Computing ML distances based on estimated model parameters... 0.119 sec
WARNING: Some pairwise ML distances are too long (saturated)
Computing BIONJ tree...
0.008 seconds
Log-likelihood of BIONJ tree: -13856.287
--------------------------------------------------------------------
|             INITIALIZING CANDIDATE TREE SET                      |
--------------------------------------------------------------------
Generating 98 parsimony trees... 0.328 second
Computing log-likelihood of 98 initial trees ... 2.442 seconds
Current best score: -13856.287

Do NNI search on 20 best initial trees
Estimate model parameters (epsilon = 0.100)
BETTER TREE FOUND at iteration 1: -13840.893
Estimate model parameters (epsilon = 0.100)
BETTER TREE FOUND at iteration 2: -13840.820
Estimate model parameters (epsilon = 0.100)
BETTER TREE FOUND at iteration 10: -13840.316
Iteration 10 / LogL: -13840.316 / Time: 0h:0m:8s
Iteration 20 / LogL: -13841.088 / Time: 0h:0m:14s
Finish initializing candidate tree set (11)
Current best tree score: -13840.316 / CPU time: 13.238
Number of iterations: 20
--------------------------------------------------------------------
|               OPTIMIZING CANDIDATE TREE SET                      |
--------------------------------------------------------------------
Iteration 30 / LogL: -13841.773 / Time: 0h:0m:17s (0h:0m:47s left)
Iteration 40 / LogL: -13841.882 / Time: 0h:0m:22s (0h:0m:39s left)
Estimate model parameters (epsilon = 0.100)
BETTER TREE FOUND at iteration 44: -13839.289
Estimate model parameters (epsilon = 0.100)
BETTER TREE FOUND at iteration 50: -13838.421
Iteration 50 / LogL: -13838.421 / Time: 0h:0m:25s (0h:0m:51s left)
Iteration 60 / LogL: -13839.346 / Time: 0h:0m:27s (0h:0m:41s left)
Estimate model parameters (epsilon = 0.100)
UPDATE BEST LOG-LIKELIHOOD: -13837.844
Iteration 70 / LogL: -13841.409 / Time: 0h:0m:29s (0h:0m:34s left)
Iteration 80 / LogL: -13841.618 / Time: 0h:0m:33s (0h:0m:29s left)
Iteration 90 / LogL: -13838.042 / Time: 0h:0m:36s (0h:0m:24s left)
Iteration 100 / LogL: -13842.444 / Time: 0h:0m:38s (0h:0m:19s left)
Iteration 110 / LogL: -13839.365 / Time: 0h:0m:41s (0h:0m:15s left)
Iteration 120 / LogL: -13839.803 / Time: 0h:0m:43s (0h:0m:10s left)
Iteration 130 / LogL: -13840.089 / Time: 0h:0m:45s (0h:0m:7s left)
Iteration 140 / LogL: -13839.567 / Time: 0h:0m:48s (0h:0m:3s left)
Iteration 150 / LogL: -13842.268 / Time: 0h:0m:51s (0h:0m:0s left)
TREE SEARCH COMPLETED AFTER 151 ITERATIONS / Time: 0h:0m:51s

--------------------------------------------------------------------
|                    FINALIZING TREE SEARCH                        |
--------------------------------------------------------------------
Performs final model parameters optimization
Estimate model parameters (epsilon = 0.010)
1. Initial log-likelihood: -13837.844
2. Current log-likelihood: -13837.818
Optimal log-likelihood: -13837.806
Gamma shape alpha: 13.044
Parameters optimization took 2 rounds (0.076 sec)
BEST SCORE FOUND : -13837.806
Total tree length: 26.140

Total number of iterations: 151
CPU time used for tree search: 50.273 sec (0h:0m:50s)
Wall-clock time used for tree search: 50.564 sec (0h:0m:50s)
Total CPU time used: 51.126 sec (0h:0m:51s)
Total wall-clock time used: 51.504 sec (0h:0m:51s)

===> START BOOTSTRAP REPLICATE NUMBER 31

Creating bootstrap alignment (seed: 564631)...

Create initial parsimony tree by phylogenetic likelihood library (PLL)... 0.017 seconds

NOTE: 5 MB RAM (0 GB) is required!
Estimate model parameters (epsilon = 0.100)
1. Initial log-likelihood: -13705.910
2. Current log-likelihood: -13088.700
3. Current log-likelihood: -13066.911
4. Current log-likelihood: -13064.820
5. Current log-likelihood: -13064.614
Optimal log-likelihood: -13064.589
Gamma shape alpha: 21.319
Parameters optimization took 5 rounds (0.411 sec)
Computing ML distances based on estimated model parameters... 0.110 sec
WARNING: Some pairwise ML distances are too long (saturated)
Computing BIONJ tree...
0.008 seconds
Log-likelihood of BIONJ tree: -13058.738
--------------------------------------------------------------------
|             INITIALIZING CANDIDATE TREE SET                      |
--------------------------------------------------------------------
Generating 98 parsimony trees... 0.281 second
Computing log-likelihood of 98 initial trees ... 2.332 seconds
Current best score: -13029.692

Do NNI search on 20 best initial trees
Estimate model parameters (epsilon = 0.100)
BETTER TREE FOUND at iteration 1: -13011.327
Estimate model parameters (epsilon = 0.100)
BETTER TREE FOUND at iteration 4: -13007.158
Iteration 10 / LogL: -13007.796 / Time: 0h:0m:5s
Iteration 20 / LogL: -13008.157 / Time: 0h:0m:8s
Finish initializing candidate tree set (6)
Current best tree score: -13007.158 / CPU time: 7.372
Number of iterations: 20
--------------------------------------------------------------------
|               OPTIMIZING CANDIDATE TREE SET                      |
--------------------------------------------------------------------
Iteration 30 / LogL: -13012.682 / Time: 0h:0m:10s (0h:0m:27s left)
Iteration 40 / LogL: -13007.855 / Time: 0h:0m:13s (0h:0m:21s left)
Iteration 50 / LogL: -13009.436 / Time: 0h:0m:15s (0h:0m:17s left)
Iteration 60 / LogL: -13008.165 / Time: 0h:0m:18s (0h:0m:13s left)
Iteration 70 / LogL: -13013.677 / Time: 0h:0m:20s (0h:0m:10s left)
Iteration 80 / LogL: -13007.683 / Time: 0h:0m:23s (0h:0m:7s left)
Iteration 90 / LogL: -13007.548 / Time: 0h:0m:25s (0h:0m:4s left)
Iteration 100 / LogL: -13010.430 / Time: 0h:0m:28s (0h:0m:1s left)
TREE SEARCH COMPLETED AFTER 105 ITERATIONS / Time: 0h:0m:29s

--------------------------------------------------------------------
|                    FINALIZING TREE SEARCH                        |
--------------------------------------------------------------------
Performs final model parameters optimization
Estimate model parameters (epsilon = 0.010)
1. Initial log-likelihood: -13007.158
Optimal log-likelihood: -13007.153
Gamma shape alpha: 23.665
Parameters optimization took 1 rounds (0.070 sec)
BEST SCORE FOUND : -13007.153
Total tree length: 24.267

Total number of iterations: 105
CPU time used for tree search: 29.127 sec (0h:0m:29s)
Wall-clock time used for tree search: 29.272 sec (0h:0m:29s)
Total CPU time used: 29.760 sec (0h:0m:29s)
Total wall-clock time used: 30.046 sec (0h:0m:30s)

===> START BOOTSTRAP REPLICATE NUMBER 32

Creating bootstrap alignment (seed: 564632)...

Create initial parsimony tree by phylogenetic likelihood library (PLL)... 0.003 seconds

NOTE: 5 MB RAM (0 GB) is required!
Estimate model parameters (epsilon = 0.100)
1. Initial log-likelihood: -13750.660
2. Current log-likelihood: -13184.888
3. Current log-likelihood: -13168.546
4. Current log-likelihood: -13167.865
Optimal log-likelihood: -13167.730
Gamma shape alpha: 8.648
Parameters optimization took 4 rounds (0.333 sec)
Computing ML distances based on estimated model parameters... 0.131 sec
WARNING: Some pairwise ML distances are too long (saturated)
Computing BIONJ tree...
0.007 seconds
Log-likelihood of BIONJ tree: -13127.897
--------------------------------------------------------------------
|             INITIALIZING CANDIDATE TREE SET                      |
--------------------------------------------------------------------
Generating 98 parsimony trees... 0.335 second
Computing log-likelihood of 98 initial trees ... 2.379 seconds
Current best score: -13127.897

Do NNI search on 20 best initial trees
Estimate model parameters (epsilon = 0.100)
BETTER TREE FOUND at iteration 1: -13124.251
Iteration 10 / LogL: -13129.596 / Time: 0h:0m:6s
Estimate model parameters (epsilon = 0.100)
UPDATE BEST LOG-LIKELIHOOD: -13124.101
Iteration 20 / LogL: -13130.398 / Time: 0h:0m:9s
Finish initializing candidate tree set (10)
Current best tree score: -13124.101 / CPU time: 8.182
Number of iterations: 20
--------------------------------------------------------------------
|               OPTIMIZING CANDIDATE TREE SET                      |
--------------------------------------------------------------------
Iteration 30 / LogL: -13125.020 / Time: 0h:0m:11s (0h:0m:29s left)
Iteration 40 / LogL: -13124.234 / Time: 0h:0m:14s (0h:0m:23s left)
Iteration 50 / LogL: -13142.833 / Time: 0h:0m:17s (0h:0m:18s left)
Iteration 60 / LogL: -13124.307 / Time: 0h:0m:20s (0h:0m:14s left)
Iteration 70 / LogL: -13124.365 / Time: 0h:0m:22s (0h:0m:10s left)
Iteration 80 / LogL: -13124.158 / Time: 0h:0m:25s (0h:0m:6s left)
Iteration 90 / LogL: -13124.133 / Time: 0h:0m:28s (0h:0m:3s left)
Iteration 100 / LogL: -13126.355 / Time: 0h:0m:31s (0h:0m:0s left)
TREE SEARCH COMPLETED AFTER 102 ITERATIONS / Time: 0h:0m:31s

--------------------------------------------------------------------
|                    FINALIZING TREE SEARCH                        |
--------------------------------------------------------------------
Performs final model parameters optimization
Estimate model parameters (epsilon = 0.010)
1. Initial log-likelihood: -13124.101
2. Current log-likelihood: -13124.081
Optimal log-likelihood: -13124.073
Gamma shape alpha: 11.244
Parameters optimization took 2 rounds (0.112 sec)
BEST SCORE FOUND : -13124.073
Total tree length: 26.361

Total number of iterations: 102
CPU time used for tree search: 30.816 sec (0h:0m:30s)
Wall-clock time used for tree search: 31.012 sec (0h:0m:31s)
Total CPU time used: 31.718 sec (0h:0m:31s)
Total wall-clock time used: 31.982 sec (0h:0m:31s)

===> START BOOTSTRAP REPLICATE NUMBER 33

Creating bootstrap alignment (seed: 564633)...

Create initial parsimony tree by phylogenetic likelihood library (PLL)... 0.004 seconds

NOTE: 5 MB RAM (0 GB) is required!
Estimate model parameters (epsilon = 0.100)
1. Initial log-likelihood: -14617.644
2. Current log-likelihood: -14101.686
3. Current log-likelihood: -14076.981
4. Current log-likelihood: -14075.743
Optimal log-likelihood: -14075.650
Gamma shape alpha: 21.834
Parameters optimization took 4 rounds (0.309 sec)
Computing ML distances based on estimated model parameters... 0.106 sec
WARNING: Some pairwise ML distances are too long (saturated)
Computing BIONJ tree...
0.024 seconds
Log-likelihood of BIONJ tree: -14052.470
--------------------------------------------------------------------
|             INITIALIZING CANDIDATE TREE SET                      |
--------------------------------------------------------------------
Generating 98 parsimony trees... 0.266 second
Computing log-likelihood of 98 initial trees ... 2.367 seconds
Current best score: -14052.470

Do NNI search on 20 best initial trees
Estimate model parameters (epsilon = 0.100)
BETTER TREE FOUND at iteration 1: -14034.549
Iteration 10 / LogL: -14034.663 / Time: 0h:0m:5s
Iteration 20 / LogL: -14035.727 / Time: 0h:0m:7s
Finish initializing candidate tree set (7)
Current best tree score: -14034.549 / CPU time: 7.105
Number of iterations: 20
--------------------------------------------------------------------
|               OPTIMIZING CANDIDATE TREE SET                      |
--------------------------------------------------------------------
UPDATE BEST LOG-LIKELIHOOD: -14034.543
Iteration 30 / LogL: -14034.676 / Time: 0h:0m:10s (0h:0m:25s left)
Iteration 40 / LogL: -14034.696 / Time: 0h:0m:13s (0h:0m:20s left)
UPDATE BEST LOG-LIKELIHOOD: -14034.538
Iteration 50 / LogL: -14035.339 / Time: 0h:0m:16s (0h:0m:16s left)
Iteration 60 / LogL: -14034.613 / Time: 0h:0m:18s (0h:0m:12s left)
Iteration 70 / LogL: -14034.750 / Time: 0h:0m:21s (0h:0m:9s left)
Iteration 80 / LogL: -14035.349 / Time: 0h:0m:24s (0h:0m:6s left)
Iteration 90 / LogL: -14034.617 / Time: 0h:0m:27s (0h:0m:3s left)
Iteration 100 / LogL: -14034.714 / Time: 0h:0m:29s (0h:0m:0s left)
TREE SEARCH COMPLETED AFTER 102 ITERATIONS / Time: 0h:0m:30s

--------------------------------------------------------------------
|                    FINALIZING TREE SEARCH                        |
--------------------------------------------------------------------
Performs final model parameters optimization
Estimate model parameters (epsilon = 0.010)
1. Initial log-likelihood: -14034.538
Optimal log-likelihood: -14034.533
Gamma shape alpha: 20.724
Parameters optimization took 1 rounds (0.050 sec)
BEST SCORE FOUND : -14034.533
Total tree length: 24.104

Total number of iterations: 102
CPU time used for tree search: 29.315 sec (0h:0m:29s)
Wall-clock time used for tree search: 29.452 sec (0h:0m:29s)
Total CPU time used: 29.878 sec (0h:0m:29s)
Total wall-clock time used: 30.119 sec (0h:0m:30s)

===> START BOOTSTRAP REPLICATE NUMBER 34

Creating bootstrap alignment (seed: 564634)...

Create initial parsimony tree by phylogenetic likelihood library (PLL)... 0.003 seconds

NOTE: 5 MB RAM (0 GB) is required!
Estimate model parameters (epsilon = 0.100)
1. Initial log-likelihood: -14103.580
2. Current log-likelihood: -13567.172
3. Current log-likelihood: -13535.693
4. Current log-likelihood: -13533.017
5. Current log-likelihood: -13532.789
Optimal log-likelihood: -13532.762
Gamma shape alpha: 15.535
Parameters optimization took 5 rounds (0.445 sec)
Computing ML distances based on estimated model parameters... 0.110 sec
WARNING: Some pairwise ML distances are too long (saturated)
Computing BIONJ tree...
0.026 seconds
Log-likelihood of BIONJ tree: -13499.425
--------------------------------------------------------------------
|             INITIALIZING CANDIDATE TREE SET                      |
--------------------------------------------------------------------
Generating 98 parsimony trees... 0.316 second
Computing log-likelihood of 98 initial trees ... 2.469 seconds
Current best score: -13487.991

Do NNI search on 20 best initial trees
Estimate model parameters (epsilon = 0.100)
BETTER TREE FOUND at iteration 1: -13463.749
Estimate model parameters (epsilon = 0.100)
BETTER TREE FOUND at iteration 2: -13456.405
Estimate model parameters (epsilon = 0.100)
BETTER TREE FOUND at iteration 3: -13454.274
Iteration 10 / LogL: -13457.645 / Time: 0h:0m:6s
Estimate model parameters (epsilon = 0.100)
BETTER TREE FOUND at iteration 15: -13448.912
Iteration 20 / LogL: -13460.239 / Time: 0h:0m:9s
Finish initializing candidate tree set (12)
Current best tree score: -13448.912 / CPU time: 8.813
Number of iterations: 20
--------------------------------------------------------------------
|               OPTIMIZING CANDIDATE TREE SET                      |
--------------------------------------------------------------------
Iteration 30 / LogL: -13452.619 / Time: 0h:0m:12s (0h:0m:35s left)
Iteration 40 / LogL: -13453.720 / Time: 0h:0m:14s (0h:0m:28s left)
Iteration 50 / LogL: -13453.240 / Time: 0h:0m:17s (0h:0m:23s left)
Iteration 60 / LogL: -13453.422 / Time: 0h:0m:21s (0h:0m:19s left)
Iteration 70 / LogL: -13453.244 / Time: 0h:0m:23s (0h:0m:15s left)
Iteration 80 / LogL: -13453.545 / Time: 0h:0m:27s (0h:0m:12s left)
Iteration 90 / LogL: -13453.355 / Time: 0h:0m:29s (0h:0m:8s left)
Iteration 100 / LogL: -13453.315 / Time: 0h:0m:33s (0h:0m:5s left)
Iteration 110 / LogL: -13452.833 / Time: 0h:0m:36s (0h:0m:1s left)
TREE SEARCH COMPLETED AFTER 116 ITERATIONS / Time: 0h:0m:38s

--------------------------------------------------------------------
|                    FINALIZING TREE SEARCH                        |
--------------------------------------------------------------------
Performs final model parameters optimization
Estimate model parameters (epsilon = 0.010)
1. Initial log-likelihood: -13448.912
2. Current log-likelihood: -13448.893
Optimal log-likelihood: -13448.886
Gamma shape alpha: 19.784
Parameters optimization took 2 rounds (0.121 sec)
BEST SCORE FOUND : -13448.886
Total tree length: 26.192

Total number of iterations: 116
CPU time used for tree search: 37.211 sec (0h:0m:37s)
Wall-clock time used for tree search: 37.431 sec (0h:0m:37s)
Total CPU time used: 37.909 sec (0h:0m:37s)
Total wall-clock time used: 38.271 sec (0h:0m:38s)

===> START BOOTSTRAP REPLICATE NUMBER 35

Creating bootstrap alignment (seed: 564635)...

Create initial parsimony tree by phylogenetic likelihood library (PLL)... 0.003 seconds

NOTE: 5 MB RAM (0 GB) is required!
Estimate model parameters (epsilon = 0.100)
1. Initial log-likelihood: -14116.534
2. Current log-likelihood: -13546.859
3. Current log-likelihood: -13515.391
4. Current log-likelihood: -13513.850
5. Current log-likelihood: -13513.745
Optimal log-likelihood: -13513.703
Gamma shape alpha: 18.274
Parameters optimization took 5 rounds (0.354 sec)
Computing ML distances based on estimated model parameters... 0.131 sec
WARNING: Some pairwise ML distances are too long (saturated)
Computing BIONJ tree...
0.008 seconds
Log-likelihood of BIONJ tree: -13404.909
--------------------------------------------------------------------
|             INITIALIZING CANDIDATE TREE SET                      |
--------------------------------------------------------------------
Generating 98 parsimony trees... 0.326 second
Computing log-likelihood of 98 initial trees ... 2.381 seconds
Current best score: -13404.909

Do NNI search on 20 best initial trees
Estimate model parameters (epsilon = 0.100)
BETTER TREE FOUND at iteration 1: -13396.051
Estimate model parameters (epsilon = 0.100)
BETTER TREE FOUND at iteration 2: -13382.366
Iteration 10 / LogL: -13383.701 / Time: 0h:0m:5s
Iteration 20 / LogL: -13384.173 / Time: 0h:0m:8s
Finish initializing candidate tree set (6)
Current best tree score: -13382.366 / CPU time: 7.509
Number of iterations: 20
--------------------------------------------------------------------
|               OPTIMIZING CANDIDATE TREE SET                      |
--------------------------------------------------------------------
Estimate model parameters (epsilon = 0.100)
UPDATE BEST LOG-LIKELIHOOD: -13381.695
Iteration 30 / LogL: -13383.691 / Time: 0h:0m:10s (0h:0m:26s left)
Iteration 40 / LogL: -13382.771 / Time: 0h:0m:13s (0h:0m:21s left)
Iteration 50 / LogL: -13382.829 / Time: 0h:0m:15s (0h:0m:16s left)
Iteration 60 / LogL: -13382.459 / Time: 0h:0m:18s (0h:0m:13s left)
Iteration 70 / LogL: -13386.243 / Time: 0h:0m:21s (0h:0m:9s left)
Iteration 80 / LogL: -13382.849 / Time: 0h:0m:23s (0h:0m:6s left)
Iteration 90 / LogL: -13381.972 / Time: 0h:0m:26s (0h:0m:3s left)
Iteration 100 / LogL: -13388.055 / Time: 0h:0m:28s (0h:0m:0s left)
TREE SEARCH COMPLETED AFTER 103 ITERATIONS / Time: 0h:0m:29s

--------------------------------------------------------------------
|                    FINALIZING TREE SEARCH                        |
--------------------------------------------------------------------
Performs final model parameters optimization
Estimate model parameters (epsilon = 0.010)
1. Initial log-likelihood: -13381.695
2. Current log-likelihood: -13381.655
3. Current log-likelihood: -13381.636
Optimal log-likelihood: -13381.629
Gamma shape alpha: 20.958
Parameters optimization took 3 rounds (0.136 sec)
BEST SCORE FOUND : -13381.629
Total tree length: 25.967

Total number of iterations: 103
CPU time used for tree search: 29.004 sec (0h:0m:29s)
Wall-clock time used for tree search: 29.163 sec (0h:0m:29s)
Total CPU time used: 29.766 sec (0h:0m:29s)
Total wall-clock time used: 29.975 sec (0h:0m:29s)

===> START BOOTSTRAP REPLICATE NUMBER 36

Creating bootstrap alignment (seed: 564636)...

Create initial parsimony tree by phylogenetic likelihood library (PLL)... 0.003 seconds

NOTE: 6 MB RAM (0 GB) is required!
Estimate model parameters (epsilon = 0.100)
1. Initial log-likelihood: -14223.455
2. Current log-likelihood: -13590.929
3. Current log-likelihood: -13567.886
4. Current log-likelihood: -13566.601
Optimal log-likelihood: -13566.504
Gamma shape alpha: 15.953
Parameters optimization took 4 rounds (0.362 sec)
Computing ML distances based on estimated model parameters... 0.140 sec
WARNING: Some pairwise ML distances are too long (saturated)
Computing BIONJ tree...
0.024 seconds
Log-likelihood of BIONJ tree: -13561.951
--------------------------------------------------------------------
|             INITIALIZING CANDIDATE TREE SET                      |
--------------------------------------------------------------------
Generating 98 parsimony trees... 0.290 second
Computing log-likelihood of 98 initial trees ... 2.511 seconds
Current best score: -13550.220

Do NNI search on 20 best initial trees
Estimate model parameters (epsilon = 0.100)
BETTER TREE FOUND at iteration 1: -13528.745
Estimate model parameters (epsilon = 0.100)
BETTER TREE FOUND at iteration 2: -13526.971
Iteration 10 / LogL: -13531.074 / Time: 0h:0m:6s
Iteration 20 / LogL: -13528.258 / Time: 0h:0m:9s
Finish initializing candidate tree set (8)
Current best tree score: -13526.971 / CPU time: 8.454
Number of iterations: 20
--------------------------------------------------------------------
|               OPTIMIZING CANDIDATE TREE SET                      |
--------------------------------------------------------------------
Estimate model parameters (epsilon = 0.100)
BETTER TREE FOUND at iteration 27: -13526.862
Iteration 30 / LogL: -13528.829 / Time: 0h:0m:11s (0h:0m:38s left)
Iteration 40 / LogL: -13528.335 / Time: 0h:0m:14s (0h:0m:31s left)
Iteration 50 / LogL: -13527.926 / Time: 0h:0m:17s (0h:0m:27s left)
Iteration 60 / LogL: -13528.133 / Time: 0h:0m:20s (0h:0m:23s left)
Iteration 70 / LogL: -13527.089 / Time: 0h:0m:23s (0h:0m:19s left)
Iteration 80 / LogL: -13527.046 / Time: 0h:0m:26s (0h:0m:15s left)
Iteration 90 / LogL: -13527.051 / Time: 0h:0m:29s (0h:0m:12s left)
Iteration 100 / LogL: -13526.931 / Time: 0h:0m:32s (0h:0m:8s left)
Iteration 110 / LogL: -13526.952 / Time: 0h:0m:35s (0h:0m:5s left)
Iteration 120 / LogL: -13527.424 / Time: 0h:0m:37s (0h:0m:2s left)
TREE SEARCH COMPLETED AFTER 128 ITERATIONS / Time: 0h:0m:40s

--------------------------------------------------------------------
|                    FINALIZING TREE SEARCH                        |
--------------------------------------------------------------------
Performs final model parameters optimization
Estimate model parameters (epsilon = 0.010)
1. Initial log-likelihood: -13526.862
Optimal log-likelihood: -13526.851
Gamma shape alpha: 22.018
Parameters optimization took 1 rounds (0.054 sec)
BEST SCORE FOUND : -13526.851
Total tree length: 27.415

Total number of iterations: 128
CPU time used for tree search: 39.086 sec (0h:0m:39s)
Wall-clock time used for tree search: 39.374 sec (0h:0m:39s)
Total CPU time used: 39.722 sec (0h:0m:39s)
Total wall-clock time used: 40.128 sec (0h:0m:40s)

===> START BOOTSTRAP REPLICATE NUMBER 37

Creating bootstrap alignment (seed: 564637)...

Create initial parsimony tree by phylogenetic likelihood library (PLL)... 0.002 seconds

NOTE: 5 MB RAM (0 GB) is required!
Estimate model parameters (epsilon = 0.100)
1. Initial log-likelihood: -13878.645
2. Current log-likelihood: -13307.019
3. Current log-likelihood: -13290.193
4. Current log-likelihood: -13289.622
Optimal log-likelihood: -13289.596
Gamma shape alpha: 8.572
Parameters optimization took 4 rounds (0.294 sec)
Computing ML distances based on estimated model parameters... 0.117 sec
WARNING: Some pairwise ML distances are too long (saturated)
Computing BIONJ tree...
0.041 seconds
Log-likelihood of BIONJ tree: -13295.751
--------------------------------------------------------------------
|             INITIALIZING CANDIDATE TREE SET                      |
--------------------------------------------------------------------
Generating 98 parsimony trees... 0.301 second
Computing log-likelihood of 98 initial trees ... 2.395 seconds
Current best score: -13279.505

Do NNI search on 20 best initial trees
Estimate model parameters (epsilon = 0.100)
BETTER TREE FOUND at iteration 1: -13263.249
Estimate model parameters (epsilon = 0.100)
BETTER TREE FOUND at iteration 2: -13262.251
Iteration 10 / LogL: -13262.469 / Time: 0h:0m:5s
Iteration 20 / LogL: -13266.716 / Time: 0h:0m:7s
Finish initializing candidate tree set (9)
Current best tree score: -13262.251 / CPU time: 6.745
Number of iterations: 20
--------------------------------------------------------------------
|               OPTIMIZING CANDIDATE TREE SET                      |
--------------------------------------------------------------------
Iteration 30 / LogL: -13262.961 / Time: 0h:0m:9s (0h:0m:23s left)
Iteration 40 / LogL: -13264.155 / Time: 0h:0m:12s (0h:0m:19s left)
Iteration 50 / LogL: -13262.472 / Time: 0h:0m:14s (0h:0m:15s left)
Iteration 60 / LogL: -13262.535 / Time: 0h:0m:17s (0h:0m:12s left)
Iteration 70 / LogL: -13262.499 / Time: 0h:0m:19s (0h:0m:9s left)
Iteration 80 / LogL: -13263.292 / Time: 0h:0m:22s (0h:0m:6s left)
Iteration 90 / LogL: -13262.724 / Time: 0h:0m:25s (0h:0m:3s left)
Iteration 100 / LogL: -13262.521 / Time: 0h:0m:27s (0h:0m:0s left)
TREE SEARCH COMPLETED AFTER 103 ITERATIONS / Time: 0h:0m:28s

--------------------------------------------------------------------
|                    FINALIZING TREE SEARCH                        |
--------------------------------------------------------------------
Performs final model parameters optimization
Estimate model parameters (epsilon = 0.010)
1. Initial log-likelihood: -13262.251
Optimal log-likelihood: -13262.241
Gamma shape alpha: 11.480
Parameters optimization took 1 rounds (0.050 sec)
BEST SCORE FOUND : -13262.241
Total tree length: 24.615

Total number of iterations: 103
CPU time used for tree search: 27.244 sec (0h:0m:27s)
Wall-clock time used for tree search: 27.388 sec (0h:0m:27s)
Total CPU time used: 27.800 sec (0h:0m:27s)
Total wall-clock time used: 28.062 sec (0h:0m:28s)

===> START BOOTSTRAP REPLICATE NUMBER 38

Creating bootstrap alignment (seed: 564638)...

Create initial parsimony tree by phylogenetic likelihood library (PLL)... 0.016 seconds

NOTE: 5 MB RAM (0 GB) is required!
Estimate model parameters (epsilon = 0.100)
1. Initial log-likelihood: -13550.646
2. Current log-likelihood: -12956.845
3. Current log-likelihood: -12932.450
4. Current log-likelihood: -12931.241
Optimal log-likelihood: -12931.115
Gamma shape alpha: 51.435
Parameters optimization took 4 rounds (0.366 sec)
Computing ML distances based on estimated model parameters... 0.142 sec
WARNING: Some pairwise ML distances are too long (saturated)
Computing BIONJ tree...
0.007 seconds
Log-likelihood of BIONJ tree: -12912.724
--------------------------------------------------------------------
|             INITIALIZING CANDIDATE TREE SET                      |
--------------------------------------------------------------------
Generating 98 parsimony trees... 0.291 second
Computing log-likelihood of 98 initial trees ... 2.458 seconds
Current best score: -12912.724

Do NNI search on 20 best initial trees
Estimate model parameters (epsilon = 0.100)
BETTER TREE FOUND at iteration 1: -12878.838
Iteration 10 / LogL: -12881.218 / Time: 0h:0m:6s
Iteration 20 / LogL: -12882.969 / Time: 0h:0m:9s
Finish initializing candidate tree set (6)
Current best tree score: -12878.838 / CPU time: 8.919
Number of iterations: 20
--------------------------------------------------------------------
|               OPTIMIZING CANDIDATE TREE SET                      |
--------------------------------------------------------------------
Iteration 30 / LogL: -12880.085 / Time: 0h:0m:12s (0h:0m:30s left)
Iteration 40 / LogL: -12886.899 / Time: 0h:0m:15s (0h:0m:24s left)
Iteration 50 / LogL: -12901.481 / Time: 0h:0m:18s (0h:0m:18s left)
Iteration 60 / LogL: -12879.574 / Time: 0h:0m:21s (0h:0m:14s left)
Iteration 70 / LogL: -12878.884 / Time: 0h:0m:23s (0h:0m:10s left)
Iteration 80 / LogL: -12879.928 / Time: 0h:0m:26s (0h:0m:7s left)
Iteration 90 / LogL: -12880.091 / Time: 0h:0m:29s (0h:0m:3s left)
Iteration 100 / LogL: -12878.931 / Time: 0h:0m:32s (0h:0m:0s left)
TREE SEARCH COMPLETED AFTER 102 ITERATIONS / Time: 0h:0m:32s

--------------------------------------------------------------------
|                    FINALIZING TREE SEARCH                        |
--------------------------------------------------------------------
Performs final model parameters optimization
Estimate model parameters (epsilon = 0.010)
1. Initial log-likelihood: -12878.838
2. Current log-likelihood: -12878.819
Optimal log-likelihood: -12878.812
Gamma shape alpha: 47.581
Parameters optimization took 2 rounds (0.080 sec)
BEST SCORE FOUND : -12878.812
Total tree length: 25.553

Total number of iterations: 102
CPU time used for tree search: 31.746 sec (0h:0m:31s)
Wall-clock time used for tree search: 31.927 sec (0h:0m:31s)
Total CPU time used: 32.627 sec (0h:0m:32s)
Total wall-clock time used: 32.926 sec (0h:0m:32s)

===> START BOOTSTRAP REPLICATE NUMBER 39

Creating bootstrap alignment (seed: 564639)...

Create initial parsimony tree by phylogenetic likelihood library (PLL)... 0.018 seconds

NOTE: 5 MB RAM (0 GB) is required!
Estimate model parameters (epsilon = 0.100)
1. Initial log-likelihood: -13684.210
2. Current log-likelihood: -13162.601
3. Current log-likelihood: -13136.291
4. Current log-likelihood: -13131.681
5. Current log-likelihood: -13130.819
6. Current log-likelihood: -13130.718
Optimal log-likelihood: -13130.686
Gamma shape alpha: 8.509
Parameters optimization took 6 rounds (0.486 sec)
Computing ML distances based on estimated model parameters... 0.136 sec
WARNING: Some pairwise ML distances are too long (saturated)
Computing BIONJ tree...
0.011 seconds
Log-likelihood of BIONJ tree: -13056.085
--------------------------------------------------------------------
|             INITIALIZING CANDIDATE TREE SET                      |
--------------------------------------------------------------------
Generating 98 parsimony trees... 0.302 second
Computing log-likelihood of 98 initial trees ... 2.473 seconds
Current best score: -13056.085

Do NNI search on 20 best initial trees
Estimate model parameters (epsilon = 0.100)
BETTER TREE FOUND at iteration 1: -13025.689
Estimate model parameters (epsilon = 0.100)
BETTER TREE FOUND at iteration 2: -13025.555
UPDATE BEST LOG-LIKELIHOOD: -13025.555
Iteration 10 / LogL: -13025.880 / Time: 0h:0m:7s
Iteration 20 / LogL: -13030.907 / Time: 0h:0m:10s
Finish initializing candidate tree set (10)
Current best tree score: -13025.555 / CPU time: 9.628
Number of iterations: 20
--------------------------------------------------------------------
|               OPTIMIZING CANDIDATE TREE SET                      |
--------------------------------------------------------------------
UPDATE BEST LOG-LIKELIHOOD: -13025.554
Iteration 30 / LogL: -13028.785 / Time: 0h:0m:13s (0h:0m:33s left)
Iteration 40 / LogL: -13028.009 / Time: 0h:0m:17s (0h:0m:27s left)
Iteration 50 / LogL: -13025.694 / Time: 0h:0m:21s (0h:0m:22s left)
UPDATE BEST LOG-LIKELIHOOD: -13025.554
Iteration 60 / LogL: -13025.555 / Time: 0h:0m:24s (0h:0m:17s left)
UPDATE BEST LOG-LIKELIHOOD: -13025.554
Iteration 70 / LogL: -13025.557 / Time: 0h:0m:28s (0h:0m:13s left)
BETTER TREE FOUND at iteration 74: -13025.554
Iteration 80 / LogL: -13031.403 / Time: 0h:0m:31s (0h:0m:37s left)
UPDATE BEST LOG-LIKELIHOOD: -13025.554
Iteration 90 / LogL: -13027.004 / Time: 0h:0m:35s (0h:0m:33s left)
Iteration 100 / LogL: -13025.554 / Time: 0h:0m:38s (0h:0m:29s left)
Iteration 110 / LogL: -13025.555 / Time: 0h:0m:43s (0h:0m:25s left)
Iteration 120 / LogL: -13025.555 / Time: 0h:0m:47s (0h:0m:21s left)
Iteration 130 / LogL: -13025.555 / Time: 0h:0m:50s (0h:0m:17s left)
Iteration 140 / LogL: -13025.555 / Time: 0h:0m:54s (0h:0m:13s left)
Iteration 150 / LogL: -13025.554 / Time: 0h:0m:58s (0h:0m:9s left)
Iteration 160 / LogL: -13026.372 / Time: 0h:1m:3s (0h:0m:5s left)
Iteration 170 / LogL: -13026.084 / Time: 0h:1m:6s (0h:0m:1s left)
TREE SEARCH COMPLETED AFTER 175 ITERATIONS / Time: 0h:1m:8s

--------------------------------------------------------------------
|                    FINALIZING TREE SEARCH                        |
--------------------------------------------------------------------
Performs final model parameters optimization
Estimate model parameters (epsilon = 0.010)
1. Initial log-likelihood: -13025.554
Optimal log-likelihood: -13025.553
Gamma shape alpha: 10.188
Parameters optimization took 1 rounds (0.038 sec)
BEST SCORE FOUND : -13025.553
Total tree length: 26.461

Total number of iterations: 175
CPU time used for tree search: 67.706 sec (0h:1m:7s)
Wall-clock time used for tree search: 68.093 sec (0h:1m:8s)
Total CPU time used: 68.460 sec (0h:1m:8s)
Total wall-clock time used: 68.923 sec (0h:1m:8s)

===> START BOOTSTRAP REPLICATE NUMBER 40

Creating bootstrap alignment (seed: 564640)...

Create initial parsimony tree by phylogenetic likelihood library (PLL)... 0.005 seconds

NOTE: 6 MB RAM (0 GB) is required!
Estimate model parameters (epsilon = 0.100)
1. Initial log-likelihood: -14364.887
2. Current log-likelihood: -13784.413
3. Current log-likelihood: -13761.258
4. Current log-likelihood: -13760.421
Optimal log-likelihood: -13760.377
Gamma shape alpha: 15.980
Parameters optimization took 4 rounds (0.346 sec)
Computing ML distances based on estimated model parameters... 0.122 sec
WARNING: Some pairwise ML distances are too long (saturated)
Computing BIONJ tree...
0.026 seconds
Log-likelihood of BIONJ tree: -13734.623
--------------------------------------------------------------------
|             INITIALIZING CANDIDATE TREE SET                      |
--------------------------------------------------------------------
Generating 98 parsimony trees... 0.297 second
Computing log-likelihood of 98 initial trees ... 2.473 seconds
Current best score: -13709.745

Do NNI search on 20 best initial trees
Estimate model parameters (epsilon = 0.100)
BETTER TREE FOUND at iteration 1: -13687.567
Iteration 10 / LogL: -13687.685 / Time: 0h:0m:6s
Iteration 20 / LogL: -13692.181 / Time: 0h:0m:9s
Finish initializing candidate tree set (9)
Current best tree score: -13687.567 / CPU time: 8.803
Number of iterations: 20
--------------------------------------------------------------------
|               OPTIMIZING CANDIDATE TREE SET                      |
--------------------------------------------------------------------
Iteration 30 / LogL: -13687.835 / Time: 0h:0m:12s (0h:0m:30s left)
UPDATE BEST LOG-LIKELIHOOD: -13687.564
Iteration 40 / LogL: -13691.036 / Time: 0h:0m:15s (0h:0m:23s left)
Iteration 50 / LogL: -13691.315 / Time: 0h:0m:17s (0h:0m:18s left)
Iteration 60 / LogL: -13690.776 / Time: 0h:0m:20s (0h:0m:14s left)
Iteration 70 / LogL: -13688.070 / Time: 0h:0m:23s (0h:0m:10s left)
Iteration 80 / LogL: -13687.620 / Time: 0h:0m:26s (0h:0m:6s left)
Iteration 90 / LogL: -13691.377 / Time: 0h:0m:28s (0h:0m:3s left)
Iteration 100 / LogL: -13687.765 / Time: 0h:0m:31s (0h:0m:0s left)
TREE SEARCH COMPLETED AFTER 102 ITERATIONS / Time: 0h:0m:31s

--------------------------------------------------------------------
|                    FINALIZING TREE SEARCH                        |
--------------------------------------------------------------------
Performs final model parameters optimization
Estimate model parameters (epsilon = 0.010)
1. Initial log-likelihood: -13687.564
2. Current log-likelihood: -13687.540
Optimal log-likelihood: -13687.539
Gamma shape alpha: 19.922
Parameters optimization took 2 rounds (0.081 sec)
BEST SCORE FOUND : -13687.539
Total tree length: 25.298

Total number of iterations: 102
CPU time used for tree search: 30.642 sec (0h:0m:30s)
Wall-clock time used for tree search: 30.795 sec (0h:0m:30s)
Total CPU time used: 31.280 sec (0h:0m:31s)
Total wall-clock time used: 31.543 sec (0h:0m:31s)

===> START BOOTSTRAP REPLICATE NUMBER 41

Creating bootstrap alignment (seed: 564641)...

Create initial parsimony tree by phylogenetic likelihood library (PLL)... 0.013 seconds

NOTE: 5 MB RAM (0 GB) is required!
Estimate model parameters (epsilon = 0.100)
1. Initial log-likelihood: -13185.914
2. Current log-likelihood: -12666.076
3. Current log-likelihood: -12652.886
4. Current log-likelihood: -12652.180
Optimal log-likelihood: -12652.099
Gamma shape alpha: 10.020
Parameters optimization took 4 rounds (0.342 sec)
Computing ML distances based on estimated model parameters... 0.129 sec
WARNING: Some pairwise ML distances are too long (saturated)
Computing BIONJ tree...
0.008 seconds
Log-likelihood of BIONJ tree: -12645.983
--------------------------------------------------------------------
|             INITIALIZING CANDIDATE TREE SET                      |
--------------------------------------------------------------------
Generating 98 parsimony trees... 0.287 second
Computing log-likelihood of 98 initial trees ... 2.363 seconds
Current best score: -12644.896

Do NNI search on 20 best initial trees
Estimate model parameters (epsilon = 0.100)
BETTER TREE FOUND at iteration 1: -12624.786
Estimate model parameters (epsilon = 0.100)
BETTER TREE FOUND at iteration 2: -12622.674
Iteration 10 / LogL: -12622.699 / Time: 0h:0m:6s
Iteration 20 / LogL: -12634.138 / Time: 0h:0m:8s
Finish initializing candidate tree set (14)
Current best tree score: -12622.674 / CPU time: 7.856
Number of iterations: 20
--------------------------------------------------------------------
|               OPTIMIZING CANDIDATE TREE SET                      |
--------------------------------------------------------------------
Iteration 30 / LogL: -12622.988 / Time: 0h:0m:11s (0h:0m:28s left)
Iteration 40 / LogL: -12625.007 / Time: 0h:0m:14s (0h:0m:22s left)
Iteration 50 / LogL: -12623.017 / Time: 0h:0m:17s (0h:0m:18s left)
Iteration 60 / LogL: -12622.761 / Time: 0h:0m:19s (0h:0m:13s left)
Iteration 70 / LogL: -12622.945 / Time: 0h:0m:22s (0h:0m:10s left)
Iteration 80 / LogL: -12623.548 / Time: 0h:0m:24s (0h:0m:6s left)
Iteration 90 / LogL: -12623.786 / Time: 0h:0m:27s (0h:0m:3s left)
Iteration 100 / LogL: -12625.360 / Time: 0h:0m:29s (0h:0m:0s left)
TREE SEARCH COMPLETED AFTER 103 ITERATIONS / Time: 0h:0m:30s

--------------------------------------------------------------------
|                    FINALIZING TREE SEARCH                        |
--------------------------------------------------------------------
Performs final model parameters optimization
Estimate model parameters (epsilon = 0.010)
1. Initial log-likelihood: -12622.674
2. Current log-likelihood: -12622.654
Optimal log-likelihood: -12622.651
Gamma shape alpha: 12.315
Parameters optimization took 2 rounds (0.090 sec)
BEST SCORE FOUND : -12622.651
Total tree length: 24.865

Total number of iterations: 103
CPU time used for tree search: 29.815 sec (0h:0m:29s)
Wall-clock time used for tree search: 30.031 sec (0h:0m:30s)
Total CPU time used: 30.582 sec (0h:0m:30s)
Total wall-clock time used: 30.894 sec (0h:0m:30s)

===> START BOOTSTRAP REPLICATE NUMBER 42

Creating bootstrap alignment (seed: 564642)...

Create initial parsimony tree by phylogenetic likelihood library (PLL)... 0.002 seconds

NOTE: 5 MB RAM (0 GB) is required!
Estimate model parameters (epsilon = 0.100)
1. Initial log-likelihood: -13896.801
2. Current log-likelihood: -13388.715
3. Current log-likelihood: -13370.499
4. Current log-likelihood: -13369.233
5. Current log-likelihood: -13369.103
Optimal log-likelihood: -13369.072
Gamma shape alpha: 8.648
Parameters optimization took 5 rounds (0.343 sec)
Computing ML distances based on estimated model parameters... 0.124 sec
WARNING: Some pairwise ML distances are too long (saturated)
Computing BIONJ tree...
0.008 seconds
Log-likelihood of BIONJ tree: -13312.242
--------------------------------------------------------------------
|             INITIALIZING CANDIDATE TREE SET                      |
--------------------------------------------------------------------
Generating 98 parsimony trees... 0.290 second
Computing log-likelihood of 98 initial trees ... 2.383 seconds
Current best score: -13312.242

Do NNI search on 20 best initial trees
Estimate model parameters (epsilon = 0.100)
BETTER TREE FOUND at iteration 1: -13294.050
Estimate model parameters (epsilon = 0.100)
BETTER TREE FOUND at iteration 3: -13293.612
Estimate model parameters (epsilon = 0.100)
UPDATE BEST LOG-LIKELIHOOD: -13293.229
Iteration 10 / LogL: -13294.393 / Time: 0h:0m:5s
Iteration 20 / LogL: -13294.528 / Time: 0h:0m:8s
Finish initializing candidate tree set (9)
Current best tree score: -13293.229 / CPU time: 7.991
Number of iterations: 20
--------------------------------------------------------------------
|               OPTIMIZING CANDIDATE TREE SET                      |
--------------------------------------------------------------------
Estimate model parameters (epsilon = 0.100)
BETTER TREE FOUND at iteration 21: -13293.208
Estimate model parameters (epsilon = 0.100)
BETTER TREE FOUND at iteration 23: -13292.854
Estimate model parameters (epsilon = 0.100)
BETTER TREE FOUND at iteration 26: -13292.788
Iteration 30 / LogL: -13293.209 / Time: 0h:0m:12s (0h:0m:39s left)
Iteration 40 / LogL: -13299.352 / Time: 0h:0m:15s (0h:0m:33s left)
Iteration 50 / LogL: -13293.248 / Time: 0h:0m:18s (0h:0m:28s left)
Iteration 60 / LogL: -13292.949 / Time: 0h:0m:21s (0h:0m:24s left)
Iteration 70 / LogL: -13293.075 / Time: 0h:0m:24s (0h:0m:19s left)
Iteration 80 / LogL: -13293.026 / Time: 0h:0m:27s (0h:0m:16s left)
Iteration 90 / LogL: -13293.514 / Time: 0h:0m:30s (0h:0m:12s left)
Iteration 100 / LogL: -13293.764 / Time: 0h:0m:33s (0h:0m:8s left)
Iteration 110 / LogL: -13293.216 / Time: 0h:0m:36s (0h:0m:5s left)
Iteration 120 / LogL: -13293.226 / Time: 0h:0m:39s (0h:0m:2s left)
TREE SEARCH COMPLETED AFTER 127 ITERATIONS / Time: 0h:0m:42s

--------------------------------------------------------------------
|                    FINALIZING TREE SEARCH                        |
--------------------------------------------------------------------
Performs final model parameters optimization
Estimate model parameters (epsilon = 0.010)
1. Initial log-likelihood: -13292.788
Optimal log-likelihood: -13292.786
Gamma shape alpha: 9.685
Parameters optimization took 1 rounds (0.036 sec)
BEST SCORE FOUND : -13292.786
Total tree length: 25.425

Total number of iterations: 127
CPU time used for tree search: 40.993 sec (0h:0m:40s)
Wall-clock time used for tree search: 41.356 sec (0h:0m:41s)
Total CPU time used: 41.687 sec (0h:0m:41s)
Total wall-clock time used: 42.083 sec (0h:0m:42s)

===> START BOOTSTRAP REPLICATE NUMBER 43

Creating bootstrap alignment (seed: 564643)...

Create initial parsimony tree by phylogenetic likelihood library (PLL)... 0.003 seconds

NOTE: 5 MB RAM (0 GB) is required!
Estimate model parameters (epsilon = 0.100)
1. Initial log-likelihood: -13813.575
2. Current log-likelihood: -13272.249
3. Current log-likelihood: -13249.896
4. Current log-likelihood: -13246.532
5. Current log-likelihood: -13246.113
Optimal log-likelihood: -13246.035
Gamma shape alpha: 34.551
Parameters optimization took 5 rounds (0.437 sec)
Computing ML distances based on estimated model parameters... 0.135 sec
WARNING: Some pairwise ML distances are too long (saturated)
Computing BIONJ tree...
0.008 seconds
Log-likelihood of BIONJ tree: -13251.473
--------------------------------------------------------------------
|             INITIALIZING CANDIDATE TREE SET                      |
--------------------------------------------------------------------
Generating 98 parsimony trees... 0.341 second
Computing log-likelihood of 98 initial trees ... 2.365 seconds
Current best score: -13213.301

Do NNI search on 20 best initial trees
Estimate model parameters (epsilon = 0.100)
BETTER TREE FOUND at iteration 1: -13190.622
Iteration 10 / LogL: -13204.526 / Time: 0h:0m:5s
Estimate model parameters (epsilon = 0.100)
BETTER TREE FOUND at iteration 18: -13189.052
Iteration 20 / LogL: -13204.411 / Time: 0h:0m:8s
Finish initializing candidate tree set (16)
Current best tree score: -13189.052 / CPU time: 7.401
Number of iterations: 20
--------------------------------------------------------------------
|               OPTIMIZING CANDIDATE TREE SET                      |
--------------------------------------------------------------------
UPDATE BEST LOG-LIKELIHOOD: -13189.045
UPDATE BEST LOG-LIKELIHOOD: -13189.037
Estimate model parameters (epsilon = 0.100)
UPDATE BEST LOG-LIKELIHOOD: -13189.013
Iteration 30 / LogL: -13190.966 / Time: 0h:0m:10s (0h:0m:32s left)
Iteration 40 / LogL: -13192.868 / Time: 0h:0m:13s (0h:0m:27s left)
Iteration 50 / LogL: -13189.094 / Time: 0h:0m:16s (0h:0m:22s left)
Iteration 60 / LogL: -13191.133 / Time: 0h:0m:19s (0h:0m:18s left)
Estimate model parameters (epsilon = 0.100)
UPDATE BEST LOG-LIKELIHOOD: -13188.885
Iteration 70 / LogL: -13191.815 / Time: 0h:0m:22s (0h:0m:15s left)
Iteration 80 / LogL: -13189.205 / Time: 0h:0m:24s (0h:0m:11s left)
Iteration 90 / LogL: -13189.029 / Time: 0h:0m:27s (0h:0m:8s left)
Iteration 100 / LogL: -13190.853 / Time: 0h:0m:30s (0h:0m:5s left)
Iteration 110 / LogL: -13195.720 / Time: 0h:0m:32s (0h:0m:2s left)
TREE SEARCH COMPLETED AFTER 119 ITERATIONS / Time: 0h:0m:35s

--------------------------------------------------------------------
|                    FINALIZING TREE SEARCH                        |
--------------------------------------------------------------------
Performs final model parameters optimization
Estimate model parameters (epsilon = 0.010)
1. Initial log-likelihood: -13188.885
Optimal log-likelihood: -13188.868
Gamma shape alpha: 50.920
Parameters optimization took 1 rounds (0.041 sec)
BEST SCORE FOUND : -13188.868
Total tree length: 24.976

Total number of iterations: 119
CPU time used for tree search: 34.085 sec (0h:0m:34s)
Wall-clock time used for tree search: 34.307 sec (0h:0m:34s)
Total CPU time used: 34.917 sec (0h:0m:34s)
Total wall-clock time used: 35.163 sec (0h:0m:35s)

===> START BOOTSTRAP REPLICATE NUMBER 44

Creating bootstrap alignment (seed: 564644)...

Create initial parsimony tree by phylogenetic likelihood library (PLL)... 0.002 seconds

NOTE: 5 MB RAM (0 GB) is required!
Estimate model parameters (epsilon = 0.100)
1. Initial log-likelihood: -13988.309
2. Current log-likelihood: -13349.407
3. Current log-likelihood: -13333.999
4. Current log-likelihood: -13332.781
5. Current log-likelihood: -13332.514
Optimal log-likelihood: -13332.401
Gamma shape alpha: 8.728
Parameters optimization took 5 rounds (0.400 sec)
Computing ML distances based on estimated model parameters... 0.143 sec
WARNING: Some pairwise ML distances are too long (saturated)
Computing BIONJ tree...
0.011 seconds
Log-likelihood of BIONJ tree: -13322.996
--------------------------------------------------------------------
|             INITIALIZING CANDIDATE TREE SET                      |
--------------------------------------------------------------------
Generating 98 parsimony trees... 0.351 second
Computing log-likelihood of 98 initial trees ... 2.458 seconds
Current best score: -13303.089

Do NNI search on 20 best initial trees
Estimate model parameters (epsilon = 0.100)
BETTER TREE FOUND at iteration 1: -13276.132
Estimate model parameters (epsilon = 0.100)
BETTER TREE FOUND at iteration 5: -13274.618
Iteration 10 / LogL: -13279.622 / Time: 0h:0m:6s
Estimate model parameters (epsilon = 0.100)
BETTER TREE FOUND at iteration 11: -13272.648
UPDATE BEST LOG-LIKELIHOOD: -13272.641
Iteration 20 / LogL: -13273.217 / Time: 0h:0m:10s
Finish initializing candidate tree set (11)
Current best tree score: -13272.641 / CPU time: 9.217
Number of iterations: 20
--------------------------------------------------------------------
|               OPTIMIZING CANDIDATE TREE SET                      |
--------------------------------------------------------------------
Estimate model parameters (epsilon = 0.100)
BETTER TREE FOUND at iteration 26: -13272.360
Iteration 30 / LogL: -13276.379 / Time: 0h:0m:13s (0h:0m:43s left)
Estimate model parameters (epsilon = 0.100)
UPDATE BEST LOG-LIKELIHOOD: -13272.227
Iteration 40 / LogL: -13276.906 / Time: 0h:0m:15s (0h:0m:34s left)
Iteration 50 / LogL: -13275.301 / Time: 0h:0m:18s (0h:0m:28s left)
Iteration 60 / LogL: -13274.914 / Time: 0h:0m:21s (0h:0m:23s left)
Iteration 70 / LogL: -13276.199 / Time: 0h:0m:23s (0h:0m:19s left)
Iteration 80 / LogL: -13275.012 / Time: 0h:0m:26s (0h:0m:15s left)
Iteration 90 / LogL: -13275.222 / Time: 0h:0m:28s (0h:0m:11s left)
Iteration 100 / LogL: -13274.599 / Time: 0h:0m:31s (0h:0m:8s left)
Iteration 110 / LogL: -13274.924 / Time: 0h:0m:33s (0h:0m:4s left)
Iteration 120 / LogL: -13276.843 / Time: 0h:0m:36s (0h:0m:1s left)
TREE SEARCH COMPLETED AFTER 127 ITERATIONS / Time: 0h:0m:37s

--------------------------------------------------------------------
|                    FINALIZING TREE SEARCH                        |
--------------------------------------------------------------------
Performs final model parameters optimization
Estimate model parameters (epsilon = 0.010)
1. Initial log-likelihood: -13272.227
2. Current log-likelihood: -13272.209
Optimal log-likelihood: -13272.201
Gamma shape alpha: 11.932
Parameters optimization took 2 rounds (0.100 sec)
BEST SCORE FOUND : -13272.201
Total tree length: 27.926

Total number of iterations: 127
CPU time used for tree search: 36.561 sec (0h:0m:36s)
Wall-clock time used for tree search: 36.886 sec (0h:0m:36s)
Total CPU time used: 37.463 sec (0h:0m:37s)
Total wall-clock time used: 37.878 sec (0h:0m:37s)

===> START BOOTSTRAP REPLICATE NUMBER 45

Creating bootstrap alignment (seed: 564645)...

Create initial parsimony tree by phylogenetic likelihood library (PLL)... 0.017 seconds

NOTE: 5 MB RAM (0 GB) is required!
Estimate model parameters (epsilon = 0.100)
1. Initial log-likelihood: -13639.955
2. Current log-likelihood: -13080.471
3. Current log-likelihood: -13058.131
4. Current log-likelihood: -13054.581
5. Current log-likelihood: -13054.021
Optimal log-likelihood: -13053.915
Gamma shape alpha: 7.205
Parameters optimization took 5 rounds (0.439 sec)
Computing ML distances based on estimated model parameters... 0.141 sec
WARNING: Some pairwise ML distances are too long (saturated)
Computing BIONJ tree...
0.008 seconds
Log-likelihood of BIONJ tree: -13009.156
--------------------------------------------------------------------
|             INITIALIZING CANDIDATE TREE SET                      |
--------------------------------------------------------------------
Generating 98 parsimony trees... 0.305 second
Computing log-likelihood of 98 initial trees ... 2.379 seconds
Current best score: -13009.156

Do NNI search on 20 best initial trees
Estimate model parameters (epsilon = 0.100)
BETTER TREE FOUND at iteration 1: -12991.584
Iteration 10 / LogL: -12991.732 / Time: 0h:0m:6s
Iteration 20 / LogL: -12991.857 / Time: 0h:0m:9s
Finish initializing candidate tree set (7)
Current best tree score: -12991.584 / CPU time: 8.452
Number of iterations: 20
--------------------------------------------------------------------
|               OPTIMIZING CANDIDATE TREE SET                      |
--------------------------------------------------------------------
Iteration 30 / LogL: -12992.022 / Time: 0h:0m:12s (0h:0m:30s left)
UPDATE BEST LOG-LIKELIHOOD: -12991.577
Iteration 40 / LogL: -12991.656 / Time: 0h:0m:15s (0h:0m:23s left)
Iteration 50 / LogL: -12991.834 / Time: 0h:0m:17s (0h:0m:18s left)
Iteration 60 / LogL: -12991.740 / Time: 0h:0m:20s (0h:0m:14s left)
Iteration 70 / LogL: -12991.620 / Time: 0h:0m:23s (0h:0m:10s left)
UPDATE BEST LOG-LIKELIHOOD: -12991.574
Iteration 80 / LogL: -12991.579 / Time: 0h:0m:27s (0h:0m:7s left)
Iteration 90 / LogL: -12992.809 / Time: 0h:0m:30s (0h:0m:3s left)
Iteration 100 / LogL: -12991.625 / Time: 0h:0m:33s (0h:0m:0s left)
TREE SEARCH COMPLETED AFTER 102 ITERATIONS / Time: 0h:0m:33s

--------------------------------------------------------------------
|                    FINALIZING TREE SEARCH                        |
--------------------------------------------------------------------
Performs final model parameters optimization
Estimate model parameters (epsilon = 0.010)
1. Initial log-likelihood: -12991.574
Optimal log-likelihood: -12991.564
Gamma shape alpha: 8.680
Parameters optimization took 1 rounds (0.049 sec)
BEST SCORE FOUND : -12991.564
Total tree length: 26.887

Total number of iterations: 102
CPU time used for tree search: 32.735 sec (0h:0m:32s)
Wall-clock time used for tree search: 32.978 sec (0h:0m:32s)
Total CPU time used: 33.468 sec (0h:0m:33s)
Total wall-clock time used: 33.798 sec (0h:0m:33s)

===> START BOOTSTRAP REPLICATE NUMBER 46

Creating bootstrap alignment (seed: 564646)...

Create initial parsimony tree by phylogenetic likelihood library (PLL)... 0.002 seconds

NOTE: 5 MB RAM (0 GB) is required!
Estimate model parameters (epsilon = 0.100)
1. Initial log-likelihood: -14532.041
2. Current log-likelihood: -13945.801
3. Current log-likelihood: -13926.764
4. Current log-likelihood: -13925.722
Optimal log-likelihood: -13925.631
Gamma shape alpha: 14.250
Parameters optimization took 4 rounds (0.350 sec)
Computing ML distances based on estimated model parameters... 0.117 sec
WARNING: Some pairwise ML distances are too long (saturated)
Computing BIONJ tree...
0.023 seconds
Log-likelihood of BIONJ tree: -13916.471
--------------------------------------------------------------------
|             INITIALIZING CANDIDATE TREE SET                      |
--------------------------------------------------------------------
Generating 98 parsimony trees... 0.324 second
Computing log-likelihood of 98 initial trees ... 2.416 seconds
Current best score: -13902.810

Do NNI search on 20 best initial trees
Estimate model parameters (epsilon = 0.100)
BETTER TREE FOUND at iteration 1: -13883.657
Iteration 10 / LogL: -13887.951 / Time: 0h:0m:6s
Iteration 20 / LogL: -13898.290 / Time: 0h:0m:8s
Finish initializing candidate tree set (13)
Current best tree score: -13883.657 / CPU time: 7.646
Number of iterations: 20
--------------------------------------------------------------------
|               OPTIMIZING CANDIDATE TREE SET                      |
--------------------------------------------------------------------
Iteration 30 / LogL: -13884.789 / Time: 0h:0m:10s (0h:0m:26s left)
Iteration 40 / LogL: -13885.847 / Time: 0h:0m:13s (0h:0m:21s left)
Iteration 50 / LogL: -13884.792 / Time: 0h:0m:16s (0h:0m:17s left)
Iteration 60 / LogL: -13884.059 / Time: 0h:0m:18s (0h:0m:13s left)
Iteration 70 / LogL: -13884.512 / Time: 0h:0m:21s (0h:0m:9s left)
Iteration 80 / LogL: -13884.610 / Time: 0h:0m:23s (0h:0m:6s left)
Iteration 90 / LogL: -13885.174 / Time: 0h:0m:25s (0h:0m:3s left)
Iteration 100 / LogL: -13885.167 / Time: 0h:0m:28s (0h:0m:0s left)
TREE SEARCH COMPLETED AFTER 102 ITERATIONS / Time: 0h:0m:28s

--------------------------------------------------------------------
|                    FINALIZING TREE SEARCH                        |
--------------------------------------------------------------------
Performs final model parameters optimization
Estimate model parameters (epsilon = 0.010)
1. Initial log-likelihood: -13883.657
Optimal log-likelihood: -13883.651
Gamma shape alpha: 17.318
Parameters optimization took 1 rounds (0.037 sec)
BEST SCORE FOUND : -13883.651
Total tree length: 24.836

Total number of iterations: 102
CPU time used for tree search: 27.572 sec (0h:0m:27s)
Wall-clock time used for tree search: 27.832 sec (0h:0m:27s)
Total CPU time used: 28.149 sec (0h:0m:28s)
Total wall-clock time used: 28.514 sec (0h:0m:28s)

===> START BOOTSTRAP REPLICATE NUMBER 47

Creating bootstrap alignment (seed: 564647)...

Create initial parsimony tree by phylogenetic likelihood library (PLL)... 0.002 seconds

NOTE: 6 MB RAM (0 GB) is required!
Estimate model parameters (epsilon = 0.100)
1. Initial log-likelihood: -13209.738
2. Current log-likelihood: -12623.096
3. Current log-likelihood: -12595.059
4. Current log-likelihood: -12594.153
5. Current log-likelihood: -12594.049
Optimal log-likelihood: -12593.999
Gamma shape alpha: 10.133
Parameters optimization took 5 rounds (0.381 sec)
Computing ML distances based on estimated model parameters... 0.113 sec
WARNING: Some pairwise ML distances are too long (saturated)
Computing BIONJ tree...
0.026 seconds
Log-likelihood of BIONJ tree: -12515.762
--------------------------------------------------------------------
|             INITIALIZING CANDIDATE TREE SET                      |
--------------------------------------------------------------------
Generating 98 parsimony trees... 0.332 second
Computing log-likelihood of 98 initial trees ... 2.503 seconds
Current best score: -12515.762

Do NNI search on 20 best initial trees
Estimate model parameters (epsilon = 0.100)
BETTER TREE FOUND at iteration 1: -12505.203
Iteration 10 / LogL: -12508.717 / Time: 0h:0m:6s
Estimate model parameters (epsilon = 0.100)
UPDATE BEST LOG-LIKELIHOOD: -12504.860
Iteration 20 / LogL: -12518.160 / Time: 0h:0m:9s
Finish initializing candidate tree set (7)
Current best tree score: -12504.860 / CPU time: 8.653
Number of iterations: 20
--------------------------------------------------------------------
|               OPTIMIZING CANDIDATE TREE SET                      |
--------------------------------------------------------------------
Iteration 30 / LogL: -12504.946 / Time: 0h:0m:12s (0h:0m:29s left)
Iteration 40 / LogL: -12508.576 / Time: 0h:0m:14s (0h:0m:23s left)
Iteration 50 / LogL: -12505.433 / Time: 0h:0m:17s (0h:0m:17s left)
Iteration 60 / LogL: -12506.590 / Time: 0h:0m:20s (0h:0m:14s left)
Iteration 70 / LogL: -12505.222 / Time: 0h:0m:22s (0h:0m:10s left)
Iteration 80 / LogL: -12506.826 / Time: 0h:0m:25s (0h:0m:6s left)
Iteration 90 / LogL: -12504.893 / Time: 0h:0m:27s (0h:0m:3s left)
Iteration 100 / LogL: -12506.233 / Time: 0h:0m:30s (0h:0m:0s left)
TREE SEARCH COMPLETED AFTER 102 ITERATIONS / Time: 0h:0m:30s

--------------------------------------------------------------------
|                    FINALIZING TREE SEARCH                        |
--------------------------------------------------------------------
Performs final model parameters optimization
Estimate model parameters (epsilon = 0.010)
1. Initial log-likelihood: -12504.860
Optimal log-likelihood: -12504.853
Gamma shape alpha: 12.897
Parameters optimization took 1 rounds (0.052 sec)
BEST SCORE FOUND : -12504.853
Total tree length: 24.741

Total number of iterations: 102
CPU time used for tree search: 29.673 sec (0h:0m:29s)
Wall-clock time used for tree search: 29.894 sec (0h:0m:29s)
Total CPU time used: 30.356 sec (0h:0m:30s)
Total wall-clock time used: 30.674 sec (0h:0m:30s)

===> START BOOTSTRAP REPLICATE NUMBER 48

Creating bootstrap alignment (seed: 564648)...

Create initial parsimony tree by phylogenetic likelihood library (PLL)... 0.022 seconds

NOTE: 6 MB RAM (0 GB) is required!
Estimate model parameters (epsilon = 0.100)
1. Initial log-likelihood: -15147.043
2. Current log-likelihood: -14603.773
3. Current log-likelihood: -14585.627
4. Current log-likelihood: -14584.936
Optimal log-likelihood: -14584.815
Gamma shape alpha: 23.341
Parameters optimization took 4 rounds (0.376 sec)
Computing ML distances based on estimated model parameters... 0.123 sec
WARNING: Some pairwise ML distances are too long (saturated)
Computing BIONJ tree...
0.016 seconds
Log-likelihood of BIONJ tree: -14542.384
--------------------------------------------------------------------
|             INITIALIZING CANDIDATE TREE SET                      |
--------------------------------------------------------------------
Generating 98 parsimony trees... 0.307 second
Computing log-likelihood of 98 initial trees ... 2.474 seconds
Current best score: -14542.384

Do NNI search on 20 best initial trees
Estimate model parameters (epsilon = 0.100)
BETTER TREE FOUND at iteration 1: -14529.671
Estimate model parameters (epsilon = 0.100)
BETTER TREE FOUND at iteration 4: -14528.730
Iteration 10 / LogL: -14529.235 / Time: 0h:0m:6s
Iteration 20 / LogL: -14528.872 / Time: 0h:0m:9s
Finish initializing candidate tree set (5)
Current best tree score: -14528.730 / CPU time: 8.462
Number of iterations: 20
--------------------------------------------------------------------
|               OPTIMIZING CANDIDATE TREE SET                      |
--------------------------------------------------------------------
Iteration 30 / LogL: -14529.365 / Time: 0h:0m:11s (0h:0m:29s left)
Estimate model parameters (epsilon = 0.100)
UPDATE BEST LOG-LIKELIHOOD: -14528.681
Iteration 40 / LogL: -14529.168 / Time: 0h:0m:14s (0h:0m:23s left)
Iteration 50 / LogL: -14529.256 / Time: 0h:0m:17s (0h:0m:18s left)
Iteration 60 / LogL: -14528.782 / Time: 0h:0m:19s (0h:0m:14s left)
Iteration 70 / LogL: -14529.667 / Time: 0h:0m:22s (0h:0m:11s left)
Iteration 80 / LogL: -14529.188 / Time: 0h:0m:24s (0h:0m:7s left)
Iteration 90 / LogL: -14528.774 / Time: 0h:0m:27s (0h:0m:4s left)
Iteration 100 / LogL: -14529.406 / Time: 0h:0m:29s (0h:0m:1s left)
TREE SEARCH COMPLETED AFTER 105 ITERATIONS / Time: 0h:0m:31s

--------------------------------------------------------------------
|                    FINALIZING TREE SEARCH                        |
--------------------------------------------------------------------
Performs final model parameters optimization
Estimate model parameters (epsilon = 0.010)
1. Initial log-likelihood: -14528.681
Optimal log-likelihood: -14528.679
Gamma shape alpha: 28.788
Parameters optimization took 1 rounds (0.049 sec)
BEST SCORE FOUND : -14528.679
Total tree length: 24.001

Total number of iterations: 105
CPU time used for tree search: 30.176 sec (0h:0m:30s)
Wall-clock time used for tree search: 30.349 sec (0h:0m:30s)
Total CPU time used: 30.787 sec (0h:0m:30s)
Total wall-clock time used: 31.121 sec (0h:0m:31s)

===> START BOOTSTRAP REPLICATE NUMBER 49

Creating bootstrap alignment (seed: 564649)...

Create initial parsimony tree by phylogenetic likelihood library (PLL)... 0.005 seconds

NOTE: 6 MB RAM (0 GB) is required!
Estimate model parameters (epsilon = 0.100)
1. Initial log-likelihood: -12880.310
2. Current log-likelihood: -12298.532
3. Current log-likelihood: -12269.226
4. Current log-likelihood: -12265.680
5. Current log-likelihood: -12265.347
Optimal log-likelihood: -12265.309
Gamma shape alpha: 6.276
Parameters optimization took 5 rounds (0.452 sec)
Computing ML distances based on estimated model parameters... 0.154 sec
WARNING: Some pairwise ML distances are too long (saturated)
Computing BIONJ tree...
0.025 seconds
Log-likelihood of BIONJ tree: -12237.224
--------------------------------------------------------------------
|             INITIALIZING CANDIDATE TREE SET                      |
--------------------------------------------------------------------
Generating 98 parsimony trees... 0.305 second
Computing log-likelihood of 98 initial trees ... 2.535 seconds
Current best score: -12231.371

Do NNI search on 20 best initial trees
Estimate model parameters (epsilon = 0.100)
BETTER TREE FOUND at iteration 1: -12210.289
Estimate model parameters (epsilon = 0.100)
BETTER TREE FOUND at iteration 3: -12202.755
Estimate model parameters (epsilon = 0.100)
BETTER TREE FOUND at iteration 10: -12194.505
Iteration 10 / LogL: -12194.505 / Time: 0h:0m:7s
Iteration 20 / LogL: -12194.839 / Time: 0h:0m:10s
Finish initializing candidate tree set (9)
Current best tree score: -12194.505 / CPU time: 9.603
Number of iterations: 20
--------------------------------------------------------------------
|               OPTIMIZING CANDIDATE TREE SET                      |
--------------------------------------------------------------------
Iteration 30 / LogL: -12195.178 / Time: 0h:0m:13s (0h:0m:36s left)
Iteration 40 / LogL: -12194.917 / Time: 0h:0m:16s (0h:0m:29s left)
Iteration 50 / LogL: -12197.734 / Time: 0h:0m:18s (0h:0m:23s left)
Iteration 60 / LogL: -12194.746 / Time: 0h:0m:21s (0h:0m:18s left)
Iteration 70 / LogL: -12195.108 / Time: 0h:0m:24s (0h:0m:14s left)
Iteration 80 / LogL: -12195.876 / Time: 0h:0m:27s (0h:0m:10s left)
Iteration 90 / LogL: -12195.863 / Time: 0h:0m:29s (0h:0m:6s left)
Iteration 100 / LogL: -12194.614 / Time: 0h:0m:32s (0h:0m:3s left)
Iteration 110 / LogL: -12194.635 / Time: 0h:0m:35s (0h:0m:0s left)
TREE SEARCH COMPLETED AFTER 111 ITERATIONS / Time: 0h:0m:36s

--------------------------------------------------------------------
|                    FINALIZING TREE SEARCH                        |
--------------------------------------------------------------------
Performs final model parameters optimization
Estimate model parameters (epsilon = 0.010)
1. Initial log-likelihood: -12194.505
Optimal log-likelihood: -12194.500
Gamma shape alpha: 9.534
Parameters optimization took 1 rounds (0.041 sec)
BEST SCORE FOUND : -12194.500
Total tree length: 27.139

Total number of iterations: 111
CPU time used for tree search: 35.103 sec (0h:0m:35s)
Wall-clock time used for tree search: 35.292 sec (0h:0m:35s)
Total CPU time used: 36.029 sec (0h:0m:36s)
Total wall-clock time used: 36.321 sec (0h:0m:36s)

===> START BOOTSTRAP REPLICATE NUMBER 50

Creating bootstrap alignment (seed: 564650)...

Create initial parsimony tree by phylogenetic likelihood library (PLL)... 0.002 seconds

NOTE: 5 MB RAM (0 GB) is required!
Estimate model parameters (epsilon = 0.100)
1. Initial log-likelihood: -13656.065
2. Current log-likelihood: -13073.347
3. Current log-likelihood: -13048.333
4. Current log-likelihood: -13047.314
Optimal log-likelihood: -13047.224
Gamma shape alpha: 13.001
Parameters optimization took 4 rounds (0.353 sec)
Computing ML distances based on estimated model parameters... 0.132 sec
WARNING: Some pairwise ML distances are too long (saturated)
Computing BIONJ tree...
0.012 seconds
Log-likelihood of BIONJ tree: -13048.941
--------------------------------------------------------------------
|             INITIALIZING CANDIDATE TREE SET                      |
--------------------------------------------------------------------
Generating 98 parsimony trees... 0.313 second
Computing log-likelihood of 98 initial trees ... 2.428 seconds
Current best score: -13047.224

Do NNI search on 20 best initial trees
Estimate model parameters (epsilon = 0.100)
BETTER TREE FOUND at iteration 1: -13037.600
Estimate model parameters (epsilon = 0.100)
BETTER TREE FOUND at iteration 2: -13027.112
Iteration 10 / LogL: -13034.337 / Time: 0h:0m:5s
Iteration 20 / LogL: -13027.973 / Time: 0h:0m:8s
Finish initializing candidate tree set (6)
Current best tree score: -13027.112 / CPU time: 7.568
Number of iterations: 20
--------------------------------------------------------------------
|               OPTIMIZING CANDIDATE TREE SET                      |
--------------------------------------------------------------------
Iteration 30 / LogL: -13027.400 / Time: 0h:0m:10s (0h:0m:26s left)
Iteration 40 / LogL: -13038.580 / Time: 0h:0m:13s (0h:0m:20s left)
Iteration 50 / LogL: -13029.496 / Time: 0h:0m:15s (0h:0m:16s left)
Iteration 60 / LogL: -13031.253 / Time: 0h:0m:18s (0h:0m:13s left)
Iteration 70 / LogL: -13028.493 / Time: 0h:0m:21s (0h:0m:9s left)
Iteration 80 / LogL: -13027.488 / Time: 0h:0m:23s (0h:0m:6s left)
Iteration 90 / LogL: -13029.643 / Time: 0h:0m:25s (0h:0m:3s left)
Iteration 100 / LogL: -13028.673 / Time: 0h:0m:28s (0h:0m:0s left)
TREE SEARCH COMPLETED AFTER 103 ITERATIONS / Time: 0h:0m:28s

--------------------------------------------------------------------
|                    FINALIZING TREE SEARCH                        |
--------------------------------------------------------------------
Performs final model parameters optimization
Estimate model parameters (epsilon = 0.010)
1. Initial log-likelihood: -13027.112
2. Current log-likelihood: -13027.094
Optimal log-likelihood: -13027.088
Gamma shape alpha: 12.308
Parameters optimization took 2 rounds (0.083 sec)
BEST SCORE FOUND : -13027.088
Total tree length: 26.173

Total number of iterations: 103
CPU time used for tree search: 28.160 sec (0h:0m:28s)
Wall-clock time used for tree search: 28.328 sec (0h:0m:28s)
Total CPU time used: 28.799 sec (0h:0m:28s)
Total wall-clock time used: 29.061 sec (0h:0m:29s)

===> START BOOTSTRAP REPLICATE NUMBER 51

Creating bootstrap alignment (seed: 564651)...

Create initial parsimony tree by phylogenetic likelihood library (PLL)... 0.003 seconds

NOTE: 5 MB RAM (0 GB) is required!
Estimate model parameters (epsilon = 0.100)
1. Initial log-likelihood: -13380.809
2. Current log-likelihood: -12793.419
3. Current log-likelihood: -12770.831
4. Current log-likelihood: -12769.331
5. Current log-likelihood: -12769.153
Optimal log-likelihood: -12769.121
Gamma shape alpha: 9.725
Parameters optimization took 5 rounds (0.413 sec)
Computing ML distances based on estimated model parameters... 0.135 sec
WARNING: Some pairwise ML distances are too long (saturated)
Computing BIONJ tree...
0.026 seconds
Log-likelihood of BIONJ tree: -12745.985
--------------------------------------------------------------------
|             INITIALIZING CANDIDATE TREE SET                      |
--------------------------------------------------------------------
Generating 98 parsimony trees... 0.299 second
Computing log-likelihood of 98 initial trees ... 2.389 seconds
Current best score: -12733.548

Do NNI search on 20 best initial trees
Estimate model parameters (epsilon = 0.100)
BETTER TREE FOUND at iteration 1: -12701.091
Iteration 10 / LogL: -12701.098 / Time: 0h:0m:6s
Iteration 20 / LogL: -12703.122 / Time: 0h:0m:10s
Finish initializing candidate tree set (4)
Current best tree score: -12701.091 / CPU time: 9.767
Number of iterations: 20
--------------------------------------------------------------------
|               OPTIMIZING CANDIDATE TREE SET                      |
--------------------------------------------------------------------
Iteration 30 / LogL: -12701.331 / Time: 0h:0m:13s (0h:0m:32s left)
Iteration 40 / LogL: -12701.123 / Time: 0h:0m:15s (0h:0m:24s left)
Iteration 50 / LogL: -12701.161 / Time: 0h:0m:19s (0h:0m:20s left)
Iteration 60 / LogL: -12701.553 / Time: 0h:0m:21s (0h:0m:15s left)
Iteration 70 / LogL: -12701.258 / Time: 0h:0m:24s (0h:0m:11s left)
Iteration 80 / LogL: -12702.597 / Time: 0h:0m:28s (0h:0m:7s left)
Iteration 90 / LogL: -12703.700 / Time: 0h:0m:30s (0h:0m:3s left)
Iteration 100 / LogL: -12701.384 / Time: 0h:0m:33s (0h:0m:0s left)
TREE SEARCH COMPLETED AFTER 102 ITERATIONS / Time: 0h:0m:33s

--------------------------------------------------------------------
|                    FINALIZING TREE SEARCH                        |
--------------------------------------------------------------------
Performs final model parameters optimization
Estimate model parameters (epsilon = 0.010)
1. Initial log-likelihood: -12701.091
Optimal log-likelihood: -12701.087
Gamma shape alpha: 13.371
Parameters optimization took 1 rounds (0.037 sec)
BEST SCORE FOUND : -12701.087
Total tree length: 25.999

Total number of iterations: 102
CPU time used for tree search: 32.904 sec (0h:0m:32s)
Wall-clock time used for tree search: 33.113 sec (0h:0m:33s)
Total CPU time used: 33.545 sec (0h:0m:33s)
Total wall-clock time used: 33.881 sec (0h:0m:33s)

===> START BOOTSTRAP REPLICATE NUMBER 52

Creating bootstrap alignment (seed: 564652)...

Create initial parsimony tree by phylogenetic likelihood library (PLL)... 0.002 seconds

NOTE: 6 MB RAM (0 GB) is required!
Estimate model parameters (epsilon = 0.100)
1. Initial log-likelihood: -14383.558
2. Current log-likelihood: -13827.608
3. Current log-likelihood: -13808.354
4. Current log-likelihood: -13806.970
5. Current log-likelihood: -13806.867
Optimal log-likelihood: -13806.847
Gamma shape alpha: 16.752
Parameters optimization took 5 rounds (0.399 sec)
Computing ML distances based on estimated model parameters... 0.105 sec
WARNING: Some pairwise ML distances are too long (saturated)
Computing BIONJ tree...
0.013 seconds
Log-likelihood of BIONJ tree: -13755.709
--------------------------------------------------------------------
|             INITIALIZING CANDIDATE TREE SET                      |
--------------------------------------------------------------------
Generating 98 parsimony trees... 0.303 second
Computing log-likelihood of 98 initial trees ... 2.446 seconds
Current best score: -13750.237

Do NNI search on 20 best initial trees
Estimate model parameters (epsilon = 0.100)
BETTER TREE FOUND at iteration 1: -13716.979
Iteration 10 / LogL: -13717.799 / Time: 0h:0m:6s
Iteration 20 / LogL: -13717.273 / Time: 0h:0m:9s
Finish initializing candidate tree set (11)
Current best tree score: -13716.979 / CPU time: 8.261
Number of iterations: 20
--------------------------------------------------------------------
|               OPTIMIZING CANDIDATE TREE SET                      |
--------------------------------------------------------------------
Iteration 30 / LogL: -13718.858 / Time: 0h:0m:11s (0h:0m:28s left)
Iteration 40 / LogL: -13718.013 / Time: 0h:0m:14s (0h:0m:22s left)
Iteration 50 / LogL: -13718.541 / Time: 0h:0m:17s (0h:0m:17s left)
Iteration 60 / LogL: -13719.586 / Time: 0h:0m:19s (0h:0m:13s left)
Iteration 70 / LogL: -13721.624 / Time: 0h:0m:22s (0h:0m:10s left)
Iteration 80 / LogL: -13719.438 / Time: 0h:0m:25s (0h:0m:6s left)
Iteration 90 / LogL: -13719.401 / Time: 0h:0m:27s (0h:0m:3s left)
Iteration 100 / LogL: -13718.716 / Time: 0h:0m:30s (0h:0m:0s left)
TREE SEARCH COMPLETED AFTER 102 ITERATIONS / Time: 0h:0m:30s

--------------------------------------------------------------------
|                    FINALIZING TREE SEARCH                        |
--------------------------------------------------------------------
Performs final model parameters optimization
Estimate model parameters (epsilon = 0.010)
1. Initial log-likelihood: -13716.979
Optimal log-likelihood: -13716.973
Gamma shape alpha: 20.576
Parameters optimization took 1 rounds (0.040 sec)
BEST SCORE FOUND : -13716.973
Total tree length: 25.210

Total number of iterations: 102
CPU time used for tree search: 29.945 sec (0h:0m:29s)
Wall-clock time used for tree search: 30.034 sec (0h:0m:30s)
Total CPU time used: 30.638 sec (0h:0m:30s)
Total wall-clock time used: 30.817 sec (0h:0m:30s)

===> START BOOTSTRAP REPLICATE NUMBER 53

Creating bootstrap alignment (seed: 564653)...

Create initial parsimony tree by phylogenetic likelihood library (PLL)... 0.003 seconds

NOTE: 5 MB RAM (0 GB) is required!
Estimate model parameters (epsilon = 0.100)
1. Initial log-likelihood: -14318.581
2. Current log-likelihood: -13802.839
3. Current log-likelihood: -13775.284
4. Current log-likelihood: -13774.793
Optimal log-likelihood: -13774.737
Gamma shape alpha: 10.339
Parameters optimization took 4 rounds (0.266 sec)
Computing ML distances based on estimated model parameters... 0.131 sec
WARNING: Some pairwise ML distances are too long (saturated)
Computing BIONJ tree...
0.008 seconds
Log-likelihood of BIONJ tree: -13709.823
--------------------------------------------------------------------
|             INITIALIZING CANDIDATE TREE SET                      |
--------------------------------------------------------------------
Generating 98 parsimony trees... 0.304 second
Computing log-likelihood of 98 initial trees ... 2.254 seconds
Current best score: -13708.017

Do NNI search on 20 best initial trees
Estimate model parameters (epsilon = 0.100)
BETTER TREE FOUND at iteration 1: -13688.877
Estimate model parameters (epsilon = 0.100)
BETTER TREE FOUND at iteration 3: -13687.721
Estimate model parameters (epsilon = 0.100)
BETTER TREE FOUND at iteration 5: -13686.254
Iteration 10 / LogL: -13688.832 / Time: 0h:0m:5s
Iteration 20 / LogL: -13691.122 / Time: 0h:0m:8s
Finish initializing candidate tree set (10)
Current best tree score: -13686.254 / CPU time: 8.032
Number of iterations: 20
--------------------------------------------------------------------
|               OPTIMIZING CANDIDATE TREE SET                      |
--------------------------------------------------------------------
Estimate model parameters (epsilon = 0.100)
BETTER TREE FOUND at iteration 26: -13684.000
Iteration 30 / LogL: -13695.392 / Time: 0h:0m:11s (0h:0m:37s left)
Iteration 40 / LogL: -13684.697 / Time: 0h:0m:13s (0h:0m:29s left)
Iteration 50 / LogL: -13687.888 / Time: 0h:0m:16s (0h:0m:25s left)
Iteration 60 / LogL: -13687.423 / Time: 0h:0m:19s (0h:0m:21s left)
Iteration 70 / LogL: -13690.033 / Time: 0h:0m:21s (0h:0m:17s left)
Iteration 80 / LogL: -13692.663 / Time: 0h:0m:24s (0h:0m:14s left)
Iteration 90 / LogL: -13685.488 / Time: 0h:0m:26s (0h:0m:10s left)
Iteration 100 / LogL: -13684.174 / Time: 0h:0m:29s (0h:0m:7s left)
Iteration 110 / LogL: -13687.898 / Time: 0h:0m:31s (0h:0m:4s left)
Iteration 120 / LogL: -13690.881 / Time: 0h:0m:34s (0h:0m:1s left)
TREE SEARCH COMPLETED AFTER 127 ITERATIONS / Time: 0h:0m:35s

--------------------------------------------------------------------
|                    FINALIZING TREE SEARCH                        |
--------------------------------------------------------------------
Performs final model parameters optimization
Estimate model parameters (epsilon = 0.010)
1. Initial log-likelihood: -13684.000
2. Current log-likelihood: -13683.949
3. Current log-likelihood: -13683.912
Optimal log-likelihood: -13683.900
Gamma shape alpha: 10.147
Parameters optimization took 3 rounds (0.123 sec)
BEST SCORE FOUND : -13683.900
Total tree length: 29.569

Total number of iterations: 127
CPU time used for tree search: 35.133 sec (0h:0m:35s)
Wall-clock time used for tree search: 35.303 sec (0h:0m:35s)
Total CPU time used: 35.833 sec (0h:0m:35s)
Total wall-clock time used: 36.025 sec (0h:0m:36s)

===> START BOOTSTRAP REPLICATE NUMBER 54

Creating bootstrap alignment (seed: 564654)...

Create initial parsimony tree by phylogenetic likelihood library (PLL)... 0.003 seconds

NOTE: 5 MB RAM (0 GB) is required!
Estimate model parameters (epsilon = 0.100)
1. Initial log-likelihood: -13368.498
2. Current log-likelihood: -12792.799
3. Current log-likelihood: -12767.132
4. Current log-likelihood: -12766.017
5. Current log-likelihood: -12765.854
Optimal log-likelihood: -12765.824
Gamma shape alpha: 12.621
Parameters optimization took 5 rounds (0.343 sec)
Computing ML distances based on estimated model parameters... 0.106 sec
WARNING: Some pairwise ML distances are too long (saturated)
Computing BIONJ tree...
0.007 seconds
Log-likelihood of BIONJ tree: -12740.493
--------------------------------------------------------------------
|             INITIALIZING CANDIDATE TREE SET                      |
--------------------------------------------------------------------
Generating 98 parsimony trees... 0.297 second
Computing log-likelihood of 98 initial trees ... 2.235 seconds
Current best score: -12740.493

Do NNI search on 20 best initial trees
Estimate model parameters (epsilon = 0.100)
BETTER TREE FOUND at iteration 1: -12736.142
Estimate model parameters (epsilon = 0.100)
UPDATE BEST LOG-LIKELIHOOD: -12735.166
Iteration 10 / LogL: -12735.290 / Time: 0h:0m:5s
Iteration 20 / LogL: -12738.213 / Time: 0h:0m:8s
Finish initializing candidate tree set (5)
Current best tree score: -12735.166 / CPU time: 7.779
Number of iterations: 20
--------------------------------------------------------------------
|               OPTIMIZING CANDIDATE TREE SET                      |
--------------------------------------------------------------------
Iteration 30 / LogL: -12735.207 / Time: 0h:0m:11s (0h:0m:26s left)
Iteration 40 / LogL: -12737.614 / Time: 0h:0m:13s (0h:0m:21s left)
Iteration 50 / LogL: -12735.330 / Time: 0h:0m:16s (0h:0m:17s left)
Iteration 60 / LogL: -12755.484 / Time: 0h:0m:18s (0h:0m:13s left)
Iteration 70 / LogL: -12735.944 / Time: 0h:0m:21s (0h:0m:9s left)
Iteration 80 / LogL: -12736.248 / Time: 0h:0m:23s (0h:0m:6s left)
Iteration 90 / LogL: -12739.341 / Time: 0h:0m:25s (0h:0m:3s left)
Iteration 100 / LogL: -12735.202 / Time: 0h:0m:29s (0h:0m:0s left)
TREE SEARCH COMPLETED AFTER 102 ITERATIONS / Time: 0h:0m:29s

--------------------------------------------------------------------
|                    FINALIZING TREE SEARCH                        |
--------------------------------------------------------------------
Performs final model parameters optimization
Estimate model parameters (epsilon = 0.010)
1. Initial log-likelihood: -12735.166
2. Current log-likelihood: -12735.146
Optimal log-likelihood: -12735.141
Gamma shape alpha: 14.087
Parameters optimization took 2 rounds (0.084 sec)
BEST SCORE FOUND : -12735.141
Total tree length: 25.118

Total number of iterations: 102
CPU time used for tree search: 28.830 sec (0h:0m:28s)
Wall-clock time used for tree search: 28.992 sec (0h:0m:28s)
Total CPU time used: 29.456 sec (0h:0m:29s)
Total wall-clock time used: 29.658 sec (0h:0m:29s)

===> START BOOTSTRAP REPLICATE NUMBER 55

Creating bootstrap alignment (seed: 564655)...

Create initial parsimony tree by phylogenetic likelihood library (PLL)... 0.016 seconds

NOTE: 5 MB RAM (0 GB) is required!
Estimate model parameters (epsilon = 0.100)
1. Initial log-likelihood: -13705.571
2. Current log-likelihood: -13134.204
3. Current log-likelihood: -13105.821
4. Current log-likelihood: -13104.564
Optimal log-likelihood: -13104.466
Gamma shape alpha: 13.803
Parameters optimization took 4 rounds (0.322 sec)
Computing ML distances based on estimated model parameters... 0.118 sec
WARNING: Some pairwise ML distances are too long (saturated)
Computing BIONJ tree...
0.008 seconds
Log-likelihood of BIONJ tree: -13125.761
--------------------------------------------------------------------
|             INITIALIZING CANDIDATE TREE SET                      |
--------------------------------------------------------------------
Generating 98 parsimony trees... 0.307 second
Computing log-likelihood of 98 initial trees ... 2.222 seconds
Current best score: -13080.927

Do NNI search on 20 best initial trees
Estimate model parameters (epsilon = 0.100)
BETTER TREE FOUND at iteration 1: -13060.119
Iteration 10 / LogL: -13064.328 / Time: 0h:0m:5s
Iteration 20 / LogL: -13060.541 / Time: 0h:0m:8s
Finish initializing candidate tree set (7)
Current best tree score: -13060.119 / CPU time: 7.423
Number of iterations: 20
--------------------------------------------------------------------
|               OPTIMIZING CANDIDATE TREE SET                      |
--------------------------------------------------------------------
Estimate model parameters (epsilon = 0.100)
BETTER TREE FOUND at iteration 22: -13059.889
Iteration 30 / LogL: -13060.231 / Time: 0h:0m:10s (0h:0m:34s left)
Iteration 40 / LogL: -13061.248 / Time: 0h:0m:13s (0h:0m:28s left)
Iteration 50 / LogL: -13060.515 / Time: 0h:0m:16s (0h:0m:23s left)
Iteration 60 / LogL: -13060.622 / Time: 0h:0m:18s (0h:0m:19s left)
Iteration 70 / LogL: -13061.607 / Time: 0h:0m:21s (0h:0m:16s left)
Iteration 80 / LogL: -13060.395 / Time: 0h:0m:25s (0h:0m:13s left)
Estimate model parameters (epsilon = 0.100)
UPDATE BEST LOG-LIKELIHOOD: -13059.591
Iteration 90 / LogL: -13060.139 / Time: 0h:0m:27s (0h:0m:9s left)
Iteration 100 / LogL: -13060.368 / Time: 0h:0m:30s (0h:0m:6s left)
Iteration 110 / LogL: -13060.784 / Time: 0h:0m:33s (0h:0m:3s left)
Estimate model parameters (epsilon = 0.100)
UPDATE BEST LOG-LIKELIHOOD: -13059.522
Iteration 120 / LogL: -13060.841 / Time: 0h:0m:35s (0h:0m:0s left)
TREE SEARCH COMPLETED AFTER 123 ITERATIONS / Time: 0h:0m:36s

--------------------------------------------------------------------
|                    FINALIZING TREE SEARCH                        |
--------------------------------------------------------------------
Performs final model parameters optimization
Estimate model parameters (epsilon = 0.010)
1. Initial log-likelihood: -13059.522
2. Current log-likelihood: -13059.503
Optimal log-likelihood: -13059.490
Gamma shape alpha: 12.524
Parameters optimization took 2 rounds (0.090 sec)
BEST SCORE FOUND : -13059.490
Total tree length: 26.102

Total number of iterations: 123
CPU time used for tree search: 35.449 sec (0h:0m:35s)
Wall-clock time used for tree search: 35.688 sec (0h:0m:35s)
Total CPU time used: 36.146 sec (0h:0m:36s)
Total wall-clock time used: 36.484 sec (0h:0m:36s)

===> START BOOTSTRAP REPLICATE NUMBER 56

Creating bootstrap alignment (seed: 564656)...

Create initial parsimony tree by phylogenetic likelihood library (PLL)... 0.002 seconds

NOTE: 5 MB RAM (0 GB) is required!
Estimate model parameters (epsilon = 0.100)
1. Initial log-likelihood: -13949.529
2. Current log-likelihood: -13360.718
3. Current log-likelihood: -13335.685
4. Current log-likelihood: -13332.235
5. Current log-likelihood: -13331.949
Optimal log-likelihood: -13331.909
Gamma shape alpha: 20.483
Parameters optimization took 5 rounds (0.379 sec)
Computing ML distances based on estimated model parameters... 0.117 sec
WARNING: Some pairwise ML distances are too long (saturated)
Computing BIONJ tree...
0.015 seconds
Log-likelihood of BIONJ tree: -13288.433
--------------------------------------------------------------------
|             INITIALIZING CANDIDATE TREE SET                      |
--------------------------------------------------------------------
Generating 98 parsimony trees... 0.296 second
Computing log-likelihood of 98 initial trees ... 2.223 seconds
Current best score: -13251.774

Do NNI search on 20 best initial trees
Estimate model parameters (epsilon = 0.100)
BETTER TREE FOUND at iteration 1: -13233.453
Estimate model parameters (epsilon = 0.100)
BETTER TREE FOUND at iteration 2: -13228.127
Iteration 10 / LogL: -13236.957 / Time: 0h:0m:5s
Iteration 20 / LogL: -13228.485 / Time: 0h:0m:8s
Finish initializing candidate tree set (8)
Current best tree score: -13228.127 / CPU time: 7.358
Number of iterations: 20
--------------------------------------------------------------------
|               OPTIMIZING CANDIDATE TREE SET                      |
--------------------------------------------------------------------
Iteration 30 / LogL: -13231.454 / Time: 0h:0m:10s (0h:0m:26s left)
Iteration 40 / LogL: -13228.443 / Time: 0h:0m:13s (0h:0m:21s left)
Iteration 50 / LogL: -13233.399 / Time: 0h:0m:16s (0h:0m:17s left)
Iteration 60 / LogL: -13230.800 / Time: 0h:0m:18s (0h:0m:13s left)
Iteration 70 / LogL: -13228.271 / Time: 0h:0m:21s (0h:0m:10s left)
Iteration 80 / LogL: -13231.462 / Time: 0h:0m:24s (0h:0m:6s left)
Iteration 90 / LogL: -13232.265 / Time: 0h:0m:27s (0h:0m:3s left)
Iteration 100 / LogL: -13228.353 / Time: 0h:0m:30s (0h:0m:0s left)
TREE SEARCH COMPLETED AFTER 103 ITERATIONS / Time: 0h:0m:31s

--------------------------------------------------------------------
|                    FINALIZING TREE SEARCH                        |
--------------------------------------------------------------------
Performs final model parameters optimization
Estimate model parameters (epsilon = 0.010)
1. Initial log-likelihood: -13228.127
2. Current log-likelihood: -13228.113
Optimal log-likelihood: -13228.110
Gamma shape alpha: 19.730
Parameters optimization took 2 rounds (0.087 sec)
BEST SCORE FOUND : -13228.110
Total tree length: 25.856

Total number of iterations: 103
CPU time used for tree search: 30.580 sec (0h:0m:30s)
Wall-clock time used for tree search: 30.706 sec (0h:0m:30s)
Total CPU time used: 31.262 sec (0h:0m:31s)
Total wall-clock time used: 31.468 sec (0h:0m:31s)

===> START BOOTSTRAP REPLICATE NUMBER 57

Creating bootstrap alignment (seed: 564657)...

Create initial parsimony tree by phylogenetic likelihood library (PLL)... 0.002 seconds

NOTE: 5 MB RAM (0 GB) is required!
Estimate model parameters (epsilon = 0.100)
1. Initial log-likelihood: -14152.446
2. Current log-likelihood: -13607.486
3. Current log-likelihood: -13584.139
4. Current log-likelihood: -13582.410
5. Current log-likelihood: -13582.287
Optimal log-likelihood: -13582.259
Gamma shape alpha: 13.042
Parameters optimization took 5 rounds (0.358 sec)
Computing ML distances based on estimated model parameters... 0.112 sec
WARNING: Some pairwise ML distances are too long (saturated)
Computing BIONJ tree...
0.008 seconds
Log-likelihood of BIONJ tree: -13551.165
--------------------------------------------------------------------
|             INITIALIZING CANDIDATE TREE SET                      |
--------------------------------------------------------------------
Generating 98 parsimony trees... 0.294 second
Computing log-likelihood of 98 initial trees ... 2.344 seconds
Current best score: -13551.165

Do NNI search on 20 best initial trees
Estimate model parameters (epsilon = 0.100)
BETTER TREE FOUND at iteration 1: -13535.006
Estimate model parameters (epsilon = 0.100)
BETTER TREE FOUND at iteration 2: -13534.770
Estimate model parameters (epsilon = 0.100)
BETTER TREE FOUND at iteration 3: -13532.326
Estimate model parameters (epsilon = 0.100)
BETTER TREE FOUND at iteration 4: -13531.975
Iteration 10 / LogL: -13534.926 / Time: 0h:0m:7s
Iteration 20 / LogL: -13532.114 / Time: 0h:0m:11s
Finish initializing candidate tree set (8)
Current best tree score: -13531.975 / CPU time: 10.409
Number of iterations: 20
--------------------------------------------------------------------
|               OPTIMIZING CANDIDATE TREE SET                      |
--------------------------------------------------------------------
Iteration 30 / LogL: -13534.942 / Time: 0h:0m:13s (0h:0m:35s left)
Iteration 40 / LogL: -13532.301 / Time: 0h:0m:16s (0h:0m:27s left)
Iteration 50 / LogL: -13532.490 / Time: 0h:0m:19s (0h:0m:21s left)
Iteration 60 / LogL: -13532.358 / Time: 0h:0m:22s (0h:0m:16s left)
Iteration 70 / LogL: -13532.091 / Time: 0h:0m:25s (0h:0m:12s left)
Iteration 80 / LogL: -13532.146 / Time: 0h:0m:27s (0h:0m:8s left)
Iteration 90 / LogL: -13532.051 / Time: 0h:0m:31s (0h:0m:4s left)
Iteration 100 / LogL: -13532.571 / Time: 0h:0m:34s (0h:0m:1s left)
TREE SEARCH COMPLETED AFTER 105 ITERATIONS / Time: 0h:0m:35s

--------------------------------------------------------------------
|                    FINALIZING TREE SEARCH                        |
--------------------------------------------------------------------
Performs final model parameters optimization
Estimate model parameters (epsilon = 0.010)
1. Initial log-likelihood: -13531.975
2. Current log-likelihood: -13531.962
Optimal log-likelihood: -13531.955
Gamma shape alpha: 19.598
Parameters optimization took 2 rounds (0.109 sec)
BEST SCORE FOUND : -13531.955
Total tree length: 25.307

Total number of iterations: 105
CPU time used for tree search: 34.972 sec (0h:0m:34s)
Wall-clock time used for tree search: 35.149 sec (0h:0m:35s)
Total CPU time used: 35.638 sec (0h:0m:35s)
Total wall-clock time used: 35.899 sec (0h:0m:35s)

===> START BOOTSTRAP REPLICATE NUMBER 58

Creating bootstrap alignment (seed: 564658)...

Create initial parsimony tree by phylogenetic likelihood library (PLL)... 0.003 seconds

NOTE: 5 MB RAM (0 GB) is required!
Estimate model parameters (epsilon = 0.100)
1. Initial log-likelihood: -14340.464
2. Current log-likelihood: -13788.123
3. Current log-likelihood: -13768.509
4. Current log-likelihood: -13767.305
Optimal log-likelihood: -13767.195
Gamma shape alpha: 8.711
Parameters optimization took 4 rounds (0.334 sec)
Computing ML distances based on estimated model parameters... 0.110 sec
WARNING: Some pairwise ML distances are too long (saturated)
Computing BIONJ tree...
0.024 seconds
Log-likelihood of BIONJ tree: -13708.332
--------------------------------------------------------------------
|             INITIALIZING CANDIDATE TREE SET                      |
--------------------------------------------------------------------
Generating 98 parsimony trees... 0.297 second
Computing log-likelihood of 98 initial trees ... 2.292 seconds
Current best score: -13708.332

Do NNI search on 20 best initial trees
Estimate model parameters (epsilon = 0.100)
BETTER TREE FOUND at iteration 1: -13700.727
Estimate model parameters (epsilon = 0.100)
BETTER TREE FOUND at iteration 2: -13699.846
Estimate model parameters (epsilon = 0.100)
BETTER TREE FOUND at iteration 4: -13697.681
Iteration 10 / LogL: -13698.654 / Time: 0h:0m:5s
Iteration 20 / LogL: -13697.904 / Time: 0h:0m:8s
Finish initializing candidate tree set (9)
Current best tree score: -13697.681 / CPU time: 7.480
Number of iterations: 20
--------------------------------------------------------------------
|               OPTIMIZING CANDIDATE TREE SET                      |
--------------------------------------------------------------------
Estimate model parameters (epsilon = 0.100)
BETTER TREE FOUND at iteration 29: -13697.471
Iteration 30 / LogL: -13697.781 / Time: 0h:0m:10s (0h:0m:36s left)
Iteration 40 / LogL: -13698.145 / Time: 0h:0m:13s (0h:0m:29s left)
Iteration 50 / LogL: -13697.754 / Time: 0h:0m:15s (0h:0m:25s left)
Iteration 60 / LogL: -13697.774 / Time: 0h:0m:18s (0h:0m:21s left)
Iteration 70 / LogL: -13698.266 / Time: 0h:0m:20s (0h:0m:17s left)
Iteration 80 / LogL: -13697.721 / Time: 0h:0m:22s (0h:0m:13s left)
Iteration 90 / LogL: -13700.881 / Time: 0h:0m:24s (0h:0m:10s left)
Iteration 100 / LogL: -13697.796 / Time: 0h:0m:27s (0h:0m:7s left)
Iteration 110 / LogL: -13698.913 / Time: 0h:0m:29s (0h:0m:5s left)
Iteration 120 / LogL: -13697.949 / Time: 0h:0m:31s (0h:0m:2s left)
Iteration 130 / LogL: -13698.036 / Time: 0h:0m:33s (0h:0m:-1s left)
TREE SEARCH COMPLETED AFTER 130 ITERATIONS / Time: 0h:0m:33s

--------------------------------------------------------------------
|                    FINALIZING TREE SEARCH                        |
--------------------------------------------------------------------
Performs final model parameters optimization
Estimate model parameters (epsilon = 0.010)
1. Initial log-likelihood: -13697.471
Optimal log-likelihood: -13697.464
Gamma shape alpha: 12.129
Parameters optimization took 1 rounds (0.035 sec)
BEST SCORE FOUND : -13697.464
Total tree length: 25.103

Total number of iterations: 130
CPU time used for tree search: 33.054 sec (0h:0m:33s)
Wall-clock time used for tree search: 33.246 sec (0h:0m:33s)
Total CPU time used: 33.625 sec (0h:0m:33s)
Total wall-clock time used: 33.887 sec (0h:0m:33s)

===> START BOOTSTRAP REPLICATE NUMBER 59

Creating bootstrap alignment (seed: 564659)...

Create initial parsimony tree by phylogenetic likelihood library (PLL)... 0.003 seconds

NOTE: 6 MB RAM (0 GB) is required!
Estimate model parameters (epsilon = 0.100)
1. Initial log-likelihood: -13993.409
2. Current log-likelihood: -13483.177
3. Current log-likelihood: -13451.722
4. Current log-likelihood: -13450.410
Optimal log-likelihood: -13450.302
Gamma shape alpha: 13.285
Parameters optimization took 4 rounds (0.321 sec)
Computing ML distances based on estimated model parameters... 0.103 sec
WARNING: Some pairwise ML distances are too long (saturated)
Computing BIONJ tree...
0.008 seconds
Log-likelihood of BIONJ tree: -13420.383
--------------------------------------------------------------------
|             INITIALIZING CANDIDATE TREE SET                      |
--------------------------------------------------------------------
Generating 98 parsimony trees... 0.306 second
Computing log-likelihood of 98 initial trees ... 2.325 seconds
Current best score: -13410.801

Do NNI search on 20 best initial trees
Estimate model parameters (epsilon = 0.100)
BETTER TREE FOUND at iteration 1: -13380.054
Iteration 10 / LogL: -13380.659 / Time: 0h:0m:6s
Iteration 20 / LogL: -13382.114 / Time: 0h:0m:9s
Finish initializing candidate tree set (8)
Current best tree score: -13380.054 / CPU time: 9.339
Number of iterations: 20
--------------------------------------------------------------------
|               OPTIMIZING CANDIDATE TREE SET                      |
--------------------------------------------------------------------
Iteration 30 / LogL: -13380.860 / Time: 0h:0m:12s (0h:0m:29s left)
Iteration 40 / LogL: -13380.282 / Time: 0h:0m:15s (0h:0m:23s left)
Iteration 50 / LogL: -13381.045 / Time: 0h:0m:18s (0h:0m:18s left)
Iteration 60 / LogL: -13380.284 / Time: 0h:0m:21s (0h:0m:14s left)
Iteration 70 / LogL: -13380.349 / Time: 0h:0m:23s (0h:0m:10s left)
Iteration 80 / LogL: -13382.072 / Time: 0h:0m:26s (0h:0m:7s left)
Iteration 90 / LogL: -13380.521 / Time: 0h:0m:29s (0h:0m:3s left)
Iteration 100 / LogL: -13380.146 / Time: 0h:0m:31s (0h:0m:0s left)
TREE SEARCH COMPLETED AFTER 102 ITERATIONS / Time: 0h:0m:32s

--------------------------------------------------------------------
|                    FINALIZING TREE SEARCH                        |
--------------------------------------------------------------------
Performs final model parameters optimization
Estimate model parameters (epsilon = 0.010)
1. Initial log-likelihood: -13380.054
Optimal log-likelihood: -13380.040
Gamma shape alpha: 15.070
Parameters optimization took 1 rounds (0.054 sec)
BEST SCORE FOUND : -13380.040
Total tree length: 24.643

Total number of iterations: 102
CPU time used for tree search: 32.061 sec (0h:0m:32s)
Wall-clock time used for tree search: 32.189 sec (0h:0m:32s)
Total CPU time used: 32.620 sec (0h:0m:32s)
Total wall-clock time used: 32.784 sec (0h:0m:32s)

===> START BOOTSTRAP REPLICATE NUMBER 60

Creating bootstrap alignment (seed: 564660)...

Create initial parsimony tree by phylogenetic likelihood library (PLL)... 0.003 seconds

NOTE: 6 MB RAM (0 GB) is required!
Estimate model parameters (epsilon = 0.100)
1. Initial log-likelihood: -13880.741
2. Current log-likelihood: -13291.243
3. Current log-likelihood: -13268.036
4. Current log-likelihood: -13266.482
5. Current log-likelihood: -13266.311
Optimal log-likelihood: -13266.285
Gamma shape alpha: 26.428
Parameters optimization took 5 rounds (0.398 sec)
Computing ML distances based on estimated model parameters... 0.104 sec
WARNING: Some pairwise ML distances are too long (saturated)
Computing BIONJ tree...
0.008 seconds
Log-likelihood of BIONJ tree: -13250.930
--------------------------------------------------------------------
|             INITIALIZING CANDIDATE TREE SET                      |
--------------------------------------------------------------------
Generating 98 parsimony trees... 0.313 second
Computing log-likelihood of 98 initial trees ... 2.352 seconds
Current best score: -13250.930

Do NNI search on 20 best initial trees
Estimate model parameters (epsilon = 0.100)
BETTER TREE FOUND at iteration 1: -13237.317
Estimate model parameters (epsilon = 0.100)
BETTER TREE FOUND at iteration 2: -13232.388
Iteration 10 / LogL: -13238.942 / Time: 0h:0m:6s
Iteration 20 / LogL: -13233.985 / Time: 0h:0m:9s
Finish initializing candidate tree set (14)
Current best tree score: -13232.388 / CPU time: 9.275
Number of iterations: 20
--------------------------------------------------------------------
|               OPTIMIZING CANDIDATE TREE SET                      |
--------------------------------------------------------------------
BETTER TREE FOUND at iteration 21: -13232.387
UPDATE BEST LOG-LIKELIHOOD: -13232.387
Iteration 30 / LogL: -13232.387 / Time: 0h:0m:12s (0h:0m:40s left)
UPDATE BEST LOG-LIKELIHOOD: -13232.387
Iteration 40 / LogL: -13232.387 / Time: 0h:0m:17s (0h:0m:35s left)
Iteration 50 / LogL: -13232.487 / Time: 0h:0m:21s (0h:0m:30s left)
Iteration 60 / LogL: -13232.493 / Time: 0h:0m:25s (0h:0m:26s left)
Iteration 70 / LogL: -13232.387 / Time: 0h:0m:29s (0h:0m:21s left)
UPDATE BEST LOG-LIKELIHOOD: -13232.387
Iteration 80 / LogL: -13236.055 / Time: 0h:0m:34s (0h:0m:17s left)
UPDATE BEST LOG-LIKELIHOOD: -13232.387
Iteration 90 / LogL: -13234.629 / Time: 0h:0m:38s (0h:0m:13s left)
Estimate model parameters (epsilon = 0.100)
BETTER TREE FOUND at iteration 95: -13232.265
UPDATE BEST LOG-LIKELIHOOD: -13232.263
Iteration 100 / LogL: -13232.263 / Time: 0h:0m:42s (0h:0m:40s left)
Iteration 110 / LogL: -13232.464 / Time: 0h:0m:46s (0h:0m:36s left)
BETTER TREE FOUND at iteration 116: -13232.262
UPDATE BEST LOG-LIKELIHOOD: -13232.262
Iteration 120 / LogL: -13232.388 / Time: 0h:0m:51s (0h:0m:41s left)
Iteration 130 / LogL: -13234.678 / Time: 0h:0m:55s (0h:0m:36s left)
Iteration 140 / LogL: -13232.388 / Time: 0h:0m:59s (0h:0m:32s left)
Iteration 150 / LogL: -13232.891 / Time: 0h:1m:4s (0h:0m:28s left)
Iteration 160 / LogL: -13232.388 / Time: 0h:1m:9s (0h:0m:24s left)
Iteration 170 / LogL: -13232.388 / Time: 0h:1m:12s (0h:0m:19s left)
UPDATE BEST LOG-LIKELIHOOD: -13232.262
Iteration 180 / LogL: -13232.467 / Time: 0h:1m:17s (0h:0m:15s left)
Iteration 190 / LogL: -13232.264 / Time: 0h:1m:21s (0h:0m:11s left)
Iteration 200 / LogL: -13247.772 / Time: 0h:1m:26s (0h:0m:6s left)
Iteration 210 / LogL: -13232.262 / Time: 0h:1m:31s (0h:0m:2s left)
TREE SEARCH COMPLETED AFTER 217 ITERATIONS / Time: 0h:1m:34s

--------------------------------------------------------------------
|                    FINALIZING TREE SEARCH                        |
--------------------------------------------------------------------
Performs final model parameters optimization
Estimate model parameters (epsilon = 0.010)
1. Initial log-likelihood: -13232.262
Optimal log-likelihood: -13232.260
Gamma shape alpha: 24.593
Parameters optimization took 1 rounds (0.038 sec)
BEST SCORE FOUND : -13232.260
Total tree length: 25.987

Total number of iterations: 217
CPU time used for tree search: 93.252 sec (0h:1m:33s)
Wall-clock time used for tree search: 93.604 sec (0h:1m:33s)
Total CPU time used: 93.887 sec (0h:1m:33s)
Total wall-clock time used: 94.303 sec (0h:1m:34s)

===> START BOOTSTRAP REPLICATE NUMBER 61

Creating bootstrap alignment (seed: 564661)...

Create initial parsimony tree by phylogenetic likelihood library (PLL)... 0.003 seconds

NOTE: 5 MB RAM (0 GB) is required!
Estimate model parameters (epsilon = 0.100)
1. Initial log-likelihood: -13598.393
2. Current log-likelihood: -13021.436
3. Current log-likelihood: -12997.182
4. Current log-likelihood: -12995.422
5. Current log-likelihood: -12995.164
Optimal log-likelihood: -12995.097
Gamma shape alpha: 9.417
Parameters optimization took 5 rounds (0.402 sec)
Computing ML distances based on estimated model parameters... 0.118 sec
WARNING: Some pairwise ML distances are too long (saturated)
Computing BIONJ tree...
0.025 seconds
Log-likelihood of BIONJ tree: -12932.580
--------------------------------------------------------------------
|             INITIALIZING CANDIDATE TREE SET                      |
--------------------------------------------------------------------
Generating 98 parsimony trees... 0.288 second
Computing log-likelihood of 98 initial trees ... 2.317 seconds
Current best score: -12932.580

Do NNI search on 20 best initial trees
Estimate model parameters (epsilon = 0.100)
BETTER TREE FOUND at iteration 1: -12919.709
Estimate model parameters (epsilon = 0.100)
BETTER TREE FOUND at iteration 3: -12919.214
Iteration 10 / LogL: -12921.969 / Time: 0h:0m:7s
Iteration 20 / LogL: -12919.215 / Time: 0h:0m:12s
Finish initializing candidate tree set (16)
Current best tree score: -12919.214 / CPU time: 12.002
Number of iterations: 20
--------------------------------------------------------------------
|               OPTIMIZING CANDIDATE TREE SET                      |
--------------------------------------------------------------------
Estimate model parameters (epsilon = 0.100)
BETTER TREE FOUND at iteration 29: -12918.878
Iteration 30 / LogL: -12919.225 / Time: 0h:0m:17s (0h:1m:0s left)
UPDATE BEST LOG-LIKELIHOOD: -12918.878
Iteration 40 / LogL: -12919.244 / Time: 0h:0m:22s (0h:0m:51s left)
UPDATE BEST LOG-LIKELIHOOD: -12918.877
Iteration 50 / LogL: -12919.224 / Time: 0h:0m:27s (0h:0m:43s left)
Iteration 60 / LogL: -12919.211 / Time: 0h:0m:31s (0h:0m:37s left)
Iteration 70 / LogL: -12919.211 / Time: 0h:0m:35s (0h:0m:30s left)
BETTER TREE FOUND at iteration 72: -12918.877
Iteration 80 / LogL: -12921.055 / Time: 0h:0m:39s (0h:0m:46s left)
Iteration 90 / LogL: -12921.888 / Time: 0h:0m:43s (0h:0m:40s left)
Iteration 100 / LogL: -12919.084 / Time: 0h:0m:48s (0h:0m:34s left)
UPDATE BEST LOG-LIKELIHOOD: -12918.877
WARNING: NNI search needs unusual large number of steps (23) to converge!
Iteration 110 / LogL: -12918.878 / Time: 0h:0m:52s (0h:0m:29s left)
Iteration 120 / LogL: -12918.878 / Time: 0h:0m:56s (0h:0m:24s left)
WARNING: NNI search needs unusual large number of steps (23) to converge!
Iteration 130 / LogL: -12918.878 / Time: 0h:1m:1s (0h:0m:19s left)
Iteration 140 / LogL: -12919.084 / Time: 0h:1m:5s (0h:0m:15s left)
Iteration 150 / LogL: -12918.878 / Time: 0h:1m:10s (0h:0m:10s left)
Iteration 160 / LogL: -12919.084 / Time: 0h:1m:14s (0h:0m:5s left)
Iteration 170 / LogL: -12918.878 / Time: 0h:1m:19s (0h:0m:0s left)
TREE SEARCH COMPLETED AFTER 173 ITERATIONS / Time: 0h:1m:20s

--------------------------------------------------------------------
|                    FINALIZING TREE SEARCH                        |
--------------------------------------------------------------------
Performs final model parameters optimization
Estimate model parameters (epsilon = 0.010)
1. Initial log-likelihood: -12918.877
Optimal log-likelihood: -12918.876
Gamma shape alpha: 13.080
Parameters optimization took 1 rounds (0.038 sec)
BEST SCORE FOUND : -12918.876
Total tree length: 25.352

Total number of iterations: 173
CPU time used for tree search: 79.408 sec (0h:1m:19s)
Wall-clock time used for tree search: 79.683 sec (0h:1m:19s)
Total CPU time used: 80.078 sec (0h:1m:20s)
Total wall-clock time used: 80.469 sec (0h:1m:20s)

===> START BOOTSTRAP REPLICATE NUMBER 62

Creating bootstrap alignment (seed: 564662)...

Create initial parsimony tree by phylogenetic likelihood library (PLL)... 0.003 seconds

NOTE: 5 MB RAM (0 GB) is required!
Estimate model parameters (epsilon = 0.100)
1. Initial log-likelihood: -13813.304
2. Current log-likelihood: -13245.978
3. Current log-likelihood: -13222.758
4. Current log-likelihood: -13221.716
Optimal log-likelihood: -13221.642
Gamma shape alpha: 10.129
Parameters optimization took 4 rounds (0.340 sec)
Computing ML distances based on estimated model parameters... 0.111 sec
WARNING: Some pairwise ML distances are too long (saturated)
Computing BIONJ tree...
0.008 seconds
Log-likelihood of BIONJ tree: -13132.938
--------------------------------------------------------------------
|             INITIALIZING CANDIDATE TREE SET                      |
--------------------------------------------------------------------
Generating 98 parsimony trees... 0.309 second
Computing log-likelihood of 98 initial trees ... 2.300 seconds
Current best score: -13132.938

Do NNI search on 20 best initial trees
Estimate model parameters (epsilon = 0.100)
BETTER TREE FOUND at iteration 1: -13123.710
Estimate model parameters (epsilon = 0.100)
BETTER TREE FOUND at iteration 4: -13122.787
Iteration 10 / LogL: -13128.614 / Time: 0h:0m:5s
Iteration 20 / LogL: -13126.578 / Time: 0h:0m:7s
Finish initializing candidate tree set (16)
Current best tree score: -13122.787 / CPU time: 7.023
Number of iterations: 20
--------------------------------------------------------------------
|               OPTIMIZING CANDIDATE TREE SET                      |
--------------------------------------------------------------------
Iteration 30 / LogL: -13132.373 / Time: 0h:0m:10s (0h:0m:26s left)
Iteration 40 / LogL: -13127.525 / Time: 0h:0m:12s (0h:0m:21s left)
Iteration 50 / LogL: -13123.858 / Time: 0h:0m:15s (0h:0m:16s left)
Iteration 60 / LogL: -13129.305 / Time: 0h:0m:17s (0h:0m:13s left)
Iteration 70 / LogL: -13129.987 / Time: 0h:0m:20s (0h:0m:9s left)
Iteration 80 / LogL: -13122.817 / Time: 0h:0m:22s (0h:0m:6s left)
Iteration 90 / LogL: -13122.966 / Time: 0h:0m:25s (0h:0m:3s left)
Iteration 100 / LogL: -13125.172 / Time: 0h:0m:27s (0h:0m:1s left)
TREE SEARCH COMPLETED AFTER 105 ITERATIONS / Time: 0h:0m:29s

--------------------------------------------------------------------
|                    FINALIZING TREE SEARCH                        |
--------------------------------------------------------------------
Performs final model parameters optimization
Estimate model parameters (epsilon = 0.010)
1. Initial log-likelihood: -13122.787
Optimal log-likelihood: -13122.781
Gamma shape alpha: 11.883
Parameters optimization took 1 rounds (0.042 sec)
BEST SCORE FOUND : -13122.781
Total tree length: 25.232

Total number of iterations: 105
CPU time used for tree search: 28.415 sec (0h:0m:28s)
Wall-clock time used for tree search: 28.564 sec (0h:0m:28s)
Total CPU time used: 29.012 sec (0h:0m:29s)
Total wall-clock time used: 29.205 sec (0h:0m:29s)

===> START BOOTSTRAP REPLICATE NUMBER 63

Creating bootstrap alignment (seed: 564663)...

Create initial parsimony tree by phylogenetic likelihood library (PLL)... 0.003 seconds

NOTE: 6 MB RAM (0 GB) is required!
Estimate model parameters (epsilon = 0.100)
1. Initial log-likelihood: -13684.216
2. Current log-likelihood: -13089.837
3. Current log-likelihood: -13066.143
4. Current log-likelihood: -13064.462
5. Current log-likelihood: -13064.262
Optimal log-likelihood: -13064.223
Gamma shape alpha: 35.856
Parameters optimization took 5 rounds (0.405 sec)
Computing ML distances based on estimated model parameters... 0.117 sec
WARNING: Some pairwise ML distances are too long (saturated)
Computing BIONJ tree...
0.007 seconds
Log-likelihood of BIONJ tree: -13045.823
--------------------------------------------------------------------
|             INITIALIZING CANDIDATE TREE SET                      |
--------------------------------------------------------------------
Generating 98 parsimony trees... 0.306 second
Computing log-likelihood of 98 initial trees ... 2.383 seconds
Current best score: -13045.823

Do NNI search on 20 best initial trees
Estimate model parameters (epsilon = 0.100)
BETTER TREE FOUND at iteration 1: -13037.008
Estimate model parameters (epsilon = 0.100)
BETTER TREE FOUND at iteration 2: -13018.396
Iteration 10 / LogL: -13025.978 / Time: 0h:0m:6s
Iteration 20 / LogL: -13019.039 / Time: 0h:0m:10s
Finish initializing candidate tree set (8)
Current best tree score: -13018.396 / CPU time: 9.325
Number of iterations: 20
--------------------------------------------------------------------
|               OPTIMIZING CANDIDATE TREE SET                      |
--------------------------------------------------------------------
UPDATE BEST LOG-LIKELIHOOD: -13018.393
Iteration 30 / LogL: -13026.312 / Time: 0h:0m:13s (0h:0m:32s left)
Iteration 40 / LogL: -13025.900 / Time: 0h:0m:15s (0h:0m:25s left)
Iteration 50 / LogL: -13025.851 / Time: 0h:0m:18s (0h:0m:20s left)
Iteration 60 / LogL: -13018.599 / Time: 0h:0m:22s (0h:0m:16s left)
Iteration 70 / LogL: -13018.626 / Time: 0h:0m:26s (0h:0m:12s left)
UPDATE BEST LOG-LIKELIHOOD: -13018.388
Iteration 80 / LogL: -13018.476 / Time: 0h:0m:29s (0h:0m:8s left)
Iteration 90 / LogL: -13018.466 / Time: 0h:0m:32s (0h:0m:4s left)
Iteration 100 / LogL: -13023.747 / Time: 0h:0m:35s (0h:0m:0s left)
TREE SEARCH COMPLETED AFTER 103 ITERATIONS / Time: 0h:0m:36s

--------------------------------------------------------------------
|                    FINALIZING TREE SEARCH                        |
--------------------------------------------------------------------
Performs final model parameters optimization
Estimate model parameters (epsilon = 0.010)
1. Initial log-likelihood: -13018.388
2. Current log-likelihood: -13018.377
Optimal log-likelihood: -13018.373
Gamma shape alpha: 36.825
Parameters optimization took 2 rounds (0.126 sec)
BEST SCORE FOUND : -13018.373
Total tree length: 25.548

Total number of iterations: 103
CPU time used for tree search: 35.373 sec (0h:0m:35s)
Wall-clock time used for tree search: 35.585 sec (0h:0m:35s)
Total CPU time used: 36.278 sec (0h:0m:36s)
Total wall-clock time used: 36.580 sec (0h:0m:36s)

===> START BOOTSTRAP REPLICATE NUMBER 64

Creating bootstrap alignment (seed: 564664)...

Create initial parsimony tree by phylogenetic likelihood library (PLL)... 0.004 seconds

NOTE: 5 MB RAM (0 GB) is required!
Estimate model parameters (epsilon = 0.100)
1. Initial log-likelihood: -13897.322
2. Current log-likelihood: -13349.874
3. Current log-likelihood: -13319.294
4. Current log-likelihood: -13317.683
5. Current log-likelihood: -13317.411
Optimal log-likelihood: -13317.339
Gamma shape alpha: 14.684
Parameters optimization took 5 rounds (0.382 sec)
Computing ML distances based on estimated model parameters... 0.110 sec
WARNING: Some pairwise ML distances are too long (saturated)
Computing BIONJ tree...
0.008 seconds
Log-likelihood of BIONJ tree: -13319.074
--------------------------------------------------------------------
|             INITIALIZING CANDIDATE TREE SET                      |
--------------------------------------------------------------------
Generating 98 parsimony trees... 0.300 second
Computing log-likelihood of 98 initial trees ... 2.231 seconds
Current best score: -13293.126

Do NNI search on 20 best initial trees
Estimate model parameters (epsilon = 0.100)
BETTER TREE FOUND at iteration 1: -13263.339
Estimate model parameters (epsilon = 0.100)
BETTER TREE FOUND at iteration 2: -13262.050
Estimate model parameters (epsilon = 0.100)
BETTER TREE FOUND at iteration 5: -13261.415
Iteration 10 / LogL: -13263.940 / Time: 0h:0m:6s
Iteration 20 / LogL: -13266.875 / Time: 0h:0m:8s
Finish initializing candidate tree set (11)
Current best tree score: -13261.415 / CPU time: 8.096
Number of iterations: 20
--------------------------------------------------------------------
|               OPTIMIZING CANDIDATE TREE SET                      |
--------------------------------------------------------------------
Iteration 30 / LogL: -13267.816 / Time: 0h:0m:10s (0h:0m:27s left)
Iteration 40 / LogL: -13262.197 / Time: 0h:0m:12s (0h:0m:21s left)
Iteration 50 / LogL: -13262.095 / Time: 0h:0m:14s (0h:0m:16s left)
Iteration 60 / LogL: -13262.255 / Time: 0h:0m:16s (0h:0m:12s left)
Iteration 70 / LogL: -13263.915 / Time: 0h:0m:19s (0h:0m:9s left)
Iteration 80 / LogL: -13264.672 / Time: 0h:0m:21s (0h:0m:6s left)
Iteration 90 / LogL: -13262.854 / Time: 0h:0m:23s (0h:0m:3s left)
Iteration 100 / LogL: -13263.125 / Time: 0h:0m:25s (0h:0m:1s left)
TREE SEARCH COMPLETED AFTER 106 ITERATIONS / Time: 0h:0m:27s

--------------------------------------------------------------------
|                    FINALIZING TREE SEARCH                        |
--------------------------------------------------------------------
Performs final model parameters optimization
Estimate model parameters (epsilon = 0.010)
1. Initial log-likelihood: -13261.415
2. Current log-likelihood: -13261.389
Optimal log-likelihood: -13261.384
Gamma shape alpha: 13.602
Parameters optimization took 2 rounds (0.083 sec)
BEST SCORE FOUND : -13261.384
Total tree length: 25.686

Total number of iterations: 106
CPU time used for tree search: 26.237 sec (0h:0m:26s)
Wall-clock time used for tree search: 26.377 sec (0h:0m:26s)
Total CPU time used: 26.877 sec (0h:0m:26s)
Total wall-clock time used: 27.098 sec (0h:0m:27s)

===> START BOOTSTRAP REPLICATE NUMBER 65

Creating bootstrap alignment (seed: 564665)...

Create initial parsimony tree by phylogenetic likelihood library (PLL)... 0.003 seconds

NOTE: 5 MB RAM (0 GB) is required!
Estimate model parameters (epsilon = 0.100)
1. Initial log-likelihood: -14036.595
2. Current log-likelihood: -13468.190
3. Current log-likelihood: -13440.454
4. Current log-likelihood: -13437.685
5. Current log-likelihood: -13437.356
Optimal log-likelihood: -13437.317
Gamma shape alpha: 13.504
Parameters optimization took 5 rounds (0.406 sec)
Computing ML distances based on estimated model parameters... 0.117 sec
WARNING: Some pairwise ML distances are too long (saturated)
Computing BIONJ tree...
0.025 seconds
Log-likelihood of BIONJ tree: -13420.655
--------------------------------------------------------------------
|             INITIALIZING CANDIDATE TREE SET                      |
--------------------------------------------------------------------
Generating 98 parsimony trees... 0.293 second
Computing log-likelihood of 98 initial trees ... 2.288 seconds
Current best score: -13414.496

Do NNI search on 20 best initial trees
Estimate model parameters (epsilon = 0.100)
BETTER TREE FOUND at iteration 1: -13380.271
Estimate model parameters (epsilon = 0.100)
BETTER TREE FOUND at iteration 3: -13377.367
Iteration 10 / LogL: -13377.378 / Time: 0h:0m:6s
Iteration 20 / LogL: -13380.805 / Time: 0h:0m:8s
Finish initializing candidate tree set (11)
Current best tree score: -13377.367 / CPU time: 8.176
Number of iterations: 20
--------------------------------------------------------------------
|               OPTIMIZING CANDIDATE TREE SET                      |
--------------------------------------------------------------------
Estimate model parameters (epsilon = 0.100)
UPDATE BEST LOG-LIKELIHOOD: -13377.103
Iteration 30 / LogL: -13384.803 / Time: 0h:0m:11s (0h:0m:29s left)
Iteration 40 / LogL: -13377.667 / Time: 0h:0m:14s (0h:0m:23s left)
Iteration 50 / LogL: -13377.672 / Time: 0h:0m:16s (0h:0m:18s left)
Iteration 60 / LogL: -13377.260 / Time: 0h:0m:19s (0h:0m:13s left)
Iteration 70 / LogL: -13378.361 / Time: 0h:0m:21s (0h:0m:10s left)
Iteration 80 / LogL: -13404.659 / Time: 0h:0m:24s (0h:0m:7s left)
Iteration 90 / LogL: -13377.170 / Time: 0h:0m:27s (0h:0m:4s left)
Iteration 100 / LogL: -13377.153 / Time: 0h:0m:30s (0h:0m:0s left)
TREE SEARCH COMPLETED AFTER 104 ITERATIONS / Time: 0h:0m:31s

--------------------------------------------------------------------
|                    FINALIZING TREE SEARCH                        |
--------------------------------------------------------------------
Performs final model parameters optimization
Estimate model parameters (epsilon = 0.010)
1. Initial log-likelihood: -13377.103
Optimal log-likelihood: -13377.095
Gamma shape alpha: 16.300
Parameters optimization took 1 rounds (0.055 sec)
BEST SCORE FOUND : -13377.095
Total tree length: 25.021

Total number of iterations: 104
CPU time used for tree search: 30.573 sec (0h:0m:30s)
Wall-clock time used for tree search: 30.747 sec (0h:0m:30s)
Total CPU time used: 31.252 sec (0h:0m:31s)
Total wall-clock time used: 31.538 sec (0h:0m:31s)

===> START BOOTSTRAP REPLICATE NUMBER 66

Creating bootstrap alignment (seed: 564666)...

Create initial parsimony tree by phylogenetic likelihood library (PLL)... 0.003 seconds

NOTE: 6 MB RAM (0 GB) is required!
Estimate model parameters (epsilon = 0.100)
1. Initial log-likelihood: -14370.596
2. Current log-likelihood: -13866.830
3. Current log-likelihood: -13845.185
4. Current log-likelihood: -13843.666
Optimal log-likelihood: -13843.607
Gamma shape alpha: 9.588
Parameters optimization took 4 rounds (0.340 sec)
Computing ML distances based on estimated model parameters... 0.120 sec
WARNING: Some pairwise ML distances are too long (saturated)
Computing BIONJ tree...
0.028 seconds
Log-likelihood of BIONJ tree: -13756.313
--------------------------------------------------------------------
|             INITIALIZING CANDIDATE TREE SET                      |
--------------------------------------------------------------------
Generating 98 parsimony trees... 0.295 second
Computing log-likelihood of 98 initial trees ... 2.394 seconds
Current best score: -13752.903

Do NNI search on 20 best initial trees
Estimate model parameters (epsilon = 0.100)
BETTER TREE FOUND at iteration 1: -13738.522
Estimate model parameters (epsilon = 0.100)
BETTER TREE FOUND at iteration 5: -13737.236
Estimate model parameters (epsilon = 0.100)
BETTER TREE FOUND at iteration 10: -13736.971
Iteration 10 / LogL: -13736.971 / Time: 0h:0m:5s
Estimate model parameters (epsilon = 0.100)
BETTER TREE FOUND at iteration 20: -13736.337
Iteration 20 / LogL: -13736.337 / Time: 0h:0m:8s
Finish initializing candidate tree set (15)
Current best tree score: -13736.337 / CPU time: 7.534
Number of iterations: 20
--------------------------------------------------------------------
|               OPTIMIZING CANDIDATE TREE SET                      |
--------------------------------------------------------------------
Iteration 30 / LogL: -13738.643 / Time: 0h:0m:11s (0h:0m:34s left)
Iteration 40 / LogL: -13736.879 / Time: 0h:0m:14s (0h:0m:29s left)
Iteration 50 / LogL: -13737.864 / Time: 0h:0m:18s (0h:0m:25s left)
Iteration 60 / LogL: -13738.494 / Time: 0h:0m:21s (0h:0m:21s left)
Iteration 70 / LogL: -13737.530 / Time: 0h:0m:24s (0h:0m:17s left)
Iteration 80 / LogL: -13739.214 / Time: 0h:0m:26s (0h:0m:13s left)
Iteration 90 / LogL: -13736.471 / Time: 0h:0m:30s (0h:0m:10s left)
Iteration 100 / LogL: -13737.011 / Time: 0h:0m:33s (0h:0m:6s left)
Iteration 110 / LogL: -13739.139 / Time: 0h:0m:36s (0h:0m:3s left)
Iteration 120 / LogL: -13736.879 / Time: 0h:0m:39s (0h:0m:0s left)
TREE SEARCH COMPLETED AFTER 121 ITERATIONS / Time: 0h:0m:39s

--------------------------------------------------------------------
|                    FINALIZING TREE SEARCH                        |
--------------------------------------------------------------------
Performs final model parameters optimization
Estimate model parameters (epsilon = 0.010)
1. Initial log-likelihood: -13736.337
Optimal log-likelihood: -13736.330
Gamma shape alpha: 12.292
Parameters optimization took 1 rounds (0.039 sec)
BEST SCORE FOUND : -13736.330
Total tree length: 25.842

Total number of iterations: 121
CPU time used for tree search: 39.130 sec (0h:0m:39s)
Wall-clock time used for tree search: 39.249 sec (0h:0m:39s)
Total CPU time used: 39.791 sec (0h:0m:39s)
Total wall-clock time used: 39.979 sec (0h:0m:39s)

===> START BOOTSTRAP REPLICATE NUMBER 67

Creating bootstrap alignment (seed: 564667)...

Create initial parsimony tree by phylogenetic likelihood library (PLL)... 0.015 seconds

NOTE: 5 MB RAM (0 GB) is required!
Estimate model parameters (epsilon = 0.100)
1. Initial log-likelihood: -13705.877
2. Current log-likelihood: -13174.997
3. Current log-likelihood: -13146.041
4. Current log-likelihood: -13143.556
5. Current log-likelihood: -13143.188
Optimal log-likelihood: -13143.106
Gamma shape alpha: 13.040
Parameters optimization took 5 rounds (0.412 sec)
Computing ML distances based on estimated model parameters... 0.126 sec
WARNING: Some pairwise ML distances are too long (saturated)
Computing BIONJ tree...
0.008 seconds
Log-likelihood of BIONJ tree: -13070.606
--------------------------------------------------------------------
|             INITIALIZING CANDIDATE TREE SET                      |
--------------------------------------------------------------------
Generating 98 parsimony trees... 0.297 second
Computing log-likelihood of 98 initial trees ... 2.315 seconds
Current best score: -13070.606

Do NNI search on 20 best initial trees
Estimate model parameters (epsilon = 0.100)
BETTER TREE FOUND at iteration 1: -13063.191
Estimate model parameters (epsilon = 0.100)
BETTER TREE FOUND at iteration 2: -13055.277
Iteration 10 / LogL: -13055.753 / Time: 0h:0m:6s
Iteration 20 / LogL: -13055.708 / Time: 0h:0m:9s
Finish initializing candidate tree set (9)
Current best tree score: -13055.277 / CPU time: 8.890
Number of iterations: 20
--------------------------------------------------------------------
|               OPTIMIZING CANDIDATE TREE SET                      |
--------------------------------------------------------------------
UPDATE BEST LOG-LIKELIHOOD: -13055.273
Iteration 30 / LogL: -13055.273 / Time: 0h:0m:13s (0h:0m:32s left)
Iteration 40 / LogL: -13055.415 / Time: 0h:0m:15s (0h:0m:25s left)
UPDATE BEST LOG-LIKELIHOOD: -13055.269
Iteration 50 / LogL: -13055.842 / Time: 0h:0m:19s (0h:0m:20s left)
Iteration 60 / LogL: -13055.724 / Time: 0h:0m:21s (0h:0m:15s left)
Iteration 70 / LogL: -13055.892 / Time: 0h:0m:24s (0h:0m:11s left)
Iteration 80 / LogL: -13060.625 / Time: 0h:0m:27s (0h:0m:7s left)
Iteration 90 / LogL: -13055.517 / Time: 0h:0m:30s (0h:0m:4s left)
Iteration 100 / LogL: -13056.435 / Time: 0h:0m:34s (0h:0m:0s left)
TREE SEARCH COMPLETED AFTER 103 ITERATIONS / Time: 0h:0m:35s

--------------------------------------------------------------------
|                    FINALIZING TREE SEARCH                        |
--------------------------------------------------------------------
Performs final model parameters optimization
Estimate model parameters (epsilon = 0.010)
1. Initial log-likelihood: -13055.269
Optimal log-likelihood: -13055.256
Gamma shape alpha: 21.782
Parameters optimization took 1 rounds (0.050 sec)
BEST SCORE FOUND : -13055.256
Total tree length: 25.368

Total number of iterations: 103
CPU time used for tree search: 34.082 sec (0h:0m:34s)
Wall-clock time used for tree search: 34.226 sec (0h:0m:34s)
Total CPU time used: 34.829 sec (0h:0m:34s)
Total wall-clock time used: 35.063 sec (0h:0m:35s)

===> START BOOTSTRAP REPLICATE NUMBER 68

Creating bootstrap alignment (seed: 564668)...

Create initial parsimony tree by phylogenetic likelihood library (PLL)... 0.022 seconds

NOTE: 6 MB RAM (0 GB) is required!
Estimate model parameters (epsilon = 0.100)
1. Initial log-likelihood: -14384.626
2. Current log-likelihood: -13825.740
3. Current log-likelihood: -13795.129
4. Current log-likelihood: -13791.178
5. Current log-likelihood: -13790.741
Optimal log-likelihood: -13790.673
Gamma shape alpha: 15.498
Parameters optimization took 5 rounds (0.430 sec)
Computing ML distances based on estimated model parameters... 0.139 sec
WARNING: Some pairwise ML distances are too long (saturated)
Computing BIONJ tree...
0.013 seconds
Log-likelihood of BIONJ tree: -13775.820
--------------------------------------------------------------------
|             INITIALIZING CANDIDATE TREE SET                      |
--------------------------------------------------------------------
Generating 98 parsimony trees... 0.340 second
Computing log-likelihood of 98 initial trees ... 2.528 seconds
Current best score: -13769.878

Do NNI search on 20 best initial trees
Estimate model parameters (epsilon = 0.100)
BETTER TREE FOUND at iteration 1: -13748.219
Iteration 10 / LogL: -13749.130 / Time: 0h:0m:6s
Iteration 20 / LogL: -13749.143 / Time: 0h:0m:9s
Finish initializing candidate tree set (9)
Current best tree score: -13748.219 / CPU time: 8.789
Number of iterations: 20
--------------------------------------------------------------------
|               OPTIMIZING CANDIDATE TREE SET                      |
--------------------------------------------------------------------
Iteration 30 / LogL: -13748.671 / Time: 0h:0m:13s (0h:0m:32s left)
Iteration 40 / LogL: -13748.527 / Time: 0h:0m:16s (0h:0m:25s left)
Estimate model parameters (epsilon = 0.100)
UPDATE BEST LOG-LIKELIHOOD: -13748.075
Iteration 50 / LogL: -13749.406 / Time: 0h:0m:18s (0h:0m:19s left)
Iteration 60 / LogL: -13748.805 / Time: 0h:0m:21s (0h:0m:14s left)
Iteration 70 / LogL: -13749.693 / Time: 0h:0m:24s (0h:0m:10s left)
Iteration 80 / LogL: -13755.022 / Time: 0h:0m:26s (0h:0m:7s left)
Iteration 90 / LogL: -13749.596 / Time: 0h:0m:29s (0h:0m:3s left)
Iteration 100 / LogL: -13748.128 / Time: 0h:0m:33s (0h:0m:0s left)
TREE SEARCH COMPLETED AFTER 102 ITERATIONS / Time: 0h:0m:34s

--------------------------------------------------------------------
|                    FINALIZING TREE SEARCH                        |
--------------------------------------------------------------------
Performs final model parameters optimization
Estimate model parameters (epsilon = 0.010)
1. Initial log-likelihood: -13748.075
Optimal log-likelihood: -13748.062
Gamma shape alpha: 20.419
Parameters optimization took 1 rounds (0.040 sec)
BEST SCORE FOUND : -13748.062
Total tree length: 26.022

Total number of iterations: 102
CPU time used for tree search: 33.167 sec (0h:0m:33s)
Wall-clock time used for tree search: 33.372 sec (0h:0m:33s)
Total CPU time used: 33.926 sec (0h:0m:33s)
Total wall-clock time used: 34.239 sec (0h:0m:34s)

===> START BOOTSTRAP REPLICATE NUMBER 69

Creating bootstrap alignment (seed: 564669)...

Create initial parsimony tree by phylogenetic likelihood library (PLL)... 0.017 seconds

NOTE: 6 MB RAM (0 GB) is required!
Estimate model parameters (epsilon = 0.100)
1. Initial log-likelihood: -14740.510
2. Current log-likelihood: -14179.177
3. Current log-likelihood: -14159.157
4. Current log-likelihood: -14158.186
Optimal log-likelihood: -14158.099
Gamma shape alpha: 13.255
Parameters optimization took 4 rounds (0.361 sec)
Computing ML distances based on estimated model parameters... 0.122 sec
WARNING: Some pairwise ML distances are too long (saturated)
Computing BIONJ tree...
0.026 seconds
Log-likelihood of BIONJ tree: -14171.493
--------------------------------------------------------------------
|             INITIALIZING CANDIDATE TREE SET                      |
--------------------------------------------------------------------
Generating 98 parsimony trees... 0.312 second
Computing log-likelihood of 98 initial trees ... 2.625 seconds
Current best score: -14142.920

Do NNI search on 20 best initial trees
Estimate model parameters (epsilon = 0.100)
BETTER TREE FOUND at iteration 1: -14114.461
Iteration 10 / LogL: -14117.664 / Time: 0h:0m:6s
Iteration 20 / LogL: -14114.990 / Time: 0h:0m:8s
Finish initializing candidate tree set (5)
Current best tree score: -14114.461 / CPU time: 7.621
Number of iterations: 20
--------------------------------------------------------------------
|               OPTIMIZING CANDIDATE TREE SET                      |
--------------------------------------------------------------------
UPDATE BEST LOG-LIKELIHOOD: -14114.454
Iteration 30 / LogL: -14116.374 / Time: 0h:0m:11s (0h:0m:27s left)
Iteration 40 / LogL: -14139.681 / Time: 0h:0m:14s (0h:0m:22s left)
Iteration 50 / LogL: -14115.330 / Time: 0h:0m:16s (0h:0m:17s left)
Iteration 60 / LogL: -14115.727 / Time: 0h:0m:19s (0h:0m:13s left)
Iteration 70 / LogL: -14116.580 / Time: 0h:0m:22s (0h:0m:10s left)
Iteration 80 / LogL: -14115.807 / Time: 0h:0m:25s (0h:0m:6s left)
Iteration 90 / LogL: -14114.805 / Time: 0h:0m:28s (0h:0m:3s left)
Iteration 100 / LogL: -14115.854 / Time: 0h:0m:30s (0h:0m:0s left)
TREE SEARCH COMPLETED AFTER 102 ITERATIONS / Time: 0h:0m:31s

--------------------------------------------------------------------
|                    FINALIZING TREE SEARCH                        |
--------------------------------------------------------------------
Performs final model parameters optimization
Estimate model parameters (epsilon = 0.010)
1. Initial log-likelihood: -14114.454
2. Current log-likelihood: -14114.427
Optimal log-likelihood: -14114.425
Gamma shape alpha: 12.686
Parameters optimization took 2 rounds (0.109 sec)
BEST SCORE FOUND : -14114.425
Total tree length: 26.698

Total number of iterations: 102
CPU time used for tree search: 30.394 sec (0h:0m:30s)
Wall-clock time used for tree search: 30.601 sec (0h:0m:30s)
Total CPU time used: 31.176 sec (0h:0m:31s)
Total wall-clock time used: 31.483 sec (0h:0m:31s)

===> START BOOTSTRAP REPLICATE NUMBER 70

Creating bootstrap alignment (seed: 564670)...

Create initial parsimony tree by phylogenetic likelihood library (PLL)... 0.003 seconds

NOTE: 5 MB RAM (0 GB) is required!
Estimate model parameters (epsilon = 0.100)
1. Initial log-likelihood: -14939.895
2. Current log-likelihood: -14429.292
3. Current log-likelihood: -14395.500
4. Current log-likelihood: -14394.875
Optimal log-likelihood: -14394.806
Gamma shape alpha: 14.198
Parameters optimization took 4 rounds (0.317 sec)
Computing ML distances based on estimated model parameters... 0.122 sec
WARNING: Some pairwise ML distances are too long (saturated)
Computing BIONJ tree...
0.008 seconds
Log-likelihood of BIONJ tree: -14347.449
--------------------------------------------------------------------
|             INITIALIZING CANDIDATE TREE SET                      |
--------------------------------------------------------------------
Generating 98 parsimony trees... 0.300 second
Computing log-likelihood of 98 initial trees ... 2.270 seconds
Current best score: -14347.449

Do NNI search on 20 best initial trees
Estimate model parameters (epsilon = 0.100)
BETTER TREE FOUND at iteration 1: -14325.974
Estimate model parameters (epsilon = 0.100)
BETTER TREE FOUND at iteration 2: -14324.742
Iteration 10 / LogL: -14334.250 / Time: 0h:0m:6s
Iteration 20 / LogL: -14325.432 / Time: 0h:0m:9s
Finish initializing candidate tree set (13)
Current best tree score: -14324.742 / CPU time: 9.187
Number of iterations: 20
--------------------------------------------------------------------
|               OPTIMIZING CANDIDATE TREE SET                      |
--------------------------------------------------------------------
Estimate model parameters (epsilon = 0.100)
BETTER TREE FOUND at iteration 21: -14324.294
Iteration 30 / LogL: -14324.564 / Time: 0h:0m:12s (0h:0m:38s left)
Iteration 40 / LogL: -14324.589 / Time: 0h:0m:14s (0h:0m:30s left)
Iteration 50 / LogL: -14324.363 / Time: 0h:0m:17s (0h:0m:24s left)
Iteration 60 / LogL: -14325.290 / Time: 0h:0m:19s (0h:0m:20s left)
Iteration 70 / LogL: -14324.792 / Time: 0h:0m:21s (0h:0m:16s left)
Iteration 80 / LogL: -14324.795 / Time: 0h:0m:24s (0h:0m:12s left)
Iteration 90 / LogL: -14324.685 / Time: 0h:0m:26s (0h:0m:9s left)
Iteration 100 / LogL: -14324.511 / Time: 0h:0m:29s (0h:0m:6s left)
Iteration 110 / LogL: -14324.610 / Time: 0h:0m:31s (0h:0m:3s left)
Iteration 120 / LogL: -14324.479 / Time: 0h:0m:34s (0h:0m:0s left)
TREE SEARCH COMPLETED AFTER 122 ITERATIONS / Time: 0h:0m:35s

--------------------------------------------------------------------
|                    FINALIZING TREE SEARCH                        |
--------------------------------------------------------------------
Performs final model parameters optimization
Estimate model parameters (epsilon = 0.010)
1. Initial log-likelihood: -14324.294
Optimal log-likelihood: -14324.287
Gamma shape alpha: 15.961
Parameters optimization took 1 rounds (0.032 sec)
BEST SCORE FOUND : -14324.287
Total tree length: 26.635

Total number of iterations: 122
CPU time used for tree search: 34.333 sec (0h:0m:34s)
Wall-clock time used for tree search: 34.515 sec (0h:0m:34s)
Total CPU time used: 34.911 sec (0h:0m:34s)
Total wall-clock time used: 35.153 sec (0h:0m:35s)

===> START BOOTSTRAP REPLICATE NUMBER 71

Creating bootstrap alignment (seed: 564671)...

Create initial parsimony tree by phylogenetic likelihood library (PLL)... 0.021 seconds

NOTE: 5 MB RAM (0 GB) is required!
Estimate model parameters (epsilon = 0.100)
1. Initial log-likelihood: -13659.477
2. Current log-likelihood: -13105.619
3. Current log-likelihood: -13086.653
4. Current log-likelihood: -13084.305
5. Current log-likelihood: -13083.682
Optimal log-likelihood: -13083.621
Gamma shape alpha: 10.910
Parameters optimization took 5 rounds (0.404 sec)
Computing ML distances based on estimated model parameters... 0.118 sec
WARNING: Some pairwise ML distances are too long (saturated)
Computing BIONJ tree...
0.025 seconds
Log-likelihood of BIONJ tree: -13092.387
--------------------------------------------------------------------
|             INITIALIZING CANDIDATE TREE SET                      |
--------------------------------------------------------------------
Generating 98 parsimony trees... 0.300 second
Computing log-likelihood of 98 initial trees ... 2.303 seconds
Current best score: -13066.545

Do NNI search on 20 best initial trees
Estimate model parameters (epsilon = 0.100)
BETTER TREE FOUND at iteration 1: -13061.232
Estimate model parameters (epsilon = 0.100)
BETTER TREE FOUND at iteration 2: -13059.453
Estimate model parameters (epsilon = 0.100)
BETTER TREE FOUND at iteration 4: -13047.932
Iteration 10 / LogL: -13048.266 / Time: 0h:0m:6s
Iteration 20 / LogL: -13057.892 / Time: 0h:0m:8s
Finish initializing candidate tree set (8)
Current best tree score: -13047.932 / CPU time: 8.085
Number of iterations: 20
--------------------------------------------------------------------
|               OPTIMIZING CANDIDATE TREE SET                      |
--------------------------------------------------------------------
Iteration 30 / LogL: -13084.239 / Time: 0h:0m:12s (0h:0m:30s left)
Iteration 40 / LogL: -13048.429 / Time: 0h:0m:15s (0h:0m:25s left)
Iteration 50 / LogL: -13048.331 / Time: 0h:0m:19s (0h:0m:20s left)
Iteration 60 / LogL: -13048.093 / Time: 0h:0m:21s (0h:0m:16s left)
Iteration 70 / LogL: -13048.208 / Time: 0h:0m:24s (0h:0m:12s left)
Iteration 80 / LogL: -13050.126 / Time: 0h:0m:27s (0h:0m:8s left)
Iteration 90 / LogL: -13048.158 / Time: 0h:0m:30s (0h:0m:4s left)
Iteration 100 / LogL: -13048.061 / Time: 0h:0m:33s (0h:0m:1s left)
TREE SEARCH COMPLETED AFTER 105 ITERATIONS / Time: 0h:0m:34s

--------------------------------------------------------------------
|                    FINALIZING TREE SEARCH                        |
--------------------------------------------------------------------
Performs final model parameters optimization
Estimate model parameters (epsilon = 0.010)
1. Initial log-likelihood: -13047.932
Optimal log-likelihood: -13047.931
Gamma shape alpha: 16.898
Parameters optimization took 1 rounds (0.037 sec)
BEST SCORE FOUND : -13047.931
Total tree length: 25.197

Total number of iterations: 105
CPU time used for tree search: 33.631 sec (0h:0m:33s)
Wall-clock time used for tree search: 33.908 sec (0h:0m:33s)
Total CPU time used: 34.331 sec (0h:0m:34s)
Total wall-clock time used: 34.708 sec (0h:0m:34s)

===> START BOOTSTRAP REPLICATE NUMBER 72

Creating bootstrap alignment (seed: 564672)...

Create initial parsimony tree by phylogenetic likelihood library (PLL)... 0.003 seconds

NOTE: 5 MB RAM (0 GB) is required!
Estimate model parameters (epsilon = 0.100)
1. Initial log-likelihood: -14069.236
2. Current log-likelihood: -13520.770
3. Current log-likelihood: -13487.807
4. Current log-likelihood: -13485.864
Optimal log-likelihood: -13485.760
Gamma shape alpha: 21.918
Parameters optimization took 4 rounds (0.305 sec)
Computing ML distances based on estimated model parameters... 0.107 sec
WARNING: Some pairwise ML distances are too long (saturated)
Computing BIONJ tree...
0.008 seconds
Log-likelihood of BIONJ tree: -13430.279
--------------------------------------------------------------------
|             INITIALIZING CANDIDATE TREE SET                      |
--------------------------------------------------------------------
Generating 98 parsimony trees... 0.296 second
Computing log-likelihood of 98 initial trees ... 2.344 seconds
Current best score: -13430.279

Do NNI search on 20 best initial trees
Estimate model parameters (epsilon = 0.100)
BETTER TREE FOUND at iteration 1: -13412.333
Estimate model parameters (epsilon = 0.100)
BETTER TREE FOUND at iteration 2: -13411.358
Estimate model parameters (epsilon = 0.100)
BETTER TREE FOUND at iteration 3: -13410.379
Estimate model parameters (epsilon = 0.100)
BETTER TREE FOUND at iteration 6: -13409.287
Iteration 10 / LogL: -13411.380 / Time: 0h:0m:6s
Iteration 20 / LogL: -13411.197 / Time: 0h:0m:8s
Finish initializing candidate tree set (10)
Current best tree score: -13409.287 / CPU time: 7.873
Number of iterations: 20
--------------------------------------------------------------------
|               OPTIMIZING CANDIDATE TREE SET                      |
--------------------------------------------------------------------
Iteration 30 / LogL: -13409.643 / Time: 0h:0m:11s (0h:0m:29s left)
Iteration 40 / LogL: -13411.937 / Time: 0h:0m:13s (0h:0m:23s left)
Iteration 50 / LogL: -13409.636 / Time: 0h:0m:16s (0h:0m:19s left)
Iteration 60 / LogL: -13410.167 / Time: 0h:0m:19s (0h:0m:14s left)
Iteration 70 / LogL: -13409.492 / Time: 0h:0m:21s (0h:0m:11s left)
Iteration 80 / LogL: -13410.430 / Time: 0h:0m:24s (0h:0m:8s left)
Iteration 90 / LogL: -13409.940 / Time: 0h:0m:26s (0h:0m:4s left)
Iteration 100 / LogL: -13415.944 / Time: 0h:0m:29s (0h:0m:1s left)
TREE SEARCH COMPLETED AFTER 107 ITERATIONS / Time: 0h:0m:30s

--------------------------------------------------------------------
|                    FINALIZING TREE SEARCH                        |
--------------------------------------------------------------------
Performs final model parameters optimization
Estimate model parameters (epsilon = 0.010)
1. Initial log-likelihood: -13409.287
Optimal log-likelihood: -13409.280
Gamma shape alpha: 35.621
Parameters optimization took 1 rounds (0.072 sec)
BEST SCORE FOUND : -13409.280
Total tree length: 24.455

Total number of iterations: 107
CPU time used for tree search: 30.193 sec (0h:0m:30s)
Wall-clock time used for tree search: 30.337 sec (0h:0m:30s)
Total CPU time used: 30.860 sec (0h:0m:30s)
Total wall-clock time used: 31.061 sec (0h:0m:31s)

===> START BOOTSTRAP REPLICATE NUMBER 73

Creating bootstrap alignment (seed: 564673)...

Create initial parsimony tree by phylogenetic likelihood library (PLL)... 0.003 seconds

NOTE: 6 MB RAM (0 GB) is required!
Estimate model parameters (epsilon = 0.100)
1. Initial log-likelihood: -14376.953
2. Current log-likelihood: -13781.620
3. Current log-likelihood: -13754.059
4. Current log-likelihood: -13753.036
Optimal log-likelihood: -13752.976
Gamma shape alpha: 17.501
Parameters optimization took 4 rounds (0.442 sec)
Computing ML distances based on estimated model parameters... 0.145 sec
WARNING: Some pairwise ML distances are too long (saturated)
Computing BIONJ tree...
0.011 seconds
Log-likelihood of BIONJ tree: -13743.717
--------------------------------------------------------------------
|             INITIALIZING CANDIDATE TREE SET                      |
--------------------------------------------------------------------
Generating 98 parsimony trees... 0.331 second
Computing log-likelihood of 98 initial trees ... 2.801 seconds
Current best score: -13736.476

Do NNI search on 20 best initial trees
Estimate model parameters (epsilon = 0.100)
BETTER TREE FOUND at iteration 1: -13711.026
Estimate model parameters (epsilon = 0.100)
BETTER TREE FOUND at iteration 3: -13710.279
Iteration 10 / LogL: -13710.292 / Time: 0h:0m:8s
Estimate model parameters (epsilon = 0.100)
BETTER TREE FOUND at iteration 12: -13709.749
Iteration 20 / LogL: -13709.796 / Time: 0h:0m:11s
Finish initializing candidate tree set (5)
Current best tree score: -13709.749 / CPU time: 10.746
Number of iterations: 20
--------------------------------------------------------------------
|               OPTIMIZING CANDIDATE TREE SET                      |
--------------------------------------------------------------------
Iteration 30 / LogL: -13710.113 / Time: 0h:0m:14s (0h:0m:41s left)
Iteration 40 / LogL: -13712.238 / Time: 0h:0m:17s (0h:0m:32s left)
Iteration 50 / LogL: -13709.853 / Time: 0h:0m:21s (0h:0m:26s left)
Iteration 60 / LogL: -13709.925 / Time: 0h:0m:24s (0h:0m:21s left)
Iteration 70 / LogL: -13712.399 / Time: 0h:0m:27s (0h:0m:17s left)
Iteration 80 / LogL: -13709.816 / Time: 0h:0m:31s (0h:0m:12s left)
Iteration 90 / LogL: -13713.043 / Time: 0h:0m:34s (0h:0m:8s left)
Iteration 100 / LogL: -13710.132 / Time: 0h:0m:38s (0h:0m:4s left)
Iteration 110 / LogL: -13709.790 / Time: 0h:0m:41s (0h:0m:0s left)
TREE SEARCH COMPLETED AFTER 113 ITERATIONS / Time: 0h:0m:42s

--------------------------------------------------------------------
|                    FINALIZING TREE SEARCH                        |
--------------------------------------------------------------------
Performs final model parameters optimization
Estimate model parameters (epsilon = 0.010)
1. Initial log-likelihood: -13709.749
Optimal log-likelihood: -13709.744
Gamma shape alpha: 24.233
Parameters optimization took 1 rounds (0.039 sec)
BEST SCORE FOUND : -13709.744
Total tree length: 25.914

Total number of iterations: 113
CPU time used for tree search: 41.053 sec (0h:0m:41s)
Wall-clock time used for tree search: 41.268 sec (0h:0m:41s)
Total CPU time used: 41.988 sec (0h:0m:41s)
Total wall-clock time used: 42.269 sec (0h:0m:42s)

===> START BOOTSTRAP REPLICATE NUMBER 74

Creating bootstrap alignment (seed: 564674)...

Create initial parsimony tree by phylogenetic likelihood library (PLL)... 0.003 seconds

NOTE: 5 MB RAM (0 GB) is required!
Estimate model parameters (epsilon = 0.100)
1. Initial log-likelihood: -13739.780
2. Current log-likelihood: -13138.150
3. Current log-likelihood: -13115.620
4. Current log-likelihood: -13113.349
5. Current log-likelihood: -13113.126
Optimal log-likelihood: -13113.098
Gamma shape alpha: 24.370
Parameters optimization took 5 rounds (0.389 sec)
Computing ML distances based on estimated model parameters... 0.104 sec
WARNING: Some pairwise ML distances are too long (saturated)
Computing BIONJ tree...
0.028 seconds
Log-likelihood of BIONJ tree: -13103.616
--------------------------------------------------------------------
|             INITIALIZING CANDIDATE TREE SET                      |
--------------------------------------------------------------------
Generating 98 parsimony trees... 0.305 second
Computing log-likelihood of 98 initial trees ... 2.313 seconds
Current best score: -13080.825

Do NNI search on 20 best initial trees
Estimate model parameters (epsilon = 0.100)
BETTER TREE FOUND at iteration 1: -13059.220
Iteration 10 / LogL: -13059.352 / Time: 0h:0m:5s
Iteration 20 / LogL: -13060.814 / Time: 0h:0m:8s
Finish initializing candidate tree set (4)
Current best tree score: -13059.220 / CPU time: 8.145
Number of iterations: 20
--------------------------------------------------------------------
|               OPTIMIZING CANDIDATE TREE SET                      |
--------------------------------------------------------------------
Iteration 30 / LogL: -13062.212 / Time: 0h:0m:11s (0h:0m:27s left)
Iteration 40 / LogL: -13061.955 / Time: 0h:0m:14s (0h:0m:21s left)
Iteration 50 / LogL: -13059.916 / Time: 0h:0m:16s (0h:0m:17s left)
Iteration 60 / LogL: -13059.385 / Time: 0h:0m:19s (0h:0m:13s left)
Iteration 70 / LogL: -13059.853 / Time: 0h:0m:21s (0h:0m:9s left)
Iteration 80 / LogL: -13059.486 / Time: 0h:0m:24s (0h:0m:6s left)
Iteration 90 / LogL: -13059.860 / Time: 0h:0m:27s (0h:0m:3s left)
Iteration 100 / LogL: -13063.513 / Time: 0h:0m:29s (0h:0m:0s left)
TREE SEARCH COMPLETED AFTER 102 ITERATIONS / Time: 0h:0m:30s

--------------------------------------------------------------------
|                    FINALIZING TREE SEARCH                        |
--------------------------------------------------------------------
Performs final model parameters optimization
Estimate model parameters (epsilon = 0.010)
1. Initial log-likelihood: -13059.220
Optimal log-likelihood: -13059.218
Gamma shape alpha: 39.522
Parameters optimization took 1 rounds (0.051 sec)
BEST SCORE FOUND : -13059.218
Total tree length: 23.754

Total number of iterations: 102
CPU time used for tree search: 29.418 sec (0h:0m:29s)
Wall-clock time used for tree search: 29.532 sec (0h:0m:29s)
Total CPU time used: 30.047 sec (0h:0m:30s)
Total wall-clock time used: 30.233 sec (0h:0m:30s)

===> START BOOTSTRAP REPLICATE NUMBER 75

Creating bootstrap alignment (seed: 564675)...

Create initial parsimony tree by phylogenetic likelihood library (PLL)... 0.003 seconds

NOTE: 5 MB RAM (0 GB) is required!
Estimate model parameters (epsilon = 0.100)
1. Initial log-likelihood: -14311.579
2. Current log-likelihood: -13819.126
3. Current log-likelihood: -13778.827
4. Current log-likelihood: -13776.990
5. Current log-likelihood: -13776.830
Optimal log-likelihood: -13776.810
Gamma shape alpha: 15.959
Parameters optimization took 5 rounds (0.344 sec)
Computing ML distances based on estimated model parameters... 0.128 sec
WARNING: Some pairwise ML distances are too long (saturated)
Computing BIONJ tree...
0.027 seconds
Log-likelihood of BIONJ tree: -13744.531
--------------------------------------------------------------------
|             INITIALIZING CANDIDATE TREE SET                      |
--------------------------------------------------------------------
Generating 98 parsimony trees... 0.289 second
Computing log-likelihood of 98 initial trees ... 2.292 seconds
Current best score: -13744.531

Do NNI search on 20 best initial trees
Estimate model parameters (epsilon = 0.100)
BETTER TREE FOUND at iteration 1: -13732.178
Estimate model parameters (epsilon = 0.100)
BETTER TREE FOUND at iteration 2: -13727.901
Iteration 10 / LogL: -13739.273 / Time: 0h:0m:6s
Estimate model parameters (epsilon = 0.100)
BETTER TREE FOUND at iteration 13: -13727.831
Iteration 20 / LogL: -13739.304 / Time: 0h:0m:9s
Finish initializing candidate tree set (9)
Current best tree score: -13727.831 / CPU time: 8.733
Number of iterations: 20
--------------------------------------------------------------------
|               OPTIMIZING CANDIDATE TREE SET                      |
--------------------------------------------------------------------
Iteration 30 / LogL: -13727.835 / Time: 0h:0m:12s (0h:0m:36s left)
Iteration 40 / LogL: -13727.992 / Time: 0h:0m:15s (0h:0m:28s left)
Iteration 50 / LogL: -13728.108 / Time: 0h:0m:18s (0h:0m:23s left)
Iteration 60 / LogL: -13727.852 / Time: 0h:0m:20s (0h:0m:18s left)
Iteration 70 / LogL: -13727.902 / Time: 0h:0m:24s (0h:0m:15s left)
Iteration 80 / LogL: -13728.163 / Time: 0h:0m:26s (0h:0m:11s left)
Iteration 90 / LogL: -13728.290 / Time: 0h:0m:29s (0h:0m:7s left)
Iteration 100 / LogL: -13727.885 / Time: 0h:0m:32s (0h:0m:4s left)
Iteration 110 / LogL: -13727.864 / Time: 0h:0m:35s (0h:0m:0s left)
TREE SEARCH COMPLETED AFTER 114 ITERATIONS / Time: 0h:0m:36s

--------------------------------------------------------------------
|                    FINALIZING TREE SEARCH                        |
--------------------------------------------------------------------
Performs final model parameters optimization
Estimate model parameters (epsilon = 0.010)
1. Initial log-likelihood: -13727.831
Optimal log-likelihood: -13727.825
Gamma shape alpha: 18.437
Parameters optimization took 1 rounds (0.037 sec)
BEST SCORE FOUND : -13727.825
Total tree length: 24.993

Total number of iterations: 114
CPU time used for tree search: 35.357 sec (0h:0m:35s)
Wall-clock time used for tree search: 35.589 sec (0h:0m:35s)
Total CPU time used: 36.000 sec (0h:0m:36s)
Total wall-clock time used: 36.329 sec (0h:0m:36s)

===> START BOOTSTRAP REPLICATE NUMBER 76

Creating bootstrap alignment (seed: 564676)...

Create initial parsimony tree by phylogenetic likelihood library (PLL)... 0.004 seconds

NOTE: 5 MB RAM (0 GB) is required!
Estimate model parameters (epsilon = 0.100)
1. Initial log-likelihood: -14140.732
2. Current log-likelihood: -13578.115
3. Current log-likelihood: -13549.691
4. Current log-likelihood: -13548.452
5. Current log-likelihood: -13548.343
Optimal log-likelihood: -13548.322
Gamma shape alpha: 54.455
Parameters optimization took 5 rounds (0.371 sec)
Computing ML distances based on estimated model parameters... 0.103 sec
WARNING: Some pairwise ML distances are too long (saturated)
Computing BIONJ tree...
0.009 seconds
Log-likelihood of BIONJ tree: -13536.476
--------------------------------------------------------------------
|             INITIALIZING CANDIDATE TREE SET                      |
--------------------------------------------------------------------
Generating 98 parsimony trees... 0.292 second
Computing log-likelihood of 98 initial trees ... 2.316 seconds
Current best score: -13530.889

Do NNI search on 20 best initial trees
Estimate model parameters (epsilon = 0.100)
BETTER TREE FOUND at iteration 1: -13511.253
Iteration 10 / LogL: -13515.405 / Time: 0h:0m:5s
Iteration 20 / LogL: -13514.866 / Time: 0h:0m:8s
Finish initializing candidate tree set (8)
Current best tree score: -13511.253 / CPU time: 8.093
Number of iterations: 20
--------------------------------------------------------------------
|               OPTIMIZING CANDIDATE TREE SET                      |
--------------------------------------------------------------------
Iteration 30 / LogL: -13519.639 / Time: 0h:0m:11s (0h:0m:28s left)
Iteration 40 / LogL: -13511.942 / Time: 0h:0m:14s (0h:0m:22s left)
Iteration 50 / LogL: -13512.645 / Time: 0h:0m:17s (0h:0m:18s left)
Iteration 60 / LogL: -13511.312 / Time: 0h:0m:20s (0h:0m:14s left)
Iteration 70 / LogL: -13512.078 / Time: 0h:0m:23s (0h:0m:10s left)
Iteration 80 / LogL: -13511.254 / Time: 0h:0m:27s (0h:0m:7s left)
Iteration 90 / LogL: -13512.125 / Time: 0h:0m:29s (0h:0m:3s left)
Iteration 100 / LogL: -13511.440 / Time: 0h:0m:33s (0h:0m:0s left)
TREE SEARCH COMPLETED AFTER 102 ITERATIONS / Time: 0h:0m:33s

--------------------------------------------------------------------
|                    FINALIZING TREE SEARCH                        |
--------------------------------------------------------------------
Performs final model parameters optimization
Estimate model parameters (epsilon = 0.010)
1. Initial log-likelihood: -13511.253
Optimal log-likelihood: -13511.246
Gamma shape alpha: 46.132
Parameters optimization took 1 rounds (0.096 sec)
BEST SCORE FOUND : -13511.246
Total tree length: 23.642

Total number of iterations: 102
CPU time used for tree search: 33.009 sec (0h:0m:33s)
Wall-clock time used for tree search: 33.149 sec (0h:0m:33s)
Total CPU time used: 33.684 sec (0h:0m:33s)
Total wall-clock time used: 33.915 sec (0h:0m:33s)

===> START BOOTSTRAP REPLICATE NUMBER 77

Creating bootstrap alignment (seed: 564677)...

Create initial parsimony tree by phylogenetic likelihood library (PLL)... 0.003 seconds

NOTE: 5 MB RAM (0 GB) is required!
Estimate model parameters (epsilon = 0.100)
1. Initial log-likelihood: -13850.589
2. Current log-likelihood: -13300.407
3. Current log-likelihood: -13284.055
4. Current log-likelihood: -13282.091
5. Current log-likelihood: -13281.737
Optimal log-likelihood: -13281.688
Gamma shape alpha: 7.514
Parameters optimization took 5 rounds (0.360 sec)
Computing ML distances based on estimated model parameters... 0.125 sec
WARNING: Some pairwise ML distances are too long (saturated)
Computing BIONJ tree...
0.023 seconds
Log-likelihood of BIONJ tree: -13254.209
--------------------------------------------------------------------
|             INITIALIZING CANDIDATE TREE SET                      |
--------------------------------------------------------------------
Generating 98 parsimony trees... 0.322 second
Computing log-likelihood of 98 initial trees ... 2.387 seconds
Current best score: -13254.209

Do NNI search on 20 best initial trees
Estimate model parameters (epsilon = 0.100)
BETTER TREE FOUND at iteration 1: -13229.983
Estimate model parameters (epsilon = 0.100)
BETTER TREE FOUND at iteration 2: -13225.537
Estimate model parameters (epsilon = 0.100)
BETTER TREE FOUND at iteration 3: -13224.900
Estimate model parameters (epsilon = 0.100)
BETTER TREE FOUND at iteration 4: -13224.887
Iteration 10 / LogL: -13229.289 / Time: 0h:0m:7s
Iteration 20 / LogL: -13225.802 / Time: 0h:0m:10s
Finish initializing candidate tree set (9)
Current best tree score: -13224.887 / CPU time: 9.800
Number of iterations: 20
--------------------------------------------------------------------
|               OPTIMIZING CANDIDATE TREE SET                      |
--------------------------------------------------------------------
Iteration 30 / LogL: -13233.152 / Time: 0h:0m:13s (0h:0m:35s left)
Iteration 40 / LogL: -13224.921 / Time: 0h:0m:17s (0h:0m:28s left)
Iteration 50 / LogL: -13226.871 / Time: 0h:0m:20s (0h:0m:22s left)
Iteration 60 / LogL: -13225.204 / Time: 0h:0m:24s (0h:0m:17s left)
Iteration 70 / LogL: -13228.885 / Time: 0h:0m:27s (0h:0m:13s left)
Iteration 80 / LogL: -13225.662 / Time: 0h:0m:31s (0h:0m:9s left)
Iteration 90 / LogL: -13224.911 / Time: 0h:0m:34s (0h:0m:5s left)
Iteration 100 / LogL: -13229.659 / Time: 0h:0m:37s (0h:0m:1s left)
TREE SEARCH COMPLETED AFTER 105 ITERATIONS / Time: 0h:0m:39s

--------------------------------------------------------------------
|                    FINALIZING TREE SEARCH                        |
--------------------------------------------------------------------
Performs final model parameters optimization
Estimate model parameters (epsilon = 0.010)
1. Initial log-likelihood: -13224.887
Optimal log-likelihood: -13224.887
Gamma shape alpha: 9.278
Parameters optimization took 1 rounds (0.039 sec)
BEST SCORE FOUND : -13224.887
Total tree length: 24.962

Total number of iterations: 105
CPU time used for tree search: 38.461 sec (0h:0m:38s)
Wall-clock time used for tree search: 38.666 sec (0h:0m:38s)
Total CPU time used: 39.156 sec (0h:0m:39s)
Total wall-clock time used: 39.402 sec (0h:0m:39s)

===> START BOOTSTRAP REPLICATE NUMBER 78

Creating bootstrap alignment (seed: 564678)...

Create initial parsimony tree by phylogenetic likelihood library (PLL)... 0.003 seconds

NOTE: 5 MB RAM (0 GB) is required!
Estimate model parameters (epsilon = 0.100)
1. Initial log-likelihood: -13876.311
2. Current log-likelihood: -13297.968
3. Current log-likelihood: -13270.701
4. Current log-likelihood: -13268.404
5. Current log-likelihood: -13268.216
Optimal log-likelihood: -13268.189
Gamma shape alpha: 17.235
Parameters optimization took 5 rounds (0.438 sec)
Computing ML distances based on estimated model parameters... 0.105 sec
WARNING: Some pairwise ML distances are too long (saturated)
Computing BIONJ tree...
0.024 seconds
Log-likelihood of BIONJ tree: -13223.313
--------------------------------------------------------------------
|             INITIALIZING CANDIDATE TREE SET                      |
--------------------------------------------------------------------
Generating 98 parsimony trees... 0.296 second
Computing log-likelihood of 98 initial trees ... 2.413 seconds
Current best score: -13223.313

Do NNI search on 20 best initial trees
Estimate model parameters (epsilon = 0.100)
BETTER TREE FOUND at iteration 1: -13199.110
Estimate model parameters (epsilon = 0.100)
BETTER TREE FOUND at iteration 2: -13198.689
Iteration 10 / LogL: -13199.835 / Time: 0h:0m:6s
Iteration 20 / LogL: -13199.395 / Time: 0h:0m:9s
Finish initializing candidate tree set (4)
Current best tree score: -13198.689 / CPU time: 8.541
Number of iterations: 20
--------------------------------------------------------------------
|               OPTIMIZING CANDIDATE TREE SET                      |
--------------------------------------------------------------------
Iteration 30 / LogL: -13199.873 / Time: 0h:0m:11s (0h:0m:29s left)
Iteration 40 / LogL: -13199.064 / Time: 0h:0m:14s (0h:0m:22s left)
Iteration 50 / LogL: -13198.912 / Time: 0h:0m:16s (0h:0m:17s left)
Iteration 60 / LogL: -13202.121 / Time: 0h:0m:19s (0h:0m:13s left)
Iteration 70 / LogL: -13199.020 / Time: 0h:0m:22s (0h:0m:10s left)
Iteration 80 / LogL: -13199.435 / Time: 0h:0m:24s (0h:0m:6s left)
Iteration 90 / LogL: -13199.760 / Time: 0h:0m:27s (0h:0m:3s left)
Iteration 100 / LogL: -13200.589 / Time: 0h:0m:30s (0h:0m:0s left)
TREE SEARCH COMPLETED AFTER 103 ITERATIONS / Time: 0h:0m:30s

--------------------------------------------------------------------
|                    FINALIZING TREE SEARCH                        |
--------------------------------------------------------------------
Performs final model parameters optimization
Estimate model parameters (epsilon = 0.010)
1. Initial log-likelihood: -13198.689
Optimal log-likelihood: -13198.684
Gamma shape alpha: 21.793
Parameters optimization took 1 rounds (0.043 sec)
BEST SCORE FOUND : -13198.684
Total tree length: 25.066

Total number of iterations: 103
CPU time used for tree search: 29.970 sec (0h:0m:29s)
Wall-clock time used for tree search: 30.144 sec (0h:0m:30s)
Total CPU time used: 30.659 sec (0h:0m:30s)
Total wall-clock time used: 30.937 sec (0h:0m:30s)

===> START BOOTSTRAP REPLICATE NUMBER 79

Creating bootstrap alignment (seed: 564679)...

Create initial parsimony tree by phylogenetic likelihood library (PLL)... 0.018 seconds

NOTE: 5 MB RAM (0 GB) is required!
Estimate model parameters (epsilon = 0.100)
1. Initial log-likelihood: -13997.234
2. Current log-likelihood: -13482.564
3. Current log-likelihood: -13457.123
4. Current log-likelihood: -13455.062
5. Current log-likelihood: -13454.887
Optimal log-likelihood: -13454.868
Gamma shape alpha: 9.908
Parameters optimization took 5 rounds (0.386 sec)
Computing ML distances based on estimated model parameters... 0.117 sec
WARNING: Some pairwise ML distances are too long (saturated)
Computing BIONJ tree...
0.007 seconds
Log-likelihood of BIONJ tree: -13413.291
--------------------------------------------------------------------
|             INITIALIZING CANDIDATE TREE SET                      |
--------------------------------------------------------------------
Generating 98 parsimony trees... 0.290 second
Computing log-likelihood of 98 initial trees ... 2.383 seconds
Current best score: -13404.679

Do NNI search on 20 best initial trees
Estimate model parameters (epsilon = 0.100)
BETTER TREE FOUND at iteration 1: -13381.035
Iteration 10 / LogL: -13387.119 / Time: 0h:0m:6s
Estimate model parameters (epsilon = 0.100)
BETTER TREE FOUND at iteration 17: -13380.865
Iteration 20 / LogL: -13386.217 / Time: 0h:0m:9s
Finish initializing candidate tree set (14)
Current best tree score: -13380.865 / CPU time: 8.409
Number of iterations: 20
--------------------------------------------------------------------
|               OPTIMIZING CANDIDATE TREE SET                      |
--------------------------------------------------------------------
Iteration 30 / LogL: -13381.042 / Time: 0h:0m:11s (0h:0m:35s left)
UPDATE BEST LOG-LIKELIHOOD: -13380.861
Iteration 40 / LogL: -13382.529 / Time: 0h:0m:15s (0h:0m:29s left)
UPDATE BEST LOG-LIKELIHOOD: -13380.861
Iteration 50 / LogL: -13381.038 / Time: 0h:0m:18s (0h:0m:24s left)
Iteration 60 / LogL: -13392.322 / Time: 0h:0m:21s (0h:0m:20s left)
Iteration 70 / LogL: -13381.817 / Time: 0h:0m:25s (0h:0m:17s left)
Iteration 80 / LogL: -13382.230 / Time: 0h:0m:28s (0h:0m:13s left)
Iteration 90 / LogL: -13407.207 / Time: 0h:0m:31s (0h:0m:9s left)
Iteration 100 / LogL: -13405.927 / Time: 0h:0m:35s (0h:0m:6s left)
Iteration 110 / LogL: -13380.864 / Time: 0h:0m:39s (0h:0m:2s left)
TREE SEARCH COMPLETED AFTER 118 ITERATIONS / Time: 0h:0m:41s

--------------------------------------------------------------------
|                    FINALIZING TREE SEARCH                        |
--------------------------------------------------------------------
Performs final model parameters optimization
Estimate model parameters (epsilon = 0.010)
1. Initial log-likelihood: -13380.861
Optimal log-likelihood: -13380.857
Gamma shape alpha: 9.172
Parameters optimization took 1 rounds (0.044 sec)
BEST SCORE FOUND : -13380.857
Total tree length: 26.971

Total number of iterations: 118
CPU time used for tree search: 40.979 sec (0h:0m:40s)
Wall-clock time used for tree search: 41.215 sec (0h:0m:41s)
Total CPU time used: 41.681 sec (0h:0m:41s)
Total wall-clock time used: 41.968 sec (0h:0m:41s)

===> START BOOTSTRAP REPLICATE NUMBER 80

Creating bootstrap alignment (seed: 564680)...

Create initial parsimony tree by phylogenetic likelihood library (PLL)... 0.003 seconds

NOTE: 5 MB RAM (0 GB) is required!
Estimate model parameters (epsilon = 0.100)
1. Initial log-likelihood: -14318.065
2. Current log-likelihood: -13773.579
3. Current log-likelihood: -13745.597
4. Current log-likelihood: -13744.672
5. Current log-likelihood: -13744.522
Optimal log-likelihood: -13744.493
Gamma shape alpha: 18.049
Parameters optimization took 5 rounds (0.397 sec)
Computing ML distances based on estimated model parameters... 0.119 sec
WARNING: Some pairwise ML distances are too long (saturated)
Computing BIONJ tree...
0.009 seconds
Log-likelihood of BIONJ tree: -13726.682
--------------------------------------------------------------------
|             INITIALIZING CANDIDATE TREE SET                      |
--------------------------------------------------------------------
Generating 98 parsimony trees... 0.306 second
Computing log-likelihood of 98 initial trees ... 2.310 seconds
Current best score: -13726.682

Do NNI search on 20 best initial trees
Estimate model parameters (epsilon = 0.100)
BETTER TREE FOUND at iteration 1: -13704.416
Iteration 10 / LogL: -13706.715 / Time: 0h:0m:5s
Iteration 20 / LogL: -13705.755 / Time: 0h:0m:7s
Finish initializing candidate tree set (7)
Current best tree score: -13704.416 / CPU time: 6.548
Number of iterations: 20
--------------------------------------------------------------------
|               OPTIMIZING CANDIDATE TREE SET                      |
--------------------------------------------------------------------
Iteration 30 / LogL: -13709.168 / Time: 0h:0m:8s (0h:0m:21s left)
Iteration 40 / LogL: -13708.631 / Time: 0h:0m:11s (0h:0m:17s left)
Iteration 50 / LogL: -13709.546 / Time: 0h:0m:13s (0h:0m:13s left)
Iteration 60 / LogL: -13705.167 / Time: 0h:0m:15s (0h:0m:11s left)
Iteration 70 / LogL: -13706.553 / Time: 0h:0m:18s (0h:0m:8s left)
Iteration 80 / LogL: -13705.110 / Time: 0h:0m:21s (0h:0m:5s left)
Iteration 90 / LogL: -13713.700 / Time: 0h:0m:23s (0h:0m:2s left)
Iteration 100 / LogL: -13705.696 / Time: 0h:0m:25s (0h:0m:0s left)
TREE SEARCH COMPLETED AFTER 102 ITERATIONS / Time: 0h:0m:26s

--------------------------------------------------------------------
|                    FINALIZING TREE SEARCH                        |
--------------------------------------------------------------------
Performs final model parameters optimization
Estimate model parameters (epsilon = 0.010)
1. Initial log-likelihood: -13704.416
2. Current log-likelihood: -13704.398
Optimal log-likelihood: -13704.392
Gamma shape alpha: 21.910
Parameters optimization took 2 rounds (0.095 sec)
BEST SCORE FOUND : -13704.392
Total tree length: 26.482

Total number of iterations: 102
CPU time used for tree search: 25.657 sec (0h:0m:25s)
Wall-clock time used for tree search: 25.760 sec (0h:0m:25s)
Total CPU time used: 26.352 sec (0h:0m:26s)
Total wall-clock time used: 26.507 sec (0h:0m:26s)

===> START BOOTSTRAP REPLICATE NUMBER 81

Creating bootstrap alignment (seed: 564681)...

Create initial parsimony tree by phylogenetic likelihood library (PLL)... 0.002 seconds

NOTE: 5 MB RAM (0 GB) is required!
Estimate model parameters (epsilon = 0.100)
1. Initial log-likelihood: -14309.593
2. Current log-likelihood: -13759.981
3. Current log-likelihood: -13735.274
4. Current log-likelihood: -13734.710
Optimal log-likelihood: -13734.671
Gamma shape alpha: 36.054
Parameters optimization took 4 rounds (0.324 sec)
Computing ML distances based on estimated model parameters... 0.112 sec
WARNING: Some pairwise ML distances are too long (saturated)
Computing BIONJ tree...
0.030 seconds
Log-likelihood of BIONJ tree: -13646.541
--------------------------------------------------------------------
|             INITIALIZING CANDIDATE TREE SET                      |
--------------------------------------------------------------------
Generating 98 parsimony trees... 0.340 second
Computing log-likelihood of 98 initial trees ... 2.279 seconds
Current best score: -13641.135

Do NNI search on 20 best initial trees
Estimate model parameters (epsilon = 0.100)
BETTER TREE FOUND at iteration 1: -13615.520
Iteration 10 / LogL: -13615.597 / Time: 0h:0m:6s
Estimate model parameters (epsilon = 0.100)
BETTER TREE FOUND at iteration 17: -13614.531
Iteration 20 / LogL: -13634.049 / Time: 0h:0m:9s
Finish initializing candidate tree set (13)
Current best tree score: -13614.531 / CPU time: 8.688
Number of iterations: 20
--------------------------------------------------------------------
|               OPTIMIZING CANDIDATE TREE SET                      |
--------------------------------------------------------------------
Iteration 30 / LogL: -13621.954 / Time: 0h:0m:12s (0h:0m:36s left)
Iteration 40 / LogL: -13614.542 / Time: 0h:0m:15s (0h:0m:31s left)
Iteration 50 / LogL: -13615.750 / Time: 0h:0m:19s (0h:0m:26s left)
Iteration 60 / LogL: -13615.032 / Time: 0h:0m:22s (0h:0m:21s left)
Iteration 70 / LogL: -13616.040 / Time: 0h:0m:26s (0h:0m:17s left)
Iteration 80 / LogL: -13614.542 / Time: 0h:0m:29s (0h:0m:13s left)
Iteration 90 / LogL: -13614.542 / Time: 0h:0m:33s (0h:0m:10s left)
Iteration 100 / LogL: -13614.617 / Time: 0h:0m:37s (0h:0m:6s left)
Iteration 110 / LogL: -13614.542 / Time: 0h:0m:40s (0h:0m:2s left)
TREE SEARCH COMPLETED AFTER 118 ITERATIONS / Time: 0h:0m:43s

--------------------------------------------------------------------
|                    FINALIZING TREE SEARCH                        |
--------------------------------------------------------------------
Performs final model parameters optimization
Estimate model parameters (epsilon = 0.010)
1. Initial log-likelihood: -13614.531
Optimal log-likelihood: -13614.526
Gamma shape alpha: 42.808
Parameters optimization took 1 rounds (0.046 sec)
BEST SCORE FOUND : -13614.526
Total tree length: 24.227

Total number of iterations: 118
CPU time used for tree search: 42.455 sec (0h:0m:42s)
Wall-clock time used for tree search: 42.681 sec (0h:0m:42s)
Total CPU time used: 43.144 sec (0h:0m:43s)
Total wall-clock time used: 43.464 sec (0h:0m:43s)

===> START BOOTSTRAP REPLICATE NUMBER 82

Creating bootstrap alignment (seed: 564682)...

Create initial parsimony tree by phylogenetic likelihood library (PLL)... 0.003 seconds

NOTE: 5 MB RAM (0 GB) is required!
Estimate model parameters (epsilon = 0.100)
1. Initial log-likelihood: -13197.677
2. Current log-likelihood: -12638.453
3. Current log-likelihood: -12615.411
4. Current log-likelihood: -12614.040
5. Current log-likelihood: -12613.677
Optimal log-likelihood: -12613.551
Gamma shape alpha: 8.382
Parameters optimization took 5 rounds (0.400 sec)
Computing ML distances based on estimated model parameters... 0.124 sec
WARNING: Some pairwise ML distances are too long (saturated)
Computing BIONJ tree...
0.009 seconds
Log-likelihood of BIONJ tree: -12598.704
--------------------------------------------------------------------
|             INITIALIZING CANDIDATE TREE SET                      |
--------------------------------------------------------------------
Generating 98 parsimony trees... 0.342 second
Computing log-likelihood of 98 initial trees ... 2.356 seconds
Current best score: -12578.175

Do NNI search on 20 best initial trees
Estimate model parameters (epsilon = 0.100)
BETTER TREE FOUND at iteration 1: -12559.019
Estimate model parameters (epsilon = 0.100)
BETTER TREE FOUND at iteration 2: -12556.794
Iteration 10 / LogL: -12563.055 / Time: 0h:0m:6s
Iteration 20 / LogL: -12558.990 / Time: 0h:0m:9s
Finish initializing candidate tree set (16)
Current best tree score: -12556.794 / CPU time: 8.952
Number of iterations: 20
--------------------------------------------------------------------
|               OPTIMIZING CANDIDATE TREE SET                      |
--------------------------------------------------------------------
Estimate model parameters (epsilon = 0.100)
BETTER TREE FOUND at iteration 24: -12556.516
Estimate model parameters (epsilon = 0.100)
UPDATE BEST LOG-LIKELIHOOD: -12556.487
Iteration 30 / LogL: -12556.487 / Time: 0h:0m:13s (0h:0m:43s left)
Iteration 40 / LogL: -12574.138 / Time: 0h:0m:16s (0h:0m:36s left)
Estimate model parameters (epsilon = 0.100)
BETTER TREE FOUND at iteration 50: -12553.414
Iteration 50 / LogL: -12553.414 / Time: 0h:0m:20s (0h:0m:41s left)
Iteration 60 / LogL: -12556.869 / Time: 0h:0m:23s (0h:0m:35s left)
Iteration 70 / LogL: -12558.280 / Time: 0h:0m:26s (0h:0m:30s left)
Iteration 80 / LogL: -12556.596 / Time: 0h:0m:30s (0h:0m:26s left)
Iteration 90 / LogL: -12557.800 / Time: 0h:0m:33s (0h:0m:22s left)
Iteration 100 / LogL: -12556.898 / Time: 0h:0m:36s (0h:0m:18s left)
Iteration 110 / LogL: -12557.069 / Time: 0h:0m:39s (0h:0m:14s left)
Iteration 120 / LogL: -12555.386 / Time: 0h:0m:42s (0h:0m:10s left)
Iteration 130 / LogL: -12556.227 / Time: 0h:0m:45s (0h:0m:7s left)
Iteration 140 / LogL: -12559.594 / Time: 0h:0m:48s (0h:0m:3s left)
Iteration 150 / LogL: -12553.420 / Time: 0h:0m:51s (0h:0m:0s left)
TREE SEARCH COMPLETED AFTER 151 ITERATIONS / Time: 0h:0m:51s

--------------------------------------------------------------------
|                    FINALIZING TREE SEARCH                        |
--------------------------------------------------------------------
Performs final model parameters optimization
Estimate model parameters (epsilon = 0.010)
1. Initial log-likelihood: -12553.414
Optimal log-likelihood: -12553.406
Gamma shape alpha: 10.168
Parameters optimization took 1 rounds (0.037 sec)
BEST SCORE FOUND : -12553.406
Total tree length: 25.996

Total number of iterations: 151
CPU time used for tree search: 50.365 sec (0h:0m:50s)
Wall-clock time used for tree search: 50.667 sec (0h:0m:50s)
Total CPU time used: 51.102 sec (0h:0m:51s)
Total wall-clock time used: 51.493 sec (0h:0m:51s)

===> START BOOTSTRAP REPLICATE NUMBER 83

Creating bootstrap alignment (seed: 564683)...

Create initial parsimony tree by phylogenetic likelihood library (PLL)... 0.004 seconds

NOTE: 5 MB RAM (0 GB) is required!
Estimate model parameters (epsilon = 0.100)
1. Initial log-likelihood: -13501.919
2. Current log-likelihood: -13007.053
3. Current log-likelihood: -12979.824
4. Current log-likelihood: -12978.017
5. Current log-likelihood: -12977.755
Optimal log-likelihood: -12977.665
Gamma shape alpha: 11.653
Parameters optimization took 5 rounds (0.408 sec)
Computing ML distances based on estimated model parameters... 0.116 sec
WARNING: Some pairwise ML distances are too long (saturated)
Computing BIONJ tree...
0.008 seconds
Log-likelihood of BIONJ tree: -12917.199
--------------------------------------------------------------------
|             INITIALIZING CANDIDATE TREE SET                      |
--------------------------------------------------------------------
Generating 98 parsimony trees... 0.300 second
Computing log-likelihood of 98 initial trees ... 2.344 seconds
Current best score: -12917.199

Do NNI search on 20 best initial trees
Estimate model parameters (epsilon = 0.100)
BETTER TREE FOUND at iteration 1: -12902.538
Estimate model parameters (epsilon = 0.100)
BETTER TREE FOUND at iteration 4: -12899.115
Iteration 10 / LogL: -12902.290 / Time: 0h:0m:5s
Estimate model parameters (epsilon = 0.100)
BETTER TREE FOUND at iteration 13: -12897.017
Iteration 20 / LogL: -12910.045 / Time: 0h:0m:8s
Finish initializing candidate tree set (17)
Current best tree score: -12897.017 / CPU time: 7.957
Number of iterations: 20
--------------------------------------------------------------------
|               OPTIMIZING CANDIDATE TREE SET                      |
--------------------------------------------------------------------
Estimate model parameters (epsilon = 0.100)
UPDATE BEST LOG-LIKELIHOOD: -12896.938
Iteration 30 / LogL: -12897.148 / Time: 0h:0m:11s (0h:0m:31s left)
Iteration 40 / LogL: -12897.534 / Time: 0h:0m:13s (0h:0m:25s left)
Iteration 50 / LogL: -12897.047 / Time: 0h:0m:16s (0h:0m:21s left)
Iteration 60 / LogL: -12899.176 / Time: 0h:0m:19s (0h:0m:17s left)
Iteration 70 / LogL: -12902.885 / Time: 0h:0m:21s (0h:0m:13s left)
Iteration 80 / LogL: -12897.038 / Time: 0h:0m:24s (0h:0m:10s left)
Iteration 90 / LogL: -12896.988 / Time: 0h:0m:27s (0h:0m:7s left)
Iteration 100 / LogL: -12898.796 / Time: 0h:0m:30s (0h:0m:3s left)
Iteration 110 / LogL: -12898.328 / Time: 0h:0m:32s (0h:0m:0s left)
TREE SEARCH COMPLETED AFTER 114 ITERATIONS / Time: 0h:0m:33s

--------------------------------------------------------------------
|                    FINALIZING TREE SEARCH                        |
--------------------------------------------------------------------
Performs final model parameters optimization
Estimate model parameters (epsilon = 0.010)
1. Initial log-likelihood: -12896.938
Optimal log-likelihood: -12896.934
Gamma shape alpha: 11.679
Parameters optimization took 1 rounds (0.068 sec)
BEST SCORE FOUND : -12896.934
Total tree length: 25.439

Total number of iterations: 114
CPU time used for tree search: 33.081 sec (0h:0m:33s)
Wall-clock time used for tree search: 33.298 sec (0h:0m:33s)
Total CPU time used: 33.711 sec (0h:0m:33s)
Total wall-clock time used: 34.044 sec (0h:0m:34s)

===> START BOOTSTRAP REPLICATE NUMBER 84

Creating bootstrap alignment (seed: 564684)...

Create initial parsimony tree by phylogenetic likelihood library (PLL)... 0.002 seconds

NOTE: 5 MB RAM (0 GB) is required!
Estimate model parameters (epsilon = 0.100)
1. Initial log-likelihood: -13975.458
2. Current log-likelihood: -13384.030
3. Current log-likelihood: -13369.319
4. Current log-likelihood: -13368.566
Optimal log-likelihood: -13368.473
Gamma shape alpha: 19.735
Parameters optimization took 4 rounds (0.296 sec)
Computing ML distances based on estimated model parameters... 0.113 sec
WARNING: Some pairwise ML distances are too long (saturated)
Computing BIONJ tree...
0.009 seconds
Log-likelihood of BIONJ tree: -13353.274
--------------------------------------------------------------------
|             INITIALIZING CANDIDATE TREE SET                      |
--------------------------------------------------------------------
Generating 98 parsimony trees... 0.311 second
Computing log-likelihood of 98 initial trees ... 2.453 seconds
Current best score: -13351.552

Do NNI search on 20 best initial trees
Estimate model parameters (epsilon = 0.100)
BETTER TREE FOUND at iteration 1: -13330.656
Estimate model parameters (epsilon = 0.100)
UPDATE BEST LOG-LIKELIHOOD: -13330.334
Iteration 10 / LogL: -13336.519 / Time: 0h:0m:5s
Iteration 20 / LogL: -13330.759 / Time: 0h:0m:8s
Finish initializing candidate tree set (6)
Current best tree score: -13330.334 / CPU time: 7.819
Number of iterations: 20
--------------------------------------------------------------------
|               OPTIMIZING CANDIDATE TREE SET                      |
--------------------------------------------------------------------
Iteration 30 / LogL: -13330.367 / Time: 0h:0m:10s (0h:0m:26s left)
Iteration 40 / LogL: -13336.393 / Time: 0h:0m:12s (0h:0m:20s left)
Iteration 50 / LogL: -13333.526 / Time: 0h:0m:15s (0h:0m:15s left)
Iteration 60 / LogL: -13330.749 / Time: 0h:0m:17s (0h:0m:12s left)
Iteration 70 / LogL: -13331.691 / Time: 0h:0m:20s (0h:0m:9s left)
Iteration 80 / LogL: -13332.113 / Time: 0h:0m:23s (0h:0m:6s left)
Iteration 90 / LogL: -13331.088 / Time: 0h:0m:25s (0h:0m:3s left)
Iteration 100 / LogL: -13330.543 / Time: 0h:0m:28s (0h:0m:0s left)
TREE SEARCH COMPLETED AFTER 102 ITERATIONS / Time: 0h:0m:28s

--------------------------------------------------------------------
|                    FINALIZING TREE SEARCH                        |
--------------------------------------------------------------------
Performs final model parameters optimization
Estimate model parameters (epsilon = 0.010)
1. Initial log-likelihood: -13330.334
Optimal log-likelihood: -13330.330
Gamma shape alpha: 20.278
Parameters optimization took 1 rounds (0.035 sec)
BEST SCORE FOUND : -13330.330
Total tree length: 24.511

Total number of iterations: 102
CPU time used for tree search: 28.187 sec (0h:0m:28s)
Wall-clock time used for tree search: 28.354 sec (0h:0m:28s)
Total CPU time used: 28.815 sec (0h:0m:28s)
Total wall-clock time used: 29.000 sec (0h:0m:28s)

===> START BOOTSTRAP REPLICATE NUMBER 85

Creating bootstrap alignment (seed: 564685)...

Create initial parsimony tree by phylogenetic likelihood library (PLL)... 0.002 seconds

NOTE: 5 MB RAM (0 GB) is required!
Estimate model parameters (epsilon = 0.100)
1. Initial log-likelihood: -14469.837
2. Current log-likelihood: -13900.148
3. Current log-likelihood: -13883.278
4. Current log-likelihood: -13882.589
Optimal log-likelihood: -13882.506
Gamma shape alpha: 6.803
Parameters optimization took 4 rounds (0.346 sec)
Computing ML distances based on estimated model parameters... 0.132 sec
WARNING: Some pairwise ML distances are too long (saturated)
Computing BIONJ tree...
0.010 seconds
Log-likelihood of BIONJ tree: -13807.688
--------------------------------------------------------------------
|             INITIALIZING CANDIDATE TREE SET                      |
--------------------------------------------------------------------
Generating 98 parsimony trees... 0.289 second
Computing log-likelihood of 98 initial trees ... 2.383 seconds
Current best score: -13807.688

Do NNI search on 20 best initial trees
Estimate model parameters (epsilon = 0.100)
BETTER TREE FOUND at iteration 1: -13795.162
Estimate model parameters (epsilon = 0.100)
BETTER TREE FOUND at iteration 2: -13793.803
Iteration 10 / LogL: -13794.803 / Time: 0h:0m:6s
Estimate model parameters (epsilon = 0.100)
BETTER TREE FOUND at iteration 12: -13793.509
Estimate model parameters (epsilon = 0.100)
BETTER TREE FOUND at iteration 20: -13792.939
Iteration 20 / LogL: -13792.939 / Time: 0h:0m:8s
Finish initializing candidate tree set (15)
Current best tree score: -13792.939 / CPU time: 8.210
Number of iterations: 20
--------------------------------------------------------------------
|               OPTIMIZING CANDIDATE TREE SET                      |
--------------------------------------------------------------------
Iteration 30 / LogL: -13793.095 / Time: 0h:0m:11s (0h:0m:35s left)
Iteration 40 / LogL: -13793.853 / Time: 0h:0m:14s (0h:0m:28s left)
Iteration 50 / LogL: -13793.183 / Time: 0h:0m:16s (0h:0m:23s left)
Iteration 60 / LogL: -13794.648 / Time: 0h:0m:18s (0h:0m:19s left)
Iteration 70 / LogL: -13793.811 / Time: 0h:0m:21s (0h:0m:15s left)
Iteration 80 / LogL: -13793.250 / Time: 0h:0m:24s (0h:0m:12s left)
Iteration 90 / LogL: -13794.919 / Time: 0h:0m:27s (0h:0m:9s left)
Iteration 100 / LogL: -13794.431 / Time: 0h:0m:29s (0h:0m:5s left)
Iteration 110 / LogL: -13796.478 / Time: 0h:0m:31s (0h:0m:2s left)
Iteration 120 / LogL: -13807.129 / Time: 0h:0m:34s (0h:0m:0s left)
TREE SEARCH COMPLETED AFTER 121 ITERATIONS / Time: 0h:0m:34s

--------------------------------------------------------------------
|                    FINALIZING TREE SEARCH                        |
--------------------------------------------------------------------
Performs final model parameters optimization
Estimate model parameters (epsilon = 0.010)
1. Initial log-likelihood: -13792.939
Optimal log-likelihood: -13792.932
Gamma shape alpha: 10.537
Parameters optimization took 1 rounds (0.054 sec)
BEST SCORE FOUND : -13792.932
Total tree length: 25.843

Total number of iterations: 121
CPU time used for tree search: 34.044 sec (0h:0m:34s)
Wall-clock time used for tree search: 34.301 sec (0h:0m:34s)
Total CPU time used: 34.678 sec (0h:0m:34s)
Total wall-clock time used: 35.019 sec (0h:0m:35s)

===> START BOOTSTRAP REPLICATE NUMBER 86

Creating bootstrap alignment (seed: 564686)...

Create initial parsimony tree by phylogenetic likelihood library (PLL)... 0.002 seconds

NOTE: 6 MB RAM (0 GB) is required!
Estimate model parameters (epsilon = 0.100)
1. Initial log-likelihood: -14160.798
2. Current log-likelihood: -13607.706
3. Current log-likelihood: -13581.450
4. Current log-likelihood: -13579.657
5. Current log-likelihood: -13579.469
Optimal log-likelihood: -13579.441
Gamma shape alpha: 22.308
Parameters optimization took 5 rounds (0.421 sec)
Computing ML distances based on estimated model parameters... 0.110 sec
WARNING: Some pairwise ML distances are too long (saturated)
Computing BIONJ tree...
0.008 seconds
Log-likelihood of BIONJ tree: -13545.385
--------------------------------------------------------------------
|             INITIALIZING CANDIDATE TREE SET                      |
--------------------------------------------------------------------
Generating 98 parsimony trees... 0.301 second
Computing log-likelihood of 98 initial trees ... 2.482 seconds
Current best score: -13545.385

Do NNI search on 20 best initial trees
Estimate model parameters (epsilon = 0.100)
BETTER TREE FOUND at iteration 1: -13539.214
Estimate model parameters (epsilon = 0.100)
BETTER TREE FOUND at iteration 2: -13539.032
Iteration 10 / LogL: -13539.115 / Time: 0h:0m:6s
Iteration 20 / LogL: -13539.421 / Time: 0h:0m:8s
Finish initializing candidate tree set (8)
Current best tree score: -13539.032 / CPU time: 8.274
Number of iterations: 20
--------------------------------------------------------------------
|               OPTIMIZING CANDIDATE TREE SET                      |
--------------------------------------------------------------------
Estimate model parameters (epsilon = 0.100)
UPDATE BEST LOG-LIKELIHOOD: -13538.976
Iteration 30 / LogL: -13539.778 / Time: 0h:0m:11s (0h:0m:28s left)
Iteration 40 / LogL: -13539.594 / Time: 0h:0m:14s (0h:0m:22s left)
Iteration 50 / LogL: -13539.331 / Time: 0h:0m:16s (0h:0m:17s left)
Iteration 60 / LogL: -13539.169 / Time: 0h:0m:19s (0h:0m:13s left)
Iteration 70 / LogL: -13540.081 / Time: 0h:0m:21s (0h:0m:10s left)
Iteration 80 / LogL: -13539.622 / Time: 0h:0m:24s (0h:0m:6s left)
Iteration 90 / LogL: -13539.787 / Time: 0h:0m:27s (0h:0m:3s left)
Iteration 100 / LogL: -13539.085 / Time: 0h:0m:29s (0h:0m:0s left)
TREE SEARCH COMPLETED AFTER 103 ITERATIONS / Time: 0h:0m:30s

--------------------------------------------------------------------
|                    FINALIZING TREE SEARCH                        |
--------------------------------------------------------------------
Performs final model parameters optimization
Estimate model parameters (epsilon = 0.010)
1. Initial log-likelihood: -13538.976
Optimal log-likelihood: -13538.969
Gamma shape alpha: 55.689
Parameters optimization took 1 rounds (0.075 sec)
BEST SCORE FOUND : -13538.969
Total tree length: 24.800

Total number of iterations: 103
CPU time used for tree search: 29.864 sec (0h:0m:29s)
Wall-clock time used for tree search: 29.995 sec (0h:0m:29s)
Total CPU time used: 30.505 sec (0h:0m:30s)
Total wall-clock time used: 30.721 sec (0h:0m:30s)

===> START BOOTSTRAP REPLICATE NUMBER 87

Creating bootstrap alignment (seed: 564687)...

Create initial parsimony tree by phylogenetic likelihood library (PLL)... 0.002 seconds

NOTE: 6 MB RAM (0 GB) is required!
Estimate model parameters (epsilon = 0.100)
1. Initial log-likelihood: -13580.517
2. Current log-likelihood: -13033.962
3. Current log-likelihood: -13017.016
4. Current log-likelihood: -13014.986
5. Current log-likelihood: -13014.782
Optimal log-likelihood: -13014.770
Gamma shape alpha: 11.297
Parameters optimization took 5 rounds (0.381 sec)
Computing ML distances based on estimated model parameters... 0.116 sec
WARNING: Some pairwise ML distances are too long (saturated)
Computing BIONJ tree...
0.008 seconds
Log-likelihood of BIONJ tree: -12967.452
--------------------------------------------------------------------
|             INITIALIZING CANDIDATE TREE SET                      |
--------------------------------------------------------------------
Generating 98 parsimony trees... 0.328 second
Computing log-likelihood of 98 initial trees ... 2.422 seconds
Current best score: -12967.452

Do NNI search on 20 best initial trees
Estimate model parameters (epsilon = 0.100)
BETTER TREE FOUND at iteration 1: -12951.755
Estimate model parameters (epsilon = 0.100)
BETTER TREE FOUND at iteration 2: -12940.696
Estimate model parameters (epsilon = 0.100)
BETTER TREE FOUND at iteration 3: -12938.252
Iteration 10 / LogL: -12938.252 / Time: 0h:0m:7s
Iteration 20 / LogL: -12951.390 / Time: 0h:0m:11s
Finish initializing candidate tree set (17)
Current best tree score: -12938.252 / CPU time: 11.093
Number of iterations: 20
--------------------------------------------------------------------
|               OPTIMIZING CANDIDATE TREE SET                      |
--------------------------------------------------------------------
Iteration 30 / LogL: -12939.067 / Time: 0h:0m:16s (0h:0m:42s left)
Iteration 40 / LogL: -12938.672 / Time: 0h:0m:21s (0h:0m:34s left)
BETTER TREE FOUND at iteration 47: -12938.252
Iteration 50 / LogL: -12939.068 / Time: 0h:0m:26s (0h:0m:51s left)
Iteration 60 / LogL: -12938.672 / Time: 0h:0m:30s (0h:0m:45s left)
Iteration 70 / LogL: -12938.672 / Time: 0h:0m:35s (0h:0m:39s left)
Iteration 80 / LogL: -12938.672 / Time: 0h:0m:40s (0h:0m:34s left)
Iteration 90 / LogL: -12938.254 / Time: 0h:0m:45s (0h:0m:29s left)
Iteration 100 / LogL: -12938.252 / Time: 0h:0m:50s (0h:0m:24s left)
Iteration 110 / LogL: -12939.092 / Time: 0h:0m:55s (0h:0m:18s left)
Iteration 120 / LogL: -12938.253 / Time: 0h:1m:1s (0h:0m:13s left)
Iteration 130 / LogL: -12939.068 / Time: 0h:1m:7s (0h:0m:8s left)
Iteration 140 / LogL: -12938.672 / Time: 0h:1m:12s (0h:0m:3s left)
TREE SEARCH COMPLETED AFTER 148 ITERATIONS / Time: 0h:1m:17s

--------------------------------------------------------------------
|                    FINALIZING TREE SEARCH                        |
--------------------------------------------------------------------
Performs final model parameters optimization
Estimate model parameters (epsilon = 0.010)
1. Initial log-likelihood: -12938.252
Optimal log-likelihood: -12938.250
Gamma shape alpha: 15.277
Parameters optimization took 1 rounds (0.039 sec)
BEST SCORE FOUND : -12938.250
Total tree length: 25.740

Total number of iterations: 148
CPU time used for tree search: 76.291 sec (0h:1m:16s)
Wall-clock time used for tree search: 76.659 sec (0h:1m:16s)
Total CPU time used: 76.993 sec (0h:1m:16s)
Total wall-clock time used: 77.395 sec (0h:1m:17s)

===> START BOOTSTRAP REPLICATE NUMBER 88

Creating bootstrap alignment (seed: 564688)...

Create initial parsimony tree by phylogenetic likelihood library (PLL)... 0.003 seconds

NOTE: 5 MB RAM (0 GB) is required!
Estimate model parameters (epsilon = 0.100)
1. Initial log-likelihood: -13700.389
2. Current log-likelihood: -13088.520
3. Current log-likelihood: -13056.232
4. Current log-likelihood: -13053.590
5. Current log-likelihood: -13053.319
Optimal log-likelihood: -13053.283
Gamma shape alpha: 24.565
Parameters optimization took 5 rounds (0.418 sec)
Computing ML distances based on estimated model parameters... 0.115 sec
WARNING: Some pairwise ML distances are too long (saturated)
Computing BIONJ tree...
0.011 seconds
Log-likelihood of BIONJ tree: -12984.705
--------------------------------------------------------------------
|             INITIALIZING CANDIDATE TREE SET                      |
--------------------------------------------------------------------
Generating 98 parsimony trees... 0.315 second
Computing log-likelihood of 98 initial trees ... 2.418 seconds
Current best score: -12984.705

Do NNI search on 20 best initial trees
Estimate model parameters (epsilon = 0.100)
BETTER TREE FOUND at iteration 1: -12973.976
Estimate model parameters (epsilon = 0.100)
BETTER TREE FOUND at iteration 3: -12973.458
Iteration 10 / LogL: -12973.989 / Time: 0h:0m:6s
Estimate model parameters (epsilon = 0.100)
BETTER TREE FOUND at iteration 19: -12971.326
Iteration 20 / LogL: -12973.562 / Time: 0h:0m:10s
Finish initializing candidate tree set (8)
Current best tree score: -12971.326 / CPU time: 9.493
Number of iterations: 20
--------------------------------------------------------------------
|               OPTIMIZING CANDIDATE TREE SET                      |
--------------------------------------------------------------------
Estimate model parameters (epsilon = 0.100)
UPDATE BEST LOG-LIKELIHOOD: -12971.302
Iteration 30 / LogL: -12994.313 / Time: 0h:0m:12s (0h:0m:39s left)
Iteration 40 / LogL: -12975.142 / Time: 0h:0m:15s (0h:0m:31s left)
Iteration 50 / LogL: -12972.351 / Time: 0h:0m:18s (0h:0m:25s left)
Iteration 60 / LogL: -12974.962 / Time: 0h:0m:21s (0h:0m:21s left)
Iteration 70 / LogL: -12973.481 / Time: 0h:0m:24s (0h:0m:17s left)
Iteration 80 / LogL: -12971.542 / Time: 0h:0m:27s (0h:0m:13s left)
Iteration 90 / LogL: -12973.751 / Time: 0h:0m:30s (0h:0m:9s left)
Iteration 100 / LogL: -12971.464 / Time: 0h:0m:32s (0h:0m:6s left)
Iteration 110 / LogL: -12973.627 / Time: 0h:0m:36s (0h:0m:2s left)
Iteration 120 / LogL: -12971.386 / Time: 0h:0m:39s (0h:0m:-1s left)
TREE SEARCH COMPLETED AFTER 120 ITERATIONS / Time: 0h:0m:39s

--------------------------------------------------------------------
|                    FINALIZING TREE SEARCH                        |
--------------------------------------------------------------------
Performs final model parameters optimization
Estimate model parameters (epsilon = 0.010)
1. Initial log-likelihood: -12971.302
Optimal log-likelihood: -12971.301
Gamma shape alpha: 27.583
Parameters optimization took 1 rounds (0.049 sec)
BEST SCORE FOUND : -12971.301
Total tree length: 25.425

Total number of iterations: 120
CPU time used for tree search: 38.064 sec (0h:0m:38s)
Wall-clock time used for tree search: 38.332 sec (0h:0m:38s)
Total CPU time used: 38.690 sec (0h:0m:38s)
Total wall-clock time used: 39.052 sec (0h:0m:39s)

===> START BOOTSTRAP REPLICATE NUMBER 89

Creating bootstrap alignment (seed: 564689)...

Create initial parsimony tree by phylogenetic likelihood library (PLL)... 0.003 seconds

NOTE: 5 MB RAM (0 GB) is required!
Estimate model parameters (epsilon = 0.100)
1. Initial log-likelihood: -13676.721
2. Current log-likelihood: -13151.465
3. Current log-likelihood: -13118.535
4. Current log-likelihood: -13116.126
5. Current log-likelihood: -13115.920
Optimal log-likelihood: -13115.903
Gamma shape alpha: 17.334
Parameters optimization took 5 rounds (0.399 sec)
Computing ML distances based on estimated model parameters... 0.114 sec
WARNING: Some pairwise ML distances are too long (saturated)
Computing BIONJ tree...
0.009 seconds
Log-likelihood of BIONJ tree: -13081.640
--------------------------------------------------------------------
|             INITIALIZING CANDIDATE TREE SET                      |
--------------------------------------------------------------------
Generating 98 parsimony trees... 0.301 second
Computing log-likelihood of 98 initial trees ... 2.316 seconds
Current best score: -13081.640

Do NNI search on 20 best initial trees
Estimate model parameters (epsilon = 0.100)
BETTER TREE FOUND at iteration 1: -13069.476
Estimate model parameters (epsilon = 0.100)
BETTER TREE FOUND at iteration 3: -13067.700
Estimate model parameters (epsilon = 0.100)
BETTER TREE FOUND at iteration 10: -13066.964
Iteration 10 / LogL: -13066.964 / Time: 0h:0m:6s
Iteration 20 / LogL: -13068.490 / Time: 0h:0m:8s
Finish initializing candidate tree set (16)
Current best tree score: -13066.964 / CPU time: 8.257
Number of iterations: 20
--------------------------------------------------------------------
|               OPTIMIZING CANDIDATE TREE SET                      |
--------------------------------------------------------------------
Iteration 30 / LogL: -13070.457 / Time: 0h:0m:11s (0h:0m:31s left)
Iteration 40 / LogL: -13067.593 / Time: 0h:0m:13s (0h:0m:24s left)
Estimate model parameters (epsilon = 0.100)
BETTER TREE FOUND at iteration 42: -13063.822
Iteration 50 / LogL: -13067.643 / Time: 0h:0m:16s (0h:0m:30s left)
Iteration 60 / LogL: -13068.612 / Time: 0h:0m:18s (0h:0m:25s left)
Estimate model parameters (epsilon = 0.100)
BETTER TREE FOUND at iteration 66: -13063.229
Iteration 70 / LogL: -13064.206 / Time: 0h:0m:20s (0h:0m:28s left)
Iteration 80 / LogL: -13064.956 / Time: 0h:0m:23s (0h:0m:25s left)
Iteration 90 / LogL: -13063.529 / Time: 0h:0m:26s (0h:0m:22s left)
Iteration 100 / LogL: -13065.983 / Time: 0h:0m:28s (0h:0m:19s left)
Iteration 110 / LogL: -13065.465 / Time: 0h:0m:31s (0h:0m:16s left)
Iteration 120 / LogL: -13063.368 / Time: 0h:0m:34s (0h:0m:13s left)
Iteration 130 / LogL: -13068.079 / Time: 0h:0m:36s (0h:0m:10s left)
Iteration 140 / LogL: -13064.368 / Time: 0h:0m:39s (0h:0m:7s left)
Iteration 150 / LogL: -13064.678 / Time: 0h:0m:42s (0h:0m:4s left)
Iteration 160 / LogL: -13070.000 / Time: 0h:0m:44s (0h:0m:1s left)
TREE SEARCH COMPLETED AFTER 167 ITERATIONS / Time: 0h:0m:46s

--------------------------------------------------------------------
|                    FINALIZING TREE SEARCH                        |
--------------------------------------------------------------------
Performs final model parameters optimization
Estimate model parameters (epsilon = 0.010)
1. Initial log-likelihood: -13063.229
Optimal log-likelihood: -13063.222
Gamma shape alpha: 16.612
Parameters optimization took 1 rounds (0.038 sec)
BEST SCORE FOUND : -13063.222
Total tree length: 24.807

Total number of iterations: 167
CPU time used for tree search: 45.834 sec (0h:0m:45s)
Wall-clock time used for tree search: 46.194 sec (0h:0m:46s)
Total CPU time used: 46.499 sec (0h:0m:46s)
Total wall-clock time used: 46.956 sec (0h:0m:46s)

===> START BOOTSTRAP REPLICATE NUMBER 90

Creating bootstrap alignment (seed: 564690)...

Create initial parsimony tree by phylogenetic likelihood library (PLL)... 0.002 seconds

NOTE: 5 MB RAM (0 GB) is required!
Estimate model parameters (epsilon = 0.100)
1. Initial log-likelihood: -13432.921
2. Current log-likelihood: -12886.303
3. Current log-likelihood: -12859.900
4. Current log-likelihood: -12859.003
Optimal log-likelihood: -12858.905
Gamma shape alpha: 19.227
Parameters optimization took 4 rounds (0.345 sec)
Computing ML distances based on estimated model parameters... 0.121 sec
WARNING: Some pairwise ML distances are too long (saturated)
Computing BIONJ tree...
0.008 seconds
Log-likelihood of BIONJ tree: -12833.646
--------------------------------------------------------------------
|             INITIALIZING CANDIDATE TREE SET                      |
--------------------------------------------------------------------
Generating 98 parsimony trees... 0.322 second
Computing log-likelihood of 98 initial trees ... 2.491 seconds
Current best score: -12831.853

Do NNI search on 20 best initial trees
Estimate model parameters (epsilon = 0.100)
BETTER TREE FOUND at iteration 1: -12814.775
Estimate model parameters (epsilon = 0.100)
BETTER TREE FOUND at iteration 2: -12813.363
Iteration 10 / LogL: -12814.802 / Time: 0h:0m:6s
Iteration 20 / LogL: -12814.806 / Time: 0h:0m:10s
Finish initializing candidate tree set (11)
Current best tree score: -12813.363 / CPU time: 10.266
Number of iterations: 20
--------------------------------------------------------------------
|               OPTIMIZING CANDIDATE TREE SET                      |
--------------------------------------------------------------------
UPDATE BEST LOG-LIKELIHOOD: -12813.363
Iteration 30 / LogL: -12813.364 / Time: 0h:0m:15s (0h:0m:39s left)
Iteration 40 / LogL: -12813.363 / Time: 0h:0m:20s (0h:0m:32s left)
UPDATE BEST LOG-LIKELIHOOD: -12813.363
Iteration 50 / LogL: -12813.363 / Time: 0h:0m:25s (0h:0m:27s left)
Iteration 60 / LogL: -12813.363 / Time: 0h:0m:31s (0h:0m:22s left)
Iteration 70 / LogL: -12813.363 / Time: 0h:0m:35s (0h:0m:16s left)
Iteration 80 / LogL: -12813.363 / Time: 0h:0m:39s (0h:0m:11s left)
Iteration 90 / LogL: -12813.363 / Time: 0h:0m:44s (0h:0m:5s left)
Iteration 100 / LogL: -12813.363 / Time: 0h:0m:48s (0h:0m:0s left)
TREE SEARCH COMPLETED AFTER 103 ITERATIONS / Time: 0h:0m:49s

--------------------------------------------------------------------
|                    FINALIZING TREE SEARCH                        |
--------------------------------------------------------------------
Performs final model parameters optimization
Estimate model parameters (epsilon = 0.010)
1. Initial log-likelihood: -12813.363
Optimal log-likelihood: -12813.362
Gamma shape alpha: 22.084
Parameters optimization took 1 rounds (0.042 sec)
BEST SCORE FOUND : -12813.362
Total tree length: 26.091

Total number of iterations: 103
CPU time used for tree search: 48.933 sec (0h:0m:48s)
Wall-clock time used for tree search: 49.236 sec (0h:0m:49s)
Total CPU time used: 49.512 sec (0h:0m:49s)
Total wall-clock time used: 49.888 sec (0h:0m:49s)

===> START BOOTSTRAP REPLICATE NUMBER 91

Creating bootstrap alignment (seed: 564691)...

Create initial parsimony tree by phylogenetic likelihood library (PLL)... 0.021 seconds

NOTE: 5 MB RAM (0 GB) is required!
Estimate model parameters (epsilon = 0.100)
1. Initial log-likelihood: -13639.401
2. Current log-likelihood: -13105.953
3. Current log-likelihood: -13079.108
4. Current log-likelihood: -13076.336
5. Current log-likelihood: -13075.967
Optimal log-likelihood: -13075.887
Gamma shape alpha: 23.195
Parameters optimization took 5 rounds (0.367 sec)
Computing ML distances based on estimated model parameters... 0.111 sec
WARNING: Some pairwise ML distances are too long (saturated)
Computing BIONJ tree...
0.011 seconds
Log-likelihood of BIONJ tree: -13100.318
--------------------------------------------------------------------
|             INITIALIZING CANDIDATE TREE SET                      |
--------------------------------------------------------------------
Generating 98 parsimony trees... 0.278 second
Computing log-likelihood of 98 initial trees ... 2.280 seconds
Current best score: -13047.769

Do NNI search on 20 best initial trees
Estimate model parameters (epsilon = 0.100)
BETTER TREE FOUND at iteration 1: -13022.397
Iteration 10 / LogL: -13022.498 / Time: 0h:0m:5s
UPDATE BEST LOG-LIKELIHOOD: -13022.392
Iteration 20 / LogL: -13022.927 / Time: 0h:0m:7s
Finish initializing candidate tree set (4)
Current best tree score: -13022.392 / CPU time: 6.779
Number of iterations: 20
--------------------------------------------------------------------
|               OPTIMIZING CANDIDATE TREE SET                      |
--------------------------------------------------------------------
UPDATE BEST LOG-LIKELIHOOD: -13022.390
Iteration 30 / LogL: -13024.923 / Time: 0h:0m:10s (0h:0m:24s left)
Iteration 40 / LogL: -13022.497 / Time: 0h:0m:12s (0h:0m:19s left)
Iteration 50 / LogL: -13023.184 / Time: 0h:0m:14s (0h:0m:14s left)
Iteration 60 / LogL: -13022.891 / Time: 0h:0m:16s (0h:0m:11s left)
Iteration 70 / LogL: -13024.933 / Time: 0h:0m:18s (0h:0m:8s left)
Iteration 80 / LogL: -13022.761 / Time: 0h:0m:21s (0h:0m:5s left)
Iteration 90 / LogL: -13022.748 / Time: 0h:0m:23s (0h:0m:2s left)
Iteration 100 / LogL: -13022.746 / Time: 0h:0m:26s (0h:0m:0s left)
TREE SEARCH COMPLETED AFTER 102 ITERATIONS / Time: 0h:0m:26s

--------------------------------------------------------------------
|                    FINALIZING TREE SEARCH                        |
--------------------------------------------------------------------
Performs final model parameters optimization
Estimate model parameters (epsilon = 0.010)
1. Initial log-likelihood: -13022.390
2. Current log-likelihood: -13022.380
Optimal log-likelihood: -13022.376
Gamma shape alpha: 27.224
Parameters optimization took 2 rounds (0.089 sec)
BEST SCORE FOUND : -13022.376
Total tree length: 24.183

Total number of iterations: 102
CPU time used for tree search: 25.751 sec (0h:0m:25s)
Wall-clock time used for tree search: 25.939 sec (0h:0m:25s)
Total CPU time used: 26.667 sec (0h:0m:26s)
Total wall-clock time used: 26.929 sec (0h:0m:26s)

===> START BOOTSTRAP REPLICATE NUMBER 92

Creating bootstrap alignment (seed: 564692)...

Create initial parsimony tree by phylogenetic likelihood library (PLL)... 0.002 seconds

NOTE: 5 MB RAM (0 GB) is required!
Estimate model parameters (epsilon = 0.100)
1. Initial log-likelihood: -13953.685
2. Current log-likelihood: -13419.674
3. Current log-likelihood: -13391.756
4. Current log-likelihood: -13389.966
5. Current log-likelihood: -13389.785
Optimal log-likelihood: -13389.748
Gamma shape alpha: 18.086
Parameters optimization took 5 rounds (0.366 sec)
Computing ML distances based on estimated model parameters... 0.113 sec
WARNING: Some pairwise ML distances are too long (saturated)
Computing BIONJ tree...
0.010 seconds
Log-likelihood of BIONJ tree: -13357.743
--------------------------------------------------------------------
|             INITIALIZING CANDIDATE TREE SET                      |
--------------------------------------------------------------------
Generating 98 parsimony trees... 0.274 second
Computing log-likelihood of 98 initial trees ... 2.281 seconds
Current best score: -13357.743

Do NNI search on 20 best initial trees
Estimate model parameters (epsilon = 0.100)
BETTER TREE FOUND at iteration 1: -13334.761
Iteration 10 / LogL: -13338.245 / Time: 0h:0m:5s
Estimate model parameters (epsilon = 0.100)
BETTER TREE FOUND at iteration 14: -13334.236
Iteration 20 / LogL: -13337.841 / Time: 0h:0m:8s
Finish initializing candidate tree set (16)
Current best tree score: -13334.236 / CPU time: 8.041
Number of iterations: 20
--------------------------------------------------------------------
|               OPTIMIZING CANDIDATE TREE SET                      |
--------------------------------------------------------------------
Estimate model parameters (epsilon = 0.100)
BETTER TREE FOUND at iteration 22: -13333.258
Iteration 30 / LogL: -13334.742 / Time: 0h:0m:11s (0h:0m:36s left)
Estimate model parameters (epsilon = 0.100)
BETTER TREE FOUND at iteration 31: -13331.036
Iteration 40 / LogL: -13333.424 / Time: 0h:0m:14s (0h:0m:32s left)
Iteration 50 / LogL: -13331.277 / Time: 0h:0m:16s (0h:0m:27s left)
Estimate model parameters (epsilon = 0.100)
BETTER TREE FOUND at iteration 54: -13330.479
Iteration 60 / LogL: -13332.049 / Time: 0h:0m:18s (0h:0m:29s left)
Iteration 70 / LogL: -13335.718 / Time: 0h:0m:21s (0h:0m:26s left)
Estimate model parameters (epsilon = 0.100)
BETTER TREE FOUND at iteration 72: -13329.973
Iteration 80 / LogL: -13330.377 / Time: 0h:0m:23s (0h:0m:27s left)
Iteration 90 / LogL: -13331.084 / Time: 0h:0m:26s (0h:0m:24s left)
Estimate model parameters (epsilon = 0.100)
UPDATE BEST LOG-LIKELIHOOD: -13329.846
Iteration 100 / LogL: -13334.585 / Time: 0h:0m:29s (0h:0m:21s left)
Iteration 110 / LogL: -13330.508 / Time: 0h:0m:32s (0h:0m:18s left)
Iteration 120 / LogL: -13330.355 / Time: 0h:0m:35s (0h:0m:15s left)
Iteration 130 / LogL: -13330.279 / Time: 0h:0m:37s (0h:0m:12s left)
Iteration 140 / LogL: -13330.343 / Time: 0h:0m:40s (0h:0m:9s left)
Iteration 150 / LogL: -13330.006 / Time: 0h:0m:42s (0h:0m:6s left)
Iteration 160 / LogL: -13331.152 / Time: 0h:0m:45s (0h:0m:3s left)
Iteration 170 / LogL: -13331.793 / Time: 0h:0m:47s (0h:0m:0s left)
TREE SEARCH COMPLETED AFTER 173 ITERATIONS / Time: 0h:0m:48s

--------------------------------------------------------------------
|                    FINALIZING TREE SEARCH                        |
--------------------------------------------------------------------
Performs final model parameters optimization
Estimate model parameters (epsilon = 0.010)
1. Initial log-likelihood: -13329.846
2. Current log-likelihood: -13329.828
Optimal log-likelihood: -13329.824
Gamma shape alpha: 16.118
Parameters optimization took 2 rounds (0.113 sec)
BEST SCORE FOUND : -13329.824
Total tree length: 28.010

Total number of iterations: 173
CPU time used for tree search: 47.434 sec (0h:0m:47s)
Wall-clock time used for tree search: 47.738 sec (0h:0m:47s)
Total CPU time used: 48.059 sec (0h:0m:48s)
Total wall-clock time used: 48.454 sec (0h:0m:48s)

===> START BOOTSTRAP REPLICATE NUMBER 93

Creating bootstrap alignment (seed: 564693)...

Create initial parsimony tree by phylogenetic likelihood library (PLL)... 0.003 seconds

NOTE: 5 MB RAM (0 GB) is required!
Estimate model parameters (epsilon = 0.100)
1. Initial log-likelihood: -14317.586
2. Current log-likelihood: -13774.819
3. Current log-likelihood: -13757.845
4. Current log-likelihood: -13756.387
Optimal log-likelihood: -13756.297
Gamma shape alpha: 7.864
Parameters optimization took 4 rounds (0.293 sec)
Computing ML distances based on estimated model parameters... 0.135 sec
WARNING: Some pairwise ML distances are too long (saturated)
Computing BIONJ tree...
0.008 seconds
Log-likelihood of BIONJ tree: -13760.233
--------------------------------------------------------------------
|             INITIALIZING CANDIDATE TREE SET                      |
--------------------------------------------------------------------
Generating 98 parsimony trees... 0.302 second
Computing log-likelihood of 98 initial trees ... 2.278 seconds
Current best score: -13756.297

Do NNI search on 20 best initial trees
Estimate model parameters (epsilon = 0.100)
BETTER TREE FOUND at iteration 1: -13732.253
Iteration 10 / LogL: -13735.008 / Time: 0h:0m:5s
Iteration 20 / LogL: -13733.691 / Time: 0h:0m:7s
Finish initializing candidate tree set (6)
Current best tree score: -13732.253 / CPU time: 7.056
Number of iterations: 20
--------------------------------------------------------------------
|               OPTIMIZING CANDIDATE TREE SET                      |
--------------------------------------------------------------------
Iteration 30 / LogL: -13733.151 / Time: 0h:0m:9s (0h:0m:24s left)
Iteration 40 / LogL: -13732.457 / Time: 0h:0m:12s (0h:0m:19s left)
Iteration 50 / LogL: -13732.387 / Time: 0h:0m:14s (0h:0m:15s left)
Iteration 60 / LogL: -13733.094 / Time: 0h:0m:17s (0h:0m:11s left)
Iteration 70 / LogL: -13732.470 / Time: 0h:0m:19s (0h:0m:8s left)
Iteration 80 / LogL: -13733.824 / Time: 0h:0m:21s (0h:0m:5s left)
Iteration 90 / LogL: -13732.360 / Time: 0h:0m:24s (0h:0m:3s left)
Iteration 100 / LogL: -13732.351 / Time: 0h:0m:26s (0h:0m:0s left)
TREE SEARCH COMPLETED AFTER 102 ITERATIONS / Time: 0h:0m:27s

--------------------------------------------------------------------
|                    FINALIZING TREE SEARCH                        |
--------------------------------------------------------------------
Performs final model parameters optimization
Estimate model parameters (epsilon = 0.010)
1. Initial log-likelihood: -13732.253
Optimal log-likelihood: -13732.247
Gamma shape alpha: 8.680
Parameters optimization took 1 rounds (0.037 sec)
BEST SCORE FOUND : -13732.247
Total tree length: 25.933

Total number of iterations: 102
CPU time used for tree search: 26.702 sec (0h:0m:26s)
Wall-clock time used for tree search: 26.831 sec (0h:0m:26s)
Total CPU time used: 27.289 sec (0h:0m:27s)
Total wall-clock time used: 27.474 sec (0h:0m:27s)

===> START BOOTSTRAP REPLICATE NUMBER 94

Creating bootstrap alignment (seed: 564694)...

Create initial parsimony tree by phylogenetic likelihood library (PLL)... 0.003 seconds

NOTE: 6 MB RAM (0 GB) is required!
Estimate model parameters (epsilon = 0.100)
1. Initial log-likelihood: -14448.296
2. Current log-likelihood: -13895.893
3. Current log-likelihood: -13870.562
4. Current log-likelihood: -13869.414
5. Current log-likelihood: -13869.308
Optimal log-likelihood: -13869.286
Gamma shape alpha: 14.193
Parameters optimization took 5 rounds (0.343 sec)
Computing ML distances based on estimated model parameters... 0.115 sec
WARNING: Some pairwise ML distances are too long (saturated)
Computing BIONJ tree...
0.008 seconds
Log-likelihood of BIONJ tree: -13810.142
--------------------------------------------------------------------
|             INITIALIZING CANDIDATE TREE SET                      |
--------------------------------------------------------------------
Generating 98 parsimony trees... 0.282 second
Computing log-likelihood of 98 initial trees ... 2.328 seconds
Current best score: -13810.142

Do NNI search on 20 best initial trees
Estimate model parameters (epsilon = 0.100)
BETTER TREE FOUND at iteration 1: -13796.713
Estimate model parameters (epsilon = 0.100)
BETTER TREE FOUND at iteration 2: -13793.964
Iteration 10 / LogL: -13794.320 / Time: 0h:0m:5s
Iteration 20 / LogL: -13802.466 / Time: 0h:0m:8s
Finish initializing candidate tree set (9)
Current best tree score: -13793.964 / CPU time: 7.478
Number of iterations: 20
--------------------------------------------------------------------
|               OPTIMIZING CANDIDATE TREE SET                      |
--------------------------------------------------------------------
Iteration 30 / LogL: -13794.609 / Time: 0h:0m:10s (0h:0m:26s left)
Iteration 40 / LogL: -13797.721 / Time: 0h:0m:12s (0h:0m:20s left)
Iteration 50 / LogL: -13794.510 / Time: 0h:0m:15s (0h:0m:16s left)
Iteration 60 / LogL: -13794.813 / Time: 0h:0m:17s (0h:0m:12s left)
Iteration 70 / LogL: -13797.390 / Time: 0h:0m:20s (0h:0m:9s left)
Iteration 80 / LogL: -13794.503 / Time: 0h:0m:22s (0h:0m:6s left)
Iteration 90 / LogL: -13797.798 / Time: 0h:0m:24s (0h:0m:3s left)
Iteration 100 / LogL: -13795.392 / Time: 0h:0m:27s (0h:0m:0s left)
TREE SEARCH COMPLETED AFTER 103 ITERATIONS / Time: 0h:0m:28s

--------------------------------------------------------------------
|                    FINALIZING TREE SEARCH                        |
--------------------------------------------------------------------
Performs final model parameters optimization
Estimate model parameters (epsilon = 0.010)
1. Initial log-likelihood: -13793.964
Optimal log-likelihood: -13793.953
Gamma shape alpha: 12.469
Parameters optimization took 1 rounds (0.039 sec)
BEST SCORE FOUND : -13793.953
Total tree length: 25.806

Total number of iterations: 103
CPU time used for tree search: 27.292 sec (0h:0m:27s)
Wall-clock time used for tree search: 27.417 sec (0h:0m:27s)
Total CPU time used: 27.923 sec (0h:0m:27s)
Total wall-clock time used: 28.075 sec (0h:0m:28s)

===> START BOOTSTRAP REPLICATE NUMBER 95

Creating bootstrap alignment (seed: 564695)...

Create initial parsimony tree by phylogenetic likelihood library (PLL)... 0.003 seconds

NOTE: 5 MB RAM (0 GB) is required!
Estimate model parameters (epsilon = 0.100)
1. Initial log-likelihood: -13603.739
2. Current log-likelihood: -13071.774
3. Current log-likelihood: -13053.484
4. Current log-likelihood: -13051.921
5. Current log-likelihood: -13051.693
Optimal log-likelihood: -13051.658
Gamma shape alpha: 11.084
Parameters optimization took 5 rounds (0.319 sec)
Computing ML distances based on estimated model parameters... 0.129 sec
WARNING: Some pairwise ML distances are too long (saturated)
Computing BIONJ tree...
0.025 seconds
Log-likelihood of BIONJ tree: -12992.612
--------------------------------------------------------------------
|             INITIALIZING CANDIDATE TREE SET                      |
--------------------------------------------------------------------
Generating 98 parsimony trees... 0.313 second
Computing log-likelihood of 98 initial trees ... 2.183 seconds
Current best score: -12992.612

Do NNI search on 20 best initial trees
Estimate model parameters (epsilon = 0.100)
BETTER TREE FOUND at iteration 1: -12965.646
Iteration 10 / LogL: -12972.711 / Time: 0h:0m:5s
Iteration 20 / LogL: -12971.373 / Time: 0h:0m:8s
Finish initializing candidate tree set (6)
Current best tree score: -12965.646 / CPU time: 7.732
Number of iterations: 20
--------------------------------------------------------------------
|               OPTIMIZING CANDIDATE TREE SET                      |
--------------------------------------------------------------------
Iteration 30 / LogL: -12966.663 / Time: 0h:0m:10s (0h:0m:25s left)
Iteration 40 / LogL: -12966.608 / Time: 0h:0m:13s (0h:0m:20s left)
Iteration 50 / LogL: -12969.395 / Time: 0h:0m:15s (0h:0m:15s left)
Iteration 60 / LogL: -12970.794 / Time: 0h:0m:17s (0h:0m:11s left)
Iteration 70 / LogL: -12969.136 / Time: 0h:0m:19s (0h:0m:8s left)
Iteration 80 / LogL: -12968.114 / Time: 0h:0m:21s (0h:0m:5s left)
Iteration 90 / LogL: -12965.863 / Time: 0h:0m:24s (0h:0m:2s left)
Iteration 100 / LogL: -12966.025 / Time: 0h:0m:26s (0h:0m:0s left)
TREE SEARCH COMPLETED AFTER 102 ITERATIONS / Time: 0h:0m:26s

--------------------------------------------------------------------
|                    FINALIZING TREE SEARCH                        |
--------------------------------------------------------------------
Performs final model parameters optimization
Estimate model parameters (epsilon = 0.010)
1. Initial log-likelihood: -12965.646
Optimal log-likelihood: -12965.638
Gamma shape alpha: 11.946
Parameters optimization took 1 rounds (0.048 sec)
BEST SCORE FOUND : -12965.638
Total tree length: 25.278

Total number of iterations: 102
CPU time used for tree search: 26.084 sec (0h:0m:26s)
Wall-clock time used for tree search: 26.246 sec (0h:0m:26s)
Total CPU time used: 26.790 sec (0h:0m:26s)
Total wall-clock time used: 27.013 sec (0h:0m:27s)

===> START BOOTSTRAP REPLICATE NUMBER 96

Creating bootstrap alignment (seed: 564696)...

Create initial parsimony tree by phylogenetic likelihood library (PLL)... 0.003 seconds

NOTE: 5 MB RAM (0 GB) is required!
Estimate model parameters (epsilon = 0.100)
1. Initial log-likelihood: -14057.252
2. Current log-likelihood: -13486.894
3. Current log-likelihood: -13461.845
4. Current log-likelihood: -13460.499
5. Current log-likelihood: -13460.387
Optimal log-likelihood: -13460.355
Gamma shape alpha: 20.934
Parameters optimization took 5 rounds (0.354 sec)
Computing ML distances based on estimated model parameters... 0.122 sec
WARNING: Some pairwise ML distances are too long (saturated)
Computing BIONJ tree...
0.026 seconds
Log-likelihood of BIONJ tree: -13432.894
--------------------------------------------------------------------
|             INITIALIZING CANDIDATE TREE SET                      |
--------------------------------------------------------------------
Generating 98 parsimony trees... 0.287 second
Computing log-likelihood of 98 initial trees ... 2.281 seconds
Current best score: -13432.894

Do NNI search on 20 best initial trees
Estimate model parameters (epsilon = 0.100)
BETTER TREE FOUND at iteration 1: -13416.058
Iteration 10 / LogL: -13426.144 / Time: 0h:0m:5s
Iteration 20 / LogL: -13419.426 / Time: 0h:0m:8s
Finish initializing candidate tree set (9)
Current best tree score: -13416.058 / CPU time: 7.535
Number of iterations: 20
--------------------------------------------------------------------
|               OPTIMIZING CANDIDATE TREE SET                      |
--------------------------------------------------------------------
Iteration 30 / LogL: -13420.643 / Time: 0h:0m:10s (0h:0m:26s left)
Iteration 40 / LogL: -13421.268 / Time: 0h:0m:13s (0h:0m:20s left)
Iteration 50 / LogL: -13417.231 / Time: 0h:0m:15s (0h:0m:15s left)
Iteration 60 / LogL: -13421.500 / Time: 0h:0m:17s (0h:0m:12s left)
Iteration 70 / LogL: -13419.104 / Time: 0h:0m:20s (0h:0m:9s left)
Iteration 80 / LogL: -13416.156 / Time: 0h:0m:22s (0h:0m:5s left)
Iteration 90 / LogL: -13417.897 / Time: 0h:0m:24s (0h:0m:3s left)
Iteration 100 / LogL: -13418.136 / Time: 0h:0m:27s (0h:0m:0s left)
TREE SEARCH COMPLETED AFTER 102 ITERATIONS / Time: 0h:0m:27s

--------------------------------------------------------------------
|                    FINALIZING TREE SEARCH                        |
--------------------------------------------------------------------
Performs final model parameters optimization
Estimate model parameters (epsilon = 0.010)
1. Initial log-likelihood: -13416.058
Optimal log-likelihood: -13416.053
Gamma shape alpha: 25.175
Parameters optimization took 1 rounds (0.040 sec)
BEST SCORE FOUND : -13416.053
Total tree length: 25.898

Total number of iterations: 102
CPU time used for tree search: 26.644 sec (0h:0m:26s)
Wall-clock time used for tree search: 26.762 sec (0h:0m:26s)
Total CPU time used: 27.444 sec (0h:0m:27s)
Total wall-clock time used: 27.620 sec (0h:0m:27s)

===> START BOOTSTRAP REPLICATE NUMBER 97

Creating bootstrap alignment (seed: 564697)...

Create initial parsimony tree by phylogenetic likelihood library (PLL)... 0.003 seconds

NOTE: 6 MB RAM (0 GB) is required!
Estimate model parameters (epsilon = 0.100)
1. Initial log-likelihood: -13449.971
2. Current log-likelihood: -12881.071
3. Current log-likelihood: -12859.632
4. Current log-likelihood: -12858.495
5. Current log-likelihood: -12858.389
Optimal log-likelihood: -12858.354
Gamma shape alpha: 6.715
Parameters optimization took 5 rounds (0.389 sec)
Computing ML distances based on estimated model parameters... 0.119 sec
WARNING: Some pairwise ML distances are too long (saturated)
Computing BIONJ tree...
0.011 seconds
Log-likelihood of BIONJ tree: -12813.395
--------------------------------------------------------------------
|             INITIALIZING CANDIDATE TREE SET                      |
--------------------------------------------------------------------
Generating 98 parsimony trees... 0.301 second
Computing log-likelihood of 98 initial trees ... 2.357 seconds
Current best score: -12799.370

Do NNI search on 20 best initial trees
Estimate model parameters (epsilon = 0.100)
BETTER TREE FOUND at iteration 1: -12785.386
BETTER TREE FOUND at iteration 3: -12785.386
BETTER TREE FOUND at iteration 7: -12785.386
Iteration 10 / LogL: -12786.114 / Time: 0h:0m:7s
Iteration 20 / LogL: -12785.387 / Time: 0h:0m:12s
Finish initializing candidate tree set (15)
Current best tree score: -12785.386 / CPU time: 12.094
Number of iterations: 20
--------------------------------------------------------------------
|               OPTIMIZING CANDIDATE TREE SET                      |
--------------------------------------------------------------------
Iteration 30 / LogL: -12785.389 / Time: 0h:0m:17s (0h:0m:45s left)
UPDATE BEST LOG-LIKELIHOOD: -12785.385
Iteration 40 / LogL: -12789.466 / Time: 0h:0m:21s (0h:0m:36s left)
Iteration 50 / LogL: -12786.131 / Time: 0h:0m:26s (0h:0m:30s left)
Iteration 60 / LogL: -12785.387 / Time: 0h:0m:31s (0h:0m:24s left)
Iteration 70 / LogL: -12785.390 / Time: 0h:0m:35s (0h:0m:19s left)
UPDATE BEST LOG-LIKELIHOOD: -12785.385
Iteration 80 / LogL: -12785.386 / Time: 0h:0m:40s (0h:0m:13s left)
Iteration 90 / LogL: -12785.387 / Time: 0h:0m:44s (0h:0m:8s left)
Iteration 100 / LogL: -12785.386 / Time: 0h:0m:49s (0h:0m:3s left)
TREE SEARCH COMPLETED AFTER 108 ITERATIONS / Time: 0h:0m:52s

--------------------------------------------------------------------
|                    FINALIZING TREE SEARCH                        |
--------------------------------------------------------------------
Performs final model parameters optimization
Estimate model parameters (epsilon = 0.010)
1. Initial log-likelihood: -12785.385
Optimal log-likelihood: -12785.385
Gamma shape alpha: 8.391
Parameters optimization took 1 rounds (0.039 sec)
BEST SCORE FOUND : -12785.385
Total tree length: 26.375

Total number of iterations: 108
CPU time used for tree search: 52.110 sec (0h:0m:52s)
Wall-clock time used for tree search: 52.315 sec (0h:0m:52s)
Total CPU time used: 52.704 sec (0h:0m:52s)
Total wall-clock time used: 52.977 sec (0h:0m:52s)

===> START BOOTSTRAP REPLICATE NUMBER 98

Creating bootstrap alignment (seed: 564698)...

Create initial parsimony tree by phylogenetic likelihood library (PLL)... 0.002 seconds

NOTE: 5 MB RAM (0 GB) is required!
Estimate model parameters (epsilon = 0.100)
1. Initial log-likelihood: -14123.591
2. Current log-likelihood: -13522.412
3. Current log-likelihood: -13485.118
4. Current log-likelihood: -13481.636
5. Current log-likelihood: -13481.201
Optimal log-likelihood: -13481.150
Gamma shape alpha: 13.654
Parameters optimization took 5 rounds (0.385 sec)
Computing ML distances based on estimated model parameters... 0.131 sec
WARNING: Some pairwise ML distances are too long (saturated)
Computing BIONJ tree...
0.008 seconds
Log-likelihood of BIONJ tree: -13444.774
--------------------------------------------------------------------
|             INITIALIZING CANDIDATE TREE SET                      |
--------------------------------------------------------------------
Generating 98 parsimony trees... 0.308 second
Computing log-likelihood of 98 initial trees ... 2.179 seconds
Current best score: -13444.774

Do NNI search on 20 best initial trees
Estimate model parameters (epsilon = 0.100)
BETTER TREE FOUND at iteration 1: -13435.671
Estimate model parameters (epsilon = 0.100)
BETTER TREE FOUND at iteration 2: -13423.923
Iteration 10 / LogL: -13443.144 / Time: 0h:0m:6s
Estimate model parameters (epsilon = 0.100)
BETTER TREE FOUND at iteration 19: -13422.799
Iteration 20 / LogL: -13433.241 / Time: 0h:0m:9s
Finish initializing candidate tree set (16)
Current best tree score: -13422.799 / CPU time: 8.721
Number of iterations: 20
--------------------------------------------------------------------
|               OPTIMIZING CANDIDATE TREE SET                      |
--------------------------------------------------------------------
Iteration 30 / LogL: -13424.318 / Time: 0h:0m:12s (0h:0m:37s left)
Iteration 40 / LogL: -13423.329 / Time: 0h:0m:15s (0h:0m:30s left)
Iteration 50 / LogL: -13426.260 / Time: 0h:0m:18s (0h:0m:25s left)
Iteration 60 / LogL: -13441.908 / Time: 0h:0m:20s (0h:0m:20s left)
BETTER TREE FOUND at iteration 65: -13422.789
Iteration 70 / LogL: -13423.396 / Time: 0h:0m:24s (0h:0m:33s left)
Iteration 80 / LogL: -13423.151 / Time: 0h:0m:28s (0h:0m:30s left)
Iteration 90 / LogL: -13429.735 / Time: 0h:0m:31s (0h:0m:26s left)
Iteration 100 / LogL: -13434.358 / Time: 0h:0m:34s (0h:0m:22s left)
UPDATE BEST LOG-LIKELIHOOD: -13422.785
Iteration 110 / LogL: -13422.785 / Time: 0h:0m:37s (0h:0m:18s left)
Iteration 120 / LogL: -13424.376 / Time: 0h:0m:40s (0h:0m:15s left)
UPDATE BEST LOG-LIKELIHOOD: -13422.785
Iteration 130 / LogL: -13438.581 / Time: 0h:0m:43s (0h:0m:11s left)
Iteration 140 / LogL: -13424.668 / Time: 0h:0m:46s (0h:0m:8s left)
UPDATE BEST LOG-LIKELIHOOD: -13422.784
Iteration 150 / LogL: -13424.422 / Time: 0h:0m:50s (0h:0m:5s left)
Iteration 160 / LogL: -13422.820 / Time: 0h:0m:53s (0h:0m:1s left)
UPDATE BEST LOG-LIKELIHOOD: -13422.783
TREE SEARCH COMPLETED AFTER 166 ITERATIONS / Time: 0h:0m:55s

--------------------------------------------------------------------
|                    FINALIZING TREE SEARCH                        |
--------------------------------------------------------------------
Performs final model parameters optimization
Estimate model parameters (epsilon = 0.010)
1. Initial log-likelihood: -13422.783
2. Current log-likelihood: -13422.721
3. Current log-likelihood: -13422.701
Optimal log-likelihood: -13422.699
Gamma shape alpha: 17.294
Parameters optimization took 3 rounds (0.150 sec)
BEST SCORE FOUND : -13422.699
Total tree length: 28.037

Total number of iterations: 166
CPU time used for tree search: 54.818 sec (0h:0m:54s)
Wall-clock time used for tree search: 55.105 sec (0h:0m:55s)
Total CPU time used: 55.679 sec (0h:0m:55s)
Total wall-clock time used: 56.028 sec (0h:0m:56s)

===> START BOOTSTRAP REPLICATE NUMBER 99

Creating bootstrap alignment (seed: 564699)...

Create initial parsimony tree by phylogenetic likelihood library (PLL)... 0.004 seconds

NOTE: 5 MB RAM (0 GB) is required!
Estimate model parameters (epsilon = 0.100)
1. Initial log-likelihood: -14282.861
2. Current log-likelihood: -13737.163
3. Current log-likelihood: -13714.569
4. Current log-likelihood: -13713.808
Optimal log-likelihood: -13713.733
Gamma shape alpha: 13.924
Parameters optimization took 4 rounds (0.303 sec)
Computing ML distances based on estimated model parameters... 0.110 sec
WARNING: Some pairwise ML distances are too long (saturated)
Computing BIONJ tree...
0.008 seconds
Log-likelihood of BIONJ tree: -13666.611
--------------------------------------------------------------------
|             INITIALIZING CANDIDATE TREE SET                      |
--------------------------------------------------------------------
Generating 98 parsimony trees... 0.296 second
Computing log-likelihood of 98 initial trees ... 2.275 seconds
Current best score: -13666.611

Do NNI search on 20 best initial trees
Estimate model parameters (epsilon = 0.100)
BETTER TREE FOUND at iteration 1: -13634.154
Estimate model parameters (epsilon = 0.100)
BETTER TREE FOUND at iteration 2: -13628.750
Iteration 10 / LogL: -13637.630 / Time: 0h:0m:5s
Iteration 20 / LogL: -13637.364 / Time: 0h:0m:8s
Finish initializing candidate tree set (8)
Current best tree score: -13628.750 / CPU time: 8.013
Number of iterations: 20
--------------------------------------------------------------------
|               OPTIMIZING CANDIDATE TREE SET                      |
--------------------------------------------------------------------
Estimate model parameters (epsilon = 0.100)
BETTER TREE FOUND at iteration 28: -13627.059
Iteration 30 / LogL: -13627.679 / Time: 0h:0m:11s (0h:0m:37s left)
Iteration 40 / LogL: -13629.990 / Time: 0h:0m:13s (0h:0m:30s left)
Iteration 50 / LogL: -13629.502 / Time: 0h:0m:16s (0h:0m:25s left)
Iteration 60 / LogL: -13627.776 / Time: 0h:0m:19s (0h:0m:21s left)
Iteration 70 / LogL: -13629.413 / Time: 0h:0m:21s (0h:0m:18s left)
Iteration 80 / LogL: -13629.062 / Time: 0h:0m:24s (0h:0m:14s left)
Iteration 90 / LogL: -13630.030 / Time: 0h:0m:26s (0h:0m:11s left)
Estimate model parameters (epsilon = 0.100)
BETTER TREE FOUND at iteration 100: -13626.684
Iteration 100 / LogL: -13626.684 / Time: 0h:0m:29s (0h:0m:29s left)
Iteration 110 / LogL: -13629.770 / Time: 0h:0m:32s (0h:0m:26s left)
Iteration 120 / LogL: -13630.282 / Time: 0h:0m:34s (0h:0m:23s left)
Iteration 130 / LogL: -13626.797 / Time: 0h:0m:37s (0h:0m:20s left)
Iteration 140 / LogL: -13627.201 / Time: 0h:0m:39s (0h:0m:17s left)
Iteration 150 / LogL: -13629.646 / Time: 0h:0m:41s (0h:0m:14s left)
Iteration 160 / LogL: -13626.841 / Time: 0h:0m:44s (0h:0m:11s left)
Iteration 170 / LogL: -13694.667 / Time: 0h:0m:47s (0h:0m:8s left)
Iteration 180 / LogL: -13627.407 / Time: 0h:0m:49s (0h:0m:5s left)
Iteration 190 / LogL: -13626.798 / Time: 0h:0m:52s (0h:0m:2s left)
Iteration 200 / LogL: -13627.637 / Time: 0h:0m:54s (0h:0m:0s left)
TREE SEARCH COMPLETED AFTER 201 ITERATIONS / Time: 0h:0m:54s

--------------------------------------------------------------------
|                    FINALIZING TREE SEARCH                        |
--------------------------------------------------------------------
Performs final model parameters optimization
Estimate model parameters (epsilon = 0.010)
1. Initial log-likelihood: -13626.684
Optimal log-likelihood: -13626.672
Gamma shape alpha: 10.938
Parameters optimization took 1 rounds (0.038 sec)
BEST SCORE FOUND : -13626.672
Total tree length: 26.316

Total number of iterations: 201
CPU time used for tree search: 53.729 sec (0h:0m:53s)
Wall-clock time used for tree search: 53.932 sec (0h:0m:53s)
Total CPU time used: 54.401 sec (0h:0m:54s)
Total wall-clock time used: 54.649 sec (0h:0m:54s)

===> START BOOTSTRAP REPLICATE NUMBER 100

Creating bootstrap alignment (seed: 564700)...

Create initial parsimony tree by phylogenetic likelihood library (PLL)... 0.003 seconds

NOTE: 5 MB RAM (0 GB) is required!
Estimate model parameters (epsilon = 0.100)
1. Initial log-likelihood: -13736.685
2. Current log-likelihood: -13175.789
3. Current log-likelihood: -13151.820
4. Current log-likelihood: -13149.700
5. Current log-likelihood: -13149.354
Optimal log-likelihood: -13149.268
Gamma shape alpha: 11.397
Parameters optimization took 5 rounds (0.393 sec)
Computing ML distances based on estimated model parameters... 0.133 sec
WARNING: Some pairwise ML distances are too long (saturated)
Computing BIONJ tree...
0.008 seconds
Log-likelihood of BIONJ tree: -13127.917
--------------------------------------------------------------------
|             INITIALIZING CANDIDATE TREE SET                      |
--------------------------------------------------------------------
Generating 98 parsimony trees... 0.292 second
Computing log-likelihood of 98 initial trees ... 2.195 seconds
Current best score: -13127.917

Do NNI search on 20 best initial trees
Estimate model parameters (epsilon = 0.100)
BETTER TREE FOUND at iteration 1: -13123.578
Iteration 10 / LogL: -13131.786 / Time: 0h:0m:5s
Iteration 20 / LogL: -13124.946 / Time: 0h:0m:8s
Finish initializing candidate tree set (13)
Current best tree score: -13123.578 / CPU time: 7.701
Number of iterations: 20
--------------------------------------------------------------------
|               OPTIMIZING CANDIDATE TREE SET                      |
--------------------------------------------------------------------
Iteration 30 / LogL: -13128.612 / Time: 0h:0m:10s (0h:0m:26s left)
UPDATE BEST LOG-LIKELIHOOD: -13123.577
Iteration 40 / LogL: -13123.730 / Time: 0h:0m:13s (0h:0m:20s left)
Iteration 50 / LogL: -13125.047 / Time: 0h:0m:15s (0h:0m:16s left)
Iteration 60 / LogL: -13124.824 / Time: 0h:0m:18s (0h:0m:12s left)
Iteration 70 / LogL: -13124.559 / Time: 0h:0m:21s (0h:0m:9s left)
Iteration 80 / LogL: -13123.856 / Time: 0h:0m:24s (0h:0m:6s left)
Iteration 90 / LogL: -13125.809 / Time: 0h:0m:26s (0h:0m:3s left)
Iteration 100 / LogL: -13124.561 / Time: 0h:0m:30s (0h:0m:0s left)
TREE SEARCH COMPLETED AFTER 102 ITERATIONS / Time: 0h:0m:31s

--------------------------------------------------------------------
|                    FINALIZING TREE SEARCH                        |
--------------------------------------------------------------------
Performs final model parameters optimization
Estimate model parameters (epsilon = 0.010)
1. Initial log-likelihood: -13123.577
Optimal log-likelihood: -13123.564
Gamma shape alpha: 8.718
Parameters optimization took 1 rounds (0.041 sec)
BEST SCORE FOUND : -13123.564
Total tree length: 27.390

Total number of iterations: 102
CPU time used for tree search: 30.150 sec (0h:0m:30s)
Wall-clock time used for tree search: 30.243 sec (0h:0m:30s)
Total CPU time used: 30.915 sec (0h:0m:30s)
Total wall-clock time used: 31.080 sec (0h:0m:31s)

===> COMPUTE CONSENSUS TREE FROM 100BOOTSTRAP TREES

Reading tree(s) file crystal_aa.fa.boottrees ...
100 un-rooted tree(s) loaded
0 split(s) discarded because frequency <= -1.000
175 splits found
Consensus tree written to crystal_aa.fa.contree

===> START ANALYSIS ON THE ORIGINAL ALIGNMENT


NOTE: 8 MB RAM (0 GB) is required!
Estimate model parameters (epsilon = 0.100)
1. Initial log-likelihood: -13579.851
2. Current log-likelihood: -13450.533
3. Current log-likelihood: -13420.079
4. Current log-likelihood: -13413.420
5. Current log-likelihood: -13412.593
Optimal log-likelihood: -13412.493
Gamma shape alpha: 14.995
Parameters optimization took 5 rounds (0.634 sec)
Computing ML distances based on estimated model parameters... 0.109 sec
WARNING: Some pairwise ML distances are too long (saturated)
Computing BIONJ tree...
0.008 seconds
Log-likelihood of BIONJ tree: -13364.919
--------------------------------------------------------------------
|             INITIALIZING CANDIDATE TREE SET                      |
--------------------------------------------------------------------
Generating 98 parsimony trees... 0.299 second
Computing log-likelihood of 98 initial trees ... 3.579 seconds
Current best score: -13364.919

Do NNI search on 20 best initial trees
Estimate model parameters (epsilon = 0.100)
BETTER TREE FOUND at iteration 1: -13357.393
Iteration 10 / LogL: -13358.888 / Time: 0h:0m:8s
Iteration 20 / LogL: -13357.586 / Time: 0h:0m:12s
Finish initializing candidate tree set (7)
Current best tree score: -13357.393 / CPU time: 11.161
Number of iterations: 20
--------------------------------------------------------------------
|               OPTIMIZING CANDIDATE TREE SET                      |
--------------------------------------------------------------------
Iteration 30 / LogL: -13357.528 / Time: 0h:0m:16s (0h:0m:39s left)
Iteration 40 / LogL: -13358.092 / Time: 0h:0m:19s (0h:0m:31s left)
Iteration 50 / LogL: -13357.733 / Time: 0h:0m:24s (0h:0m:25s left)
Iteration 60 / LogL: -13358.259 / Time: 0h:0m:28s (0h:0m:19s left)
Iteration 70 / LogL: -13357.512 / Time: 0h:0m:32s (0h:0m:14s left)
Iteration 80 / LogL: -13357.885 / Time: 0h:0m:36s (0h:0m:9s left)
Iteration 90 / LogL: -13357.850 / Time: 0h:0m:40s (0h:0m:5s left)
Iteration 100 / LogL: -13357.746 / Time: 0h:0m:44s (0h:0m:0s left)
TREE SEARCH COMPLETED AFTER 102 ITERATIONS / Time: 0h:0m:45s

--------------------------------------------------------------------
|                    FINALIZING TREE SEARCH                        |
--------------------------------------------------------------------
Performs final model parameters optimization
Estimate model parameters (epsilon = 0.010)
1. Initial log-likelihood: -13357.393
Optimal log-likelihood: -13357.389
Gamma shape alpha: 14.905
Parameters optimization took 1 rounds (0.076 sec)
BEST SCORE FOUND : -13357.389
Total tree length: 25.603

Total number of iterations: 102
CPU time used for tree search: 44.855 sec (0h:0m:44s)
Wall-clock time used for tree search: 45.024 sec (0h:0m:45s)
Total CPU time used: 45.770 sec (0h:0m:45s)
Total wall-clock time used: 46.044 sec (0h:0m:46s)
Reading input trees file crystal_aa.fa.contree
Log-likelihood of consensus tree: -13357.912

===> ASSIGN BOOTSTRAP SUPPORTS TO THE TREE FROM ORIGINAL ALIGNMENT

Reading tree crystal_aa.fa.treefile ...
Reading tree(s) file crystal_aa.fa.boottrees ...
100 un-rooted tree(s) loaded
Rescaling split weights by 1.000
175 splits found
Creating bootstrap support values...
Tree with assigned support written to crystal_aa.fa.treefile

Analysis results written to: 
  IQ-TREE report:                crystal_aa.fa.iqtree
  Maximum-likelihood tree:       crystal_aa.fa.treefile
  Likelihood distances:          crystal_aa.fa.mldist
  Screen log file:               crystal_aa.fa.log

Total CPU time for bootstrap: 3969.837 seconds.
Total wall-clock time for bootstrap: 4000.971 seconds.

Non-parametric bootstrap results written to:
Bootstrap trees:          crystal_aa.fa.boottrees
  Consensus tree:           crystal_aa.fa.contree

Date and Time: Fri May 30 23:39:37 2025
