IQ-TREE multicore version 1.6.8 for Mac OS X 64-bit built Oct 28 2018
Developed by Bui Quang Minh, Nguyen Lam Tung, Olga Chernomor,
Heiko Schmidt, Dominik Schrempf, Michael Woodhams.

Host:    sc-sbs-383386 (AVX512, FMA3, 32 GB RAM)
Command: /Users/mful870/Bioinformatics_Programs/iqtree-1.6.8-MacOSX/bin/iqtree -redo -s crystal_aa.fa -b 100
Seed:    933809 (Using SPRNG - Scalable Parallel Random Number Generator)
Time:    Sun Jun  1 14:06:41 2025
Kernel:  AVX+FMA - 1 threads (16 CPU cores detected)

HINT: Use -nt option to specify number of threads because your CPU has 16 cores!
HINT: -nt AUTO will automatically determine the best number of threads to use.

Reading alignment file crystal_aa.fa ... Fasta format detected
Alignment most likely contains protein sequences
Alignment has 7 sequences with 100 columns, 99 distinct patterns
31 parsimony-informative, 51 singleton sites, 18 constant sites
WARNING: Some sequence names are changed as follows:
a_38_1_1+1an2_A -> a_38_1_1_1an2_A
a_38_1_1+1mdy_A -> a_38_1_1_1mdy_A
a_38_1_0+5i4z_A -> a_38_1_0_5i4z_A
a_38_1_1+1nlw_A -> a_38_1_1_1nlw_A
a_38_1_1+1am9_A -> a_38_1_1_1am9_A
a_38_1_1+1ukl_C -> a_38_1_1_1ukl_C
a_38_1_1+1a0a_A -> a_38_1_1_1a0a_A

                 Gap/Ambiguity  Composition  p-value
   1  a_38_1_1_1an2_A   14.00%    passed     89.92%
   2  a_38_1_1_1mdy_A   32.00%    passed     80.98%
   3  a_38_1_0_5i4z_A   26.00%    passed     85.78%
   4  a_38_1_1_1nlw_A   21.00%    passed     85.25%
   5  a_38_1_1_1am9_A   20.00%    passed     99.13%
   6  a_38_1_1_1ukl_C   39.00%    passed     50.38%
   7  a_38_1_1_1a0a_A   37.00%    passed     25.33%
****  TOTAL             27.00%  0 sequences failed composition chi2 test (p-value<5%; df=19)


Create initial parsimony tree by phylogenetic likelihood library (PLL)... 0.000 seconds
NOTE: ModelFinder requires 1 MB RAM!
ModelFinder will test 546 protein models (sample size: 100) ...
 No. Model         -LnL         df  AIC          AICc         BIC
  1  Dayhoff       1203.409     11  2428.817     2431.817     2457.474
  2  Dayhoff+I     1192.940     12  2409.880     2413.466     2441.142
  3  Dayhoff+G4    1192.504     12  2409.009     2412.595     2440.271
  4  Dayhoff+I+G4  1190.042     13  2406.085     2410.317     2439.952
  5  Dayhoff+R2    1193.514     13  2413.028     2417.260     2446.895
  6  Dayhoff+R3    1192.270     15  2414.541     2420.255     2453.618
 14  Dayhoff+F     1162.406     30  2384.811     2411.768     2462.967
 15  Dayhoff+F+I   1153.933     31  2369.866     2399.042     2450.626
 16  Dayhoff+F+G4  1150.072     31  2362.144     2391.320     2442.904
 17  Dayhoff+F+I+G4 1148.992     32  2361.984     2393.506     2445.349
 18  Dayhoff+F+R2  1152.096     32  2368.193     2399.715     2451.558
 19  Dayhoff+F+R3  1149.913     34  2367.825     2404.440     2456.401
 27  mtMAM         1315.345     11  2652.689     2655.689     2681.346
 28  mtMAM+I       1294.697     12  2613.395     2616.981     2644.657
 29  mtMAM+G4      1280.266     12  2584.533     2588.119     2615.795
 30  mtMAM+I+G4    1277.127     13  2580.255     2584.487     2614.122
 31  mtMAM+R2      1284.653     13  2595.305     2599.538     2629.173
 32  mtMAM+R3      1280.630     15  2591.261     2596.975     2630.339
 40  mtMAM+F       1190.356     30  2440.711     2467.668     2518.866
 41  mtMAM+F+I     1178.306     31  2418.611     2447.788     2499.372
 42  mtMAM+F+G4    1159.299     31  2380.599     2409.775     2461.359
 43  mtMAM+F+I+G4  1158.372     32  2380.744     2412.267     2464.110
 44  mtMAM+F+R2    1162.851     32  2389.703     2421.225     2473.068
 45  mtMAM+F+R3    1160.419     34  2388.838     2425.453     2477.414
 53  JTT           1193.467     11  2408.934     2411.934     2437.591
 54  JTT+I         1184.553     12  2393.106     2396.692     2424.368
 55  JTT+G4        1184.188     12  2392.376     2395.962     2423.638
 56  JTT+I+G4      1182.087     13  2390.174     2394.406     2424.041
 57  JTT+R2        1184.805     13  2395.609     2399.842     2429.476
 58  JTT+R3        1184.225     15  2398.451     2404.165     2437.528
 66  JTT+F         1156.377     30  2372.755     2399.711     2450.910
 67  JTT+F+I       1149.623     31  2361.246     2390.423     2442.007
 68  JTT+F+G4      1145.337     31  2352.673     2381.850     2433.433
 69  JTT+F+I+G4    1144.683     32  2353.367     2384.889     2436.732
 70  JTT+F+R2      1146.363     32  2356.726     2388.249     2440.092
 71  JTT+F+R3      1145.580     34  2359.161     2395.776     2447.737
 79  WAG           1194.046     11  2410.092     2413.092     2438.748
 80  WAG+I         1187.331     12  2398.663     2402.249     2429.925
 81  WAG+G4        1187.050     12  2398.100     2401.686     2429.362
 82  WAG+I+G4      1185.494     13  2396.987     2401.220     2430.854
 83  WAG+R2        1186.952     13  2399.905     2404.137     2433.772
 84  WAG+R3        1186.700     15  2403.400     2409.114     2442.477
 92  WAG+F         1159.133     30  2378.266     2405.223     2456.421
 93  WAG+F+I       1152.717     31  2367.434     2396.610     2448.194
 94  WAG+F+G4      1148.340     31  2358.680     2387.857     2439.441
 95  WAG+F+I+G4    1147.928     32  2359.855     2391.377     2443.221
 96  WAG+F+R2      1148.789     32  2361.577     2393.099     2444.943
 97  WAG+F+R3      1148.423     34  2364.845     2401.461     2453.421
105  cpREV         1201.602     11  2425.204     2428.204     2453.861
106  cpREV+I       1195.075     12  2414.150     2417.736     2445.412
107  cpREV+G4      1189.995     12  2403.989     2407.575     2435.251
108  cpREV+I+G4    1189.267     13  2404.534     2408.767     2438.401
109  cpREV+R2      1190.278     13  2406.556     2410.788     2440.423
110  cpREV+R3      1189.993     15  2409.986     2415.700     2449.063
118  cpREV+F       1169.619     30  2399.237     2426.194     2477.392
119  cpREV+F+I     1161.508     31  2385.016     2414.193     2465.776
120  cpREV+F+G4    1153.352     31  2368.705     2397.881     2449.465
121  cpREV+F+I+G4  1153.058     32  2370.116     2401.639     2453.482
122  cpREV+F+R2    1154.475     32  2372.949     2404.472     2456.315
123  cpREV+F+R3    1153.717     34  2375.433     2412.049     2464.009
131  mtREV         1290.956     11  2603.912     2606.912     2632.569
132  mtREV+I       1278.103     12  2580.206     2583.792     2611.468
133  mtREV+G4      1270.582     12  2565.165     2568.751     2596.427
134  mtREV+I+G4    1267.888     13  2561.777     2566.009     2595.644
135  mtREV+R2      1271.199     13  2568.398     2572.630     2602.265
136  mtREV+R3      1270.546     15  2571.092     2576.806     2610.170
144  mtREV+F       1177.473     30  2414.946     2441.903     2493.101
145  mtREV+F+I     1168.892     31  2399.784     2428.961     2480.544
146  mtREV+F+G4    1156.396     31  2374.793     2403.969     2455.553
147  mtREV+F+I+G4  1156.087     32  2376.174     2407.697     2459.540
148  mtREV+F+R2    1157.752     32  2379.505     2411.027     2462.870
149  mtREV+F+R3    1156.854     34  2381.709     2418.324     2470.284
157  rtREV         1192.513     11  2407.027     2410.027     2435.684
158  rtREV+I       1184.588     12  2393.176     2396.763     2424.438
159  rtREV+G4      1184.292     12  2392.584     2396.171     2423.846
160  rtREV+I+G4    1182.323     13  2390.645     2394.878     2424.513
161  rtREV+R2      1184.305     13  2394.611     2398.843     2428.478
162  rtREV+R3      1183.912     15  2397.823     2403.537     2436.901
170  rtREV+F       1155.441     30  2370.882     2397.839     2449.037
171  rtREV+F+I     1148.241     31  2358.482     2387.659     2439.242
172  rtREV+F+G4    1144.457     31  2350.914     2380.091     2431.675
173  rtREV+F+I+G4  1143.629     32  2351.258     2382.781     2434.624
174  rtREV+F+R2    1145.349     32  2354.698     2386.221     2438.064
175  rtREV+F+R3    1144.549     34  2357.097     2393.713     2445.673
183  mtART         1320.047     11  2662.093     2665.093     2690.750
184  mtART+I       1299.024     12  2622.047     2625.633     2653.309
185  mtART+G4      1286.333     12  2596.665     2600.252     2627.928
186  mtART+I+G4    1281.863     13  2589.726     2593.959     2623.594
187  mtART+R2      1286.095     13  2598.189     2602.422     2632.056
188  mtART+R3      1280.517     15  2591.033     2596.747     2630.111
189  mtART+R4      1280.516     17  2595.031     2602.494     2639.319
196  mtART+F       1179.930     30  2419.861     2446.817     2498.016
197  mtART+F+I     1165.364     31  2392.728     2421.905     2473.488
198  mtART+F+G4    1148.577     31  2359.153     2388.330     2439.914
199  mtART+F+I+G4  1146.997     32  2357.995     2389.517     2441.360
200  mtART+F+R2    1148.098     32  2360.195     2391.718     2443.561
201  mtART+F+R3    1146.047     34  2360.094     2396.710     2448.670
209  mtZOA         1286.754     11  2595.509     2598.509     2624.166
210  mtZOA+I       1267.877     12  2559.755     2563.341     2591.017
211  mtZOA+G4      1261.843     12  2547.687     2551.273     2578.949
212  mtZOA+I+G4    1257.036     13  2540.071     2544.304     2573.938
213  mtZOA+R2      1261.126     13  2548.253     2552.485     2582.120
214  mtZOA+R3      1255.976     15  2541.951     2547.665     2581.029
215  mtZOA+R4      1255.973     17  2545.945     2553.408     2590.233
222  mtZOA+F       1171.105     30  2402.211     2429.167     2480.366
223  mtZOA+F+I     1158.420     31  2378.840     2408.016     2459.600
224  mtZOA+F+G4    1145.856     31  2353.712     2382.888     2434.472
225  mtZOA+F+I+G4  1144.566     32  2353.133     2384.655     2436.498
226  mtZOA+F+R2    1145.770     32  2355.540     2387.063     2438.906
227  mtZOA+F+R3    1143.766     34  2355.533     2392.148     2444.108
235  VT            1187.157     11  2396.315     2399.315     2424.972
236  VT+I          1180.931     12  2385.863     2389.449     2417.125
237  VT+G4         1182.196     12  2388.392     2391.978     2419.654
238  VT+I+G4       1180.195     13  2386.390     2390.622     2420.257
239  VT+R2         1181.787     13  2389.574     2393.807     2423.441
240  VT+R3         1180.273     15  2390.547     2396.261     2429.624
248  VT+F          1154.391     30  2368.782     2395.739     2446.937
249  VT+F+I        1148.930     31  2359.860     2389.037     2440.620
250  VT+F+G4       1147.339     31  2356.679     2385.855     2437.439
251  VT+F+I+G4     1146.569     32  2357.137     2388.660     2440.503
252  VT+F+R2       1147.399     32  2358.797     2390.320     2442.163
253  VT+F+R3       1146.840     34  2361.679     2398.295     2450.255
261  LG            1184.589     11  2391.177     2394.177     2419.834
262  LG+I          1175.798     12  2375.596     2379.182     2406.858
263  LG+G4         1173.055     12  2370.110     2373.696     2401.372
264  LG+I+G4       1171.513     13  2369.026     2373.258     2402.893
265  LG+R2         1173.770     13  2373.541     2377.773     2407.408
266  LG+R3         1171.292     15  2372.585     2378.299     2411.662
274  LG+F          1157.265     30  2374.529     2401.486     2452.684
275  LG+F+I        1149.571     31  2361.143     2390.319     2441.903
276  LG+F+G4       1142.612     31  2347.225     2376.401     2427.985
277  LG+F+I+G4     1142.144     32  2348.288     2379.810     2431.653
278  LG+F+R2       1143.774     32  2351.548     2383.070     2434.913
279  LG+F+R3       1141.980     34  2351.961     2388.576     2440.537
287  DCMut         1203.397     11  2428.794     2431.794     2457.451
288  DCMut+I       1192.948     12  2409.896     2413.482     2441.158
289  DCMut+G4      1192.562     12  2409.124     2412.710     2440.386
290  DCMut+I+G4    1190.098     13  2406.195     2410.428     2440.062
291  DCMut+R2      1193.260     13  2412.520     2416.753     2446.387
292  DCMut+R3      1189.677     15  2409.355     2415.069     2448.432
300  DCMut+F       1162.360     30  2384.721     2411.677     2462.876
301  DCMut+F+I     1153.925     31  2369.851     2399.027     2450.611
302  DCMut+F+G4    1150.123     31  2362.246     2391.422     2443.006
303  DCMut+F+I+G4  1149.035     32  2362.069     2393.592     2445.435
304  DCMut+F+R2    1152.191     32  2368.383     2399.905     2451.748
305  DCMut+F+R3    1148.101     34  2364.201     2400.817     2452.777
313  PMB           1201.706     11  2425.411     2428.411     2454.068
314  PMB+I         1194.993     12  2413.986     2417.572     2445.248
315  PMB+G4        1196.402     12  2416.804     2420.390     2448.066
316  PMB+I+G4      1194.207     13  2414.414     2418.646     2448.281
317  PMB+R2        1196.169     13  2418.338     2422.571     2452.206
318  PMB+R3        1194.112     15  2418.224     2423.938     2457.301
326  PMB+F         1161.388     30  2382.776     2409.732     2460.931
327  PMB+F+I       1154.938     31  2371.876     2401.052     2452.636
328  PMB+F+G4      1153.347     31  2368.694     2397.870     2449.454
329  PMB+F+I+G4    1152.407     32  2368.815     2400.337     2452.180
330  PMB+F+R2      1153.740     32  2371.481     2403.003     2454.846
331  PMB+F+R3      1152.215     34  2372.430     2409.046     2461.006
339  HIVb          1218.466     11  2458.932     2461.932     2487.589
340  HIVb+I        1207.726     12  2439.452     2443.038     2470.714
341  HIVb+G4       1198.912     12  2421.824     2425.410     2453.086
342  HIVb+I+G4     1197.460     13  2420.919     2425.152     2454.786
343  HIVb+R2       1199.209     13  2424.418     2428.651     2458.285
344  HIVb+R3       1195.759     15  2421.518     2427.232     2460.595
352  HIVb+F        1182.605     30  2425.209     2452.166     2503.364
353  HIVb+F+I      1172.779     31  2407.557     2436.734     2488.318
354  HIVb+F+G4     1160.834     31  2383.669     2412.845     2464.429
355  HIVb+F+I+G4   1160.003     32  2384.007     2415.529     2467.372
356  HIVb+F+R2     1160.898     32  2385.796     2417.319     2469.162
357  HIVb+F+R3     1158.777     34  2385.553     2422.169     2474.129
365  HIVw          1259.496     11  2540.993     2543.993     2569.650
366  HIVw+I        1245.138     12  2514.277     2517.863     2545.539
367  HIVw+G4       1240.004     12  2504.008     2507.594     2535.270
368  HIVw+I+G4     1237.624     13  2501.247     2505.480     2535.114
369  HIVw+R2       1241.046     13  2508.092     2512.324     2541.959
370  HIVw+R3       1237.213     15  2504.425     2510.139     2543.503
378  HIVw+F        1181.839     30  2423.678     2450.634     2501.833
379  HIVw+F+I      1170.238     31  2402.476     2431.652     2483.236
380  HIVw+F+G4     1165.649     31  2393.299     2422.475     2474.059
381  HIVw+F+I+G4   1163.833     32  2391.665     2423.188     2475.031
382  HIVw+F+R2     1167.863     32  2399.725     2431.248     2483.091
383  HIVw+F+R3     1163.626     34  2395.253     2431.868     2483.828
391  JTTDCMut      1193.826     11  2409.652     2412.652     2438.309
392  JTTDCMut+I    1184.821     12  2393.641     2397.227     2424.903
393  JTTDCMut+G4   1184.525     12  2393.050     2396.637     2424.312
394  JTTDCMut+I+G4 1182.385     13  2390.769     2395.002     2424.636
395  JTTDCMut+R2   1185.204     13  2396.408     2400.641     2430.275
396  JTTDCMut+R3   1181.958     15  2393.916     2399.630     2432.993
404  JTTDCMut+F    1156.660     30  2373.319     2400.276     2451.474
405  JTTDCMut+F+I  1149.800     31  2361.599     2390.776     2442.359
406  JTTDCMut+F+G4 1145.555     31  2353.110     2382.286     2433.870
407  JTTDCMut+F+I+G4 1144.876     32  2353.753     2385.275     2437.118
408  JTTDCMut+F+R2 1146.587     32  2357.175     2388.697     2440.540
409  JTTDCMut+F+R3 1144.493     34  2356.987     2393.602     2445.562
417  FLU           1219.083     11  2460.166     2463.166     2488.822
418  FLU+I         1206.081     12  2436.163     2439.749     2467.425
419  FLU+G4        1203.538     12  2431.076     2434.662     2462.338
420  FLU+I+G4      1200.967     13  2427.934     2432.166     2461.801
421  FLU+R2        1204.645     13  2435.291     2439.523     2469.158
422  FLU+R3        1200.365     15  2430.731     2436.445     2469.808
430  FLU+F         1168.315     30  2396.630     2423.587     2474.786
431  FLU+F+I       1156.817     31  2375.634     2404.810     2456.394
432  FLU+F+G4      1152.322     31  2366.644     2395.820     2447.404
433  FLU+F+I+G4    1150.550     32  2365.100     2396.623     2448.466
434  FLU+F+R2      1153.683     32  2371.366     2402.889     2454.732
435  FLU+F+R3      1150.426     34  2368.851     2405.467     2457.427
443  Blosum62      1196.174     11  2414.348     2417.348     2443.005
444  Blosum62+I    1189.571     12  2403.143     2406.729     2434.405
445  Blosum62+G4   1190.797     12  2405.593     2409.180     2436.856
446  Blosum62+I+G4 1188.689     13  2403.378     2407.610     2437.245
447  Blosum62+R2   1190.272     13  2406.544     2410.777     2440.412
448  Blosum62+R3   1188.688     15  2407.376     2413.090     2446.453
456  Blosum62+F    1157.649     30  2375.298     2402.254     2453.453
457  Blosum62+F+I  1151.398     31  2364.796     2393.972     2445.556
458  Blosum62+F+G4 1149.407     31  2360.814     2389.991     2441.575
459  Blosum62+F+I+G4 1148.575     32  2361.150     2392.673     2444.516
460  Blosum62+F+R2 1149.529     32  2363.059     2394.581     2446.424
461  Blosum62+F+R3 1148.694     34  2365.387     2402.003     2453.963
469  mtMet         1303.056     11  2628.111     2631.111     2656.768
470  mtMet+I       1284.188     12  2592.377     2595.963     2623.639
471  mtMet+G4      1282.815     12  2589.630     2593.217     2620.892
472  mtMet+I+G4    1277.795     13  2581.590     2585.822     2615.457
473  mtMet+R2      1281.485     13  2588.969     2593.202     2622.836
474  mtMet+R3      1277.079     15  2584.158     2589.873     2623.236
482  mtMet+F       1170.321     30  2400.642     2427.598     2478.797
483  mtMet+F+I     1159.906     31  2381.813     2410.989     2462.573
484  mtMet+F+G4    1151.127     31  2364.254     2393.430     2445.014
485  mtMet+F+I+G4  1149.934     32  2363.867     2395.390     2447.233
486  mtMet+F+R2    1151.920     32  2367.839     2399.362     2451.205
487  mtMet+F+R3    1149.831     34  2367.662     2404.278     2456.238
495  mtVer         1301.207     11  2624.415     2627.415     2653.071
496  mtVer+I       1282.142     12  2588.285     2591.871     2619.547
497  mtVer+G4      1277.418     12  2578.836     2582.422     2610.098
498  mtVer+I+G4    1273.050     13  2572.099     2576.332     2605.966
499  mtVer+R2      1276.153     13  2578.306     2582.538     2612.173
500  mtVer+R3      1272.145     15  2574.291     2580.005     2613.368
508  mtVer+F       1182.994     30  2425.988     2452.944     2504.143
509  mtVer+F+I     1171.097     31  2404.194     2433.371     2484.954
510  mtVer+F+G4    1159.269     31  2380.538     2409.715     2461.298
511  mtVer+F+I+G4  1158.417     32  2380.833     2412.356     2464.199
512  mtVer+F+R2    1160.933     32  2385.866     2417.388     2469.231
513  mtVer+F+R3    1158.770     34  2385.539     2422.155     2474.115
521  mtInv         1319.046     11  2660.091     2663.091     2688.748
522  mtInv+I       1301.812     12  2627.623     2631.210     2658.885
523  mtInv+G4      1301.833     12  2627.667     2631.253     2658.929
524  mtInv+I+G4    1297.026     13  2620.052     2624.284     2653.919
525  mtInv+R2      1300.568     13  2627.136     2631.368     2661.003
526  mtInv+R3      1296.392     15  2622.785     2628.499     2661.862
534  mtInv+F       1164.309     30  2388.618     2415.574     2466.773
535  mtInv+F+I     1155.551     31  2373.102     2402.278     2453.862
536  mtInv+F+G4    1147.189     31  2356.378     2385.554     2437.138
537  mtInv+F+I+G4  1146.365     32  2356.730     2388.253     2440.096
538  mtInv+F+R2    1148.034     32  2360.069     2391.591     2443.434
539  mtInv+F+R3    1145.963     34  2359.925     2396.541     2448.501
Akaike Information Criterion:           LG+F+G4
Corrected Akaike Information Criterion: LG+I+G4
Bayesian Information Criterion:         LG+G4
Best-fit model: LG+G4 chosen according to BIC

All model information printed to crystal_aa.fa.model.gz
CPU time for ModelFinder: 2.282 seconds (0h:0m:2s)
Wall-clock time for ModelFinder: 2.301 seconds (0h:0m:2s)

===> START BOOTSTRAP REPLICATE NUMBER 1

Creating bootstrap alignment (seed: 933809)...

Create initial parsimony tree by phylogenetic likelihood library (PLL)... 0.000 seconds

NOTE: 0 MB RAM (0 GB) is required!
Estimate model parameters (epsilon = 0.100)
1. Initial log-likelihood: -1227.577
2. Current log-likelihood: -1206.701
3. Current log-likelihood: -1206.487
Optimal log-likelihood: -1206.455
Gamma shape alpha: 1.437
Parameters optimization took 3 rounds (0.008 sec)
Computing ML distances based on estimated model parameters... 0.010 sec
Computing BIONJ tree...
0.012 seconds
Log-likelihood of BIONJ tree: -1206.546
--------------------------------------------------------------------
|             INITIALIZING CANDIDATE TREE SET                      |
--------------------------------------------------------------------
Generating 98 parsimony trees... 0.015 second
Computing log-likelihood of 52 initial trees ... 0.054 seconds
Current best score: -1205.922

Do NNI search on 20 best initial trees
Estimate model parameters (epsilon = 0.100)
BETTER TREE FOUND at iteration 1: -1205.835
Iteration 10 / LogL: -1205.866 / Time: 0h:0m:0s
Iteration 20 / LogL: -1205.845 / Time: 0h:0m:0s
Finish initializing candidate tree set (2)
Current best tree score: -1205.835 / CPU time: 0.199
Number of iterations: 20
--------------------------------------------------------------------
|               OPTIMIZING CANDIDATE TREE SET                      |
--------------------------------------------------------------------
Iteration 30 / LogL: -1205.839 / Time: 0h:0m:0s (0h:0m:0s left)
Iteration 40 / LogL: -1205.852 / Time: 0h:0m:0s (0h:0m:0s left)
Iteration 50 / LogL: -1206.546 / Time: 0h:0m:0s (0h:0m:0s left)
Iteration 60 / LogL: -1205.967 / Time: 0h:0m:0s (0h:0m:0s left)
UPDATE BEST LOG-LIKELIHOOD: -1205.833
Iteration 70 / LogL: -1205.846 / Time: 0h:0m:0s (0h:0m:0s left)
UPDATE BEST LOG-LIKELIHOOD: -1205.833
Iteration 80 / LogL: -1205.864 / Time: 0h:0m:0s (0h:0m:0s left)
Iteration 90 / LogL: -1205.841 / Time: 0h:0m:0s (0h:0m:0s left)
Iteration 100 / LogL: -1206.692 / Time: 0h:0m:0s (0h:0m:0s left)
UPDATE BEST LOG-LIKELIHOOD: -1205.833
TREE SEARCH COMPLETED AFTER 102 ITERATIONS / Time: 0h:0m:0s

--------------------------------------------------------------------
|                    FINALIZING TREE SEARCH                        |
--------------------------------------------------------------------
Performs final model parameters optimization
Estimate model parameters (epsilon = 0.010)
1. Initial log-likelihood: -1205.833
Optimal log-likelihood: -1205.830
Gamma shape alpha: 1.468
Parameters optimization took 1 rounds (0.002 sec)
BEST SCORE FOUND : -1205.830
Total tree length: 8.223

Total number of iterations: 102
CPU time used for tree search: 0.715 sec (0h:0m:0s)
Wall-clock time used for tree search: 0.755 sec (0h:0m:0s)
Total CPU time used: 0.743 sec (0h:0m:0s)
Total wall-clock time used: 0.798 sec (0h:0m:0s)

===> START BOOTSTRAP REPLICATE NUMBER 2

Creating bootstrap alignment (seed: 933810)...
WARNING: States(s) W rarely appear in alignment and may cause numerical problems

Create initial parsimony tree by phylogenetic likelihood library (PLL)... 0.000 seconds

NOTE: 0 MB RAM (0 GB) is required!
Estimate model parameters (epsilon = 0.100)
1. Initial log-likelihood: -1196.631
2. Current log-likelihood: -1163.659
3. Current log-likelihood: -1163.361
Optimal log-likelihood: -1163.336
Gamma shape alpha: 1.236
Parameters optimization took 3 rounds (0.008 sec)
Computing ML distances based on estimated model parameters... 0.010 sec
Computing BIONJ tree...
0.007 seconds
Log-likelihood of BIONJ tree: -1161.932
--------------------------------------------------------------------
|             INITIALIZING CANDIDATE TREE SET                      |
--------------------------------------------------------------------
Generating 98 parsimony trees... 0.014 second
Computing log-likelihood of 57 initial trees ... 0.059 seconds
Current best score: -1161.518

Do NNI search on 20 best initial trees
Estimate model parameters (epsilon = 0.100)
BETTER TREE FOUND at iteration 1: -1161.139
WARNING: NNI search needs unusual large number of steps (7) to converge!
UPDATE BEST LOG-LIKELIHOOD: -1161.139
UPDATE BEST LOG-LIKELIHOOD: -1161.139
UPDATE BEST LOG-LIKELIHOOD: -1161.136
Iteration 10 / LogL: -1161.143 / Time: 0h:0m:0s
WARNING: NNI search needs unusual large number of steps (7) to converge!
WARNING: NNI search needs unusual large number of steps (7) to converge!
Iteration 20 / LogL: -1162.232 / Time: 0h:0m:0s
Finish initializing candidate tree set (6)
Current best tree score: -1161.136 / CPU time: 0.355
Number of iterations: 20
--------------------------------------------------------------------
|               OPTIMIZING CANDIDATE TREE SET                      |
--------------------------------------------------------------------
UPDATE BEST LOG-LIKELIHOOD: -1161.135
WARNING: NNI search needs unusual large number of steps (7) to converge!
Estimate model parameters (epsilon = 0.100)
BETTER TREE FOUND at iteration 29: -1161.104
Iteration 30 / LogL: -1161.147 / Time: 0h:0m:0s (0h:0m:1s left)
UPDATE BEST LOG-LIKELIHOOD: -1161.103
WARNING: NNI search needs unusual large number of steps (7) to converge!
Iteration 40 / LogL: -1161.930 / Time: 0h:0m:0s (0h:0m:1s left)
WARNING: NNI search needs unusual large number of steps (7) to converge!
UPDATE BEST LOG-LIKELIHOOD: -1161.103
BETTER TREE FOUND at iteration 46: -1161.102
UPDATE BEST LOG-LIKELIHOOD: -1161.102
Iteration 50 / LogL: -1161.148 / Time: 0h:0m:0s (0h:0m:1s left)
Iteration 60 / LogL: -1161.147 / Time: 0h:0m:0s (0h:0m:1s left)
UPDATE BEST LOG-LIKELIHOOD: -1161.101
UPDATE BEST LOG-LIKELIHOOD: -1161.101
Iteration 70 / LogL: -1161.148 / Time: 0h:0m:0s (0h:0m:1s left)
UPDATE BEST LOG-LIKELIHOOD: -1161.101
UPDATE BEST LOG-LIKELIHOOD: -1161.101
UPDATE BEST LOG-LIKELIHOOD: -1161.101
WARNING: NNI search needs unusual large number of steps (7) to converge!
WARNING: NNI search needs unusual large number of steps (7) to converge!
Iteration 80 / LogL: -1161.184 / Time: 0h:0m:1s (0h:0m:0s left)
WARNING: NNI search needs unusual large number of steps (7) to converge!
WARNING: NNI search needs unusual large number of steps (7) to converge!
WARNING: NNI search needs unusual large number of steps (7) to converge!
WARNING: NNI search needs unusual large number of steps (7) to converge!
UPDATE BEST LOG-LIKELIHOOD: -1161.101
Iteration 90 / LogL: -1161.147 / Time: 0h:0m:1s (0h:0m:0s left)
Iteration 100 / LogL: -1161.932 / Time: 0h:0m:1s (0h:0m:0s left)
WARNING: NNI search needs unusual large number of steps (7) to converge!
WARNING: NNI search needs unusual large number of steps (7) to converge!
WARNING: NNI search needs unusual large number of steps (7) to converge!
UPDATE BEST LOG-LIKELIHOOD: -1161.101
Iteration 110 / LogL: -1161.101 / Time: 0h:0m:1s (0h:0m:0s left)
WARNING: NNI search needs unusual large number of steps (7) to converge!
Iteration 120 / LogL: -1161.147 / Time: 0h:0m:1s (0h:0m:0s left)
WARNING: NNI search needs unusual large number of steps (7) to converge!
Iteration 130 / LogL: -1161.149 / Time: 0h:0m:1s (0h:0m:0s left)
WARNING: NNI search needs unusual large number of steps (7) to converge!
WARNING: NNI search needs unusual large number of steps (7) to converge!
Iteration 140 / LogL: -1161.103 / Time: 0h:0m:1s (0h:0m:0s left)
TREE SEARCH COMPLETED AFTER 147 ITERATIONS / Time: 0h:0m:1s

--------------------------------------------------------------------
|                    FINALIZING TREE SEARCH                        |
--------------------------------------------------------------------
Performs final model parameters optimization
Estimate model parameters (epsilon = 0.010)
1. Initial log-likelihood: -1161.101
Optimal log-likelihood: -1161.097
Gamma shape alpha: 1.210
Parameters optimization took 1 rounds (0.001 sec)
BEST SCORE FOUND : -1161.097
Total tree length: 10.107

Total number of iterations: 147
CPU time used for tree search: 1.677 sec (0h:0m:1s)
Wall-clock time used for tree search: 1.731 sec (0h:0m:1s)
Total CPU time used: 1.704 sec (0h:0m:1s)
Total wall-clock time used: 1.773 sec (0h:0m:1s)

===> START BOOTSTRAP REPLICATE NUMBER 3

Creating bootstrap alignment (seed: 933811)...
WARNING: States(s) W rarely appear in alignment and may cause numerical problems

Create initial parsimony tree by phylogenetic likelihood library (PLL)... 0.000 seconds

NOTE: 0 MB RAM (0 GB) is required!
Estimate model parameters (epsilon = 0.100)
1. Initial log-likelihood: -1240.373
2. Current log-likelihood: -1202.153
3. Current log-likelihood: -1200.284
4. Current log-likelihood: -1200.036
Optimal log-likelihood: -1199.998
Gamma shape alpha: 2.789
Parameters optimization took 4 rounds (0.012 sec)
Computing ML distances based on estimated model parameters... 0.010 sec
WARNING: Some pairwise ML distances are too long (saturated)
Computing BIONJ tree...
0.007 seconds
Log-likelihood of BIONJ tree: -1206.188
--------------------------------------------------------------------
|             INITIALIZING CANDIDATE TREE SET                      |
--------------------------------------------------------------------
Generating 98 parsimony trees... 0.015 second
Computing log-likelihood of 46 initial trees ... 0.043 seconds
Current best score: -1196.551

Do NNI search on 20 best initial trees
Estimate model parameters (epsilon = 0.100)
BETTER TREE FOUND at iteration 1: -1195.952
Iteration 10 / LogL: -1196.001 / Time: 0h:0m:0s
Iteration 20 / LogL: -1196.176 / Time: 0h:0m:0s
Finish initializing candidate tree set (2)
Current best tree score: -1195.952 / CPU time: 0.173
Number of iterations: 20
--------------------------------------------------------------------
|               OPTIMIZING CANDIDATE TREE SET                      |
--------------------------------------------------------------------
UPDATE BEST LOG-LIKELIHOOD: -1195.952
Iteration 30 / LogL: -1206.770 / Time: 0h:0m:0s (0h:0m:0s left)
Iteration 40 / LogL: -1196.213 / Time: 0h:0m:0s (0h:0m:0s left)
Iteration 50 / LogL: -1206.190 / Time: 0h:0m:0s (0h:0m:0s left)
UPDATE BEST LOG-LIKELIHOOD: -1195.944
Iteration 60 / LogL: -1196.240 / Time: 0h:0m:0s (0h:0m:0s left)
Iteration 70 / LogL: -1196.141 / Time: 0h:0m:0s (0h:0m:0s left)
Iteration 80 / LogL: -1206.298 / Time: 0h:0m:0s (0h:0m:0s left)
Iteration 90 / LogL: -1195.944 / Time: 0h:0m:0s (0h:0m:0s left)
Iteration 100 / LogL: -1206.345 / Time: 0h:0m:0s (0h:0m:0s left)
TREE SEARCH COMPLETED AFTER 102 ITERATIONS / Time: 0h:0m:0s

--------------------------------------------------------------------
|                    FINALIZING TREE SEARCH                        |
--------------------------------------------------------------------
Performs final model parameters optimization
Estimate model parameters (epsilon = 0.010)
1. Initial log-likelihood: -1195.944
Optimal log-likelihood: -1195.940
Gamma shape alpha: 2.623
Parameters optimization took 1 rounds (0.002 sec)
BEST SCORE FOUND : -1195.940
Total tree length: 8.361

Total number of iterations: 102
CPU time used for tree search: 0.612 sec (0h:0m:0s)
Wall-clock time used for tree search: 0.626 sec (0h:0m:0s)
Total CPU time used: 0.645 sec (0h:0m:0s)
Total wall-clock time used: 0.674 sec (0h:0m:0s)

===> START BOOTSTRAP REPLICATE NUMBER 4

Creating bootstrap alignment (seed: 933812)...

Create initial parsimony tree by phylogenetic likelihood library (PLL)... 0.000 seconds

NOTE: 0 MB RAM (0 GB) is required!
Estimate model parameters (epsilon = 0.100)
1. Initial log-likelihood: -1135.222
2. Current log-likelihood: -1086.501
3. Current log-likelihood: -1086.085
Optimal log-likelihood: -1086.049
Gamma shape alpha: 1.659
Parameters optimization took 3 rounds (0.007 sec)
Computing ML distances based on estimated model parameters... 0.009 sec
Computing BIONJ tree...
0.007 seconds
Log-likelihood of BIONJ tree: -1078.214
--------------------------------------------------------------------
|             INITIALIZING CANDIDATE TREE SET                      |
--------------------------------------------------------------------
Generating 98 parsimony trees... 0.015 second
Computing log-likelihood of 41 initial trees ... 0.041 seconds
Current best score: -1078.214

Do NNI search on 20 best initial trees
Estimate model parameters (epsilon = 0.100)
BETTER TREE FOUND at iteration 1: -1078.098
UPDATE BEST LOG-LIKELIHOOD: -1078.096
UPDATE BEST LOG-LIKELIHOOD: -1078.095
Iteration 10 / LogL: -1078.095 / Time: 0h:0m:0s
UPDATE BEST LOG-LIKELIHOOD: -1078.094
Iteration 20 / LogL: -1078.127 / Time: 0h:0m:0s
Finish initializing candidate tree set (3)
Current best tree score: -1078.094 / CPU time: 0.241
Number of iterations: 20
--------------------------------------------------------------------
|               OPTIMIZING CANDIDATE TREE SET                      |
--------------------------------------------------------------------
UPDATE BEST LOG-LIKELIHOOD: -1078.093
UPDATE BEST LOG-LIKELIHOOD: -1078.093
Iteration 30 / LogL: -1078.990 / Time: 0h:0m:0s (0h:0m:0s left)
Iteration 40 / LogL: -1078.097 / Time: 0h:0m:0s (0h:0m:0s left)
Iteration 50 / LogL: -1078.095 / Time: 0h:0m:0s (0h:0m:0s left)
UPDATE BEST LOG-LIKELIHOOD: -1078.092
WARNING: NNI search needs unusual large number of steps (7) to converge!
Iteration 60 / LogL: -1078.093 / Time: 0h:0m:0s (0h:0m:0s left)
WARNING: NNI search needs unusual large number of steps (7) to converge!
Iteration 70 / LogL: -1078.096 / Time: 0h:0m:0s (0h:0m:0s left)
UPDATE BEST LOG-LIKELIHOOD: -1078.092
WARNING: NNI search needs unusual large number of steps (7) to converge!
Iteration 80 / LogL: -1078.990 / Time: 0h:0m:0s (0h:0m:0s left)
WARNING: NNI search needs unusual large number of steps (7) to converge!
UPDATE BEST LOG-LIKELIHOOD: -1078.092
UPDATE BEST LOG-LIKELIHOOD: -1078.092
Iteration 90 / LogL: -1078.093 / Time: 0h:0m:0s (0h:0m:0s left)
WARNING: NNI search needs unusual large number of steps (7) to converge!
Iteration 100 / LogL: -1078.107 / Time: 0h:0m:0s (0h:0m:0s left)
TREE SEARCH COMPLETED AFTER 102 ITERATIONS / Time: 0h:0m:0s

--------------------------------------------------------------------
|                    FINALIZING TREE SEARCH                        |
--------------------------------------------------------------------
Performs final model parameters optimization
Estimate model parameters (epsilon = 0.010)
1. Initial log-likelihood: -1078.092
2. Current log-likelihood: -1078.080
Optimal log-likelihood: -1078.074
Gamma shape alpha: 1.983
Parameters optimization took 2 rounds (0.004 sec)
BEST SCORE FOUND : -1078.074
Total tree length: 6.923

Total number of iterations: 102
CPU time used for tree search: 0.851 sec (0h:0m:0s)
Wall-clock time used for tree search: 0.882 sec (0h:0m:0s)
Total CPU time used: 0.879 sec (0h:0m:0s)
Total wall-clock time used: 0.925 sec (0h:0m:0s)

===> START BOOTSTRAP REPLICATE NUMBER 5

Creating bootstrap alignment (seed: 933813)...
WARNING: States(s) W rarely appear in alignment and may cause numerical problems

Create initial parsimony tree by phylogenetic likelihood library (PLL)... 0.000 seconds

NOTE: 0 MB RAM (0 GB) is required!
Estimate model parameters (epsilon = 0.100)
1. Initial log-likelihood: -1270.526
2. Current log-likelihood: -1246.827
3. Current log-likelihood: -1245.850
4. Current log-likelihood: -1245.664
Optimal log-likelihood: -1245.627
Gamma shape alpha: 2.377
Parameters optimization took 4 rounds (0.012 sec)
Computing ML distances based on estimated model parameters... 0.009 sec
Computing BIONJ tree...
0.006 seconds
Log-likelihood of BIONJ tree: -1244.508
--------------------------------------------------------------------
|             INITIALIZING CANDIDATE TREE SET                      |
--------------------------------------------------------------------
Generating 98 parsimony trees... 0.014 second
Computing log-likelihood of 57 initial trees ... 0.055 seconds
Current best score: -1244.508

Do NNI search on 20 best initial trees
Estimate model parameters (epsilon = 0.100)
BETTER TREE FOUND at iteration 1: -1244.505
Iteration 10 / LogL: -1244.582 / Time: 0h:0m:0s
Iteration 20 / LogL: -1244.569 / Time: 0h:0m:0s
Finish initializing candidate tree set (1)
Current best tree score: -1244.505 / CPU time: 0.177
Number of iterations: 20
--------------------------------------------------------------------
|               OPTIMIZING CANDIDATE TREE SET                      |
--------------------------------------------------------------------
UPDATE BEST LOG-LIKELIHOOD: -1244.505
UPDATE BEST LOG-LIKELIHOOD: -1244.505
Iteration 30 / LogL: -1244.505 / Time: 0h:0m:0s (0h:0m:0s left)
Iteration 40 / LogL: -1244.953 / Time: 0h:0m:0s (0h:0m:0s left)
UPDATE BEST LOG-LIKELIHOOD: -1244.505
Iteration 50 / LogL: -1244.595 / Time: 0h:0m:0s (0h:0m:0s left)
Iteration 60 / LogL: -1244.718 / Time: 0h:0m:0s (0h:0m:0s left)
Iteration 70 / LogL: -1244.567 / Time: 0h:0m:0s (0h:0m:0s left)
Iteration 80 / LogL: -1244.735 / Time: 0h:0m:0s (0h:0m:0s left)
Iteration 90 / LogL: -1244.611 / Time: 0h:0m:0s (0h:0m:0s left)
Iteration 100 / LogL: -1244.619 / Time: 0h:0m:0s (0h:0m:0s left)
TREE SEARCH COMPLETED AFTER 102 ITERATIONS / Time: 0h:0m:0s

--------------------------------------------------------------------
|                    FINALIZING TREE SEARCH                        |
--------------------------------------------------------------------
Performs final model parameters optimization
Estimate model parameters (epsilon = 0.010)
1. Initial log-likelihood: -1244.505
Optimal log-likelihood: -1244.505
Gamma shape alpha: 2.435
Parameters optimization took 1 rounds (0.002 sec)
BEST SCORE FOUND : -1244.505
Total tree length: 6.784

Total number of iterations: 102
CPU time used for tree search: 0.592 sec (0h:0m:0s)
Wall-clock time used for tree search: 0.609 sec (0h:0m:0s)
Total CPU time used: 0.622 sec (0h:0m:0s)
Total wall-clock time used: 0.651 sec (0h:0m:0s)

===> START BOOTSTRAP REPLICATE NUMBER 6

Creating bootstrap alignment (seed: 933814)...

Create initial parsimony tree by phylogenetic likelihood library (PLL)... 0.000 seconds

NOTE: 0 MB RAM (0 GB) is required!
Estimate model parameters (epsilon = 0.100)
1. Initial log-likelihood: -1127.060
2. Current log-likelihood: -1101.873
3. Current log-likelihood: -1101.177
Optimal log-likelihood: -1101.158
Gamma shape alpha: 1.082
Parameters optimization took 3 rounds (0.007 sec)
Computing ML distances based on estimated model parameters... 0.010 sec
Computing BIONJ tree...
0.007 seconds
Log-likelihood of BIONJ tree: -1095.265
--------------------------------------------------------------------
|             INITIALIZING CANDIDATE TREE SET                      |
--------------------------------------------------------------------
Generating 98 parsimony trees... 0.015 second
Computing log-likelihood of 66 initial trees ... 0.072 seconds
Current best score: -1095.265

Do NNI search on 20 best initial trees
Estimate model parameters (epsilon = 0.100)
BETTER TREE FOUND at iteration 1: -1095.229
UPDATE BEST LOG-LIKELIHOOD: -1095.227
UPDATE BEST LOG-LIKELIHOOD: -1095.227
UPDATE BEST LOG-LIKELIHOOD: -1095.227
WARNING: NNI search needs unusual large number of steps (7) to converge!
Iteration 10 / LogL: -1095.227 / Time: 0h:0m:0s
WARNING: NNI search needs unusual large number of steps (7) to converge!
WARNING: NNI search needs unusual large number of steps (7) to converge!
Iteration 20 / LogL: -1095.227 / Time: 0h:0m:0s
Finish initializing candidate tree set (3)
Current best tree score: -1095.227 / CPU time: 0.339
Number of iterations: 20
--------------------------------------------------------------------
|               OPTIMIZING CANDIDATE TREE SET                      |
--------------------------------------------------------------------
WARNING: NNI search needs unusual large number of steps (7) to converge!
UPDATE BEST LOG-LIKELIHOOD: -1095.227
UPDATE BEST LOG-LIKELIHOOD: -1095.227
UPDATE BEST LOG-LIKELIHOOD: -1095.227
Iteration 30 / LogL: -1095.228 / Time: 0h:0m:0s (0h:0m:1s left)
WARNING: NNI search needs unusual large number of steps (7) to converge!
WARNING: NNI search needs unusual large number of steps (7) to converge!
WARNING: NNI search needs unusual large number of steps (7) to converge!
Iteration 40 / LogL: -1095.227 / Time: 0h:0m:0s (0h:0m:0s left)
UPDATE BEST LOG-LIKELIHOOD: -1095.227
UPDATE BEST LOG-LIKELIHOOD: -1095.227
Iteration 50 / LogL: -1095.227 / Time: 0h:0m:0s (0h:0m:0s left)
Iteration 60 / LogL: -1095.227 / Time: 0h:0m:0s (0h:0m:0s left)
WARNING: NNI search needs unusual large number of steps (7) to converge!
Iteration 70 / LogL: -1095.228 / Time: 0h:0m:0s (0h:0m:0s left)
WARNING: NNI search needs unusual large number of steps (7) to converge!
WARNING: NNI search needs unusual large number of steps (7) to converge!
Iteration 80 / LogL: -1095.227 / Time: 0h:0m:0s (0h:0m:0s left)
WARNING: NNI search needs unusual large number of steps (7) to converge!
Iteration 90 / LogL: -1095.227 / Time: 0h:0m:1s (0h:0m:0s left)
WARNING: NNI search needs unusual large number of steps (7) to converge!
Iteration 100 / LogL: -1095.227 / Time: 0h:0m:1s (0h:0m:0s left)
TREE SEARCH COMPLETED AFTER 102 ITERATIONS / Time: 0h:0m:1s

--------------------------------------------------------------------
|                    FINALIZING TREE SEARCH                        |
--------------------------------------------------------------------
Performs final model parameters optimization
Estimate model parameters (epsilon = 0.010)
1. Initial log-likelihood: -1095.227
Optimal log-likelihood: -1095.221
Gamma shape alpha: 1.005
Parameters optimization took 1 rounds (0.002 sec)
BEST SCORE FOUND : -1095.221
Total tree length: 7.489

Total number of iterations: 102
CPU time used for tree search: 1.056 sec (0h:0m:1s)
Wall-clock time used for tree search: 1.084 sec (0h:0m:1s)
Total CPU time used: 1.082 sec (0h:0m:1s)
Total wall-clock time used: 1.124 sec (0h:0m:1s)

===> START BOOTSTRAP REPLICATE NUMBER 7

Creating bootstrap alignment (seed: 933815)...
WARNING: States(s) C rarely appear in alignment and may cause numerical problems

Create initial parsimony tree by phylogenetic likelihood library (PLL)... 0.000 seconds

NOTE: 0 MB RAM (0 GB) is required!
Estimate model parameters (epsilon = 0.100)
1. Initial log-likelihood: -1254.148
2. Current log-likelihood: -1228.393
3. Current log-likelihood: -1227.862
Optimal log-likelihood: -1227.819
Gamma shape alpha: 1.339
Parameters optimization took 3 rounds (0.009 sec)
Computing ML distances based on estimated model parameters... 0.009 sec
Computing BIONJ tree...
0.007 seconds
Log-likelihood of BIONJ tree: -1227.327
--------------------------------------------------------------------
|             INITIALIZING CANDIDATE TREE SET                      |
--------------------------------------------------------------------
Generating 98 parsimony trees... 0.014 second
Computing log-likelihood of 50 initial trees ... 0.054 seconds
Current best score: -1227.327

Do NNI search on 20 best initial trees
Estimate model parameters (epsilon = 0.100)
BETTER TREE FOUND at iteration 1: -1227.003
Iteration 10 / LogL: -1227.046 / Time: 0h:0m:0s
Iteration 20 / LogL: -1227.166 / Time: 0h:0m:0s
Finish initializing candidate tree set (3)
Current best tree score: -1227.003 / CPU time: 0.201
Number of iterations: 20
--------------------------------------------------------------------
|               OPTIMIZING CANDIDATE TREE SET                      |
--------------------------------------------------------------------
UPDATE BEST LOG-LIKELIHOOD: -1227.001
Iteration 30 / LogL: -1231.276 / Time: 0h:0m:0s (0h:0m:0s left)
Iteration 40 / LogL: -1231.416 / Time: 0h:0m:0s (0h:0m:0s left)
WARNING: NNI search needs unusual large number of steps (7) to converge!
Iteration 50 / LogL: -1231.257 / Time: 0h:0m:0s (0h:0m:0s left)
Iteration 60 / LogL: -1231.563 / Time: 0h:0m:0s (0h:0m:0s left)
WARNING: NNI search needs unusual large number of steps (7) to converge!
Iteration 70 / LogL: -1227.008 / Time: 0h:0m:0s (0h:0m:0s left)
Iteration 80 / LogL: -1227.046 / Time: 0h:0m:0s (0h:0m:0s left)
WARNING: NNI search needs unusual large number of steps (7) to converge!
Iteration 90 / LogL: -1227.018 / Time: 0h:0m:0s (0h:0m:0s left)
Iteration 100 / LogL: -1231.230 / Time: 0h:0m:0s (0h:0m:0s left)
TREE SEARCH COMPLETED AFTER 102 ITERATIONS / Time: 0h:0m:0s

--------------------------------------------------------------------
|                    FINALIZING TREE SEARCH                        |
--------------------------------------------------------------------
Performs final model parameters optimization
Estimate model parameters (epsilon = 0.010)
1. Initial log-likelihood: -1227.001
Optimal log-likelihood: -1227.001
Gamma shape alpha: 1.355
Parameters optimization took 1 rounds (0.002 sec)
BEST SCORE FOUND : -1227.001
Total tree length: 8.519

Total number of iterations: 102
CPU time used for tree search: 0.755 sec (0h:0m:0s)
Wall-clock time used for tree search: 0.767 sec (0h:0m:0s)
Total CPU time used: 0.784 sec (0h:0m:0s)
Total wall-clock time used: 0.811 sec (0h:0m:0s)

===> START BOOTSTRAP REPLICATE NUMBER 8

Creating bootstrap alignment (seed: 933816)...

Create initial parsimony tree by phylogenetic likelihood library (PLL)... 0.000 seconds

NOTE: 0 MB RAM (0 GB) is required!
Estimate model parameters (epsilon = 0.100)
1. Initial log-likelihood: -1221.196
2. Current log-likelihood: -1198.559
3. Current log-likelihood: -1197.430
4. Current log-likelihood: -1197.131
Optimal log-likelihood: -1197.025
Gamma shape alpha: 2.018
Parameters optimization took 4 rounds (0.014 sec)
Computing ML distances based on estimated model parameters... 0.009 sec
Computing BIONJ tree...
0.007 seconds
Log-likelihood of BIONJ tree: -1196.906
--------------------------------------------------------------------
|             INITIALIZING CANDIDATE TREE SET                      |
--------------------------------------------------------------------
Generating 98 parsimony trees... 0.015 second
Computing log-likelihood of 60 initial trees ... 0.064 seconds
Current best score: -1195.056

Do NNI search on 20 best initial trees
Estimate model parameters (epsilon = 0.100)
BETTER TREE FOUND at iteration 1: -1194.830
Estimate model parameters (epsilon = 0.100)
UPDATE BEST LOG-LIKELIHOOD: -1194.695
Iteration 10 / LogL: -1197.157 / Time: 0h:0m:0s
Iteration 20 / LogL: -1194.913 / Time: 0h:0m:0s
Finish initializing candidate tree set (3)
Current best tree score: -1194.695 / CPU time: 0.198
Number of iterations: 20
--------------------------------------------------------------------
|               OPTIMIZING CANDIDATE TREE SET                      |
--------------------------------------------------------------------
UPDATE BEST LOG-LIKELIHOOD: -1194.695
UPDATE BEST LOG-LIKELIHOOD: -1194.687
Iteration 30 / LogL: -1194.700 / Time: 0h:0m:0s (0h:0m:0s left)
UPDATE BEST LOG-LIKELIHOOD: -1194.687
Iteration 40 / LogL: -1197.141 / Time: 0h:0m:0s (0h:0m:0s left)
Iteration 50 / LogL: -1197.281 / Time: 0h:0m:0s (0h:0m:0s left)
Iteration 60 / LogL: -1194.704 / Time: 0h:0m:0s (0h:0m:0s left)
Iteration 70 / LogL: -1195.033 / Time: 0h:0m:0s (0h:0m:0s left)
Iteration 80 / LogL: -1197.128 / Time: 0h:0m:0s (0h:0m:0s left)
Iteration 90 / LogL: -1197.145 / Time: 0h:0m:0s (0h:0m:0s left)
Iteration 100 / LogL: -1194.720 / Time: 0h:0m:0s (0h:0m:0s left)
TREE SEARCH COMPLETED AFTER 102 ITERATIONS / Time: 0h:0m:0s

--------------------------------------------------------------------
|                    FINALIZING TREE SEARCH                        |
--------------------------------------------------------------------
Performs final model parameters optimization
Estimate model parameters (epsilon = 0.010)
1. Initial log-likelihood: -1194.687
Optimal log-likelihood: -1194.675
Gamma shape alpha: 1.727
Parameters optimization took 1 rounds (0.002 sec)
BEST SCORE FOUND : -1194.675
Total tree length: 9.407

Total number of iterations: 102
CPU time used for tree search: 0.667 sec (0h:0m:0s)
Wall-clock time used for tree search: 0.685 sec (0h:0m:0s)
Total CPU time used: 0.700 sec (0h:0m:0s)
Total wall-clock time used: 0.734 sec (0h:0m:0s)

===> START BOOTSTRAP REPLICATE NUMBER 9

Creating bootstrap alignment (seed: 933817)...

Create initial parsimony tree by phylogenetic likelihood library (PLL)... 0.000 seconds

NOTE: 0 MB RAM (0 GB) is required!
Estimate model parameters (epsilon = 0.100)
1. Initial log-likelihood: -1192.641
2. Current log-likelihood: -1153.286
3. Current log-likelihood: -1152.422
Optimal log-likelihood: -1152.379
Gamma shape alpha: 1.462
Parameters optimization took 3 rounds (0.009 sec)
Computing ML distances based on estimated model parameters... 0.009 sec
Computing BIONJ tree...
0.007 seconds
Log-likelihood of BIONJ tree: -1145.727
--------------------------------------------------------------------
|             INITIALIZING CANDIDATE TREE SET                      |
--------------------------------------------------------------------
Generating 98 parsimony trees... 0.014 second
Computing log-likelihood of 47 initial trees ... 0.046 seconds
Current best score: -1145.727

Do NNI search on 20 best initial trees
Estimate model parameters (epsilon = 0.100)
BETTER TREE FOUND at iteration 1: -1145.617
UPDATE BEST LOG-LIKELIHOOD: -1145.615
Iteration 10 / LogL: -1146.362 / Time: 0h:0m:0s
BETTER TREE FOUND at iteration 16: -1145.615
UPDATE BEST LOG-LIKELIHOOD: -1145.615
UPDATE BEST LOG-LIKELIHOOD: -1145.615
UPDATE BEST LOG-LIKELIHOOD: -1145.615
Iteration 20 / LogL: -1145.615 / Time: 0h:0m:0s
Finish initializing candidate tree set (3)
Current best tree score: -1145.615 / CPU time: 0.210
Number of iterations: 20
--------------------------------------------------------------------
|               OPTIMIZING CANDIDATE TREE SET                      |
--------------------------------------------------------------------
UPDATE BEST LOG-LIKELIHOOD: -1145.615
UPDATE BEST LOG-LIKELIHOOD: -1145.615
Iteration 30 / LogL: -1146.335 / Time: 0h:0m:0s (0h:0m:0s left)
Iteration 40 / LogL: -1146.303 / Time: 0h:0m:0s (0h:0m:0s left)
UPDATE BEST LOG-LIKELIHOOD: -1145.615
Iteration 50 / LogL: -1146.341 / Time: 0h:0m:0s (0h:0m:0s left)
Iteration 60 / LogL: -1145.615 / Time: 0h:0m:0s (0h:0m:0s left)
UPDATE BEST LOG-LIKELIHOOD: -1145.615
Iteration 70 / LogL: -1146.309 / Time: 0h:0m:0s (0h:0m:0s left)
Iteration 80 / LogL: -1146.330 / Time: 0h:0m:0s (0h:0m:0s left)
UPDATE BEST LOG-LIKELIHOOD: -1145.615
Iteration 90 / LogL: -1145.615 / Time: 0h:0m:0s (0h:0m:0s left)
UPDATE BEST LOG-LIKELIHOOD: -1145.615
Iteration 100 / LogL: -1145.615 / Time: 0h:0m:0s (0h:0m:0s left)
Iteration 110 / LogL: -1145.615 / Time: 0h:0m:0s (0h:0m:0s left)
TREE SEARCH COMPLETED AFTER 117 ITERATIONS / Time: 0h:0m:0s

--------------------------------------------------------------------
|                    FINALIZING TREE SEARCH                        |
--------------------------------------------------------------------
Performs final model parameters optimization
Estimate model parameters (epsilon = 0.010)
1. Initial log-likelihood: -1145.615
Optimal log-likelihood: -1145.603
Gamma shape alpha: 1.679
Parameters optimization took 1 rounds (0.003 sec)
BEST SCORE FOUND : -1145.603
Total tree length: 7.331

Total number of iterations: 117
CPU time used for tree search: 0.840 sec (0h:0m:0s)
Wall-clock time used for tree search: 0.868 sec (0h:0m:0s)
Total CPU time used: 0.869 sec (0h:0m:0s)
Total wall-clock time used: 0.912 sec (0h:0m:0s)

===> START BOOTSTRAP REPLICATE NUMBER 10

Creating bootstrap alignment (seed: 933818)...
WARNING: States(s) C rarely appear in alignment and may cause numerical problems

Create initial parsimony tree by phylogenetic likelihood library (PLL)... 0.000 seconds

NOTE: 0 MB RAM (0 GB) is required!
Estimate model parameters (epsilon = 0.100)
1. Initial log-likelihood: -1136.877
2. Current log-likelihood: -1116.486
3. Current log-likelihood: -1116.252
Optimal log-likelihood: -1116.249
Gamma shape alpha: 1.392
Parameters optimization took 3 rounds (0.008 sec)
Computing ML distances based on estimated model parameters... 0.010 sec
Computing BIONJ tree...
0.007 seconds
Log-likelihood of BIONJ tree: -1116.371
--------------------------------------------------------------------
|             INITIALIZING CANDIDATE TREE SET                      |
--------------------------------------------------------------------
Generating 98 parsimony trees... 0.015 second
Computing log-likelihood of 36 initial trees ... 0.038 seconds
Current best score: -1116.249

Do NNI search on 20 best initial trees
Estimate model parameters (epsilon = 0.100)
BETTER TREE FOUND at iteration 1: -1115.974
Iteration 10 / LogL: -1116.224 / Time: 0h:0m:0s
Iteration 20 / LogL: -1116.242 / Time: 0h:0m:0s
Finish initializing candidate tree set (1)
Current best tree score: -1115.974 / CPU time: 0.182
Number of iterations: 20
--------------------------------------------------------------------
|               OPTIMIZING CANDIDATE TREE SET                      |
--------------------------------------------------------------------
UPDATE BEST LOG-LIKELIHOOD: -1115.974
Iteration 30 / LogL: -1115.996 / Time: 0h:0m:0s (0h:0m:0s left)
Iteration 40 / LogL: -1116.343 / Time: 0h:0m:0s (0h:0m:0s left)
Iteration 50 / LogL: -1116.220 / Time: 0h:0m:0s (0h:0m:0s left)
UPDATE BEST LOG-LIKELIHOOD: -1115.973
UPDATE BEST LOG-LIKELIHOOD: -1115.973
Iteration 60 / LogL: -1116.102 / Time: 0h:0m:0s (0h:0m:0s left)
UPDATE BEST LOG-LIKELIHOOD: -1115.973
UPDATE BEST LOG-LIKELIHOOD: -1115.973
Iteration 70 / LogL: -1116.102 / Time: 0h:0m:0s (0h:0m:0s left)
Iteration 80 / LogL: -1116.314 / Time: 0h:0m:0s (0h:0m:0s left)
UPDATE BEST LOG-LIKELIHOOD: -1115.973
UPDATE BEST LOG-LIKELIHOOD: -1115.973
UPDATE BEST LOG-LIKELIHOOD: -1115.973
Iteration 90 / LogL: -1115.985 / Time: 0h:0m:0s (0h:0m:0s left)
Iteration 100 / LogL: -1115.988 / Time: 0h:0m:0s (0h:0m:0s left)
TREE SEARCH COMPLETED AFTER 102 ITERATIONS / Time: 0h:0m:0s

--------------------------------------------------------------------
|                    FINALIZING TREE SEARCH                        |
--------------------------------------------------------------------
Performs final model parameters optimization
Estimate model parameters (epsilon = 0.010)
1. Initial log-likelihood: -1115.973
Optimal log-likelihood: -1115.973
Gamma shape alpha: 1.406
Parameters optimization took 1 rounds (0.002 sec)
BEST SCORE FOUND : -1115.973
Total tree length: 6.577

Total number of iterations: 102
CPU time used for tree search: 0.657 sec (0h:0m:0s)
Wall-clock time used for tree search: 0.683 sec (0h:0m:0s)
Total CPU time used: 0.684 sec (0h:0m:0s)
Total wall-clock time used: 0.724 sec (0h:0m:0s)

===> START BOOTSTRAP REPLICATE NUMBER 11

Creating bootstrap alignment (seed: 933819)...
WARNING: States(s) W rarely appear in alignment and may cause numerical problems

Create initial parsimony tree by phylogenetic likelihood library (PLL)... 0.000 seconds

NOTE: 0 MB RAM (0 GB) is required!
Estimate model parameters (epsilon = 0.100)
1. Initial log-likelihood: -1292.622
2. Current log-likelihood: -1256.775
3. Current log-likelihood: -1256.526
Optimal log-likelihood: -1256.517
Gamma shape alpha: 1.189
Parameters optimization took 3 rounds (0.006 sec)
Computing ML distances based on estimated model parameters... 0.011 sec
WARNING: Some pairwise ML distances are too long (saturated)
Computing BIONJ tree...
0.007 seconds
Log-likelihood of BIONJ tree: -1256.381
--------------------------------------------------------------------
|             INITIALIZING CANDIDATE TREE SET                      |
--------------------------------------------------------------------
Generating 98 parsimony trees... 0.015 second
Computing log-likelihood of 48 initial trees ... 0.050 seconds
Current best score: -1256.015

Do NNI search on 20 best initial trees
Estimate model parameters (epsilon = 0.100)
BETTER TREE FOUND at iteration 1: -1255.641
WARNING: NNI search needs unusual large number of steps (7) to converge!
Iteration 10 / LogL: -1255.643 / Time: 0h:0m:0s
WARNING: NNI search needs unusual large number of steps (7) to converge!
WARNING: NNI search needs unusual large number of steps (7) to converge!
UPDATE BEST LOG-LIKELIHOOD: -1255.641
Iteration 20 / LogL: -1255.646 / Time: 0h:0m:0s
Finish initializing candidate tree set (3)
Current best tree score: -1255.641 / CPU time: 0.326
Number of iterations: 20
--------------------------------------------------------------------
|               OPTIMIZING CANDIDATE TREE SET                      |
--------------------------------------------------------------------
UPDATE BEST LOG-LIKELIHOOD: -1255.641
UPDATE BEST LOG-LIKELIHOOD: -1255.640
Iteration 30 / LogL: -1255.641 / Time: 0h:0m:0s (0h:0m:1s left)
WARNING: NNI search needs unusual large number of steps (7) to converge!
UPDATE BEST LOG-LIKELIHOOD: -1255.640
Iteration 40 / LogL: -1255.775 / Time: 0h:0m:0s (0h:0m:0s left)
UPDATE BEST LOG-LIKELIHOOD: -1255.640
UPDATE BEST LOG-LIKELIHOOD: -1255.640
Iteration 50 / LogL: -1255.640 / Time: 0h:0m:0s (0h:0m:0s left)
WARNING: NNI search needs unusual large number of steps (7) to converge!
Iteration 60 / LogL: -1255.640 / Time: 0h:0m:0s (0h:0m:0s left)
WARNING: NNI search needs unusual large number of steps (7) to converge!
Iteration 70 / LogL: -1255.722 / Time: 0h:0m:0s (0h:0m:0s left)
WARNING: NNI search needs unusual large number of steps (7) to converge!
UPDATE BEST LOG-LIKELIHOOD: -1255.640
WARNING: NNI search needs unusual large number of steps (7) to converge!
Iteration 80 / LogL: -1255.656 / Time: 0h:0m:0s (0h:0m:0s left)
UPDATE BEST LOG-LIKELIHOOD: -1255.640
Iteration 90 / LogL: -1255.644 / Time: 0h:0m:1s (0h:0m:0s left)
UPDATE BEST LOG-LIKELIHOOD: -1255.640
WARNING: NNI search needs unusual large number of steps (7) to converge!
Iteration 100 / LogL: -1255.640 / Time: 0h:0m:1s (0h:0m:0s left)
TREE SEARCH COMPLETED AFTER 102 ITERATIONS / Time: 0h:0m:1s

--------------------------------------------------------------------
|                    FINALIZING TREE SEARCH                        |
--------------------------------------------------------------------
Performs final model parameters optimization
Estimate model parameters (epsilon = 0.010)
1. Initial log-likelihood: -1255.640
Optimal log-likelihood: -1255.640
Gamma shape alpha: 1.179
Parameters optimization took 1 rounds (0.002 sec)
BEST SCORE FOUND : -1255.640
Total tree length: 11.037

Total number of iterations: 102
CPU time used for tree search: 1.149 sec (0h:0m:1s)
Wall-clock time used for tree search: 1.183 sec (0h:0m:1s)
Total CPU time used: 1.179 sec (0h:0m:1s)
Total wall-clock time used: 1.228 sec (0h:0m:1s)

===> START BOOTSTRAP REPLICATE NUMBER 12

Creating bootstrap alignment (seed: 933820)...
WARNING: States(s) W rarely appear in alignment and may cause numerical problems

Create initial parsimony tree by phylogenetic likelihood library (PLL)... 0.000 seconds

NOTE: 0 MB RAM (0 GB) is required!
Estimate model parameters (epsilon = 0.100)
1. Initial log-likelihood: -1258.223
2. Current log-likelihood: -1218.558
3. Current log-likelihood: -1217.719
4. Current log-likelihood: -1217.616
Optimal log-likelihood: -1217.570
Gamma shape alpha: 2.212
Parameters optimization took 4 rounds (0.013 sec)
Computing ML distances based on estimated model parameters... 0.009 sec
Computing BIONJ tree...
0.007 seconds
Log-likelihood of BIONJ tree: -1218.405
--------------------------------------------------------------------
|             INITIALIZING CANDIDATE TREE SET                      |
--------------------------------------------------------------------
Generating 98 parsimony trees... 0.015 second
Computing log-likelihood of 42 initial trees ... 0.046 seconds
Current best score: -1217.331

Do NNI search on 20 best initial trees
Estimate model parameters (epsilon = 0.100)
BETTER TREE FOUND at iteration 1: -1216.753
Estimate model parameters (epsilon = 0.100)
BETTER TREE FOUND at iteration 3: -1215.698
Iteration 10 / LogL: -1215.796 / Time: 0h:0m:0s
Iteration 20 / LogL: -1215.921 / Time: 0h:0m:0s
Finish initializing candidate tree set (2)
Current best tree score: -1215.698 / CPU time: 0.219
Number of iterations: 20
--------------------------------------------------------------------
|               OPTIMIZING CANDIDATE TREE SET                      |
--------------------------------------------------------------------
Iteration 30 / LogL: -1216.364 / Time: 0h:0m:0s (0h:0m:0s left)
Iteration 40 / LogL: -1216.789 / Time: 0h:0m:0s (0h:0m:0s left)
Iteration 50 / LogL: -1215.868 / Time: 0h:0m:0s (0h:0m:0s left)
Iteration 60 / LogL: -1216.181 / Time: 0h:0m:0s (0h:0m:0s left)
Iteration 70 / LogL: -1216.854 / Time: 0h:0m:0s (0h:0m:0s left)
Estimate model parameters (epsilon = 0.100)
UPDATE BEST LOG-LIKELIHOOD: -1215.676
UPDATE BEST LOG-LIKELIHOOD: -1215.676
Iteration 80 / LogL: -1215.708 / Time: 0h:0m:0s (0h:0m:0s left)
Iteration 90 / LogL: -1216.008 / Time: 0h:0m:0s (0h:0m:0s left)
Iteration 100 / LogL: -1216.287 / Time: 0h:0m:0s (0h:0m:0s left)
TREE SEARCH COMPLETED AFTER 104 ITERATIONS / Time: 0h:0m:0s

--------------------------------------------------------------------
|                    FINALIZING TREE SEARCH                        |
--------------------------------------------------------------------
Performs final model parameters optimization
Estimate model parameters (epsilon = 0.010)
1. Initial log-likelihood: -1215.676
Optimal log-likelihood: -1215.674
Gamma shape alpha: 1.977
Parameters optimization took 1 rounds (0.002 sec)
BEST SCORE FOUND : -1215.674
Total tree length: 7.745

Total number of iterations: 104
CPU time used for tree search: 0.746 sec (0h:0m:0s)
Wall-clock time used for tree search: 0.757 sec (0h:0m:0s)
Total CPU time used: 0.783 sec (0h:0m:0s)
Total wall-clock time used: 0.809 sec (0h:0m:0s)

===> START BOOTSTRAP REPLICATE NUMBER 13

Creating bootstrap alignment (seed: 933821)...

Create initial parsimony tree by phylogenetic likelihood library (PLL)... 0.000 seconds

NOTE: 0 MB RAM (0 GB) is required!
Estimate model parameters (epsilon = 0.100)
1. Initial log-likelihood: -1247.685
2. Current log-likelihood: -1219.412
3. Current log-likelihood: -1217.701
4. Current log-likelihood: -1217.253
Optimal log-likelihood: -1217.153
Gamma shape alpha: 2.752
Parameters optimization took 4 rounds (0.013 sec)
Computing ML distances based on estimated model parameters... 0.008 sec
Computing BIONJ tree...
0.007 seconds
Log-likelihood of BIONJ tree: -1217.377
--------------------------------------------------------------------
|             INITIALIZING CANDIDATE TREE SET                      |
--------------------------------------------------------------------
Generating 98 parsimony trees... 0.015 second
Computing log-likelihood of 57 initial trees ... 0.058 seconds
Current best score: -1216.787

Do NNI search on 20 best initial trees
Estimate model parameters (epsilon = 0.100)
BETTER TREE FOUND at iteration 1: -1216.599
Iteration 10 / LogL: -1216.606 / Time: 0h:0m:0s
WARNING: NNI search needs unusual large number of steps (7) to converge!
Iteration 20 / LogL: -1217.170 / Time: 0h:0m:0s
Finish initializing candidate tree set (4)
Current best tree score: -1216.599 / CPU time: 0.214
Number of iterations: 20
--------------------------------------------------------------------
|               OPTIMIZING CANDIDATE TREE SET                      |
--------------------------------------------------------------------
UPDATE BEST LOG-LIKELIHOOD: -1216.599
WARNING: NNI search needs unusual large number of steps (7) to converge!
UPDATE BEST LOG-LIKELIHOOD: -1216.599
UPDATE BEST LOG-LIKELIHOOD: -1216.599
Iteration 30 / LogL: -1216.599 / Time: 0h:0m:0s (0h:0m:0s left)
Iteration 40 / LogL: -1216.600 / Time: 0h:0m:0s (0h:0m:0s left)
UPDATE BEST LOG-LIKELIHOOD: -1216.599
Iteration 50 / LogL: -1217.147 / Time: 0h:0m:0s (0h:0m:0s left)
UPDATE BEST LOG-LIKELIHOOD: -1216.599
Iteration 60 / LogL: -1216.599 / Time: 0h:0m:0s (0h:0m:0s left)
UPDATE BEST LOG-LIKELIHOOD: -1216.599
Iteration 70 / LogL: -1216.599 / Time: 0h:0m:0s (0h:0m:0s left)
Iteration 80 / LogL: -1217.387 / Time: 0h:0m:0s (0h:0m:0s left)
Iteration 90 / LogL: -1217.167 / Time: 0h:0m:0s (0h:0m:0s left)
WARNING: NNI search needs unusual large number of steps (7) to converge!
Iteration 100 / LogL: -1216.605 / Time: 0h:0m:0s (0h:0m:0s left)
TREE SEARCH COMPLETED AFTER 102 ITERATIONS / Time: 0h:0m:0s

--------------------------------------------------------------------
|                    FINALIZING TREE SEARCH                        |
--------------------------------------------------------------------
Performs final model parameters optimization
Estimate model parameters (epsilon = 0.010)
1. Initial log-likelihood: -1216.599
Optimal log-likelihood: -1216.599
Gamma shape alpha: 2.789
Parameters optimization took 1 rounds (0.002 sec)
BEST SCORE FOUND : -1216.599
Total tree length: 6.631

Total number of iterations: 102
CPU time used for tree search: 0.768 sec (0h:0m:0s)
Wall-clock time used for tree search: 0.797 sec (0h:0m:0s)
Total CPU time used: 0.798 sec (0h:0m:0s)
Total wall-clock time used: 0.842 sec (0h:0m:0s)

===> START BOOTSTRAP REPLICATE NUMBER 14

Creating bootstrap alignment (seed: 933822)...

Create initial parsimony tree by phylogenetic likelihood library (PLL)... 0.000 seconds

NOTE: 0 MB RAM (0 GB) is required!
Estimate model parameters (epsilon = 0.100)
1. Initial log-likelihood: -1118.008
2. Current log-likelihood: -1094.393
3. Current log-likelihood: -1093.814
Optimal log-likelihood: -1093.752
Gamma shape alpha: 1.873
Parameters optimization took 3 rounds (0.010 sec)
Computing ML distances based on estimated model parameters... 0.009 sec
Computing BIONJ tree...
0.007 seconds
Log-likelihood of BIONJ tree: -1094.432
--------------------------------------------------------------------
|             INITIALIZING CANDIDATE TREE SET                      |
--------------------------------------------------------------------
Generating 98 parsimony trees... 0.014 second
Computing log-likelihood of 50 initial trees ... 0.054 seconds
Current best score: -1093.752

Do NNI search on 20 best initial trees
Estimate model parameters (epsilon = 0.100)
BETTER TREE FOUND at iteration 1: -1093.750
Estimate model parameters (epsilon = 0.100)
BETTER TREE FOUND at iteration 7: -1093.489
Iteration 10 / LogL: -1093.849 / Time: 0h:0m:0s
Iteration 20 / LogL: -1094.029 / Time: 0h:0m:0s
Finish initializing candidate tree set (2)
Current best tree score: -1093.489 / CPU time: 0.203
Number of iterations: 20
--------------------------------------------------------------------
|               OPTIMIZING CANDIDATE TREE SET                      |
--------------------------------------------------------------------
Iteration 30 / LogL: -1093.843 / Time: 0h:0m:0s (0h:0m:0s left)
Iteration 40 / LogL: -1093.879 / Time: 0h:0m:0s (0h:0m:0s left)
UPDATE BEST LOG-LIKELIHOOD: -1093.484
Iteration 50 / LogL: -1093.759 / Time: 0h:0m:0s (0h:0m:0s left)
UPDATE BEST LOG-LIKELIHOOD: -1093.483
Iteration 60 / LogL: -1093.966 / Time: 0h:0m:0s (0h:0m:0s left)
UPDATE BEST LOG-LIKELIHOOD: -1093.483
Iteration 70 / LogL: -1093.851 / Time: 0h:0m:0s (0h:0m:0s left)
Iteration 80 / LogL: -1093.615 / Time: 0h:0m:0s (0h:0m:0s left)
UPDATE BEST LOG-LIKELIHOOD: -1093.483
UPDATE BEST LOG-LIKELIHOOD: -1093.483
Iteration 90 / LogL: -1093.483 / Time: 0h:0m:0s (0h:0m:0s left)
Iteration 100 / LogL: -1093.846 / Time: 0h:0m:0s (0h:0m:0s left)
TREE SEARCH COMPLETED AFTER 108 ITERATIONS / Time: 0h:0m:0s

--------------------------------------------------------------------
|                    FINALIZING TREE SEARCH                        |
--------------------------------------------------------------------
Performs final model parameters optimization
Estimate model parameters (epsilon = 0.010)
1. Initial log-likelihood: -1093.483
Optimal log-likelihood: -1093.482
Gamma shape alpha: 1.659
Parameters optimization took 1 rounds (0.002 sec)
BEST SCORE FOUND : -1093.482
Total tree length: 7.547

Total number of iterations: 108
CPU time used for tree search: 0.700 sec (0h:0m:0s)
Wall-clock time used for tree search: 0.725 sec (0h:0m:0s)
Total CPU time used: 0.728 sec (0h:0m:0s)
Total wall-clock time used: 0.767 sec (0h:0m:0s)

===> START BOOTSTRAP REPLICATE NUMBER 15

Creating bootstrap alignment (seed: 933823)...

Create initial parsimony tree by phylogenetic likelihood library (PLL)... 0.000 seconds

NOTE: 0 MB RAM (0 GB) is required!
Estimate model parameters (epsilon = 0.100)
1. Initial log-likelihood: -1178.145
2. Current log-likelihood: -1153.934
3. Current log-likelihood: -1153.147
Optimal log-likelihood: -1153.068
Gamma shape alpha: 1.647
Parameters optimization took 3 rounds (0.010 sec)
Computing ML distances based on estimated model parameters... 0.009 sec
Computing BIONJ tree...
0.007 seconds
Log-likelihood of BIONJ tree: -1146.127
--------------------------------------------------------------------
|             INITIALIZING CANDIDATE TREE SET                      |
--------------------------------------------------------------------
Generating 98 parsimony trees... 0.015 second
Computing log-likelihood of 60 initial trees ... 0.064 seconds
Current best score: -1146.127

Do NNI search on 20 best initial trees
Estimate model parameters (epsilon = 0.100)
BETTER TREE FOUND at iteration 1: -1145.912
BETTER TREE FOUND at iteration 2: -1145.912
Iteration 10 / LogL: -1145.912 / Time: 0h:0m:0s
Iteration 20 / LogL: -1151.040 / Time: 0h:0m:0s
Finish initializing candidate tree set (4)
Current best tree score: -1145.912 / CPU time: 0.242
Number of iterations: 20
--------------------------------------------------------------------
|               OPTIMIZING CANDIDATE TREE SET                      |
--------------------------------------------------------------------
UPDATE BEST LOG-LIKELIHOOD: -1145.911
UPDATE BEST LOG-LIKELIHOOD: -1145.911
UPDATE BEST LOG-LIKELIHOOD: -1145.911
Iteration 30 / LogL: -1145.912 / Time: 0h:0m:0s (0h:0m:0s left)
Iteration 40 / LogL: -1145.912 / Time: 0h:0m:0s (0h:0m:0s left)
Iteration 50 / LogL: -1145.912 / Time: 0h:0m:0s (0h:0m:0s left)
UPDATE BEST LOG-LIKELIHOOD: -1145.911
UPDATE BEST LOG-LIKELIHOOD: -1145.911
Iteration 60 / LogL: -1145.911 / Time: 0h:0m:0s (0h:0m:0s left)
UPDATE BEST LOG-LIKELIHOOD: -1145.911
Iteration 70 / LogL: -1150.729 / Time: 0h:0m:0s (0h:0m:0s left)
Iteration 80 / LogL: -1151.363 / Time: 0h:0m:0s (0h:0m:0s left)
WARNING: NNI search needs unusual large number of steps (7) to converge!
Iteration 90 / LogL: -1151.007 / Time: 0h:0m:0s (0h:0m:0s left)
UPDATE BEST LOG-LIKELIHOOD: -1145.911
Iteration 100 / LogL: -1145.913 / Time: 0h:0m:0s (0h:0m:0s left)
TREE SEARCH COMPLETED AFTER 103 ITERATIONS / Time: 0h:0m:0s

--------------------------------------------------------------------
|                    FINALIZING TREE SEARCH                        |
--------------------------------------------------------------------
Performs final model parameters optimization
Estimate model parameters (epsilon = 0.010)
1. Initial log-likelihood: -1145.911
Optimal log-likelihood: -1145.905
Gamma shape alpha: 2.071
Parameters optimization took 1 rounds (0.003 sec)
BEST SCORE FOUND : -1145.905
Total tree length: 6.790

Total number of iterations: 103
CPU time used for tree search: 0.920 sec (0h:0m:0s)
Wall-clock time used for tree search: 0.954 sec (0h:0m:0s)
Total CPU time used: 0.951 sec (0h:0m:0s)
Total wall-clock time used: 1.000 sec (0h:0m:1s)

===> START BOOTSTRAP REPLICATE NUMBER 16

Creating bootstrap alignment (seed: 933824)...

Create initial parsimony tree by phylogenetic likelihood library (PLL)... 0.000 seconds

NOTE: 0 MB RAM (0 GB) is required!
Estimate model parameters (epsilon = 0.100)
1. Initial log-likelihood: -1224.039
2. Current log-likelihood: -1194.966
3. Current log-likelihood: -1193.940
4. Current log-likelihood: -1193.776
Optimal log-likelihood: -1193.751
Gamma shape alpha: 2.539
Parameters optimization took 4 rounds (0.013 sec)
Computing ML distances based on estimated model parameters... 0.008 sec
Computing BIONJ tree...
0.007 seconds
Log-likelihood of BIONJ tree: -1194.798
--------------------------------------------------------------------
|             INITIALIZING CANDIDATE TREE SET                      |
--------------------------------------------------------------------
Generating 98 parsimony trees... 0.015 second
Computing log-likelihood of 39 initial trees ... 0.042 seconds
Current best score: -1193.720

Do NNI search on 20 best initial trees
Estimate model parameters (epsilon = 0.100)
BETTER TREE FOUND at iteration 1: -1193.682
Iteration 10 / LogL: -1195.185 / Time: 0h:0m:0s
Iteration 20 / LogL: -1193.812 / Time: 0h:0m:0s
Finish initializing candidate tree set (2)
Current best tree score: -1193.682 / CPU time: 0.191
Number of iterations: 20
--------------------------------------------------------------------
|               OPTIMIZING CANDIDATE TREE SET                      |
--------------------------------------------------------------------
UPDATE BEST LOG-LIKELIHOOD: -1193.682
UPDATE BEST LOG-LIKELIHOOD: -1193.681
Iteration 30 / LogL: -1193.720 / Time: 0h:0m:0s (0h:0m:0s left)
Iteration 40 / LogL: -1193.791 / Time: 0h:0m:0s (0h:0m:0s left)
Iteration 50 / LogL: -1195.059 / Time: 0h:0m:0s (0h:0m:0s left)
UPDATE BEST LOG-LIKELIHOOD: -1193.681
Iteration 60 / LogL: -1193.794 / Time: 0h:0m:0s (0h:0m:0s left)
UPDATE BEST LOG-LIKELIHOOD: -1193.681
Iteration 70 / LogL: -1193.694 / Time: 0h:0m:0s (0h:0m:0s left)
Iteration 80 / LogL: -1195.048 / Time: 0h:0m:0s (0h:0m:0s left)
UPDATE BEST LOG-LIKELIHOOD: -1193.681
Iteration 90 / LogL: -1193.681 / Time: 0h:0m:0s (0h:0m:0s left)
Iteration 100 / LogL: -1193.685 / Time: 0h:0m:0s (0h:0m:0s left)
TREE SEARCH COMPLETED AFTER 102 ITERATIONS / Time: 0h:0m:0s

--------------------------------------------------------------------
|                    FINALIZING TREE SEARCH                        |
--------------------------------------------------------------------
Performs final model parameters optimization
Estimate model parameters (epsilon = 0.010)
1. Initial log-likelihood: -1193.681
Optimal log-likelihood: -1193.680
Gamma shape alpha: 2.636
Parameters optimization took 1 rounds (0.002 sec)
BEST SCORE FOUND : -1193.680
Total tree length: 6.705

Total number of iterations: 102
CPU time used for tree search: 0.677 sec (0h:0m:0s)
Wall-clock time used for tree search: 0.701 sec (0h:0m:0s)
Total CPU time used: 0.708 sec (0h:0m:0s)
Total wall-clock time used: 0.747 sec (0h:0m:0s)

===> START BOOTSTRAP REPLICATE NUMBER 17

Creating bootstrap alignment (seed: 933825)...
WARNING: States(s) C, W rarely appear in alignment and may cause numerical problems

Create initial parsimony tree by phylogenetic likelihood library (PLL)... 0.000 seconds

NOTE: 0 MB RAM (0 GB) is required!
Estimate model parameters (epsilon = 0.100)
1. Initial log-likelihood: -1231.765
2. Current log-likelihood: -1205.286
3. Current log-likelihood: -1204.362
4. Current log-likelihood: -1204.242
Optimal log-likelihood: -1204.196
Gamma shape alpha: 2.272
Parameters optimization took 4 rounds (0.013 sec)
Computing ML distances based on estimated model parameters... 0.008 sec
Computing BIONJ tree...
0.007 seconds
Log-likelihood of BIONJ tree: -1203.244
--------------------------------------------------------------------
|             INITIALIZING CANDIDATE TREE SET                      |
--------------------------------------------------------------------
Generating 98 parsimony trees... 0.014 second
Computing log-likelihood of 55 initial trees ... 0.059 seconds
Current best score: -1203.244

Do NNI search on 20 best initial trees
Estimate model parameters (epsilon = 0.100)
BETTER TREE FOUND at iteration 1: -1203.216
Iteration 10 / LogL: -1203.302 / Time: 0h:0m:0s
Iteration 20 / LogL: -1203.279 / Time: 0h:0m:0s
Finish initializing candidate tree set (1)
Current best tree score: -1203.216 / CPU time: 0.189
Number of iterations: 20
--------------------------------------------------------------------
|               OPTIMIZING CANDIDATE TREE SET                      |
--------------------------------------------------------------------
Iteration 30 / LogL: -1203.279 / Time: 0h:0m:0s (0h:0m:0s left)
Iteration 40 / LogL: -1203.246 / Time: 0h:0m:0s (0h:0m:0s left)
UPDATE BEST LOG-LIKELIHOOD: -1203.215
UPDATE BEST LOG-LIKELIHOOD: -1203.215
Iteration 50 / LogL: -1203.540 / Time: 0h:0m:0s (0h:0m:0s left)
Iteration 60 / LogL: -1203.266 / Time: 0h:0m:0s (0h:0m:0s left)
Iteration 70 / LogL: -1203.279 / Time: 0h:0m:0s (0h:0m:0s left)
Iteration 80 / LogL: -1204.086 / Time: 0h:0m:0s (0h:0m:0s left)
Iteration 90 / LogL: -1203.971 / Time: 0h:0m:0s (0h:0m:0s left)
Iteration 100 / LogL: -1203.242 / Time: 0h:0m:0s (0h:0m:0s left)
TREE SEARCH COMPLETED AFTER 102 ITERATIONS / Time: 0h:0m:0s

--------------------------------------------------------------------
|                    FINALIZING TREE SEARCH                        |
--------------------------------------------------------------------
Performs final model parameters optimization
Estimate model parameters (epsilon = 0.010)
1. Initial log-likelihood: -1203.215
Optimal log-likelihood: -1203.211
Gamma shape alpha: 2.483
Parameters optimization took 1 rounds (0.003 sec)
BEST SCORE FOUND : -1203.211
Total tree length: 6.384

Total number of iterations: 102
CPU time used for tree search: 0.615 sec (0h:0m:0s)
Wall-clock time used for tree search: 0.631 sec (0h:0m:0s)
Total CPU time used: 0.647 sec (0h:0m:0s)
Total wall-clock time used: 0.678 sec (0h:0m:0s)

===> START BOOTSTRAP REPLICATE NUMBER 18

Creating bootstrap alignment (seed: 933826)...

Create initial parsimony tree by phylogenetic likelihood library (PLL)... 0.000 seconds

NOTE: 0 MB RAM (0 GB) is required!
Estimate model parameters (epsilon = 0.100)
1. Initial log-likelihood: -1113.697
2. Current log-likelihood: -1090.732
3. Current log-likelihood: -1090.370
Optimal log-likelihood: -1090.317
Gamma shape alpha: 1.054
Parameters optimization took 3 rounds (0.006 sec)
Computing ML distances based on estimated model parameters... 0.010 sec
Computing BIONJ tree...
0.007 seconds
Log-likelihood of BIONJ tree: -1090.324
--------------------------------------------------------------------
|             INITIALIZING CANDIDATE TREE SET                      |
--------------------------------------------------------------------
Generating 98 parsimony trees... 0.015 second
Computing log-likelihood of 45 initial trees ... 0.046 seconds
Current best score: -1089.247

Do NNI search on 20 best initial trees
Estimate model parameters (epsilon = 0.100)
BETTER TREE FOUND at iteration 1: -1088.903
BETTER TREE FOUND at iteration 10: -1088.902
Iteration 10 / LogL: -1088.902 / Time: 0h:0m:0s
Iteration 20 / LogL: -1088.904 / Time: 0h:0m:0s
Finish initializing candidate tree set (6)
Current best tree score: -1088.902 / CPU time: 0.308
Number of iterations: 20
--------------------------------------------------------------------
|               OPTIMIZING CANDIDATE TREE SET                      |
--------------------------------------------------------------------
UPDATE BEST LOG-LIKELIHOOD: -1088.902
Iteration 30 / LogL: -1088.902 / Time: 0h:0m:0s (0h:0m:1s left)
UPDATE BEST LOG-LIKELIHOOD: -1088.902
UPDATE BEST LOG-LIKELIHOOD: -1088.902
WARNING: NNI search needs unusual large number of steps (7) to converge!
Iteration 40 / LogL: -1088.903 / Time: 0h:0m:0s (0h:0m:0s left)
WARNING: NNI search needs unusual large number of steps (7) to converge!
WARNING: NNI search needs unusual large number of steps (7) to converge!
UPDATE BEST LOG-LIKELIHOOD: -1088.902
Iteration 50 / LogL: -1088.902 / Time: 0h:0m:0s (0h:0m:0s left)
Iteration 60 / LogL: -1088.902 / Time: 0h:0m:0s (0h:0m:0s left)
WARNING: NNI search needs unusual large number of steps (7) to converge!
Iteration 70 / LogL: -1088.903 / Time: 0h:0m:0s (0h:0m:0s left)
UPDATE BEST LOG-LIKELIHOOD: -1088.902
Iteration 80 / LogL: -1088.904 / Time: 0h:0m:0s (0h:0m:0s left)
WARNING: NNI search needs unusual large number of steps (7) to converge!
UPDATE BEST LOG-LIKELIHOOD: -1088.902
UPDATE BEST LOG-LIKELIHOOD: -1088.902
Iteration 90 / LogL: -1088.902 / Time: 0h:0m:0s (0h:0m:0s left)
UPDATE BEST LOG-LIKELIHOOD: -1088.902
Iteration 100 / LogL: -1088.902 / Time: 0h:0m:0s (0h:0m:0s left)
WARNING: NNI search needs unusual large number of steps (7) to converge!
WARNING: NNI search needs unusual large number of steps (7) to converge!
Iteration 110 / LogL: -1088.902 / Time: 0h:0m:1s (0h:0m:0s left)
UPDATE BEST LOG-LIKELIHOOD: -1088.902
TREE SEARCH COMPLETED AFTER 111 ITERATIONS / Time: 0h:0m:1s

--------------------------------------------------------------------
|                    FINALIZING TREE SEARCH                        |
--------------------------------------------------------------------
Performs final model parameters optimization
Estimate model parameters (epsilon = 0.010)
1. Initial log-likelihood: -1088.902
Optimal log-likelihood: -1088.902
Gamma shape alpha: 1.056
Parameters optimization took 1 rounds (0.001 sec)
BEST SCORE FOUND : -1088.902
Total tree length: 8.669

Total number of iterations: 111
CPU time used for tree search: 1.005 sec (0h:0m:1s)
Wall-clock time used for tree search: 1.046 sec (0h:0m:1s)
Total CPU time used: 1.034 sec (0h:0m:1s)
Total wall-clock time used: 1.089 sec (0h:0m:1s)

===> START BOOTSTRAP REPLICATE NUMBER 19

Creating bootstrap alignment (seed: 933827)...

Create initial parsimony tree by phylogenetic likelihood library (PLL)... 0.000 seconds

NOTE: 0 MB RAM (0 GB) is required!
Estimate model parameters (epsilon = 0.100)
1. Initial log-likelihood: -1254.135
2. Current log-likelihood: -1227.499
3. Current log-likelihood: -1225.699
4. Current log-likelihood: -1224.742
5. Current log-likelihood: -1224.383
Optimal log-likelihood: -1224.280
Gamma shape alpha: 2.740
Parameters optimization took 5 rounds (0.016 sec)
Computing ML distances based on estimated model parameters... 0.008 sec
Computing BIONJ tree...
0.007 seconds
Log-likelihood of BIONJ tree: -1223.683
--------------------------------------------------------------------
|             INITIALIZING CANDIDATE TREE SET                      |
--------------------------------------------------------------------
Generating 98 parsimony trees... 0.016 second
Computing log-likelihood of 37 initial trees ... 0.038 seconds
Current best score: -1222.151

Do NNI search on 20 best initial trees
Estimate model parameters (epsilon = 0.100)
BETTER TREE FOUND at iteration 1: -1221.882
UPDATE BEST LOG-LIKELIHOOD: -1221.873
UPDATE BEST LOG-LIKELIHOOD: -1221.871
Iteration 10 / LogL: -1221.873 / Time: 0h:0m:0s
WARNING: NNI search needs unusual large number of steps (7) to converge!
UPDATE BEST LOG-LIKELIHOOD: -1221.870
UPDATE BEST LOG-LIKELIHOOD: -1221.867
Iteration 20 / LogL: -1221.868 / Time: 0h:0m:0s
Finish initializing candidate tree set (5)
Current best tree score: -1221.867 / CPU time: 0.259
Number of iterations: 20
--------------------------------------------------------------------
|               OPTIMIZING CANDIDATE TREE SET                      |
--------------------------------------------------------------------
WARNING: NNI search needs unusual large number of steps (7) to converge!
Estimate model parameters (epsilon = 0.100)
UPDATE BEST LOG-LIKELIHOOD: -1221.561
Iteration 30 / LogL: -1221.884 / Time: 0h:0m:0s (0h:0m:0s left)
WARNING: NNI search needs unusual large number of steps (7) to converge!
WARNING: NNI search needs unusual large number of steps (7) to converge!
Iteration 40 / LogL: -1222.885 / Time: 0h:0m:0s (0h:0m:0s left)
UPDATE BEST LOG-LIKELIHOOD: -1221.560
Iteration 50 / LogL: -1221.569 / Time: 0h:0m:0s (0h:0m:0s left)
UPDATE BEST LOG-LIKELIHOOD: -1221.560
Iteration 60 / LogL: -1221.881 / Time: 0h:0m:0s (0h:0m:0s left)
UPDATE BEST LOG-LIKELIHOOD: -1221.560
Iteration 70 / LogL: -1221.881 / Time: 0h:0m:0s (0h:0m:0s left)
Iteration 80 / LogL: -1221.881 / Time: 0h:0m:0s (0h:0m:0s left)
Iteration 90 / LogL: -1221.880 / Time: 0h:0m:0s (0h:0m:0s left)
Iteration 100 / LogL: -1222.030 / Time: 0h:0m:0s (0h:0m:0s left)
TREE SEARCH COMPLETED AFTER 102 ITERATIONS / Time: 0h:0m:0s

--------------------------------------------------------------------
|                    FINALIZING TREE SEARCH                        |
--------------------------------------------------------------------
Performs final model parameters optimization
Estimate model parameters (epsilon = 0.010)
1. Initial log-likelihood: -1221.560
Optimal log-likelihood: -1221.550
Gamma shape alpha: 3.139
Parameters optimization took 1 rounds (0.003 sec)
BEST SCORE FOUND : -1221.550
Total tree length: 7.563

Total number of iterations: 102
CPU time used for tree search: 0.831 sec (0h:0m:0s)
Wall-clock time used for tree search: 0.861 sec (0h:0m:0s)
Total CPU time used: 0.867 sec (0h:0m:0s)
Total wall-clock time used: 0.912 sec (0h:0m:0s)

===> START BOOTSTRAP REPLICATE NUMBER 20

Creating bootstrap alignment (seed: 933828)...
WARNING: States(s) W rarely appear in alignment and may cause numerical problems

Create initial parsimony tree by phylogenetic likelihood library (PLL)... 0.000 seconds

NOTE: 0 MB RAM (0 GB) is required!
Estimate model parameters (epsilon = 0.100)
1. Initial log-likelihood: -1132.915
2. Current log-likelihood: -1103.695
3. Current log-likelihood: -1103.247
Optimal log-likelihood: -1103.185
Gamma shape alpha: 1.154
Parameters optimization took 3 rounds (0.007 sec)
Computing ML distances based on estimated model parameters... 0.009 sec
Computing BIONJ tree...
0.007 seconds
Log-likelihood of BIONJ tree: -1100.835
--------------------------------------------------------------------
|             INITIALIZING CANDIDATE TREE SET                      |
--------------------------------------------------------------------
Generating 98 parsimony trees... 0.015 second
Computing log-likelihood of 44 initial trees ... 0.045 seconds
Current best score: -1100.835

Do NNI search on 20 best initial trees
Estimate model parameters (epsilon = 0.100)
BETTER TREE FOUND at iteration 1: -1099.246
WARNING: NNI search needs unusual large number of steps (7) to converge!
BETTER TREE FOUND at iteration 2: -1099.246
WARNING: NNI search needs unusual large number of steps (7) to converge!
WARNING: NNI search needs unusual large number of steps (7) to converge!
UPDATE BEST LOG-LIKELIHOOD: -1099.246
Iteration 10 / LogL: -1099.247 / Time: 0h:0m:0s
UPDATE BEST LOG-LIKELIHOOD: -1099.246
WARNING: NNI search needs unusual large number of steps (7) to converge!
WARNING: NNI search needs unusual large number of steps (7) to converge!
Iteration 20 / LogL: -1099.246 / Time: 0h:0m:0s
Finish initializing candidate tree set (4)
Current best tree score: -1099.246 / CPU time: 0.314
Number of iterations: 20
--------------------------------------------------------------------
|               OPTIMIZING CANDIDATE TREE SET                      |
--------------------------------------------------------------------
WARNING: NNI search needs unusual large number of steps (7) to converge!
UPDATE BEST LOG-LIKELIHOOD: -1099.246
WARNING: NNI search needs unusual large number of steps (7) to converge!
Iteration 30 / LogL: -1099.254 / Time: 0h:0m:0s (0h:0m:1s left)
WARNING: NNI search needs unusual large number of steps (7) to converge!
UPDATE BEST LOG-LIKELIHOOD: -1099.246
UPDATE BEST LOG-LIKELIHOOD: -1099.246
WARNING: NNI search needs unusual large number of steps (7) to converge!
Iteration 40 / LogL: -1099.246 / Time: 0h:0m:0s (0h:0m:0s left)
WARNING: NNI search needs unusual large number of steps (7) to converge!
WARNING: NNI search needs unusual large number of steps (7) to converge!
WARNING: NNI search needs unusual large number of steps (7) to converge!
WARNING: NNI search needs unusual large number of steps (7) to converge!
Iteration 50 / LogL: -1099.249 / Time: 0h:0m:0s (0h:0m:0s left)
WARNING: NNI search needs unusual large number of steps (7) to converge!
WARNING: NNI search needs unusual large number of steps (7) to converge!
WARNING: NNI search needs unusual large number of steps (7) to converge!
WARNING: NNI search needs unusual large number of steps (7) to converge!
Iteration 60 / LogL: -1099.246 / Time: 0h:0m:0s (0h:0m:0s left)
UPDATE BEST LOG-LIKELIHOOD: -1099.246
UPDATE BEST LOG-LIKELIHOOD: -1099.246
Iteration 70 / LogL: -1099.246 / Time: 0h:0m:0s (0h:0m:0s left)
UPDATE BEST LOG-LIKELIHOOD: -1099.246
Iteration 80 / LogL: -1099.246 / Time: 0h:0m:1s (0h:0m:0s left)
WARNING: NNI search needs unusual large number of steps (7) to converge!
WARNING: NNI search needs unusual large number of steps (7) to converge!
Iteration 90 / LogL: -1099.246 / Time: 0h:0m:1s (0h:0m:0s left)
WARNING: NNI search needs unusual large number of steps (7) to converge!
Iteration 100 / LogL: -1099.249 / Time: 0h:0m:1s (0h:0m:0s left)
WARNING: NNI search needs unusual large number of steps (7) to converge!
TREE SEARCH COMPLETED AFTER 103 ITERATIONS / Time: 0h:0m:1s

--------------------------------------------------------------------
|                    FINALIZING TREE SEARCH                        |
--------------------------------------------------------------------
Performs final model parameters optimization
Estimate model parameters (epsilon = 0.010)
1. Initial log-likelihood: -1099.246
Optimal log-likelihood: -1099.245
Gamma shape alpha: 1.188
Parameters optimization took 1 rounds (0.002 sec)
BEST SCORE FOUND : -1099.245
Total tree length: 6.825

Total number of iterations: 103
CPU time used for tree search: 1.212 sec (0h:0m:1s)
Wall-clock time used for tree search: 1.245 sec (0h:0m:1s)
Total CPU time used: 1.238 sec (0h:0m:1s)
Total wall-clock time used: 1.287 sec (0h:0m:1s)

===> START BOOTSTRAP REPLICATE NUMBER 21

Creating bootstrap alignment (seed: 933829)...

Create initial parsimony tree by phylogenetic likelihood library (PLL)... 0.000 seconds

NOTE: 0 MB RAM (0 GB) is required!
Estimate model parameters (epsilon = 0.100)
1. Initial log-likelihood: -1160.944
2. Current log-likelihood: -1123.453
3. Current log-likelihood: -1120.966
4. Current log-likelihood: -1120.292
5. Current log-likelihood: -1120.138
Optimal log-likelihood: -1120.108
Gamma shape alpha: 5.026
Parameters optimization took 5 rounds (0.016 sec)
Computing ML distances based on estimated model parameters... 0.008 sec
Computing BIONJ tree...
0.007 seconds
Log-likelihood of BIONJ tree: -1119.447
--------------------------------------------------------------------
|             INITIALIZING CANDIDATE TREE SET                      |
--------------------------------------------------------------------
Generating 98 parsimony trees... 0.015 second
Computing log-likelihood of 64 initial trees ... 0.065 seconds
Current best score: -1119.338

Do NNI search on 20 best initial trees
Estimate model parameters (epsilon = 0.100)
BETTER TREE FOUND at iteration 1: -1119.178
WARNING: NNI search needs unusual large number of steps (7) to converge!
Iteration 10 / LogL: -1119.764 / Time: 0h:0m:0s
Iteration 20 / LogL: -1119.185 / Time: 0h:0m:0s
Finish initializing candidate tree set (4)
Current best tree score: -1119.178 / CPU time: 0.299
Number of iterations: 20
--------------------------------------------------------------------
|               OPTIMIZING CANDIDATE TREE SET                      |
--------------------------------------------------------------------
WARNING: NNI search needs unusual large number of steps (7) to converge!
Iteration 30 / LogL: -1119.455 / Time: 0h:0m:0s (0h:0m:1s left)
WARNING: NNI search needs unusual large number of steps (7) to converge!
WARNING: NNI search needs unusual large number of steps (7) to converge!
Iteration 40 / LogL: -1119.764 / Time: 0h:0m:0s (0h:0m:0s left)
UPDATE BEST LOG-LIKELIHOOD: -1119.178
UPDATE BEST LOG-LIKELIHOOD: -1119.178
Iteration 50 / LogL: -1119.764 / Time: 0h:0m:0s (0h:0m:0s left)
WARNING: NNI search needs unusual large number of steps (7) to converge!
UPDATE BEST LOG-LIKELIHOOD: -1119.178
WARNING: NNI search needs unusual large number of steps (7) to converge!
WARNING: NNI search needs unusual large number of steps (7) to converge!
UPDATE BEST LOG-LIKELIHOOD: -1119.178
Iteration 60 / LogL: -1119.764 / Time: 0h:0m:0s (0h:0m:0s left)
WARNING: NNI search needs unusual large number of steps (7) to converge!
WARNING: NNI search needs unusual large number of steps (7) to converge!
UPDATE BEST LOG-LIKELIHOOD: -1119.178
Iteration 70 / LogL: -1119.764 / Time: 0h:0m:0s (0h:0m:0s left)
WARNING: NNI search needs unusual large number of steps (7) to converge!
Iteration 80 / LogL: -1119.455 / Time: 0h:0m:0s (0h:0m:0s left)
WARNING: NNI search needs unusual large number of steps (7) to converge!
UPDATE BEST LOG-LIKELIHOOD: -1119.178
Iteration 90 / LogL: -1119.178 / Time: 0h:0m:0s (0h:0m:0s left)
WARNING: NNI search needs unusual large number of steps (7) to converge!
WARNING: NNI search needs unusual large number of steps (7) to converge!
WARNING: NNI search needs unusual large number of steps (7) to converge!
Iteration 100 / LogL: -1119.178 / Time: 0h:0m:1s (0h:0m:0s left)
TREE SEARCH COMPLETED AFTER 102 ITERATIONS / Time: 0h:0m:1s

--------------------------------------------------------------------
|                    FINALIZING TREE SEARCH                        |
--------------------------------------------------------------------
Performs final model parameters optimization
Estimate model parameters (epsilon = 0.010)
1. Initial log-likelihood: -1119.178
Optimal log-likelihood: -1119.178
Gamma shape alpha: 4.818
Parameters optimization took 1 rounds (0.002 sec)
BEST SCORE FOUND : -1119.178
Total tree length: 7.194

Total number of iterations: 102
CPU time used for tree search: 1.044 sec (0h:0m:1s)
Wall-clock time used for tree search: 1.077 sec (0h:0m:1s)
Total CPU time used: 1.077 sec (0h:0m:1s)
Total wall-clock time used: 1.124 sec (0h:0m:1s)

===> START BOOTSTRAP REPLICATE NUMBER 22

Creating bootstrap alignment (seed: 933830)...
WARNING: States(s) C, W rarely appear in alignment and may cause numerical problems

Create initial parsimony tree by phylogenetic likelihood library (PLL)... 0.000 seconds

NOTE: 0 MB RAM (0 GB) is required!
Estimate model parameters (epsilon = 0.100)
1. Initial log-likelihood: -1262.352
2. Current log-likelihood: -1222.226
3. Current log-likelihood: -1221.838
Optimal log-likelihood: -1221.828
Gamma shape alpha: 1.148
Parameters optimization took 3 rounds (0.006 sec)
Computing ML distances based on estimated model parameters... 0.010 sec
Computing BIONJ tree...
0.007 seconds
Log-likelihood of BIONJ tree: -1217.871
--------------------------------------------------------------------
|             INITIALIZING CANDIDATE TREE SET                      |
--------------------------------------------------------------------
Generating 98 parsimony trees... 0.015 second
Computing log-likelihood of 38 initial trees ... 0.040 seconds
Current best score: -1217.871

Do NNI search on 20 best initial trees
Estimate model parameters (epsilon = 0.100)
BETTER TREE FOUND at iteration 1: -1215.771
Iteration 10 / LogL: -1215.881 / Time: 0h:0m:0s
WARNING: NNI search needs unusual large number of steps (7) to converge!
Iteration 20 / LogL: -1215.865 / Time: 0h:0m:0s
Finish initializing candidate tree set (1)
Current best tree score: -1215.771 / CPU time: 0.249
Number of iterations: 20
--------------------------------------------------------------------
|               OPTIMIZING CANDIDATE TREE SET                      |
--------------------------------------------------------------------
UPDATE BEST LOG-LIKELIHOOD: -1215.771
Iteration 30 / LogL: -1215.798 / Time: 0h:0m:0s (0h:0m:0s left)
Iteration 40 / LogL: -1215.829 / Time: 0h:0m:0s (0h:0m:0s left)
UPDATE BEST LOG-LIKELIHOOD: -1215.769
Iteration 50 / LogL: -1216.012 / Time: 0h:0m:0s (0h:0m:0s left)
Iteration 60 / LogL: -1215.769 / Time: 0h:0m:0s (0h:0m:0s left)
Iteration 70 / LogL: -1215.830 / Time: 0h:0m:0s (0h:0m:0s left)
Iteration 80 / LogL: -1215.795 / Time: 0h:0m:0s (0h:0m:0s left)
Iteration 90 / LogL: -1215.769 / Time: 0h:0m:0s (0h:0m:0s left)
Iteration 100 / LogL: -1215.833 / Time: 0h:0m:0s (0h:0m:0s left)
UPDATE BEST LOG-LIKELIHOOD: -1215.769
TREE SEARCH COMPLETED AFTER 102 ITERATIONS / Time: 0h:0m:0s

--------------------------------------------------------------------
|                    FINALIZING TREE SEARCH                        |
--------------------------------------------------------------------
Performs final model parameters optimization
Estimate model parameters (epsilon = 0.010)
1. Initial log-likelihood: -1215.769
Optimal log-likelihood: -1215.767
Gamma shape alpha: 1.253
Parameters optimization took 1 rounds (0.002 sec)
BEST SCORE FOUND : -1215.767
Total tree length: 8.198

Total number of iterations: 102
CPU time used for tree search: 0.736 sec (0h:0m:0s)
Wall-clock time used for tree search: 0.754 sec (0h:0m:0s)
Total CPU time used: 0.764 sec (0h:0m:0s)
Total wall-clock time used: 0.796 sec (0h:0m:0s)

===> START BOOTSTRAP REPLICATE NUMBER 23

Creating bootstrap alignment (seed: 933831)...

Create initial parsimony tree by phylogenetic likelihood library (PLL)... 0.000 seconds

NOTE: 0 MB RAM (0 GB) is required!
Estimate model parameters (epsilon = 0.100)
1. Initial log-likelihood: -1190.121
2. Current log-likelihood: -1175.249
3. Current log-likelihood: -1174.587
4. Current log-likelihood: -1174.412
Optimal log-likelihood: -1174.374
Gamma shape alpha: 2.036
Parameters optimization took 4 rounds (0.013 sec)
Computing ML distances based on estimated model parameters... 0.010 sec
Computing BIONJ tree...
0.007 seconds
Log-likelihood of BIONJ tree: -1174.374
--------------------------------------------------------------------
|             INITIALIZING CANDIDATE TREE SET                      |
--------------------------------------------------------------------
Generating 99 parsimony trees... 0.017 second
Computing log-likelihood of 38 initial trees ... 0.048 seconds
Current best score: -1174.374

Do NNI search on 20 best initial trees
Estimate model parameters (epsilon = 0.100)
BETTER TREE FOUND at iteration 1: -1174.370
UPDATE BEST LOG-LIKELIHOOD: -1174.370
Iteration 10 / LogL: -1174.370 / Time: 0h:0m:0s
UPDATE BEST LOG-LIKELIHOOD: -1174.370
Iteration 20 / LogL: -1174.370 / Time: 0h:0m:0s
Finish initializing candidate tree set (2)
Current best tree score: -1174.370 / CPU time: 0.257
Number of iterations: 20
--------------------------------------------------------------------
|               OPTIMIZING CANDIDATE TREE SET                      |
--------------------------------------------------------------------
UPDATE BEST LOG-LIKELIHOOD: -1174.370
UPDATE BEST LOG-LIKELIHOOD: -1174.370
Iteration 30 / LogL: -1174.370 / Time: 0h:0m:0s (0h:0m:0s left)
UPDATE BEST LOG-LIKELIHOOD: -1174.370
UPDATE BEST LOG-LIKELIHOOD: -1174.370
Iteration 40 / LogL: -1174.370 / Time: 0h:0m:0s (0h:0m:0s left)
UPDATE BEST LOG-LIKELIHOOD: -1174.370
UPDATE BEST LOG-LIKELIHOOD: -1174.370
Iteration 50 / LogL: -1174.370 / Time: 0h:0m:0s (0h:0m:0s left)
WARNING: NNI search needs unusual large number of steps (7) to converge!
Iteration 60 / LogL: -1174.370 / Time: 0h:0m:0s (0h:0m:0s left)
Iteration 70 / LogL: -1174.370 / Time: 0h:0m:0s (0h:0m:0s left)
UPDATE BEST LOG-LIKELIHOOD: -1174.370
Iteration 80 / LogL: -1174.370 / Time: 0h:0m:0s (0h:0m:0s left)
Iteration 90 / LogL: -1174.370 / Time: 0h:0m:0s (0h:0m:0s left)
Iteration 100 / LogL: -1174.370 / Time: 0h:0m:0s (0h:0m:0s left)
UPDATE BEST LOG-LIKELIHOOD: -1174.370
TREE SEARCH COMPLETED AFTER 102 ITERATIONS / Time: 0h:0m:0s

--------------------------------------------------------------------
|                    FINALIZING TREE SEARCH                        |
--------------------------------------------------------------------
Performs final model parameters optimization
Estimate model parameters (epsilon = 0.010)
1. Initial log-likelihood: -1174.370
Optimal log-likelihood: -1174.370
Gamma shape alpha: 2.094
Parameters optimization took 1 rounds (0.002 sec)
BEST SCORE FOUND : -1174.370
Total tree length: 6.168

Total number of iterations: 102
CPU time used for tree search: 0.843 sec (0h:0m:0s)
Wall-clock time used for tree search: 0.911 sec (0h:0m:0s)
Total CPU time used: 0.874 sec (0h:0m:0s)
Total wall-clock time used: 0.959 sec (0h:0m:0s)

===> START BOOTSTRAP REPLICATE NUMBER 24

Creating bootstrap alignment (seed: 933832)...
WARNING: States(s) W rarely appear in alignment and may cause numerical problems

Create initial parsimony tree by phylogenetic likelihood library (PLL)... 0.000 seconds

NOTE: 0 MB RAM (0 GB) is required!
Estimate model parameters (epsilon = 0.100)
1. Initial log-likelihood: -1242.742
2. Current log-likelihood: -1225.033
3. Current log-likelihood: -1223.417
4. Current log-likelihood: -1223.168
Optimal log-likelihood: -1223.121
Gamma shape alpha: 2.460
Parameters optimization took 4 rounds (0.014 sec)
Computing ML distances based on estimated model parameters... 0.009 sec
Computing BIONJ tree...
0.007 seconds
Log-likelihood of BIONJ tree: -1223.111
--------------------------------------------------------------------
|             INITIALIZING CANDIDATE TREE SET                      |
--------------------------------------------------------------------
Generating 99 parsimony trees... 0.014 second
Computing log-likelihood of 58 initial trees ... 0.065 seconds
Current best score: -1223.111

Do NNI search on 20 best initial trees
Estimate model parameters (epsilon = 0.100)
BETTER TREE FOUND at iteration 1: -1223.111
Iteration 10 / LogL: -1223.239 / Time: 0h:0m:0s
Iteration 20 / LogL: -1223.268 / Time: 0h:0m:0s
Finish initializing candidate tree set (3)
Current best tree score: -1223.111 / CPU time: 0.190
Number of iterations: 20
--------------------------------------------------------------------
|               OPTIMIZING CANDIDATE TREE SET                      |
--------------------------------------------------------------------
UPDATE BEST LOG-LIKELIHOOD: -1223.111
WARNING: NNI search needs unusual large number of steps (7) to converge!
Iteration 30 / LogL: -1226.888 / Time: 0h:0m:0s (0h:0m:0s left)
Iteration 40 / LogL: -1223.554 / Time: 0h:0m:0s (0h:0m:0s left)
UPDATE BEST LOG-LIKELIHOOD: -1223.111
Iteration 50 / LogL: -1223.166 / Time: 0h:0m:0s (0h:0m:0s left)
Iteration 60 / LogL: -1227.018 / Time: 0h:0m:0s (0h:0m:0s left)
Iteration 70 / LogL: -1223.306 / Time: 0h:0m:0s (0h:0m:0s left)
Iteration 80 / LogL: -1223.127 / Time: 0h:0m:0s (0h:0m:0s left)
Iteration 90 / LogL: -1223.129 / Time: 0h:0m:0s (0h:0m:0s left)
Iteration 100 / LogL: -1227.000 / Time: 0h:0m:0s (0h:0m:0s left)
TREE SEARCH COMPLETED AFTER 102 ITERATIONS / Time: 0h:0m:0s

--------------------------------------------------------------------
|                    FINALIZING TREE SEARCH                        |
--------------------------------------------------------------------
Performs final model parameters optimization
Estimate model parameters (epsilon = 0.010)
1. Initial log-likelihood: -1223.111
Optimal log-likelihood: -1223.111
Gamma shape alpha: 2.482
Parameters optimization took 1 rounds (0.002 sec)
BEST SCORE FOUND : -1223.111
Total tree length: 7.610

Total number of iterations: 102
CPU time used for tree search: 0.683 sec (0h:0m:0s)
Wall-clock time used for tree search: 0.700 sec (0h:0m:0s)
Total CPU time used: 0.719 sec (0h:0m:0s)
Total wall-clock time used: 0.750 sec (0h:0m:0s)

===> START BOOTSTRAP REPLICATE NUMBER 25

Creating bootstrap alignment (seed: 933833)...

Create initial parsimony tree by phylogenetic likelihood library (PLL)... 0.000 seconds

NOTE: 0 MB RAM (0 GB) is required!
Estimate model parameters (epsilon = 0.100)
1. Initial log-likelihood: -1214.108
2. Current log-likelihood: -1198.365
3. Current log-likelihood: -1198.151
Optimal log-likelihood: -1198.132
Gamma shape alpha: 1.388
Parameters optimization took 3 rounds (0.008 sec)
Computing ML distances based on estimated model parameters... 0.009 sec
Computing BIONJ tree...
0.007 seconds
Log-likelihood of BIONJ tree: -1197.990
--------------------------------------------------------------------
|             INITIALIZING CANDIDATE TREE SET                      |
--------------------------------------------------------------------
Generating 98 parsimony trees... 0.014 second
Computing log-likelihood of 46 initial trees ... 0.047 seconds
Current best score: -1197.893

Do NNI search on 20 best initial trees
Estimate model parameters (epsilon = 0.100)
BETTER TREE FOUND at iteration 1: -1197.806
Iteration 10 / LogL: -1197.859 / Time: 0h:0m:0s
Estimate model parameters (epsilon = 0.100)
UPDATE BEST LOG-LIKELIHOOD: -1197.788
Iteration 20 / LogL: -1197.788 / Time: 0h:0m:0s
Finish initializing candidate tree set (2)
Current best tree score: -1197.788 / CPU time: 0.171
Number of iterations: 20
--------------------------------------------------------------------
|               OPTIMIZING CANDIDATE TREE SET                      |
--------------------------------------------------------------------
UPDATE BEST LOG-LIKELIHOOD: -1197.788
UPDATE BEST LOG-LIKELIHOOD: -1197.788
UPDATE BEST LOG-LIKELIHOOD: -1197.788
Iteration 30 / LogL: -1197.788 / Time: 0h:0m:0s (0h:0m:0s left)
Iteration 40 / LogL: -1197.874 / Time: 0h:0m:0s (0h:0m:0s left)
Iteration 50 / LogL: -1198.026 / Time: 0h:0m:0s (0h:0m:0s left)
UPDATE BEST LOG-LIKELIHOOD: -1197.788
Iteration 60 / LogL: -1198.014 / Time: 0h:0m:0s (0h:0m:0s left)
Iteration 70 / LogL: -1198.189 / Time: 0h:0m:0s (0h:0m:0s left)
Iteration 80 / LogL: -1197.795 / Time: 0h:0m:0s (0h:0m:0s left)
Iteration 90 / LogL: -1197.886 / Time: 0h:0m:0s (0h:0m:0s left)
Iteration 100 / LogL: -1197.808 / Time: 0h:0m:0s (0h:0m:0s left)
TREE SEARCH COMPLETED AFTER 102 ITERATIONS / Time: 0h:0m:0s

--------------------------------------------------------------------
|                    FINALIZING TREE SEARCH                        |
--------------------------------------------------------------------
Performs final model parameters optimization
Estimate model parameters (epsilon = 0.010)
1. Initial log-likelihood: -1197.788
Optimal log-likelihood: -1197.788
Gamma shape alpha: 1.479
Parameters optimization took 1 rounds (0.002 sec)
BEST SCORE FOUND : -1197.788
Total tree length: 7.002

Total number of iterations: 102
CPU time used for tree search: 0.591 sec (0h:0m:0s)
Wall-clock time used for tree search: 0.612 sec (0h:0m:0s)
Total CPU time used: 0.619 sec (0h:0m:0s)
Total wall-clock time used: 0.656 sec (0h:0m:0s)

===> START BOOTSTRAP REPLICATE NUMBER 26

Creating bootstrap alignment (seed: 933834)...
WARNING: States(s) C rarely appear in alignment and may cause numerical problems

Create initial parsimony tree by phylogenetic likelihood library (PLL)... 0.000 seconds

NOTE: 0 MB RAM (0 GB) is required!
Estimate model parameters (epsilon = 0.100)
1. Initial log-likelihood: -1272.324
2. Current log-likelihood: -1242.273
3. Current log-likelihood: -1241.898
Optimal log-likelihood: -1241.811
Gamma shape alpha: 1.627
Parameters optimization took 3 rounds (0.010 sec)
Computing ML distances based on estimated model parameters... 0.009 sec
Computing BIONJ tree...
0.007 seconds
Log-likelihood of BIONJ tree: -1238.799
--------------------------------------------------------------------
|             INITIALIZING CANDIDATE TREE SET                      |
--------------------------------------------------------------------
Generating 98 parsimony trees... 0.015 second
Computing log-likelihood of 50 initial trees ... 0.054 seconds
Current best score: -1238.799

Do NNI search on 20 best initial trees
Estimate model parameters (epsilon = 0.100)
BETTER TREE FOUND at iteration 1: -1238.449
Iteration 10 / LogL: -1238.511 / Time: 0h:0m:0s
Iteration 20 / LogL: -1238.545 / Time: 0h:0m:0s
Finish initializing candidate tree set (2)
Current best tree score: -1238.449 / CPU time: 0.267
Number of iterations: 20
--------------------------------------------------------------------
|               OPTIMIZING CANDIDATE TREE SET                      |
--------------------------------------------------------------------
Iteration 30 / LogL: -1238.503 / Time: 0h:0m:0s (0h:0m:0s left)
UPDATE BEST LOG-LIKELIHOOD: -1238.448
UPDATE BEST LOG-LIKELIHOOD: -1238.448
UPDATE BEST LOG-LIKELIHOOD: -1238.448
Iteration 40 / LogL: -1238.448 / Time: 0h:0m:0s (0h:0m:0s left)
Iteration 50 / LogL: -1238.502 / Time: 0h:0m:0s (0h:0m:0s left)
UPDATE BEST LOG-LIKELIHOOD: -1238.448
Iteration 60 / LogL: -1238.565 / Time: 0h:0m:0s (0h:0m:0s left)
UPDATE BEST LOG-LIKELIHOOD: -1238.448
Iteration 70 / LogL: -1238.448 / Time: 0h:0m:0s (0h:0m:0s left)
Iteration 80 / LogL: -1238.560 / Time: 0h:0m:0s (0h:0m:0s left)
UPDATE BEST LOG-LIKELIHOOD: -1238.448
Iteration 90 / LogL: -1238.449 / Time: 0h:0m:0s (0h:0m:0s left)
UPDATE BEST LOG-LIKELIHOOD: -1238.447
Iteration 100 / LogL: -1238.447 / Time: 0h:0m:0s (0h:0m:0s left)
TREE SEARCH COMPLETED AFTER 102 ITERATIONS / Time: 0h:0m:0s

--------------------------------------------------------------------
|                    FINALIZING TREE SEARCH                        |
--------------------------------------------------------------------
Performs final model parameters optimization
Estimate model parameters (epsilon = 0.010)
1. Initial log-likelihood: -1238.447
Optimal log-likelihood: -1238.444
Gamma shape alpha: 1.736
Parameters optimization took 1 rounds (0.002 sec)
BEST SCORE FOUND : -1238.444
Total tree length: 7.905

Total number of iterations: 102
CPU time used for tree search: 0.850 sec (0h:0m:0s)
Wall-clock time used for tree search: 0.873 sec (0h:0m:0s)
Total CPU time used: 0.880 sec (0h:0m:0s)
Total wall-clock time used: 0.918 sec (0h:0m:0s)

===> START BOOTSTRAP REPLICATE NUMBER 27

Creating bootstrap alignment (seed: 933835)...

Create initial parsimony tree by phylogenetic likelihood library (PLL)... 0.000 seconds

NOTE: 0 MB RAM (0 GB) is required!
Estimate model parameters (epsilon = 0.100)
1. Initial log-likelihood: -1195.337
2. Current log-likelihood: -1163.409
3. Current log-likelihood: -1162.830
Optimal log-likelihood: -1162.796
Gamma shape alpha: 1.049
Parameters optimization took 3 rounds (0.008 sec)
Computing ML distances based on estimated model parameters... 0.011 sec
Computing BIONJ tree...
0.007 seconds
Log-likelihood of BIONJ tree: -1164.176
--------------------------------------------------------------------
|             INITIALIZING CANDIDATE TREE SET                      |
--------------------------------------------------------------------
Generating 98 parsimony trees... 0.015 second
Computing log-likelihood of 35 initial trees ... 0.037 seconds
Current best score: -1162.796

Do NNI search on 20 best initial trees
Estimate model parameters (epsilon = 0.100)
BETTER TREE FOUND at iteration 1: -1162.258
Iteration 10 / LogL: -1162.601 / Time: 0h:0m:0s
Iteration 20 / LogL: -1162.448 / Time: 0h:0m:0s
Finish initializing candidate tree set (2)
Current best tree score: -1162.258 / CPU time: 0.162
Number of iterations: 20
--------------------------------------------------------------------
|               OPTIMIZING CANDIDATE TREE SET                      |
--------------------------------------------------------------------
UPDATE BEST LOG-LIKELIHOOD: -1162.258
Iteration 30 / LogL: -1162.258 / Time: 0h:0m:0s (0h:0m:0s left)
Iteration 40 / LogL: -1164.408 / Time: 0h:0m:0s (0h:0m:0s left)
Iteration 50 / LogL: -1164.229 / Time: 0h:0m:0s (0h:0m:0s left)
Iteration 60 / LogL: -1162.417 / Time: 0h:0m:0s (0h:0m:0s left)
Iteration 70 / LogL: -1164.205 / Time: 0h:0m:0s (0h:0m:0s left)
Iteration 80 / LogL: -1164.270 / Time: 0h:0m:0s (0h:0m:0s left)
Iteration 90 / LogL: -1162.333 / Time: 0h:0m:0s (0h:0m:0s left)
UPDATE BEST LOG-LIKELIHOOD: -1162.258
Iteration 100 / LogL: -1162.309 / Time: 0h:0m:0s (0h:0m:0s left)
TREE SEARCH COMPLETED AFTER 102 ITERATIONS / Time: 0h:0m:0s

--------------------------------------------------------------------
|                    FINALIZING TREE SEARCH                        |
--------------------------------------------------------------------
Performs final model parameters optimization
Estimate model parameters (epsilon = 0.010)
1. Initial log-likelihood: -1162.258
Optimal log-likelihood: -1162.256
Gamma shape alpha: 1.077
Parameters optimization took 1 rounds (0.002 sec)
BEST SCORE FOUND : -1162.256
Total tree length: 9.726

Total number of iterations: 102
CPU time used for tree search: 0.624 sec (0h:0m:0s)
Wall-clock time used for tree search: 0.642 sec (0h:0m:0s)
Total CPU time used: 0.654 sec (0h:0m:0s)
Total wall-clock time used: 0.686 sec (0h:0m:0s)

===> START BOOTSTRAP REPLICATE NUMBER 28

Creating bootstrap alignment (seed: 933836)...

Create initial parsimony tree by phylogenetic likelihood library (PLL)... 0.000 seconds

NOTE: 0 MB RAM (0 GB) is required!
Estimate model parameters (epsilon = 0.100)
1. Initial log-likelihood: -1231.170
2. Current log-likelihood: -1200.974
3. Current log-likelihood: -1200.326
Optimal log-likelihood: -1200.245
Gamma shape alpha: 2.033
Parameters optimization took 3 rounds (0.010 sec)
Computing ML distances based on estimated model parameters... 0.009 sec
Computing BIONJ tree...
0.007 seconds
Log-likelihood of BIONJ tree: -1198.848
--------------------------------------------------------------------
|             INITIALIZING CANDIDATE TREE SET                      |
--------------------------------------------------------------------
Generating 98 parsimony trees... 0.014 second
Computing log-likelihood of 60 initial trees ... 0.062 seconds
Current best score: -1198.848

Do NNI search on 20 best initial trees
Estimate model parameters (epsilon = 0.100)
BETTER TREE FOUND at iteration 1: -1198.843
Iteration 10 / LogL: -1200.255 / Time: 0h:0m:0s
Iteration 20 / LogL: -1198.925 / Time: 0h:0m:0s
Finish initializing candidate tree set (2)
Current best tree score: -1198.843 / CPU time: 0.180
Number of iterations: 20
--------------------------------------------------------------------
|               OPTIMIZING CANDIDATE TREE SET                      |
--------------------------------------------------------------------
UPDATE BEST LOG-LIKELIHOOD: -1198.843
UPDATE BEST LOG-LIKELIHOOD: -1198.843
UPDATE BEST LOG-LIKELIHOOD: -1198.843
Iteration 30 / LogL: -1199.002 / Time: 0h:0m:0s (0h:0m:0s left)
Iteration 40 / LogL: -1200.181 / Time: 0h:0m:0s (0h:0m:0s left)
UPDATE BEST LOG-LIKELIHOOD: -1198.843
Iteration 50 / LogL: -1199.424 / Time: 0h:0m:0s (0h:0m:0s left)
Iteration 60 / LogL: -1200.232 / Time: 0h:0m:0s (0h:0m:0s left)
Iteration 70 / LogL: -1200.180 / Time: 0h:0m:0s (0h:0m:0s left)
Iteration 80 / LogL: -1200.190 / Time: 0h:0m:0s (0h:0m:0s left)
Iteration 90 / LogL: -1200.299 / Time: 0h:0m:0s (0h:0m:0s left)
Iteration 100 / LogL: -1200.539 / Time: 0h:0m:0s (0h:0m:0s left)
TREE SEARCH COMPLETED AFTER 102 ITERATIONS / Time: 0h:0m:0s

--------------------------------------------------------------------
|                    FINALIZING TREE SEARCH                        |
--------------------------------------------------------------------
Performs final model parameters optimization
Estimate model parameters (epsilon = 0.010)
1. Initial log-likelihood: -1198.843
Optimal log-likelihood: -1198.843
Gamma shape alpha: 2.096
Parameters optimization took 1 rounds (0.002 sec)
BEST SCORE FOUND : -1198.843
Total tree length: 7.273

Total number of iterations: 102
CPU time used for tree search: 0.650 sec (0h:0m:0s)
Wall-clock time used for tree search: 0.673 sec (0h:0m:0s)
Total CPU time used: 0.677 sec (0h:0m:0s)
Total wall-clock time used: 0.715 sec (0h:0m:0s)

===> START BOOTSTRAP REPLICATE NUMBER 29

Creating bootstrap alignment (seed: 933837)...
WARNING: States(s) F, W rarely appear in alignment and may cause numerical problems

Create initial parsimony tree by phylogenetic likelihood library (PLL)... 0.000 seconds

NOTE: 0 MB RAM (0 GB) is required!
Estimate model parameters (epsilon = 0.100)
1. Initial log-likelihood: -1122.165
2. Current log-likelihood: -1094.576
3. Current log-likelihood: -1094.164
Optimal log-likelihood: -1094.085
Gamma shape alpha: 1.233
Parameters optimization took 3 rounds (0.010 sec)
Computing ML distances based on estimated model parameters... 0.009 sec
Computing BIONJ tree...
0.007 seconds
Log-likelihood of BIONJ tree: -1089.152
--------------------------------------------------------------------
|             INITIALIZING CANDIDATE TREE SET                      |
--------------------------------------------------------------------
Generating 98 parsimony trees... 0.015 second
Computing log-likelihood of 56 initial trees ... 0.058 seconds
Current best score: -1089.152

Do NNI search on 20 best initial trees
Estimate model parameters (epsilon = 0.100)
BETTER TREE FOUND at iteration 1: -1089.149
Iteration 10 / LogL: -1089.238 / Time: 0h:0m:0s
Iteration 20 / LogL: -1089.197 / Time: 0h:0m:0s
Finish initializing candidate tree set (3)
Current best tree score: -1089.149 / CPU time: 0.214
Number of iterations: 20
--------------------------------------------------------------------
|               OPTIMIZING CANDIDATE TREE SET                      |
--------------------------------------------------------------------
Iteration 30 / LogL: -1089.201 / Time: 0h:0m:0s (0h:0m:0s left)
UPDATE BEST LOG-LIKELIHOOD: -1089.149
Iteration 40 / LogL: -1089.199 / Time: 0h:0m:0s (0h:0m:0s left)
Iteration 50 / LogL: -1089.195 / Time: 0h:0m:0s (0h:0m:0s left)
WARNING: NNI search needs unusual large number of steps (7) to converge!
Iteration 60 / LogL: -1089.194 / Time: 0h:0m:0s (0h:0m:0s left)
Iteration 70 / LogL: -1089.185 / Time: 0h:0m:0s (0h:0m:0s left)
Iteration 80 / LogL: -1095.645 / Time: 0h:0m:0s (0h:0m:0s left)
Iteration 90 / LogL: -1089.244 / Time: 0h:0m:0s (0h:0m:0s left)
WARNING: NNI search needs unusual large number of steps (7) to converge!
Iteration 100 / LogL: -1089.214 / Time: 0h:0m:0s (0h:0m:0s left)
TREE SEARCH COMPLETED AFTER 102 ITERATIONS / Time: 0h:0m:0s

--------------------------------------------------------------------
|                    FINALIZING TREE SEARCH                        |
--------------------------------------------------------------------
Performs final model parameters optimization
Estimate model parameters (epsilon = 0.010)
1. Initial log-likelihood: -1089.149
Optimal log-likelihood: -1089.148
Gamma shape alpha: 1.255
Parameters optimization took 1 rounds (0.002 sec)
BEST SCORE FOUND : -1089.148
Total tree length: 7.181

Total number of iterations: 102
CPU time used for tree search: 0.734 sec (0h:0m:0s)
Wall-clock time used for tree search: 0.747 sec (0h:0m:0s)
Total CPU time used: 0.764 sec (0h:0m:0s)
Total wall-clock time used: 0.793 sec (0h:0m:0s)

===> START BOOTSTRAP REPLICATE NUMBER 30

Creating bootstrap alignment (seed: 933838)...

Create initial parsimony tree by phylogenetic likelihood library (PLL)... 0.000 seconds

NOTE: 0 MB RAM (0 GB) is required!
Estimate model parameters (epsilon = 0.100)
1. Initial log-likelihood: -1328.177
2. Current log-likelihood: -1297.234
3. Current log-likelihood: -1296.421
Optimal log-likelihood: -1296.392
Gamma shape alpha: 1.451
Parameters optimization took 3 rounds (0.008 sec)
Computing ML distances based on estimated model parameters... 0.009 sec
Computing BIONJ tree...
0.007 seconds
Log-likelihood of BIONJ tree: -1296.197
--------------------------------------------------------------------
|             INITIALIZING CANDIDATE TREE SET                      |
--------------------------------------------------------------------
Generating 98 parsimony trees... 0.015 second
Computing log-likelihood of 53 initial trees ... 0.052 seconds
Current best score: -1293.583

Do NNI search on 20 best initial trees
Estimate model parameters (epsilon = 0.100)
BETTER TREE FOUND at iteration 1: -1293.308
UPDATE BEST LOG-LIKELIHOOD: -1293.308
UPDATE BEST LOG-LIKELIHOOD: -1293.308
UPDATE BEST LOG-LIKELIHOOD: -1293.308
UPDATE BEST LOG-LIKELIHOOD: -1293.308
Iteration 10 / LogL: -1293.308 / Time: 0h:0m:0s
Iteration 20 / LogL: -1293.312 / Time: 0h:0m:0s
Finish initializing candidate tree set (3)
Current best tree score: -1293.308 / CPU time: 0.236
Number of iterations: 20
--------------------------------------------------------------------
|               OPTIMIZING CANDIDATE TREE SET                      |
--------------------------------------------------------------------
UPDATE BEST LOG-LIKELIHOOD: -1293.308
Iteration 30 / LogL: -1293.451 / Time: 0h:0m:0s (0h:0m:0s left)
WARNING: NNI search needs unusual large number of steps (7) to converge!
Iteration 40 / LogL: -1293.308 / Time: 0h:0m:0s (0h:0m:0s left)
Iteration 50 / LogL: -1293.308 / Time: 0h:0m:0s (0h:0m:0s left)
WARNING: NNI search needs unusual large number of steps (7) to converge!
Iteration 60 / LogL: -1293.308 / Time: 0h:0m:0s (0h:0m:0s left)
Iteration 70 / LogL: -1293.308 / Time: 0h:0m:0s (0h:0m:0s left)
WARNING: NNI search needs unusual large number of steps (7) to converge!
WARNING: NNI search needs unusual large number of steps (7) to converge!
WARNING: NNI search needs unusual large number of steps (7) to converge!
Iteration 80 / LogL: -1293.309 / Time: 0h:0m:0s (0h:0m:0s left)
UPDATE BEST LOG-LIKELIHOOD: -1293.308
Iteration 90 / LogL: -1293.308 / Time: 0h:0m:0s (0h:0m:0s left)
Iteration 100 / LogL: -1293.308 / Time: 0h:0m:0s (0h:0m:0s left)
TREE SEARCH COMPLETED AFTER 102 ITERATIONS / Time: 0h:0m:0s

--------------------------------------------------------------------
|                    FINALIZING TREE SEARCH                        |
--------------------------------------------------------------------
Performs final model parameters optimization
Estimate model parameters (epsilon = 0.010)
1. Initial log-likelihood: -1293.308
Optimal log-likelihood: -1293.308
Gamma shape alpha: 1.492
Parameters optimization took 1 rounds (0.002 sec)
BEST SCORE FOUND : -1293.308
Total tree length: 8.731

Total number of iterations: 102
CPU time used for tree search: 0.815 sec (0h:0m:0s)
Wall-clock time used for tree search: 0.832 sec (0h:0m:0s)
Total CPU time used: 0.842 sec (0h:0m:0s)
Total wall-clock time used: 0.874 sec (0h:0m:0s)

===> START BOOTSTRAP REPLICATE NUMBER 31

Creating bootstrap alignment (seed: 933839)...

Create initial parsimony tree by phylogenetic likelihood library (PLL)... 0.000 seconds

NOTE: 0 MB RAM (0 GB) is required!
Estimate model parameters (epsilon = 0.100)
1. Initial log-likelihood: -1107.701
2. Current log-likelihood: -1076.139
3. Current log-likelihood: -1075.007
4. Current log-likelihood: -1074.861
Optimal log-likelihood: -1074.843
Gamma shape alpha: 2.557
Parameters optimization took 4 rounds (0.013 sec)
Computing ML distances based on estimated model parameters... 0.008 sec
Computing BIONJ tree...
0.007 seconds
Log-likelihood of BIONJ tree: -1074.415
--------------------------------------------------------------------
|             INITIALIZING CANDIDATE TREE SET                      |
--------------------------------------------------------------------
Generating 98 parsimony trees... 0.016 second
Computing log-likelihood of 43 initial trees ... 0.046 seconds
Current best score: -1073.401

Do NNI search on 20 best initial trees
Estimate model parameters (epsilon = 0.100)
BETTER TREE FOUND at iteration 1: -1073.164
Iteration 10 / LogL: -1074.250 / Time: 0h:0m:0s
Iteration 20 / LogL: -1074.250 / Time: 0h:0m:0s
Finish initializing candidate tree set (4)
Current best tree score: -1073.164 / CPU time: 0.214
Number of iterations: 20
--------------------------------------------------------------------
|               OPTIMIZING CANDIDATE TREE SET                      |
--------------------------------------------------------------------
Iteration 30 / LogL: -1074.167 / Time: 0h:0m:0s (0h:0m:0s left)
Iteration 40 / LogL: -1074.167 / Time: 0h:0m:0s (0h:0m:0s left)
UPDATE BEST LOG-LIKELIHOOD: -1073.164
UPDATE BEST LOG-LIKELIHOOD: -1073.164
Iteration 50 / LogL: -1073.164 / Time: 0h:0m:0s (0h:0m:0s left)
WARNING: NNI search needs unusual large number of steps (7) to converge!
Iteration 60 / LogL: -1074.250 / Time: 0h:0m:0s (0h:0m:0s left)
Iteration 70 / LogL: -1074.167 / Time: 0h:0m:0s (0h:0m:0s left)
Iteration 80 / LogL: -1073.200 / Time: 0h:0m:0s (0h:0m:0s left)
UPDATE BEST LOG-LIKELIHOOD: -1073.164
Iteration 90 / LogL: -1074.167 / Time: 0h:0m:0s (0h:0m:0s left)
Iteration 100 / LogL: -1074.167 / Time: 0h:0m:0s (0h:0m:0s left)
TREE SEARCH COMPLETED AFTER 102 ITERATIONS / Time: 0h:0m:0s

--------------------------------------------------------------------
|                    FINALIZING TREE SEARCH                        |
--------------------------------------------------------------------
Performs final model parameters optimization
Estimate model parameters (epsilon = 0.010)
1. Initial log-likelihood: -1073.164
Optimal log-likelihood: -1073.163
Gamma shape alpha: 3.072
Parameters optimization took 1 rounds (0.002 sec)
BEST SCORE FOUND : -1073.163
Total tree length: 5.959

Total number of iterations: 102
CPU time used for tree search: 0.776 sec (0h:0m:0s)
Wall-clock time used for tree search: 0.796 sec (0h:0m:0s)
Total CPU time used: 0.807 sec (0h:0m:0s)
Total wall-clock time used: 0.841 sec (0h:0m:0s)

===> START BOOTSTRAP REPLICATE NUMBER 32

Creating bootstrap alignment (seed: 933840)...
WARNING: States(s) C, W rarely appear in alignment and may cause numerical problems

Create initial parsimony tree by phylogenetic likelihood library (PLL)... 0.000 seconds

NOTE: 0 MB RAM (0 GB) is required!
Estimate model parameters (epsilon = 0.100)
1. Initial log-likelihood: -1168.462
2. Current log-likelihood: -1143.961
3. Current log-likelihood: -1143.149
4. Current log-likelihood: -1142.971
Optimal log-likelihood: -1142.932
Gamma shape alpha: 2.037
Parameters optimization took 4 rounds (0.013 sec)
Computing ML distances based on estimated model parameters... 0.008 sec
Computing BIONJ tree...
0.007 seconds
Log-likelihood of BIONJ tree: -1144.934
--------------------------------------------------------------------
|             INITIALIZING CANDIDATE TREE SET                      |
--------------------------------------------------------------------
Generating 98 parsimony trees... 0.015 second
Computing log-likelihood of 36 initial trees ... 0.037 seconds
Current best score: -1142.932

Do NNI search on 20 best initial trees
Estimate model parameters (epsilon = 0.100)
BETTER TREE FOUND at iteration 1: -1142.927
Estimate model parameters (epsilon = 0.100)
BETTER TREE FOUND at iteration 2: -1142.624
Iteration 10 / LogL: -1142.632 / Time: 0h:0m:0s
WARNING: NNI search needs unusual large number of steps (7) to converge!
WARNING: NNI search needs unusual large number of steps (7) to converge!
WARNING: NNI search needs unusual large number of steps (7) to converge!
Iteration 20 / LogL: -1142.624 / Time: 0h:0m:0s
Finish initializing candidate tree set (2)
Current best tree score: -1142.624 / CPU time: 0.261
Number of iterations: 20
--------------------------------------------------------------------
|               OPTIMIZING CANDIDATE TREE SET                      |
--------------------------------------------------------------------
UPDATE BEST LOG-LIKELIHOOD: -1142.623
Iteration 30 / LogL: -1142.623 / Time: 0h:0m:0s (0h:0m:0s left)
UPDATE BEST LOG-LIKELIHOOD: -1142.623
Iteration 40 / LogL: -1142.625 / Time: 0h:0m:0s (0h:0m:0s left)
Iteration 50 / LogL: -1142.623 / Time: 0h:0m:0s (0h:0m:0s left)
WARNING: NNI search needs unusual large number of steps (7) to converge!
Iteration 60 / LogL: -1142.632 / Time: 0h:0m:0s (0h:0m:0s left)
WARNING: NNI search needs unusual large number of steps (7) to converge!
Iteration 70 / LogL: -1142.625 / Time: 0h:0m:0s (0h:0m:0s left)
WARNING: NNI search needs unusual large number of steps (7) to converge!
Iteration 80 / LogL: -1142.643 / Time: 0h:0m:0s (0h:0m:0s left)
Iteration 90 / LogL: -1142.625 / Time: 0h:0m:0s (0h:0m:0s left)
WARNING: NNI search needs unusual large number of steps (7) to converge!
Iteration 100 / LogL: -1142.625 / Time: 0h:0m:1s (0h:0m:0s left)
WARNING: NNI search needs unusual large number of steps (7) to converge!
TREE SEARCH COMPLETED AFTER 103 ITERATIONS / Time: 0h:0m:1s

--------------------------------------------------------------------
|                    FINALIZING TREE SEARCH                        |
--------------------------------------------------------------------
Performs final model parameters optimization
Estimate model parameters (epsilon = 0.010)
1. Initial log-likelihood: -1142.623
Optimal log-likelihood: -1142.617
Gamma shape alpha: 2.661
Parameters optimization took 1 rounds (0.003 sec)
BEST SCORE FOUND : -1142.617
Total tree length: 6.149

Total number of iterations: 103
CPU time used for tree search: 0.995 sec (0h:0m:0s)
Wall-clock time used for tree search: 1.016 sec (0h:0m:1s)
Total CPU time used: 1.026 sec (0h:0m:1s)
Total wall-clock time used: 1.062 sec (0h:0m:1s)

===> START BOOTSTRAP REPLICATE NUMBER 33

Creating bootstrap alignment (seed: 933841)...
WARNING: States(s) C rarely appear in alignment and may cause numerical problems

Create initial parsimony tree by phylogenetic likelihood library (PLL)... 0.000 seconds

NOTE: 0 MB RAM (0 GB) is required!
Estimate model parameters (epsilon = 0.100)
1. Initial log-likelihood: -1157.169
2. Current log-likelihood: -1122.526
3. Current log-likelihood: -1122.078
Optimal log-likelihood: -1122.049
Gamma shape alpha: 1.339
Parameters optimization took 3 rounds (0.008 sec)
Computing ML distances based on estimated model parameters... 0.010 sec
Computing BIONJ tree...
0.007 seconds
Log-likelihood of BIONJ tree: -1120.077
--------------------------------------------------------------------
|             INITIALIZING CANDIDATE TREE SET                      |
--------------------------------------------------------------------
Generating 98 parsimony trees... 0.014 second
Computing log-likelihood of 54 initial trees ... 0.053 seconds
Current best score: -1120.077

Do NNI search on 20 best initial trees
Estimate model parameters (epsilon = 0.100)
BETTER TREE FOUND at iteration 1: -1120.030
Iteration 10 / LogL: -1120.110 / Time: 0h:0m:0s
Iteration 20 / LogL: -1120.085 / Time: 0h:0m:0s
Finish initializing candidate tree set (2)
Current best tree score: -1120.030 / CPU time: 0.220
Number of iterations: 20
--------------------------------------------------------------------
|               OPTIMIZING CANDIDATE TREE SET                      |
--------------------------------------------------------------------
UPDATE BEST LOG-LIKELIHOOD: -1120.029
UPDATE BEST LOG-LIKELIHOOD: -1120.029
Iteration 30 / LogL: -1120.048 / Time: 0h:0m:0s (0h:0m:0s left)
Iteration 40 / LogL: -1120.050 / Time: 0h:0m:0s (0h:0m:0s left)
Iteration 50 / LogL: -1120.135 / Time: 0h:0m:0s (0h:0m:0s left)
Iteration 60 / LogL: -1120.036 / Time: 0h:0m:0s (0h:0m:0s left)
Iteration 70 / LogL: -1120.057 / Time: 0h:0m:0s (0h:0m:0s left)
Iteration 80 / LogL: -1120.031 / Time: 0h:0m:0s (0h:0m:0s left)
Iteration 90 / LogL: -1120.035 / Time: 0h:0m:0s (0h:0m:0s left)
UPDATE BEST LOG-LIKELIHOOD: -1120.029
Iteration 100 / LogL: -1120.093 / Time: 0h:0m:0s (0h:0m:0s left)
TREE SEARCH COMPLETED AFTER 102 ITERATIONS / Time: 0h:0m:0s

--------------------------------------------------------------------
|                    FINALIZING TREE SEARCH                        |
--------------------------------------------------------------------
Performs final model parameters optimization
Estimate model parameters (epsilon = 0.010)
1. Initial log-likelihood: -1120.029
Optimal log-likelihood: -1120.024
Gamma shape alpha: 1.461
Parameters optimization took 1 rounds (0.002 sec)
BEST SCORE FOUND : -1120.024
Total tree length: 8.047

Total number of iterations: 102
CPU time used for tree search: 0.787 sec (0h:0m:0s)
Wall-clock time used for tree search: 0.805 sec (0h:0m:0s)
Total CPU time used: 0.814 sec (0h:0m:0s)
Total wall-clock time used: 0.847 sec (0h:0m:0s)

===> START BOOTSTRAP REPLICATE NUMBER 34

Creating bootstrap alignment (seed: 933842)...

Create initial parsimony tree by phylogenetic likelihood library (PLL)... 0.000 seconds

NOTE: 0 MB RAM (0 GB) is required!
Estimate model parameters (epsilon = 0.100)
1. Initial log-likelihood: -1155.787
2. Current log-likelihood: -1114.266
3. Current log-likelihood: -1113.814
Optimal log-likelihood: -1113.748
Gamma shape alpha: 0.898
Parameters optimization took 3 rounds (0.006 sec)
Computing ML distances based on estimated model parameters... 0.010 sec
Computing BIONJ tree...
0.007 seconds
Log-likelihood of BIONJ tree: -1109.884
--------------------------------------------------------------------
|             INITIALIZING CANDIDATE TREE SET                      |
--------------------------------------------------------------------
Generating 98 parsimony trees... 0.014 second
Computing log-likelihood of 49 initial trees ... 0.048 seconds
Current best score: -1109.884

Do NNI search on 20 best initial trees
Estimate model parameters (epsilon = 0.100)
BETTER TREE FOUND at iteration 1: -1109.880
WARNING: NNI search needs unusual large number of steps (7) to converge!
BETTER TREE FOUND at iteration 3: -1109.880
Iteration 10 / LogL: -1109.895 / Time: 0h:0m:0s
Iteration 20 / LogL: -1111.009 / Time: 0h:0m:0s
Finish initializing candidate tree set (4)
Current best tree score: -1109.880 / CPU time: 0.278
Number of iterations: 20
--------------------------------------------------------------------
|               OPTIMIZING CANDIDATE TREE SET                      |
--------------------------------------------------------------------
UPDATE BEST LOG-LIKELIHOOD: -1109.880
UPDATE BEST LOG-LIKELIHOOD: -1109.880
Iteration 30 / LogL: -1109.880 / Time: 0h:0m:0s (0h:0m:0s left)
WARNING: NNI search needs unusual large number of steps (7) to converge!
UPDATE BEST LOG-LIKELIHOOD: -1109.880
Iteration 40 / LogL: -1109.903 / Time: 0h:0m:0s (0h:0m:0s left)
Iteration 50 / LogL: -1109.897 / Time: 0h:0m:0s (0h:0m:0s left)
Iteration 60 / LogL: -1109.880 / Time: 0h:0m:0s (0h:0m:0s left)
Iteration 70 / LogL: -1109.880 / Time: 0h:0m:0s (0h:0m:0s left)
Iteration 80 / LogL: -1110.266 / Time: 0h:0m:0s (0h:0m:0s left)
WARNING: NNI search needs unusual large number of steps (7) to converge!
WARNING: NNI search needs unusual large number of steps (7) to converge!
Iteration 90 / LogL: -1109.880 / Time: 0h:0m:0s (0h:0m:0s left)
WARNING: NNI search needs unusual large number of steps (7) to converge!
WARNING: NNI search needs unusual large number of steps (7) to converge!
WARNING: NNI search needs unusual large number of steps (7) to converge!
Iteration 100 / LogL: -1109.880 / Time: 0h:0m:1s (0h:0m:0s left)
UPDATE BEST LOG-LIKELIHOOD: -1109.880
UPDATE BEST LOG-LIKELIHOOD: -1109.880
TREE SEARCH COMPLETED AFTER 104 ITERATIONS / Time: 0h:0m:1s

--------------------------------------------------------------------
|                    FINALIZING TREE SEARCH                        |
--------------------------------------------------------------------
Performs final model parameters optimization
Estimate model parameters (epsilon = 0.010)
1. Initial log-likelihood: -1109.880
Optimal log-likelihood: -1109.880
Gamma shape alpha: 0.882
Parameters optimization took 1 rounds (0.001 sec)
BEST SCORE FOUND : -1109.880
Total tree length: 10.364

Total number of iterations: 104
CPU time used for tree search: 0.991 sec (0h:0m:0s)
Wall-clock time used for tree search: 1.020 sec (0h:0m:1s)
Total CPU time used: 1.019 sec (0h:0m:1s)
Total wall-clock time used: 1.063 sec (0h:0m:1s)

===> START BOOTSTRAP REPLICATE NUMBER 35

Creating bootstrap alignment (seed: 933843)...

Create initial parsimony tree by phylogenetic likelihood library (PLL)... 0.000 seconds

NOTE: 0 MB RAM (0 GB) is required!
Estimate model parameters (epsilon = 0.100)
1. Initial log-likelihood: -1168.460
2. Current log-likelihood: -1146.214
3. Current log-likelihood: -1145.886
Optimal log-likelihood: -1145.826
Gamma shape alpha: 0.907
Parameters optimization took 3 rounds (0.007 sec)
Computing ML distances based on estimated model parameters... 0.010 sec
Computing BIONJ tree...
0.007 seconds
Log-likelihood of BIONJ tree: -1143.903
--------------------------------------------------------------------
|             INITIALIZING CANDIDATE TREE SET                      |
--------------------------------------------------------------------
Generating 98 parsimony trees... 0.015 second
Computing log-likelihood of 47 initial trees ... 0.049 seconds
Current best score: -1143.903

Do NNI search on 20 best initial trees
Estimate model parameters (epsilon = 0.100)
BETTER TREE FOUND at iteration 1: -1143.896
UPDATE BEST LOG-LIKELIHOOD: -1143.895
BETTER TREE FOUND at iteration 3: -1143.895
UPDATE BEST LOG-LIKELIHOOD: -1143.895
Iteration 10 / LogL: -1143.895 / Time: 0h:0m:0s
WARNING: NNI search needs unusual large number of steps (7) to converge!
Iteration 20 / LogL: -1145.805 / Time: 0h:0m:0s
Finish initializing candidate tree set (4)
Current best tree score: -1143.895 / CPU time: 0.267
Number of iterations: 20
--------------------------------------------------------------------
|               OPTIMIZING CANDIDATE TREE SET                      |
--------------------------------------------------------------------
UPDATE BEST LOG-LIKELIHOOD: -1143.895
WARNING: NNI search needs unusual large number of steps (7) to converge!
UPDATE BEST LOG-LIKELIHOOD: -1143.895
Iteration 30 / LogL: -1143.895 / Time: 0h:0m:0s (0h:0m:0s left)
UPDATE BEST LOG-LIKELIHOOD: -1143.895
Iteration 40 / LogL: -1145.803 / Time: 0h:0m:0s (0h:0m:0s left)
UPDATE BEST LOG-LIKELIHOOD: -1143.895
Iteration 50 / LogL: -1144.284 / Time: 0h:0m:0s (0h:0m:0s left)
Iteration 60 / LogL: -1143.895 / Time: 0h:0m:0s (0h:0m:0s left)
Iteration 70 / LogL: -1145.803 / Time: 0h:0m:0s (0h:0m:0s left)
WARNING: NNI search needs unusual large number of steps (7) to converge!
Iteration 80 / LogL: -1143.895 / Time: 0h:0m:0s (0h:0m:0s left)
Iteration 90 / LogL: -1143.895 / Time: 0h:0m:0s (0h:0m:0s left)
WARNING: NNI search needs unusual large number of steps (7) to converge!
Iteration 100 / LogL: -1143.895 / Time: 0h:0m:0s (0h:0m:0s left)
TREE SEARCH COMPLETED AFTER 104 ITERATIONS / Time: 0h:0m:0s

--------------------------------------------------------------------
|                    FINALIZING TREE SEARCH                        |
--------------------------------------------------------------------
Performs final model parameters optimization
Estimate model parameters (epsilon = 0.010)
1. Initial log-likelihood: -1143.895
Optimal log-likelihood: -1143.894
Gamma shape alpha: 0.934
Parameters optimization took 1 rounds (0.002 sec)
BEST SCORE FOUND : -1143.894
Total tree length: 8.819

Total number of iterations: 104
CPU time used for tree search: 0.901 sec (0h:0m:0s)
Wall-clock time used for tree search: 0.922 sec (0h:0m:0s)
Total CPU time used: 0.928 sec (0h:0m:0s)
Total wall-clock time used: 0.964 sec (0h:0m:0s)

===> START BOOTSTRAP REPLICATE NUMBER 36

Creating bootstrap alignment (seed: 933844)...

Create initial parsimony tree by phylogenetic likelihood library (PLL)... 0.000 seconds

NOTE: 0 MB RAM (0 GB) is required!
Estimate model parameters (epsilon = 0.100)
1. Initial log-likelihood: -1217.977
2. Current log-likelihood: -1193.074
3. Current log-likelihood: -1191.840
4. Current log-likelihood: -1191.724
Optimal log-likelihood: -1191.658
Gamma shape alpha: 1.655
Parameters optimization took 4 rounds (0.013 sec)
Computing ML distances based on estimated model parameters... 0.009 sec
Computing BIONJ tree...
0.007 seconds
Log-likelihood of BIONJ tree: -1191.656
--------------------------------------------------------------------
|             INITIALIZING CANDIDATE TREE SET                      |
--------------------------------------------------------------------
Generating 99 parsimony trees... 0.015 second
Computing log-likelihood of 62 initial trees ... 0.066 seconds
Current best score: -1191.656

Do NNI search on 20 best initial trees
Estimate model parameters (epsilon = 0.100)
BETTER TREE FOUND at iteration 1: -1191.647
UPDATE BEST LOG-LIKELIHOOD: -1191.646
BETTER TREE FOUND at iteration 4: -1191.646
UPDATE BEST LOG-LIKELIHOOD: -1191.646
UPDATE BEST LOG-LIKELIHOOD: -1191.646
WARNING: NNI search needs unusual large number of steps (7) to converge!
UPDATE BEST LOG-LIKELIHOOD: -1191.646
WARNING: NNI search needs unusual large number of steps (7) to converge!
Iteration 10 / LogL: -1191.646 / Time: 0h:0m:0s
WARNING: NNI search needs unusual large number of steps (7) to converge!
UPDATE BEST LOG-LIKELIHOOD: -1191.646
Iteration 20 / LogL: -1191.646 / Time: 0h:0m:0s
Finish initializing candidate tree set (2)
Current best tree score: -1191.646 / CPU time: 0.277
Number of iterations: 20
--------------------------------------------------------------------
|               OPTIMIZING CANDIDATE TREE SET                      |
--------------------------------------------------------------------
UPDATE BEST LOG-LIKELIHOOD: -1191.646
Iteration 30 / LogL: -1191.646 / Time: 0h:0m:0s (0h:0m:1s left)
WARNING: NNI search needs unusual large number of steps (7) to converge!
UPDATE BEST LOG-LIKELIHOOD: -1191.646
UPDATE BEST LOG-LIKELIHOOD: -1191.646
WARNING: NNI search needs unusual large number of steps (7) to converge!
Iteration 40 / LogL: -1191.646 / Time: 0h:0m:0s (0h:0m:0s left)
WARNING: NNI search needs unusual large number of steps (7) to converge!
UPDATE BEST LOG-LIKELIHOOD: -1191.646
Iteration 50 / LogL: -1191.646 / Time: 0h:0m:0s (0h:0m:0s left)
WARNING: NNI search needs unusual large number of steps (7) to converge!
UPDATE BEST LOG-LIKELIHOOD: -1191.646
Iteration 60 / LogL: -1191.646 / Time: 0h:0m:0s (0h:0m:0s left)
Iteration 70 / LogL: -1191.646 / Time: 0h:0m:0s (0h:0m:0s left)
WARNING: NNI search needs unusual large number of steps (7) to converge!
WARNING: NNI search needs unusual large number of steps (7) to converge!
Iteration 80 / LogL: -1191.646 / Time: 0h:0m:0s (0h:0m:0s left)
WARNING: NNI search needs unusual large number of steps (7) to converge!
WARNING: NNI search needs unusual large number of steps (7) to converge!
Iteration 90 / LogL: -1191.646 / Time: 0h:0m:0s (0h:0m:0s left)
UPDATE BEST LOG-LIKELIHOOD: -1191.646
WARNING: NNI search needs unusual large number of steps (7) to converge!
Iteration 100 / LogL: -1191.646 / Time: 0h:0m:1s (0h:0m:0s left)
TREE SEARCH COMPLETED AFTER 105 ITERATIONS / Time: 0h:0m:1s

--------------------------------------------------------------------
|                    FINALIZING TREE SEARCH                        |
--------------------------------------------------------------------
Performs final model parameters optimization
Estimate model parameters (epsilon = 0.010)
1. Initial log-likelihood: -1191.646
Optimal log-likelihood: -1191.644
Gamma shape alpha: 1.720
Parameters optimization took 1 rounds (0.002 sec)
BEST SCORE FOUND : -1191.644
Total tree length: 9.067

Total number of iterations: 105
CPU time used for tree search: 1.020 sec (0h:0m:1s)
Wall-clock time used for tree search: 1.047 sec (0h:0m:1s)
Total CPU time used: 1.051 sec (0h:0m:1s)
Total wall-clock time used: 1.092 sec (0h:0m:1s)

===> START BOOTSTRAP REPLICATE NUMBER 37

Creating bootstrap alignment (seed: 933845)...
WARNING: States(s) C rarely appear in alignment and may cause numerical problems

Create initial parsimony tree by phylogenetic likelihood library (PLL)... 0.000 seconds

NOTE: 0 MB RAM (0 GB) is required!
Estimate model parameters (epsilon = 0.100)
1. Initial log-likelihood: -1101.054
2. Current log-likelihood: -1066.107
3. Current log-likelihood: -1064.418
4. Current log-likelihood: -1064.064
Optimal log-likelihood: -1063.994
Gamma shape alpha: 2.946
Parameters optimization took 4 rounds (0.013 sec)
Computing ML distances based on estimated model parameters... 0.008 sec
Computing BIONJ tree...
0.007 seconds
Log-likelihood of BIONJ tree: -1062.797
--------------------------------------------------------------------
|             INITIALIZING CANDIDATE TREE SET                      |
--------------------------------------------------------------------
Generating 98 parsimony trees... 0.015 second
Computing log-likelihood of 38 initial trees ... 0.038 seconds
Current best score: -1062.797

Do NNI search on 20 best initial trees
Estimate model parameters (epsilon = 0.100)
BETTER TREE FOUND at iteration 1: -1062.735
UPDATE BEST LOG-LIKELIHOOD: -1062.735
Iteration 10 / LogL: -1062.781 / Time: 0h:0m:0s
Iteration 20 / LogL: -1062.763 / Time: 0h:0m:0s
Finish initializing candidate tree set (2)
Current best tree score: -1062.735 / CPU time: 0.201
Number of iterations: 20
--------------------------------------------------------------------
|               OPTIMIZING CANDIDATE TREE SET                      |
--------------------------------------------------------------------
UPDATE BEST LOG-LIKELIHOOD: -1062.735
UPDATE BEST LOG-LIKELIHOOD: -1062.735
Iteration 30 / LogL: -1063.853 / Time: 0h:0m:0s (0h:0m:0s left)
UPDATE BEST LOG-LIKELIHOOD: -1062.735
UPDATE BEST LOG-LIKELIHOOD: -1062.735
WARNING: NNI search needs unusual large number of steps (7) to converge!
WARNING: NNI search needs unusual large number of steps (7) to converge!
Iteration 40 / LogL: -1063.865 / Time: 0h:0m:0s (0h:0m:0s left)
UPDATE BEST LOG-LIKELIHOOD: -1062.734
Iteration 50 / LogL: -1063.916 / Time: 0h:0m:0s (0h:0m:0s left)
Iteration 60 / LogL: -1063.922 / Time: 0h:0m:0s (0h:0m:0s left)
WARNING: NNI search needs unusual large number of steps (7) to converge!
UPDATE BEST LOG-LIKELIHOOD: -1062.734
WARNING: NNI search needs unusual large number of steps (7) to converge!
WARNING: NNI search needs unusual large number of steps (7) to converge!
Iteration 70 / LogL: -1063.919 / Time: 0h:0m:0s (0h:0m:0s left)
UPDATE BEST LOG-LIKELIHOOD: -1062.734
Iteration 80 / LogL: -1062.737 / Time: 0h:0m:0s (0h:0m:0s left)
WARNING: NNI search needs unusual large number of steps (7) to converge!
WARNING: NNI search needs unusual large number of steps (7) to converge!
Iteration 90 / LogL: -1062.737 / Time: 0h:0m:0s (0h:0m:0s left)
Iteration 100 / LogL: -1062.734 / Time: 0h:0m:0s (0h:0m:0s left)
TREE SEARCH COMPLETED AFTER 102 ITERATIONS / Time: 0h:0m:0s

--------------------------------------------------------------------
|                    FINALIZING TREE SEARCH                        |
--------------------------------------------------------------------
Performs final model parameters optimization
Estimate model parameters (epsilon = 0.010)
1. Initial log-likelihood: -1062.734
Optimal log-likelihood: -1062.722
Gamma shape alpha: 3.446
Parameters optimization took 1 rounds (0.003 sec)
BEST SCORE FOUND : -1062.722
Total tree length: 6.436

Total number of iterations: 102
CPU time used for tree search: 0.765 sec (0h:0m:0s)
Wall-clock time used for tree search: 0.801 sec (0h:0m:0s)
Total CPU time used: 0.799 sec (0h:0m:0s)
Total wall-clock time used: 0.850 sec (0h:0m:0s)

===> START BOOTSTRAP REPLICATE NUMBER 38

Creating bootstrap alignment (seed: 933846)...
WARNING: States(s) W rarely appear in alignment and may cause numerical problems

Create initial parsimony tree by phylogenetic likelihood library (PLL)... 0.000 seconds

NOTE: 0 MB RAM (0 GB) is required!
Estimate model parameters (epsilon = 0.100)
1. Initial log-likelihood: -1117.163
2. Current log-likelihood: -1082.674
3. Current log-likelihood: -1081.062
Optimal log-likelihood: -1081.058
Gamma shape alpha: 0.958
Parameters optimization took 3 rounds (0.006 sec)
Computing ML distances based on estimated model parameters... 0.010 sec
Computing BIONJ tree...
0.007 seconds
Log-likelihood of BIONJ tree: -1073.116
--------------------------------------------------------------------
|             INITIALIZING CANDIDATE TREE SET                      |
--------------------------------------------------------------------
Generating 98 parsimony trees... 0.015 second
Computing log-likelihood of 42 initial trees ... 0.044 seconds
Current best score: -1073.116

Do NNI search on 20 best initial trees
Estimate model parameters (epsilon = 0.100)
BETTER TREE FOUND at iteration 1: -1072.763
Iteration 10 / LogL: -1072.910 / Time: 0h:0m:0s
WARNING: NNI search needs unusual large number of steps (7) to converge!
WARNING: NNI search needs unusual large number of steps (7) to converge!
Iteration 20 / LogL: -1073.183 / Time: 0h:0m:0s
Finish initializing candidate tree set (1)
Current best tree score: -1072.763 / CPU time: 0.232
Number of iterations: 20
--------------------------------------------------------------------
|               OPTIMIZING CANDIDATE TREE SET                      |
--------------------------------------------------------------------
Iteration 30 / LogL: -1072.819 / Time: 0h:0m:0s (0h:0m:0s left)
Estimate model parameters (epsilon = 0.100)
UPDATE BEST LOG-LIKELIHOOD: -1072.742
UPDATE BEST LOG-LIKELIHOOD: -1072.742
Iteration 40 / LogL: -1072.742 / Time: 0h:0m:0s (0h:0m:0s left)
UPDATE BEST LOG-LIKELIHOOD: -1072.742
UPDATE BEST LOG-LIKELIHOOD: -1072.741
UPDATE BEST LOG-LIKELIHOOD: -1072.741
UPDATE BEST LOG-LIKELIHOOD: -1072.741
Iteration 50 / LogL: -1072.741 / Time: 0h:0m:0s (0h:0m:0s left)
UPDATE BEST LOG-LIKELIHOOD: -1072.741
Iteration 60 / LogL: -1072.755 / Time: 0h:0m:0s (0h:0m:0s left)
UPDATE BEST LOG-LIKELIHOOD: -1072.741
Iteration 70 / LogL: -1072.931 / Time: 0h:0m:0s (0h:0m:0s left)
Iteration 80 / LogL: -1072.870 / Time: 0h:0m:0s (0h:0m:0s left)
UPDATE BEST LOG-LIKELIHOOD: -1072.741
Iteration 90 / LogL: -1072.939 / Time: 0h:0m:0s (0h:0m:0s left)
Iteration 100 / LogL: -1073.994 / Time: 0h:0m:0s (0h:0m:0s left)
TREE SEARCH COMPLETED AFTER 102 ITERATIONS / Time: 0h:0m:0s

--------------------------------------------------------------------
|                    FINALIZING TREE SEARCH                        |
--------------------------------------------------------------------
Performs final model parameters optimization
Estimate model parameters (epsilon = 0.010)
1. Initial log-likelihood: -1072.741
Optimal log-likelihood: -1072.741
Gamma shape alpha: 0.989
Parameters optimization took 1 rounds (0.002 sec)
BEST SCORE FOUND : -1072.741
Total tree length: 8.459

Total number of iterations: 102
CPU time used for tree search: 0.626 sec (0h:0m:0s)
Wall-clock time used for tree search: 0.662 sec (0h:0m:0s)
Total CPU time used: 0.653 sec (0h:0m:0s)
Total wall-clock time used: 0.703 sec (0h:0m:0s)

===> START BOOTSTRAP REPLICATE NUMBER 39

Creating bootstrap alignment (seed: 933847)...

Create initial parsimony tree by phylogenetic likelihood library (PLL)... 0.000 seconds

NOTE: 0 MB RAM (0 GB) is required!
Estimate model parameters (epsilon = 0.100)
1. Initial log-likelihood: -1073.568
2. Current log-likelihood: -1052.248
Optimal log-likelihood: -1052.207
Gamma shape alpha: 1.150
Parameters optimization took 2 rounds (0.004 sec)
Computing ML distances based on estimated model parameters... 0.009 sec
Computing BIONJ tree...
0.007 seconds
Log-likelihood of BIONJ tree: -1050.400
--------------------------------------------------------------------
|             INITIALIZING CANDIDATE TREE SET                      |
--------------------------------------------------------------------
Generating 98 parsimony trees... 0.015 second
Computing log-likelihood of 46 initial trees ... 0.045 seconds
Current best score: -1050.228

Do NNI search on 20 best initial trees
Estimate model parameters (epsilon = 0.100)
BETTER TREE FOUND at iteration 1: -1050.183
UPDATE BEST LOG-LIKELIHOOD: -1050.183
Iteration 10 / LogL: -1052.150 / Time: 0h:0m:0s
Iteration 20 / LogL: -1050.183 / Time: 0h:0m:0s
Finish initializing candidate tree set (3)
Current best tree score: -1050.183 / CPU time: 0.199
Number of iterations: 20
--------------------------------------------------------------------
|               OPTIMIZING CANDIDATE TREE SET                      |
--------------------------------------------------------------------
UPDATE BEST LOG-LIKELIHOOD: -1050.183
WARNING: NNI search needs unusual large number of steps (7) to converge!
UPDATE BEST LOG-LIKELIHOOD: -1050.183
Iteration 30 / LogL: -1050.183 / Time: 0h:0m:0s (0h:0m:0s left)
UPDATE BEST LOG-LIKELIHOOD: -1050.183
UPDATE BEST LOG-LIKELIHOOD: -1050.183
Iteration 40 / LogL: -1050.183 / Time: 0h:0m:0s (0h:0m:0s left)
WARNING: NNI search needs unusual large number of steps (7) to converge!
UPDATE BEST LOG-LIKELIHOOD: -1050.183
UPDATE BEST LOG-LIKELIHOOD: -1050.183
UPDATE BEST LOG-LIKELIHOOD: -1050.183
WARNING: NNI search needs unusual large number of steps (7) to converge!
Iteration 50 / LogL: -1050.183 / Time: 0h:0m:0s (0h:0m:0s left)
UPDATE BEST LOG-LIKELIHOOD: -1050.183
UPDATE BEST LOG-LIKELIHOOD: -1050.183
WARNING: NNI search needs unusual large number of steps (7) to converge!
Iteration 60 / LogL: -1052.060 / Time: 0h:0m:0s (0h:0m:0s left)
Iteration 70 / LogL: -1051.975 / Time: 0h:0m:0s (0h:0m:0s left)
Iteration 80 / LogL: -1051.855 / Time: 0h:0m:0s (0h:0m:0s left)
WARNING: NNI search needs unusual large number of steps (7) to converge!
WARNING: NNI search needs unusual large number of steps (7) to converge!
WARNING: NNI search needs unusual large number of steps (7) to converge!
Iteration 90 / LogL: -1050.183 / Time: 0h:0m:0s (0h:0m:0s left)
WARNING: NNI search needs unusual large number of steps (7) to converge!
WARNING: NNI search needs unusual large number of steps (7) to converge!
Iteration 100 / LogL: -1050.184 / Time: 0h:0m:0s (0h:0m:0s left)
TREE SEARCH COMPLETED AFTER 102 ITERATIONS / Time: 0h:0m:0s

--------------------------------------------------------------------
|                    FINALIZING TREE SEARCH                        |
--------------------------------------------------------------------
Performs final model parameters optimization
Estimate model parameters (epsilon = 0.010)
1. Initial log-likelihood: -1050.183
Optimal log-likelihood: -1050.182
Gamma shape alpha: 1.167
Parameters optimization took 1 rounds (0.002 sec)
BEST SCORE FOUND : -1050.182
Total tree length: 7.226

Total number of iterations: 102
CPU time used for tree search: 0.785 sec (0h:0m:0s)
Wall-clock time used for tree search: 0.826 sec (0h:0m:0s)
Total CPU time used: 0.807 sec (0h:0m:0s)
Total wall-clock time used: 0.863 sec (0h:0m:0s)

===> START BOOTSTRAP REPLICATE NUMBER 40

Creating bootstrap alignment (seed: 933848)...

Create initial parsimony tree by phylogenetic likelihood library (PLL)... 0.000 seconds

NOTE: 0 MB RAM (0 GB) is required!
Estimate model parameters (epsilon = 0.100)
1. Initial log-likelihood: -1211.931
2. Current log-likelihood: -1190.020
3. Current log-likelihood: -1189.442
Optimal log-likelihood: -1189.383
Gamma shape alpha: 1.780
Parameters optimization took 3 rounds (0.010 sec)
Computing ML distances based on estimated model parameters... 0.010 sec
Computing BIONJ tree...
0.007 seconds
Log-likelihood of BIONJ tree: -1184.252
--------------------------------------------------------------------
|             INITIALIZING CANDIDATE TREE SET                      |
--------------------------------------------------------------------
Generating 98 parsimony trees... 0.015 second
Computing log-likelihood of 39 initial trees ... 0.039 seconds
Current best score: -1184.252

Do NNI search on 20 best initial trees
Estimate model parameters (epsilon = 0.100)
BETTER TREE FOUND at iteration 1: -1184.233
Iteration 10 / LogL: -1184.265 / Time: 0h:0m:0s
Iteration 20 / LogL: -1189.534 / Time: 0h:0m:0s
Finish initializing candidate tree set (2)
Current best tree score: -1184.233 / CPU time: 0.173
Number of iterations: 20
--------------------------------------------------------------------
|               OPTIMIZING CANDIDATE TREE SET                      |
--------------------------------------------------------------------
UPDATE BEST LOG-LIKELIHOOD: -1184.232
UPDATE BEST LOG-LIKELIHOOD: -1184.232
Iteration 30 / LogL: -1184.261 / Time: 0h:0m:0s (0h:0m:0s left)
Iteration 40 / LogL: -1184.238 / Time: 0h:0m:0s (0h:0m:0s left)
UPDATE BEST LOG-LIKELIHOOD: -1184.231
Iteration 50 / LogL: -1189.905 / Time: 0h:0m:0s (0h:0m:0s left)
Iteration 60 / LogL: -1184.268 / Time: 0h:0m:0s (0h:0m:0s left)
Iteration 70 / LogL: -1189.416 / Time: 0h:0m:0s (0h:0m:0s left)
Iteration 80 / LogL: -1184.231 / Time: 0h:0m:0s (0h:0m:0s left)
Iteration 90 / LogL: -1184.287 / Time: 0h:0m:0s (0h:0m:0s left)
Iteration 100 / LogL: -1184.280 / Time: 0h:0m:0s (0h:0m:0s left)
TREE SEARCH COMPLETED AFTER 102 ITERATIONS / Time: 0h:0m:0s

--------------------------------------------------------------------
|                    FINALIZING TREE SEARCH                        |
--------------------------------------------------------------------
Performs final model parameters optimization
Estimate model parameters (epsilon = 0.010)
1. Initial log-likelihood: -1184.231
Optimal log-likelihood: -1184.229
Gamma shape alpha: 1.672
Parameters optimization took 1 rounds (0.002 sec)
BEST SCORE FOUND : -1184.229
Total tree length: 7.158

Total number of iterations: 102
CPU time used for tree search: 0.710 sec (0h:0m:0s)
Wall-clock time used for tree search: 0.729 sec (0h:0m:0s)
Total CPU time used: 0.739 sec (0h:0m:0s)
Total wall-clock time used: 0.773 sec (0h:0m:0s)

===> START BOOTSTRAP REPLICATE NUMBER 41

Creating bootstrap alignment (seed: 933849)...

Create initial parsimony tree by phylogenetic likelihood library (PLL)... 0.000 seconds

NOTE: 0 MB RAM (0 GB) is required!
Estimate model parameters (epsilon = 0.100)
1. Initial log-likelihood: -1126.652
2. Current log-likelihood: -1105.656
Optimal log-likelihood: -1105.556
Gamma shape alpha: 0.932
Parameters optimization took 2 rounds (0.005 sec)
Computing ML distances based on estimated model parameters... 0.011 sec
Computing BIONJ tree...
0.007 seconds
Log-likelihood of BIONJ tree: -1102.760
--------------------------------------------------------------------
|             INITIALIZING CANDIDATE TREE SET                      |
--------------------------------------------------------------------
Generating 98 parsimony trees... 0.015 second
Computing log-likelihood of 59 initial trees ... 0.061 seconds
Current best score: -1102.663

Do NNI search on 20 best initial trees
Estimate model parameters (epsilon = 0.100)
BETTER TREE FOUND at iteration 1: -1102.522
Iteration 10 / LogL: -1102.574 / Time: 0h:0m:0s
Iteration 20 / LogL: -1102.838 / Time: 0h:0m:0s
Finish initializing candidate tree set (2)
Current best tree score: -1102.522 / CPU time: 0.208
Number of iterations: 20
--------------------------------------------------------------------
|               OPTIMIZING CANDIDATE TREE SET                      |
--------------------------------------------------------------------
UPDATE BEST LOG-LIKELIHOOD: -1102.522
Iteration 30 / LogL: -1102.591 / Time: 0h:0m:0s (0h:0m:0s left)
UPDATE BEST LOG-LIKELIHOOD: -1102.520
Iteration 40 / LogL: -1103.240 / Time: 0h:0m:0s (0h:0m:0s left)
UPDATE BEST LOG-LIKELIHOOD: -1102.519
Iteration 50 / LogL: -1102.944 / Time: 0h:0m:0s (0h:0m:0s left)
Iteration 60 / LogL: -1102.656 / Time: 0h:0m:0s (0h:0m:0s left)
UPDATE BEST LOG-LIKELIHOOD: -1102.518
UPDATE BEST LOG-LIKELIHOOD: -1102.518
Iteration 70 / LogL: -1102.823 / Time: 0h:0m:0s (0h:0m:0s left)
Iteration 80 / LogL: -1102.588 / Time: 0h:0m:0s (0h:0m:0s left)
Iteration 90 / LogL: -1102.592 / Time: 0h:0m:0s (0h:0m:0s left)
Iteration 100 / LogL: -1102.626 / Time: 0h:0m:0s (0h:0m:0s left)
TREE SEARCH COMPLETED AFTER 102 ITERATIONS / Time: 0h:0m:0s

--------------------------------------------------------------------
|                    FINALIZING TREE SEARCH                        |
--------------------------------------------------------------------
Performs final model parameters optimization
Estimate model parameters (epsilon = 0.010)
1. Initial log-likelihood: -1102.518
Optimal log-likelihood: -1102.516
Gamma shape alpha: 0.866
Parameters optimization took 1 rounds (0.002 sec)
BEST SCORE FOUND : -1102.516
Total tree length: 8.814

Total number of iterations: 102
CPU time used for tree search: 0.685 sec (0h:0m:0s)
Wall-clock time used for tree search: 0.713 sec (0h:0m:0s)
Total CPU time used: 0.714 sec (0h:0m:0s)
Total wall-clock time used: 0.757 sec (0h:0m:0s)

===> START BOOTSTRAP REPLICATE NUMBER 42

Creating bootstrap alignment (seed: 933850)...
WARNING: States(s) C rarely appear in alignment and may cause numerical problems

Create initial parsimony tree by phylogenetic likelihood library (PLL)... 0.000 seconds

NOTE: 0 MB RAM (0 GB) is required!
Estimate model parameters (epsilon = 0.100)
1. Initial log-likelihood: -1168.216
2. Current log-likelihood: -1144.063
3. Current log-likelihood: -1143.508
Optimal log-likelihood: -1143.446
Gamma shape alpha: 1.768
Parameters optimization took 3 rounds (0.010 sec)
Computing ML distances based on estimated model parameters... 0.009 sec
Computing BIONJ tree...
0.007 seconds
Log-likelihood of BIONJ tree: -1141.185
--------------------------------------------------------------------
|             INITIALIZING CANDIDATE TREE SET                      |
--------------------------------------------------------------------
Generating 98 parsimony trees... 0.015 second
Computing log-likelihood of 55 initial trees ... 0.056 seconds
Current best score: -1141.185

Do NNI search on 20 best initial trees
Estimate model parameters (epsilon = 0.100)
BETTER TREE FOUND at iteration 1: -1141.184
Iteration 10 / LogL: -1141.515 / Time: 0h:0m:0s
Iteration 20 / LogL: -1141.476 / Time: 0h:0m:0s
Finish initializing candidate tree set (4)
Current best tree score: -1141.184 / CPU time: 0.195
Number of iterations: 20
--------------------------------------------------------------------
|               OPTIMIZING CANDIDATE TREE SET                      |
--------------------------------------------------------------------
UPDATE BEST LOG-LIKELIHOOD: -1141.184
Iteration 30 / LogL: -1141.184 / Time: 0h:0m:0s (0h:0m:0s left)
UPDATE BEST LOG-LIKELIHOOD: -1141.184
Iteration 40 / LogL: -1141.467 / Time: 0h:0m:0s (0h:0m:0s left)
UPDATE BEST LOG-LIKELIHOOD: -1141.184
Iteration 50 / LogL: -1141.531 / Time: 0h:0m:0s (0h:0m:0s left)
Iteration 60 / LogL: -1141.184 / Time: 0h:0m:0s (0h:0m:0s left)
Iteration 70 / LogL: -1141.184 / Time: 0h:0m:0s (0h:0m:0s left)
Iteration 80 / LogL: -1141.482 / Time: 0h:0m:0s (0h:0m:0s left)
Iteration 90 / LogL: -1141.432 / Time: 0h:0m:0s (0h:0m:0s left)
Iteration 100 / LogL: -1141.497 / Time: 0h:0m:0s (0h:0m:0s left)
TREE SEARCH COMPLETED AFTER 102 ITERATIONS / Time: 0h:0m:0s

--------------------------------------------------------------------
|                    FINALIZING TREE SEARCH                        |
--------------------------------------------------------------------
Performs final model parameters optimization
Estimate model parameters (epsilon = 0.010)
1. Initial log-likelihood: -1141.184
Optimal log-likelihood: -1141.184
Gamma shape alpha: 1.753
Parameters optimization took 1 rounds (0.002 sec)
BEST SCORE FOUND : -1141.184
Total tree length: 6.716

Total number of iterations: 102
CPU time used for tree search: 0.729 sec (0h:0m:0s)
Wall-clock time used for tree search: 0.749 sec (0h:0m:0s)
Total CPU time used: 0.760 sec (0h:0m:0s)
Total wall-clock time used: 0.794 sec (0h:0m:0s)

===> START BOOTSTRAP REPLICATE NUMBER 43

Creating bootstrap alignment (seed: 933851)...
WARNING: States(s) W rarely appear in alignment and may cause numerical problems

Create initial parsimony tree by phylogenetic likelihood library (PLL)... 0.000 seconds

NOTE: 0 MB RAM (0 GB) is required!
Estimate model parameters (epsilon = 0.100)
1. Initial log-likelihood: -1220.152
2. Current log-likelihood: -1193.479
3. Current log-likelihood: -1193.281
Optimal log-likelihood: -1193.253
Gamma shape alpha: 1.400
Parameters optimization took 3 rounds (0.008 sec)
Computing ML distances based on estimated model parameters... 0.009 sec
Computing BIONJ tree...
0.007 seconds
Log-likelihood of BIONJ tree: -1193.000
--------------------------------------------------------------------
|             INITIALIZING CANDIDATE TREE SET                      |
--------------------------------------------------------------------
Generating 98 parsimony trees... 0.015 second
Computing log-likelihood of 41 initial trees ... 0.042 seconds
Current best score: -1193.000

Do NNI search on 20 best initial trees
Estimate model parameters (epsilon = 0.100)
BETTER TREE FOUND at iteration 1: -1192.998
Iteration 10 / LogL: -1193.017 / Time: 0h:0m:0s
WARNING: NNI search needs unusual large number of steps (7) to converge!
Iteration 20 / LogL: -1193.010 / Time: 0h:0m:0s
Finish initializing candidate tree set (2)
Current best tree score: -1192.998 / CPU time: 0.218
Number of iterations: 20
--------------------------------------------------------------------
|               OPTIMIZING CANDIDATE TREE SET                      |
--------------------------------------------------------------------
Iteration 30 / LogL: -1193.034 / Time: 0h:0m:0s (0h:0m:0s left)
UPDATE BEST LOG-LIKELIHOOD: -1192.997
UPDATE BEST LOG-LIKELIHOOD: -1192.997
UPDATE BEST LOG-LIKELIHOOD: -1192.997
UPDATE BEST LOG-LIKELIHOOD: -1192.997
Iteration 40 / LogL: -1193.218 / Time: 0h:0m:0s (0h:0m:0s left)
Iteration 50 / LogL: -1193.000 / Time: 0h:0m:0s (0h:0m:0s left)
WARNING: NNI search needs unusual large number of steps (7) to converge!
WARNING: NNI search needs unusual large number of steps (7) to converge!
UPDATE BEST LOG-LIKELIHOOD: -1192.997
Iteration 60 / LogL: -1192.998 / Time: 0h:0m:0s (0h:0m:0s left)
UPDATE BEST LOG-LIKELIHOOD: -1192.997
Iteration 70 / LogL: -1193.002 / Time: 0h:0m:0s (0h:0m:0s left)
WARNING: NNI search needs unusual large number of steps (7) to converge!
UPDATE BEST LOG-LIKELIHOOD: -1192.997
Iteration 80 / LogL: -1192.997 / Time: 0h:0m:0s (0h:0m:0s left)
Iteration 90 / LogL: -1192.998 / Time: 0h:0m:0s (0h:0m:0s left)
UPDATE BEST LOG-LIKELIHOOD: -1192.997
WARNING: NNI search needs unusual large number of steps (7) to converge!
Iteration 100 / LogL: -1192.997 / Time: 0h:0m:0s (0h:0m:0s left)
TREE SEARCH COMPLETED AFTER 102 ITERATIONS / Time: 0h:0m:0s

--------------------------------------------------------------------
|                    FINALIZING TREE SEARCH                        |
--------------------------------------------------------------------
Performs final model parameters optimization
Estimate model parameters (epsilon = 0.010)
1. Initial log-likelihood: -1192.997
Optimal log-likelihood: -1192.997
Gamma shape alpha: 1.424
Parameters optimization took 1 rounds (0.002 sec)
BEST SCORE FOUND : -1192.997
Total tree length: 7.078

Total number of iterations: 102
CPU time used for tree search: 0.790 sec (0h:0m:0s)
Wall-clock time used for tree search: 0.826 sec (0h:0m:0s)
Total CPU time used: 0.817 sec (0h:0m:0s)
Total wall-clock time used: 0.869 sec (0h:0m:0s)

===> START BOOTSTRAP REPLICATE NUMBER 44

Creating bootstrap alignment (seed: 933852)...

Create initial parsimony tree by phylogenetic likelihood library (PLL)... 0.000 seconds

NOTE: 0 MB RAM (0 GB) is required!
Estimate model parameters (epsilon = 0.100)
1. Initial log-likelihood: -1091.459
2. Current log-likelihood: -1070.436
3. Current log-likelihood: -1070.265
Optimal log-likelihood: -1070.261
Gamma shape alpha: 1.007
Parameters optimization took 3 rounds (0.007 sec)
Computing ML distances based on estimated model parameters... 0.010 sec
Computing BIONJ tree...
0.007 seconds
Log-likelihood of BIONJ tree: -1069.452
--------------------------------------------------------------------
|             INITIALIZING CANDIDATE TREE SET                      |
--------------------------------------------------------------------
Generating 98 parsimony trees... 0.014 second
Computing log-likelihood of 61 initial trees ... 0.066 seconds
Current best score: -1069.452

Do NNI search on 20 best initial trees
Estimate model parameters (epsilon = 0.100)
BETTER TREE FOUND at iteration 1: -1069.452
UPDATE BEST LOG-LIKELIHOOD: -1069.451
Iteration 10 / LogL: -1069.452 / Time: 0h:0m:0s
WARNING: NNI search needs unusual large number of steps (7) to converge!
UPDATE BEST LOG-LIKELIHOOD: -1069.451
WARNING: NNI search needs unusual large number of steps (7) to converge!
Iteration 20 / LogL: -1069.451 / Time: 0h:0m:0s
Finish initializing candidate tree set (4)
Current best tree score: -1069.451 / CPU time: 0.261
Number of iterations: 20
--------------------------------------------------------------------
|               OPTIMIZING CANDIDATE TREE SET                      |
--------------------------------------------------------------------
UPDATE BEST LOG-LIKELIHOOD: -1069.451
Iteration 30 / LogL: -1071.643 / Time: 0h:0m:0s (0h:0m:0s left)
UPDATE BEST LOG-LIKELIHOOD: -1069.451
WARNING: NNI search needs unusual large number of steps (7) to converge!
Iteration 40 / LogL: -1069.452 / Time: 0h:0m:0s (0h:0m:0s left)
Iteration 50 / LogL: -1069.452 / Time: 0h:0m:0s (0h:0m:0s left)
Iteration 60 / LogL: -1069.451 / Time: 0h:0m:0s (0h:0m:0s left)
WARNING: NNI search needs unusual large number of steps (7) to converge!
Iteration 70 / LogL: -1071.660 / Time: 0h:0m:0s (0h:0m:0s left)
WARNING: NNI search needs unusual large number of steps (7) to converge!
UPDATE BEST LOG-LIKELIHOOD: -1069.451
UPDATE BEST LOG-LIKELIHOOD: -1069.451
Iteration 80 / LogL: -1069.452 / Time: 0h:0m:0s (0h:0m:0s left)
WARNING: NNI search needs unusual large number of steps (7) to converge!
WARNING: NNI search needs unusual large number of steps (7) to converge!
UPDATE BEST LOG-LIKELIHOOD: -1069.451
Iteration 90 / LogL: -1069.454 / Time: 0h:0m:0s (0h:0m:0s left)
UPDATE BEST LOG-LIKELIHOOD: -1069.451
Iteration 100 / LogL: -1069.454 / Time: 0h:0m:1s (0h:0m:0s left)
TREE SEARCH COMPLETED AFTER 102 ITERATIONS / Time: 0h:0m:1s

--------------------------------------------------------------------
|                    FINALIZING TREE SEARCH                        |
--------------------------------------------------------------------
Performs final model parameters optimization
Estimate model parameters (epsilon = 0.010)
1. Initial log-likelihood: -1069.451
Optimal log-likelihood: -1069.451
Gamma shape alpha: 1.002
Parameters optimization took 1 rounds (0.002 sec)
BEST SCORE FOUND : -1069.451
Total tree length: 8.150

Total number of iterations: 102
CPU time used for tree search: 0.972 sec (0h:0m:0s)
Wall-clock time used for tree search: 1.007 sec (0h:0m:1s)
Total CPU time used: 1.000 sec (0h:0m:0s)
Total wall-clock time used: 1.049 sec (0h:0m:1s)

===> START BOOTSTRAP REPLICATE NUMBER 45

Creating bootstrap alignment (seed: 933853)...
WARNING: States(s) W rarely appear in alignment and may cause numerical problems

Create initial parsimony tree by phylogenetic likelihood library (PLL)... 0.000 seconds

NOTE: 0 MB RAM (0 GB) is required!
Estimate model parameters (epsilon = 0.100)
1. Initial log-likelihood: -1191.174
2. Current log-likelihood: -1166.479
Optimal log-likelihood: -1166.443
Gamma shape alpha: 1.100
Parameters optimization took 2 rounds (0.005 sec)
Computing ML distances based on estimated model parameters... 0.010 sec
Computing BIONJ tree...
0.007 seconds
Log-likelihood of BIONJ tree: -1166.870
--------------------------------------------------------------------
|             INITIALIZING CANDIDATE TREE SET                      |
--------------------------------------------------------------------
Generating 98 parsimony trees... 0.014 second
Computing log-likelihood of 49 initial trees ... 0.048 seconds
Current best score: -1165.635

Do NNI search on 20 best initial trees
Estimate model parameters (epsilon = 0.100)
BETTER TREE FOUND at iteration 1: -1165.592
Iteration 10 / LogL: -1165.594 / Time: 0h:0m:0s
WARNING: NNI search needs unusual large number of steps (7) to converge!
WARNING: NNI search needs unusual large number of steps (7) to converge!
WARNING: NNI search needs unusual large number of steps (7) to converge!
WARNING: NNI search needs unusual large number of steps (7) to converge!
Iteration 20 / LogL: -1165.593 / Time: 0h:0m:0s
Finish initializing candidate tree set (3)
Current best tree score: -1165.592 / CPU time: 0.294
Number of iterations: 20
--------------------------------------------------------------------
|               OPTIMIZING CANDIDATE TREE SET                      |
--------------------------------------------------------------------
UPDATE BEST LOG-LIKELIHOOD: -1165.592
WARNING: NNI search needs unusual large number of steps (7) to converge!
UPDATE BEST LOG-LIKELIHOOD: -1165.592
Iteration 30 / LogL: -1167.116 / Time: 0h:0m:0s (0h:0m:1s left)
UPDATE BEST LOG-LIKELIHOOD: -1165.592
WARNING: NNI search needs unusual large number of steps (7) to converge!
Iteration 40 / LogL: -1165.592 / Time: 0h:0m:0s (0h:0m:0s left)
UPDATE BEST LOG-LIKELIHOOD: -1165.592
UPDATE BEST LOG-LIKELIHOOD: -1165.592
Iteration 50 / LogL: -1166.869 / Time: 0h:0m:0s (0h:0m:0s left)
UPDATE BEST LOG-LIKELIHOOD: -1165.592
WARNING: NNI search needs unusual large number of steps (7) to converge!
WARNING: NNI search needs unusual large number of steps (7) to converge!
UPDATE BEST LOG-LIKELIHOOD: -1165.592
Iteration 60 / LogL: -1165.592 / Time: 0h:0m:0s (0h:0m:0s left)
WARNING: NNI search needs unusual large number of steps (7) to converge!
Iteration 70 / LogL: -1165.592 / Time: 0h:0m:0s (0h:0m:0s left)
Iteration 80 / LogL: -1165.592 / Time: 0h:0m:0s (0h:0m:0s left)
UPDATE BEST LOG-LIKELIHOOD: -1165.592
WARNING: NNI search needs unusual large number of steps (7) to converge!
WARNING: NNI search needs unusual large number of steps (7) to converge!
Iteration 90 / LogL: -1166.869 / Time: 0h:0m:0s (0h:0m:0s left)
WARNING: NNI search needs unusual large number of steps (7) to converge!
UPDATE BEST LOG-LIKELIHOOD: -1165.592
WARNING: NNI search needs unusual large number of steps (7) to converge!
Iteration 100 / LogL: -1165.592 / Time: 0h:0m:0s (0h:0m:0s left)
UPDATE BEST LOG-LIKELIHOOD: -1165.592
TREE SEARCH COMPLETED AFTER 102 ITERATIONS / Time: 0h:0m:0s

--------------------------------------------------------------------
|                    FINALIZING TREE SEARCH                        |
--------------------------------------------------------------------
Performs final model parameters optimization
Estimate model parameters (epsilon = 0.010)
1. Initial log-likelihood: -1165.592
Optimal log-likelihood: -1165.592
Gamma shape alpha: 1.103
Parameters optimization took 1 rounds (0.001 sec)
BEST SCORE FOUND : -1165.592
Total tree length: 8.287

Total number of iterations: 102
CPU time used for tree search: 0.903 sec (0h:0m:0s)
Wall-clock time used for tree search: 0.950 sec (0h:0m:0s)
Total CPU time used: 0.928 sec (0h:0m:0s)
Total wall-clock time used: 0.990 sec (0h:0m:0s)

===> START BOOTSTRAP REPLICATE NUMBER 46

Creating bootstrap alignment (seed: 933854)...
WARNING: States(s) C rarely appear in alignment and may cause numerical problems

Create initial parsimony tree by phylogenetic likelihood library (PLL)... 0.000 seconds

NOTE: 0 MB RAM (0 GB) is required!
Estimate model parameters (epsilon = 0.100)
1. Initial log-likelihood: -1234.716
2. Current log-likelihood: -1209.210
3. Current log-likelihood: -1207.941
4. Current log-likelihood: -1207.832
Optimal log-likelihood: -1207.798
Gamma shape alpha: 1.836
Parameters optimization took 4 rounds (0.013 sec)
Computing ML distances based on estimated model parameters... 0.009 sec
Computing BIONJ tree...
0.007 seconds
Log-likelihood of BIONJ tree: -1207.269
--------------------------------------------------------------------
|             INITIALIZING CANDIDATE TREE SET                      |
--------------------------------------------------------------------
Generating 98 parsimony trees... 0.015 second
Computing log-likelihood of 48 initial trees ... 0.052 seconds
Current best score: -1207.269

Do NNI search on 20 best initial trees
Estimate model parameters (epsilon = 0.100)
BETTER TREE FOUND at iteration 1: -1207.259
Iteration 10 / LogL: -1207.545 / Time: 0h:0m:0s
Iteration 20 / LogL: -1207.294 / Time: 0h:0m:0s
Finish initializing candidate tree set (2)
Current best tree score: -1207.259 / CPU time: 0.177
Number of iterations: 20
--------------------------------------------------------------------
|               OPTIMIZING CANDIDATE TREE SET                      |
--------------------------------------------------------------------
Iteration 30 / LogL: -1207.329 / Time: 0h:0m:0s (0h:0m:0s left)
Iteration 40 / LogL: -1207.301 / Time: 0h:0m:0s (0h:0m:0s left)
UPDATE BEST LOG-LIKELIHOOD: -1207.259
Iteration 50 / LogL: -1207.309 / Time: 0h:0m:0s (0h:0m:0s left)
UPDATE BEST LOG-LIKELIHOOD: -1207.259
Iteration 60 / LogL: -1207.331 / Time: 0h:0m:0s (0h:0m:0s left)
Iteration 70 / LogL: -1208.587 / Time: 0h:0m:0s (0h:0m:0s left)
UPDATE BEST LOG-LIKELIHOOD: -1207.259
UPDATE BEST LOG-LIKELIHOOD: -1207.259
Iteration 80 / LogL: -1208.574 / Time: 0h:0m:0s (0h:0m:0s left)
Iteration 90 / LogL: -1208.558 / Time: 0h:0m:0s (0h:0m:0s left)
Iteration 100 / LogL: -1208.101 / Time: 0h:0m:0s (0h:0m:0s left)
TREE SEARCH COMPLETED AFTER 102 ITERATIONS / Time: 0h:0m:0s

--------------------------------------------------------------------
|                    FINALIZING TREE SEARCH                        |
--------------------------------------------------------------------
Performs final model parameters optimization
Estimate model parameters (epsilon = 0.010)
1. Initial log-likelihood: -1207.259
Optimal log-likelihood: -1207.258
Gamma shape alpha: 1.918
Parameters optimization took 1 rounds (0.002 sec)
BEST SCORE FOUND : -1207.258
Total tree length: 8.849

Total number of iterations: 102
CPU time used for tree search: 0.584 sec (0h:0m:0s)
Wall-clock time used for tree search: 0.603 sec (0h:0m:0s)
Total CPU time used: 0.615 sec (0h:0m:0s)
Total wall-clock time used: 0.649 sec (0h:0m:0s)

===> START BOOTSTRAP REPLICATE NUMBER 47

Creating bootstrap alignment (seed: 933855)...
WARNING: States(s) P rarely appear in alignment and may cause numerical problems

Create initial parsimony tree by phylogenetic likelihood library (PLL)... 0.000 seconds

NOTE: 0 MB RAM (0 GB) is required!
Estimate model parameters (epsilon = 0.100)
1. Initial log-likelihood: -1284.390
2. Current log-likelihood: -1239.659
3. Current log-likelihood: -1238.987
Optimal log-likelihood: -1238.951
Gamma shape alpha: 1.184
Parameters optimization took 3 rounds (0.008 sec)
Computing ML distances based on estimated model parameters... 0.012 sec
WARNING: Some pairwise ML distances are too long (saturated)
Computing BIONJ tree...
0.007 seconds
Log-likelihood of BIONJ tree: -1238.864
--------------------------------------------------------------------
|             INITIALIZING CANDIDATE TREE SET                      |
--------------------------------------------------------------------
Generating 98 parsimony trees... 0.014 second
Computing log-likelihood of 56 initial trees ... 0.058 seconds
Current best score: -1238.864

Do NNI search on 20 best initial trees
Estimate model parameters (epsilon = 0.100)
BETTER TREE FOUND at iteration 1: -1238.849
Iteration 10 / LogL: -1239.437 / Time: 0h:0m:0s
Iteration 20 / LogL: -1239.120 / Time: 0h:0m:0s
Finish initializing candidate tree set (1)
Current best tree score: -1238.849 / CPU time: 0.190
Number of iterations: 20
--------------------------------------------------------------------
|               OPTIMIZING CANDIDATE TREE SET                      |
--------------------------------------------------------------------
Iteration 30 / LogL: -1238.849 / Time: 0h:0m:0s (0h:0m:0s left)
Iteration 40 / LogL: -1238.849 / Time: 0h:0m:0s (0h:0m:0s left)
Iteration 50 / LogL: -1238.862 / Time: 0h:0m:0s (0h:0m:0s left)
Iteration 60 / LogL: -1239.018 / Time: 0h:0m:0s (0h:0m:0s left)
Iteration 70 / LogL: -1238.862 / Time: 0h:0m:0s (0h:0m:0s left)
UPDATE BEST LOG-LIKELIHOOD: -1238.847
UPDATE BEST LOG-LIKELIHOOD: -1238.847
Iteration 80 / LogL: -1238.847 / Time: 0h:0m:0s (0h:0m:0s left)
UPDATE BEST LOG-LIKELIHOOD: -1238.847
UPDATE BEST LOG-LIKELIHOOD: -1238.847
UPDATE BEST LOG-LIKELIHOOD: -1238.847
Iteration 90 / LogL: -1239.071 / Time: 0h:0m:0s (0h:0m:0s left)
UPDATE BEST LOG-LIKELIHOOD: -1238.847
UPDATE BEST LOG-LIKELIHOOD: -1238.847
Iteration 100 / LogL: -1238.847 / Time: 0h:0m:0s (0h:0m:0s left)
UPDATE BEST LOG-LIKELIHOOD: -1238.847
TREE SEARCH COMPLETED AFTER 102 ITERATIONS / Time: 0h:0m:0s

--------------------------------------------------------------------
|                    FINALIZING TREE SEARCH                        |
--------------------------------------------------------------------
Performs final model parameters optimization
Estimate model parameters (epsilon = 0.010)
1. Initial log-likelihood: -1238.847
Optimal log-likelihood: -1238.842
Gamma shape alpha: 1.230
Parameters optimization took 1 rounds (0.002 sec)
BEST SCORE FOUND : -1238.842
Total tree length: 15.358

Total number of iterations: 102
CPU time used for tree search: 0.674 sec (0h:0m:0s)
Wall-clock time used for tree search: 0.711 sec (0h:0m:0s)
Total CPU time used: 0.705 sec (0h:0m:0s)
Total wall-clock time used: 0.756 sec (0h:0m:0s)

===> START BOOTSTRAP REPLICATE NUMBER 48

Creating bootstrap alignment (seed: 933856)...

Create initial parsimony tree by phylogenetic likelihood library (PLL)... 0.000 seconds

NOTE: 0 MB RAM (0 GB) is required!
Estimate model parameters (epsilon = 0.100)
1. Initial log-likelihood: -1293.126
2. Current log-likelihood: -1269.838
3. Current log-likelihood: -1269.160
4. Current log-likelihood: -1268.939
Optimal log-likelihood: -1268.876
Gamma shape alpha: 1.778
Parameters optimization took 4 rounds (0.013 sec)
Computing ML distances based on estimated model parameters... 0.011 sec
WARNING: Some pairwise ML distances are too long (saturated)
Computing BIONJ tree...
0.007 seconds
Log-likelihood of BIONJ tree: -1262.343
--------------------------------------------------------------------
|             INITIALIZING CANDIDATE TREE SET                      |
--------------------------------------------------------------------
Generating 98 parsimony trees... 0.015 second
Computing log-likelihood of 50 initial trees ... 0.054 seconds
Current best score: -1262.343

Do NNI search on 20 best initial trees
Estimate model parameters (epsilon = 0.100)
BETTER TREE FOUND at iteration 1: -1261.655
Iteration 10 / LogL: -1262.200 / Time: 0h:0m:0s
Iteration 20 / LogL: -1262.179 / Time: 0h:0m:0s
Finish initializing candidate tree set (2)
Current best tree score: -1261.655 / CPU time: 0.198
Number of iterations: 20
--------------------------------------------------------------------
|               OPTIMIZING CANDIDATE TREE SET                      |
--------------------------------------------------------------------
Estimate model parameters (epsilon = 0.100)
UPDATE BEST LOG-LIKELIHOOD: -1261.634
Iteration 30 / LogL: -1268.690 / Time: 0h:0m:0s (0h:0m:0s left)
UPDATE BEST LOG-LIKELIHOOD: -1261.633
Iteration 40 / LogL: -1261.669 / Time: 0h:0m:0s (0h:0m:0s left)
UPDATE BEST LOG-LIKELIHOOD: -1261.633
Iteration 50 / LogL: -1261.658 / Time: 0h:0m:0s (0h:0m:0s left)
Iteration 60 / LogL: -1262.498 / Time: 0h:0m:0s (0h:0m:0s left)
Iteration 70 / LogL: -1261.730 / Time: 0h:0m:0s (0h:0m:0s left)
UPDATE BEST LOG-LIKELIHOOD: -1261.633
Iteration 80 / LogL: -1261.670 / Time: 0h:0m:0s (0h:0m:0s left)
Iteration 90 / LogL: -1261.645 / Time: 0h:0m:0s (0h:0m:0s left)
UPDATE BEST LOG-LIKELIHOOD: -1261.633
Iteration 100 / LogL: -1264.444 / Time: 0h:0m:0s (0h:0m:0s left)
TREE SEARCH COMPLETED AFTER 102 ITERATIONS / Time: 0h:0m:0s

--------------------------------------------------------------------
|                    FINALIZING TREE SEARCH                        |
--------------------------------------------------------------------
Performs final model parameters optimization
Estimate model parameters (epsilon = 0.010)
1. Initial log-likelihood: -1261.633
Optimal log-likelihood: -1261.633
Gamma shape alpha: 1.761
Parameters optimization took 1 rounds (0.002 sec)
BEST SCORE FOUND : -1261.633
Total tree length: 8.722

Total number of iterations: 102
CPU time used for tree search: 0.813 sec (0h:0m:0s)
Wall-clock time used for tree search: 0.836 sec (0h:0m:0s)
Total CPU time used: 0.847 sec (0h:0m:0s)
Total wall-clock time used: 0.885 sec (0h:0m:0s)

===> START BOOTSTRAP REPLICATE NUMBER 49

Creating bootstrap alignment (seed: 933857)...
WARNING: States(s) W rarely appear in alignment and may cause numerical problems

Create initial parsimony tree by phylogenetic likelihood library (PLL)... 0.000 seconds

NOTE: 0 MB RAM (0 GB) is required!
Estimate model parameters (epsilon = 0.100)
1. Initial log-likelihood: -1232.169
2. Current log-likelihood: -1187.800
3. Current log-likelihood: -1186.536
Optimal log-likelihood: -1186.504
Gamma shape alpha: 1.449
Parameters optimization took 3 rounds (0.008 sec)
Computing ML distances based on estimated model parameters... 0.010 sec
Computing BIONJ tree...
0.007 seconds
Log-likelihood of BIONJ tree: -1182.135
--------------------------------------------------------------------
|             INITIALIZING CANDIDATE TREE SET                      |
--------------------------------------------------------------------
Generating 98 parsimony trees... 0.015 second
Computing log-likelihood of 53 initial trees ... 0.056 seconds
Current best score: -1177.240

Do NNI search on 20 best initial trees
Estimate model parameters (epsilon = 0.100)
BETTER TREE FOUND at iteration 1: -1176.157
Iteration 10 / LogL: -1181.834 / Time: 0h:0m:0s
Iteration 20 / LogL: -1176.201 / Time: 0h:0m:0s
Finish initializing candidate tree set (3)
Current best tree score: -1176.157 / CPU time: 0.223
Number of iterations: 20
--------------------------------------------------------------------
|               OPTIMIZING CANDIDATE TREE SET                      |
--------------------------------------------------------------------
WARNING: NNI search needs unusual large number of steps (7) to converge!
Iteration 30 / LogL: -1177.409 / Time: 0h:0m:0s (0h:0m:0s left)
Iteration 40 / LogL: -1181.941 / Time: 0h:0m:0s (0h:0m:0s left)
Iteration 50 / LogL: -1181.820 / Time: 0h:0m:0s (0h:0m:0s left)
Iteration 60 / LogL: -1181.839 / Time: 0h:0m:0s (0h:0m:0s left)
Iteration 70 / LogL: -1176.240 / Time: 0h:0m:0s (0h:0m:0s left)
Iteration 80 / LogL: -1176.204 / Time: 0h:0m:0s (0h:0m:0s left)
UPDATE BEST LOG-LIKELIHOOD: -1176.155
Iteration 90 / LogL: -1182.755 / Time: 0h:0m:0s (0h:0m:0s left)
UPDATE BEST LOG-LIKELIHOOD: -1176.152
Iteration 100 / LogL: -1176.490 / Time: 0h:0m:0s (0h:0m:0s left)
TREE SEARCH COMPLETED AFTER 102 ITERATIONS / Time: 0h:0m:0s

--------------------------------------------------------------------
|                    FINALIZING TREE SEARCH                        |
--------------------------------------------------------------------
Performs final model parameters optimization
Estimate model parameters (epsilon = 0.010)
1. Initial log-likelihood: -1176.152
2. Current log-likelihood: -1176.137
Optimal log-likelihood: -1176.129
Gamma shape alpha: 1.635
Parameters optimization took 2 rounds (0.004 sec)
BEST SCORE FOUND : -1176.129
Total tree length: 9.202

Total number of iterations: 102
CPU time used for tree search: 0.802 sec (0h:0m:0s)
Wall-clock time used for tree search: 0.815 sec (0h:0m:0s)
Total CPU time used: 0.832 sec (0h:0m:0s)
Total wall-clock time used: 0.859 sec (0h:0m:0s)

===> START BOOTSTRAP REPLICATE NUMBER 50

Creating bootstrap alignment (seed: 933858)...
WARNING: States(s) W rarely appear in alignment and may cause numerical problems

Create initial parsimony tree by phylogenetic likelihood library (PLL)... 0.000 seconds

NOTE: 0 MB RAM (0 GB) is required!
Estimate model parameters (epsilon = 0.100)
1. Initial log-likelihood: -1186.196
2. Current log-likelihood: -1162.952
3. Current log-likelihood: -1162.743
Optimal log-likelihood: -1162.614
Gamma shape alpha: 0.973
Parameters optimization took 3 rounds (0.005 sec)
Computing ML distances based on estimated model parameters... 0.010 sec
Computing BIONJ tree...
0.007 seconds
Log-likelihood of BIONJ tree: -1154.182
--------------------------------------------------------------------
|             INITIALIZING CANDIDATE TREE SET                      |
--------------------------------------------------------------------
Generating 98 parsimony trees... 0.015 second
Computing log-likelihood of 50 initial trees ... 0.050 seconds
Current best score: -1154.182

Do NNI search on 20 best initial trees
Estimate model parameters (epsilon = 0.100)
BETTER TREE FOUND at iteration 1: -1154.163
WARNING: NNI search needs unusual large number of steps (7) to converge!
Iteration 10 / LogL: -1154.255 / Time: 0h:0m:0s
WARNING: NNI search needs unusual large number of steps (7) to converge!
Iteration 20 / LogL: -1154.405 / Time: 0h:0m:0s
Finish initializing candidate tree set (6)
Current best tree score: -1154.163 / CPU time: 0.287
Number of iterations: 20
--------------------------------------------------------------------
|               OPTIMIZING CANDIDATE TREE SET                      |
--------------------------------------------------------------------
UPDATE BEST LOG-LIKELIHOOD: -1154.163
Iteration 30 / LogL: -1154.996 / Time: 0h:0m:0s (0h:0m:1s left)
UPDATE BEST LOG-LIKELIHOOD: -1154.162
Iteration 40 / LogL: -1157.977 / Time: 0h:0m:0s (0h:0m:0s left)
UPDATE BEST LOG-LIKELIHOOD: -1154.162
UPDATE BEST LOG-LIKELIHOOD: -1154.162
UPDATE BEST LOG-LIKELIHOOD: -1154.162
Iteration 50 / LogL: -1154.162 / Time: 0h:0m:0s (0h:0m:0s left)
UPDATE BEST LOG-LIKELIHOOD: -1154.162
UPDATE BEST LOG-LIKELIHOOD: -1154.162
UPDATE BEST LOG-LIKELIHOOD: -1154.162
Iteration 60 / LogL: -1158.017 / Time: 0h:0m:0s (0h:0m:0s left)
UPDATE BEST LOG-LIKELIHOOD: -1154.162
Iteration 70 / LogL: -1154.162 / Time: 0h:0m:0s (0h:0m:0s left)
UPDATE BEST LOG-LIKELIHOOD: -1154.162
UPDATE BEST LOG-LIKELIHOOD: -1154.162
Iteration 80 / LogL: -1154.162 / Time: 0h:0m:0s (0h:0m:0s left)
Iteration 90 / LogL: -1154.162 / Time: 0h:0m:0s (0h:0m:0s left)
Iteration 100 / LogL: -1157.977 / Time: 0h:0m:0s (0h:0m:0s left)
TREE SEARCH COMPLETED AFTER 102 ITERATIONS / Time: 0h:0m:1s

--------------------------------------------------------------------
|                    FINALIZING TREE SEARCH                        |
--------------------------------------------------------------------
Performs final model parameters optimization
Estimate model parameters (epsilon = 0.010)
1. Initial log-likelihood: -1154.162
Optimal log-likelihood: -1154.159
Gamma shape alpha: 1.027
Parameters optimization took 1 rounds (0.002 sec)
BEST SCORE FOUND : -1154.159
Total tree length: 7.461

Total number of iterations: 102
CPU time used for tree search: 0.932 sec (0h:0m:0s)
Wall-clock time used for tree search: 0.977 sec (0h:0m:0s)
Total CPU time used: 0.957 sec (0h:0m:0s)
Total wall-clock time used: 1.017 sec (0h:0m:1s)

===> START BOOTSTRAP REPLICATE NUMBER 51

Creating bootstrap alignment (seed: 933859)...

Create initial parsimony tree by phylogenetic likelihood library (PLL)... 0.000 seconds

NOTE: 0 MB RAM (0 GB) is required!
Estimate model parameters (epsilon = 0.100)
1. Initial log-likelihood: -1124.418
2. Current log-likelihood: -1094.695
3. Current log-likelihood: -1094.162
4. Current log-likelihood: -1093.996
Optimal log-likelihood: -1093.907
Gamma shape alpha: 0.761
Parameters optimization took 4 rounds (0.013 sec)
Computing ML distances based on estimated model parameters... 0.010 sec
Computing BIONJ tree...
0.007 seconds
Log-likelihood of BIONJ tree: -1090.664
--------------------------------------------------------------------
|             INITIALIZING CANDIDATE TREE SET                      |
--------------------------------------------------------------------
Generating 98 parsimony trees... 0.014 second
Computing log-likelihood of 62 initial trees ... 0.070 seconds
Current best score: -1090.664

Do NNI search on 20 best initial trees
Estimate model parameters (epsilon = 0.100)
BETTER TREE FOUND at iteration 1: -1090.664
Iteration 10 / LogL: -1090.695 / Time: 0h:0m:0s
WARNING: NNI search needs unusual large number of steps (7) to converge!
Iteration 20 / LogL: -1093.459 / Time: 0h:0m:0s
Finish initializing candidate tree set (5)
Current best tree score: -1090.664 / CPU time: 0.391
Number of iterations: 20
--------------------------------------------------------------------
|               OPTIMIZING CANDIDATE TREE SET                      |
--------------------------------------------------------------------
WARNING: NNI search needs unusual large number of steps (7) to converge!
Iteration 30 / LogL: -1090.665 / Time: 0h:0m:0s (0h:0m:1s left)
WARNING: NNI search needs unusual large number of steps (7) to converge!
WARNING: NNI search needs unusual large number of steps (7) to converge!
Iteration 40 / LogL: -1090.722 / Time: 0h:0m:0s (0h:0m:1s left)
UPDATE BEST LOG-LIKELIHOOD: -1090.664
UPDATE BEST LOG-LIKELIHOOD: -1090.664
Iteration 50 / LogL: -1090.664 / Time: 0h:0m:0s (0h:0m:0s left)
UPDATE BEST LOG-LIKELIHOOD: -1090.664
Iteration 60 / LogL: -1090.796 / Time: 0h:0m:0s (0h:0m:0s left)
WARNING: NNI search needs unusual large number of steps (7) to converge!
WARNING: NNI search needs unusual large number of steps (7) to converge!
Iteration 70 / LogL: -1090.744 / Time: 0h:0m:1s (0h:0m:0s left)
Iteration 80 / LogL: -1090.674 / Time: 0h:0m:1s (0h:0m:0s left)
UPDATE BEST LOG-LIKELIHOOD: -1090.664
Iteration 90 / LogL: -1090.664 / Time: 0h:0m:1s (0h:0m:0s left)
Iteration 100 / LogL: -1090.666 / Time: 0h:0m:1s (0h:0m:0s left)
TREE SEARCH COMPLETED AFTER 102 ITERATIONS / Time: 0h:0m:1s

--------------------------------------------------------------------
|                    FINALIZING TREE SEARCH                        |
--------------------------------------------------------------------
Performs final model parameters optimization
Estimate model parameters (epsilon = 0.010)
1. Initial log-likelihood: -1090.664
Optimal log-likelihood: -1090.664
Gamma shape alpha: 0.757
Parameters optimization took 1 rounds (0.002 sec)
BEST SCORE FOUND : -1090.664
Total tree length: 9.648

Total number of iterations: 102
CPU time used for tree search: 1.395 sec (0h:0m:1s)
Wall-clock time used for tree search: 1.414 sec (0h:0m:1s)
Total CPU time used: 1.429 sec (0h:0m:1s)
Total wall-clock time used: 1.462 sec (0h:0m:1s)

===> START BOOTSTRAP REPLICATE NUMBER 52

Creating bootstrap alignment (seed: 933860)...

Create initial parsimony tree by phylogenetic likelihood library (PLL)... 0.000 seconds

NOTE: 0 MB RAM (0 GB) is required!
Estimate model parameters (epsilon = 0.100)
1. Initial log-likelihood: -1238.741
2. Current log-likelihood: -1210.147
3. Current log-likelihood: -1209.815
Optimal log-likelihood: -1209.733
Gamma shape alpha: 1.376
Parameters optimization took 3 rounds (0.010 sec)
Computing ML distances based on estimated model parameters... 0.011 sec
Computing BIONJ tree...
0.007 seconds
Log-likelihood of BIONJ tree: -1209.727
--------------------------------------------------------------------
|             INITIALIZING CANDIDATE TREE SET                      |
--------------------------------------------------------------------
Generating 98 parsimony trees... 0.015 second
Computing log-likelihood of 53 initial trees ... 0.058 seconds
Current best score: -1209.727

Do NNI search on 20 best initial trees
Estimate model parameters (epsilon = 0.100)
BETTER TREE FOUND at iteration 1: -1209.716
UPDATE BEST LOG-LIKELIHOOD: -1209.714
Iteration 10 / LogL: -1213.171 / Time: 0h:0m:0s
WARNING: NNI search needs unusual large number of steps (7) to converge!
Iteration 20 / LogL: -1213.248 / Time: 0h:0m:0s
Finish initializing candidate tree set (3)
Current best tree score: -1209.714 / CPU time: 0.241
Number of iterations: 20
--------------------------------------------------------------------
|               OPTIMIZING CANDIDATE TREE SET                      |
--------------------------------------------------------------------
UPDATE BEST LOG-LIKELIHOOD: -1209.714
Iteration 30 / LogL: -1213.623 / Time: 0h:0m:0s (0h:0m:0s left)
UPDATE BEST LOG-LIKELIHOOD: -1209.714
UPDATE BEST LOG-LIKELIHOOD: -1209.714
Iteration 40 / LogL: -1209.715 / Time: 0h:0m:0s (0h:0m:0s left)
UPDATE BEST LOG-LIKELIHOOD: -1209.714
Iteration 50 / LogL: -1209.730 / Time: 0h:0m:0s (0h:0m:0s left)
Iteration 60 / LogL: -1209.714 / Time: 0h:0m:0s (0h:0m:0s left)
Iteration 70 / LogL: -1209.726 / Time: 0h:0m:0s (0h:0m:0s left)
UPDATE BEST LOG-LIKELIHOOD: -1209.714
Iteration 80 / LogL: -1209.714 / Time: 0h:0m:0s (0h:0m:0s left)
UPDATE BEST LOG-LIKELIHOOD: -1209.714
Iteration 90 / LogL: -1209.714 / Time: 0h:0m:0s (0h:0m:0s left)
WARNING: NNI search needs unusual large number of steps (7) to converge!
WARNING: NNI search needs unusual large number of steps (7) to converge!
Iteration 100 / LogL: -1209.714 / Time: 0h:0m:1s (0h:0m:0s left)
TREE SEARCH COMPLETED AFTER 102 ITERATIONS / Time: 0h:0m:1s

--------------------------------------------------------------------
|                    FINALIZING TREE SEARCH                        |
--------------------------------------------------------------------
Performs final model parameters optimization
Estimate model parameters (epsilon = 0.010)
1. Initial log-likelihood: -1209.714
Optimal log-likelihood: -1209.712
Gamma shape alpha: 1.431
Parameters optimization took 1 rounds (0.002 sec)
BEST SCORE FOUND : -1209.712
Total tree length: 10.347

Total number of iterations: 102
CPU time used for tree search: 0.962 sec (0h:0m:0s)
Wall-clock time used for tree search: 0.995 sec (0h:0m:0s)
Total CPU time used: 0.997 sec (0h:0m:0s)
Total wall-clock time used: 1.044 sec (0h:0m:1s)

===> START BOOTSTRAP REPLICATE NUMBER 53

Creating bootstrap alignment (seed: 933861)...
WARNING: States(s) W rarely appear in alignment and may cause numerical problems

Create initial parsimony tree by phylogenetic likelihood library (PLL)... 0.000 seconds

NOTE: 0 MB RAM (0 GB) is required!
Estimate model parameters (epsilon = 0.100)
1. Initial log-likelihood: -1182.160
2. Current log-likelihood: -1146.065
3. Current log-likelihood: -1144.204
4. Current log-likelihood: -1143.724
5. Current log-likelihood: -1143.624
Optimal log-likelihood: -1143.587
Gamma shape alpha: 3.301
Parameters optimization took 5 rounds (0.015 sec)
Computing ML distances based on estimated model parameters... 0.007 sec
Computing BIONJ tree...
0.007 seconds
Log-likelihood of BIONJ tree: -1140.348
--------------------------------------------------------------------
|             INITIALIZING CANDIDATE TREE SET                      |
--------------------------------------------------------------------
Generating 98 parsimony trees... 0.015 second
Computing log-likelihood of 51 initial trees ... 0.052 seconds
Current best score: -1140.348

Do NNI search on 20 best initial trees
Estimate model parameters (epsilon = 0.100)
BETTER TREE FOUND at iteration 1: -1139.685
Iteration 10 / LogL: -1139.719 / Time: 0h:0m:0s
WARNING: NNI search needs unusual large number of steps (7) to converge!
Iteration 20 / LogL: -1139.782 / Time: 0h:0m:0s
Finish initializing candidate tree set (3)
Current best tree score: -1139.685 / CPU time: 0.210
Number of iterations: 20
--------------------------------------------------------------------
|               OPTIMIZING CANDIDATE TREE SET                      |
--------------------------------------------------------------------
Iteration 30 / LogL: -1139.701 / Time: 0h:0m:0s (0h:0m:0s left)
Iteration 40 / LogL: -1143.004 / Time: 0h:0m:0s (0h:0m:0s left)
Iteration 50 / LogL: -1142.750 / Time: 0h:0m:0s (0h:0m:0s left)
UPDATE BEST LOG-LIKELIHOOD: -1139.685
Iteration 60 / LogL: -1139.697 / Time: 0h:0m:0s (0h:0m:0s left)
Iteration 70 / LogL: -1142.750 / Time: 0h:0m:0s (0h:0m:0s left)
Iteration 80 / LogL: -1142.750 / Time: 0h:0m:0s (0h:0m:0s left)
Iteration 90 / LogL: -1142.750 / Time: 0h:0m:0s (0h:0m:0s left)
Iteration 100 / LogL: -1139.804 / Time: 0h:0m:0s (0h:0m:0s left)
TREE SEARCH COMPLETED AFTER 102 ITERATIONS / Time: 0h:0m:0s

--------------------------------------------------------------------
|                    FINALIZING TREE SEARCH                        |
--------------------------------------------------------------------
Performs final model parameters optimization
Estimate model parameters (epsilon = 0.010)
1. Initial log-likelihood: -1139.685
Optimal log-likelihood: -1139.682
Gamma shape alpha: 5.456
Parameters optimization took 1 rounds (0.003 sec)
BEST SCORE FOUND : -1139.682
Total tree length: 5.724

Total number of iterations: 102
CPU time used for tree search: 0.757 sec (0h:0m:0s)
Wall-clock time used for tree search: 0.770 sec (0h:0m:0s)
Total CPU time used: 0.791 sec (0h:0m:0s)
Total wall-clock time used: 0.818 sec (0h:0m:0s)

===> START BOOTSTRAP REPLICATE NUMBER 54

Creating bootstrap alignment (seed: 933862)...
WARNING: States(s) W rarely appear in alignment and may cause numerical problems

Create initial parsimony tree by phylogenetic likelihood library (PLL)... 0.000 seconds

NOTE: 0 MB RAM (0 GB) is required!
Estimate model parameters (epsilon = 0.100)
1. Initial log-likelihood: -1224.519
2. Current log-likelihood: -1197.570
3. Current log-likelihood: -1197.105
Optimal log-likelihood: -1197.003
Gamma shape alpha: 1.469
Parameters optimization took 3 rounds (0.010 sec)
Computing ML distances based on estimated model parameters... 0.009 sec
Computing BIONJ tree...
0.007 seconds
Log-likelihood of BIONJ tree: -1194.317
--------------------------------------------------------------------
|             INITIALIZING CANDIDATE TREE SET                      |
--------------------------------------------------------------------
Generating 98 parsimony trees... 0.015 second
Computing log-likelihood of 37 initial trees ... 0.040 seconds
Current best score: -1194.317

Do NNI search on 20 best initial trees
Estimate model parameters (epsilon = 0.100)
BETTER TREE FOUND at iteration 1: -1194.080
Iteration 10 / LogL: -1194.101 / Time: 0h:0m:0s
WARNING: NNI search needs unusual large number of steps (7) to converge!
WARNING: NNI search needs unusual large number of steps (7) to converge!
Iteration 20 / LogL: -1194.113 / Time: 0h:0m:0s
Finish initializing candidate tree set (1)
Current best tree score: -1194.080 / CPU time: 0.248
Number of iterations: 20
--------------------------------------------------------------------
|               OPTIMIZING CANDIDATE TREE SET                      |
--------------------------------------------------------------------
UPDATE BEST LOG-LIKELIHOOD: -1194.078
UPDATE BEST LOG-LIKELIHOOD: -1194.077
UPDATE BEST LOG-LIKELIHOOD: -1194.077
Iteration 30 / LogL: -1194.127 / Time: 0h:0m:0s (0h:0m:0s left)
UPDATE BEST LOG-LIKELIHOOD: -1194.077
UPDATE BEST LOG-LIKELIHOOD: -1194.077
Iteration 40 / LogL: -1194.209 / Time: 0h:0m:0s (0h:0m:0s left)
Iteration 50 / LogL: -1194.077 / Time: 0h:0m:0s (0h:0m:0s left)
UPDATE BEST LOG-LIKELIHOOD: -1194.077
Iteration 60 / LogL: -1194.077 / Time: 0h:0m:0s (0h:0m:0s left)
UPDATE BEST LOG-LIKELIHOOD: -1194.077
Iteration 70 / LogL: -1194.184 / Time: 0h:0m:0s (0h:0m:0s left)
UPDATE BEST LOG-LIKELIHOOD: -1194.077
WARNING: NNI search needs unusual large number of steps (7) to converge!
Iteration 80 / LogL: -1194.123 / Time: 0h:0m:0s (0h:0m:0s left)
Iteration 90 / LogL: -1194.080 / Time: 0h:0m:0s (0h:0m:0s left)
Iteration 100 / LogL: -1194.371 / Time: 0h:0m:0s (0h:0m:0s left)
WARNING: NNI search needs unusual large number of steps (7) to converge!
TREE SEARCH COMPLETED AFTER 102 ITERATIONS / Time: 0h:0m:0s

--------------------------------------------------------------------
|                    FINALIZING TREE SEARCH                        |
--------------------------------------------------------------------
Performs final model parameters optimization
Estimate model parameters (epsilon = 0.010)
1. Initial log-likelihood: -1194.077
Optimal log-likelihood: -1194.071
Gamma shape alpha: 1.745
Parameters optimization took 1 rounds (0.002 sec)
BEST SCORE FOUND : -1194.071
Total tree length: 7.901

Total number of iterations: 102
CPU time used for tree search: 0.677 sec (0h:0m:0s)
Wall-clock time used for tree search: 0.716 sec (0h:0m:0s)
Total CPU time used: 0.707 sec (0h:0m:0s)
Total wall-clock time used: 0.761 sec (0h:0m:0s)

===> START BOOTSTRAP REPLICATE NUMBER 55

Creating bootstrap alignment (seed: 933863)...
WARNING: States(s) C, W rarely appear in alignment and may cause numerical problems

Create initial parsimony tree by phylogenetic likelihood library (PLL)... 0.000 seconds

NOTE: 0 MB RAM (0 GB) is required!
Estimate model parameters (epsilon = 0.100)
1. Initial log-likelihood: -1191.999
2. Current log-likelihood: -1156.512
3. Current log-likelihood: -1154.927
4. Current log-likelihood: -1154.736
Optimal log-likelihood: -1154.714
Gamma shape alpha: 3.351
Parameters optimization took 4 rounds (0.013 sec)
Computing ML distances based on estimated model parameters... 0.008 sec
Computing BIONJ tree...
0.007 seconds
Log-likelihood of BIONJ tree: -1154.714
--------------------------------------------------------------------
|             INITIALIZING CANDIDATE TREE SET                      |
--------------------------------------------------------------------
Generating 99 parsimony trees... 0.016 second
Computing log-likelihood of 40 initial trees ... 0.040 seconds
Current best score: -1153.522

Do NNI search on 20 best initial trees
Estimate model parameters (epsilon = 0.100)
BETTER TREE FOUND at iteration 1: -1153.451
Iteration 10 / LogL: -1153.630 / Time: 0h:0m:0s
Iteration 20 / LogL: -1153.561 / Time: 0h:0m:0s
Finish initializing candidate tree set (3)
Current best tree score: -1153.451 / CPU time: 0.176
Number of iterations: 20
--------------------------------------------------------------------
|               OPTIMIZING CANDIDATE TREE SET                      |
--------------------------------------------------------------------
UPDATE BEST LOG-LIKELIHOOD: -1153.448
Iteration 30 / LogL: -1153.488 / Time: 0h:0m:0s (0h:0m:0s left)
Iteration 40 / LogL: -1153.545 / Time: 0h:0m:0s (0h:0m:0s left)
UPDATE BEST LOG-LIKELIHOOD: -1153.448
WARNING: NNI search needs unusual large number of steps (7) to converge!
Iteration 50 / LogL: -1153.597 / Time: 0h:0m:0s (0h:0m:0s left)
Iteration 60 / LogL: -1153.459 / Time: 0h:0m:0s (0h:0m:0s left)
UPDATE BEST LOG-LIKELIHOOD: -1153.446
Iteration 70 / LogL: -1153.489 / Time: 0h:0m:0s (0h:0m:0s left)
UPDATE BEST LOG-LIKELIHOOD: -1153.446
Iteration 80 / LogL: -1153.647 / Time: 0h:0m:0s (0h:0m:0s left)
Iteration 90 / LogL: -1153.541 / Time: 0h:0m:0s (0h:0m:0s left)
Iteration 100 / LogL: -1153.496 / Time: 0h:0m:0s (0h:0m:0s left)
TREE SEARCH COMPLETED AFTER 102 ITERATIONS / Time: 0h:0m:0s

--------------------------------------------------------------------
|                    FINALIZING TREE SEARCH                        |
--------------------------------------------------------------------
Performs final model parameters optimization
Estimate model parameters (epsilon = 0.010)
1. Initial log-likelihood: -1153.446
Optimal log-likelihood: -1153.445
Gamma shape alpha: 3.533
Parameters optimization took 1 rounds (0.002 sec)
BEST SCORE FOUND : -1153.445
Total tree length: 5.955

Total number of iterations: 102
CPU time used for tree search: 0.699 sec (0h:0m:0s)
Wall-clock time used for tree search: 0.722 sec (0h:0m:0s)
Total CPU time used: 0.729 sec (0h:0m:0s)
Total wall-clock time used: 0.767 sec (0h:0m:0s)

===> START BOOTSTRAP REPLICATE NUMBER 56

Creating bootstrap alignment (seed: 933864)...

Create initial parsimony tree by phylogenetic likelihood library (PLL)... 0.000 seconds

NOTE: 0 MB RAM (0 GB) is required!
Estimate model parameters (epsilon = 0.100)
1. Initial log-likelihood: -1216.227
2. Current log-likelihood: -1193.340
3. Current log-likelihood: -1192.480
4. Current log-likelihood: -1192.296
Optimal log-likelihood: -1192.240
Gamma shape alpha: 1.814
Parameters optimization took 4 rounds (0.013 sec)
Computing ML distances based on estimated model parameters... 0.009 sec
Computing BIONJ tree...
0.007 seconds
Log-likelihood of BIONJ tree: -1190.797
--------------------------------------------------------------------
|             INITIALIZING CANDIDATE TREE SET                      |
--------------------------------------------------------------------
Generating 98 parsimony trees... 0.015 second
Computing log-likelihood of 57 initial trees ... 0.059 seconds
Current best score: -1188.340

Do NNI search on 20 best initial trees
Estimate model parameters (epsilon = 0.100)
BETTER TREE FOUND at iteration 1: -1188.286
Iteration 10 / LogL: -1188.368 / Time: 0h:0m:0s
Iteration 20 / LogL: -1189.445 / Time: 0h:0m:0s
Finish initializing candidate tree set (4)
Current best tree score: -1188.286 / CPU time: 0.186
Number of iterations: 20
--------------------------------------------------------------------
|               OPTIMIZING CANDIDATE TREE SET                      |
--------------------------------------------------------------------
UPDATE BEST LOG-LIKELIHOOD: -1188.285
Iteration 30 / LogL: -1189.482 / Time: 0h:0m:0s (0h:0m:0s left)
Iteration 40 / LogL: -1189.461 / Time: 0h:0m:0s (0h:0m:0s left)
UPDATE BEST LOG-LIKELIHOOD: -1188.285
Iteration 50 / LogL: -1189.423 / Time: 0h:0m:0s (0h:0m:0s left)
UPDATE BEST LOG-LIKELIHOOD: -1188.285
UPDATE BEST LOG-LIKELIHOOD: -1188.285
Iteration 60 / LogL: -1189.569 / Time: 0h:0m:0s (0h:0m:0s left)
UPDATE BEST LOG-LIKELIHOOD: -1188.285
Iteration 70 / LogL: -1188.511 / Time: 0h:0m:0s (0h:0m:0s left)
Iteration 80 / LogL: -1188.677 / Time: 0h:0m:0s (0h:0m:0s left)
WARNING: NNI search needs unusual large number of steps (7) to converge!
Iteration 90 / LogL: -1188.336 / Time: 0h:0m:0s (0h:0m:0s left)
Iteration 100 / LogL: -1192.941 / Time: 0h:0m:0s (0h:0m:0s left)
TREE SEARCH COMPLETED AFTER 102 ITERATIONS / Time: 0h:0m:0s

--------------------------------------------------------------------
|                    FINALIZING TREE SEARCH                        |
--------------------------------------------------------------------
Performs final model parameters optimization
Estimate model parameters (epsilon = 0.010)
1. Initial log-likelihood: -1188.285
Optimal log-likelihood: -1188.283
Gamma shape alpha: 1.919
Parameters optimization took 1 rounds (0.002 sec)
BEST SCORE FOUND : -1188.283
Total tree length: 7.174

Total number of iterations: 102
CPU time used for tree search: 0.693 sec (0h:0m:0s)
Wall-clock time used for tree search: 0.720 sec (0h:0m:0s)
Total CPU time used: 0.727 sec (0h:0m:0s)
Total wall-clock time used: 0.768 sec (0h:0m:0s)

===> START BOOTSTRAP REPLICATE NUMBER 57

Creating bootstrap alignment (seed: 933865)...

Create initial parsimony tree by phylogenetic likelihood library (PLL)... 0.000 seconds

NOTE: 0 MB RAM (0 GB) is required!
Estimate model parameters (epsilon = 0.100)
1. Initial log-likelihood: -1152.883
2. Current log-likelihood: -1127.181
3. Current log-likelihood: -1125.596
4. Current log-likelihood: -1125.051
5. Current log-likelihood: -1124.895
Optimal log-likelihood: -1124.851
Gamma shape alpha: 3.984
Parameters optimization took 5 rounds (0.017 sec)
Computing ML distances based on estimated model parameters... 0.008 sec
Computing BIONJ tree...
0.007 seconds
Log-likelihood of BIONJ tree: -1125.025
--------------------------------------------------------------------
|             INITIALIZING CANDIDATE TREE SET                      |
--------------------------------------------------------------------
Generating 98 parsimony trees... 0.015 second
Computing log-likelihood of 37 initial trees ... 0.041 seconds
Current best score: -1124.851

Do NNI search on 20 best initial trees
Estimate model parameters (epsilon = 0.100)
BETTER TREE FOUND at iteration 1: -1124.846
Iteration 10 / LogL: -1125.626 / Time: 0h:0m:0s
Iteration 20 / LogL: -1124.896 / Time: 0h:0m:0s
Finish initializing candidate tree set (3)
Current best tree score: -1124.846 / CPU time: 0.229
Number of iterations: 20
--------------------------------------------------------------------
|               OPTIMIZING CANDIDATE TREE SET                      |
--------------------------------------------------------------------
Iteration 30 / LogL: -1124.846 / Time: 0h:0m:0s (0h:0m:0s left)
UPDATE BEST LOG-LIKELIHOOD: -1124.846
Iteration 40 / LogL: -1124.846 / Time: 0h:0m:0s (0h:0m:0s left)
Iteration 50 / LogL: -1125.626 / Time: 0h:0m:0s (0h:0m:0s left)
Iteration 60 / LogL: -1125.034 / Time: 0h:0m:0s (0h:0m:0s left)
UPDATE BEST LOG-LIKELIHOOD: -1124.846
Iteration 70 / LogL: -1125.626 / Time: 0h:0m:0s (0h:0m:0s left)
Iteration 80 / LogL: -1124.846 / Time: 0h:0m:0s (0h:0m:0s left)
WARNING: NNI search needs unusual large number of steps (7) to converge!
Iteration 90 / LogL: -1125.626 / Time: 0h:0m:0s (0h:0m:0s left)
WARNING: NNI search needs unusual large number of steps (7) to converge!
Iteration 100 / LogL: -1125.626 / Time: 0h:0m:0s (0h:0m:0s left)
TREE SEARCH COMPLETED AFTER 102 ITERATIONS / Time: 0h:0m:0s

--------------------------------------------------------------------
|                    FINALIZING TREE SEARCH                        |
--------------------------------------------------------------------
Performs final model parameters optimization
Estimate model parameters (epsilon = 0.010)
1. Initial log-likelihood: -1124.846
Optimal log-likelihood: -1124.845
Gamma shape alpha: 4.166
Parameters optimization took 1 rounds (0.002 sec)
BEST SCORE FOUND : -1124.845
Total tree length: 6.541

Total number of iterations: 102
CPU time used for tree search: 0.724 sec (0h:0m:0s)
Wall-clock time used for tree search: 0.788 sec (0h:0m:0s)
Total CPU time used: 0.760 sec (0h:0m:0s)
Total wall-clock time used: 0.839 sec (0h:0m:0s)

===> START BOOTSTRAP REPLICATE NUMBER 58

Creating bootstrap alignment (seed: 933866)...

Create initial parsimony tree by phylogenetic likelihood library (PLL)... 0.000 seconds

NOTE: 0 MB RAM (0 GB) is required!
Estimate model parameters (epsilon = 0.100)
1. Initial log-likelihood: -1221.797
2. Current log-likelihood: -1179.641
3. Current log-likelihood: -1178.798
Optimal log-likelihood: -1178.784
Gamma shape alpha: 1.447
Parameters optimization took 3 rounds (0.008 sec)
Computing ML distances based on estimated model parameters... 0.010 sec
Computing BIONJ tree...
0.007 seconds
Log-likelihood of BIONJ tree: -1177.724
--------------------------------------------------------------------
|             INITIALIZING CANDIDATE TREE SET                      |
--------------------------------------------------------------------
Generating 98 parsimony trees... 0.015 second
Computing log-likelihood of 53 initial trees ... 0.054 seconds
Current best score: -1177.291

Do NNI search on 20 best initial trees
Estimate model parameters (epsilon = 0.100)
BETTER TREE FOUND at iteration 1: -1176.573
Iteration 10 / LogL: -1176.646 / Time: 0h:0m:0s
Iteration 20 / LogL: -1176.648 / Time: 0h:0m:0s
Finish initializing candidate tree set (2)
Current best tree score: -1176.573 / CPU time: 0.226
Number of iterations: 20
--------------------------------------------------------------------
|               OPTIMIZING CANDIDATE TREE SET                      |
--------------------------------------------------------------------
Iteration 30 / LogL: -1178.653 / Time: 0h:0m:0s (0h:0m:0s left)
WARNING: NNI search needs unusual large number of steps (7) to converge!
Iteration 40 / LogL: -1176.631 / Time: 0h:0m:0s (0h:0m:0s left)
WARNING: NNI search needs unusual large number of steps (7) to converge!
Iteration 50 / LogL: -1176.651 / Time: 0h:0m:0s (0h:0m:0s left)
WARNING: NNI search needs unusual large number of steps (7) to converge!
Iteration 60 / LogL: -1176.604 / Time: 0h:0m:0s (0h:0m:0s left)
WARNING: NNI search needs unusual large number of steps (7) to converge!
Iteration 70 / LogL: -1176.668 / Time: 0h:0m:0s (0h:0m:0s left)
WARNING: NNI search needs unusual large number of steps (7) to converge!
Iteration 80 / LogL: -1176.590 / Time: 0h:0m:0s (0h:0m:0s left)
Iteration 90 / LogL: -1176.592 / Time: 0h:0m:0s (0h:0m:0s left)
Iteration 100 / LogL: -1180.110 / Time: 0h:0m:0s (0h:0m:0s left)
TREE SEARCH COMPLETED AFTER 102 ITERATIONS / Time: 0h:0m:0s

--------------------------------------------------------------------
|                    FINALIZING TREE SEARCH                        |
--------------------------------------------------------------------
Performs final model parameters optimization
Estimate model parameters (epsilon = 0.010)
1. Initial log-likelihood: -1176.573
Optimal log-likelihood: -1176.570
Gamma shape alpha: 1.356
Parameters optimization took 1 rounds (0.002 sec)
BEST SCORE FOUND : -1176.570
Total tree length: 9.720

Total number of iterations: 102
CPU time used for tree search: 0.846 sec (0h:0m:0s)
Wall-clock time used for tree search: 0.852 sec (0h:0m:0s)
Total CPU time used: 0.873 sec (0h:0m:0s)
Total wall-clock time used: 0.894 sec (0h:0m:0s)

===> START BOOTSTRAP REPLICATE NUMBER 59

Creating bootstrap alignment (seed: 933867)...
WARNING: States(s) C rarely appear in alignment and may cause numerical problems

Create initial parsimony tree by phylogenetic likelihood library (PLL)... 0.000 seconds

NOTE: 0 MB RAM (0 GB) is required!
Estimate model parameters (epsilon = 0.100)
1. Initial log-likelihood: -1217.052
2. Current log-likelihood: -1193.694
3. Current log-likelihood: -1193.267
Optimal log-likelihood: -1193.192
Gamma shape alpha: 0.998
Parameters optimization took 3 rounds (0.008 sec)
Computing ML distances based on estimated model parameters... 0.010 sec
Computing BIONJ tree...
0.007 seconds
Log-likelihood of BIONJ tree: -1193.119
--------------------------------------------------------------------
|             INITIALIZING CANDIDATE TREE SET                      |
--------------------------------------------------------------------
Generating 98 parsimony trees... 0.014 second
Computing log-likelihood of 60 initial trees ... 0.059 seconds
Current best score: -1193.119

Do NNI search on 20 best initial trees
Estimate model parameters (epsilon = 0.100)
BETTER TREE FOUND at iteration 1: -1193.119
Iteration 10 / LogL: -1193.189 / Time: 0h:0m:0s
Iteration 20 / LogL: -1193.502 / Time: 0h:0m:0s
Finish initializing candidate tree set (1)
Current best tree score: -1193.119 / CPU time: 0.204
Number of iterations: 20
--------------------------------------------------------------------
|               OPTIMIZING CANDIDATE TREE SET                      |
--------------------------------------------------------------------
Iteration 30 / LogL: -1198.699 / Time: 0h:0m:0s (0h:0m:0s left)
UPDATE BEST LOG-LIKELIHOOD: -1193.119
UPDATE BEST LOG-LIKELIHOOD: -1193.119
Iteration 40 / LogL: -1198.730 / Time: 0h:0m:0s (0h:0m:0s left)
Iteration 50 / LogL: -1198.841 / Time: 0h:0m:0s (0h:0m:0s left)
Iteration 60 / LogL: -1198.646 / Time: 0h:0m:0s (0h:0m:0s left)
Iteration 70 / LogL: -1198.555 / Time: 0h:0m:0s (0h:0m:0s left)
Iteration 80 / LogL: -1193.142 / Time: 0h:0m:0s (0h:0m:0s left)
Iteration 90 / LogL: -1193.132 / Time: 0h:0m:0s (0h:0m:0s left)
Iteration 100 / LogL: -1198.554 / Time: 0h:0m:0s (0h:0m:0s left)
TREE SEARCH COMPLETED AFTER 102 ITERATIONS / Time: 0h:0m:0s

--------------------------------------------------------------------
|                    FINALIZING TREE SEARCH                        |
--------------------------------------------------------------------
Performs final model parameters optimization
Estimate model parameters (epsilon = 0.010)
1. Initial log-likelihood: -1193.119
Optimal log-likelihood: -1193.119
Gamma shape alpha: 0.993
Parameters optimization took 1 rounds (0.002 sec)
BEST SCORE FOUND : -1193.119
Total tree length: 9.815

Total number of iterations: 102
CPU time used for tree search: 0.650 sec (0h:0m:0s)
Wall-clock time used for tree search: 0.665 sec (0h:0m:0s)
Total CPU time used: 0.679 sec (0h:0m:0s)
Total wall-clock time used: 0.708 sec (0h:0m:0s)

===> START BOOTSTRAP REPLICATE NUMBER 60

Creating bootstrap alignment (seed: 933868)...
WARNING: States(s) W rarely appear in alignment and may cause numerical problems

Create initial parsimony tree by phylogenetic likelihood library (PLL)... 0.000 seconds

NOTE: 0 MB RAM (0 GB) is required!
Estimate model parameters (epsilon = 0.100)
1. Initial log-likelihood: -1318.918
2. Current log-likelihood: -1281.052
3. Current log-likelihood: -1280.595
Optimal log-likelihood: -1280.484
Gamma shape alpha: 1.308
Parameters optimization took 3 rounds (0.008 sec)
Computing ML distances based on estimated model parameters... 0.010 sec
WARNING: Some pairwise ML distances are too long (saturated)
Computing BIONJ tree...
0.007 seconds
Log-likelihood of BIONJ tree: -1278.410
--------------------------------------------------------------------
|             INITIALIZING CANDIDATE TREE SET                      |
--------------------------------------------------------------------
Generating 98 parsimony trees... 0.014 second
Computing log-likelihood of 60 initial trees ... 0.060 seconds
Current best score: -1278.410

Do NNI search on 20 best initial trees
Estimate model parameters (epsilon = 0.100)
BETTER TREE FOUND at iteration 1: -1278.082
WARNING: NNI search needs unusual large number of steps (7) to converge!
Iteration 10 / LogL: -1278.092 / Time: 0h:0m:0s
UPDATE BEST LOG-LIKELIHOOD: -1278.081
WARNING: NNI search needs unusual large number of steps (7) to converge!
Iteration 20 / LogL: -1278.081 / Time: 0h:0m:0s
Finish initializing candidate tree set (3)
Current best tree score: -1278.081 / CPU time: 0.264
Number of iterations: 20
--------------------------------------------------------------------
|               OPTIMIZING CANDIDATE TREE SET                      |
--------------------------------------------------------------------
UPDATE BEST LOG-LIKELIHOOD: -1278.080
Iteration 30 / LogL: -1280.034 / Time: 0h:0m:0s (0h:0m:0s left)
Iteration 40 / LogL: -1279.144 / Time: 0h:0m:0s (0h:0m:0s left)
WARNING: NNI search needs unusual large number of steps (7) to converge!
WARNING: NNI search needs unusual large number of steps (7) to converge!
Iteration 50 / LogL: -1278.084 / Time: 0h:0m:0s (0h:0m:0s left)
Iteration 60 / LogL: -1278.095 / Time: 0h:0m:0s (0h:0m:0s left)
WARNING: NNI search needs unusual large number of steps (7) to converge!
Iteration 70 / LogL: -1278.084 / Time: 0h:0m:0s (0h:0m:0s left)
Iteration 80 / LogL: -1278.103 / Time: 0h:0m:0s (0h:0m:0s left)
Iteration 90 / LogL: -1278.087 / Time: 0h:0m:0s (0h:0m:0s left)
Iteration 100 / LogL: -1279.278 / Time: 0h:0m:0s (0h:0m:0s left)
TREE SEARCH COMPLETED AFTER 102 ITERATIONS / Time: 0h:0m:0s

--------------------------------------------------------------------
|                    FINALIZING TREE SEARCH                        |
--------------------------------------------------------------------
Performs final model parameters optimization
Estimate model parameters (epsilon = 0.010)
1. Initial log-likelihood: -1278.080
Optimal log-likelihood: -1278.079
Gamma shape alpha: 1.322
Parameters optimization took 1 rounds (0.002 sec)
BEST SCORE FOUND : -1278.079
Total tree length: 13.639

Total number of iterations: 102
CPU time used for tree search: 0.873 sec (0h:0m:0s)
Wall-clock time used for tree search: 0.883 sec (0h:0m:0s)
Total CPU time used: 0.900 sec (0h:0m:0s)
Total wall-clock time used: 0.924 sec (0h:0m:0s)

===> START BOOTSTRAP REPLICATE NUMBER 61

Creating bootstrap alignment (seed: 933869)...

Create initial parsimony tree by phylogenetic likelihood library (PLL)... 0.000 seconds

NOTE: 0 MB RAM (0 GB) is required!
Estimate model parameters (epsilon = 0.100)
1. Initial log-likelihood: -1178.294
2. Current log-likelihood: -1145.136
3. Current log-likelihood: -1143.141
4. Current log-likelihood: -1142.970
Optimal log-likelihood: -1142.929
Gamma shape alpha: 2.152
Parameters optimization took 4 rounds (0.014 sec)
Computing ML distances based on estimated model parameters... 0.008 sec
Computing BIONJ tree...
0.007 seconds
Log-likelihood of BIONJ tree: -1135.039
--------------------------------------------------------------------
|             INITIALIZING CANDIDATE TREE SET                      |
--------------------------------------------------------------------
Generating 98 parsimony trees... 0.015 second
Computing log-likelihood of 39 initial trees ... 0.042 seconds
Current best score: -1134.486

Do NNI search on 20 best initial trees
Estimate model parameters (epsilon = 0.100)
BETTER TREE FOUND at iteration 1: -1134.242
Iteration 10 / LogL: -1135.398 / Time: 0h:0m:0s
Iteration 20 / LogL: -1135.127 / Time: 0h:0m:0s
Finish initializing candidate tree set (2)
Current best tree score: -1134.242 / CPU time: 0.201
Number of iterations: 20
--------------------------------------------------------------------
|               OPTIMIZING CANDIDATE TREE SET                      |
--------------------------------------------------------------------
Iteration 30 / LogL: -1134.268 / Time: 0h:0m:0s (0h:0m:0s left)
UPDATE BEST LOG-LIKELIHOOD: -1134.241
Iteration 40 / LogL: -1135.069 / Time: 0h:0m:0s (0h:0m:0s left)
UPDATE BEST LOG-LIKELIHOOD: -1134.241
Iteration 50 / LogL: -1135.371 / Time: 0h:0m:0s (0h:0m:0s left)
Iteration 60 / LogL: -1134.255 / Time: 0h:0m:0s (0h:0m:0s left)
Iteration 70 / LogL: -1134.770 / Time: 0h:0m:0s (0h:0m:0s left)
Iteration 80 / LogL: -1134.258 / Time: 0h:0m:0s (0h:0m:0s left)
UPDATE BEST LOG-LIKELIHOOD: -1134.241
Iteration 90 / LogL: -1134.275 / Time: 0h:0m:0s (0h:0m:0s left)
Iteration 100 / LogL: -1134.298 / Time: 0h:0m:0s (0h:0m:0s left)
TREE SEARCH COMPLETED AFTER 102 ITERATIONS / Time: 0h:0m:0s

--------------------------------------------------------------------
|                    FINALIZING TREE SEARCH                        |
--------------------------------------------------------------------
Performs final model parameters optimization
Estimate model parameters (epsilon = 0.010)
1. Initial log-likelihood: -1134.241
Optimal log-likelihood: -1134.239
Gamma shape alpha: 2.624
Parameters optimization took 1 rounds (0.002 sec)
BEST SCORE FOUND : -1134.239
Total tree length: 7.125

Total number of iterations: 102
CPU time used for tree search: 0.671 sec (0h:0m:0s)
Wall-clock time used for tree search: 0.692 sec (0h:0m:0s)
Total CPU time used: 0.703 sec (0h:0m:0s)
Total wall-clock time used: 0.739 sec (0h:0m:0s)

===> START BOOTSTRAP REPLICATE NUMBER 62

Creating bootstrap alignment (seed: 933870)...

Create initial parsimony tree by phylogenetic likelihood library (PLL)... 0.000 seconds

NOTE: 0 MB RAM (0 GB) is required!
Estimate model parameters (epsilon = 0.100)
1. Initial log-likelihood: -1214.084
2. Current log-likelihood: -1184.518
3. Current log-likelihood: -1184.180
Optimal log-likelihood: -1184.163
Gamma shape alpha: 1.440
Parameters optimization took 3 rounds (0.008 sec)
Computing ML distances based on estimated model parameters... 0.009 sec
Computing BIONJ tree...
0.007 seconds
Log-likelihood of BIONJ tree: -1184.808
--------------------------------------------------------------------
|             INITIALIZING CANDIDATE TREE SET                      |
--------------------------------------------------------------------
Generating 98 parsimony trees... 0.014 second
Computing log-likelihood of 43 initial trees ... 0.045 seconds
Current best score: -1183.576

Do NNI search on 20 best initial trees
Estimate model parameters (epsilon = 0.100)
BETTER TREE FOUND at iteration 1: -1183.471
UPDATE BEST LOG-LIKELIHOOD: -1183.471
UPDATE BEST LOG-LIKELIHOOD: -1183.471
BETTER TREE FOUND at iteration 5: -1183.471
Iteration 10 / LogL: -1183.471 / Time: 0h:0m:0s
Iteration 20 / LogL: -1183.471 / Time: 0h:0m:0s
Finish initializing candidate tree set (6)
Current best tree score: -1183.471 / CPU time: 0.207
Number of iterations: 20
--------------------------------------------------------------------
|               OPTIMIZING CANDIDATE TREE SET                      |
--------------------------------------------------------------------
WARNING: NNI search needs unusual large number of steps (7) to converge!
UPDATE BEST LOG-LIKELIHOOD: -1183.471
WARNING: NNI search needs unusual large number of steps (7) to converge!
Iteration 30 / LogL: -1183.471 / Time: 0h:0m:0s (0h:0m:0s left)
Iteration 40 / LogL: -1184.333 / Time: 0h:0m:0s (0h:0m:0s left)
UPDATE BEST LOG-LIKELIHOOD: -1183.471
UPDATE BEST LOG-LIKELIHOOD: -1183.471
UPDATE BEST LOG-LIKELIHOOD: -1183.471
Iteration 50 / LogL: -1183.471 / Time: 0h:0m:0s (0h:0m:0s left)
UPDATE BEST LOG-LIKELIHOOD: -1183.471
Iteration 60 / LogL: -1183.471 / Time: 0h:0m:0s (0h:0m:0s left)
WARNING: NNI search needs unusual large number of steps (7) to converge!
UPDATE BEST LOG-LIKELIHOOD: -1183.471
Iteration 70 / LogL: -1184.116 / Time: 0h:0m:0s (0h:0m:0s left)
Iteration 80 / LogL: -1185.463 / Time: 0h:0m:0s (0h:0m:0s left)
Iteration 90 / LogL: -1184.116 / Time: 0h:0m:0s (0h:0m:0s left)
Iteration 100 / LogL: -1184.116 / Time: 0h:0m:0s (0h:0m:0s left)
TREE SEARCH COMPLETED AFTER 106 ITERATIONS / Time: 0h:0m:0s

--------------------------------------------------------------------
|                    FINALIZING TREE SEARCH                        |
--------------------------------------------------------------------
Performs final model parameters optimization
Estimate model parameters (epsilon = 0.010)
1. Initial log-likelihood: -1183.471
Optimal log-likelihood: -1183.463
Gamma shape alpha: 1.601
Parameters optimization took 1 rounds (0.003 sec)
BEST SCORE FOUND : -1183.463
Total tree length: 8.145

Total number of iterations: 106
CPU time used for tree search: 0.846 sec (0h:0m:0s)
Wall-clock time used for tree search: 0.892 sec (0h:0m:0s)
Total CPU time used: 0.875 sec (0h:0m:0s)
Total wall-clock time used: 0.936 sec (0h:0m:0s)

===> START BOOTSTRAP REPLICATE NUMBER 63

Creating bootstrap alignment (seed: 933871)...

Create initial parsimony tree by phylogenetic likelihood library (PLL)... 0.000 seconds

NOTE: 0 MB RAM (0 GB) is required!
Estimate model parameters (epsilon = 0.100)
1. Initial log-likelihood: -1162.347
2. Current log-likelihood: -1136.479
3. Current log-likelihood: -1135.938
4. Current log-likelihood: -1135.742
Optimal log-likelihood: -1135.663
Gamma shape alpha: 0.973
Parameters optimization took 4 rounds (0.009 sec)
Computing ML distances based on estimated model parameters... 0.010 sec
Computing BIONJ tree...
0.007 seconds
Log-likelihood of BIONJ tree: -1135.318
--------------------------------------------------------------------
|             INITIALIZING CANDIDATE TREE SET                      |
--------------------------------------------------------------------
Generating 98 parsimony trees... 0.016 second
Computing log-likelihood of 41 initial trees ... 0.042 seconds
Current best score: -1135.318

Do NNI search on 20 best initial trees
Estimate model parameters (epsilon = 0.100)
BETTER TREE FOUND at iteration 1: -1135.315
UPDATE BEST LOG-LIKELIHOOD: -1135.315
BETTER TREE FOUND at iteration 4: -1135.315
WARNING: NNI search needs unusual large number of steps (7) to converge!
WARNING: NNI search needs unusual large number of steps (7) to converge!
Iteration 10 / LogL: -1135.798 / Time: 0h:0m:0s
WARNING: NNI search needs unusual large number of steps (7) to converge!
WARNING: NNI search needs unusual large number of steps (7) to converge!
Iteration 20 / LogL: -1135.315 / Time: 0h:0m:0s
Finish initializing candidate tree set (5)
Current best tree score: -1135.315 / CPU time: 0.236
Number of iterations: 20
--------------------------------------------------------------------
|               OPTIMIZING CANDIDATE TREE SET                      |
--------------------------------------------------------------------
WARNING: NNI search needs unusual large number of steps (7) to converge!
WARNING: NNI search needs unusual large number of steps (7) to converge!
Iteration 30 / LogL: -1135.789 / Time: 0h:0m:0s (0h:0m:0s left)
UPDATE BEST LOG-LIKELIHOOD: -1135.315
Iteration 40 / LogL: -1135.315 / Time: 0h:0m:0s (0h:0m:0s left)
Iteration 50 / LogL: -1135.315 / Time: 0h:0m:0s (0h:0m:0s left)
UPDATE BEST LOG-LIKELIHOOD: -1135.315
UPDATE BEST LOG-LIKELIHOOD: -1135.315
Iteration 60 / LogL: -1135.315 / Time: 0h:0m:0s (0h:0m:0s left)
Iteration 70 / LogL: -1135.320 / Time: 0h:0m:0s (0h:0m:0s left)
Iteration 80 / LogL: -1135.316 / Time: 0h:0m:0s (0h:0m:0s left)
UPDATE BEST LOG-LIKELIHOOD: -1135.315
WARNING: NNI search needs unusual large number of steps (7) to converge!
UPDATE BEST LOG-LIKELIHOOD: -1135.315
Iteration 90 / LogL: -1135.315 / Time: 0h:0m:0s (0h:0m:0s left)
WARNING: NNI search needs unusual large number of steps (7) to converge!
UPDATE BEST LOG-LIKELIHOOD: -1135.315
Iteration 100 / LogL: -1135.315 / Time: 0h:0m:0s (0h:0m:0s left)
TREE SEARCH COMPLETED AFTER 105 ITERATIONS / Time: 0h:0m:0s

--------------------------------------------------------------------
|                    FINALIZING TREE SEARCH                        |
--------------------------------------------------------------------
Performs final model parameters optimization
Estimate model parameters (epsilon = 0.010)
1. Initial log-likelihood: -1135.315
Optimal log-likelihood: -1135.315
Gamma shape alpha: 0.989
Parameters optimization took 1 rounds (0.002 sec)
BEST SCORE FOUND : -1135.315
Total tree length: 10.364

Total number of iterations: 105
CPU time used for tree search: 0.852 sec (0h:0m:0s)
Wall-clock time used for tree search: 0.882 sec (0h:0m:0s)
Total CPU time used: 0.881 sec (0h:0m:0s)
Total wall-clock time used: 0.925 sec (0h:0m:0s)

===> START BOOTSTRAP REPLICATE NUMBER 64

Creating bootstrap alignment (seed: 933872)...

Create initial parsimony tree by phylogenetic likelihood library (PLL)... 0.000 seconds

NOTE: 0 MB RAM (0 GB) is required!
Estimate model parameters (epsilon = 0.100)
1. Initial log-likelihood: -1097.740
2. Current log-likelihood: -1078.116
Optimal log-likelihood: -1077.947
Gamma shape alpha: 1.012
Parameters optimization took 2 rounds (0.003 sec)
Computing ML distances based on estimated model parameters... 0.010 sec
Computing BIONJ tree...
0.007 seconds
Log-likelihood of BIONJ tree: -1075.696
--------------------------------------------------------------------
|             INITIALIZING CANDIDATE TREE SET                      |
--------------------------------------------------------------------
Generating 98 parsimony trees... 0.014 second
Computing log-likelihood of 55 initial trees ... 0.059 seconds
Current best score: -1075.696

Do NNI search on 20 best initial trees
Estimate model parameters (epsilon = 0.100)
BETTER TREE FOUND at iteration 1: -1075.685
Iteration 10 / LogL: -1076.063 / Time: 0h:0m:0s
Iteration 20 / LogL: -1075.891 / Time: 0h:0m:0s
Finish initializing candidate tree set (1)
Current best tree score: -1075.685 / CPU time: 0.203
Number of iterations: 20
--------------------------------------------------------------------
|               OPTIMIZING CANDIDATE TREE SET                      |
--------------------------------------------------------------------
UPDATE BEST LOG-LIKELIHOOD: -1075.685
UPDATE BEST LOG-LIKELIHOOD: -1075.685
Iteration 30 / LogL: -1075.685 / Time: 0h:0m:0s (0h:0m:0s left)
Iteration 40 / LogL: -1075.930 / Time: 0h:0m:0s (0h:0m:0s left)
Iteration 50 / LogL: -1075.685 / Time: 0h:0m:0s (0h:0m:0s left)
UPDATE BEST LOG-LIKELIHOOD: -1075.685
Iteration 60 / LogL: -1076.118 / Time: 0h:0m:0s (0h:0m:0s left)
Iteration 70 / LogL: -1075.916 / Time: 0h:0m:0s (0h:0m:0s left)
Iteration 80 / LogL: -1075.831 / Time: 0h:0m:0s (0h:0m:0s left)
Iteration 90 / LogL: -1075.694 / Time: 0h:0m:0s (0h:0m:0s left)
Iteration 100 / LogL: -1075.706 / Time: 0h:0m:0s (0h:0m:0s left)
TREE SEARCH COMPLETED AFTER 102 ITERATIONS / Time: 0h:0m:0s

--------------------------------------------------------------------
|                    FINALIZING TREE SEARCH                        |
--------------------------------------------------------------------
Performs final model parameters optimization
Estimate model parameters (epsilon = 0.010)
1. Initial log-likelihood: -1075.685
Optimal log-likelihood: -1075.684
Gamma shape alpha: 1.051
Parameters optimization took 1 rounds (0.002 sec)
BEST SCORE FOUND : -1075.684
Total tree length: 8.168

Total number of iterations: 102
CPU time used for tree search: 0.618 sec (0h:0m:0s)
Wall-clock time used for tree search: 0.636 sec (0h:0m:0s)
Total CPU time used: 0.640 sec (0h:0m:0s)
Total wall-clock time used: 0.673 sec (0h:0m:0s)

===> START BOOTSTRAP REPLICATE NUMBER 65

Creating bootstrap alignment (seed: 933873)...
WARNING: States(s) W rarely appear in alignment and may cause numerical problems

Create initial parsimony tree by phylogenetic likelihood library (PLL)... 0.000 seconds

NOTE: 0 MB RAM (0 GB) is required!
Estimate model parameters (epsilon = 0.100)
1. Initial log-likelihood: -1243.669
2. Current log-likelihood: -1210.198
3. Current log-likelihood: -1209.720
Optimal log-likelihood: -1209.700
Gamma shape alpha: 1.228
Parameters optimization took 3 rounds (0.009 sec)
Computing ML distances based on estimated model parameters... 0.010 sec
Computing BIONJ tree...
0.007 seconds
Log-likelihood of BIONJ tree: -1202.983
--------------------------------------------------------------------
|             INITIALIZING CANDIDATE TREE SET                      |
--------------------------------------------------------------------
Generating 98 parsimony trees... 0.015 second
Computing log-likelihood of 52 initial trees ... 0.054 seconds
Current best score: -1200.253

Do NNI search on 20 best initial trees
Estimate model parameters (epsilon = 0.100)
BETTER TREE FOUND at iteration 1: -1199.683
Iteration 10 / LogL: -1199.698 / Time: 0h:0m:0s
Iteration 20 / LogL: -1199.714 / Time: 0h:0m:0s
Finish initializing candidate tree set (2)
Current best tree score: -1199.683 / CPU time: 0.234
Number of iterations: 20
--------------------------------------------------------------------
|               OPTIMIZING CANDIDATE TREE SET                      |
--------------------------------------------------------------------
WARNING: NNI search needs unusual large number of steps (7) to converge!
Iteration 30 / LogL: -1199.722 / Time: 0h:0m:0s (0h:0m:0s left)
Iteration 40 / LogL: -1199.705 / Time: 0h:0m:0s (0h:0m:0s left)
Iteration 50 / LogL: -1199.700 / Time: 0h:0m:0s (0h:0m:0s left)
Iteration 60 / LogL: -1199.732 / Time: 0h:0m:0s (0h:0m:0s left)
Iteration 70 / LogL: -1199.728 / Time: 0h:0m:0s (0h:0m:0s left)
UPDATE BEST LOG-LIKELIHOOD: -1199.675
Iteration 80 / LogL: -1199.700 / Time: 0h:0m:0s (0h:0m:0s left)
UPDATE BEST LOG-LIKELIHOOD: -1199.673
UPDATE BEST LOG-LIKELIHOOD: -1199.673
Iteration 90 / LogL: -1199.719 / Time: 0h:0m:0s (0h:0m:0s left)
UPDATE BEST LOG-LIKELIHOOD: -1199.672
Iteration 100 / LogL: -1200.410 / Time: 0h:0m:0s (0h:0m:0s left)
UPDATE BEST LOG-LIKELIHOOD: -1199.672
TREE SEARCH COMPLETED AFTER 102 ITERATIONS / Time: 0h:0m:0s

--------------------------------------------------------------------
|                    FINALIZING TREE SEARCH                        |
--------------------------------------------------------------------
Performs final model parameters optimization
Estimate model parameters (epsilon = 0.010)
1. Initial log-likelihood: -1199.672
Optimal log-likelihood: -1199.659
Gamma shape alpha: 1.478
Parameters optimization took 1 rounds (0.003 sec)
BEST SCORE FOUND : -1199.659
Total tree length: 9.054

Total number of iterations: 102
CPU time used for tree search: 0.756 sec (0h:0m:0s)
Wall-clock time used for tree search: 0.782 sec (0h:0m:0s)
Total CPU time used: 0.788 sec (0h:0m:0s)
Total wall-clock time used: 0.828 sec (0h:0m:0s)

===> START BOOTSTRAP REPLICATE NUMBER 66

Creating bootstrap alignment (seed: 933874)...

Create initial parsimony tree by phylogenetic likelihood library (PLL)... 0.000 seconds

NOTE: 0 MB RAM (0 GB) is required!
Estimate model parameters (epsilon = 0.100)
1. Initial log-likelihood: -1189.339
2. Current log-likelihood: -1159.238
3. Current log-likelihood: -1157.728
4. Current log-likelihood: -1157.609
Optimal log-likelihood: -1157.579
Gamma shape alpha: 2.739
Parameters optimization took 4 rounds (0.013 sec)
Computing ML distances based on estimated model parameters... 0.009 sec
Computing BIONJ tree...
0.007 seconds
Log-likelihood of BIONJ tree: -1157.480
--------------------------------------------------------------------
|             INITIALIZING CANDIDATE TREE SET                      |
--------------------------------------------------------------------
Generating 98 parsimony trees... 0.014 second
Computing log-likelihood of 50 initial trees ... 0.054 seconds
Current best score: -1157.480

Do NNI search on 20 best initial trees
Estimate model parameters (epsilon = 0.100)
BETTER TREE FOUND at iteration 1: -1157.478
Iteration 10 / LogL: -1157.493 / Time: 0h:0m:0s
Iteration 20 / LogL: -1158.154 / Time: 0h:0m:0s
Finish initializing candidate tree set (1)
Current best tree score: -1157.478 / CPU time: 0.177
Number of iterations: 20
--------------------------------------------------------------------
|               OPTIMIZING CANDIDATE TREE SET                      |
--------------------------------------------------------------------
Iteration 30 / LogL: -1157.806 / Time: 0h:0m:0s (0h:0m:0s left)
Iteration 40 / LogL: -1157.494 / Time: 0h:0m:0s (0h:0m:0s left)
UPDATE BEST LOG-LIKELIHOOD: -1157.478
Iteration 50 / LogL: -1157.491 / Time: 0h:0m:0s (0h:0m:0s left)
Iteration 60 / LogL: -1157.522 / Time: 0h:0m:0s (0h:0m:0s left)
UPDATE BEST LOG-LIKELIHOOD: -1157.478
Iteration 70 / LogL: -1157.794 / Time: 0h:0m:0s (0h:0m:0s left)
Iteration 80 / LogL: -1157.501 / Time: 0h:0m:0s (0h:0m:0s left)
UPDATE BEST LOG-LIKELIHOOD: -1157.478
Iteration 90 / LogL: -1157.478 / Time: 0h:0m:0s (0h:0m:0s left)
UPDATE BEST LOG-LIKELIHOOD: -1157.478
Iteration 100 / LogL: -1157.655 / Time: 0h:0m:0s (0h:0m:0s left)
TREE SEARCH COMPLETED AFTER 102 ITERATIONS / Time: 0h:0m:0s

--------------------------------------------------------------------
|                    FINALIZING TREE SEARCH                        |
--------------------------------------------------------------------
Performs final model parameters optimization
Estimate model parameters (epsilon = 0.010)
1. Initial log-likelihood: -1157.478
Optimal log-likelihood: -1157.477
Gamma shape alpha: 2.662
Parameters optimization took 1 rounds (0.002 sec)
BEST SCORE FOUND : -1157.477
Total tree length: 6.873

Total number of iterations: 102
CPU time used for tree search: 0.611 sec (0h:0m:0s)
Wall-clock time used for tree search: 0.633 sec (0h:0m:0s)
Total CPU time used: 0.643 sec (0h:0m:0s)
Total wall-clock time used: 0.679 sec (0h:0m:0s)

===> START BOOTSTRAP REPLICATE NUMBER 67

Creating bootstrap alignment (seed: 933875)...

Create initial parsimony tree by phylogenetic likelihood library (PLL)... 0.000 seconds

NOTE: 0 MB RAM (0 GB) is required!
Estimate model parameters (epsilon = 0.100)
1. Initial log-likelihood: -1066.791
2. Current log-likelihood: -1046.403
3. Current log-likelihood: -1046.156
Optimal log-likelihood: -1046.092
Gamma shape alpha: 1.417
Parameters optimization took 3 rounds (0.009 sec)
Computing ML distances based on estimated model parameters... 0.009 sec
Computing BIONJ tree...
0.007 seconds
Log-likelihood of BIONJ tree: -1046.088
--------------------------------------------------------------------
|             INITIALIZING CANDIDATE TREE SET                      |
--------------------------------------------------------------------
Generating 99 parsimony trees... 0.014 second
Computing log-likelihood of 69 initial trees ... 0.068 seconds
Current best score: -1046.088

Do NNI search on 20 best initial trees
Estimate model parameters (epsilon = 0.100)
BETTER TREE FOUND at iteration 1: -1046.076
Iteration 10 / LogL: -1049.035 / Time: 0h:0m:0s
Iteration 20 / LogL: -1049.036 / Time: 0h:0m:0s
Finish initializing candidate tree set (3)
Current best tree score: -1046.076 / CPU time: 0.184
Number of iterations: 20
--------------------------------------------------------------------
|               OPTIMIZING CANDIDATE TREE SET                      |
--------------------------------------------------------------------
Iteration 30 / LogL: -1046.187 / Time: 0h:0m:0s (0h:0m:0s left)
Iteration 40 / LogL: -1049.089 / Time: 0h:0m:0s (0h:0m:0s left)
Iteration 50 / LogL: -1046.076 / Time: 0h:0m:0s (0h:0m:0s left)
Iteration 60 / LogL: -1048.719 / Time: 0h:0m:0s (0h:0m:0s left)
Iteration 70 / LogL: -1048.629 / Time: 0h:0m:0s (0h:0m:0s left)
UPDATE BEST LOG-LIKELIHOOD: -1046.075
Iteration 80 / LogL: -1048.836 / Time: 0h:0m:0s (0h:0m:0s left)
Iteration 90 / LogL: -1046.136 / Time: 0h:0m:0s (0h:0m:0s left)
Iteration 100 / LogL: -1048.938 / Time: 0h:0m:0s (0h:0m:0s left)
TREE SEARCH COMPLETED AFTER 102 ITERATIONS / Time: 0h:0m:0s

--------------------------------------------------------------------
|                    FINALIZING TREE SEARCH                        |
--------------------------------------------------------------------
Performs final model parameters optimization
Estimate model parameters (epsilon = 0.010)
1. Initial log-likelihood: -1046.075
Optimal log-likelihood: -1046.072
Gamma shape alpha: 1.492
Parameters optimization took 1 rounds (0.002 sec)
BEST SCORE FOUND : -1046.072
Total tree length: 7.046

Total number of iterations: 102
CPU time used for tree search: 0.616 sec (0h:0m:0s)
Wall-clock time used for tree search: 0.629 sec (0h:0m:0s)
Total CPU time used: 0.644 sec (0h:0m:0s)
Total wall-clock time used: 0.671 sec (0h:0m:0s)

===> START BOOTSTRAP REPLICATE NUMBER 68

Creating bootstrap alignment (seed: 933876)...

Create initial parsimony tree by phylogenetic likelihood library (PLL)... 0.000 seconds

NOTE: 0 MB RAM (0 GB) is required!
Estimate model parameters (epsilon = 0.100)
1. Initial log-likelihood: -1148.828
2. Current log-likelihood: -1120.130
3. Current log-likelihood: -1119.441
Optimal log-likelihood: -1119.367
Gamma shape alpha: 1.548
Parameters optimization took 3 rounds (0.009 sec)
Computing ML distances based on estimated model parameters... 0.011 sec
Computing BIONJ tree...
0.007 seconds
Log-likelihood of BIONJ tree: -1116.741
--------------------------------------------------------------------
|             INITIALIZING CANDIDATE TREE SET                      |
--------------------------------------------------------------------
Generating 98 parsimony trees... 0.015 second
Computing log-likelihood of 53 initial trees ... 0.052 seconds
Current best score: -1116.741

Do NNI search on 20 best initial trees
Estimate model parameters (epsilon = 0.100)
BETTER TREE FOUND at iteration 1: -1116.732
Iteration 10 / LogL: -1116.766 / Time: 0h:0m:0s
Iteration 20 / LogL: -1117.039 / Time: 0h:0m:0s
Finish initializing candidate tree set (1)
Current best tree score: -1116.732 / CPU time: 0.189
Number of iterations: 20
--------------------------------------------------------------------
|               OPTIMIZING CANDIDATE TREE SET                      |
--------------------------------------------------------------------
UPDATE BEST LOG-LIKELIHOOD: -1116.732
Iteration 30 / LogL: -1116.765 / Time: 0h:0m:0s (0h:0m:0s left)
UPDATE BEST LOG-LIKELIHOOD: -1116.732
UPDATE BEST LOG-LIKELIHOOD: -1116.732
Iteration 40 / LogL: -1116.732 / Time: 0h:0m:0s (0h:0m:0s left)
UPDATE BEST LOG-LIKELIHOOD: -1116.732
Iteration 50 / LogL: -1117.656 / Time: 0h:0m:0s (0h:0m:0s left)
Iteration 60 / LogL: -1116.732 / Time: 0h:0m:0s (0h:0m:0s left)
UPDATE BEST LOG-LIKELIHOOD: -1116.732
UPDATE BEST LOG-LIKELIHOOD: -1116.732
Iteration 70 / LogL: -1116.732 / Time: 0h:0m:0s (0h:0m:0s left)
UPDATE BEST LOG-LIKELIHOOD: -1116.732
Iteration 80 / LogL: -1116.927 / Time: 0h:0m:0s (0h:0m:0s left)
Iteration 90 / LogL: -1116.750 / Time: 0h:0m:0s (0h:0m:0s left)
UPDATE BEST LOG-LIKELIHOOD: -1116.732
Iteration 100 / LogL: -1117.481 / Time: 0h:0m:0s (0h:0m:0s left)
TREE SEARCH COMPLETED AFTER 102 ITERATIONS / Time: 0h:0m:0s

--------------------------------------------------------------------
|                    FINALIZING TREE SEARCH                        |
--------------------------------------------------------------------
Performs final model parameters optimization
Estimate model parameters (epsilon = 0.010)
1. Initial log-likelihood: -1116.732
Optimal log-likelihood: -1116.731
Gamma shape alpha: 1.479
Parameters optimization took 1 rounds (0.002 sec)
BEST SCORE FOUND : -1116.731
Total tree length: 7.773

Total number of iterations: 102
CPU time used for tree search: 0.627 sec (0h:0m:0s)
Wall-clock time used for tree search: 0.662 sec (0h:0m:0s)
Total CPU time used: 0.656 sec (0h:0m:0s)
Total wall-clock time used: 0.706 sec (0h:0m:0s)

===> START BOOTSTRAP REPLICATE NUMBER 69

Creating bootstrap alignment (seed: 933877)...
WARNING: States(s) W rarely appear in alignment and may cause numerical problems

Create initial parsimony tree by phylogenetic likelihood library (PLL)... 0.000 seconds

NOTE: 0 MB RAM (0 GB) is required!
Estimate model parameters (epsilon = 0.100)
1. Initial log-likelihood: -1286.777
2. Current log-likelihood: -1248.973
3. Current log-likelihood: -1247.904
4. Current log-likelihood: -1247.742
Optimal log-likelihood: -1247.705
Gamma shape alpha: 1.930
Parameters optimization took 4 rounds (0.013 sec)
Computing ML distances based on estimated model parameters... 0.010 sec
Computing BIONJ tree...
0.007 seconds
Log-likelihood of BIONJ tree: -1246.278
--------------------------------------------------------------------
|             INITIALIZING CANDIDATE TREE SET                      |
--------------------------------------------------------------------
Generating 98 parsimony trees... 0.015 second
Computing log-likelihood of 34 initial trees ... 0.035 seconds
Current best score: -1246.278

Do NNI search on 20 best initial trees
Estimate model parameters (epsilon = 0.100)
BETTER TREE FOUND at iteration 1: -1246.238
Iteration 10 / LogL: -1246.286 / Time: 0h:0m:0s
Iteration 20 / LogL: -1246.316 / Time: 0h:0m:0s
Finish initializing candidate tree set (1)
Current best tree score: -1246.238 / CPU time: 0.184
Number of iterations: 20
--------------------------------------------------------------------
|               OPTIMIZING CANDIDATE TREE SET                      |
--------------------------------------------------------------------
UPDATE BEST LOG-LIKELIHOOD: -1246.237
Iteration 30 / LogL: -1246.294 / Time: 0h:0m:0s (0h:0m:0s left)
Iteration 40 / LogL: -1246.248 / Time: 0h:0m:0s (0h:0m:0s left)
Iteration 50 / LogL: -1246.237 / Time: 0h:0m:0s (0h:0m:0s left)
Iteration 60 / LogL: -1246.270 / Time: 0h:0m:0s (0h:0m:0s left)
Iteration 70 / LogL: -1247.395 / Time: 0h:0m:0s (0h:0m:0s left)
UPDATE BEST LOG-LIKELIHOOD: -1246.237
Iteration 80 / LogL: -1246.285 / Time: 0h:0m:0s (0h:0m:0s left)
Iteration 90 / LogL: -1246.265 / Time: 0h:0m:0s (0h:0m:0s left)
Iteration 100 / LogL: -1246.252 / Time: 0h:0m:0s (0h:0m:0s left)
TREE SEARCH COMPLETED AFTER 102 ITERATIONS / Time: 0h:0m:0s

--------------------------------------------------------------------
|                    FINALIZING TREE SEARCH                        |
--------------------------------------------------------------------
Performs final model parameters optimization
Estimate model parameters (epsilon = 0.010)
1. Initial log-likelihood: -1246.237
Optimal log-likelihood: -1246.230
Gamma shape alpha: 2.127
Parameters optimization took 1 rounds (0.003 sec)
BEST SCORE FOUND : -1246.230
Total tree length: 8.035

Total number of iterations: 102
CPU time used for tree search: 0.589 sec (0h:0m:0s)
Wall-clock time used for tree search: 0.603 sec (0h:0m:0s)
Total CPU time used: 0.623 sec (0h:0m:0s)
Total wall-clock time used: 0.652 sec (0h:0m:0s)

===> START BOOTSTRAP REPLICATE NUMBER 70

Creating bootstrap alignment (seed: 933878)...

Create initial parsimony tree by phylogenetic likelihood library (PLL)... 0.000 seconds

NOTE: 0 MB RAM (0 GB) is required!
Estimate model parameters (epsilon = 0.100)
1. Initial log-likelihood: -1112.673
2. Current log-likelihood: -1083.407
3. Current log-likelihood: -1083.034
Optimal log-likelihood: -1082.958
Gamma shape alpha: 1.761
Parameters optimization took 3 rounds (0.010 sec)
Computing ML distances based on estimated model parameters... 0.009 sec
Computing BIONJ tree...
0.007 seconds
Log-likelihood of BIONJ tree: -1084.173
--------------------------------------------------------------------
|             INITIALIZING CANDIDATE TREE SET                      |
--------------------------------------------------------------------
Generating 98 parsimony trees... 0.014 second
Computing log-likelihood of 63 initial trees ... 0.067 seconds
Current best score: -1082.958

Do NNI search on 20 best initial trees
Estimate model parameters (epsilon = 0.100)
BETTER TREE FOUND at iteration 1: -1082.949
Iteration 10 / LogL: -1083.375 / Time: 0h:0m:0s
UPDATE BEST LOG-LIKELIHOOD: -1082.949
UPDATE BEST LOG-LIKELIHOOD: -1082.949
Iteration 20 / LogL: -1082.949 / Time: 0h:0m:0s
Finish initializing candidate tree set (3)
Current best tree score: -1082.949 / CPU time: 0.268
Number of iterations: 20
--------------------------------------------------------------------
|               OPTIMIZING CANDIDATE TREE SET                      |
--------------------------------------------------------------------
UPDATE BEST LOG-LIKELIHOOD: -1082.949
WARNING: NNI search needs unusual large number of steps (7) to converge!
WARNING: NNI search needs unusual large number of steps (7) to converge!
Iteration 30 / LogL: -1082.950 / Time: 0h:0m:0s (0h:0m:0s left)
WARNING: NNI search needs unusual large number of steps (7) to converge!
Iteration 40 / LogL: -1082.949 / Time: 0h:0m:0s (0h:0m:0s left)
UPDATE BEST LOG-LIKELIHOOD: -1082.949
UPDATE BEST LOG-LIKELIHOOD: -1082.949
WARNING: NNI search needs unusual large number of steps (7) to converge!
Iteration 50 / LogL: -1082.949 / Time: 0h:0m:0s (0h:0m:0s left)
Iteration 60 / LogL: -1083.480 / Time: 0h:0m:0s (0h:0m:0s left)
Iteration 70 / LogL: -1082.949 / Time: 0h:0m:0s (0h:0m:0s left)
WARNING: NNI search needs unusual large number of steps (7) to converge!
UPDATE BEST LOG-LIKELIHOOD: -1082.949
Iteration 80 / LogL: -1083.451 / Time: 0h:0m:0s (0h:0m:0s left)
UPDATE BEST LOG-LIKELIHOOD: -1082.949
Iteration 90 / LogL: -1082.949 / Time: 0h:0m:0s (0h:0m:0s left)
Iteration 100 / LogL: -1082.949 / Time: 0h:0m:0s (0h:0m:0s left)
TREE SEARCH COMPLETED AFTER 102 ITERATIONS / Time: 0h:0m:0s

--------------------------------------------------------------------
|                    FINALIZING TREE SEARCH                        |
--------------------------------------------------------------------
Performs final model parameters optimization
Estimate model parameters (epsilon = 0.010)
1. Initial log-likelihood: -1082.949
Optimal log-likelihood: -1082.949
Gamma shape alpha: 1.824
Parameters optimization took 1 rounds (0.002 sec)
BEST SCORE FOUND : -1082.949
Total tree length: 6.710

Total number of iterations: 102
CPU time used for tree search: 0.911 sec (0h:0m:0s)
Wall-clock time used for tree search: 0.939 sec (0h:0m:0s)
Total CPU time used: 0.939 sec (0h:0m:0s)
Total wall-clock time used: 0.983 sec (0h:0m:0s)

===> START BOOTSTRAP REPLICATE NUMBER 71

Creating bootstrap alignment (seed: 933879)...
WARNING: States(s) W rarely appear in alignment and may cause numerical problems

Create initial parsimony tree by phylogenetic likelihood library (PLL)... 0.000 seconds

NOTE: 0 MB RAM (0 GB) is required!
Estimate model parameters (epsilon = 0.100)
1. Initial log-likelihood: -1288.313
2. Current log-likelihood: -1254.940
3. Current log-likelihood: -1254.289
Optimal log-likelihood: -1254.175
Gamma shape alpha: 1.685
Parameters optimization took 3 rounds (0.010 sec)
Computing ML distances based on estimated model parameters... 0.009 sec
Computing BIONJ tree...
0.007 seconds
Log-likelihood of BIONJ tree: -1255.093
--------------------------------------------------------------------
|             INITIALIZING CANDIDATE TREE SET                      |
--------------------------------------------------------------------
Generating 98 parsimony trees... 0.015 second
Computing log-likelihood of 39 initial trees ... 0.041 seconds
Current best score: -1254.175

Do NNI search on 20 best initial trees
Estimate model parameters (epsilon = 0.100)
BETTER TREE FOUND at iteration 1: -1254.166
WARNING: NNI search needs unusual large number of steps (7) to converge!
Iteration 10 / LogL: -1254.178 / Time: 0h:0m:0s
Iteration 20 / LogL: -1254.188 / Time: 0h:0m:0s
Finish initializing candidate tree set (1)
Current best tree score: -1254.166 / CPU time: 0.227
Number of iterations: 20
--------------------------------------------------------------------
|               OPTIMIZING CANDIDATE TREE SET                      |
--------------------------------------------------------------------
UPDATE BEST LOG-LIKELIHOOD: -1254.166
UPDATE BEST LOG-LIKELIHOOD: -1254.166
Iteration 30 / LogL: -1254.172 / Time: 0h:0m:0s (0h:0m:0s left)
UPDATE BEST LOG-LIKELIHOOD: -1254.166
Iteration 40 / LogL: -1254.170 / Time: 0h:0m:0s (0h:0m:0s left)
UPDATE BEST LOG-LIKELIHOOD: -1254.166
Iteration 50 / LogL: -1254.168 / Time: 0h:0m:0s (0h:0m:0s left)
UPDATE BEST LOG-LIKELIHOOD: -1254.166
Iteration 60 / LogL: -1254.170 / Time: 0h:0m:0s (0h:0m:0s left)
Iteration 70 / LogL: -1254.167 / Time: 0h:0m:0s (0h:0m:0s left)
UPDATE BEST LOG-LIKELIHOOD: -1254.166
Iteration 80 / LogL: -1254.178 / Time: 0h:0m:0s (0h:0m:0s left)
UPDATE BEST LOG-LIKELIHOOD: -1254.166
WARNING: NNI search needs unusual large number of steps (7) to converge!
Iteration 90 / LogL: -1254.170 / Time: 0h:0m:0s (0h:0m:0s left)
UPDATE BEST LOG-LIKELIHOOD: -1254.166
Iteration 100 / LogL: -1254.173 / Time: 0h:0m:0s (0h:0m:0s left)
UPDATE BEST LOG-LIKELIHOOD: -1254.166
UPDATE BEST LOG-LIKELIHOOD: -1254.166
TREE SEARCH COMPLETED AFTER 102 ITERATIONS / Time: 0h:0m:0s

--------------------------------------------------------------------
|                    FINALIZING TREE SEARCH                        |
--------------------------------------------------------------------
Performs final model parameters optimization
Estimate model parameters (epsilon = 0.010)
1. Initial log-likelihood: -1254.166
Optimal log-likelihood: -1254.165
Gamma shape alpha: 1.743
Parameters optimization took 1 rounds (0.002 sec)
BEST SCORE FOUND : -1254.165
Total tree length: 8.486

Total number of iterations: 102
CPU time used for tree search: 0.892 sec (0h:0m:0s)
Wall-clock time used for tree search: 0.932 sec (0h:0m:0s)
Total CPU time used: 0.923 sec (0h:0m:0s)
Total wall-clock time used: 0.978 sec (0h:0m:0s)

===> START BOOTSTRAP REPLICATE NUMBER 72

Creating bootstrap alignment (seed: 933880)...

Create initial parsimony tree by phylogenetic likelihood library (PLL)... 0.000 seconds

NOTE: 0 MB RAM (0 GB) is required!
Estimate model parameters (epsilon = 0.100)
1. Initial log-likelihood: -1193.090
2. Current log-likelihood: -1169.956
3. Current log-likelihood: -1169.531
Optimal log-likelihood: -1169.446
Gamma shape alpha: 1.589
Parameters optimization took 3 rounds (0.009 sec)
Computing ML distances based on estimated model parameters... 0.009 sec
Computing BIONJ tree...
0.007 seconds
Log-likelihood of BIONJ tree: -1168.824
--------------------------------------------------------------------
|             INITIALIZING CANDIDATE TREE SET                      |
--------------------------------------------------------------------
Generating 98 parsimony trees... 0.015 second
Computing log-likelihood of 50 initial trees ... 0.049 seconds
Current best score: -1168.824

Do NNI search on 20 best initial trees
Estimate model parameters (epsilon = 0.100)
BETTER TREE FOUND at iteration 1: -1168.814
Iteration 10 / LogL: -1169.000 / Time: 0h:0m:0s
Iteration 20 / LogL: -1168.942 / Time: 0h:0m:0s
Finish initializing candidate tree set (1)
Current best tree score: -1168.814 / CPU time: 0.191
Number of iterations: 20
--------------------------------------------------------------------
|               OPTIMIZING CANDIDATE TREE SET                      |
--------------------------------------------------------------------
WARNING: NNI search needs unusual large number of steps (7) to converge!
Iteration 30 / LogL: -1169.182 / Time: 0h:0m:0s (0h:0m:0s left)
UPDATE BEST LOG-LIKELIHOOD: -1168.814
UPDATE BEST LOG-LIKELIHOOD: -1168.813
Iteration 40 / LogL: -1169.294 / Time: 0h:0m:0s (0h:0m:0s left)
UPDATE BEST LOG-LIKELIHOOD: -1168.813
UPDATE BEST LOG-LIKELIHOOD: -1168.813
Iteration 50 / LogL: -1168.813 / Time: 0h:0m:0s (0h:0m:0s left)
Iteration 60 / LogL: -1168.907 / Time: 0h:0m:0s (0h:0m:0s left)
WARNING: NNI search needs unusual large number of steps (7) to converge!
Iteration 70 / LogL: -1168.864 / Time: 0h:0m:0s (0h:0m:0s left)
Iteration 80 / LogL: -1170.867 / Time: 0h:0m:0s (0h:0m:0s left)
Iteration 90 / LogL: -1168.940 / Time: 0h:0m:0s (0h:0m:0s left)
WARNING: NNI search needs unusual large number of steps (7) to converge!
Iteration 100 / LogL: -1168.965 / Time: 0h:0m:0s (0h:0m:0s left)
TREE SEARCH COMPLETED AFTER 102 ITERATIONS / Time: 0h:0m:0s

--------------------------------------------------------------------
|                    FINALIZING TREE SEARCH                        |
--------------------------------------------------------------------
Performs final model parameters optimization
Estimate model parameters (epsilon = 0.010)
1. Initial log-likelihood: -1168.813
Optimal log-likelihood: -1168.812
Gamma shape alpha: 1.650
Parameters optimization took 1 rounds (0.002 sec)
BEST SCORE FOUND : -1168.812
Total tree length: 7.938

Total number of iterations: 102
CPU time used for tree search: 0.664 sec (0h:0m:0s)
Wall-clock time used for tree search: 0.686 sec (0h:0m:0s)
Total CPU time used: 0.693 sec (0h:0m:0s)
Total wall-clock time used: 0.730 sec (0h:0m:0s)

===> START BOOTSTRAP REPLICATE NUMBER 73

Creating bootstrap alignment (seed: 933881)...

Create initial parsimony tree by phylogenetic likelihood library (PLL)... 0.000 seconds

NOTE: 0 MB RAM (0 GB) is required!
Estimate model parameters (epsilon = 0.100)
1. Initial log-likelihood: -1177.994
2. Current log-likelihood: -1146.994
Optimal log-likelihood: -1146.920
Gamma shape alpha: 1.130
Parameters optimization took 2 rounds (0.005 sec)
Computing ML distances based on estimated model parameters... 0.010 sec
Computing BIONJ tree...
0.007 seconds
Log-likelihood of BIONJ tree: -1141.840
--------------------------------------------------------------------
|             INITIALIZING CANDIDATE TREE SET                      |
--------------------------------------------------------------------
Generating 98 parsimony trees... 0.016 second
Computing log-likelihood of 47 initial trees ... 0.050 seconds
Current best score: -1141.332

Do NNI search on 20 best initial trees
Estimate model parameters (epsilon = 0.100)
BETTER TREE FOUND at iteration 1: -1141.114
Estimate model parameters (epsilon = 0.100)
BETTER TREE FOUND at iteration 2: -1138.991
BETTER TREE FOUND at iteration 3: -1138.986
UPDATE BEST LOG-LIKELIHOOD: -1138.980
Iteration 10 / LogL: -1138.980 / Time: 0h:0m:0s
Estimate model parameters (epsilon = 0.100)
UPDATE BEST LOG-LIKELIHOOD: -1138.902
Estimate model parameters (epsilon = 0.100)
UPDATE BEST LOG-LIKELIHOOD: -1138.880
Iteration 20 / LogL: -1138.975 / Time: 0h:0m:0s
Finish initializing candidate tree set (4)
Current best tree score: -1138.880 / CPU time: 0.331
Number of iterations: 20
--------------------------------------------------------------------
|               OPTIMIZING CANDIDATE TREE SET                      |
--------------------------------------------------------------------
UPDATE BEST LOG-LIKELIHOOD: -1138.879
WARNING: NNI search needs unusual large number of steps (7) to converge!
UPDATE BEST LOG-LIKELIHOOD: -1138.879
Iteration 30 / LogL: -1141.574 / Time: 0h:0m:0s (0h:0m:1s left)
WARNING: NNI search needs unusual large number of steps (7) to converge!
UPDATE BEST LOG-LIKELIHOOD: -1138.879
Iteration 40 / LogL: -1141.401 / Time: 0h:0m:0s (0h:0m:0s left)
Iteration 50 / LogL: -1139.134 / Time: 0h:0m:0s (0h:0m:0s left)
UPDATE BEST LOG-LIKELIHOOD: -1138.879
UPDATE BEST LOG-LIKELIHOOD: -1138.879
Iteration 60 / LogL: -1138.879 / Time: 0h:0m:0s (0h:0m:0s left)
WARNING: NNI search needs unusual large number of steps (7) to converge!
Iteration 70 / LogL: -1141.574 / Time: 0h:0m:0s (0h:0m:0s left)
WARNING: NNI search needs unusual large number of steps (7) to converge!
UPDATE BEST LOG-LIKELIHOOD: -1138.879
UPDATE BEST LOG-LIKELIHOOD: -1138.879
Iteration 80 / LogL: -1138.879 / Time: 0h:0m:0s (0h:0m:0s left)
UPDATE BEST LOG-LIKELIHOOD: -1138.879
Iteration 90 / LogL: -1138.879 / Time: 0h:0m:1s (0h:0m:0s left)
Iteration 100 / LogL: -1138.879 / Time: 0h:0m:1s (0h:0m:0s left)
TREE SEARCH COMPLETED AFTER 104 ITERATIONS / Time: 0h:0m:1s

--------------------------------------------------------------------
|                    FINALIZING TREE SEARCH                        |
--------------------------------------------------------------------
Performs final model parameters optimization
Estimate model parameters (epsilon = 0.010)
1. Initial log-likelihood: -1138.879
Optimal log-likelihood: -1138.876
Gamma shape alpha: 0.984
Parameters optimization took 1 rounds (0.002 sec)
BEST SCORE FOUND : -1138.876
Total tree length: 10.384

Total number of iterations: 104
CPU time used for tree search: 1.074 sec (0h:0m:1s)
Wall-clock time used for tree search: 1.111 sec (0h:0m:1s)
Total CPU time used: 1.100 sec (0h:0m:1s)
Total wall-clock time used: 1.152 sec (0h:0m:1s)

===> START BOOTSTRAP REPLICATE NUMBER 74

Creating bootstrap alignment (seed: 933882)...

Create initial parsimony tree by phylogenetic likelihood library (PLL)... 0.000 seconds

NOTE: 0 MB RAM (0 GB) is required!
Estimate model parameters (epsilon = 0.100)
1. Initial log-likelihood: -1034.379
2. Current log-likelihood: -1009.053
3. Current log-likelihood: -1008.408
Optimal log-likelihood: -1008.328
Gamma shape alpha: 1.899
Parameters optimization took 3 rounds (0.010 sec)
Computing ML distances based on estimated model parameters... 0.009 sec
Computing BIONJ tree...
0.007 seconds
Log-likelihood of BIONJ tree: -1009.190
--------------------------------------------------------------------
|             INITIALIZING CANDIDATE TREE SET                      |
--------------------------------------------------------------------
Generating 98 parsimony trees... 0.015 second
Computing log-likelihood of 48 initial trees ... 0.049 seconds
Current best score: -1003.492

Do NNI search on 20 best initial trees
Estimate model parameters (epsilon = 0.100)
BETTER TREE FOUND at iteration 1: -1002.798
WARNING: NNI search needs unusual large number of steps (7) to converge!
UPDATE BEST LOG-LIKELIHOOD: -1002.798
Iteration 10 / LogL: -1007.589 / Time: 0h:0m:0s
UPDATE BEST LOG-LIKELIHOOD: -1002.798
UPDATE BEST LOG-LIKELIHOOD: -1002.798
Iteration 20 / LogL: -1007.532 / Time: 0h:0m:0s
Finish initializing candidate tree set (5)
Current best tree score: -1002.798 / CPU time: 0.236
Number of iterations: 20
--------------------------------------------------------------------
|               OPTIMIZING CANDIDATE TREE SET                      |
--------------------------------------------------------------------
Iteration 30 / LogL: -1002.809 / Time: 0h:0m:0s (0h:0m:0s left)
UPDATE BEST LOG-LIKELIHOOD: -1002.798
UPDATE BEST LOG-LIKELIHOOD: -1002.798
WARNING: NNI search needs unusual large number of steps (7) to converge!
WARNING: NNI search needs unusual large number of steps (7) to converge!
UPDATE BEST LOG-LIKELIHOOD: -1002.798
UPDATE BEST LOG-LIKELIHOOD: -1002.798
Iteration 40 / LogL: -1002.798 / Time: 0h:0m:0s (0h:0m:0s left)
WARNING: NNI search needs unusual large number of steps (7) to converge!
UPDATE BEST LOG-LIKELIHOOD: -1002.798
Iteration 50 / LogL: -1002.801 / Time: 0h:0m:0s (0h:0m:0s left)
UPDATE BEST LOG-LIKELIHOOD: -1002.798
Iteration 60 / LogL: -1007.541 / Time: 0h:0m:0s (0h:0m:0s left)
Iteration 70 / LogL: -1007.513 / Time: 0h:0m:0s (0h:0m:0s left)
UPDATE BEST LOG-LIKELIHOOD: -1002.798
WARNING: NNI search needs unusual large number of steps (7) to converge!
Iteration 80 / LogL: -1002.798 / Time: 0h:0m:0s (0h:0m:0s left)
WARNING: NNI search needs unusual large number of steps (7) to converge!
Iteration 90 / LogL: -1007.633 / Time: 0h:0m:0s (0h:0m:0s left)
Iteration 100 / LogL: -1007.452 / Time: 0h:0m:1s (0h:0m:0s left)
TREE SEARCH COMPLETED AFTER 102 ITERATIONS / Time: 0h:0m:1s

--------------------------------------------------------------------
|                    FINALIZING TREE SEARCH                        |
--------------------------------------------------------------------
Performs final model parameters optimization
Estimate model parameters (epsilon = 0.010)
1. Initial log-likelihood: -1002.798
Optimal log-likelihood: -1002.797
Gamma shape alpha: 1.781
Parameters optimization took 1 rounds (0.002 sec)
BEST SCORE FOUND : -1002.797
Total tree length: 6.460

Total number of iterations: 102
CPU time used for tree search: 0.950 sec (0h:0m:0s)
Wall-clock time used for tree search: 0.986 sec (0h:0m:0s)
Total CPU time used: 0.981 sec (0h:0m:0s)
Total wall-clock time used: 1.031 sec (0h:0m:1s)

===> START BOOTSTRAP REPLICATE NUMBER 75

Creating bootstrap alignment (seed: 933883)...

Create initial parsimony tree by phylogenetic likelihood library (PLL)... 0.000 seconds

NOTE: 0 MB RAM (0 GB) is required!
Estimate model parameters (epsilon = 0.100)
1. Initial log-likelihood: -1278.121
2. Current log-likelihood: -1238.928
3. Current log-likelihood: -1237.911
4. Current log-likelihood: -1237.628
Optimal log-likelihood: -1237.522
Gamma shape alpha: 2.065
Parameters optimization took 4 rounds (0.013 sec)
Computing ML distances based on estimated model parameters... 0.009 sec
Computing BIONJ tree...
0.009 seconds
Log-likelihood of BIONJ tree: -1234.122
--------------------------------------------------------------------
|             INITIALIZING CANDIDATE TREE SET                      |
--------------------------------------------------------------------
Generating 98 parsimony trees... 0.015 second
Computing log-likelihood of 41 initial trees ... 0.044 seconds
Current best score: -1234.122

Do NNI search on 20 best initial trees
Estimate model parameters (epsilon = 0.100)
BETTER TREE FOUND at iteration 1: -1234.105
Estimate model parameters (epsilon = 0.100)
BETTER TREE FOUND at iteration 7: -1233.750
Iteration 10 / LogL: -1234.214 / Time: 0h:0m:0s
WARNING: NNI search needs unusual large number of steps (7) to converge!
Iteration 20 / LogL: -1233.781 / Time: 0h:0m:0s
Finish initializing candidate tree set (8)
Current best tree score: -1233.750 / CPU time: 0.262
Number of iterations: 20
--------------------------------------------------------------------
|               OPTIMIZING CANDIDATE TREE SET                      |
--------------------------------------------------------------------
UPDATE BEST LOG-LIKELIHOOD: -1233.744
UPDATE BEST LOG-LIKELIHOOD: -1233.744
Iteration 30 / LogL: -1233.780 / Time: 0h:0m:0s (0h:0m:1s left)
WARNING: NNI search needs unusual large number of steps (7) to converge!
WARNING: NNI search needs unusual large number of steps (7) to converge!
UPDATE BEST LOG-LIKELIHOOD: -1233.743
Iteration 40 / LogL: -1233.743 / Time: 0h:0m:0s (0h:0m:0s left)
UPDATE BEST LOG-LIKELIHOOD: -1233.743
Iteration 50 / LogL: -1233.756 / Time: 0h:0m:0s (0h:0m:0s left)
UPDATE BEST LOG-LIKELIHOOD: -1233.743
Iteration 60 / LogL: -1234.003 / Time: 0h:0m:0s (0h:0m:0s left)
WARNING: NNI search needs unusual large number of steps (7) to converge!
Iteration 70 / LogL: -1234.330 / Time: 0h:0m:0s (0h:0m:0s left)
WARNING: NNI search needs unusual large number of steps (7) to converge!
Iteration 80 / LogL: -1233.743 / Time: 0h:0m:0s (0h:0m:0s left)
WARNING: NNI search needs unusual large number of steps (7) to converge!
Iteration 90 / LogL: -1233.757 / Time: 0h:0m:0s (0h:0m:0s left)
Iteration 100 / LogL: -1233.758 / Time: 0h:0m:0s (0h:0m:0s left)
WARNING: NNI search needs unusual large number of steps (7) to converge!
WARNING: NNI search needs unusual large number of steps (7) to converge!
WARNING: NNI search needs unusual large number of steps (7) to converge!
UPDATE BEST LOG-LIKELIHOOD: -1233.743
WARNING: NNI search needs unusual large number of steps (7) to converge!
TREE SEARCH COMPLETED AFTER 108 ITERATIONS / Time: 0h:0m:1s

--------------------------------------------------------------------
|                    FINALIZING TREE SEARCH                        |
--------------------------------------------------------------------
Performs final model parameters optimization
Estimate model parameters (epsilon = 0.010)
1. Initial log-likelihood: -1233.743
2. Current log-likelihood: -1233.732
Optimal log-likelihood: -1233.725
Gamma shape alpha: 2.506
Parameters optimization took 2 rounds (0.004 sec)
BEST SCORE FOUND : -1233.725
Total tree length: 8.411

Total number of iterations: 108
CPU time used for tree search: 0.950 sec (0h:0m:0s)
Wall-clock time used for tree search: 0.978 sec (0h:0m:0s)
Total CPU time used: 0.987 sec (0h:0m:0s)
Total wall-clock time used: 1.032 sec (0h:0m:1s)

===> START BOOTSTRAP REPLICATE NUMBER 76

Creating bootstrap alignment (seed: 933884)...
WARNING: States(s) W rarely appear in alignment and may cause numerical problems

Create initial parsimony tree by phylogenetic likelihood library (PLL)... 0.000 seconds

NOTE: 0 MB RAM (0 GB) is required!
Estimate model parameters (epsilon = 0.100)
1. Initial log-likelihood: -1198.339
2. Current log-likelihood: -1159.476
3. Current log-likelihood: -1158.781
4. Current log-likelihood: -1158.674
Optimal log-likelihood: -1158.632
Gamma shape alpha: 1.566
Parameters optimization took 4 rounds (0.012 sec)
Computing ML distances based on estimated model parameters... 0.009 sec
Computing BIONJ tree...
0.007 seconds
Log-likelihood of BIONJ tree: -1157.347
--------------------------------------------------------------------
|             INITIALIZING CANDIDATE TREE SET                      |
--------------------------------------------------------------------
Generating 98 parsimony trees... 0.015 second
Computing log-likelihood of 53 initial trees ... 0.055 seconds
Current best score: -1157.242

Do NNI search on 20 best initial trees
Estimate model parameters (epsilon = 0.100)
BETTER TREE FOUND at iteration 1: -1156.839
BETTER TREE FOUND at iteration 2: -1156.839
UPDATE BEST LOG-LIKELIHOOD: -1156.839
Iteration 10 / LogL: -1157.572 / Time: 0h:0m:0s
UPDATE BEST LOG-LIKELIHOOD: -1156.839
Iteration 20 / LogL: -1156.906 / Time: 0h:0m:0s
Finish initializing candidate tree set (7)
Current best tree score: -1156.839 / CPU time: 0.274
Number of iterations: 20
--------------------------------------------------------------------
|               OPTIMIZING CANDIDATE TREE SET                      |
--------------------------------------------------------------------
WARNING: NNI search needs unusual large number of steps (7) to converge!
UPDATE BEST LOG-LIKELIHOOD: -1156.839
Iteration 30 / LogL: -1156.839 / Time: 0h:0m:0s (0h:0m:0s left)
WARNING: NNI search needs unusual large number of steps (7) to converge!
WARNING: NNI search needs unusual large number of steps (7) to converge!
Iteration 40 / LogL: -1156.839 / Time: 0h:0m:0s (0h:0m:0s left)
UPDATE BEST LOG-LIKELIHOOD: -1156.839
Iteration 50 / LogL: -1156.839 / Time: 0h:0m:0s (0h:0m:0s left)
WARNING: NNI search needs unusual large number of steps (7) to converge!
UPDATE BEST LOG-LIKELIHOOD: -1156.839
UPDATE BEST LOG-LIKELIHOOD: -1156.839
Iteration 60 / LogL: -1156.839 / Time: 0h:0m:0s (0h:0m:0s left)
WARNING: NNI search needs unusual large number of steps (7) to converge!
WARNING: NNI search needs unusual large number of steps (7) to converge!
UPDATE BEST LOG-LIKELIHOOD: -1156.839
Iteration 70 / LogL: -1156.906 / Time: 0h:0m:0s (0h:0m:0s left)
WARNING: NNI search needs unusual large number of steps (7) to converge!
Iteration 80 / LogL: -1157.572 / Time: 0h:0m:0s (0h:0m:0s left)
Iteration 90 / LogL: -1156.906 / Time: 0h:0m:0s (0h:0m:0s left)
Iteration 100 / LogL: -1156.839 / Time: 0h:0m:0s (0h:0m:0s left)
WARNING: NNI search needs unusual large number of steps (7) to converge!
WARNING: NNI search needs unusual large number of steps (7) to converge!
TREE SEARCH COMPLETED AFTER 103 ITERATIONS / Time: 0h:0m:1s

--------------------------------------------------------------------
|                    FINALIZING TREE SEARCH                        |
--------------------------------------------------------------------
Performs final model parameters optimization
Estimate model parameters (epsilon = 0.010)
1. Initial log-likelihood: -1156.839
Optimal log-likelihood: -1156.837
Gamma shape alpha: 1.631
Parameters optimization took 1 rounds (0.002 sec)
BEST SCORE FOUND : -1156.837
Total tree length: 7.825

Total number of iterations: 103
CPU time used for tree search: 0.950 sec (0h:0m:0s)
Wall-clock time used for tree search: 0.980 sec (0h:0m:0s)
Total CPU time used: 0.980 sec (0h:0m:0s)
Total wall-clock time used: 1.025 sec (0h:0m:1s)

===> START BOOTSTRAP REPLICATE NUMBER 77

Creating bootstrap alignment (seed: 933885)...
WARNING: States(s) M, W rarely appear in alignment and may cause numerical problems

Create initial parsimony tree by phylogenetic likelihood library (PLL)... 0.000 seconds

NOTE: 0 MB RAM (0 GB) is required!
Estimate model parameters (epsilon = 0.100)
1. Initial log-likelihood: -1196.267
2. Current log-likelihood: -1165.434
3. Current log-likelihood: -1164.660
Optimal log-likelihood: -1164.630
Gamma shape alpha: 1.376
Parameters optimization took 3 rounds (0.009 sec)
Computing ML distances based on estimated model parameters... 0.009 sec
Computing BIONJ tree...
0.007 seconds
Log-likelihood of BIONJ tree: -1163.015
--------------------------------------------------------------------
|             INITIALIZING CANDIDATE TREE SET                      |
--------------------------------------------------------------------
Generating 98 parsimony trees... 0.016 second
Computing log-likelihood of 50 initial trees ... 0.052 seconds
Current best score: -1163.015

Do NNI search on 20 best initial trees
Estimate model parameters (epsilon = 0.100)
BETTER TREE FOUND at iteration 1: -1163.014
WARNING: NNI search needs unusual large number of steps (7) to converge!
WARNING: NNI search needs unusual large number of steps (7) to converge!
WARNING: NNI search needs unusual large number of steps (7) to converge!
Iteration 10 / LogL: -1163.018 / Time: 0h:0m:0s
WARNING: NNI search needs unusual large number of steps (7) to converge!
WARNING: NNI search needs unusual large number of steps (7) to converge!
WARNING: NNI search needs unusual large number of steps (7) to converge!
WARNING: NNI search needs unusual large number of steps (7) to converge!
Iteration 20 / LogL: -1163.642 / Time: 0h:0m:0s
Finish initializing candidate tree set (3)
Current best tree score: -1163.014 / CPU time: 0.295
Number of iterations: 20
--------------------------------------------------------------------
|               OPTIMIZING CANDIDATE TREE SET                      |
--------------------------------------------------------------------
Iteration 30 / LogL: -1163.015 / Time: 0h:0m:0s (0h:0m:1s left)
WARNING: NNI search needs unusual large number of steps (7) to converge!
Iteration 40 / LogL: -1164.623 / Time: 0h:0m:0s (0h:0m:0s left)
Iteration 50 / LogL: -1163.020 / Time: 0h:0m:0s (0h:0m:0s left)
WARNING: NNI search needs unusual large number of steps (7) to converge!
Iteration 60 / LogL: -1163.020 / Time: 0h:0m:0s (0h:0m:0s left)
WARNING: NNI search needs unusual large number of steps (7) to converge!
UPDATE BEST LOG-LIKELIHOOD: -1163.014
Iteration 70 / LogL: -1163.018 / Time: 0h:0m:0s (0h:0m:0s left)
Iteration 80 / LogL: -1163.017 / Time: 0h:0m:0s (0h:0m:0s left)
WARNING: NNI search needs unusual large number of steps (7) to converge!
WARNING: NNI search needs unusual large number of steps (7) to converge!
Iteration 90 / LogL: -1163.498 / Time: 0h:0m:0s (0h:0m:0s left)
WARNING: NNI search needs unusual large number of steps (7) to converge!
Iteration 100 / LogL: -1163.017 / Time: 0h:0m:1s (0h:0m:0s left)
TREE SEARCH COMPLETED AFTER 102 ITERATIONS / Time: 0h:0m:1s

--------------------------------------------------------------------
|                    FINALIZING TREE SEARCH                        |
--------------------------------------------------------------------
Performs final model parameters optimization
Estimate model parameters (epsilon = 0.010)
1. Initial log-likelihood: -1163.014
Optimal log-likelihood: -1163.014
Gamma shape alpha: 1.391
Parameters optimization took 1 rounds (0.001 sec)
BEST SCORE FOUND : -1163.014
Total tree length: 7.219

Total number of iterations: 102
CPU time used for tree search: 0.995 sec (0h:0m:0s)
Wall-clock time used for tree search: 1.009 sec (0h:0m:1s)
Total CPU time used: 1.023 sec (0h:0m:1s)
Total wall-clock time used: 1.051 sec (0h:0m:1s)

===> START BOOTSTRAP REPLICATE NUMBER 78

Creating bootstrap alignment (seed: 933886)...

Create initial parsimony tree by phylogenetic likelihood library (PLL)... 0.000 seconds

NOTE: 0 MB RAM (0 GB) is required!
Estimate model parameters (epsilon = 0.100)
1. Initial log-likelihood: -1188.443
2. Current log-likelihood: -1162.379
3. Current log-likelihood: -1162.022
Optimal log-likelihood: -1161.980
Gamma shape alpha: 1.425
Parameters optimization took 3 rounds (0.009 sec)
Computing ML distances based on estimated model parameters... 0.010 sec
Computing BIONJ tree...
0.006 seconds
Log-likelihood of BIONJ tree: -1161.980
--------------------------------------------------------------------
|             INITIALIZING CANDIDATE TREE SET                      |
--------------------------------------------------------------------
Generating 98 parsimony trees... 0.014 second
Computing log-likelihood of 53 initial trees ... 0.057 seconds
Current best score: -1161.712

Do NNI search on 20 best initial trees
Estimate model parameters (epsilon = 0.100)
BETTER TREE FOUND at iteration 1: -1161.470
Iteration 10 / LogL: -1161.573 / Time: 0h:0m:0s
Iteration 20 / LogL: -1163.127 / Time: 0h:0m:0s
Finish initializing candidate tree set (3)
Current best tree score: -1161.470 / CPU time: 0.189
Number of iterations: 20
--------------------------------------------------------------------
|               OPTIMIZING CANDIDATE TREE SET                      |
--------------------------------------------------------------------
Iteration 30 / LogL: -1162.421 / Time: 0h:0m:0s (0h:0m:0s left)
UPDATE BEST LOG-LIKELIHOOD: -1161.466
Iteration 40 / LogL: -1162.073 / Time: 0h:0m:0s (0h:0m:0s left)
Iteration 50 / LogL: -1161.524 / Time: 0h:0m:0s (0h:0m:0s left)
Iteration 60 / LogL: -1163.476 / Time: 0h:0m:0s (0h:0m:0s left)
UPDATE BEST LOG-LIKELIHOOD: -1161.466
Iteration 70 / LogL: -1161.466 / Time: 0h:0m:0s (0h:0m:0s left)
Iteration 80 / LogL: -1161.525 / Time: 0h:0m:0s (0h:0m:0s left)
UPDATE BEST LOG-LIKELIHOOD: -1161.466
Iteration 90 / LogL: -1161.525 / Time: 0h:0m:0s (0h:0m:0s left)
Iteration 100 / LogL: -1163.116 / Time: 0h:0m:0s (0h:0m:0s left)
TREE SEARCH COMPLETED AFTER 102 ITERATIONS / Time: 0h:0m:0s

--------------------------------------------------------------------
|                    FINALIZING TREE SEARCH                        |
--------------------------------------------------------------------
Performs final model parameters optimization
Estimate model parameters (epsilon = 0.010)
1. Initial log-likelihood: -1161.466
Optimal log-likelihood: -1161.464
Gamma shape alpha: 1.500
Parameters optimization took 1 rounds (0.002 sec)
BEST SCORE FOUND : -1161.464
Total tree length: 8.877

Total number of iterations: 102
CPU time used for tree search: 0.669 sec (0h:0m:0s)
Wall-clock time used for tree search: 0.685 sec (0h:0m:0s)
Total CPU time used: 0.699 sec (0h:0m:0s)
Total wall-clock time used: 0.729 sec (0h:0m:0s)

===> START BOOTSTRAP REPLICATE NUMBER 79

Creating bootstrap alignment (seed: 933887)...
WARNING: States(s) C, Y rarely appear in alignment and may cause numerical problems

Create initial parsimony tree by phylogenetic likelihood library (PLL)... 0.000 seconds

NOTE: 0 MB RAM (0 GB) is required!
Estimate model parameters (epsilon = 0.100)
1. Initial log-likelihood: -1297.753
2. Current log-likelihood: -1262.781
3. Current log-likelihood: -1262.446
Optimal log-likelihood: -1262.444
Gamma shape alpha: 1.190
Parameters optimization took 3 rounds (0.006 sec)
Computing ML distances based on estimated model parameters... 0.011 sec
Computing BIONJ tree...
0.006 seconds
Log-likelihood of BIONJ tree: -1262.261
--------------------------------------------------------------------
|             INITIALIZING CANDIDATE TREE SET                      |
--------------------------------------------------------------------
Generating 98 parsimony trees... 0.016 second
Computing log-likelihood of 34 initial trees ... 0.037 seconds
Current best score: -1260.882

Do NNI search on 20 best initial trees
Estimate model parameters (epsilon = 0.100)
BETTER TREE FOUND at iteration 1: -1258.191
Iteration 10 / LogL: -1262.303 / Time: 0h:0m:0s
Iteration 20 / LogL: -1258.291 / Time: 0h:0m:0s
Finish initializing candidate tree set (2)
Current best tree score: -1258.191 / CPU time: 0.212
Number of iterations: 20
--------------------------------------------------------------------
|               OPTIMIZING CANDIDATE TREE SET                      |
--------------------------------------------------------------------
UPDATE BEST LOG-LIKELIHOOD: -1258.184
WARNING: NNI search needs unusual large number of steps (7) to converge!
Iteration 30 / LogL: -1258.290 / Time: 0h:0m:0s (0h:0m:0s left)
Iteration 40 / LogL: -1258.208 / Time: 0h:0m:0s (0h:0m:0s left)
WARNING: NNI search needs unusual large number of steps (7) to converge!
WARNING: NNI search needs unusual large number of steps (7) to converge!
UPDATE BEST LOG-LIKELIHOOD: -1258.184
UPDATE BEST LOG-LIKELIHOOD: -1258.182
WARNING: NNI search needs unusual large number of steps (7) to converge!
Iteration 50 / LogL: -1258.197 / Time: 0h:0m:0s (0h:0m:0s left)
WARNING: NNI search needs unusual large number of steps (7) to converge!
WARNING: NNI search needs unusual large number of steps (7) to converge!
Iteration 60 / LogL: -1258.238 / Time: 0h:0m:0s (0h:0m:0s left)
UPDATE BEST LOG-LIKELIHOOD: -1258.182
Iteration 70 / LogL: -1262.305 / Time: 0h:0m:0s (0h:0m:0s left)
Iteration 80 / LogL: -1258.477 / Time: 0h:0m:0s (0h:0m:0s left)
Iteration 90 / LogL: -1258.221 / Time: 0h:0m:0s (0h:0m:0s left)
WARNING: NNI search needs unusual large number of steps (7) to converge!
Iteration 100 / LogL: -1258.313 / Time: 0h:0m:0s (0h:0m:0s left)
TREE SEARCH COMPLETED AFTER 102 ITERATIONS / Time: 0h:0m:0s

--------------------------------------------------------------------
|                    FINALIZING TREE SEARCH                        |
--------------------------------------------------------------------
Performs final model parameters optimization
Estimate model parameters (epsilon = 0.010)
1. Initial log-likelihood: -1258.182
Optimal log-likelihood: -1258.179
Gamma shape alpha: 1.205
Parameters optimization took 1 rounds (0.002 sec)
BEST SCORE FOUND : -1258.179
Total tree length: 10.914

Total number of iterations: 102
CPU time used for tree search: 0.769 sec (0h:0m:0s)
Wall-clock time used for tree search: 0.791 sec (0h:0m:0s)
Total CPU time used: 0.798 sec (0h:0m:0s)
Total wall-clock time used: 0.833 sec (0h:0m:0s)

===> START BOOTSTRAP REPLICATE NUMBER 80

Creating bootstrap alignment (seed: 933888)...
WARNING: States(s) F rarely appear in alignment and may cause numerical problems

Create initial parsimony tree by phylogenetic likelihood library (PLL)... 0.000 seconds

NOTE: 0 MB RAM (0 GB) is required!
Estimate model parameters (epsilon = 0.100)
1. Initial log-likelihood: -1144.706
2. Current log-likelihood: -1115.481
3. Current log-likelihood: -1115.014
Optimal log-likelihood: -1114.988
Gamma shape alpha: 1.373
Parameters optimization took 3 rounds (0.012 sec)
Computing ML distances based on estimated model parameters... 0.009 sec
Computing BIONJ tree...
0.007 seconds
Log-likelihood of BIONJ tree: -1119.506
--------------------------------------------------------------------
|             INITIALIZING CANDIDATE TREE SET                      |
--------------------------------------------------------------------
Generating 98 parsimony trees... 0.016 second
Computing log-likelihood of 43 initial trees ... 0.048 seconds
Current best score: -1114.988

Do NNI search on 20 best initial trees
Estimate model parameters (epsilon = 0.100)
BETTER TREE FOUND at iteration 1: -1114.865
Iteration 10 / LogL: -1114.900 / Time: 0h:0m:0s
WARNING: NNI search needs unusual large number of steps (7) to converge!
WARNING: NNI search needs unusual large number of steps (7) to converge!
WARNING: NNI search needs unusual large number of steps (7) to converge!
Iteration 20 / LogL: -1118.780 / Time: 0h:0m:0s
Finish initializing candidate tree set (3)
Current best tree score: -1114.865 / CPU time: 0.259
Number of iterations: 20
--------------------------------------------------------------------
|               OPTIMIZING CANDIDATE TREE SET                      |
--------------------------------------------------------------------
UPDATE BEST LOG-LIKELIHOOD: -1114.865
UPDATE BEST LOG-LIKELIHOOD: -1114.865
UPDATE BEST LOG-LIKELIHOOD: -1114.865
Iteration 30 / LogL: -1118.779 / Time: 0h:0m:0s (0h:0m:0s left)
WARNING: NNI search needs unusual large number of steps (7) to converge!
Iteration 40 / LogL: -1114.866 / Time: 0h:0m:0s (0h:0m:0s left)
WARNING: NNI search needs unusual large number of steps (7) to converge!
WARNING: NNI search needs unusual large number of steps (7) to converge!
UPDATE BEST LOG-LIKELIHOOD: -1114.865
Iteration 50 / LogL: -1114.865 / Time: 0h:0m:0s (0h:0m:0s left)
WARNING: NNI search needs unusual large number of steps (7) to converge!
WARNING: NNI search needs unusual large number of steps (7) to converge!
Iteration 60 / LogL: -1117.791 / Time: 0h:0m:0s (0h:0m:0s left)
UPDATE BEST LOG-LIKELIHOOD: -1114.865
Iteration 70 / LogL: -1114.869 / Time: 0h:0m:0s (0h:0m:0s left)
UPDATE BEST LOG-LIKELIHOOD: -1114.865
Iteration 80 / LogL: -1114.868 / Time: 0h:0m:0s (0h:0m:0s left)
UPDATE BEST LOG-LIKELIHOOD: -1114.865
Iteration 90 / LogL: -1114.868 / Time: 0h:0m:0s (0h:0m:0s left)
UPDATE BEST LOG-LIKELIHOOD: -1114.865
Iteration 100 / LogL: -1118.779 / Time: 0h:0m:1s (0h:0m:0s left)
TREE SEARCH COMPLETED AFTER 102 ITERATIONS / Time: 0h:0m:1s

--------------------------------------------------------------------
|                    FINALIZING TREE SEARCH                        |
--------------------------------------------------------------------
Performs final model parameters optimization
Estimate model parameters (epsilon = 0.010)
1. Initial log-likelihood: -1114.865
Optimal log-likelihood: -1114.865
Gamma shape alpha: 1.380
Parameters optimization took 1 rounds (0.002 sec)
BEST SCORE FOUND : -1114.865
Total tree length: 6.870

Total number of iterations: 102
CPU time used for tree search: 1.028 sec (0h:0m:1s)
Wall-clock time used for tree search: 1.055 sec (0h:0m:1s)
Total CPU time used: 1.060 sec (0h:0m:1s)
Total wall-clock time used: 1.101 sec (0h:0m:1s)

===> START BOOTSTRAP REPLICATE NUMBER 81

Creating bootstrap alignment (seed: 933889)...
WARNING: States(s) C rarely appear in alignment and may cause numerical problems

Create initial parsimony tree by phylogenetic likelihood library (PLL)... 0.000 seconds

NOTE: 0 MB RAM (0 GB) is required!
Estimate model parameters (epsilon = 0.100)
1. Initial log-likelihood: -1192.067
2. Current log-likelihood: -1164.840
3. Current log-likelihood: -1164.697
Optimal log-likelihood: -1164.685
Gamma shape alpha: 1.212
Parameters optimization took 3 rounds (0.008 sec)
Computing ML distances based on estimated model parameters... 0.010 sec
Computing BIONJ tree...
0.007 seconds
Log-likelihood of BIONJ tree: -1158.864
--------------------------------------------------------------------
|             INITIALIZING CANDIDATE TREE SET                      |
--------------------------------------------------------------------
Generating 98 parsimony trees... 0.014 second
Computing log-likelihood of 61 initial trees ... 0.065 seconds
Current best score: -1158.864

Do NNI search on 20 best initial trees
Estimate model parameters (epsilon = 0.100)
BETTER TREE FOUND at iteration 1: -1158.747
Iteration 10 / LogL: -1158.789 / Time: 0h:0m:0s
Iteration 20 / LogL: -1159.210 / Time: 0h:0m:0s
Finish initializing candidate tree set (1)
Current best tree score: -1158.747 / CPU time: 0.232
Number of iterations: 20
--------------------------------------------------------------------
|               OPTIMIZING CANDIDATE TREE SET                      |
--------------------------------------------------------------------
UPDATE BEST LOG-LIKELIHOOD: -1158.740
UPDATE BEST LOG-LIKELIHOOD: -1158.740
UPDATE BEST LOG-LIKELIHOOD: -1158.739
Iteration 30 / LogL: -1158.739 / Time: 0h:0m:0s (0h:0m:0s left)
Iteration 40 / LogL: -1158.918 / Time: 0h:0m:0s (0h:0m:0s left)
UPDATE BEST LOG-LIKELIHOOD: -1158.739
Iteration 50 / LogL: -1159.022 / Time: 0h:0m:0s (0h:0m:0s left)
UPDATE BEST LOG-LIKELIHOOD: -1158.739
Iteration 60 / LogL: -1158.739 / Time: 0h:0m:0s (0h:0m:0s left)
Iteration 70 / LogL: -1158.784 / Time: 0h:0m:0s (0h:0m:0s left)
Iteration 80 / LogL: -1158.889 / Time: 0h:0m:0s (0h:0m:0s left)
Iteration 90 / LogL: -1159.063 / Time: 0h:0m:0s (0h:0m:0s left)
Iteration 100 / LogL: -1158.983 / Time: 0h:0m:0s (0h:0m:0s left)
TREE SEARCH COMPLETED AFTER 102 ITERATIONS / Time: 0h:0m:0s

--------------------------------------------------------------------
|                    FINALIZING TREE SEARCH                        |
--------------------------------------------------------------------
Performs final model parameters optimization
Estimate model parameters (epsilon = 0.010)
1. Initial log-likelihood: -1158.739
2. Current log-likelihood: -1158.723
Optimal log-likelihood: -1158.713
Gamma shape alpha: 1.403
Parameters optimization took 2 rounds (0.004 sec)
BEST SCORE FOUND : -1158.713
Total tree length: 8.519

Total number of iterations: 102
CPU time used for tree search: 0.676 sec (0h:0m:0s)
Wall-clock time used for tree search: 0.702 sec (0h:0m:0s)
Total CPU time used: 0.708 sec (0h:0m:0s)
Total wall-clock time used: 0.748 sec (0h:0m:0s)

===> START BOOTSTRAP REPLICATE NUMBER 82

Creating bootstrap alignment (seed: 933890)...

Create initial parsimony tree by phylogenetic likelihood library (PLL)... 0.000 seconds

NOTE: 0 MB RAM (0 GB) is required!
Estimate model parameters (epsilon = 0.100)
1. Initial log-likelihood: -1250.780
2. Current log-likelihood: -1219.705
Optimal log-likelihood: -1219.614
Gamma shape alpha: 1.243
Parameters optimization took 2 rounds (0.005 sec)
Computing ML distances based on estimated model parameters... 0.010 sec
Computing BIONJ tree...
0.006 seconds
Log-likelihood of BIONJ tree: -1219.611
--------------------------------------------------------------------
|             INITIALIZING CANDIDATE TREE SET                      |
--------------------------------------------------------------------
Generating 99 parsimony trees... 0.015 second
Computing log-likelihood of 56 initial trees ... 0.060 seconds
Current best score: -1218.344

Do NNI search on 20 best initial trees
Estimate model parameters (epsilon = 0.100)
BETTER TREE FOUND at iteration 1: -1218.265
Estimate model parameters (epsilon = 0.100)
BETTER TREE FOUND at iteration 2: -1217.220
Iteration 10 / LogL: -1218.309 / Time: 0h:0m:0s
Iteration 20 / LogL: -1217.363 / Time: 0h:0m:0s
Finish initializing candidate tree set (2)
Current best tree score: -1217.220 / CPU time: 0.205
Number of iterations: 20
--------------------------------------------------------------------
|               OPTIMIZING CANDIDATE TREE SET                      |
--------------------------------------------------------------------
UPDATE BEST LOG-LIKELIHOOD: -1217.220
WARNING: NNI search needs unusual large number of steps (7) to converge!
Iteration 30 / LogL: -1217.236 / Time: 0h:0m:0s (0h:0m:0s left)
UPDATE BEST LOG-LIKELIHOOD: -1217.220
UPDATE BEST LOG-LIKELIHOOD: -1217.219
Iteration 40 / LogL: -1217.219 / Time: 0h:0m:0s (0h:0m:0s left)
Iteration 50 / LogL: -1217.806 / Time: 0h:0m:0s (0h:0m:0s left)
WARNING: NNI search needs unusual large number of steps (7) to converge!
WARNING: NNI search needs unusual large number of steps (7) to converge!
Iteration 60 / LogL: -1217.379 / Time: 0h:0m:0s (0h:0m:0s left)
Iteration 70 / LogL: -1218.303 / Time: 0h:0m:0s (0h:0m:0s left)
Iteration 80 / LogL: -1217.221 / Time: 0h:0m:0s (0h:0m:0s left)
Iteration 90 / LogL: -1217.339 / Time: 0h:0m:0s (0h:0m:0s left)
UPDATE BEST LOG-LIKELIHOOD: -1217.219
Iteration 100 / LogL: -1218.290 / Time: 0h:0m:0s (0h:0m:0s left)
TREE SEARCH COMPLETED AFTER 103 ITERATIONS / Time: 0h:0m:0s

--------------------------------------------------------------------
|                    FINALIZING TREE SEARCH                        |
--------------------------------------------------------------------
Performs final model parameters optimization
Estimate model parameters (epsilon = 0.010)
1. Initial log-likelihood: -1217.219
Optimal log-likelihood: -1217.216
Gamma shape alpha: 1.211
Parameters optimization took 1 rounds (0.002 sec)
BEST SCORE FOUND : -1217.216
Total tree length: 9.451

Total number of iterations: 103
CPU time used for tree search: 0.733 sec (0h:0m:0s)
Wall-clock time used for tree search: 0.752 sec (0h:0m:0s)
Total CPU time used: 0.759 sec (0h:0m:0s)
Total wall-clock time used: 0.793 sec (0h:0m:0s)

===> START BOOTSTRAP REPLICATE NUMBER 83

Creating bootstrap alignment (seed: 933891)...
WARNING: States(s) W rarely appear in alignment and may cause numerical problems

Create initial parsimony tree by phylogenetic likelihood library (PLL)... 0.000 seconds

NOTE: 0 MB RAM (0 GB) is required!
Estimate model parameters (epsilon = 0.100)
1. Initial log-likelihood: -1223.225
2. Current log-likelihood: -1189.093
3. Current log-likelihood: -1188.744
Optimal log-likelihood: -1188.710
Gamma shape alpha: 1.294
Parameters optimization took 3 rounds (0.008 sec)
Computing ML distances based on estimated model parameters... 0.010 sec
Computing BIONJ tree...
0.006 seconds
Log-likelihood of BIONJ tree: -1188.542
--------------------------------------------------------------------
|             INITIALIZING CANDIDATE TREE SET                      |
--------------------------------------------------------------------
Generating 98 parsimony trees... 0.015 second
Computing log-likelihood of 35 initial trees ... 0.036 seconds
Current best score: -1188.542

Do NNI search on 20 best initial trees
Estimate model parameters (epsilon = 0.100)
BETTER TREE FOUND at iteration 1: -1188.511
BETTER TREE FOUND at iteration 6: -1188.506
UPDATE BEST LOG-LIKELIHOOD: -1188.506
Iteration 10 / LogL: -1188.739 / Time: 0h:0m:0s
WARNING: NNI search needs unusual large number of steps (7) to converge!
Iteration 20 / LogL: -1188.739 / Time: 0h:0m:0s
Finish initializing candidate tree set (3)
Current best tree score: -1188.506 / CPU time: 0.240
Number of iterations: 20
--------------------------------------------------------------------
|               OPTIMIZING CANDIDATE TREE SET                      |
--------------------------------------------------------------------
WARNING: NNI search needs unusual large number of steps (7) to converge!
UPDATE BEST LOG-LIKELIHOOD: -1188.506
UPDATE BEST LOG-LIKELIHOOD: -1188.506
Iteration 30 / LogL: -1188.789 / Time: 0h:0m:0s (0h:0m:0s left)
WARNING: NNI search needs unusual large number of steps (7) to converge!
UPDATE BEST LOG-LIKELIHOOD: -1188.505
Iteration 40 / LogL: -1188.511 / Time: 0h:0m:0s (0h:0m:0s left)
UPDATE BEST LOG-LIKELIHOOD: -1188.505
UPDATE BEST LOG-LIKELIHOOD: -1188.505
WARNING: NNI search needs unusual large number of steps (7) to converge!
Iteration 50 / LogL: -1188.741 / Time: 0h:0m:0s (0h:0m:0s left)
WARNING: NNI search needs unusual large number of steps (7) to converge!
WARNING: NNI search needs unusual large number of steps (7) to converge!
Iteration 60 / LogL: -1188.645 / Time: 0h:0m:0s (0h:0m:0s left)
WARNING: NNI search needs unusual large number of steps (7) to converge!
Iteration 70 / LogL: -1188.506 / Time: 0h:0m:0s (0h:0m:0s left)
Iteration 80 / LogL: -1188.779 / Time: 0h:0m:0s (0h:0m:0s left)
Iteration 90 / LogL: -1188.509 / Time: 0h:0m:0s (0h:0m:0s left)
UPDATE BEST LOG-LIKELIHOOD: -1188.505
Iteration 100 / LogL: -1188.506 / Time: 0h:0m:0s (0h:0m:0s left)
TREE SEARCH COMPLETED AFTER 107 ITERATIONS / Time: 0h:0m:1s

--------------------------------------------------------------------
|                    FINALIZING TREE SEARCH                        |
--------------------------------------------------------------------
Performs final model parameters optimization
Estimate model parameters (epsilon = 0.010)
1. Initial log-likelihood: -1188.505
Optimal log-likelihood: -1188.494
Gamma shape alpha: 1.209
Parameters optimization took 1 rounds (0.003 sec)
BEST SCORE FOUND : -1188.494
Total tree length: 10.487

Total number of iterations: 107
CPU time used for tree search: 0.985 sec (0h:0m:0s)
Wall-clock time used for tree search: 1.018 sec (0h:0m:1s)
Total CPU time used: 1.015 sec (0h:0m:1s)
Total wall-clock time used: 1.062 sec (0h:0m:1s)

===> START BOOTSTRAP REPLICATE NUMBER 84

Creating bootstrap alignment (seed: 933892)...

Create initial parsimony tree by phylogenetic likelihood library (PLL)... 0.000 seconds

NOTE: 0 MB RAM (0 GB) is required!
Estimate model parameters (epsilon = 0.100)
1. Initial log-likelihood: -1189.258
2. Current log-likelihood: -1159.591
3. Current log-likelihood: -1159.430
Optimal log-likelihood: -1159.398
Gamma shape alpha: 1.001
Parameters optimization took 3 rounds (0.008 sec)
Computing ML distances based on estimated model parameters... 0.010 sec
Computing BIONJ tree...
0.007 seconds
Log-likelihood of BIONJ tree: -1153.591
--------------------------------------------------------------------
|             INITIALIZING CANDIDATE TREE SET                      |
--------------------------------------------------------------------
Generating 98 parsimony trees... 0.014 second
Computing log-likelihood of 51 initial trees ... 0.050 seconds
Current best score: -1153.591

Do NNI search on 20 best initial trees
Estimate model parameters (epsilon = 0.100)
BETTER TREE FOUND at iteration 1: -1153.591
UPDATE BEST LOG-LIKELIHOOD: -1153.591
WARNING: NNI search needs unusual large number of steps (7) to converge!
WARNING: NNI search needs unusual large number of steps (7) to converge!
WARNING: NNI search needs unusual large number of steps (7) to converge!
WARNING: NNI search needs unusual large number of steps (7) to converge!
Iteration 10 / LogL: -1153.591 / Time: 0h:0m:0s
WARNING: NNI search needs unusual large number of steps (7) to converge!
WARNING: NNI search needs unusual large number of steps (7) to converge!
WARNING: NNI search needs unusual large number of steps (7) to converge!
Iteration 20 / LogL: -1153.599 / Time: 0h:0m:0s
Finish initializing candidate tree set (4)
Current best tree score: -1153.591 / CPU time: 0.323
Number of iterations: 20
--------------------------------------------------------------------
|               OPTIMIZING CANDIDATE TREE SET                      |
--------------------------------------------------------------------
WARNING: NNI search needs unusual large number of steps (7) to converge!
Iteration 30 / LogL: -1153.618 / Time: 0h:0m:0s (0h:0m:1s left)
WARNING: NNI search needs unusual large number of steps (7) to converge!
UPDATE BEST LOG-LIKELIHOOD: -1153.591
Iteration 40 / LogL: -1153.592 / Time: 0h:0m:0s (0h:0m:0s left)
UPDATE BEST LOG-LIKELIHOOD: -1153.591
Iteration 50 / LogL: -1153.591 / Time: 0h:0m:0s (0h:0m:0s left)
WARNING: NNI search needs unusual large number of steps (7) to converge!
UPDATE BEST LOG-LIKELIHOOD: -1153.591
Iteration 60 / LogL: -1153.612 / Time: 0h:0m:0s (0h:0m:0s left)
WARNING: NNI search needs unusual large number of steps (7) to converge!
UPDATE BEST LOG-LIKELIHOOD: -1153.591
Iteration 70 / LogL: -1153.591 / Time: 0h:0m:0s (0h:0m:0s left)
WARNING: NNI search needs unusual large number of steps (7) to converge!
UPDATE BEST LOG-LIKELIHOOD: -1153.591
Iteration 80 / LogL: -1153.591 / Time: 0h:0m:1s (0h:0m:0s left)
UPDATE BEST LOG-LIKELIHOOD: -1153.591
UPDATE BEST LOG-LIKELIHOOD: -1153.591
Iteration 90 / LogL: -1153.591 / Time: 0h:0m:1s (0h:0m:0s left)
UPDATE BEST LOG-LIKELIHOOD: -1153.591
UPDATE BEST LOG-LIKELIHOOD: -1153.591
Iteration 100 / LogL: -1156.678 / Time: 0h:0m:1s (0h:0m:0s left)
TREE SEARCH COMPLETED AFTER 102 ITERATIONS / Time: 0h:0m:1s

--------------------------------------------------------------------
|                    FINALIZING TREE SEARCH                        |
--------------------------------------------------------------------
Performs final model parameters optimization
Estimate model parameters (epsilon = 0.010)
1. Initial log-likelihood: -1153.591
Optimal log-likelihood: -1153.591
Gamma shape alpha: 1.004
Parameters optimization took 1 rounds (0.001 sec)
BEST SCORE FOUND : -1153.591
Total tree length: 9.454

Total number of iterations: 102
CPU time used for tree search: 1.206 sec (0h:0m:1s)
Wall-clock time used for tree search: 1.249 sec (0h:0m:1s)
Total CPU time used: 1.233 sec (0h:0m:1s)
Total wall-clock time used: 1.290 sec (0h:0m:1s)

===> START BOOTSTRAP REPLICATE NUMBER 85

Creating bootstrap alignment (seed: 933893)...
WARNING: States(s) C rarely appear in alignment and may cause numerical problems

Create initial parsimony tree by phylogenetic likelihood library (PLL)... 0.000 seconds

NOTE: 0 MB RAM (0 GB) is required!
Estimate model parameters (epsilon = 0.100)
1. Initial log-likelihood: -1197.601
2. Current log-likelihood: -1173.500
Optimal log-likelihood: -1173.394
Gamma shape alpha: 1.025
Parameters optimization took 2 rounds (0.005 sec)
Computing ML distances based on estimated model parameters... 0.011 sec
Computing BIONJ tree...
0.007 seconds
Log-likelihood of BIONJ tree: -1171.562
--------------------------------------------------------------------
|             INITIALIZING CANDIDATE TREE SET                      |
--------------------------------------------------------------------
Generating 98 parsimony trees... 0.015 second
Computing log-likelihood of 47 initial trees ... 0.049 seconds
Current best score: -1168.645

Do NNI search on 20 best initial trees
Estimate model parameters (epsilon = 0.100)
BETTER TREE FOUND at iteration 1: -1168.466
WARNING: NNI search needs unusual large number of steps (7) to converge!
WARNING: NNI search needs unusual large number of steps (7) to converge!
Iteration 10 / LogL: -1168.468 / Time: 0h:0m:0s
UPDATE BEST LOG-LIKELIHOOD: -1168.466
WARNING: NNI search needs unusual large number of steps (7) to converge!
Iteration 20 / LogL: -1168.468 / Time: 0h:0m:0s
Finish initializing candidate tree set (2)
Current best tree score: -1168.466 / CPU time: 0.318
Number of iterations: 20
--------------------------------------------------------------------
|               OPTIMIZING CANDIDATE TREE SET                      |
--------------------------------------------------------------------
WARNING: NNI search needs unusual large number of steps (7) to converge!
WARNING: NNI search needs unusual large number of steps (7) to converge!
UPDATE BEST LOG-LIKELIHOOD: -1168.466
Iteration 30 / LogL: -1168.467 / Time: 0h:0m:0s (0h:0m:1s left)
WARNING: NNI search needs unusual large number of steps (7) to converge!
WARNING: NNI search needs unusual large number of steps (7) to converge!
WARNING: NNI search needs unusual large number of steps (7) to converge!
UPDATE BEST LOG-LIKELIHOOD: -1168.466
UPDATE BEST LOG-LIKELIHOOD: -1168.466
Iteration 40 / LogL: -1168.466 / Time: 0h:0m:0s (0h:0m:0s left)
WARNING: NNI search needs unusual large number of steps (7) to converge!
WARNING: NNI search needs unusual large number of steps (7) to converge!
Iteration 50 / LogL: -1168.467 / Time: 0h:0m:0s (0h:0m:0s left)
Iteration 60 / LogL: -1168.468 / Time: 0h:0m:0s (0h:0m:0s left)
UPDATE BEST LOG-LIKELIHOOD: -1168.466
UPDATE BEST LOG-LIKELIHOOD: -1168.466
Iteration 70 / LogL: -1168.468 / Time: 0h:0m:0s (0h:0m:0s left)
WARNING: NNI search needs unusual large number of steps (7) to converge!
WARNING: NNI search needs unusual large number of steps (7) to converge!
WARNING: NNI search needs unusual large number of steps (7) to converge!
Iteration 80 / LogL: -1168.467 / Time: 0h:0m:0s (0h:0m:0s left)
WARNING: NNI search needs unusual large number of steps (7) to converge!
Iteration 90 / LogL: -1168.469 / Time: 0h:0m:1s (0h:0m:0s left)
UPDATE BEST LOG-LIKELIHOOD: -1168.466
UPDATE BEST LOG-LIKELIHOOD: -1168.466
Iteration 100 / LogL: -1168.468 / Time: 0h:0m:1s (0h:0m:0s left)
TREE SEARCH COMPLETED AFTER 102 ITERATIONS / Time: 0h:0m:1s

--------------------------------------------------------------------
|                    FINALIZING TREE SEARCH                        |
--------------------------------------------------------------------
Performs final model parameters optimization
Estimate model parameters (epsilon = 0.010)
1. Initial log-likelihood: -1168.466
Optimal log-likelihood: -1168.466
Gamma shape alpha: 1.041
Parameters optimization took 1 rounds (0.002 sec)
BEST SCORE FOUND : -1168.466
Total tree length: 8.286

Total number of iterations: 102
CPU time used for tree search: 1.088 sec (0h:0m:1s)
Wall-clock time used for tree search: 1.124 sec (0h:0m:1s)
Total CPU time used: 1.114 sec (0h:0m:1s)
Total wall-clock time used: 1.165 sec (0h:0m:1s)

===> START BOOTSTRAP REPLICATE NUMBER 86

Creating bootstrap alignment (seed: 933894)...
WARNING: States(s) C, W rarely appear in alignment and may cause numerical problems

Create initial parsimony tree by phylogenetic likelihood library (PLL)... 0.000 seconds

NOTE: 0 MB RAM (0 GB) is required!
Estimate model parameters (epsilon = 0.100)
1. Initial log-likelihood: -1216.902
2. Current log-likelihood: -1188.556
3. Current log-likelihood: -1187.921
Optimal log-likelihood: -1187.917
Gamma shape alpha: 1.296
Parameters optimization took 3 rounds (0.008 sec)
Computing ML distances based on estimated model parameters... 0.010 sec
Computing BIONJ tree...
0.007 seconds
Log-likelihood of BIONJ tree: -1187.917
--------------------------------------------------------------------
|             INITIALIZING CANDIDATE TREE SET                      |
--------------------------------------------------------------------
Generating 98 parsimony trees... 0.014 second
Computing log-likelihood of 56 initial trees ... 0.058 seconds
Current best score: -1187.917

Do NNI search on 20 best initial trees
Estimate model parameters (epsilon = 0.100)
BETTER TREE FOUND at iteration 1: -1187.916
UPDATE BEST LOG-LIKELIHOOD: -1187.916
WARNING: NNI search needs unusual large number of steps (7) to converge!
Iteration 10 / LogL: -1187.916 / Time: 0h:0m:0s
WARNING: NNI search needs unusual large number of steps (7) to converge!
Iteration 20 / LogL: -1187.916 / Time: 0h:0m:0s
Finish initializing candidate tree set (2)
Current best tree score: -1187.916 / CPU time: 0.283
Number of iterations: 20
--------------------------------------------------------------------
|               OPTIMIZING CANDIDATE TREE SET                      |
--------------------------------------------------------------------
UPDATE BEST LOG-LIKELIHOOD: -1187.916
WARNING: NNI search needs unusual large number of steps (7) to converge!
UPDATE BEST LOG-LIKELIHOOD: -1187.916
UPDATE BEST LOG-LIKELIHOOD: -1187.916
Iteration 30 / LogL: -1187.916 / Time: 0h:0m:0s (0h:0m:1s left)
Iteration 40 / LogL: -1187.916 / Time: 0h:0m:0s (0h:0m:0s left)
WARNING: NNI search needs unusual large number of steps (7) to converge!
UPDATE BEST LOG-LIKELIHOOD: -1187.916
WARNING: NNI search needs unusual large number of steps (7) to converge!
Iteration 50 / LogL: -1187.916 / Time: 0h:0m:0s (0h:0m:0s left)
UPDATE BEST LOG-LIKELIHOOD: -1187.916
Iteration 60 / LogL: -1187.917 / Time: 0h:0m:0s (0h:0m:0s left)
Iteration 70 / LogL: -1187.916 / Time: 0h:0m:0s (0h:0m:0s left)
WARNING: NNI search needs unusual large number of steps (7) to converge!
Iteration 80 / LogL: -1187.916 / Time: 0h:0m:0s (0h:0m:0s left)
WARNING: NNI search needs unusual large number of steps (7) to converge!
WARNING: NNI search needs unusual large number of steps (7) to converge!
Iteration 90 / LogL: -1187.916 / Time: 0h:0m:0s (0h:0m:0s left)
UPDATE BEST LOG-LIKELIHOOD: -1187.916
Iteration 100 / LogL: -1187.916 / Time: 0h:0m:1s (0h:0m:0s left)
TREE SEARCH COMPLETED AFTER 102 ITERATIONS / Time: 0h:0m:1s

--------------------------------------------------------------------
|                    FINALIZING TREE SEARCH                        |
--------------------------------------------------------------------
Performs final model parameters optimization
Estimate model parameters (epsilon = 0.010)
1. Initial log-likelihood: -1187.916
Optimal log-likelihood: -1187.916
Gamma shape alpha: 1.307
Parameters optimization took 1 rounds (0.002 sec)
BEST SCORE FOUND : -1187.916
Total tree length: 8.673

Total number of iterations: 102
CPU time used for tree search: 0.995 sec (0h:0m:0s)
Wall-clock time used for tree search: 1.025 sec (0h:0m:1s)
Total CPU time used: 1.022 sec (0h:0m:1s)
Total wall-clock time used: 1.068 sec (0h:0m:1s)

===> START BOOTSTRAP REPLICATE NUMBER 87

Creating bootstrap alignment (seed: 933895)...

Create initial parsimony tree by phylogenetic likelihood library (PLL)... 0.000 seconds

NOTE: 0 MB RAM (0 GB) is required!
Estimate model parameters (epsilon = 0.100)
1. Initial log-likelihood: -1152.854
2. Current log-likelihood: -1118.647
3. Current log-likelihood: -1116.884
4. Current log-likelihood: -1116.701
Optimal log-likelihood: -1116.675
Gamma shape alpha: 2.117
Parameters optimization took 4 rounds (0.013 sec)
Computing ML distances based on estimated model parameters... 0.009 sec
Computing BIONJ tree...
0.007 seconds
Log-likelihood of BIONJ tree: -1115.568
--------------------------------------------------------------------
|             INITIALIZING CANDIDATE TREE SET                      |
--------------------------------------------------------------------
Generating 98 parsimony trees... 0.015 second
Computing log-likelihood of 49 initial trees ... 0.048 seconds
Current best score: -1115.568

Do NNI search on 20 best initial trees
Estimate model parameters (epsilon = 0.100)
BETTER TREE FOUND at iteration 1: -1115.553
Iteration 10 / LogL: -1115.999 / Time: 0h:0m:0s
Iteration 20 / LogL: -1116.226 / Time: 0h:0m:0s
Finish initializing candidate tree set (3)
Current best tree score: -1115.553 / CPU time: 0.186
Number of iterations: 20
--------------------------------------------------------------------
|               OPTIMIZING CANDIDATE TREE SET                      |
--------------------------------------------------------------------
Iteration 30 / LogL: -1116.089 / Time: 0h:0m:0s (0h:0m:0s left)
UPDATE BEST LOG-LIKELIHOOD: -1115.553
Iteration 40 / LogL: -1117.798 / Time: 0h:0m:0s (0h:0m:0s left)
Iteration 50 / LogL: -1117.798 / Time: 0h:0m:0s (0h:0m:0s left)
UPDATE BEST LOG-LIKELIHOOD: -1115.553
Iteration 60 / LogL: -1116.112 / Time: 0h:0m:0s (0h:0m:0s left)
WARNING: NNI search needs unusual large number of steps (7) to converge!
Iteration 70 / LogL: -1117.798 / Time: 0h:0m:0s (0h:0m:0s left)
Iteration 80 / LogL: -1116.186 / Time: 0h:0m:0s (0h:0m:0s left)
UPDATE BEST LOG-LIKELIHOOD: -1115.553
Iteration 90 / LogL: -1117.798 / Time: 0h:0m:0s (0h:0m:0s left)
Iteration 100 / LogL: -1117.798 / Time: 0h:0m:0s (0h:0m:0s left)
WARNING: NNI search needs unusual large number of steps (7) to converge!
TREE SEARCH COMPLETED AFTER 102 ITERATIONS / Time: 0h:0m:0s

--------------------------------------------------------------------
|                    FINALIZING TREE SEARCH                        |
--------------------------------------------------------------------
Performs final model parameters optimization
Estimate model parameters (epsilon = 0.010)
1. Initial log-likelihood: -1115.553
Optimal log-likelihood: -1115.550
Gamma shape alpha: 2.259
Parameters optimization took 1 rounds (0.002 sec)
BEST SCORE FOUND : -1115.550
Total tree length: 6.875

Total number of iterations: 102
CPU time used for tree search: 0.689 sec (0h:0m:0s)
Wall-clock time used for tree search: 0.709 sec (0h:0m:0s)
Total CPU time used: 0.719 sec (0h:0m:0s)
Total wall-clock time used: 0.755 sec (0h:0m:0s)

===> START BOOTSTRAP REPLICATE NUMBER 88

Creating bootstrap alignment (seed: 933896)...
WARNING: States(s) W rarely appear in alignment and may cause numerical problems

Create initial parsimony tree by phylogenetic likelihood library (PLL)... 0.000 seconds

NOTE: 0 MB RAM (0 GB) is required!
Estimate model parameters (epsilon = 0.100)
1. Initial log-likelihood: -1201.231
2. Current log-likelihood: -1171.096
3. Current log-likelihood: -1170.304
Optimal log-likelihood: -1170.260
Gamma shape alpha: 0.881
Parameters optimization took 3 rounds (0.009 sec)
Computing ML distances based on estimated model parameters... 0.011 sec
Computing BIONJ tree...
0.009 seconds
Log-likelihood of BIONJ tree: -1170.251
--------------------------------------------------------------------
|             INITIALIZING CANDIDATE TREE SET                      |
--------------------------------------------------------------------
Generating 99 parsimony trees... 0.015 second
Computing log-likelihood of 56 initial trees ... 0.062 seconds
Current best score: -1168.637

Do NNI search on 20 best initial trees
Estimate model parameters (epsilon = 0.100)
BETTER TREE FOUND at iteration 1: -1168.274
UPDATE BEST LOG-LIKELIHOOD: -1168.268
Iteration 10 / LogL: -1169.460 / Time: 0h:0m:0s
Iteration 20 / LogL: -1168.273 / Time: 0h:0m:0s
Finish initializing candidate tree set (7)
Current best tree score: -1168.268 / CPU time: 0.307
Number of iterations: 20
--------------------------------------------------------------------
|               OPTIMIZING CANDIDATE TREE SET                      |
--------------------------------------------------------------------
Iteration 30 / LogL: -1169.449 / Time: 0h:0m:0s (0h:0m:1s left)
WARNING: NNI search needs unusual large number of steps (7) to converge!
WARNING: NNI search needs unusual large number of steps (7) to converge!
UPDATE BEST LOG-LIKELIHOOD: -1168.268
UPDATE BEST LOG-LIKELIHOOD: -1168.266
UPDATE BEST LOG-LIKELIHOOD: -1168.266
Iteration 40 / LogL: -1168.266 / Time: 0h:0m:0s (0h:0m:0s left)
WARNING: NNI search needs unusual large number of steps (7) to converge!
Iteration 50 / LogL: -1168.274 / Time: 0h:0m:0s (0h:0m:0s left)
Iteration 60 / LogL: -1169.447 / Time: 0h:0m:0s (0h:0m:0s left)
UPDATE BEST LOG-LIKELIHOOD: -1168.265
Iteration 70 / LogL: -1169.450 / Time: 0h:0m:0s (0h:0m:0s left)
Iteration 80 / LogL: -1169.447 / Time: 0h:0m:0s (0h:0m:0s left)
WARNING: NNI search needs unusual large number of steps (7) to converge!
Iteration 90 / LogL: -1169.460 / Time: 0h:0m:0s (0h:0m:0s left)
Iteration 100 / LogL: -1169.460 / Time: 0h:0m:1s (0h:0m:0s left)
TREE SEARCH COMPLETED AFTER 102 ITERATIONS / Time: 0h:0m:1s

--------------------------------------------------------------------
|                    FINALIZING TREE SEARCH                        |
--------------------------------------------------------------------
Performs final model parameters optimization
Estimate model parameters (epsilon = 0.010)
1. Initial log-likelihood: -1168.265
Optimal log-likelihood: -1168.264
Gamma shape alpha: 0.873
Parameters optimization took 1 rounds (0.002 sec)
BEST SCORE FOUND : -1168.264
Total tree length: 9.414

Total number of iterations: 102
CPU time used for tree search: 0.997 sec (0h:0m:0s)
Wall-clock time used for tree search: 1.013 sec (0h:0m:1s)
Total CPU time used: 1.028 sec (0h:0m:1s)
Total wall-clock time used: 1.062 sec (0h:0m:1s)

===> START BOOTSTRAP REPLICATE NUMBER 89

Creating bootstrap alignment (seed: 933897)...

Create initial parsimony tree by phylogenetic likelihood library (PLL)... 0.000 seconds

NOTE: 0 MB RAM (0 GB) is required!
Estimate model parameters (epsilon = 0.100)
1. Initial log-likelihood: -1171.472
2. Current log-likelihood: -1133.070
3. Current log-likelihood: -1132.313
Optimal log-likelihood: -1132.269
Gamma shape alpha: 1.373
Parameters optimization took 3 rounds (0.008 sec)
Computing ML distances based on estimated model parameters... 0.009 sec
Computing BIONJ tree...
0.007 seconds
Log-likelihood of BIONJ tree: -1131.345
--------------------------------------------------------------------
|             INITIALIZING CANDIDATE TREE SET                      |
--------------------------------------------------------------------
Generating 98 parsimony trees... 0.015 second
Computing log-likelihood of 50 initial trees ... 0.052 seconds
Current best score: -1131.345

Do NNI search on 20 best initial trees
Estimate model parameters (epsilon = 0.100)
BETTER TREE FOUND at iteration 1: -1131.341
Estimate model parameters (epsilon = 0.100)
BETTER TREE FOUND at iteration 2: -1130.735
Estimate model parameters (epsilon = 0.100)
BETTER TREE FOUND at iteration 4: -1128.906
WARNING: NNI search needs unusual large number of steps (7) to converge!
UPDATE BEST LOG-LIKELIHOOD: -1128.906
Iteration 10 / LogL: -1128.906 / Time: 0h:0m:0s
Iteration 20 / LogL: -1131.677 / Time: 0h:0m:0s
Finish initializing candidate tree set (8)
Current best tree score: -1128.906 / CPU time: 0.211
Number of iterations: 20
--------------------------------------------------------------------
|               OPTIMIZING CANDIDATE TREE SET                      |
--------------------------------------------------------------------
UPDATE BEST LOG-LIKELIHOOD: -1128.906
Iteration 30 / LogL: -1131.400 / Time: 0h:0m:0s (0h:0m:0s left)
UPDATE BEST LOG-LIKELIHOOD: -1128.905
WARNING: NNI search needs unusual large number of steps (7) to converge!
Iteration 40 / LogL: -1130.730 / Time: 0h:0m:0s (0h:0m:0s left)
WARNING: NNI search needs unusual large number of steps (7) to converge!
Iteration 50 / LogL: -1128.905 / Time: 0h:0m:0s (0h:0m:0s left)
UPDATE BEST LOG-LIKELIHOOD: -1128.905
UPDATE BEST LOG-LIKELIHOOD: -1128.905
Iteration 60 / LogL: -1131.640 / Time: 0h:0m:0s (0h:0m:0s left)
Iteration 70 / LogL: -1130.791 / Time: 0h:0m:0s (0h:0m:0s left)
Iteration 80 / LogL: -1131.857 / Time: 0h:0m:0s (0h:0m:0s left)
UPDATE BEST LOG-LIKELIHOOD: -1128.905
Iteration 90 / LogL: -1128.906 / Time: 0h:0m:0s (0h:0m:0s left)
Iteration 100 / LogL: -1131.396 / Time: 0h:0m:0s (0h:0m:0s left)
TREE SEARCH COMPLETED AFTER 105 ITERATIONS / Time: 0h:0m:0s

--------------------------------------------------------------------
|                    FINALIZING TREE SEARCH                        |
--------------------------------------------------------------------
Performs final model parameters optimization
Estimate model parameters (epsilon = 0.010)
1. Initial log-likelihood: -1128.905
Optimal log-likelihood: -1128.904
Gamma shape alpha: 1.548
Parameters optimization took 1 rounds (0.002 sec)
BEST SCORE FOUND : -1128.904
Total tree length: 7.459

Total number of iterations: 105
CPU time used for tree search: 0.915 sec (0h:0m:0s)
Wall-clock time used for tree search: 0.944 sec (0h:0m:0s)
Total CPU time used: 0.942 sec (0h:0m:0s)
Total wall-clock time used: 0.986 sec (0h:0m:0s)

===> START BOOTSTRAP REPLICATE NUMBER 90

Creating bootstrap alignment (seed: 933898)...
WARNING: States(s) W rarely appear in alignment and may cause numerical problems

Create initial parsimony tree by phylogenetic likelihood library (PLL)... 0.000 seconds

NOTE: 0 MB RAM (0 GB) is required!
Estimate model parameters (epsilon = 0.100)
1. Initial log-likelihood: -1154.470
2. Current log-likelihood: -1135.163
3. Current log-likelihood: -1134.518
Optimal log-likelihood: -1134.449
Gamma shape alpha: 1.922
Parameters optimization took 3 rounds (0.010 sec)
Computing ML distances based on estimated model parameters... 0.009 sec
Computing BIONJ tree...
0.007 seconds
Log-likelihood of BIONJ tree: -1133.923
--------------------------------------------------------------------
|             INITIALIZING CANDIDATE TREE SET                      |
--------------------------------------------------------------------
Generating 98 parsimony trees... 0.014 second
Computing log-likelihood of 51 initial trees ... 0.054 seconds
Current best score: -1133.923

Do NNI search on 20 best initial trees
Estimate model parameters (epsilon = 0.100)
BETTER TREE FOUND at iteration 1: -1133.900
UPDATE BEST LOG-LIKELIHOOD: -1133.900
WARNING: NNI search needs unusual large number of steps (7) to converge!
Iteration 10 / LogL: -1141.587 / Time: 0h:0m:0s
WARNING: NNI search needs unusual large number of steps (7) to converge!
WARNING: NNI search needs unusual large number of steps (7) to converge!
UPDATE BEST LOG-LIKELIHOOD: -1133.900
UPDATE BEST LOG-LIKELIHOOD: -1133.900
WARNING: NNI search needs unusual large number of steps (7) to converge!
Iteration 20 / LogL: -1133.902 / Time: 0h:0m:0s
Finish initializing candidate tree set (5)
Current best tree score: -1133.900 / CPU time: 0.297
Number of iterations: 20
--------------------------------------------------------------------
|               OPTIMIZING CANDIDATE TREE SET                      |
--------------------------------------------------------------------
WARNING: NNI search needs unusual large number of steps (7) to converge!
UPDATE BEST LOG-LIKELIHOOD: -1133.900
WARNING: NNI search needs unusual large number of steps (7) to converge!
Iteration 30 / LogL: -1141.924 / Time: 0h:0m:0s (0h:0m:1s left)
WARNING: NNI search needs unusual large number of steps (7) to converge!
Iteration 40 / LogL: -1133.900 / Time: 0h:0m:0s (0h:0m:0s left)
Iteration 50 / LogL: -1133.901 / Time: 0h:0m:0s (0h:0m:0s left)
UPDATE BEST LOG-LIKELIHOOD: -1133.900
Iteration 60 / LogL: -1133.921 / Time: 0h:0m:0s (0h:0m:0s left)
UPDATE BEST LOG-LIKELIHOOD: -1133.900
WARNING: NNI search needs unusual large number of steps (7) to converge!
Iteration 70 / LogL: -1133.900 / Time: 0h:0m:0s (0h:0m:0s left)
WARNING: NNI search needs unusual large number of steps (7) to converge!
WARNING: NNI search needs unusual large number of steps (7) to converge!
UPDATE BEST LOG-LIKELIHOOD: -1133.900
Iteration 80 / LogL: -1133.900 / Time: 0h:0m:0s (0h:0m:0s left)
WARNING: NNI search needs unusual large number of steps (7) to converge!
WARNING: NNI search needs unusual large number of steps (7) to converge!
Iteration 90 / LogL: -1141.578 / Time: 0h:0m:1s (0h:0m:0s left)
UPDATE BEST LOG-LIKELIHOOD: -1133.900
UPDATE BEST LOG-LIKELIHOOD: -1133.900
Iteration 100 / LogL: -1133.921 / Time: 0h:0m:1s (0h:0m:0s left)
TREE SEARCH COMPLETED AFTER 102 ITERATIONS / Time: 0h:0m:1s

--------------------------------------------------------------------
|                    FINALIZING TREE SEARCH                        |
--------------------------------------------------------------------
Performs final model parameters optimization
Estimate model parameters (epsilon = 0.010)
1. Initial log-likelihood: -1133.900
Optimal log-likelihood: -1133.898
Gamma shape alpha: 2.071
Parameters optimization took 1 rounds (0.002 sec)
BEST SCORE FOUND : -1133.898
Total tree length: 6.530

Total number of iterations: 102
CPU time used for tree search: 1.078 sec (0h:0m:1s)
Wall-clock time used for tree search: 1.107 sec (0h:0m:1s)
Total CPU time used: 1.106 sec (0h:0m:1s)
Total wall-clock time used: 1.151 sec (0h:0m:1s)

===> START BOOTSTRAP REPLICATE NUMBER 91

Creating bootstrap alignment (seed: 933899)...

Create initial parsimony tree by phylogenetic likelihood library (PLL)... 0.000 seconds

NOTE: 0 MB RAM (0 GB) is required!
Estimate model parameters (epsilon = 0.100)
1. Initial log-likelihood: -1104.054
2. Current log-likelihood: -1072.906
3. Current log-likelihood: -1072.463
Optimal log-likelihood: -1072.358
Gamma shape alpha: 1.321
Parameters optimization took 3 rounds (0.008 sec)
Computing ML distances based on estimated model parameters... 0.010 sec
Computing BIONJ tree...
0.007 seconds
Log-likelihood of BIONJ tree: -1071.928
--------------------------------------------------------------------
|             INITIALIZING CANDIDATE TREE SET                      |
--------------------------------------------------------------------
Generating 98 parsimony trees... 0.015 second
Computing log-likelihood of 46 initial trees ... 0.046 seconds
Current best score: -1071.928

Do NNI search on 20 best initial trees
Estimate model parameters (epsilon = 0.100)
BETTER TREE FOUND at iteration 1: -1071.313
Iteration 10 / LogL: -1071.502 / Time: 0h:0m:0s
Iteration 20 / LogL: -1072.290 / Time: 0h:0m:0s
Finish initializing candidate tree set (4)
Current best tree score: -1071.313 / CPU time: 0.160
Number of iterations: 20
--------------------------------------------------------------------
|               OPTIMIZING CANDIDATE TREE SET                      |
--------------------------------------------------------------------
Iteration 30 / LogL: -1071.313 / Time: 0h:0m:0s (0h:0m:0s left)
Iteration 40 / LogL: -1071.718 / Time: 0h:0m:0s (0h:0m:0s left)
Iteration 50 / LogL: -1071.912 / Time: 0h:0m:0s (0h:0m:0s left)
Iteration 60 / LogL: -1072.200 / Time: 0h:0m:0s (0h:0m:0s left)
UPDATE BEST LOG-LIKELIHOOD: -1071.313
Iteration 70 / LogL: -1071.408 / Time: 0h:0m:0s (0h:0m:0s left)
UPDATE BEST LOG-LIKELIHOOD: -1071.311
Iteration 80 / LogL: -1072.090 / Time: 0h:0m:0s (0h:0m:0s left)
Iteration 90 / LogL: -1071.970 / Time: 0h:0m:0s (0h:0m:0s left)
Iteration 100 / LogL: -1072.176 / Time: 0h:0m:0s (0h:0m:0s left)
TREE SEARCH COMPLETED AFTER 102 ITERATIONS / Time: 0h:0m:0s

--------------------------------------------------------------------
|                    FINALIZING TREE SEARCH                        |
--------------------------------------------------------------------
Performs final model parameters optimization
Estimate model parameters (epsilon = 0.010)
1. Initial log-likelihood: -1071.311
2. Current log-likelihood: -1071.297
Optimal log-likelihood: -1071.288
Gamma shape alpha: 1.546
Parameters optimization took 2 rounds (0.004 sec)
BEST SCORE FOUND : -1071.288
Total tree length: 7.593

Total number of iterations: 102
CPU time used for tree search: 0.583 sec (0h:0m:0s)
Wall-clock time used for tree search: 0.597 sec (0h:0m:0s)
Total CPU time used: 0.613 sec (0h:0m:0s)
Total wall-clock time used: 0.641 sec (0h:0m:0s)

===> START BOOTSTRAP REPLICATE NUMBER 92

Creating bootstrap alignment (seed: 933900)...
WARNING: States(s) C, W rarely appear in alignment and may cause numerical problems

Create initial parsimony tree by phylogenetic likelihood library (PLL)... 0.000 seconds

NOTE: 0 MB RAM (0 GB) is required!
Estimate model parameters (epsilon = 0.100)
1. Initial log-likelihood: -1255.077
2. Current log-likelihood: -1229.980
3. Current log-likelihood: -1228.926
Optimal log-likelihood: -1228.849
Gamma shape alpha: 1.806
Parameters optimization took 3 rounds (0.010 sec)
Computing ML distances based on estimated model parameters... 0.009 sec
Computing BIONJ tree...
0.007 seconds
Log-likelihood of BIONJ tree: -1227.331
--------------------------------------------------------------------
|             INITIALIZING CANDIDATE TREE SET                      |
--------------------------------------------------------------------
Generating 98 parsimony trees... 0.015 second
Computing log-likelihood of 35 initial trees ... 0.035 seconds
Current best score: -1227.331

Do NNI search on 20 best initial trees
Estimate model parameters (epsilon = 0.100)
BETTER TREE FOUND at iteration 1: -1227.330
Iteration 10 / LogL: -1229.039 / Time: 0h:0m:0s
Iteration 20 / LogL: -1229.437 / Time: 0h:0m:0s
Finish initializing candidate tree set (4)
Current best tree score: -1227.330 / CPU time: 0.178
Number of iterations: 20
--------------------------------------------------------------------
|               OPTIMIZING CANDIDATE TREE SET                      |
--------------------------------------------------------------------
UPDATE BEST LOG-LIKELIHOOD: -1227.330
UPDATE BEST LOG-LIKELIHOOD: -1227.330
UPDATE BEST LOG-LIKELIHOOD: -1227.330
Iteration 30 / LogL: -1227.330 / Time: 0h:0m:0s (0h:0m:0s left)
UPDATE BEST LOG-LIKELIHOOD: -1227.330
WARNING: NNI search needs unusual large number of steps (7) to converge!
Iteration 40 / LogL: -1229.097 / Time: 0h:0m:0s (0h:0m:0s left)
WARNING: NNI search needs unusual large number of steps (7) to converge!
Iteration 50 / LogL: -1227.330 / Time: 0h:0m:0s (0h:0m:0s left)
Iteration 60 / LogL: -1227.330 / Time: 0h:0m:0s (0h:0m:0s left)
UPDATE BEST LOG-LIKELIHOOD: -1227.330
Iteration 70 / LogL: -1227.330 / Time: 0h:0m:0s (0h:0m:0s left)
Iteration 80 / LogL: -1229.575 / Time: 0h:0m:0s (0h:0m:0s left)
Iteration 90 / LogL: -1229.359 / Time: 0h:0m:0s (0h:0m:0s left)
Iteration 100 / LogL: -1228.986 / Time: 0h:0m:0s (0h:0m:0s left)
TREE SEARCH COMPLETED AFTER 102 ITERATIONS / Time: 0h:0m:0s

--------------------------------------------------------------------
|                    FINALIZING TREE SEARCH                        |
--------------------------------------------------------------------
Performs final model parameters optimization
Estimate model parameters (epsilon = 0.010)
1. Initial log-likelihood: -1227.330
Optimal log-likelihood: -1227.329
Gamma shape alpha: 1.840
Parameters optimization took 1 rounds (0.002 sec)
BEST SCORE FOUND : -1227.329
Total tree length: 7.356

Total number of iterations: 102
CPU time used for tree search: 0.752 sec (0h:0m:0s)
Wall-clock time used for tree search: 0.779 sec (0h:0m:0s)
Total CPU time used: 0.782 sec (0h:0m:0s)
Total wall-clock time used: 0.824 sec (0h:0m:0s)

===> START BOOTSTRAP REPLICATE NUMBER 93

Creating bootstrap alignment (seed: 933901)...
WARNING: States(s) C rarely appear in alignment and may cause numerical problems

Create initial parsimony tree by phylogenetic likelihood library (PLL)... 0.000 seconds

NOTE: 0 MB RAM (0 GB) is required!
Estimate model parameters (epsilon = 0.100)
1. Initial log-likelihood: -1183.110
2. Current log-likelihood: -1149.145
3. Current log-likelihood: -1148.716
Optimal log-likelihood: -1148.671
Gamma shape alpha: 1.272
Parameters optimization took 3 rounds (0.009 sec)
Computing ML distances based on estimated model parameters... 0.011 sec
WARNING: Some pairwise ML distances are too long (saturated)
Computing BIONJ tree...
0.007 seconds
Log-likelihood of BIONJ tree: -1147.739
--------------------------------------------------------------------
|             INITIALIZING CANDIDATE TREE SET                      |
--------------------------------------------------------------------
Generating 98 parsimony trees... 0.015 second
Computing log-likelihood of 42 initial trees ... 0.043 seconds
Current best score: -1147.739

Do NNI search on 20 best initial trees
Estimate model parameters (epsilon = 0.100)
BETTER TREE FOUND at iteration 1: -1147.565
Iteration 10 / LogL: -1148.871 / Time: 0h:0m:0s
Iteration 20 / LogL: -1148.234 / Time: 0h:0m:0s
Finish initializing candidate tree set (3)
Current best tree score: -1147.565 / CPU time: 0.160
Number of iterations: 20
--------------------------------------------------------------------
|               OPTIMIZING CANDIDATE TREE SET                      |
--------------------------------------------------------------------
Iteration 30 / LogL: -1147.880 / Time: 0h:0m:0s (0h:0m:0s left)
UPDATE BEST LOG-LIKELIHOOD: -1147.564
Iteration 40 / LogL: -1149.809 / Time: 0h:0m:0s (0h:0m:0s left)
UPDATE BEST LOG-LIKELIHOOD: -1147.564
Iteration 50 / LogL: -1148.124 / Time: 0h:0m:0s (0h:0m:0s left)
UPDATE BEST LOG-LIKELIHOOD: -1147.564
Iteration 60 / LogL: -1147.679 / Time: 0h:0m:0s (0h:0m:0s left)
UPDATE BEST LOG-LIKELIHOOD: -1147.564
Iteration 70 / LogL: -1148.680 / Time: 0h:0m:0s (0h:0m:0s left)
Iteration 80 / LogL: -1147.614 / Time: 0h:0m:0s (0h:0m:0s left)
Iteration 90 / LogL: -1148.393 / Time: 0h:0m:0s (0h:0m:0s left)
Iteration 100 / LogL: -1148.131 / Time: 0h:0m:0s (0h:0m:0s left)
TREE SEARCH COMPLETED AFTER 102 ITERATIONS / Time: 0h:0m:0s

--------------------------------------------------------------------
|                    FINALIZING TREE SEARCH                        |
--------------------------------------------------------------------
Performs final model parameters optimization
Estimate model parameters (epsilon = 0.010)
1. Initial log-likelihood: -1147.564
Optimal log-likelihood: -1147.557
Gamma shape alpha: 1.506
Parameters optimization took 1 rounds (0.002 sec)
BEST SCORE FOUND : -1147.557
Total tree length: 9.484

Total number of iterations: 102
CPU time used for tree search: 0.621 sec (0h:0m:0s)
Wall-clock time used for tree search: 0.638 sec (0h:0m:0s)
Total CPU time used: 0.650 sec (0h:0m:0s)
Total wall-clock time used: 0.682 sec (0h:0m:0s)

===> START BOOTSTRAP REPLICATE NUMBER 94

Creating bootstrap alignment (seed: 933902)...
WARNING: States(s) W rarely appear in alignment and may cause numerical problems

Create initial parsimony tree by phylogenetic likelihood library (PLL)... 0.000 seconds

NOTE: 0 MB RAM (0 GB) is required!
Estimate model parameters (epsilon = 0.100)
1. Initial log-likelihood: -1248.498
2. Current log-likelihood: -1216.085
3. Current log-likelihood: -1214.952
4. Current log-likelihood: -1214.755
Optimal log-likelihood: -1214.720
Gamma shape alpha: 1.749
Parameters optimization took 4 rounds (0.012 sec)
Computing ML distances based on estimated model parameters... 0.010 sec
Computing BIONJ tree...
0.007 seconds
Log-likelihood of BIONJ tree: -1216.617
--------------------------------------------------------------------
|             INITIALIZING CANDIDATE TREE SET                      |
--------------------------------------------------------------------
Generating 98 parsimony trees... 0.015 second
Computing log-likelihood of 50 initial trees ... 0.050 seconds
Current best score: -1214.025

Do NNI search on 20 best initial trees
Estimate model parameters (epsilon = 0.100)
BETTER TREE FOUND at iteration 1: -1213.348
BETTER TREE FOUND at iteration 2: -1213.348
UPDATE BEST LOG-LIKELIHOOD: -1213.348
UPDATE BEST LOG-LIKELIHOOD: -1213.348
Iteration 10 / LogL: -1214.061 / Time: 0h:0m:0s
UPDATE BEST LOG-LIKELIHOOD: -1213.348
UPDATE BEST LOG-LIKELIHOOD: -1213.348
Iteration 20 / LogL: -1213.425 / Time: 0h:0m:0s
Finish initializing candidate tree set (6)
Current best tree score: -1213.348 / CPU time: 0.219
Number of iterations: 20
--------------------------------------------------------------------
|               OPTIMIZING CANDIDATE TREE SET                      |
--------------------------------------------------------------------
UPDATE BEST LOG-LIKELIHOOD: -1213.348
Iteration 30 / LogL: -1213.397 / Time: 0h:0m:0s (0h:0m:0s left)
Iteration 40 / LogL: -1213.348 / Time: 0h:0m:0s (0h:0m:0s left)
Iteration 50 / LogL: -1213.348 / Time: 0h:0m:0s (0h:0m:0s left)
Iteration 60 / LogL: -1213.348 / Time: 0h:0m:0s (0h:0m:0s left)
UPDATE BEST LOG-LIKELIHOOD: -1213.347
UPDATE BEST LOG-LIKELIHOOD: -1213.342
Iteration 70 / LogL: -1214.465 / Time: 0h:0m:0s (0h:0m:0s left)
WARNING: NNI search needs unusual large number of steps (7) to converge!
Iteration 80 / LogL: -1213.348 / Time: 0h:0m:0s (0h:0m:0s left)
WARNING: NNI search needs unusual large number of steps (7) to converge!
Iteration 90 / LogL: -1213.348 / Time: 0h:0m:0s (0h:0m:0s left)
WARNING: NNI search needs unusual large number of steps (7) to converge!
Iteration 100 / LogL: -1213.348 / Time: 0h:0m:0s (0h:0m:0s left)
TREE SEARCH COMPLETED AFTER 103 ITERATIONS / Time: 0h:0m:0s

--------------------------------------------------------------------
|                    FINALIZING TREE SEARCH                        |
--------------------------------------------------------------------
Performs final model parameters optimization
Estimate model parameters (epsilon = 0.010)
1. Initial log-likelihood: -1213.342
2. Current log-likelihood: -1213.199
3. Current log-likelihood: -1213.136
Optimal log-likelihood: -1213.125
Gamma shape alpha: 2.213
Parameters optimization took 3 rounds (0.007 sec)
BEST SCORE FOUND : -1213.125
Total tree length: 8.429

Total number of iterations: 103
CPU time used for tree search: 0.736 sec (0h:0m:0s)
Wall-clock time used for tree search: 0.757 sec (0h:0m:0s)
Total CPU time used: 0.773 sec (0h:0m:0s)
Total wall-clock time used: 0.809 sec (0h:0m:0s)

===> START BOOTSTRAP REPLICATE NUMBER 95

Creating bootstrap alignment (seed: 933903)...
WARNING: States(s) C rarely appear in alignment and may cause numerical problems

Create initial parsimony tree by phylogenetic likelihood library (PLL)... 0.000 seconds

NOTE: 0 MB RAM (0 GB) is required!
Estimate model parameters (epsilon = 0.100)
1. Initial log-likelihood: -1144.432
2. Current log-likelihood: -1116.727
Optimal log-likelihood: -1116.567
Gamma shape alpha: 1.281
Parameters optimization took 2 rounds (0.005 sec)
Computing ML distances based on estimated model parameters... 0.010 sec
Computing BIONJ tree...
0.007 seconds
Log-likelihood of BIONJ tree: -1116.067
--------------------------------------------------------------------
|             INITIALIZING CANDIDATE TREE SET                      |
--------------------------------------------------------------------
Generating 98 parsimony trees... 0.015 second
Computing log-likelihood of 44 initial trees ... 0.046 seconds
Current best score: -1116.067

Do NNI search on 20 best initial trees
Estimate model parameters (epsilon = 0.100)
BETTER TREE FOUND at iteration 1: -1116.028
Estimate model parameters (epsilon = 0.100)
UPDATE BEST LOG-LIKELIHOOD: -1115.920
Iteration 10 / LogL: -1116.086 / Time: 0h:0m:0s
Iteration 20 / LogL: -1116.011 / Time: 0h:0m:0s
Finish initializing candidate tree set (2)
Current best tree score: -1115.920 / CPU time: 0.172
Number of iterations: 20
--------------------------------------------------------------------
|               OPTIMIZING CANDIDATE TREE SET                      |
--------------------------------------------------------------------
Estimate model parameters (epsilon = 0.100)
UPDATE BEST LOG-LIKELIHOOD: -1115.889
UPDATE BEST LOG-LIKELIHOOD: -1115.889
Iteration 30 / LogL: -1116.038 / Time: 0h:0m:0s (0h:0m:0s left)
Iteration 40 / LogL: -1116.029 / Time: 0h:0m:0s (0h:0m:0s left)
Iteration 50 / LogL: -1115.901 / Time: 0h:0m:0s (0h:0m:0s left)
Iteration 60 / LogL: -1116.030 / Time: 0h:0m:0s (0h:0m:0s left)
WARNING: NNI search needs unusual large number of steps (7) to converge!
Iteration 70 / LogL: -1116.096 / Time: 0h:0m:0s (0h:0m:0s left)
UPDATE BEST LOG-LIKELIHOOD: -1115.888
Iteration 80 / LogL: -1116.025 / Time: 0h:0m:0s (0h:0m:0s left)
UPDATE BEST LOG-LIKELIHOOD: -1115.887
Iteration 90 / LogL: -1116.079 / Time: 0h:0m:0s (0h:0m:0s left)
Iteration 100 / LogL: -1116.029 / Time: 0h:0m:0s (0h:0m:0s left)
TREE SEARCH COMPLETED AFTER 102 ITERATIONS / Time: 0h:0m:0s

--------------------------------------------------------------------
|                    FINALIZING TREE SEARCH                        |
--------------------------------------------------------------------
Performs final model parameters optimization
Estimate model parameters (epsilon = 0.010)
1. Initial log-likelihood: -1115.887
Optimal log-likelihood: -1115.886
Gamma shape alpha: 1.338
Parameters optimization took 1 rounds (0.001 sec)
BEST SCORE FOUND : -1115.886
Total tree length: 10.008

Total number of iterations: 102
CPU time used for tree search: 0.684 sec (0h:0m:0s)
Wall-clock time used for tree search: 0.706 sec (0h:0m:0s)
Total CPU time used: 0.710 sec (0h:0m:0s)
Total wall-clock time used: 0.747 sec (0h:0m:0s)

===> START BOOTSTRAP REPLICATE NUMBER 96

Creating bootstrap alignment (seed: 933904)...

Create initial parsimony tree by phylogenetic likelihood library (PLL)... 0.000 seconds

NOTE: 0 MB RAM (0 GB) is required!
Estimate model parameters (epsilon = 0.100)
1. Initial log-likelihood: -1216.128
2. Current log-likelihood: -1183.572
3. Current log-likelihood: -1183.221
Optimal log-likelihood: -1183.121
Gamma shape alpha: 1.244
Parameters optimization took 3 rounds (0.008 sec)
Computing ML distances based on estimated model parameters... 0.010 sec
Computing BIONJ tree...
0.007 seconds
Log-likelihood of BIONJ tree: -1182.484
--------------------------------------------------------------------
|             INITIALIZING CANDIDATE TREE SET                      |
--------------------------------------------------------------------
Generating 98 parsimony trees... 0.015 second
Computing log-likelihood of 42 initial trees ... 0.045 seconds
Current best score: -1182.484

Do NNI search on 20 best initial trees
Estimate model parameters (epsilon = 0.100)
BETTER TREE FOUND at iteration 1: -1182.461
Estimate model parameters (epsilon = 0.100)
BETTER TREE FOUND at iteration 8: -1181.735
Iteration 10 / LogL: -1183.074 / Time: 0h:0m:0s
Iteration 20 / LogL: -1181.735 / Time: 0h:0m:0s
Finish initializing candidate tree set (4)
Current best tree score: -1181.735 / CPU time: 0.197
Number of iterations: 20
--------------------------------------------------------------------
|               OPTIMIZING CANDIDATE TREE SET                      |
--------------------------------------------------------------------
UPDATE BEST LOG-LIKELIHOOD: -1181.735
Iteration 30 / LogL: -1182.524 / Time: 0h:0m:0s (0h:0m:0s left)
Iteration 40 / LogL: -1181.735 / Time: 0h:0m:0s (0h:0m:0s left)
WARNING: NNI search needs unusual large number of steps (7) to converge!
Iteration 50 / LogL: -1181.735 / Time: 0h:0m:0s (0h:0m:0s left)
Iteration 60 / LogL: -1182.818 / Time: 0h:0m:0s (0h:0m:0s left)
Iteration 70 / LogL: -1182.503 / Time: 0h:0m:0s (0h:0m:0s left)
UPDATE BEST LOG-LIKELIHOOD: -1181.735
Iteration 80 / LogL: -1182.737 / Time: 0h:0m:0s (0h:0m:0s left)
Iteration 90 / LogL: -1181.735 / Time: 0h:0m:0s (0h:0m:0s left)
Iteration 100 / LogL: -1183.076 / Time: 0h:0m:0s (0h:0m:0s left)
UPDATE BEST LOG-LIKELIHOOD: -1181.735
TREE SEARCH COMPLETED AFTER 109 ITERATIONS / Time: 0h:0m:0s

--------------------------------------------------------------------
|                    FINALIZING TREE SEARCH                        |
--------------------------------------------------------------------
Performs final model parameters optimization
Estimate model parameters (epsilon = 0.010)
1. Initial log-likelihood: -1181.735
Optimal log-likelihood: -1181.735
Gamma shape alpha: 1.283
Parameters optimization took 1 rounds (0.002 sec)
BEST SCORE FOUND : -1181.735
Total tree length: 9.351

Total number of iterations: 109
CPU time used for tree search: 0.748 sec (0h:0m:0s)
Wall-clock time used for tree search: 0.769 sec (0h:0m:0s)
Total CPU time used: 0.780 sec (0h:0m:0s)
Total wall-clock time used: 0.814 sec (0h:0m:0s)

===> START BOOTSTRAP REPLICATE NUMBER 97

Creating bootstrap alignment (seed: 933905)...

Create initial parsimony tree by phylogenetic likelihood library (PLL)... 0.000 seconds

NOTE: 0 MB RAM (0 GB) is required!
Estimate model parameters (epsilon = 0.100)
1. Initial log-likelihood: -1269.384
2. Current log-likelihood: -1245.342
3. Current log-likelihood: -1245.125
Optimal log-likelihood: -1245.045
Gamma shape alpha: 1.219
Parameters optimization took 3 rounds (0.008 sec)
Computing ML distances based on estimated model parameters... 0.010 sec
Computing BIONJ tree...
0.007 seconds
Log-likelihood of BIONJ tree: -1246.588
--------------------------------------------------------------------
|             INITIALIZING CANDIDATE TREE SET                      |
--------------------------------------------------------------------
Generating 98 parsimony trees... 0.015 second
Computing log-likelihood of 38 initial trees ... 0.037 seconds
Current best score: -1245.045

Do NNI search on 20 best initial trees
Estimate model parameters (epsilon = 0.100)
BETTER TREE FOUND at iteration 1: -1244.875
Iteration 10 / LogL: -1244.990 / Time: 0h:0m:0s
Iteration 20 / LogL: -1245.225 / Time: 0h:0m:0s
Finish initializing candidate tree set (1)
Current best tree score: -1244.875 / CPU time: 0.155
Number of iterations: 20
--------------------------------------------------------------------
|               OPTIMIZING CANDIDATE TREE SET                      |
--------------------------------------------------------------------
Iteration 30 / LogL: -1244.875 / Time: 0h:0m:0s (0h:0m:0s left)
Estimate model parameters (epsilon = 0.100)
UPDATE BEST LOG-LIKELIHOOD: -1244.841
Iteration 40 / LogL: -1244.921 / Time: 0h:0m:0s (0h:0m:0s left)
UPDATE BEST LOG-LIKELIHOOD: -1244.835
Iteration 50 / LogL: -1244.911 / Time: 0h:0m:0s (0h:0m:0s left)
UPDATE BEST LOG-LIKELIHOOD: -1244.832
UPDATE BEST LOG-LIKELIHOOD: -1244.832
Iteration 60 / LogL: -1244.832 / Time: 0h:0m:0s (0h:0m:0s left)
UPDATE BEST LOG-LIKELIHOOD: -1244.828
Iteration 70 / LogL: -1244.839 / Time: 0h:0m:0s (0h:0m:0s left)
Iteration 80 / LogL: -1244.876 / Time: 0h:0m:0s (0h:0m:0s left)
Iteration 90 / LogL: -1244.887 / Time: 0h:0m:0s (0h:0m:0s left)
Iteration 100 / LogL: -1244.832 / Time: 0h:0m:0s (0h:0m:0s left)
TREE SEARCH COMPLETED AFTER 102 ITERATIONS / Time: 0h:0m:0s

--------------------------------------------------------------------
|                    FINALIZING TREE SEARCH                        |
--------------------------------------------------------------------
Performs final model parameters optimization
Estimate model parameters (epsilon = 0.010)
1. Initial log-likelihood: -1244.828
Optimal log-likelihood: -1244.828
Gamma shape alpha: 1.243
Parameters optimization took 1 rounds (0.001 sec)
BEST SCORE FOUND : -1244.828
Total tree length: 8.828

Total number of iterations: 102
CPU time used for tree search: 0.589 sec (0h:0m:0s)
Wall-clock time used for tree search: 0.616 sec (0h:0m:0s)
Total CPU time used: 0.615 sec (0h:0m:0s)
Total wall-clock time used: 0.658 sec (0h:0m:0s)

===> START BOOTSTRAP REPLICATE NUMBER 98

Creating bootstrap alignment (seed: 933906)...
WARNING: States(s) W rarely appear in alignment and may cause numerical problems

Create initial parsimony tree by phylogenetic likelihood library (PLL)... 0.000 seconds

NOTE: 0 MB RAM (0 GB) is required!
Estimate model parameters (epsilon = 0.100)
1. Initial log-likelihood: -1222.234
2. Current log-likelihood: -1192.486
3. Current log-likelihood: -1190.181
4. Current log-likelihood: -1189.775
Optimal log-likelihood: -1189.708
Gamma shape alpha: 4.091
Parameters optimization took 4 rounds (0.012 sec)
Computing ML distances based on estimated model parameters... 0.009 sec
Computing BIONJ tree...
0.007 seconds
Log-likelihood of BIONJ tree: -1182.710
--------------------------------------------------------------------
|             INITIALIZING CANDIDATE TREE SET                      |
--------------------------------------------------------------------
Generating 98 parsimony trees... 0.016 second
Computing log-likelihood of 36 initial trees ... 0.035 seconds
Current best score: -1182.710

Do NNI search on 20 best initial trees
Estimate model parameters (epsilon = 0.100)
BETTER TREE FOUND at iteration 1: -1182.670
Iteration 10 / LogL: -1187.590 / Time: 0h:0m:0s
Iteration 20 / LogL: -1182.682 / Time: 0h:0m:0s
Finish initializing candidate tree set (3)
Current best tree score: -1182.670 / CPU time: 0.233
Number of iterations: 20
--------------------------------------------------------------------
|               OPTIMIZING CANDIDATE TREE SET                      |
--------------------------------------------------------------------
UPDATE BEST LOG-LIKELIHOOD: -1182.670
UPDATE BEST LOG-LIKELIHOOD: -1182.670
Iteration 30 / LogL: -1182.670 / Time: 0h:0m:0s (0h:0m:0s left)
UPDATE BEST LOG-LIKELIHOOD: -1182.670
UPDATE BEST LOG-LIKELIHOOD: -1182.670
WARNING: NNI search needs unusual large number of steps (7) to converge!
Iteration 40 / LogL: -1182.670 / Time: 0h:0m:0s (0h:0m:0s left)
UPDATE BEST LOG-LIKELIHOOD: -1182.670
UPDATE BEST LOG-LIKELIHOOD: -1182.670
UPDATE BEST LOG-LIKELIHOOD: -1182.670
Iteration 50 / LogL: -1182.670 / Time: 0h:0m:0s (0h:0m:0s left)
Iteration 60 / LogL: -1182.680 / Time: 0h:0m:0s (0h:0m:0s left)
UPDATE BEST LOG-LIKELIHOOD: -1182.670
Iteration 70 / LogL: -1182.689 / Time: 0h:0m:0s (0h:0m:0s left)
UPDATE BEST LOG-LIKELIHOOD: -1182.670
Iteration 80 / LogL: -1187.427 / Time: 0h:0m:0s (0h:0m:0s left)
UPDATE BEST LOG-LIKELIHOOD: -1182.670
Iteration 90 / LogL: -1187.596 / Time: 0h:0m:0s (0h:0m:0s left)
UPDATE BEST LOG-LIKELIHOOD: -1182.670
Iteration 100 / LogL: -1182.670 / Time: 0h:0m:0s (0h:0m:0s left)
TREE SEARCH COMPLETED AFTER 102 ITERATIONS / Time: 0h:0m:0s

--------------------------------------------------------------------
|                    FINALIZING TREE SEARCH                        |
--------------------------------------------------------------------
Performs final model parameters optimization
Estimate model parameters (epsilon = 0.010)
1. Initial log-likelihood: -1182.670
Optimal log-likelihood: -1182.666
Gamma shape alpha: 4.826
Parameters optimization took 1 rounds (0.003 sec)
BEST SCORE FOUND : -1182.666
Total tree length: 6.146

Total number of iterations: 102
CPU time used for tree search: 0.865 sec (0h:0m:0s)
Wall-clock time used for tree search: 0.913 sec (0h:0m:0s)
Total CPU time used: 0.899 sec (0h:0m:0s)
Total wall-clock time used: 0.962 sec (0h:0m:0s)

===> START BOOTSTRAP REPLICATE NUMBER 99

Creating bootstrap alignment (seed: 933907)...
WARNING: States(s) C, W rarely appear in alignment and may cause numerical problems

Create initial parsimony tree by phylogenetic likelihood library (PLL)... 0.000 seconds

NOTE: 0 MB RAM (0 GB) is required!
Estimate model parameters (epsilon = 0.100)
1. Initial log-likelihood: -1222.963
2. Current log-likelihood: -1199.941
Optimal log-likelihood: -1199.856
Gamma shape alpha: 1.130
Parameters optimization took 2 rounds (0.005 sec)
Computing ML distances based on estimated model parameters... 0.010 sec
Computing BIONJ tree...
0.007 seconds
Log-likelihood of BIONJ tree: -1200.090
--------------------------------------------------------------------
|             INITIALIZING CANDIDATE TREE SET                      |
--------------------------------------------------------------------
Generating 98 parsimony trees... 0.015 second
Computing log-likelihood of 38 initial trees ... 0.039 seconds
Current best score: -1198.769

Do NNI search on 20 best initial trees
Estimate model parameters (epsilon = 0.100)
BETTER TREE FOUND at iteration 1: -1198.614
Iteration 10 / LogL: -1198.867 / Time: 0h:0m:0s
Iteration 20 / LogL: -1198.940 / Time: 0h:0m:0s
Finish initializing candidate tree set (3)
Current best tree score: -1198.614 / CPU time: 0.179
Number of iterations: 20
--------------------------------------------------------------------
|               OPTIMIZING CANDIDATE TREE SET                      |
--------------------------------------------------------------------
UPDATE BEST LOG-LIKELIHOOD: -1198.614
Iteration 30 / LogL: -1198.703 / Time: 0h:0m:0s (0h:0m:0s left)
Iteration 40 / LogL: -1199.165 / Time: 0h:0m:0s (0h:0m:0s left)
Iteration 50 / LogL: -1199.388 / Time: 0h:0m:0s (0h:0m:0s left)
Iteration 60 / LogL: -1198.672 / Time: 0h:0m:0s (0h:0m:0s left)
Iteration 70 / LogL: -1199.362 / Time: 0h:0m:0s (0h:0m:0s left)
Iteration 80 / LogL: -1199.099 / Time: 0h:0m:0s (0h:0m:0s left)
Iteration 90 / LogL: -1199.104 / Time: 0h:0m:0s (0h:0m:0s left)
WARNING: NNI search needs unusual large number of steps (7) to converge!
Iteration 100 / LogL: -1199.164 / Time: 0h:0m:0s (0h:0m:0s left)
TREE SEARCH COMPLETED AFTER 102 ITERATIONS / Time: 0h:0m:0s

--------------------------------------------------------------------
|                    FINALIZING TREE SEARCH                        |
--------------------------------------------------------------------
Performs final model parameters optimization
Estimate model parameters (epsilon = 0.010)
1. Initial log-likelihood: -1198.614
Optimal log-likelihood: -1198.613
Gamma shape alpha: 1.115
Parameters optimization took 1 rounds (0.002 sec)
BEST SCORE FOUND : -1198.613
Total tree length: 7.602

Total number of iterations: 102
CPU time used for tree search: 0.665 sec (0h:0m:0s)
Wall-clock time used for tree search: 0.678 sec (0h:0m:0s)
Total CPU time used: 0.694 sec (0h:0m:0s)
Total wall-clock time used: 0.721 sec (0h:0m:0s)

===> START BOOTSTRAP REPLICATE NUMBER 100

Creating bootstrap alignment (seed: 933908)...
WARNING: States(s) W rarely appear in alignment and may cause numerical problems

Create initial parsimony tree by phylogenetic likelihood library (PLL)... 0.000 seconds

NOTE: 0 MB RAM (0 GB) is required!
Estimate model parameters (epsilon = 0.100)
1. Initial log-likelihood: -1245.566
2. Current log-likelihood: -1205.880
3. Current log-likelihood: -1204.867
Optimal log-likelihood: -1204.863
Gamma shape alpha: 1.293
Parameters optimization took 3 rounds (0.007 sec)
Computing ML distances based on estimated model parameters... 0.011 sec
Computing BIONJ tree...
0.007 seconds
Log-likelihood of BIONJ tree: -1205.100
--------------------------------------------------------------------
|             INITIALIZING CANDIDATE TREE SET                      |
--------------------------------------------------------------------
Generating 98 parsimony trees... 0.015 second
Computing log-likelihood of 39 initial trees ... 0.041 seconds
Current best score: -1204.863

Do NNI search on 20 best initial trees
Estimate model parameters (epsilon = 0.100)
BETTER TREE FOUND at iteration 1: -1203.982
Estimate model parameters (epsilon = 0.100)
BETTER TREE FOUND at iteration 2: -1203.938
BETTER TREE FOUND at iteration 5: -1203.937
Iteration 10 / LogL: -1203.981 / Time: 0h:0m:0s
WARNING: NNI search needs unusual large number of steps (7) to converge!
WARNING: NNI search needs unusual large number of steps (7) to converge!
UPDATE BEST LOG-LIKELIHOOD: -1203.937
Iteration 20 / LogL: -1203.981 / Time: 0h:0m:0s
Finish initializing candidate tree set (8)
Current best tree score: -1203.937 / CPU time: 0.277
Number of iterations: 20
--------------------------------------------------------------------
|               OPTIMIZING CANDIDATE TREE SET                      |
--------------------------------------------------------------------
UPDATE BEST LOG-LIKELIHOOD: -1203.937
WARNING: NNI search needs unusual large number of steps (7) to converge!
Iteration 30 / LogL: -1203.981 / Time: 0h:0m:0s (0h:0m:1s left)
Iteration 40 / LogL: -1203.937 / Time: 0h:0m:0s (0h:0m:0s left)
WARNING: NNI search needs unusual large number of steps (7) to converge!
UPDATE BEST LOG-LIKELIHOOD: -1203.937
Iteration 50 / LogL: -1206.066 / Time: 0h:0m:0s (0h:0m:0s left)
UPDATE BEST LOG-LIKELIHOOD: -1203.937
WARNING: NNI search needs unusual large number of steps (7) to converge!
UPDATE BEST LOG-LIKELIHOOD: -1203.937
UPDATE BEST LOG-LIKELIHOOD: -1203.937
Iteration 60 / LogL: -1203.937 / Time: 0h:0m:0s (0h:0m:0s left)
Iteration 70 / LogL: -1203.981 / Time: 0h:0m:0s (0h:0m:0s left)
WARNING: NNI search needs unusual large number of steps (7) to converge!
Iteration 80 / LogL: -1203.937 / Time: 0h:0m:0s (0h:0m:0s left)
WARNING: NNI search needs unusual large number of steps (7) to converge!
Iteration 90 / LogL: -1203.981 / Time: 0h:0m:0s (0h:0m:0s left)
UPDATE BEST LOG-LIKELIHOOD: -1203.937
WARNING: NNI search needs unusual large number of steps (7) to converge!
Iteration 100 / LogL: -1203.981 / Time: 0h:0m:1s (0h:0m:0s left)
WARNING: NNI search needs unusual large number of steps (7) to converge!
TREE SEARCH COMPLETED AFTER 106 ITERATIONS / Time: 0h:0m:1s

--------------------------------------------------------------------
|                    FINALIZING TREE SEARCH                        |
--------------------------------------------------------------------
Performs final model parameters optimization
Estimate model parameters (epsilon = 0.010)
1. Initial log-likelihood: -1203.937
Optimal log-likelihood: -1203.936
Gamma shape alpha: 1.348
Parameters optimization took 1 rounds (0.002 sec)
BEST SCORE FOUND : -1203.936
Total tree length: 11.095

Total number of iterations: 106
CPU time used for tree search: 1.007 sec (0h:0m:1s)
Wall-clock time used for tree search: 1.039 sec (0h:0m:1s)
Total CPU time used: 1.035 sec (0h:0m:1s)
Total wall-clock time used: 1.082 sec (0h:0m:1s)

===> COMPUTE CONSENSUS TREE FROM 100BOOTSTRAP TREES

Reading tree(s) file crystal_aa.fa.boottrees ...
100 un-rooted tree(s) loaded
0 split(s) discarded because frequency <= -1.000
30 splits found
Consensus tree written to crystal_aa.fa.contree

===> START ANALYSIS ON THE ORIGINAL ALIGNMENT


NOTE: 0 MB RAM (0 GB) is required!
Estimate model parameters (epsilon = 0.100)
1. Initial log-likelihood: -1174.662
2. Current log-likelihood: -1173.371
3. Current log-likelihood: -1173.104
Optimal log-likelihood: -1173.053
Gamma shape alpha: 1.473
Parameters optimization took 3 rounds (0.014 sec)
Computing ML distances based on estimated model parameters... 0.010 sec
Computing BIONJ tree...
0.007 seconds
Log-likelihood of BIONJ tree: -1173.461
--------------------------------------------------------------------
|             INITIALIZING CANDIDATE TREE SET                      |
--------------------------------------------------------------------
Generating 98 parsimony trees... 0.016 second
Computing log-likelihood of 38 initial trees ... 0.055 seconds
Current best score: -1172.646

Do NNI search on 20 best initial trees
Estimate model parameters (epsilon = 0.100)
BETTER TREE FOUND at iteration 1: -1172.513
WARNING: NNI search needs unusual large number of steps (7) to converge!
Estimate model parameters (epsilon = 0.100)
BETTER TREE FOUND at iteration 5: -1170.942
WARNING: NNI search needs unusual large number of steps (7) to converge!
Iteration 10 / LogL: -1173.241 / Time: 0h:0m:0s
WARNING: NNI search needs unusual large number of steps (7) to converge!
UPDATE BEST LOG-LIKELIHOOD: -1170.942
WARNING: NNI search needs unusual large number of steps (7) to converge!
Iteration 20 / LogL: -1172.980 / Time: 0h:0m:0s
Finish initializing candidate tree set (5)
Current best tree score: -1170.942 / CPU time: 0.309
Number of iterations: 20
--------------------------------------------------------------------
|               OPTIMIZING CANDIDATE TREE SET                      |
--------------------------------------------------------------------
UPDATE BEST LOG-LIKELIHOOD: -1170.942
UPDATE BEST LOG-LIKELIHOOD: -1170.942
Iteration 30 / LogL: -1172.490 / Time: 0h:0m:0s (0h:0m:1s left)
UPDATE BEST LOG-LIKELIHOOD: -1170.942
WARNING: NNI search needs unusual large number of steps (7) to converge!
WARNING: NNI search needs unusual large number of steps (7) to converge!
UPDATE BEST LOG-LIKELIHOOD: -1170.942
Iteration 40 / LogL: -1170.942 / Time: 0h:0m:0s (0h:0m:1s left)
UPDATE BEST LOG-LIKELIHOOD: -1170.942
WARNING: NNI search needs unusual large number of steps (7) to converge!
Iteration 50 / LogL: -1170.942 / Time: 0h:0m:0s (0h:0m:0s left)
WARNING: NNI search needs unusual large number of steps (7) to converge!
WARNING: NNI search needs unusual large number of steps (7) to converge!
Iteration 60 / LogL: -1172.691 / Time: 0h:0m:0s (0h:0m:0s left)
Iteration 70 / LogL: -1172.485 / Time: 0h:0m:0s (0h:0m:0s left)
Iteration 80 / LogL: -1170.942 / Time: 0h:0m:1s (0h:0m:0s left)
UPDATE BEST LOG-LIKELIHOOD: -1170.942
Iteration 90 / LogL: -1170.944 / Time: 0h:0m:1s (0h:0m:0s left)
UPDATE BEST LOG-LIKELIHOOD: -1170.942
UPDATE BEST LOG-LIKELIHOOD: -1170.942
Iteration 100 / LogL: -1170.943 / Time: 0h:0m:1s (0h:0m:0s left)
UPDATE BEST LOG-LIKELIHOOD: -1170.942
WARNING: NNI search needs unusual large number of steps (7) to converge!
TREE SEARCH COMPLETED AFTER 106 ITERATIONS / Time: 0h:0m:1s

--------------------------------------------------------------------
|                    FINALIZING TREE SEARCH                        |
--------------------------------------------------------------------
Performs final model parameters optimization
Estimate model parameters (epsilon = 0.010)
1. Initial log-likelihood: -1170.942
Optimal log-likelihood: -1170.942
Gamma shape alpha: 1.539
Parameters optimization took 1 rounds (0.003 sec)
BEST SCORE FOUND : -1170.942
Total tree length: 7.993

Total number of iterations: 106
CPU time used for tree search: 1.194 sec (0h:0m:1s)
Wall-clock time used for tree search: 1.238 sec (0h:0m:1s)
Total CPU time used: 1.230 sec (0h:0m:1s)
Total wall-clock time used: 1.286 sec (0h:0m:1s)
Reading input trees file crystal_aa.fa.contree
Log-likelihood of consensus tree: -1170.943

===> ASSIGN BOOTSTRAP SUPPORTS TO THE TREE FROM ORIGINAL ALIGNMENT

Reading tree crystal_aa.fa.treefile ...
Reading tree(s) file crystal_aa.fa.boottrees ...
100 un-rooted tree(s) loaded
Rescaling split weights by 1.000
30 splits found
Creating bootstrap support values...
Tree with assigned support written to crystal_aa.fa.treefile

Analysis results written to: 
  IQ-TREE report:                crystal_aa.fa.iqtree
  Maximum-likelihood tree:       crystal_aa.fa.treefile
  Likelihood distances:          crystal_aa.fa.mldist
  Screen log file:               crystal_aa.fa.log

Total CPU time for bootstrap: 88.314 seconds.
Total wall-clock time for bootstrap: 93.195 seconds.

Non-parametric bootstrap results written to:
Bootstrap trees:          crystal_aa.fa.boottrees
  Consensus tree:           crystal_aa.fa.contree

Date and Time: Sun Jun  1 14:08:15 2025
