IQ-TREE multicore version 1.6.8 for Mac OS X 64-bit built Oct 28 2018
Developed by Bui Quang Minh, Nguyen Lam Tung, Olga Chernomor,
Heiko Schmidt, Dominik Schrempf, Michael Woodhams.

Host:    sc-sbs-383386 (AVX512, FMA3, 32 GB RAM)
Command: /Users/mful870/Bioinformatics_Programs/iqtree-1.6.8-MacOSX/bin/iqtree -redo -s crystal.tdialn -m /Users/mful870/Desktop/MD_3di_Dev_02Oct24/Scriptorum/SubstitutionMatrix/3di_substmat+F+G4 -b 100
Seed:    375801 (Using SPRNG - Scalable Parallel Random Number Generator)
Time:    Fri May 30 19:40:27 2025
Kernel:  AVX+FMA - 1 threads (16 CPU cores detected)

HINT: Use -nt option to specify number of threads because your CPU has 16 cores!
HINT: -nt AUTO will automatically determine the best number of threads to use.

Reading alignment file crystal.tdialn ... Fasta format detected
Alignment most likely contains protein sequences
Alignment has 8 sequences with 170 columns, 143 distinct patterns
78 parsimony-informative, 46 singleton sites, 46 constant sites
WARNING: Some sequence names are changed as follows:
c_110_1_0+2dbo_A -> c_110_1_0_2dbo_A
c_110_1_1+1jke_A -> c_110_1_1_1jke_A
c_110_1_1+1j7g_A -> c_110_1_1_1j7g_A
c_110_1_0+2okv_A -> c_110_1_0_2okv_A
c_110_1_0+3knf_A -> c_110_1_0_3knf_A
c_110_1_0+4rr6_A -> c_110_1_0_4rr6_A
c_110_1_0+4rrf_A -> c_110_1_0_4rrf_A
c_110_1_2+4s02_A -> c_110_1_2_4s02_A

                  Gap/Ambiguity  Composition  p-value
   1  c_110_1_0_2dbo_A   12.94%    passed     99.25%
   2  c_110_1_1_1jke_A   14.71%    passed     98.63%
   3  c_110_1_1_1j7g_A   15.29%    passed     99.65%
   4  c_110_1_0_2okv_A   12.35%    passed     99.22%
   5  c_110_1_0_3knf_A   11.18%    passed     88.42%
   6  c_110_1_0_4rr6_A   19.41%    passed     96.99%
   7  c_110_1_0_4rrf_A   18.24%    passed     99.11%
   8  c_110_1_2_4s02_A   18.82%    passed     98.23%
****  TOTAL              15.37%  0 sequences failed composition chi2 test (p-value<5%; df=19)

===> START BOOTSTRAP REPLICATE NUMBER 1

Creating bootstrap alignment (seed: 375801)...

Create initial parsimony tree by phylogenetic likelihood library (PLL)... 0.000 seconds
Reading model parameters from file /Users/mful870/Desktop/MD_3di_Dev_02Oct24/Scriptorum/SubstitutionMatrix/3di_substmat

NOTE: 0 MB RAM (0 GB) is required!
Estimate model parameters (epsilon = 0.100)
1. Initial log-likelihood: -1662.967
2. Current log-likelihood: -1653.285
Optimal log-likelihood: -1653.262
Gamma shape alpha: 1.401
Parameters optimization took 2 rounds (0.008 sec)
Computing ML distances based on estimated model parameters... 0.011 sec
Computing BIONJ tree...
0.007 seconds
Log-likelihood of BIONJ tree: -1656.429
--------------------------------------------------------------------
|             INITIALIZING CANDIDATE TREE SET                      |
--------------------------------------------------------------------
Generating 98 parsimony trees... 0.020 second
Computing log-likelihood of 43 initial trees ... 0.077 seconds
Current best score: -1653.262

Do NNI search on 20 best initial trees
Estimate model parameters (epsilon = 0.100)
BETTER TREE FOUND at iteration 1: -1653.262
Iteration 10 / LogL: -1653.646 / Time: 0h:0m:0s
Iteration 20 / LogL: -1653.284 / Time: 0h:0m:0s
Finish initializing candidate tree set (2)
Current best tree score: -1653.262 / CPU time: 0.282
Number of iterations: 20
--------------------------------------------------------------------
|               OPTIMIZING CANDIDATE TREE SET                      |
--------------------------------------------------------------------
UPDATE BEST LOG-LIKELIHOOD: -1653.262
Iteration 30 / LogL: -1653.262 / Time: 0h:0m:0s (0h:0m:1s left)
Iteration 40 / LogL: -1657.059 / Time: 0h:0m:0s (0h:0m:0s left)
Iteration 50 / LogL: -1653.306 / Time: 0h:0m:0s (0h:0m:0s left)
UPDATE BEST LOG-LIKELIHOOD: -1653.262
Iteration 60 / LogL: -1653.420 / Time: 0h:0m:0s (0h:0m:0s left)
Iteration 70 / LogL: -1653.275 / Time: 0h:0m:0s (0h:0m:0s left)
Iteration 80 / LogL: -1653.306 / Time: 0h:0m:0s (0h:0m:0s left)
Iteration 90 / LogL: -1653.581 / Time: 0h:0m:0s (0h:0m:0s left)
Iteration 100 / LogL: -1653.581 / Time: 0h:0m:1s (0h:0m:0s left)
TREE SEARCH COMPLETED AFTER 102 ITERATIONS / Time: 0h:0m:1s

--------------------------------------------------------------------
|                    FINALIZING TREE SEARCH                        |
--------------------------------------------------------------------
Performs final model parameters optimization
Estimate model parameters (epsilon = 0.010)
1. Initial log-likelihood: -1653.262
Optimal log-likelihood: -1653.262
Gamma shape alpha: 1.403
Parameters optimization took 1 rounds (0.002 sec)
BEST SCORE FOUND : -1653.262
Total tree length: 2.651

Total number of iterations: 102
CPU time used for tree search: 1.005 sec (0h:0m:1s)
Wall-clock time used for tree search: 1.076 sec (0h:0m:1s)
Total CPU time used: 1.034 sec (0h:0m:1s)
Total wall-clock time used: 1.122 sec (0h:0m:1s)

===> START BOOTSTRAP REPLICATE NUMBER 2

Creating bootstrap alignment (seed: 375802)...

Create initial parsimony tree by phylogenetic likelihood library (PLL)... 0.000 seconds
Reading model parameters from file /Users/mful870/Desktop/MD_3di_Dev_02Oct24/Scriptorum/SubstitutionMatrix/3di_substmat

NOTE: 0 MB RAM (0 GB) is required!
Estimate model parameters (epsilon = 0.100)
1. Initial log-likelihood: -1663.903
2. Current log-likelihood: -1648.155
Optimal log-likelihood: -1648.096
Gamma shape alpha: 2.189
Parameters optimization took 2 rounds (0.008 sec)
Computing ML distances based on estimated model parameters... 0.009 sec
Computing BIONJ tree...
0.007 seconds
Log-likelihood of BIONJ tree: -1648.096
--------------------------------------------------------------------
|             INITIALIZING CANDIDATE TREE SET                      |
--------------------------------------------------------------------
Generating 99 parsimony trees... 0.028 second
Computing log-likelihood of 58 initial trees ... 0.113 seconds
Current best score: -1648.096

Do NNI search on 20 best initial trees
Estimate model parameters (epsilon = 0.100)
BETTER TREE FOUND at iteration 1: -1648.096
Iteration 10 / LogL: -1648.176 / Time: 0h:0m:0s
Iteration 20 / LogL: -1648.118 / Time: 0h:0m:0s
Finish initializing candidate tree set (2)
Current best tree score: -1648.096 / CPU time: 0.305
Number of iterations: 20
--------------------------------------------------------------------
|               OPTIMIZING CANDIDATE TREE SET                      |
--------------------------------------------------------------------
UPDATE BEST LOG-LIKELIHOOD: -1648.096
Iteration 30 / LogL: -1648.096 / Time: 0h:0m:0s (0h:0m:1s left)
Iteration 40 / LogL: -1661.472 / Time: 0h:0m:0s (0h:0m:0s left)
Iteration 50 / LogL: -1648.112 / Time: 0h:0m:0s (0h:0m:0s left)
Iteration 60 / LogL: -1648.314 / Time: 0h:0m:0s (0h:0m:0s left)
Iteration 70 / LogL: -1661.472 / Time: 0h:0m:0s (0h:0m:0s left)
Iteration 80 / LogL: -1648.244 / Time: 0h:0m:1s (0h:0m:0s left)
Iteration 90 / LogL: -1648.096 / Time: 0h:0m:1s (0h:0m:0s left)
Iteration 100 / LogL: -1648.096 / Time: 0h:0m:1s (0h:0m:0s left)
TREE SEARCH COMPLETED AFTER 102 ITERATIONS / Time: 0h:0m:1s

--------------------------------------------------------------------
|                    FINALIZING TREE SEARCH                        |
--------------------------------------------------------------------
Performs final model parameters optimization
Estimate model parameters (epsilon = 0.010)
1. Initial log-likelihood: -1648.096
Optimal log-likelihood: -1648.096
Gamma shape alpha: 2.192
Parameters optimization took 1 rounds (0.019 sec)
BEST SCORE FOUND : -1648.096
Total tree length: 2.275

Total number of iterations: 102
CPU time used for tree search: 1.174 sec (0h:0m:1s)
Wall-clock time used for tree search: 1.240 sec (0h:0m:1s)
Total CPU time used: 1.203 sec (0h:0m:1s)
Total wall-clock time used: 1.300 sec (0h:0m:1s)

===> START BOOTSTRAP REPLICATE NUMBER 3

Creating bootstrap alignment (seed: 375803)...

Create initial parsimony tree by phylogenetic likelihood library (PLL)... 0.000 seconds
Reading model parameters from file /Users/mful870/Desktop/MD_3di_Dev_02Oct24/Scriptorum/SubstitutionMatrix/3di_substmat

NOTE: 0 MB RAM (0 GB) is required!
Estimate model parameters (epsilon = 0.100)
1. Initial log-likelihood: -1804.597
2. Current log-likelihood: -1787.289
3. Current log-likelihood: -1786.986
Optimal log-likelihood: -1786.981
Gamma shape alpha: 2.504
Parameters optimization took 3 rounds (0.014 sec)
Computing ML distances based on estimated model parameters... 0.009 sec
Computing BIONJ tree...
0.025 seconds
Log-likelihood of BIONJ tree: -1786.450
--------------------------------------------------------------------
|             INITIALIZING CANDIDATE TREE SET                      |
--------------------------------------------------------------------
Generating 98 parsimony trees... 0.021 second
Computing log-likelihood of 51 initial trees ... 0.085 seconds
Current best score: -1785.673

Do NNI search on 20 best initial trees
Estimate model parameters (epsilon = 0.100)
BETTER TREE FOUND at iteration 1: -1785.591
Iteration 10 / LogL: -1787.118 / Time: 0h:0m:0s
Iteration 20 / LogL: -1785.700 / Time: 0h:0m:0s
Finish initializing candidate tree set (3)
Current best tree score: -1785.591 / CPU time: 0.307
Number of iterations: 20
--------------------------------------------------------------------
|               OPTIMIZING CANDIDATE TREE SET                      |
--------------------------------------------------------------------
UPDATE BEST LOG-LIKELIHOOD: -1785.590
Iteration 30 / LogL: -1787.178 / Time: 0h:0m:0s (0h:0m:1s left)
UPDATE BEST LOG-LIKELIHOOD: -1785.590
Iteration 40 / LogL: -1788.113 / Time: 0h:0m:0s (0h:0m:0s left)
Iteration 50 / LogL: -1785.682 / Time: 0h:0m:0s (0h:0m:0s left)
Iteration 60 / LogL: -1788.470 / Time: 0h:0m:0s (0h:0m:0s left)
Iteration 70 / LogL: -1788.098 / Time: 0h:0m:0s (0h:0m:0s left)
Iteration 80 / LogL: -1785.679 / Time: 0h:0m:1s (0h:0m:0s left)
Iteration 90 / LogL: -1788.100 / Time: 0h:0m:1s (0h:0m:0s left)
Iteration 100 / LogL: -1785.718 / Time: 0h:0m:1s (0h:0m:0s left)
TREE SEARCH COMPLETED AFTER 102 ITERATIONS / Time: 0h:0m:1s

--------------------------------------------------------------------
|                    FINALIZING TREE SEARCH                        |
--------------------------------------------------------------------
Performs final model parameters optimization
Estimate model parameters (epsilon = 0.010)
1. Initial log-likelihood: -1785.590
Optimal log-likelihood: -1785.590
Gamma shape alpha: 2.317
Parameters optimization took 1 rounds (0.003 sec)
BEST SCORE FOUND : -1785.590
Total tree length: 2.949

Total number of iterations: 102
CPU time used for tree search: 1.168 sec (0h:0m:1s)
Wall-clock time used for tree search: 1.222 sec (0h:0m:1s)
Total CPU time used: 1.203 sec (0h:0m:1s)
Total wall-clock time used: 1.287 sec (0h:0m:1s)

===> START BOOTSTRAP REPLICATE NUMBER 4

Creating bootstrap alignment (seed: 375804)...

Create initial parsimony tree by phylogenetic likelihood library (PLL)... 0.000 seconds
Reading model parameters from file /Users/mful870/Desktop/MD_3di_Dev_02Oct24/Scriptorum/SubstitutionMatrix/3di_substmat

NOTE: 0 MB RAM (0 GB) is required!
Estimate model parameters (epsilon = 0.100)
1. Initial log-likelihood: -1744.534
2. Current log-likelihood: -1726.263
3. Current log-likelihood: -1726.119
Optimal log-likelihood: -1726.118
Gamma shape alpha: 1.994
Parameters optimization took 3 rounds (0.016 sec)
Computing ML distances based on estimated model parameters... 0.010 sec
Computing BIONJ tree...
0.024 seconds
Log-likelihood of BIONJ tree: -1717.612
--------------------------------------------------------------------
|             INITIALIZING CANDIDATE TREE SET                      |
--------------------------------------------------------------------
Generating 98 parsimony trees... 0.025 second
Computing log-likelihood of 64 initial trees ... 0.126 seconds
Current best score: -1715.142

Do NNI search on 20 best initial trees
Estimate model parameters (epsilon = 0.100)
BETTER TREE FOUND at iteration 1: -1715.098
Iteration 10 / LogL: -1715.186 / Time: 0h:0m:0s
Iteration 20 / LogL: -1715.117 / Time: 0h:0m:0s
Finish initializing candidate tree set (2)
Current best tree score: -1715.098 / CPU time: 0.348
Number of iterations: 20
--------------------------------------------------------------------
|               OPTIMIZING CANDIDATE TREE SET                      |
--------------------------------------------------------------------
UPDATE BEST LOG-LIKELIHOOD: -1715.097
Iteration 30 / LogL: -1715.364 / Time: 0h:0m:0s (0h:0m:1s left)
Iteration 40 / LogL: -1715.111 / Time: 0h:0m:0s (0h:0m:0s left)
Iteration 50 / LogL: -1715.118 / Time: 0h:0m:0s (0h:0m:0s left)
Iteration 60 / LogL: -1715.364 / Time: 0h:0m:0s (0h:0m:0s left)
Iteration 70 / LogL: -1724.753 / Time: 0h:0m:0s (0h:0m:0s left)
UPDATE BEST LOG-LIKELIHOOD: -1715.097
Iteration 80 / LogL: -1715.266 / Time: 0h:0m:1s (0h:0m:0s left)
UPDATE BEST LOG-LIKELIHOOD: -1715.097
Iteration 90 / LogL: -1724.813 / Time: 0h:0m:1s (0h:0m:0s left)
Iteration 100 / LogL: -1715.413 / Time: 0h:0m:1s (0h:0m:0s left)
TREE SEARCH COMPLETED AFTER 102 ITERATIONS / Time: 0h:0m:1s

--------------------------------------------------------------------
|                    FINALIZING TREE SEARCH                        |
--------------------------------------------------------------------
Performs final model parameters optimization
Estimate model parameters (epsilon = 0.010)
1. Initial log-likelihood: -1715.097
Optimal log-likelihood: -1715.097
Gamma shape alpha: 1.910
Parameters optimization took 1 rounds (0.003 sec)
BEST SCORE FOUND : -1715.097
Total tree length: 2.564

Total number of iterations: 102
CPU time used for tree search: 1.197 sec (0h:0m:1s)
Wall-clock time used for tree search: 1.221 sec (0h:0m:1s)
Total CPU time used: 1.237 sec (0h:0m:1s)
Total wall-clock time used: 1.306 sec (0h:0m:1s)

===> START BOOTSTRAP REPLICATE NUMBER 5

Creating bootstrap alignment (seed: 375805)...

Create initial parsimony tree by phylogenetic likelihood library (PLL)... 0.000 seconds
Reading model parameters from file /Users/mful870/Desktop/MD_3di_Dev_02Oct24/Scriptorum/SubstitutionMatrix/3di_substmat

NOTE: 0 MB RAM (0 GB) is required!
Estimate model parameters (epsilon = 0.100)
1. Initial log-likelihood: -1814.995
2. Current log-likelihood: -1799.085
Optimal log-likelihood: -1799.040
Gamma shape alpha: 1.253
Parameters optimization took 2 rounds (0.009 sec)
Computing ML distances based on estimated model parameters... 0.010 sec
Computing BIONJ tree...
0.007 seconds
Log-likelihood of BIONJ tree: -1792.121
--------------------------------------------------------------------
|             INITIALIZING CANDIDATE TREE SET                      |
--------------------------------------------------------------------
Generating 98 parsimony trees... 0.020 second
Computing log-likelihood of 53 initial trees ... 0.085 seconds
Current best score: -1784.060

Do NNI search on 20 best initial trees
Estimate model parameters (epsilon = 0.100)
BETTER TREE FOUND at iteration 1: -1783.464
Estimate model parameters (epsilon = 0.100)
BETTER TREE FOUND at iteration 6: -1782.949
Iteration 10 / LogL: -1799.290 / Time: 0h:0m:0s
Iteration 20 / LogL: -1783.648 / Time: 0h:0m:0s
Finish initializing candidate tree set (4)
Current best tree score: -1782.949 / CPU time: 0.326
Number of iterations: 20
--------------------------------------------------------------------
|               OPTIMIZING CANDIDATE TREE SET                      |
--------------------------------------------------------------------
Iteration 30 / LogL: -1783.475 / Time: 0h:0m:0s (0h:0m:1s left)
Iteration 40 / LogL: -1783.429 / Time: 0h:0m:0s (0h:0m:0s left)
Iteration 50 / LogL: -1783.448 / Time: 0h:0m:0s (0h:0m:0s left)
Iteration 60 / LogL: -1783.443 / Time: 0h:0m:0s (0h:0m:0s left)
Iteration 70 / LogL: -1783.525 / Time: 0h:0m:0s (0h:0m:0s left)
Iteration 80 / LogL: -1783.005 / Time: 0h:0m:0s (0h:0m:0s left)
UPDATE BEST LOG-LIKELIHOOD: -1782.949
UPDATE BEST LOG-LIKELIHOOD: -1782.949
Iteration 90 / LogL: -1783.525 / Time: 0h:0m:1s (0h:0m:0s left)
Iteration 100 / LogL: -1783.722 / Time: 0h:0m:1s (0h:0m:0s left)
TREE SEARCH COMPLETED AFTER 107 ITERATIONS / Time: 0h:0m:1s

--------------------------------------------------------------------
|                    FINALIZING TREE SEARCH                        |
--------------------------------------------------------------------
Performs final model parameters optimization
Estimate model parameters (epsilon = 0.010)
1. Initial log-likelihood: -1782.949
Optimal log-likelihood: -1782.949
Gamma shape alpha: 1.814
Parameters optimization took 1 rounds (0.003 sec)
BEST SCORE FOUND : -1782.949
Total tree length: 2.906

Total number of iterations: 107
CPU time used for tree search: 1.052 sec (0h:0m:1s)
Wall-clock time used for tree search: 1.099 sec (0h:0m:1s)
Total CPU time used: 1.082 sec (0h:0m:1s)
Total wall-clock time used: 1.146 sec (0h:0m:1s)

===> START BOOTSTRAP REPLICATE NUMBER 6

Creating bootstrap alignment (seed: 375806)...

Create initial parsimony tree by phylogenetic likelihood library (PLL)... 0.000 seconds
Reading model parameters from file /Users/mful870/Desktop/MD_3di_Dev_02Oct24/Scriptorum/SubstitutionMatrix/3di_substmat

NOTE: 0 MB RAM (0 GB) is required!
Estimate model parameters (epsilon = 0.100)
1. Initial log-likelihood: -1653.206
2. Current log-likelihood: -1638.185
Optimal log-likelihood: -1638.117
Gamma shape alpha: 1.804
Parameters optimization took 2 rounds (0.009 sec)
Computing ML distances based on estimated model parameters... 0.009 sec
Computing BIONJ tree...
0.007 seconds
Log-likelihood of BIONJ tree: -1635.369
--------------------------------------------------------------------
|             INITIALIZING CANDIDATE TREE SET                      |
--------------------------------------------------------------------
Generating 98 parsimony trees... 0.023 second
Computing log-likelihood of 50 initial trees ... 0.087 seconds
Current best score: -1635.369

Do NNI search on 20 best initial trees
Estimate model parameters (epsilon = 0.100)
BETTER TREE FOUND at iteration 1: -1635.355
Iteration 10 / LogL: -1637.727 / Time: 0h:0m:0s
Iteration 20 / LogL: -1635.370 / Time: 0h:0m:0s
Finish initializing candidate tree set (2)
Current best tree score: -1635.355 / CPU time: 0.304
Number of iterations: 20
--------------------------------------------------------------------
|               OPTIMIZING CANDIDATE TREE SET                      |
--------------------------------------------------------------------
Iteration 30 / LogL: -1637.729 / Time: 0h:0m:0s (0h:0m:1s left)
Iteration 40 / LogL: -1635.360 / Time: 0h:0m:0s (0h:0m:0s left)
Iteration 50 / LogL: -1635.368 / Time: 0h:0m:0s (0h:0m:0s left)
UPDATE BEST LOG-LIKELIHOOD: -1635.355
Iteration 60 / LogL: -1635.386 / Time: 0h:0m:0s (0h:0m:0s left)
Iteration 70 / LogL: -1637.839 / Time: 0h:0m:0s (0h:0m:0s left)
Iteration 80 / LogL: -1637.728 / Time: 0h:0m:0s (0h:0m:0s left)
Iteration 90 / LogL: -1635.405 / Time: 0h:0m:1s (0h:0m:0s left)
Iteration 100 / LogL: -1637.758 / Time: 0h:0m:1s (0h:0m:0s left)
TREE SEARCH COMPLETED AFTER 102 ITERATIONS / Time: 0h:0m:1s

--------------------------------------------------------------------
|                    FINALIZING TREE SEARCH                        |
--------------------------------------------------------------------
Performs final model parameters optimization
Estimate model parameters (epsilon = 0.010)
1. Initial log-likelihood: -1635.355
Optimal log-likelihood: -1635.355
Gamma shape alpha: 1.888
Parameters optimization took 1 rounds (0.003 sec)
BEST SCORE FOUND : -1635.355
Total tree length: 2.409

Total number of iterations: 102
CPU time used for tree search: 1.068 sec (0h:0m:1s)
Wall-clock time used for tree search: 1.087 sec (0h:0m:1s)
Total CPU time used: 1.097 sec (0h:0m:1s)
Total wall-clock time used: 1.131 sec (0h:0m:1s)

===> START BOOTSTRAP REPLICATE NUMBER 7

Creating bootstrap alignment (seed: 375807)...

Create initial parsimony tree by phylogenetic likelihood library (PLL)... 0.000 seconds
Reading model parameters from file /Users/mful870/Desktop/MD_3di_Dev_02Oct24/Scriptorum/SubstitutionMatrix/3di_substmat

NOTE: 0 MB RAM (0 GB) is required!
Estimate model parameters (epsilon = 0.100)
1. Initial log-likelihood: -1890.553
2. Current log-likelihood: -1872.618
Optimal log-likelihood: -1872.510
Gamma shape alpha: 1.868
Parameters optimization took 2 rounds (0.014 sec)
Computing ML distances based on estimated model parameters... 0.010 sec
Computing BIONJ tree...
0.010 seconds
Log-likelihood of BIONJ tree: -1872.963
--------------------------------------------------------------------
|             INITIALIZING CANDIDATE TREE SET                      |
--------------------------------------------------------------------
Generating 98 parsimony trees... 0.023 second
Computing log-likelihood of 57 initial trees ... 0.122 seconds
Current best score: -1872.510

Do NNI search on 20 best initial trees
Estimate model parameters (epsilon = 0.100)
BETTER TREE FOUND at iteration 1: -1872.509
Iteration 10 / LogL: -1872.547 / Time: 0h:0m:0s
Iteration 20 / LogL: -1872.549 / Time: 0h:0m:0s
Finish initializing candidate tree set (4)
Current best tree score: -1872.509 / CPU time: 0.378
Number of iterations: 20
--------------------------------------------------------------------
|               OPTIMIZING CANDIDATE TREE SET                      |
--------------------------------------------------------------------
Iteration 30 / LogL: -1872.549 / Time: 0h:0m:0s (0h:0m:1s left)
UPDATE BEST LOG-LIKELIHOOD: -1872.509
Iteration 40 / LogL: -1872.519 / Time: 0h:0m:0s (0h:0m:1s left)
UPDATE BEST LOG-LIKELIHOOD: -1872.509
Iteration 50 / LogL: -1872.546 / Time: 0h:0m:0s (0h:0m:0s left)
Iteration 60 / LogL: -1872.518 / Time: 0h:0m:0s (0h:0m:0s left)
Iteration 70 / LogL: -1873.596 / Time: 0h:0m:1s (0h:0m:0s left)
Iteration 80 / LogL: -1872.509 / Time: 0h:0m:1s (0h:0m:0s left)
UPDATE BEST LOG-LIKELIHOOD: -1872.509
Iteration 90 / LogL: -1873.819 / Time: 0h:0m:1s (0h:0m:0s left)
UPDATE BEST LOG-LIKELIHOOD: -1872.509
Iteration 100 / LogL: -1873.599 / Time: 0h:0m:1s (0h:0m:0s left)
TREE SEARCH COMPLETED AFTER 102 ITERATIONS / Time: 0h:0m:1s

--------------------------------------------------------------------
|                    FINALIZING TREE SEARCH                        |
--------------------------------------------------------------------
Performs final model parameters optimization
Estimate model parameters (epsilon = 0.010)
1. Initial log-likelihood: -1872.509
Optimal log-likelihood: -1872.509
Gamma shape alpha: 1.879
Parameters optimization took 1 rounds (0.005 sec)
BEST SCORE FOUND : -1872.509
Total tree length: 3.069

Total number of iterations: 102
CPU time used for tree search: 1.245 sec (0h:0m:1s)
Wall-clock time used for tree search: 1.331 sec (0h:0m:1s)
Total CPU time used: 1.283 sec (0h:0m:1s)
Total wall-clock time used: 1.417 sec (0h:0m:1s)

===> START BOOTSTRAP REPLICATE NUMBER 8

Creating bootstrap alignment (seed: 375808)...

Create initial parsimony tree by phylogenetic likelihood library (PLL)... 0.000 seconds
Reading model parameters from file /Users/mful870/Desktop/MD_3di_Dev_02Oct24/Scriptorum/SubstitutionMatrix/3di_substmat

NOTE: 0 MB RAM (0 GB) is required!
Estimate model parameters (epsilon = 0.100)
1. Initial log-likelihood: -1828.027
2. Current log-likelihood: -1806.677
Optimal log-likelihood: -1806.628
Gamma shape alpha: 1.196
Parameters optimization took 2 rounds (0.009 sec)
Computing ML distances based on estimated model parameters... 0.011 sec
Computing BIONJ tree...
0.012 seconds
Log-likelihood of BIONJ tree: -1805.933
--------------------------------------------------------------------
|             INITIALIZING CANDIDATE TREE SET                      |
--------------------------------------------------------------------
Generating 98 parsimony trees... 0.022 second
Computing log-likelihood of 59 initial trees ... 0.127 seconds
Current best score: -1798.606

Do NNI search on 20 best initial trees
Estimate model parameters (epsilon = 0.100)
BETTER TREE FOUND at iteration 1: -1798.521
Iteration 10 / LogL: -1798.583 / Time: 0h:0m:0s
Iteration 20 / LogL: -1799.188 / Time: 0h:0m:0s
Finish initializing candidate tree set (1)
Current best tree score: -1798.521 / CPU time: 0.351
Number of iterations: 20
--------------------------------------------------------------------
|               OPTIMIZING CANDIDATE TREE SET                      |
--------------------------------------------------------------------
Iteration 30 / LogL: -1798.566 / Time: 0h:0m:0s (0h:0m:1s left)
Iteration 40 / LogL: -1799.240 / Time: 0h:0m:0s (0h:0m:0s left)
UPDATE BEST LOG-LIKELIHOOD: -1798.520
Iteration 50 / LogL: -1798.716 / Time: 0h:0m:0s (0h:0m:0s left)
Iteration 60 / LogL: -1856.017 / Time: 0h:0m:0s (0h:0m:0s left)
Iteration 70 / LogL: -1799.860 / Time: 0h:0m:0s (0h:0m:0s left)
UPDATE BEST LOG-LIKELIHOOD: -1798.520
Iteration 80 / LogL: -1798.520 / Time: 0h:0m:1s (0h:0m:0s left)
Iteration 90 / LogL: -1799.233 / Time: 0h:0m:1s (0h:0m:0s left)
Iteration 100 / LogL: -1798.530 / Time: 0h:0m:1s (0h:0m:0s left)
TREE SEARCH COMPLETED AFTER 102 ITERATIONS / Time: 0h:0m:1s

--------------------------------------------------------------------
|                    FINALIZING TREE SEARCH                        |
--------------------------------------------------------------------
Performs final model parameters optimization
Estimate model parameters (epsilon = 0.010)
1. Initial log-likelihood: -1798.520
Optimal log-likelihood: -1798.520
Gamma shape alpha: 1.290
Parameters optimization took 1 rounds (0.003 sec)
BEST SCORE FOUND : -1798.520
Total tree length: 3.048

Total number of iterations: 102
CPU time used for tree search: 1.250 sec (0h:0m:1s)
Wall-clock time used for tree search: 1.329 sec (0h:0m:1s)
Total CPU time used: 1.290 sec (0h:0m:1s)
Total wall-clock time used: 1.387 sec (0h:0m:1s)

===> START BOOTSTRAP REPLICATE NUMBER 9

Creating bootstrap alignment (seed: 375809)...

Create initial parsimony tree by phylogenetic likelihood library (PLL)... 0.018 seconds
Reading model parameters from file /Users/mful870/Desktop/MD_3di_Dev_02Oct24/Scriptorum/SubstitutionMatrix/3di_substmat

NOTE: 0 MB RAM (0 GB) is required!
Estimate model parameters (epsilon = 0.100)
1. Initial log-likelihood: -1837.888
2. Current log-likelihood: -1809.688
Optimal log-likelihood: -1809.615
Gamma shape alpha: 3.634
Parameters optimization took 2 rounds (0.011 sec)
Computing ML distances based on estimated model parameters... 0.011 sec
Computing BIONJ tree...
0.010 seconds
Log-likelihood of BIONJ tree: -1800.492
--------------------------------------------------------------------
|             INITIALIZING CANDIDATE TREE SET                      |
--------------------------------------------------------------------
Generating 98 parsimony trees... 0.022 second
Computing log-likelihood of 64 initial trees ... 0.123 seconds
Current best score: -1792.916

Do NNI search on 20 best initial trees
Estimate model parameters (epsilon = 0.100)
BETTER TREE FOUND at iteration 1: -1792.659
Iteration 10 / LogL: -1793.326 / Time: 0h:0m:0s
Iteration 20 / LogL: -1792.717 / Time: 0h:0m:0s
Finish initializing candidate tree set (3)
Current best tree score: -1792.659 / CPU time: 0.351
Number of iterations: 20
--------------------------------------------------------------------
|               OPTIMIZING CANDIDATE TREE SET                      |
--------------------------------------------------------------------
UPDATE BEST LOG-LIKELIHOOD: -1792.659
Iteration 30 / LogL: -1793.319 / Time: 0h:0m:0s (0h:0m:1s left)
Iteration 40 / LogL: -1793.324 / Time: 0h:0m:0s (0h:0m:0s left)
UPDATE BEST LOG-LIKELIHOOD: -1792.659
Iteration 50 / LogL: -1793.332 / Time: 0h:0m:0s (0h:0m:0s left)
Iteration 60 / LogL: -1792.678 / Time: 0h:0m:0s (0h:0m:0s left)
Iteration 70 / LogL: -1794.495 / Time: 0h:0m:1s (0h:0m:0s left)
Iteration 80 / LogL: -1792.702 / Time: 0h:0m:1s (0h:0m:0s left)
Iteration 90 / LogL: -1793.322 / Time: 0h:0m:1s (0h:0m:0s left)
Iteration 100 / LogL: -1792.785 / Time: 0h:0m:1s (0h:0m:0s left)
TREE SEARCH COMPLETED AFTER 102 ITERATIONS / Time: 0h:0m:1s

--------------------------------------------------------------------
|                    FINALIZING TREE SEARCH                        |
--------------------------------------------------------------------
Performs final model parameters optimization
Estimate model parameters (epsilon = 0.010)
1. Initial log-likelihood: -1792.659
Optimal log-likelihood: -1792.659
Gamma shape alpha: 2.901
Parameters optimization took 1 rounds (0.003 sec)
BEST SCORE FOUND : -1792.659
Total tree length: 3.119

Total number of iterations: 102
CPU time used for tree search: 1.250 sec (0h:0m:1s)
Wall-clock time used for tree search: 1.292 sec (0h:0m:1s)
Total CPU time used: 1.288 sec (0h:0m:1s)
Total wall-clock time used: 1.414 sec (0h:0m:1s)

===> START BOOTSTRAP REPLICATE NUMBER 10

Creating bootstrap alignment (seed: 375810)...

Create initial parsimony tree by phylogenetic likelihood library (PLL)... 0.000 seconds
Reading model parameters from file /Users/mful870/Desktop/MD_3di_Dev_02Oct24/Scriptorum/SubstitutionMatrix/3di_substmat

NOTE: 0 MB RAM (0 GB) is required!
Estimate model parameters (epsilon = 0.100)
1. Initial log-likelihood: -1841.317
2. Current log-likelihood: -1824.607
3. Current log-likelihood: -1824.462
Optimal log-likelihood: -1824.460
Gamma shape alpha: 1.613
Parameters optimization took 3 rounds (0.010 sec)
Computing ML distances based on estimated model parameters... 0.010 sec
Computing BIONJ tree...
0.008 seconds
Log-likelihood of BIONJ tree: -1827.022
--------------------------------------------------------------------
|             INITIALIZING CANDIDATE TREE SET                      |
--------------------------------------------------------------------
Generating 98 parsimony trees... 0.026 second
Computing log-likelihood of 54 initial trees ... 0.088 seconds
Current best score: -1824.460

Do NNI search on 20 best initial trees
Estimate model parameters (epsilon = 0.100)
BETTER TREE FOUND at iteration 1: -1824.460
Iteration 10 / LogL: -1824.801 / Time: 0h:0m:0s
Iteration 20 / LogL: -1824.567 / Time: 0h:0m:0s
Finish initializing candidate tree set (3)
Current best tree score: -1824.460 / CPU time: 0.278
Number of iterations: 20
--------------------------------------------------------------------
|               OPTIMIZING CANDIDATE TREE SET                      |
--------------------------------------------------------------------
Iteration 30 / LogL: -1827.023 / Time: 0h:0m:0s (0h:0m:1s left)
Iteration 40 / LogL: -1827.186 / Time: 0h:0m:0s (0h:0m:0s left)
Iteration 50 / LogL: -1824.511 / Time: 0h:0m:0s (0h:0m:0s left)
Iteration 60 / LogL: -1824.509 / Time: 0h:0m:0s (0h:0m:0s left)
Iteration 70 / LogL: -1827.096 / Time: 0h:0m:0s (0h:0m:0s left)
Iteration 80 / LogL: -1829.806 / Time: 0h:0m:1s (0h:0m:0s left)
Iteration 90 / LogL: -1824.795 / Time: 0h:0m:1s (0h:0m:0s left)
Iteration 100 / LogL: -1824.537 / Time: 0h:0m:1s (0h:0m:0s left)
TREE SEARCH COMPLETED AFTER 102 ITERATIONS / Time: 0h:0m:1s

--------------------------------------------------------------------
|                    FINALIZING TREE SEARCH                        |
--------------------------------------------------------------------
Performs final model parameters optimization
Estimate model parameters (epsilon = 0.010)
1. Initial log-likelihood: -1824.460
Optimal log-likelihood: -1824.460
Gamma shape alpha: 1.613
Parameters optimization took 1 rounds (0.021 sec)
BEST SCORE FOUND : -1824.460
Total tree length: 3.041

Total number of iterations: 102
CPU time used for tree search: 1.173 sec (0h:0m:1s)
Wall-clock time used for tree search: 1.196 sec (0h:0m:1s)
Total CPU time used: 1.208 sec (0h:0m:1s)
Total wall-clock time used: 1.265 sec (0h:0m:1s)

===> START BOOTSTRAP REPLICATE NUMBER 11

Creating bootstrap alignment (seed: 375811)...

Create initial parsimony tree by phylogenetic likelihood library (PLL)... 0.000 seconds
Reading model parameters from file /Users/mful870/Desktop/MD_3di_Dev_02Oct24/Scriptorum/SubstitutionMatrix/3di_substmat

NOTE: 0 MB RAM (0 GB) is required!
Estimate model parameters (epsilon = 0.100)
1. Initial log-likelihood: -1867.784
2. Current log-likelihood: -1843.566
3. Current log-likelihood: -1843.408
Optimal log-likelihood: -1843.407
Gamma shape alpha: 2.308
Parameters optimization took 3 rounds (0.016 sec)
Computing ML distances based on estimated model parameters... 0.009 sec
Computing BIONJ tree...
0.007 seconds
Log-likelihood of BIONJ tree: -1846.124
--------------------------------------------------------------------
|             INITIALIZING CANDIDATE TREE SET                      |
--------------------------------------------------------------------
Generating 98 parsimony trees... 0.022 second
Computing log-likelihood of 58 initial trees ... 0.110 seconds
Current best score: -1830.381

Do NNI search on 20 best initial trees
Estimate model parameters (epsilon = 0.100)
BETTER TREE FOUND at iteration 1: -1830.274
Iteration 10 / LogL: -1830.337 / Time: 0h:0m:0s
Iteration 20 / LogL: -1830.360 / Time: 0h:0m:0s
Finish initializing candidate tree set (5)
Current best tree score: -1830.274 / CPU time: 0.344
Number of iterations: 20
--------------------------------------------------------------------
|               OPTIMIZING CANDIDATE TREE SET                      |
--------------------------------------------------------------------
Iteration 30 / LogL: -1830.671 / Time: 0h:0m:0s (0h:0m:1s left)
UPDATE BEST LOG-LIKELIHOOD: -1830.273
Iteration 40 / LogL: -1830.288 / Time: 0h:0m:0s (0h:0m:1s left)
Iteration 50 / LogL: -1841.328 / Time: 0h:0m:0s (0h:0m:0s left)
Iteration 60 / LogL: -1830.353 / Time: 0h:0m:0s (0h:0m:0s left)
Iteration 70 / LogL: -1830.329 / Time: 0h:0m:1s (0h:0m:0s left)
Iteration 80 / LogL: -1830.583 / Time: 0h:0m:1s (0h:0m:0s left)
Iteration 90 / LogL: -1830.302 / Time: 0h:0m:1s (0h:0m:0s left)
Iteration 100 / LogL: -1830.273 / Time: 0h:0m:1s (0h:0m:0s left)
TREE SEARCH COMPLETED AFTER 102 ITERATIONS / Time: 0h:0m:1s

--------------------------------------------------------------------
|                    FINALIZING TREE SEARCH                        |
--------------------------------------------------------------------
Performs final model parameters optimization
Estimate model parameters (epsilon = 0.010)
1. Initial log-likelihood: -1830.273
Optimal log-likelihood: -1830.272
Gamma shape alpha: 2.219
Parameters optimization took 1 rounds (0.003 sec)
BEST SCORE FOUND : -1830.272
Total tree length: 3.045

Total number of iterations: 102
CPU time used for tree search: 1.224 sec (0h:0m:1s)
Wall-clock time used for tree search: 1.292 sec (0h:0m:1s)
Total CPU time used: 1.261 sec (0h:0m:1s)
Total wall-clock time used: 1.345 sec (0h:0m:1s)

===> START BOOTSTRAP REPLICATE NUMBER 12

Creating bootstrap alignment (seed: 375812)...

Create initial parsimony tree by phylogenetic likelihood library (PLL)... 0.000 seconds
Reading model parameters from file /Users/mful870/Desktop/MD_3di_Dev_02Oct24/Scriptorum/SubstitutionMatrix/3di_substmat

NOTE: 0 MB RAM (0 GB) is required!
Estimate model parameters (epsilon = 0.100)
1. Initial log-likelihood: -1630.991
2. Current log-likelihood: -1617.765
3. Current log-likelihood: -1617.634
Optimal log-likelihood: -1617.634
Gamma shape alpha: 2.216
Parameters optimization took 3 rounds (0.029 sec)
Computing ML distances based on estimated model parameters... 0.011 sec
Computing BIONJ tree...
0.024 seconds
Log-likelihood of BIONJ tree: -1618.388
--------------------------------------------------------------------
|             INITIALIZING CANDIDATE TREE SET                      |
--------------------------------------------------------------------
Generating 98 parsimony trees... 0.023 second
Computing log-likelihood of 49 initial trees ... 0.079 seconds
Current best score: -1616.980

Do NNI search on 20 best initial trees
Estimate model parameters (epsilon = 0.100)
BETTER TREE FOUND at iteration 1: -1616.961
Iteration 10 / LogL: -1616.963 / Time: 0h:0m:0s
Iteration 20 / LogL: -1617.755 / Time: 0h:0m:0s
Finish initializing candidate tree set (4)
Current best tree score: -1616.961 / CPU time: 0.282
Number of iterations: 20
--------------------------------------------------------------------
|               OPTIMIZING CANDIDATE TREE SET                      |
--------------------------------------------------------------------
UPDATE BEST LOG-LIKELIHOOD: -1616.961
Iteration 30 / LogL: -1617.742 / Time: 0h:0m:0s (0h:0m:1s left)
Iteration 40 / LogL: -1616.963 / Time: 0h:0m:0s (0h:0m:0s left)
Iteration 50 / LogL: -1616.964 / Time: 0h:0m:0s (0h:0m:0s left)
Iteration 60 / LogL: -1616.972 / Time: 0h:0m:0s (0h:0m:0s left)
Iteration 70 / LogL: -1616.962 / Time: 0h:0m:0s (0h:0m:0s left)
Iteration 80 / LogL: -1616.965 / Time: 0h:0m:1s (0h:0m:0s left)
Iteration 90 / LogL: -1617.762 / Time: 0h:0m:1s (0h:0m:0s left)
Iteration 100 / LogL: -1617.037 / Time: 0h:0m:1s (0h:0m:0s left)
TREE SEARCH COMPLETED AFTER 102 ITERATIONS / Time: 0h:0m:1s

--------------------------------------------------------------------
|                    FINALIZING TREE SEARCH                        |
--------------------------------------------------------------------
Performs final model parameters optimization
Estimate model parameters (epsilon = 0.010)
1. Initial log-likelihood: -1616.961
Optimal log-likelihood: -1616.961
Gamma shape alpha: 2.091
Parameters optimization took 1 rounds (0.002 sec)
BEST SCORE FOUND : -1616.961
Total tree length: 2.232

Total number of iterations: 102
CPU time used for tree search: 1.159 sec (0h:0m:1s)
Wall-clock time used for tree search: 1.176 sec (0h:0m:1s)
Total CPU time used: 1.193 sec (0h:0m:1s)
Total wall-clock time used: 1.296 sec (0h:0m:1s)

===> START BOOTSTRAP REPLICATE NUMBER 13

Creating bootstrap alignment (seed: 375813)...

Create initial parsimony tree by phylogenetic likelihood library (PLL)... 0.000 seconds
Reading model parameters from file /Users/mful870/Desktop/MD_3di_Dev_02Oct24/Scriptorum/SubstitutionMatrix/3di_substmat

NOTE: 0 MB RAM (0 GB) is required!
Estimate model parameters (epsilon = 0.100)
1. Initial log-likelihood: -1791.073
2. Current log-likelihood: -1771.734
3. Current log-likelihood: -1771.556
Optimal log-likelihood: -1771.552
Gamma shape alpha: 1.039
Parameters optimization took 3 rounds (0.017 sec)
Computing ML distances based on estimated model parameters... 0.011 sec
Computing BIONJ tree...
0.007 seconds
Log-likelihood of BIONJ tree: -1771.979
--------------------------------------------------------------------
|             INITIALIZING CANDIDATE TREE SET                      |
--------------------------------------------------------------------
Generating 98 parsimony trees... 0.025 second
Computing log-likelihood of 55 initial trees ... 0.102 seconds
Current best score: -1768.322

Do NNI search on 20 best initial trees
Estimate model parameters (epsilon = 0.100)
BETTER TREE FOUND at iteration 1: -1767.912
Estimate model parameters (epsilon = 0.100)
BETTER TREE FOUND at iteration 4: -1766.722
Iteration 10 / LogL: -1768.018 / Time: 0h:0m:0s
Iteration 20 / LogL: -1767.369 / Time: 0h:0m:0s
Finish initializing candidate tree set (5)
Current best tree score: -1766.722 / CPU time: 0.355
Number of iterations: 20
--------------------------------------------------------------------
|               OPTIMIZING CANDIDATE TREE SET                      |
--------------------------------------------------------------------
UPDATE BEST LOG-LIKELIHOOD: -1766.722
Iteration 30 / LogL: -1771.618 / Time: 0h:0m:0s (0h:0m:1s left)
Iteration 40 / LogL: -1766.789 / Time: 0h:0m:0s (0h:0m:0s left)
Iteration 50 / LogL: -1766.777 / Time: 0h:0m:0s (0h:0m:0s left)
Iteration 60 / LogL: -1767.174 / Time: 0h:0m:0s (0h:0m:0s left)
Iteration 70 / LogL: -1771.562 / Time: 0h:0m:0s (0h:0m:0s left)
Iteration 80 / LogL: -1766.777 / Time: 0h:0m:1s (0h:0m:0s left)
Iteration 90 / LogL: -1767.104 / Time: 0h:0m:1s (0h:0m:0s left)
UPDATE BEST LOG-LIKELIHOOD: -1766.722
Iteration 100 / LogL: -1766.768 / Time: 0h:0m:1s (0h:0m:0s left)
TREE SEARCH COMPLETED AFTER 105 ITERATIONS / Time: 0h:0m:1s

--------------------------------------------------------------------
|                    FINALIZING TREE SEARCH                        |
--------------------------------------------------------------------
Performs final model parameters optimization
Estimate model parameters (epsilon = 0.010)
1. Initial log-likelihood: -1766.722
Optimal log-likelihood: -1766.722
Gamma shape alpha: 1.120
Parameters optimization took 1 rounds (0.005 sec)
BEST SCORE FOUND : -1766.722
Total tree length: 3.271

Total number of iterations: 105
CPU time used for tree search: 1.208 sec (0h:0m:1s)
Wall-clock time used for tree search: 1.254 sec (0h:0m:1s)
Total CPU time used: 1.251 sec (0h:0m:1s)
Total wall-clock time used: 1.314 sec (0h:0m:1s)

===> START BOOTSTRAP REPLICATE NUMBER 14

Creating bootstrap alignment (seed: 375814)...

Create initial parsimony tree by phylogenetic likelihood library (PLL)... 0.000 seconds
Reading model parameters from file /Users/mful870/Desktop/MD_3di_Dev_02Oct24/Scriptorum/SubstitutionMatrix/3di_substmat

NOTE: 0 MB RAM (0 GB) is required!
Estimate model parameters (epsilon = 0.100)
1. Initial log-likelihood: -1833.329
2. Current log-likelihood: -1821.367
3. Current log-likelihood: -1821.201
Optimal log-likelihood: -1821.197
Gamma shape alpha: 1.928
Parameters optimization took 3 rounds (0.011 sec)
Computing ML distances based on estimated model parameters... 0.010 sec
Computing BIONJ tree...
0.009 seconds
Log-likelihood of BIONJ tree: -1818.564
--------------------------------------------------------------------
|             INITIALIZING CANDIDATE TREE SET                      |
--------------------------------------------------------------------
Generating 98 parsimony trees... 0.019 second
Computing log-likelihood of 55 initial trees ... 0.093 seconds
Current best score: -1818.007

Do NNI search on 20 best initial trees
Estimate model parameters (epsilon = 0.100)
BETTER TREE FOUND at iteration 1: -1817.954
Iteration 10 / LogL: -1818.237 / Time: 0h:0m:0s
Iteration 20 / LogL: -1818.042 / Time: 0h:0m:0s
Finish initializing candidate tree set (3)
Current best tree score: -1817.954 / CPU time: 0.296
Number of iterations: 20
--------------------------------------------------------------------
|               OPTIMIZING CANDIDATE TREE SET                      |
--------------------------------------------------------------------
Iteration 30 / LogL: -1817.960 / Time: 0h:0m:0s (0h:0m:1s left)
Iteration 40 / LogL: -1818.490 / Time: 0h:0m:0s (0h:0m:0s left)
Iteration 50 / LogL: -1818.489 / Time: 0h:0m:0s (0h:0m:0s left)
Iteration 60 / LogL: -1818.645 / Time: 0h:0m:0s (0h:0m:0s left)
UPDATE BEST LOG-LIKELIHOOD: -1817.954
UPDATE BEST LOG-LIKELIHOOD: -1817.954
Iteration 70 / LogL: -1817.954 / Time: 0h:0m:0s (0h:0m:0s left)
Iteration 80 / LogL: -1818.510 / Time: 0h:0m:1s (0h:0m:0s left)
UPDATE BEST LOG-LIKELIHOOD: -1817.954
Iteration 90 / LogL: -1818.504 / Time: 0h:0m:1s (0h:0m:0s left)
Iteration 100 / LogL: -1818.490 / Time: 0h:0m:1s (0h:0m:0s left)
TREE SEARCH COMPLETED AFTER 102 ITERATIONS / Time: 0h:0m:1s

--------------------------------------------------------------------
|                    FINALIZING TREE SEARCH                        |
--------------------------------------------------------------------
Performs final model parameters optimization
Estimate model parameters (epsilon = 0.010)
1. Initial log-likelihood: -1817.954
Optimal log-likelihood: -1817.954
Gamma shape alpha: 2.071
Parameters optimization took 1 rounds (0.002 sec)
BEST SCORE FOUND : -1817.954
Total tree length: 2.865

Total number of iterations: 102
CPU time used for tree search: 1.170 sec (0h:0m:1s)
Wall-clock time used for tree search: 1.204 sec (0h:0m:1s)
Total CPU time used: 1.203 sec (0h:0m:1s)
Total wall-clock time used: 1.256 sec (0h:0m:1s)

===> START BOOTSTRAP REPLICATE NUMBER 15

Creating bootstrap alignment (seed: 375815)...

Create initial parsimony tree by phylogenetic likelihood library (PLL)... 0.017 seconds
Reading model parameters from file /Users/mful870/Desktop/MD_3di_Dev_02Oct24/Scriptorum/SubstitutionMatrix/3di_substmat

NOTE: 0 MB RAM (0 GB) is required!
Estimate model parameters (epsilon = 0.100)
1. Initial log-likelihood: -1836.521
2. Current log-likelihood: -1820.925
3. Current log-likelihood: -1820.778
Optimal log-likelihood: -1820.776
Gamma shape alpha: 2.206
Parameters optimization took 3 rounds (0.016 sec)
Computing ML distances based on estimated model parameters... 0.010 sec
Computing BIONJ tree...
0.010 seconds
Log-likelihood of BIONJ tree: -1814.842
--------------------------------------------------------------------
|             INITIALIZING CANDIDATE TREE SET                      |
--------------------------------------------------------------------
Generating 98 parsimony trees... 0.020 second
Computing log-likelihood of 55 initial trees ... 0.108 seconds
Current best score: -1814.842

Do NNI search on 20 best initial trees
Estimate model parameters (epsilon = 0.100)
BETTER TREE FOUND at iteration 1: -1814.831
Iteration 10 / LogL: -1814.869 / Time: 0h:0m:0s
Iteration 20 / LogL: -1814.850 / Time: 0h:0m:0s
Finish initializing candidate tree set (2)
Current best tree score: -1814.831 / CPU time: 0.310
Number of iterations: 20
--------------------------------------------------------------------
|               OPTIMIZING CANDIDATE TREE SET                      |
--------------------------------------------------------------------
Iteration 30 / LogL: -1815.612 / Time: 0h:0m:0s (0h:0m:1s left)
Iteration 40 / LogL: -1814.876 / Time: 0h:0m:0s (0h:0m:0s left)
Iteration 50 / LogL: -1814.845 / Time: 0h:0m:0s (0h:0m:0s left)
Iteration 60 / LogL: -1814.895 / Time: 0h:0m:0s (0h:0m:0s left)
UPDATE BEST LOG-LIKELIHOOD: -1814.831
UPDATE BEST LOG-LIKELIHOOD: -1814.831
Iteration 70 / LogL: -1814.928 / Time: 0h:0m:0s (0h:0m:0s left)
Iteration 80 / LogL: -1814.879 / Time: 0h:0m:1s (0h:0m:0s left)
Iteration 90 / LogL: -1814.875 / Time: 0h:0m:1s (0h:0m:0s left)
Iteration 100 / LogL: -1814.876 / Time: 0h:0m:1s (0h:0m:0s left)
TREE SEARCH COMPLETED AFTER 102 ITERATIONS / Time: 0h:0m:1s

--------------------------------------------------------------------
|                    FINALIZING TREE SEARCH                        |
--------------------------------------------------------------------
Performs final model parameters optimization
Estimate model parameters (epsilon = 0.010)
1. Initial log-likelihood: -1814.831
Optimal log-likelihood: -1814.831
Gamma shape alpha: 2.117
Parameters optimization took 1 rounds (0.003 sec)
BEST SCORE FOUND : -1814.831
Total tree length: 2.782

Total number of iterations: 102
CPU time used for tree search: 1.181 sec (0h:0m:1s)
Wall-clock time used for tree search: 1.235 sec (0h:0m:1s)
Total CPU time used: 1.219 sec (0h:0m:1s)
Total wall-clock time used: 1.363 sec (0h:0m:1s)

===> START BOOTSTRAP REPLICATE NUMBER 16

Creating bootstrap alignment (seed: 375816)...

Create initial parsimony tree by phylogenetic likelihood library (PLL)... 0.000 seconds
Reading model parameters from file /Users/mful870/Desktop/MD_3di_Dev_02Oct24/Scriptorum/SubstitutionMatrix/3di_substmat

NOTE: 0 MB RAM (0 GB) is required!
Estimate model parameters (epsilon = 0.100)
1. Initial log-likelihood: -1805.071
2. Current log-likelihood: -1789.098
Optimal log-likelihood: -1789.028
Gamma shape alpha: 1.704
Parameters optimization took 2 rounds (0.013 sec)
Computing ML distances based on estimated model parameters... 0.012 sec
Computing BIONJ tree...
0.026 seconds
Log-likelihood of BIONJ tree: -1788.820
--------------------------------------------------------------------
|             INITIALIZING CANDIDATE TREE SET                      |
--------------------------------------------------------------------
Generating 98 parsimony trees... 0.024 second
Computing log-likelihood of 47 initial trees ... 0.081 seconds
Current best score: -1788.820

Do NNI search on 20 best initial trees
Estimate model parameters (epsilon = 0.100)
BETTER TREE FOUND at iteration 1: -1788.818
Iteration 10 / LogL: -1788.955 / Time: 0h:0m:0s
Iteration 20 / LogL: -1788.832 / Time: 0h:0m:0s
Finish initializing candidate tree set (2)
Current best tree score: -1788.818 / CPU time: 0.292
Number of iterations: 20
--------------------------------------------------------------------
|               OPTIMIZING CANDIDATE TREE SET                      |
--------------------------------------------------------------------
Iteration 30 / LogL: -1789.010 / Time: 0h:0m:0s (0h:0m:1s left)
Iteration 40 / LogL: -1789.330 / Time: 0h:0m:0s (0h:0m:0s left)
Iteration 50 / LogL: -1788.823 / Time: 0h:0m:0s (0h:0m:0s left)
UPDATE BEST LOG-LIKELIHOOD: -1788.818
Iteration 60 / LogL: -1795.311 / Time: 0h:0m:0s (0h:0m:0s left)
Iteration 70 / LogL: -1788.839 / Time: 0h:0m:0s (0h:0m:0s left)
Iteration 80 / LogL: -1788.856 / Time: 0h:0m:1s (0h:0m:0s left)
Iteration 90 / LogL: -1788.848 / Time: 0h:0m:1s (0h:0m:0s left)
Iteration 100 / LogL: -1788.847 / Time: 0h:0m:1s (0h:0m:0s left)
TREE SEARCH COMPLETED AFTER 102 ITERATIONS / Time: 0h:0m:1s

--------------------------------------------------------------------
|                    FINALIZING TREE SEARCH                        |
--------------------------------------------------------------------
Performs final model parameters optimization
Estimate model parameters (epsilon = 0.010)
1. Initial log-likelihood: -1788.818
Optimal log-likelihood: -1788.818
Gamma shape alpha: 1.729
Parameters optimization took 1 rounds (0.003 sec)
BEST SCORE FOUND : -1788.818
Total tree length: 2.960

Total number of iterations: 102
CPU time used for tree search: 1.102 sec (0h:0m:1s)
Wall-clock time used for tree search: 1.179 sec (0h:0m:1s)
Total CPU time used: 1.139 sec (0h:0m:1s)
Total wall-clock time used: 1.261 sec (0h:0m:1s)

===> START BOOTSTRAP REPLICATE NUMBER 17

Creating bootstrap alignment (seed: 375817)...

Create initial parsimony tree by phylogenetic likelihood library (PLL)... 0.000 seconds
Reading model parameters from file /Users/mful870/Desktop/MD_3di_Dev_02Oct24/Scriptorum/SubstitutionMatrix/3di_substmat

NOTE: 0 MB RAM (0 GB) is required!
Estimate model parameters (epsilon = 0.100)
1. Initial log-likelihood: -1703.430
2. Current log-likelihood: -1687.956
3. Current log-likelihood: -1687.843
Optimal log-likelihood: -1687.843
Gamma shape alpha: 2.423
Parameters optimization took 3 rounds (0.012 sec)
Computing ML distances based on estimated model parameters... 0.009 sec
Computing BIONJ tree...
0.006 seconds
Log-likelihood of BIONJ tree: -1692.006
--------------------------------------------------------------------
|             INITIALIZING CANDIDATE TREE SET                      |
--------------------------------------------------------------------
Generating 98 parsimony trees... 0.021 second
Computing log-likelihood of 45 initial trees ... 0.071 seconds
Current best score: -1678.413

Do NNI search on 20 best initial trees
Estimate model parameters (epsilon = 0.100)
BETTER TREE FOUND at iteration 1: -1677.623
Iteration 10 / LogL: -1677.792 / Time: 0h:0m:0s
Iteration 20 / LogL: -1677.739 / Time: 0h:0m:0s
Finish initializing candidate tree set (2)
Current best tree score: -1677.623 / CPU time: 0.358
Number of iterations: 20
--------------------------------------------------------------------
|               OPTIMIZING CANDIDATE TREE SET                      |
--------------------------------------------------------------------
UPDATE BEST LOG-LIKELIHOOD: -1677.623
Iteration 30 / LogL: -1677.677 / Time: 0h:0m:0s (0h:0m:1s left)
Iteration 40 / LogL: -1677.629 / Time: 0h:0m:0s (0h:0m:0s left)
UPDATE BEST LOG-LIKELIHOOD: -1677.620
Iteration 50 / LogL: -1677.687 / Time: 0h:0m:0s (0h:0m:0s left)
Iteration 60 / LogL: -1688.059 / Time: 0h:0m:0s (0h:0m:0s left)
Iteration 70 / LogL: -1677.670 / Time: 0h:0m:0s (0h:0m:0s left)
Iteration 80 / LogL: -1688.055 / Time: 0h:0m:1s (0h:0m:0s left)
Iteration 90 / LogL: -1677.761 / Time: 0h:0m:1s (0h:0m:0s left)
Iteration 100 / LogL: -1677.710 / Time: 0h:0m:1s (0h:0m:0s left)
TREE SEARCH COMPLETED AFTER 102 ITERATIONS / Time: 0h:0m:1s

--------------------------------------------------------------------
|                    FINALIZING TREE SEARCH                        |
--------------------------------------------------------------------
Performs final model parameters optimization
Estimate model parameters (epsilon = 0.010)
1. Initial log-likelihood: -1677.620
Optimal log-likelihood: -1677.620
Gamma shape alpha: 2.240
Parameters optimization took 1 rounds (0.003 sec)
BEST SCORE FOUND : -1677.620
Total tree length: 2.504

Total number of iterations: 102
CPU time used for tree search: 1.262 sec (0h:0m:1s)
Wall-clock time used for tree search: 1.296 sec (0h:0m:1s)
Total CPU time used: 1.296 sec (0h:0m:1s)
Total wall-clock time used: 1.346 sec (0h:0m:1s)

===> START BOOTSTRAP REPLICATE NUMBER 18

Creating bootstrap alignment (seed: 375818)...

Create initial parsimony tree by phylogenetic likelihood library (PLL)... 0.000 seconds
Reading model parameters from file /Users/mful870/Desktop/MD_3di_Dev_02Oct24/Scriptorum/SubstitutionMatrix/3di_substmat

NOTE: 0 MB RAM (0 GB) is required!
Estimate model parameters (epsilon = 0.100)
1. Initial log-likelihood: -1854.323
2. Current log-likelihood: -1833.752
3. Current log-likelihood: -1833.590
Optimal log-likelihood: -1833.589
Gamma shape alpha: 2.080
Parameters optimization took 3 rounds (0.014 sec)
Computing ML distances based on estimated model parameters... 0.010 sec
Computing BIONJ tree...
0.007 seconds
Log-likelihood of BIONJ tree: -1837.986
--------------------------------------------------------------------
|             INITIALIZING CANDIDATE TREE SET                      |
--------------------------------------------------------------------
Generating 98 parsimony trees... 0.025 second
Computing log-likelihood of 51 initial trees ... 0.093 seconds
Current best score: -1833.589

Do NNI search on 20 best initial trees
Estimate model parameters (epsilon = 0.100)
BETTER TREE FOUND at iteration 1: -1833.589
Estimate model parameters (epsilon = 0.100)
BETTER TREE FOUND at iteration 2: -1832.631
Iteration 10 / LogL: -1837.992 / Time: 0h:0m:0s
Iteration 20 / LogL: -1834.094 / Time: 0h:0m:0s
Finish initializing candidate tree set (4)
Current best tree score: -1832.631 / CPU time: 0.338
Number of iterations: 20
--------------------------------------------------------------------
|               OPTIMIZING CANDIDATE TREE SET                      |
--------------------------------------------------------------------
Iteration 30 / LogL: -1832.636 / Time: 0h:0m:0s (0h:0m:1s left)
Iteration 40 / LogL: -1834.030 / Time: 0h:0m:0s (0h:0m:0s left)
Iteration 50 / LogL: -1838.000 / Time: 0h:0m:0s (0h:0m:0s left)
UPDATE BEST LOG-LIKELIHOOD: -1832.631
Iteration 60 / LogL: -1833.598 / Time: 0h:0m:0s (0h:0m:0s left)
Iteration 70 / LogL: -1832.651 / Time: 0h:0m:0s (0h:0m:0s left)
Iteration 80 / LogL: -1833.996 / Time: 0h:0m:0s (0h:0m:0s left)
Iteration 90 / LogL: -1832.653 / Time: 0h:0m:1s (0h:0m:0s left)
Iteration 100 / LogL: -1837.997 / Time: 0h:0m:1s (0h:0m:0s left)
TREE SEARCH COMPLETED AFTER 103 ITERATIONS / Time: 0h:0m:1s

--------------------------------------------------------------------
|                    FINALIZING TREE SEARCH                        |
--------------------------------------------------------------------
Performs final model parameters optimization
Estimate model parameters (epsilon = 0.010)
1. Initial log-likelihood: -1832.631
Optimal log-likelihood: -1832.631
Gamma shape alpha: 2.157
Parameters optimization took 1 rounds (0.003 sec)
BEST SCORE FOUND : -1832.631
Total tree length: 3.035

Total number of iterations: 103
CPU time used for tree search: 1.119 sec (0h:0m:1s)
Wall-clock time used for tree search: 1.191 sec (0h:0m:1s)
Total CPU time used: 1.156 sec (0h:0m:1s)
Total wall-clock time used: 1.245 sec (0h:0m:1s)

===> START BOOTSTRAP REPLICATE NUMBER 19

Creating bootstrap alignment (seed: 375819)...

Create initial parsimony tree by phylogenetic likelihood library (PLL)... 0.000 seconds
Reading model parameters from file /Users/mful870/Desktop/MD_3di_Dev_02Oct24/Scriptorum/SubstitutionMatrix/3di_substmat

NOTE: 0 MB RAM (0 GB) is required!
Estimate model parameters (epsilon = 0.100)
1. Initial log-likelihood: -1712.868
2. Current log-likelihood: -1689.994
Optimal log-likelihood: -1689.956
Gamma shape alpha: 1.426
Parameters optimization took 2 rounds (0.011 sec)
Computing ML distances based on estimated model parameters... 0.011 sec
Computing BIONJ tree...
0.007 seconds
Log-likelihood of BIONJ tree: -1686.206
--------------------------------------------------------------------
|             INITIALIZING CANDIDATE TREE SET                      |
--------------------------------------------------------------------
Generating 98 parsimony trees... 0.027 second
Computing log-likelihood of 62 initial trees ... 0.117 seconds
Current best score: -1685.578

Do NNI search on 20 best initial trees
Estimate model parameters (epsilon = 0.100)
BETTER TREE FOUND at iteration 1: -1683.159
Iteration 10 / LogL: -1685.660 / Time: 0h:0m:0s
Iteration 20 / LogL: -1683.191 / Time: 0h:0m:0s
Finish initializing candidate tree set (2)
Current best tree score: -1683.159 / CPU time: 0.315
Number of iterations: 20
--------------------------------------------------------------------
|               OPTIMIZING CANDIDATE TREE SET                      |
--------------------------------------------------------------------
Iteration 30 / LogL: -1685.603 / Time: 0h:0m:0s (0h:0m:1s left)
Iteration 40 / LogL: -1683.161 / Time: 0h:0m:0s (0h:0m:0s left)
Iteration 50 / LogL: -1683.160 / Time: 0h:0m:0s (0h:0m:0s left)
Iteration 60 / LogL: -1683.226 / Time: 0h:0m:0s (0h:0m:0s left)
Iteration 70 / LogL: -1683.222 / Time: 0h:0m:0s (0h:0m:0s left)
Iteration 80 / LogL: -1683.192 / Time: 0h:0m:1s (0h:0m:0s left)
Iteration 90 / LogL: -1685.601 / Time: 0h:0m:1s (0h:0m:0s left)
Iteration 100 / LogL: -1683.174 / Time: 0h:0m:1s (0h:0m:0s left)
TREE SEARCH COMPLETED AFTER 102 ITERATIONS / Time: 0h:0m:1s

--------------------------------------------------------------------
|                    FINALIZING TREE SEARCH                        |
--------------------------------------------------------------------
Performs final model parameters optimization
Estimate model parameters (epsilon = 0.010)
1. Initial log-likelihood: -1683.159
Optimal log-likelihood: -1683.159
Gamma shape alpha: 1.412
Parameters optimization took 1 rounds (0.003 sec)
BEST SCORE FOUND : -1683.159
Total tree length: 2.976

Total number of iterations: 102
CPU time used for tree search: 1.188 sec (0h:0m:1s)
Wall-clock time used for tree search: 1.229 sec (0h:0m:1s)
Total CPU time used: 1.221 sec (0h:0m:1s)
Total wall-clock time used: 1.278 sec (0h:0m:1s)

===> START BOOTSTRAP REPLICATE NUMBER 20

Creating bootstrap alignment (seed: 375820)...

Create initial parsimony tree by phylogenetic likelihood library (PLL)... 0.000 seconds
Reading model parameters from file /Users/mful870/Desktop/MD_3di_Dev_02Oct24/Scriptorum/SubstitutionMatrix/3di_substmat

NOTE: 0 MB RAM (0 GB) is required!
Estimate model parameters (epsilon = 0.100)
1. Initial log-likelihood: -1820.087
2. Current log-likelihood: -1807.195
Optimal log-likelihood: -1807.150
Gamma shape alpha: 1.521
Parameters optimization took 2 rounds (0.009 sec)
Computing ML distances based on estimated model parameters... 0.010 sec
Computing BIONJ tree...
0.007 seconds
Log-likelihood of BIONJ tree: -1811.001
--------------------------------------------------------------------
|             INITIALIZING CANDIDATE TREE SET                      |
--------------------------------------------------------------------
Generating 98 parsimony trees... 0.022 second
Computing log-likelihood of 53 initial trees ... 0.106 seconds
Current best score: -1805.419

Do NNI search on 20 best initial trees
Estimate model parameters (epsilon = 0.100)
BETTER TREE FOUND at iteration 1: -1805.026
Iteration 10 / LogL: -1805.280 / Time: 0h:0m:0s
Iteration 20 / LogL: -1805.123 / Time: 0h:0m:0s
Finish initializing candidate tree set (1)
Current best tree score: -1805.026 / CPU time: 0.325
Number of iterations: 20
--------------------------------------------------------------------
|               OPTIMIZING CANDIDATE TREE SET                      |
--------------------------------------------------------------------
UPDATE BEST LOG-LIKELIHOOD: -1805.026
Iteration 30 / LogL: -1805.026 / Time: 0h:0m:0s (0h:0m:1s left)
UPDATE BEST LOG-LIKELIHOOD: -1805.025
UPDATE BEST LOG-LIKELIHOOD: -1805.025
UPDATE BEST LOG-LIKELIHOOD: -1805.025
Iteration 40 / LogL: -1805.296 / Time: 0h:0m:0s (0h:0m:0s left)
UPDATE BEST LOG-LIKELIHOOD: -1805.025
UPDATE BEST LOG-LIKELIHOOD: -1805.025
Iteration 50 / LogL: -1805.046 / Time: 0h:0m:0s (0h:0m:0s left)
Iteration 60 / LogL: -1805.077 / Time: 0h:0m:0s (0h:0m:0s left)
UPDATE BEST LOG-LIKELIHOOD: -1805.025
Iteration 70 / LogL: -1805.029 / Time: 0h:0m:0s (0h:0m:0s left)
Iteration 80 / LogL: -1805.529 / Time: 0h:0m:1s (0h:0m:0s left)
Iteration 90 / LogL: -1805.058 / Time: 0h:0m:1s (0h:0m:0s left)
UPDATE BEST LOG-LIKELIHOOD: -1805.025
Iteration 100 / LogL: -1805.034 / Time: 0h:0m:1s (0h:0m:0s left)
TREE SEARCH COMPLETED AFTER 102 ITERATIONS / Time: 0h:0m:1s

--------------------------------------------------------------------
|                    FINALIZING TREE SEARCH                        |
--------------------------------------------------------------------
Performs final model parameters optimization
Estimate model parameters (epsilon = 0.010)
1. Initial log-likelihood: -1805.025
Optimal log-likelihood: -1805.025
Gamma shape alpha: 1.476
Parameters optimization took 1 rounds (0.020 sec)
BEST SCORE FOUND : -1805.025
Total tree length: 3.106

Total number of iterations: 102
CPU time used for tree search: 1.158 sec (0h:0m:1s)
Wall-clock time used for tree search: 1.225 sec (0h:0m:1s)
Total CPU time used: 1.192 sec (0h:0m:1s)
Total wall-clock time used: 1.325 sec (0h:0m:1s)

===> START BOOTSTRAP REPLICATE NUMBER 21

Creating bootstrap alignment (seed: 375821)...

Create initial parsimony tree by phylogenetic likelihood library (PLL)... 0.000 seconds
Reading model parameters from file /Users/mful870/Desktop/MD_3di_Dev_02Oct24/Scriptorum/SubstitutionMatrix/3di_substmat

NOTE: 0 MB RAM (0 GB) is required!
Estimate model parameters (epsilon = 0.100)
1. Initial log-likelihood: -1745.718
2. Current log-likelihood: -1728.900
3. Current log-likelihood: -1728.724
Optimal log-likelihood: -1728.724
Gamma shape alpha: 1.305
Parameters optimization took 3 rounds (0.046 sec)
Computing ML distances based on estimated model parameters... 0.015 sec
Computing BIONJ tree...
0.007 seconds
Log-likelihood of BIONJ tree: -1722.037
--------------------------------------------------------------------
|             INITIALIZING CANDIDATE TREE SET                      |
--------------------------------------------------------------------
Generating 98 parsimony trees... 0.025 second
Computing log-likelihood of 56 initial trees ... 0.092 seconds
Current best score: -1722.037

Do NNI search on 20 best initial trees
Estimate model parameters (epsilon = 0.100)
BETTER TREE FOUND at iteration 1: -1719.862
Iteration 10 / LogL: -1726.805 / Time: 0h:0m:0s
Iteration 20 / LogL: -1726.816 / Time: 0h:0m:0s
Finish initializing candidate tree set (4)
Current best tree score: -1719.862 / CPU time: 0.284
Number of iterations: 20
--------------------------------------------------------------------
|               OPTIMIZING CANDIDATE TREE SET                      |
--------------------------------------------------------------------
UPDATE BEST LOG-LIKELIHOOD: -1719.862
UPDATE BEST LOG-LIKELIHOOD: -1719.862
Iteration 30 / LogL: -1726.779 / Time: 0h:0m:0s (0h:0m:1s left)
Iteration 40 / LogL: -1720.283 / Time: 0h:0m:0s (0h:0m:0s left)
Iteration 50 / LogL: -1730.587 / Time: 0h:0m:0s (0h:0m:0s left)
UPDATE BEST LOG-LIKELIHOOD: -1719.862
Iteration 60 / LogL: -1719.896 / Time: 0h:0m:0s (0h:0m:0s left)
UPDATE BEST LOG-LIKELIHOOD: -1719.862
Iteration 70 / LogL: -1719.883 / Time: 0h:0m:0s (0h:0m:0s left)
UPDATE BEST LOG-LIKELIHOOD: -1719.862
Iteration 80 / LogL: -1719.886 / Time: 0h:0m:1s (0h:0m:0s left)
Iteration 90 / LogL: -1720.010 / Time: 0h:0m:1s (0h:0m:0s left)
Iteration 100 / LogL: -1719.915 / Time: 0h:0m:1s (0h:0m:0s left)
TREE SEARCH COMPLETED AFTER 102 ITERATIONS / Time: 0h:0m:1s

--------------------------------------------------------------------
|                    FINALIZING TREE SEARCH                        |
--------------------------------------------------------------------
Performs final model parameters optimization
Estimate model parameters (epsilon = 0.010)
1. Initial log-likelihood: -1719.862
Optimal log-likelihood: -1719.862
Gamma shape alpha: 1.271
Parameters optimization took 1 rounds (0.003 sec)
BEST SCORE FOUND : -1719.862
Total tree length: 2.822

Total number of iterations: 102
CPU time used for tree search: 1.071 sec (0h:0m:1s)
Wall-clock time used for tree search: 1.152 sec (0h:0m:1s)
Total CPU time used: 1.119 sec (0h:0m:1s)
Total wall-clock time used: 1.254 sec (0h:0m:1s)

===> START BOOTSTRAP REPLICATE NUMBER 22

Creating bootstrap alignment (seed: 375822)...

Create initial parsimony tree by phylogenetic likelihood library (PLL)... 0.000 seconds
Reading model parameters from file /Users/mful870/Desktop/MD_3di_Dev_02Oct24/Scriptorum/SubstitutionMatrix/3di_substmat

NOTE: 0 MB RAM (0 GB) is required!
Estimate model parameters (epsilon = 0.100)
1. Initial log-likelihood: -1733.619
2. Current log-likelihood: -1721.135
Optimal log-likelihood: -1721.072
Gamma shape alpha: 1.474
Parameters optimization took 2 rounds (0.009 sec)
Computing ML distances based on estimated model parameters... 0.010 sec
Computing BIONJ tree...
0.008 seconds
Log-likelihood of BIONJ tree: -1721.072
--------------------------------------------------------------------
|             INITIALIZING CANDIDATE TREE SET                      |
--------------------------------------------------------------------
Generating 99 parsimony trees... 0.025 second
Computing log-likelihood of 48 initial trees ... 0.102 seconds
Current best score: -1719.185

Do NNI search on 20 best initial trees
Estimate model parameters (epsilon = 0.100)
BETTER TREE FOUND at iteration 1: -1719.146
Iteration 10 / LogL: -1719.253 / Time: 0h:0m:0s
Iteration 20 / LogL: -1719.331 / Time: 0h:0m:0s
Finish initializing candidate tree set (4)
Current best tree score: -1719.146 / CPU time: 0.348
Number of iterations: 20
--------------------------------------------------------------------
|               OPTIMIZING CANDIDATE TREE SET                      |
--------------------------------------------------------------------
UPDATE BEST LOG-LIKELIHOOD: -1719.146
Iteration 30 / LogL: -1719.543 / Time: 0h:0m:0s (0h:0m:1s left)
UPDATE BEST LOG-LIKELIHOOD: -1719.146
Iteration 40 / LogL: -1722.057 / Time: 0h:0m:0s (0h:0m:0s left)
UPDATE BEST LOG-LIKELIHOOD: -1719.146
Iteration 50 / LogL: -1719.152 / Time: 0h:0m:0s (0h:0m:0s left)
Iteration 60 / LogL: -1719.247 / Time: 0h:0m:0s (0h:0m:0s left)
UPDATE BEST LOG-LIKELIHOOD: -1719.146
Iteration 70 / LogL: -1719.240 / Time: 0h:0m:0s (0h:0m:0s left)
Iteration 80 / LogL: -1719.282 / Time: 0h:0m:1s (0h:0m:0s left)
Iteration 90 / LogL: -1721.780 / Time: 0h:0m:1s (0h:0m:0s left)
Iteration 100 / LogL: -1719.223 / Time: 0h:0m:1s (0h:0m:0s left)
TREE SEARCH COMPLETED AFTER 102 ITERATIONS / Time: 0h:0m:1s

--------------------------------------------------------------------
|                    FINALIZING TREE SEARCH                        |
--------------------------------------------------------------------
Performs final model parameters optimization
Estimate model parameters (epsilon = 0.010)
1. Initial log-likelihood: -1719.146
Optimal log-likelihood: -1719.146
Gamma shape alpha: 1.453
Parameters optimization took 1 rounds (0.003 sec)
BEST SCORE FOUND : -1719.146
Total tree length: 2.916

Total number of iterations: 102
CPU time used for tree search: 1.172 sec (0h:0m:1s)
Wall-clock time used for tree search: 1.210 sec (0h:0m:1s)
Total CPU time used: 1.204 sec (0h:0m:1s)
Total wall-clock time used: 1.257 sec (0h:0m:1s)

===> START BOOTSTRAP REPLICATE NUMBER 23

Creating bootstrap alignment (seed: 375823)...

Create initial parsimony tree by phylogenetic likelihood library (PLL)... 0.000 seconds
Reading model parameters from file /Users/mful870/Desktop/MD_3di_Dev_02Oct24/Scriptorum/SubstitutionMatrix/3di_substmat

NOTE: 0 MB RAM (0 GB) is required!
Estimate model parameters (epsilon = 0.100)
1. Initial log-likelihood: -1688.983
2. Current log-likelihood: -1669.810
3. Current log-likelihood: -1669.665
Optimal log-likelihood: -1669.664
Gamma shape alpha: 3.985
Parameters optimization took 3 rounds (0.011 sec)
Computing ML distances based on estimated model parameters... 0.008 sec
Computing BIONJ tree...
0.010 seconds
Log-likelihood of BIONJ tree: -1675.496
--------------------------------------------------------------------
|             INITIALIZING CANDIDATE TREE SET                      |
--------------------------------------------------------------------
Generating 98 parsimony trees... 0.024 second
Computing log-likelihood of 54 initial trees ... 0.100 seconds
Current best score: -1669.664

Do NNI search on 20 best initial trees
Estimate model parameters (epsilon = 0.100)
BETTER TREE FOUND at iteration 1: -1669.664
Iteration 10 / LogL: -1669.671 / Time: 0h:0m:0s
Iteration 20 / LogL: -1669.673 / Time: 0h:0m:0s
Finish initializing candidate tree set (2)
Current best tree score: -1669.664 / CPU time: 0.366
Number of iterations: 20
--------------------------------------------------------------------
|               OPTIMIZING CANDIDATE TREE SET                      |
--------------------------------------------------------------------
Iteration 30 / LogL: -1669.668 / Time: 0h:0m:0s (0h:0m:1s left)
Iteration 40 / LogL: -1669.700 / Time: 0h:0m:0s (0h:0m:0s left)
Iteration 50 / LogL: -1675.574 / Time: 0h:0m:0s (0h:0m:0s left)
Iteration 60 / LogL: -1669.669 / Time: 0h:0m:0s (0h:0m:0s left)
Iteration 70 / LogL: -1669.670 / Time: 0h:0m:0s (0h:0m:0s left)
Iteration 80 / LogL: -1675.574 / Time: 0h:0m:0s (0h:0m:0s left)
Iteration 90 / LogL: -1669.667 / Time: 0h:0m:1s (0h:0m:0s left)
Iteration 100 / LogL: -1675.558 / Time: 0h:0m:1s (0h:0m:0s left)
TREE SEARCH COMPLETED AFTER 102 ITERATIONS / Time: 0h:0m:1s

--------------------------------------------------------------------
|                    FINALIZING TREE SEARCH                        |
--------------------------------------------------------------------
Performs final model parameters optimization
Estimate model parameters (epsilon = 0.010)
1. Initial log-likelihood: -1669.664
Optimal log-likelihood: -1669.664
Gamma shape alpha: 3.985
Parameters optimization took 1 rounds (0.019 sec)
BEST SCORE FOUND : -1669.664
Total tree length: 2.252

Total number of iterations: 102
CPU time used for tree search: 1.069 sec (0h:0m:1s)
Wall-clock time used for tree search: 1.153 sec (0h:0m:1s)
Total CPU time used: 1.102 sec (0h:0m:1s)
Total wall-clock time used: 1.219 sec (0h:0m:1s)

===> START BOOTSTRAP REPLICATE NUMBER 24

Creating bootstrap alignment (seed: 375824)...

Create initial parsimony tree by phylogenetic likelihood library (PLL)... 0.000 seconds
Reading model parameters from file /Users/mful870/Desktop/MD_3di_Dev_02Oct24/Scriptorum/SubstitutionMatrix/3di_substmat

NOTE: 0 MB RAM (0 GB) is required!
Estimate model parameters (epsilon = 0.100)
1. Initial log-likelihood: -1806.558
2. Current log-likelihood: -1785.670
3. Current log-likelihood: -1785.541
Optimal log-likelihood: -1785.540
Gamma shape alpha: 3.549
Parameters optimization took 3 rounds (0.033 sec)
Computing ML distances based on estimated model parameters... 0.009 sec
Computing BIONJ tree...
0.023 seconds
Log-likelihood of BIONJ tree: -1775.121
--------------------------------------------------------------------
|             INITIALIZING CANDIDATE TREE SET                      |
--------------------------------------------------------------------
Generating 98 parsimony trees... 0.021 second
Computing log-likelihood of 62 initial trees ... 0.106 seconds
Current best score: -1773.212

Do NNI search on 20 best initial trees
Estimate model parameters (epsilon = 0.100)
BETTER TREE FOUND at iteration 1: -1773.181
Iteration 10 / LogL: -1775.198 / Time: 0h:0m:0s
Iteration 20 / LogL: -1773.285 / Time: 0h:0m:0s
Finish initializing candidate tree set (2)
Current best tree score: -1773.181 / CPU time: 0.337
Number of iterations: 20
--------------------------------------------------------------------
|               OPTIMIZING CANDIDATE TREE SET                      |
--------------------------------------------------------------------
UPDATE BEST LOG-LIKELIHOOD: -1773.181
Iteration 30 / LogL: -1773.226 / Time: 0h:0m:0s (0h:0m:1s left)
Iteration 40 / LogL: -1773.199 / Time: 0h:0m:0s (0h:0m:0s left)
Iteration 50 / LogL: -1773.199 / Time: 0h:0m:0s (0h:0m:0s left)
Iteration 60 / LogL: -1773.199 / Time: 0h:0m:0s (0h:0m:0s left)
Iteration 70 / LogL: -1773.300 / Time: 0h:0m:1s (0h:0m:0s left)
Iteration 80 / LogL: -1773.236 / Time: 0h:0m:1s (0h:0m:0s left)
Iteration 90 / LogL: -1773.198 / Time: 0h:0m:1s (0h:0m:0s left)
Iteration 100 / LogL: -1773.187 / Time: 0h:0m:1s (0h:0m:0s left)
TREE SEARCH COMPLETED AFTER 102 ITERATIONS / Time: 0h:0m:1s

--------------------------------------------------------------------
|                    FINALIZING TREE SEARCH                        |
--------------------------------------------------------------------
Performs final model parameters optimization
Estimate model parameters (epsilon = 0.010)
1. Initial log-likelihood: -1773.181
Optimal log-likelihood: -1773.180
Gamma shape alpha: 3.784
Parameters optimization took 1 rounds (0.020 sec)
BEST SCORE FOUND : -1773.180
Total tree length: 2.744

Total number of iterations: 102
CPU time used for tree search: 1.228 sec (0h:0m:1s)
Wall-clock time used for tree search: 1.253 sec (0h:0m:1s)
Total CPU time used: 1.272 sec (0h:0m:1s)
Total wall-clock time used: 1.379 sec (0h:0m:1s)

===> START BOOTSTRAP REPLICATE NUMBER 25

Creating bootstrap alignment (seed: 375825)...

Create initial parsimony tree by phylogenetic likelihood library (PLL)... 0.000 seconds
Reading model parameters from file /Users/mful870/Desktop/MD_3di_Dev_02Oct24/Scriptorum/SubstitutionMatrix/3di_substmat

NOTE: 0 MB RAM (0 GB) is required!
Estimate model parameters (epsilon = 0.100)
1. Initial log-likelihood: -1664.942
2. Current log-likelihood: -1650.856
Optimal log-likelihood: -1650.811
Gamma shape alpha: 1.358
Parameters optimization took 2 rounds (0.013 sec)
Computing ML distances based on estimated model parameters... 0.011 sec
Computing BIONJ tree...
0.007 seconds
Log-likelihood of BIONJ tree: -1663.856
--------------------------------------------------------------------
|             INITIALIZING CANDIDATE TREE SET                      |
--------------------------------------------------------------------
Generating 98 parsimony trees... 0.026 second
Computing log-likelihood of 67 initial trees ... 0.124 seconds
Current best score: -1647.583

Do NNI search on 20 best initial trees
Estimate model parameters (epsilon = 0.100)
BETTER TREE FOUND at iteration 1: -1647.289
Iteration 10 / LogL: -1651.065 / Time: 0h:0m:0s
Iteration 20 / LogL: -1651.037 / Time: 0h:0m:0s
Finish initializing candidate tree set (3)
Current best tree score: -1647.289 / CPU time: 0.377
Number of iterations: 20
--------------------------------------------------------------------
|               OPTIMIZING CANDIDATE TREE SET                      |
--------------------------------------------------------------------
Iteration 30 / LogL: -1651.033 / Time: 0h:0m:0s (0h:0m:1s left)
UPDATE BEST LOG-LIKELIHOOD: -1647.289
Iteration 40 / LogL: -1647.291 / Time: 0h:0m:0s (0h:0m:1s left)
Iteration 50 / LogL: -1647.290 / Time: 0h:0m:0s (0h:0m:0s left)
Iteration 60 / LogL: -1647.290 / Time: 0h:0m:0s (0h:0m:0s left)
Iteration 70 / LogL: -1659.060 / Time: 0h:0m:1s (0h:0m:0s left)
Iteration 80 / LogL: -1647.295 / Time: 0h:0m:1s (0h:0m:0s left)
Iteration 90 / LogL: -1652.344 / Time: 0h:0m:1s (0h:0m:0s left)
Iteration 100 / LogL: -1651.128 / Time: 0h:0m:1s (0h:0m:0s left)
TREE SEARCH COMPLETED AFTER 102 ITERATIONS / Time: 0h:0m:1s

--------------------------------------------------------------------
|                    FINALIZING TREE SEARCH                        |
--------------------------------------------------------------------
Performs final model parameters optimization
Estimate model parameters (epsilon = 0.010)
1. Initial log-likelihood: -1647.289
Optimal log-likelihood: -1647.289
Gamma shape alpha: 1.599
Parameters optimization took 1 rounds (0.003 sec)
BEST SCORE FOUND : -1647.289
Total tree length: 2.418

Total number of iterations: 102
CPU time used for tree search: 1.319 sec (0h:0m:1s)
Wall-clock time used for tree search: 1.380 sec (0h:0m:1s)
Total CPU time used: 1.353 sec (0h:0m:1s)
Total wall-clock time used: 1.430 sec (0h:0m:1s)

===> START BOOTSTRAP REPLICATE NUMBER 26

Creating bootstrap alignment (seed: 375826)...

Create initial parsimony tree by phylogenetic likelihood library (PLL)... 0.000 seconds
Reading model parameters from file /Users/mful870/Desktop/MD_3di_Dev_02Oct24/Scriptorum/SubstitutionMatrix/3di_substmat

NOTE: 0 MB RAM (0 GB) is required!
Estimate model parameters (epsilon = 0.100)
1. Initial log-likelihood: -1683.750
2. Current log-likelihood: -1663.858
3. Current log-likelihood: -1663.691
Optimal log-likelihood: -1663.691
Gamma shape alpha: 1.441
Parameters optimization took 3 rounds (0.011 sec)
Computing ML distances based on estimated model parameters... 0.011 sec
Computing BIONJ tree...
0.007 seconds
Log-likelihood of BIONJ tree: -1665.485
--------------------------------------------------------------------
|             INITIALIZING CANDIDATE TREE SET                      |
--------------------------------------------------------------------
Generating 98 parsimony trees... 0.020 second
Computing log-likelihood of 48 initial trees ... 0.089 seconds
Current best score: -1661.123

Do NNI search on 20 best initial trees
Estimate model parameters (epsilon = 0.100)
BETTER TREE FOUND at iteration 1: -1660.978
Iteration 10 / LogL: -1660.988 / Time: 0h:0m:0s
Iteration 20 / LogL: -1660.998 / Time: 0h:0m:0s
Finish initializing candidate tree set (1)
Current best tree score: -1660.978 / CPU time: 0.357
Number of iterations: 20
--------------------------------------------------------------------
|               OPTIMIZING CANDIDATE TREE SET                      |
--------------------------------------------------------------------
UPDATE BEST LOG-LIKELIHOOD: -1660.977
UPDATE BEST LOG-LIKELIHOOD: -1660.977
UPDATE BEST LOG-LIKELIHOOD: -1660.977
Iteration 30 / LogL: -1661.944 / Time: 0h:0m:0s (0h:0m:1s left)
UPDATE BEST LOG-LIKELIHOOD: -1660.977
Iteration 40 / LogL: -1660.977 / Time: 0h:0m:0s (0h:0m:0s left)
UPDATE BEST LOG-LIKELIHOOD: -1660.977
Iteration 50 / LogL: -1660.996 / Time: 0h:0m:0s (0h:0m:0s left)
UPDATE BEST LOG-LIKELIHOOD: -1660.977
Iteration 60 / LogL: -1660.978 / Time: 0h:0m:0s (0h:0m:0s left)
UPDATE BEST LOG-LIKELIHOOD: -1660.977
Iteration 70 / LogL: -1660.977 / Time: 0h:0m:0s (0h:0m:0s left)
Iteration 80 / LogL: -1660.977 / Time: 0h:0m:0s (0h:0m:0s left)
Iteration 90 / LogL: -1660.996 / Time: 0h:0m:1s (0h:0m:0s left)
Iteration 100 / LogL: -1660.980 / Time: 0h:0m:1s (0h:0m:0s left)
TREE SEARCH COMPLETED AFTER 102 ITERATIONS / Time: 0h:0m:1s

--------------------------------------------------------------------
|                    FINALIZING TREE SEARCH                        |
--------------------------------------------------------------------
Performs final model parameters optimization
Estimate model parameters (epsilon = 0.010)
1. Initial log-likelihood: -1660.977
Optimal log-likelihood: -1660.977
Gamma shape alpha: 1.525
Parameters optimization took 1 rounds (0.003 sec)
BEST SCORE FOUND : -1660.977
Total tree length: 2.759

Total number of iterations: 102
CPU time used for tree search: 1.046 sec (0h:0m:1s)
Wall-clock time used for tree search: 1.130 sec (0h:0m:1s)
Total CPU time used: 1.078 sec (0h:0m:1s)
Total wall-clock time used: 1.177 sec (0h:0m:1s)

===> START BOOTSTRAP REPLICATE NUMBER 27

Creating bootstrap alignment (seed: 375827)...

Create initial parsimony tree by phylogenetic likelihood library (PLL)... 0.000 seconds
Reading model parameters from file /Users/mful870/Desktop/MD_3di_Dev_02Oct24/Scriptorum/SubstitutionMatrix/3di_substmat

NOTE: 0 MB RAM (0 GB) is required!
Estimate model parameters (epsilon = 0.100)
1. Initial log-likelihood: -1760.034
2. Current log-likelihood: -1745.778
Optimal log-likelihood: -1745.711
Gamma shape alpha: 1.428
Parameters optimization took 2 rounds (0.008 sec)
Computing ML distances based on estimated model parameters... 0.010 sec
Computing BIONJ tree...
0.007 seconds
Log-likelihood of BIONJ tree: -1744.396
--------------------------------------------------------------------
|             INITIALIZING CANDIDATE TREE SET                      |
--------------------------------------------------------------------
Generating 98 parsimony trees... 0.020 second
Computing log-likelihood of 49 initial trees ... 0.078 seconds
Current best score: -1743.052

Do NNI search on 20 best initial trees
Estimate model parameters (epsilon = 0.100)
BETTER TREE FOUND at iteration 1: -1743.032
Iteration 10 / LogL: -1744.967 / Time: 0h:0m:0s
Iteration 20 / LogL: -1743.038 / Time: 0h:0m:0s
Finish initializing candidate tree set (4)
Current best tree score: -1743.032 / CPU time: 0.248
Number of iterations: 20
--------------------------------------------------------------------
|               OPTIMIZING CANDIDATE TREE SET                      |
--------------------------------------------------------------------
Iteration 30 / LogL: -1743.037 / Time: 0h:0m:0s (0h:0m:0s left)
Iteration 40 / LogL: -1744.205 / Time: 0h:0m:0s (0h:0m:0s left)
Iteration 50 / LogL: -1743.036 / Time: 0h:0m:0s (0h:0m:0s left)
UPDATE BEST LOG-LIKELIHOOD: -1743.032
Iteration 60 / LogL: -1743.032 / Time: 0h:0m:0s (0h:0m:0s left)
Iteration 70 / LogL: -1743.047 / Time: 0h:0m:0s (0h:0m:0s left)
Iteration 80 / LogL: -1744.189 / Time: 0h:0m:0s (0h:0m:0s left)
Iteration 90 / LogL: -1743.035 / Time: 0h:0m:0s (0h:0m:0s left)
Iteration 100 / LogL: -1743.047 / Time: 0h:0m:1s (0h:0m:0s left)
TREE SEARCH COMPLETED AFTER 102 ITERATIONS / Time: 0h:0m:1s

--------------------------------------------------------------------
|                    FINALIZING TREE SEARCH                        |
--------------------------------------------------------------------
Performs final model parameters optimization
Estimate model parameters (epsilon = 0.010)
1. Initial log-likelihood: -1743.032
Optimal log-likelihood: -1743.032
Gamma shape alpha: 1.456
Parameters optimization took 1 rounds (0.002 sec)
BEST SCORE FOUND : -1743.032
Total tree length: 2.786

Total number of iterations: 102
CPU time used for tree search: 1.014 sec (0h:0m:1s)
Wall-clock time used for tree search: 1.043 sec (0h:0m:1s)
Total CPU time used: 1.043 sec (0h:0m:1s)
Total wall-clock time used: 1.087 sec (0h:0m:1s)

===> START BOOTSTRAP REPLICATE NUMBER 28

Creating bootstrap alignment (seed: 375828)...

Create initial parsimony tree by phylogenetic likelihood library (PLL)... 0.000 seconds
Reading model parameters from file /Users/mful870/Desktop/MD_3di_Dev_02Oct24/Scriptorum/SubstitutionMatrix/3di_substmat

NOTE: 0 MB RAM (0 GB) is required!
Estimate model parameters (epsilon = 0.100)
1. Initial log-likelihood: -1724.273
2. Current log-likelihood: -1702.929
Optimal log-likelihood: -1702.836
Gamma shape alpha: 3.670
Parameters optimization took 2 rounds (0.010 sec)
Computing ML distances based on estimated model parameters... 0.009 sec
Computing BIONJ tree...
0.011 seconds
Log-likelihood of BIONJ tree: -1702.835
--------------------------------------------------------------------
|             INITIALIZING CANDIDATE TREE SET                      |
--------------------------------------------------------------------
Generating 99 parsimony trees... 0.021 second
Computing log-likelihood of 53 initial trees ... 0.092 seconds
Current best score: -1702.835

Do NNI search on 20 best initial trees
Estimate model parameters (epsilon = 0.100)
BETTER TREE FOUND at iteration 1: -1702.835
Iteration 10 / LogL: -1702.904 / Time: 0h:0m:0s
Iteration 20 / LogL: -1702.859 / Time: 0h:0m:0s
Finish initializing candidate tree set (2)
Current best tree score: -1702.835 / CPU time: 0.308
Number of iterations: 20
--------------------------------------------------------------------
|               OPTIMIZING CANDIDATE TREE SET                      |
--------------------------------------------------------------------
UPDATE BEST LOG-LIKELIHOOD: -1702.835
Iteration 30 / LogL: -1702.835 / Time: 0h:0m:0s (0h:0m:1s left)
UPDATE BEST LOG-LIKELIHOOD: -1702.835
Iteration 40 / LogL: -1702.865 / Time: 0h:0m:0s (0h:0m:0s left)
Iteration 50 / LogL: -1703.164 / Time: 0h:0m:0s (0h:0m:0s left)
Iteration 60 / LogL: -1709.198 / Time: 0h:0m:0s (0h:0m:0s left)
Iteration 70 / LogL: -1702.905 / Time: 0h:0m:0s (0h:0m:0s left)
Iteration 80 / LogL: -1702.836 / Time: 0h:0m:0s (0h:0m:0s left)
Iteration 90 / LogL: -1702.835 / Time: 0h:0m:1s (0h:0m:0s left)
Iteration 100 / LogL: -1709.165 / Time: 0h:0m:1s (0h:0m:0s left)
TREE SEARCH COMPLETED AFTER 102 ITERATIONS / Time: 0h:0m:1s

--------------------------------------------------------------------
|                    FINALIZING TREE SEARCH                        |
--------------------------------------------------------------------
Performs final model parameters optimization
Estimate model parameters (epsilon = 0.010)
1. Initial log-likelihood: -1702.835
Optimal log-likelihood: -1702.835
Gamma shape alpha: 3.688
Parameters optimization took 1 rounds (0.004 sec)
BEST SCORE FOUND : -1702.835
Total tree length: 2.586

Total number of iterations: 102
CPU time used for tree search: 1.027 sec (0h:0m:1s)
Wall-clock time used for tree search: 1.121 sec (0h:0m:1s)
Total CPU time used: 1.059 sec (0h:0m:1s)
Total wall-clock time used: 1.173 sec (0h:0m:1s)

===> START BOOTSTRAP REPLICATE NUMBER 29

Creating bootstrap alignment (seed: 375829)...

Create initial parsimony tree by phylogenetic likelihood library (PLL)... 0.000 seconds
Reading model parameters from file /Users/mful870/Desktop/MD_3di_Dev_02Oct24/Scriptorum/SubstitutionMatrix/3di_substmat

NOTE: 0 MB RAM (0 GB) is required!
Estimate model parameters (epsilon = 0.100)
1. Initial log-likelihood: -1798.690
2. Current log-likelihood: -1778.332
Optimal log-likelihood: -1778.248
Gamma shape alpha: 2.325
Parameters optimization took 2 rounds (0.008 sec)
Computing ML distances based on estimated model parameters... 0.009 sec
Computing BIONJ tree...
0.007 seconds
Log-likelihood of BIONJ tree: -1782.369
--------------------------------------------------------------------
|             INITIALIZING CANDIDATE TREE SET                      |
--------------------------------------------------------------------
Generating 98 parsimony trees... 0.022 second
Computing log-likelihood of 53 initial trees ... 0.084 seconds
Current best score: -1778.248

Do NNI search on 20 best initial trees
Estimate model parameters (epsilon = 0.100)
BETTER TREE FOUND at iteration 1: -1778.248
Iteration 10 / LogL: -1782.668 / Time: 0h:0m:0s
Iteration 20 / LogL: -1778.916 / Time: 0h:0m:0s
Finish initializing candidate tree set (2)
Current best tree score: -1778.248 / CPU time: 0.251
Number of iterations: 20
--------------------------------------------------------------------
|               OPTIMIZING CANDIDATE TREE SET                      |
--------------------------------------------------------------------
Iteration 30 / LogL: -1778.939 / Time: 0h:0m:0s (0h:0m:0s left)
Iteration 40 / LogL: -1778.688 / Time: 0h:0m:0s (0h:0m:0s left)
UPDATE BEST LOG-LIKELIHOOD: -1778.248
Iteration 50 / LogL: -1778.697 / Time: 0h:0m:0s (0h:0m:0s left)
Iteration 60 / LogL: -1782.749 / Time: 0h:0m:0s (0h:0m:0s left)
Iteration 70 / LogL: -1782.603 / Time: 0h:0m:0s (0h:0m:0s left)
Iteration 80 / LogL: -1778.679 / Time: 0h:0m:0s (0h:0m:0s left)
UPDATE BEST LOG-LIKELIHOOD: -1778.248
Iteration 90 / LogL: -1778.248 / Time: 0h:0m:0s (0h:0m:0s left)
Iteration 100 / LogL: -1783.409 / Time: 0h:0m:1s (0h:0m:0s left)
TREE SEARCH COMPLETED AFTER 102 ITERATIONS / Time: 0h:0m:1s

--------------------------------------------------------------------
|                    FINALIZING TREE SEARCH                        |
--------------------------------------------------------------------
Performs final model parameters optimization
Estimate model parameters (epsilon = 0.010)
1. Initial log-likelihood: -1778.248
Optimal log-likelihood: -1778.248
Gamma shape alpha: 2.327
Parameters optimization took 1 rounds (0.002 sec)
BEST SCORE FOUND : -1778.248
Total tree length: 2.849

Total number of iterations: 102
CPU time used for tree search: 0.951 sec (0h:0m:0s)
Wall-clock time used for tree search: 0.993 sec (0h:0m:0s)
Total CPU time used: 0.980 sec (0h:0m:0s)
Total wall-clock time used: 1.052 sec (0h:0m:1s)

===> START BOOTSTRAP REPLICATE NUMBER 30

Creating bootstrap alignment (seed: 375830)...

Create initial parsimony tree by phylogenetic likelihood library (PLL)... 0.000 seconds
Reading model parameters from file /Users/mful870/Desktop/MD_3di_Dev_02Oct24/Scriptorum/SubstitutionMatrix/3di_substmat

NOTE: 0 MB RAM (0 GB) is required!
Estimate model parameters (epsilon = 0.100)
1. Initial log-likelihood: -1603.668
2. Current log-likelihood: -1592.272
Optimal log-likelihood: -1592.236
Gamma shape alpha: 1.543
Parameters optimization took 2 rounds (0.008 sec)
Computing ML distances based on estimated model parameters... 0.010 sec
Computing BIONJ tree...
0.007 seconds
Log-likelihood of BIONJ tree: -1595.079
--------------------------------------------------------------------
|             INITIALIZING CANDIDATE TREE SET                      |
--------------------------------------------------------------------
Generating 98 parsimony trees... 0.019 second
Computing log-likelihood of 56 initial trees ... 0.087 seconds
Current best score: -1592.236

Do NNI search on 20 best initial trees
Estimate model parameters (epsilon = 0.100)
BETTER TREE FOUND at iteration 1: -1592.236
Iteration 10 / LogL: -1592.246 / Time: 0h:0m:0s
Iteration 20 / LogL: -1592.667 / Time: 0h:0m:0s
Finish initializing candidate tree set (2)
Current best tree score: -1592.236 / CPU time: 0.259
Number of iterations: 20
--------------------------------------------------------------------
|               OPTIMIZING CANDIDATE TREE SET                      |
--------------------------------------------------------------------
UPDATE BEST LOG-LIKELIHOOD: -1592.236
Iteration 30 / LogL: -1592.677 / Time: 0h:0m:0s (0h:0m:0s left)
Iteration 40 / LogL: -1592.685 / Time: 0h:0m:0s (0h:0m:0s left)
Iteration 50 / LogL: -1634.015 / Time: 0h:0m:0s (0h:0m:0s left)
Iteration 60 / LogL: -1592.243 / Time: 0h:0m:0s (0h:0m:0s left)
Iteration 70 / LogL: -1592.654 / Time: 0h:0m:0s (0h:0m:0s left)
Iteration 80 / LogL: -1592.240 / Time: 0h:0m:0s (0h:0m:0s left)
Iteration 90 / LogL: -1592.673 / Time: 0h:0m:0s (0h:0m:0s left)
Iteration 100 / LogL: -1592.651 / Time: 0h:0m:0s (0h:0m:0s left)
TREE SEARCH COMPLETED AFTER 102 ITERATIONS / Time: 0h:0m:0s

--------------------------------------------------------------------
|                    FINALIZING TREE SEARCH                        |
--------------------------------------------------------------------
Performs final model parameters optimization
Estimate model parameters (epsilon = 0.010)
1. Initial log-likelihood: -1592.236
Optimal log-likelihood: -1592.236
Gamma shape alpha: 1.543
Parameters optimization took 1 rounds (0.020 sec)
BEST SCORE FOUND : -1592.236
Total tree length: 2.138

Total number of iterations: 102
CPU time used for tree search: 0.896 sec (0h:0m:0s)
Wall-clock time used for tree search: 0.909 sec (0h:0m:0s)
Total CPU time used: 0.924 sec (0h:0m:0s)
Total wall-clock time used: 0.969 sec (0h:0m:0s)

===> START BOOTSTRAP REPLICATE NUMBER 31

Creating bootstrap alignment (seed: 375831)...

Create initial parsimony tree by phylogenetic likelihood library (PLL)... 0.000 seconds
Reading model parameters from file /Users/mful870/Desktop/MD_3di_Dev_02Oct24/Scriptorum/SubstitutionMatrix/3di_substmat

NOTE: 0 MB RAM (0 GB) is required!
Estimate model parameters (epsilon = 0.100)
1. Initial log-likelihood: -1739.291
2. Current log-likelihood: -1725.029
3. Current log-likelihood: -1724.887
Optimal log-likelihood: -1724.886
Gamma shape alpha: 1.802
Parameters optimization took 3 rounds (0.013 sec)
Computing ML distances based on estimated model parameters... 0.013 sec
Computing BIONJ tree...
0.007 seconds
Log-likelihood of BIONJ tree: -1723.412
--------------------------------------------------------------------
|             INITIALIZING CANDIDATE TREE SET                      |
--------------------------------------------------------------------
Generating 98 parsimony trees... 0.019 second
Computing log-likelihood of 49 initial trees ... 0.096 seconds
Current best score: -1723.149

Do NNI search on 20 best initial trees
Estimate model parameters (epsilon = 0.100)
BETTER TREE FOUND at iteration 1: -1723.055
Iteration 10 / LogL: -1723.492 / Time: 0h:0m:0s
Iteration 20 / LogL: -1723.547 / Time: 0h:0m:0s
Finish initializing candidate tree set (2)
Current best tree score: -1723.055 / CPU time: 0.325
Number of iterations: 20
--------------------------------------------------------------------
|               OPTIMIZING CANDIDATE TREE SET                      |
--------------------------------------------------------------------
Iteration 30 / LogL: -1723.055 / Time: 0h:0m:0s (0h:0m:1s left)
Iteration 40 / LogL: -1723.436 / Time: 0h:0m:0s (0h:0m:0s left)
Iteration 50 / LogL: -1724.047 / Time: 0h:0m:0s (0h:0m:0s left)
UPDATE BEST LOG-LIKELIHOOD: -1723.052
Iteration 60 / LogL: -1723.584 / Time: 0h:0m:0s (0h:0m:0s left)
Iteration 70 / LogL: -1723.864 / Time: 0h:0m:0s (0h:0m:0s left)
Iteration 80 / LogL: -1723.052 / Time: 0h:0m:0s (0h:0m:0s left)
Iteration 90 / LogL: -1723.860 / Time: 0h:0m:0s (0h:0m:0s left)
Iteration 100 / LogL: -1723.146 / Time: 0h:0m:1s (0h:0m:0s left)
TREE SEARCH COMPLETED AFTER 102 ITERATIONS / Time: 0h:0m:1s

--------------------------------------------------------------------
|                    FINALIZING TREE SEARCH                        |
--------------------------------------------------------------------
Performs final model parameters optimization
Estimate model parameters (epsilon = 0.010)
1. Initial log-likelihood: -1723.052
Optimal log-likelihood: -1723.051
Gamma shape alpha: 1.816
Parameters optimization took 1 rounds (0.003 sec)
BEST SCORE FOUND : -1723.051
Total tree length: 2.955

Total number of iterations: 102
CPU time used for tree search: 0.969 sec (0h:0m:0s)
Wall-clock time used for tree search: 1.026 sec (0h:0m:1s)
Total CPU time used: 1.006 sec (0h:0m:1s)
Total wall-clock time used: 1.078 sec (0h:0m:1s)

===> START BOOTSTRAP REPLICATE NUMBER 32

Creating bootstrap alignment (seed: 375832)...

Create initial parsimony tree by phylogenetic likelihood library (PLL)... 0.000 seconds
Reading model parameters from file /Users/mful870/Desktop/MD_3di_Dev_02Oct24/Scriptorum/SubstitutionMatrix/3di_substmat

NOTE: 0 MB RAM (0 GB) is required!
Estimate model parameters (epsilon = 0.100)
1. Initial log-likelihood: -1871.018
2. Current log-likelihood: -1855.669
3. Current log-likelihood: -1855.521
Optimal log-likelihood: -1855.520
Gamma shape alpha: 2.235
Parameters optimization took 3 rounds (0.014 sec)
Computing ML distances based on estimated model parameters... 0.009 sec
Computing BIONJ tree...
0.007 seconds
Log-likelihood of BIONJ tree: -1852.138
--------------------------------------------------------------------
|             INITIALIZING CANDIDATE TREE SET                      |
--------------------------------------------------------------------
Generating 98 parsimony trees... 0.025 second
Computing log-likelihood of 42 initial trees ... 0.069 seconds
Current best score: -1852.138

Do NNI search on 20 best initial trees
Estimate model parameters (epsilon = 0.100)
BETTER TREE FOUND at iteration 1: -1852.105
Iteration 10 / LogL: -1852.150 / Time: 0h:0m:0s
Iteration 20 / LogL: -1852.189 / Time: 0h:0m:0s
Finish initializing candidate tree set (1)
Current best tree score: -1852.105 / CPU time: 0.315
Number of iterations: 20
--------------------------------------------------------------------
|               OPTIMIZING CANDIDATE TREE SET                      |
--------------------------------------------------------------------
Iteration 30 / LogL: -1852.697 / Time: 0h:0m:0s (0h:0m:1s left)
Iteration 40 / LogL: -1852.249 / Time: 0h:0m:0s (0h:0m:0s left)
Iteration 50 / LogL: -1852.150 / Time: 0h:0m:0s (0h:0m:0s left)
Iteration 60 / LogL: -1852.219 / Time: 0h:0m:0s (0h:0m:0s left)
Iteration 70 / LogL: -1852.429 / Time: 0h:0m:0s (0h:0m:0s left)
Iteration 80 / LogL: -1852.697 / Time: 0h:0m:0s (0h:0m:0s left)
UPDATE BEST LOG-LIKELIHOOD: -1852.105
Iteration 90 / LogL: -1852.214 / Time: 0h:0m:1s (0h:0m:0s left)
Iteration 100 / LogL: -1852.147 / Time: 0h:0m:1s (0h:0m:0s left)
TREE SEARCH COMPLETED AFTER 102 ITERATIONS / Time: 0h:0m:1s

--------------------------------------------------------------------
|                    FINALIZING TREE SEARCH                        |
--------------------------------------------------------------------
Performs final model parameters optimization
Estimate model parameters (epsilon = 0.010)
1. Initial log-likelihood: -1852.105
Optimal log-likelihood: -1852.105
Gamma shape alpha: 2.083
Parameters optimization took 1 rounds (0.003 sec)
BEST SCORE FOUND : -1852.105
Total tree length: 2.867

Total number of iterations: 102
CPU time used for tree search: 1.108 sec (0h:0m:1s)
Wall-clock time used for tree search: 1.165 sec (0h:0m:1s)
Total CPU time used: 1.145 sec (0h:0m:1s)
Total wall-clock time used: 1.218 sec (0h:0m:1s)

===> START BOOTSTRAP REPLICATE NUMBER 33

Creating bootstrap alignment (seed: 375833)...

Create initial parsimony tree by phylogenetic likelihood library (PLL)... 0.000 seconds
Reading model parameters from file /Users/mful870/Desktop/MD_3di_Dev_02Oct24/Scriptorum/SubstitutionMatrix/3di_substmat

NOTE: 0 MB RAM (0 GB) is required!
Estimate model parameters (epsilon = 0.100)
1. Initial log-likelihood: -1861.205
2. Current log-likelihood: -1834.383
3. Current log-likelihood: -1834.269
Optimal log-likelihood: -1834.268
Gamma shape alpha: 1.712
Parameters optimization took 3 rounds (0.060 sec)
Computing ML distances based on estimated model parameters... 0.011 sec
Computing BIONJ tree...
0.008 seconds
Log-likelihood of BIONJ tree: -1823.513
--------------------------------------------------------------------
|             INITIALIZING CANDIDATE TREE SET                      |
--------------------------------------------------------------------
Generating 98 parsimony trees... 0.022 second
Computing log-likelihood of 65 initial trees ... 0.121 seconds
Current best score: -1813.368

Do NNI search on 20 best initial trees
Estimate model parameters (epsilon = 0.100)
BETTER TREE FOUND at iteration 1: -1812.991
Iteration 10 / LogL: -1812.998 / Time: 0h:0m:0s
Iteration 20 / LogL: -1813.008 / Time: 0h:0m:0s
Finish initializing candidate tree set (4)
Current best tree score: -1812.991 / CPU time: 0.325
Number of iterations: 20
--------------------------------------------------------------------
|               OPTIMIZING CANDIDATE TREE SET                      |
--------------------------------------------------------------------
Iteration 30 / LogL: -1812.996 / Time: 0h:0m:0s (0h:0m:1s left)
Iteration 40 / LogL: -1813.000 / Time: 0h:0m:0s (0h:0m:0s left)
Iteration 50 / LogL: -1823.456 / Time: 0h:0m:0s (0h:0m:0s left)
Iteration 60 / LogL: -1813.022 / Time: 0h:0m:0s (0h:0m:0s left)
Iteration 70 / LogL: -1813.022 / Time: 0h:0m:1s (0h:0m:0s left)
Iteration 80 / LogL: -1813.021 / Time: 0h:0m:1s (0h:0m:0s left)
Iteration 90 / LogL: -1813.990 / Time: 0h:0m:1s (0h:0m:0s left)
Iteration 100 / LogL: -1823.869 / Time: 0h:0m:1s (0h:0m:0s left)
TREE SEARCH COMPLETED AFTER 102 ITERATIONS / Time: 0h:0m:1s

--------------------------------------------------------------------
|                    FINALIZING TREE SEARCH                        |
--------------------------------------------------------------------
Performs final model parameters optimization
Estimate model parameters (epsilon = 0.010)
1. Initial log-likelihood: -1812.991
Optimal log-likelihood: -1812.991
Gamma shape alpha: 2.141
Parameters optimization took 1 rounds (0.019 sec)
BEST SCORE FOUND : -1812.991
Total tree length: 3.162

Total number of iterations: 102
CPU time used for tree search: 1.300 sec (0h:0m:1s)
Wall-clock time used for tree search: 1.322 sec (0h:0m:1s)
Total CPU time used: 1.335 sec (0h:0m:1s)
Total wall-clock time used: 1.438 sec (0h:0m:1s)

===> START BOOTSTRAP REPLICATE NUMBER 34

Creating bootstrap alignment (seed: 375834)...

Create initial parsimony tree by phylogenetic likelihood library (PLL)... 0.000 seconds
Reading model parameters from file /Users/mful870/Desktop/MD_3di_Dev_02Oct24/Scriptorum/SubstitutionMatrix/3di_substmat

NOTE: 0 MB RAM (0 GB) is required!
Estimate model parameters (epsilon = 0.100)
1. Initial log-likelihood: -1804.650
2. Current log-likelihood: -1786.331
Optimal log-likelihood: -1786.242
Gamma shape alpha: 1.878
Parameters optimization took 2 rounds (0.009 sec)
Computing ML distances based on estimated model parameters... 0.013 sec
Computing BIONJ tree...
0.008 seconds
Log-likelihood of BIONJ tree: -1786.242
--------------------------------------------------------------------
|             INITIALIZING CANDIDATE TREE SET                      |
--------------------------------------------------------------------
Generating 99 parsimony trees... 0.019 second
Computing log-likelihood of 57 initial trees ... 0.095 seconds
Current best score: -1786.242

Do NNI search on 20 best initial trees
Estimate model parameters (epsilon = 0.100)
BETTER TREE FOUND at iteration 1: -1786.242
Iteration 10 / LogL: -1786.256 / Time: 0h:0m:0s
Iteration 20 / LogL: -1786.403 / Time: 0h:0m:0s
Finish initializing candidate tree set (1)
Current best tree score: -1786.242 / CPU time: 0.284
Number of iterations: 20
--------------------------------------------------------------------
|               OPTIMIZING CANDIDATE TREE SET                      |
--------------------------------------------------------------------
UPDATE BEST LOG-LIKELIHOOD: -1786.242
Iteration 30 / LogL: -1786.495 / Time: 0h:0m:0s (0h:0m:1s left)
UPDATE BEST LOG-LIKELIHOOD: -1786.242
Iteration 40 / LogL: -1786.256 / Time: 0h:0m:0s (0h:0m:0s left)
Iteration 50 / LogL: -1786.246 / Time: 0h:0m:0s (0h:0m:0s left)
Iteration 60 / LogL: -1786.258 / Time: 0h:0m:0s (0h:0m:0s left)
Iteration 70 / LogL: -1786.255 / Time: 0h:0m:0s (0h:0m:0s left)
Iteration 80 / LogL: -1786.333 / Time: 0h:0m:1s (0h:0m:0s left)
Iteration 90 / LogL: -1786.495 / Time: 0h:0m:1s (0h:0m:0s left)
Iteration 100 / LogL: -1786.255 / Time: 0h:0m:1s (0h:0m:0s left)
TREE SEARCH COMPLETED AFTER 102 ITERATIONS / Time: 0h:0m:1s

--------------------------------------------------------------------
|                    FINALIZING TREE SEARCH                        |
--------------------------------------------------------------------
Performs final model parameters optimization
Estimate model parameters (epsilon = 0.010)
1. Initial log-likelihood: -1786.242
Optimal log-likelihood: -1786.242
Gamma shape alpha: 1.885
Parameters optimization took 1 rounds (0.003 sec)
BEST SCORE FOUND : -1786.242
Total tree length: 2.810

Total number of iterations: 102
CPU time used for tree search: 1.164 sec (0h:0m:1s)
Wall-clock time used for tree search: 1.192 sec (0h:0m:1s)
Total CPU time used: 1.199 sec (0h:0m:1s)
Total wall-clock time used: 1.273 sec (0h:0m:1s)

===> START BOOTSTRAP REPLICATE NUMBER 35

Creating bootstrap alignment (seed: 375835)...

Create initial parsimony tree by phylogenetic likelihood library (PLL)... 0.000 seconds
Reading model parameters from file /Users/mful870/Desktop/MD_3di_Dev_02Oct24/Scriptorum/SubstitutionMatrix/3di_substmat

NOTE: 0 MB RAM (0 GB) is required!
Estimate model parameters (epsilon = 0.100)
1. Initial log-likelihood: -1839.383
2. Current log-likelihood: -1823.445
Optimal log-likelihood: -1823.389
Gamma shape alpha: 1.545
Parameters optimization took 2 rounds (0.039 sec)
Computing ML distances based on estimated model parameters... 0.011 sec
Computing BIONJ tree...
0.009 seconds
Log-likelihood of BIONJ tree: -1822.745
--------------------------------------------------------------------
|             INITIALIZING CANDIDATE TREE SET                      |
--------------------------------------------------------------------
Generating 98 parsimony trees... 0.024 second
Computing log-likelihood of 52 initial trees ... 0.097 seconds
Current best score: -1822.745

Do NNI search on 20 best initial trees
Estimate model parameters (epsilon = 0.100)
BETTER TREE FOUND at iteration 1: -1822.740
Estimate model parameters (epsilon = 0.100)
BETTER TREE FOUND at iteration 3: -1821.852
Iteration 10 / LogL: -1823.317 / Time: 0h:0m:0s
Iteration 20 / LogL: -1821.988 / Time: 0h:0m:0s
Finish initializing candidate tree set (2)
Current best tree score: -1821.852 / CPU time: 0.343
Number of iterations: 20
--------------------------------------------------------------------
|               OPTIMIZING CANDIDATE TREE SET                      |
--------------------------------------------------------------------
Iteration 30 / LogL: -1822.835 / Time: 0h:0m:0s (0h:0m:1s left)
UPDATE BEST LOG-LIKELIHOOD: -1821.852
Iteration 40 / LogL: -1822.830 / Time: 0h:0m:0s (0h:0m:1s left)
Iteration 50 / LogL: -1821.923 / Time: 0h:0m:0s (0h:0m:0s left)
UPDATE BEST LOG-LIKELIHOOD: -1821.852
Iteration 60 / LogL: -1821.924 / Time: 0h:0m:0s (0h:0m:0s left)
Iteration 70 / LogL: -1822.179 / Time: 0h:0m:1s (0h:0m:0s left)
Iteration 80 / LogL: -1821.923 / Time: 0h:0m:1s (0h:0m:0s left)
Iteration 90 / LogL: -1824.299 / Time: 0h:0m:1s (0h:0m:0s left)
Iteration 100 / LogL: -1822.836 / Time: 0h:0m:1s (0h:0m:0s left)
UPDATE BEST LOG-LIKELIHOOD: -1821.852
TREE SEARCH COMPLETED AFTER 104 ITERATIONS / Time: 0h:0m:1s

--------------------------------------------------------------------
|                    FINALIZING TREE SEARCH                        |
--------------------------------------------------------------------
Performs final model parameters optimization
Estimate model parameters (epsilon = 0.010)
1. Initial log-likelihood: -1821.852
Optimal log-likelihood: -1821.852
Gamma shape alpha: 1.667
Parameters optimization took 1 rounds (0.005 sec)
BEST SCORE FOUND : -1821.852
Total tree length: 2.953

Total number of iterations: 104
CPU time used for tree search: 1.295 sec (0h:0m:1s)
Wall-clock time used for tree search: 1.335 sec (0h:0m:1s)
Total CPU time used: 1.335 sec (0h:0m:1s)
Total wall-clock time used: 1.436 sec (0h:0m:1s)

===> START BOOTSTRAP REPLICATE NUMBER 36

Creating bootstrap alignment (seed: 375836)...

Create initial parsimony tree by phylogenetic likelihood library (PLL)... 0.000 seconds
Reading model parameters from file /Users/mful870/Desktop/MD_3di_Dev_02Oct24/Scriptorum/SubstitutionMatrix/3di_substmat

NOTE: 0 MB RAM (0 GB) is required!
Estimate model parameters (epsilon = 0.100)
1. Initial log-likelihood: -1769.491
2. Current log-likelihood: -1755.401
3. Current log-likelihood: -1755.275
Optimal log-likelihood: -1755.274
Gamma shape alpha: 1.746
Parameters optimization took 3 rounds (0.014 sec)
Computing ML distances based on estimated model parameters... 0.011 sec
Computing BIONJ tree...
0.008 seconds
Log-likelihood of BIONJ tree: -1751.021
--------------------------------------------------------------------
|             INITIALIZING CANDIDATE TREE SET                      |
--------------------------------------------------------------------
Generating 98 parsimony trees... 0.024 second
Computing log-likelihood of 52 initial trees ... 0.093 seconds
Current best score: -1751.021

Do NNI search on 20 best initial trees
Estimate model parameters (epsilon = 0.100)
BETTER TREE FOUND at iteration 1: -1750.965
Iteration 10 / LogL: -1754.409 / Time: 0h:0m:0s
Iteration 20 / LogL: -1754.626 / Time: 0h:0m:0s
Finish initializing candidate tree set (3)
Current best tree score: -1750.965 / CPU time: 0.308
Number of iterations: 20
--------------------------------------------------------------------
|               OPTIMIZING CANDIDATE TREE SET                      |
--------------------------------------------------------------------
Iteration 30 / LogL: -1754.520 / Time: 0h:0m:0s (0h:0m:1s left)
Iteration 40 / LogL: -1751.855 / Time: 0h:0m:0s (0h:0m:0s left)
Iteration 50 / LogL: -1752.442 / Time: 0h:0m:0s (0h:0m:0s left)
UPDATE BEST LOG-LIKELIHOOD: -1750.964
Iteration 60 / LogL: -1750.964 / Time: 0h:0m:0s (0h:0m:0s left)
UPDATE BEST LOG-LIKELIHOOD: -1750.964
Iteration 70 / LogL: -1751.188 / Time: 0h:0m:0s (0h:0m:0s left)
Iteration 80 / LogL: -1751.680 / Time: 0h:0m:0s (0h:0m:0s left)
Iteration 90 / LogL: -1754.409 / Time: 0h:0m:1s (0h:0m:0s left)
UPDATE BEST LOG-LIKELIHOOD: -1750.964
Iteration 100 / LogL: -1754.521 / Time: 0h:0m:1s (0h:0m:0s left)
TREE SEARCH COMPLETED AFTER 102 ITERATIONS / Time: 0h:0m:1s

--------------------------------------------------------------------
|                    FINALIZING TREE SEARCH                        |
--------------------------------------------------------------------
Performs final model parameters optimization
Estimate model parameters (epsilon = 0.010)
1. Initial log-likelihood: -1750.964
Optimal log-likelihood: -1750.964
Gamma shape alpha: 1.606
Parameters optimization took 1 rounds (0.004 sec)
BEST SCORE FOUND : -1750.964
Total tree length: 3.041

Total number of iterations: 102
CPU time used for tree search: 1.048 sec (0h:0m:1s)
Wall-clock time used for tree search: 1.117 sec (0h:0m:1s)
Total CPU time used: 1.087 sec (0h:0m:1s)
Total wall-clock time used: 1.174 sec (0h:0m:1s)

===> START BOOTSTRAP REPLICATE NUMBER 37

Creating bootstrap alignment (seed: 375837)...

Create initial parsimony tree by phylogenetic likelihood library (PLL)... 0.000 seconds
Reading model parameters from file /Users/mful870/Desktop/MD_3di_Dev_02Oct24/Scriptorum/SubstitutionMatrix/3di_substmat

NOTE: 0 MB RAM (0 GB) is required!
Estimate model parameters (epsilon = 0.100)
1. Initial log-likelihood: -1623.465
2. Current log-likelihood: -1605.904
Optimal log-likelihood: -1605.803
Gamma shape alpha: 1.691
Parameters optimization took 2 rounds (0.010 sec)
Computing ML distances based on estimated model parameters... 0.010 sec
Computing BIONJ tree...
0.008 seconds
Log-likelihood of BIONJ tree: -1597.503
--------------------------------------------------------------------
|             INITIALIZING CANDIDATE TREE SET                      |
--------------------------------------------------------------------
Generating 98 parsimony trees... 0.022 second
Computing log-likelihood of 58 initial trees ... 0.093 seconds
Current best score: -1597.112

Do NNI search on 20 best initial trees
Estimate model parameters (epsilon = 0.100)
BETTER TREE FOUND at iteration 1: -1595.755
Iteration 10 / LogL: -1596.776 / Time: 0h:0m:0s
Iteration 20 / LogL: -1595.778 / Time: 0h:0m:0s
Finish initializing candidate tree set (4)
Current best tree score: -1595.755 / CPU time: 0.308
Number of iterations: 20
--------------------------------------------------------------------
|               OPTIMIZING CANDIDATE TREE SET                      |
--------------------------------------------------------------------
Iteration 30 / LogL: -1597.607 / Time: 0h:0m:0s (0h:0m:1s left)
UPDATE BEST LOG-LIKELIHOOD: -1595.755
Iteration 40 / LogL: -1595.785 / Time: 0h:0m:0s (0h:0m:0s left)
UPDATE BEST LOG-LIKELIHOOD: -1595.755
Iteration 50 / LogL: -1597.604 / Time: 0h:0m:0s (0h:0m:0s left)
Iteration 60 / LogL: -1596.791 / Time: 0h:0m:0s (0h:0m:0s left)
Iteration 70 / LogL: -1597.664 / Time: 0h:0m:0s (0h:0m:0s left)
Iteration 80 / LogL: -1596.569 / Time: 0h:0m:0s (0h:0m:0s left)
Iteration 90 / LogL: -1596.602 / Time: 0h:0m:1s (0h:0m:0s left)
UPDATE BEST LOG-LIKELIHOOD: -1595.755
Iteration 100 / LogL: -1597.523 / Time: 0h:0m:1s (0h:0m:0s left)
TREE SEARCH COMPLETED AFTER 102 ITERATIONS / Time: 0h:0m:1s

--------------------------------------------------------------------
|                    FINALIZING TREE SEARCH                        |
--------------------------------------------------------------------
Performs final model parameters optimization
Estimate model parameters (epsilon = 0.010)
1. Initial log-likelihood: -1595.755
Optimal log-likelihood: -1595.755
Gamma shape alpha: 1.808
Parameters optimization took 1 rounds (0.003 sec)
BEST SCORE FOUND : -1595.755
Total tree length: 2.396

Total number of iterations: 102
CPU time used for tree search: 1.084 sec (0h:0m:1s)
Wall-clock time used for tree search: 1.127 sec (0h:0m:1s)
Total CPU time used: 1.120 sec (0h:0m:1s)
Total wall-clock time used: 1.198 sec (0h:0m:1s)

===> START BOOTSTRAP REPLICATE NUMBER 38

Creating bootstrap alignment (seed: 375838)...

Create initial parsimony tree by phylogenetic likelihood library (PLL)... 0.000 seconds
Reading model parameters from file /Users/mful870/Desktop/MD_3di_Dev_02Oct24/Scriptorum/SubstitutionMatrix/3di_substmat

NOTE: 0 MB RAM (0 GB) is required!
Estimate model parameters (epsilon = 0.100)
1. Initial log-likelihood: -1712.934
2. Current log-likelihood: -1695.107
3. Current log-likelihood: -1694.987
Optimal log-likelihood: -1694.986
Gamma shape alpha: 2.435
Parameters optimization took 3 rounds (0.012 sec)
Computing ML distances based on estimated model parameters... 0.008 sec
Computing BIONJ tree...
0.007 seconds
Log-likelihood of BIONJ tree: -1697.153
--------------------------------------------------------------------
|             INITIALIZING CANDIDATE TREE SET                      |
--------------------------------------------------------------------
Generating 98 parsimony trees... 0.022 second
Computing log-likelihood of 45 initial trees ... 0.086 seconds
Current best score: -1694.986

Do NNI search on 20 best initial trees
Estimate model parameters (epsilon = 0.100)
BETTER TREE FOUND at iteration 1: -1694.986
Iteration 10 / LogL: -1695.002 / Time: 0h:0m:0s
Iteration 20 / LogL: -1695.148 / Time: 0h:0m:0s
Finish initializing candidate tree set (1)
Current best tree score: -1694.986 / CPU time: 0.302
Number of iterations: 20
--------------------------------------------------------------------
|               OPTIMIZING CANDIDATE TREE SET                      |
--------------------------------------------------------------------
Iteration 30 / LogL: -1695.004 / Time: 0h:0m:0s (0h:0m:1s left)
UPDATE BEST LOG-LIKELIHOOD: -1694.986
UPDATE BEST LOG-LIKELIHOOD: -1694.986
Iteration 40 / LogL: -1695.004 / Time: 0h:0m:0s (0h:0m:0s left)
UPDATE BEST LOG-LIKELIHOOD: -1694.986
Iteration 50 / LogL: -1694.986 / Time: 0h:0m:0s (0h:0m:0s left)
UPDATE BEST LOG-LIKELIHOOD: -1694.986
Iteration 60 / LogL: -1695.018 / Time: 0h:0m:0s (0h:0m:0s left)
Iteration 70 / LogL: -1695.058 / Time: 0h:0m:0s (0h:0m:0s left)
Iteration 80 / LogL: -1694.993 / Time: 0h:0m:1s (0h:0m:0s left)
Iteration 90 / LogL: -1694.997 / Time: 0h:0m:1s (0h:0m:0s left)
Iteration 100 / LogL: -1695.679 / Time: 0h:0m:1s (0h:0m:0s left)
TREE SEARCH COMPLETED AFTER 102 ITERATIONS / Time: 0h:0m:1s

--------------------------------------------------------------------
|                    FINALIZING TREE SEARCH                        |
--------------------------------------------------------------------
Performs final model parameters optimization
Estimate model parameters (epsilon = 0.010)
1. Initial log-likelihood: -1694.986
Optimal log-likelihood: -1694.986
Gamma shape alpha: 2.437
Parameters optimization took 1 rounds (0.003 sec)
BEST SCORE FOUND : -1694.986
Total tree length: 2.417

Total number of iterations: 102
CPU time used for tree search: 1.128 sec (0h:0m:1s)
Wall-clock time used for tree search: 1.239 sec (0h:0m:1s)
Total CPU time used: 1.161 sec (0h:0m:1s)
Total wall-clock time used: 1.287 sec (0h:0m:1s)

===> START BOOTSTRAP REPLICATE NUMBER 39

Creating bootstrap alignment (seed: 375839)...

Create initial parsimony tree by phylogenetic likelihood library (PLL)... 0.000 seconds
Reading model parameters from file /Users/mful870/Desktop/MD_3di_Dev_02Oct24/Scriptorum/SubstitutionMatrix/3di_substmat

NOTE: 0 MB RAM (0 GB) is required!
Estimate model parameters (epsilon = 0.100)
1. Initial log-likelihood: -1864.813
2. Current log-likelihood: -1850.541
Optimal log-likelihood: -1850.495
Gamma shape alpha: 1.641
Parameters optimization took 2 rounds (0.009 sec)
Computing ML distances based on estimated model parameters... 0.010 sec
Computing BIONJ tree...
0.007 seconds
Log-likelihood of BIONJ tree: -1854.212
--------------------------------------------------------------------
|             INITIALIZING CANDIDATE TREE SET                      |
--------------------------------------------------------------------
Generating 98 parsimony trees... 0.022 second
Computing log-likelihood of 46 initial trees ... 0.090 seconds
Current best score: -1850.495

Do NNI search on 20 best initial trees
Estimate model parameters (epsilon = 0.100)
BETTER TREE FOUND at iteration 1: -1850.495
Iteration 10 / LogL: -1850.702 / Time: 0h:0m:0s
Iteration 20 / LogL: -1850.528 / Time: 0h:0m:0s
Finish initializing candidate tree set (3)
Current best tree score: -1850.495 / CPU time: 0.300
Number of iterations: 20
--------------------------------------------------------------------
|               OPTIMIZING CANDIDATE TREE SET                      |
--------------------------------------------------------------------
UPDATE BEST LOG-LIKELIHOOD: -1850.495
Iteration 30 / LogL: -1850.610 / Time: 0h:0m:0s (0h:0m:1s left)
UPDATE BEST LOG-LIKELIHOOD: -1850.495
Iteration 40 / LogL: -1854.215 / Time: 0h:0m:0s (0h:0m:0s left)
Iteration 50 / LogL: -1850.515 / Time: 0h:0m:0s (0h:0m:0s left)
Iteration 60 / LogL: -1850.610 / Time: 0h:0m:0s (0h:0m:0s left)
Iteration 70 / LogL: -1857.468 / Time: 0h:0m:0s (0h:0m:0s left)
Iteration 80 / LogL: -1850.503 / Time: 0h:0m:0s (0h:0m:0s left)
Iteration 90 / LogL: -1857.485 / Time: 0h:0m:1s (0h:0m:0s left)
Iteration 100 / LogL: -1857.468 / Time: 0h:0m:1s (0h:0m:0s left)
TREE SEARCH COMPLETED AFTER 102 ITERATIONS / Time: 0h:0m:1s

--------------------------------------------------------------------
|                    FINALIZING TREE SEARCH                        |
--------------------------------------------------------------------
Performs final model parameters optimization
Estimate model parameters (epsilon = 0.010)
1. Initial log-likelihood: -1850.495
Optimal log-likelihood: -1850.495
Gamma shape alpha: 1.645
Parameters optimization took 1 rounds (0.002 sec)
BEST SCORE FOUND : -1850.495
Total tree length: 3.007

Total number of iterations: 102
CPU time used for tree search: 1.062 sec (0h:0m:1s)
Wall-clock time used for tree search: 1.142 sec (0h:0m:1s)
Total CPU time used: 1.093 sec (0h:0m:1s)
Total wall-clock time used: 1.189 sec (0h:0m:1s)

===> START BOOTSTRAP REPLICATE NUMBER 40

Creating bootstrap alignment (seed: 375840)...

Create initial parsimony tree by phylogenetic likelihood library (PLL)... 0.000 seconds
Reading model parameters from file /Users/mful870/Desktop/MD_3di_Dev_02Oct24/Scriptorum/SubstitutionMatrix/3di_substmat

NOTE: 0 MB RAM (0 GB) is required!
Estimate model parameters (epsilon = 0.100)
1. Initial log-likelihood: -1773.410
2. Current log-likelihood: -1763.613
Optimal log-likelihood: -1763.541
Gamma shape alpha: 1.413
Parameters optimization took 2 rounds (0.009 sec)
Computing ML distances based on estimated model parameters... 0.012 sec
Computing BIONJ tree...
0.007 seconds
Log-likelihood of BIONJ tree: -1763.540
--------------------------------------------------------------------
|             INITIALIZING CANDIDATE TREE SET                      |
--------------------------------------------------------------------
Generating 99 parsimony trees... 0.020 second
Computing log-likelihood of 51 initial trees ... 0.088 seconds
Current best score: -1763.540

Do NNI search on 20 best initial trees
Estimate model parameters (epsilon = 0.100)
BETTER TREE FOUND at iteration 1: -1763.540
Iteration 10 / LogL: -1763.578 / Time: 0h:0m:0s
Iteration 20 / LogL: -1763.763 / Time: 0h:0m:0s
Finish initializing candidate tree set (2)
Current best tree score: -1763.540 / CPU time: 0.330
Number of iterations: 20
--------------------------------------------------------------------
|               OPTIMIZING CANDIDATE TREE SET                      |
--------------------------------------------------------------------
Iteration 30 / LogL: -1770.086 / Time: 0h:0m:0s (0h:0m:1s left)
Iteration 40 / LogL: -1763.653 / Time: 0h:0m:0s (0h:0m:0s left)
Iteration 50 / LogL: -1769.116 / Time: 0h:0m:0s (0h:0m:0s left)
Iteration 60 / LogL: -1763.561 / Time: 0h:0m:0s (0h:0m:0s left)
UPDATE BEST LOG-LIKELIHOOD: -1763.540
Iteration 70 / LogL: -1769.453 / Time: 0h:0m:0s (0h:0m:0s left)
Iteration 80 / LogL: -1769.127 / Time: 0h:0m:0s (0h:0m:0s left)
UPDATE BEST LOG-LIKELIHOOD: -1763.540
Iteration 90 / LogL: -1763.958 / Time: 0h:0m:1s (0h:0m:0s left)
UPDATE BEST LOG-LIKELIHOOD: -1763.540
Iteration 100 / LogL: -1764.411 / Time: 0h:0m:1s (0h:0m:0s left)
TREE SEARCH COMPLETED AFTER 102 ITERATIONS / Time: 0h:0m:1s

--------------------------------------------------------------------
|                    FINALIZING TREE SEARCH                        |
--------------------------------------------------------------------
Performs final model parameters optimization
Estimate model parameters (epsilon = 0.010)
1. Initial log-likelihood: -1763.540
Optimal log-likelihood: -1763.540
Gamma shape alpha: 1.417
Parameters optimization took 1 rounds (0.003 sec)
BEST SCORE FOUND : -1763.540
Total tree length: 2.733

Total number of iterations: 102
CPU time used for tree search: 1.008 sec (0h:0m:1s)
Wall-clock time used for tree search: 1.104 sec (0h:0m:1s)
Total CPU time used: 1.041 sec (0h:0m:1s)
Total wall-clock time used: 1.153 sec (0h:0m:1s)

===> START BOOTSTRAP REPLICATE NUMBER 41

Creating bootstrap alignment (seed: 375841)...

Create initial parsimony tree by phylogenetic likelihood library (PLL)... 0.000 seconds
Reading model parameters from file /Users/mful870/Desktop/MD_3di_Dev_02Oct24/Scriptorum/SubstitutionMatrix/3di_substmat

NOTE: 0 MB RAM (0 GB) is required!
Estimate model parameters (epsilon = 0.100)
1. Initial log-likelihood: -1750.273
2. Current log-likelihood: -1736.762
Optimal log-likelihood: -1736.731
Gamma shape alpha: 1.651
Parameters optimization took 2 rounds (0.008 sec)
Computing ML distances based on estimated model parameters... 0.010 sec
Computing BIONJ tree...
0.009 seconds
Log-likelihood of BIONJ tree: -1726.807
--------------------------------------------------------------------
|             INITIALIZING CANDIDATE TREE SET                      |
--------------------------------------------------------------------
Generating 98 parsimony trees... 0.020 second
Computing log-likelihood of 54 initial trees ... 0.088 seconds
Current best score: -1726.807

Do NNI search on 20 best initial trees
Estimate model parameters (epsilon = 0.100)
BETTER TREE FOUND at iteration 1: -1726.767
Iteration 10 / LogL: -1727.019 / Time: 0h:0m:0s
Iteration 20 / LogL: -1726.808 / Time: 0h:0m:0s
Finish initializing candidate tree set (2)
Current best tree score: -1726.767 / CPU time: 0.298
Number of iterations: 20
--------------------------------------------------------------------
|               OPTIMIZING CANDIDATE TREE SET                      |
--------------------------------------------------------------------
Iteration 30 / LogL: -1729.855 / Time: 0h:0m:0s (0h:0m:1s left)
Iteration 40 / LogL: -1729.857 / Time: 0h:0m:0s (0h:0m:0s left)
Iteration 50 / LogL: -1726.790 / Time: 0h:0m:0s (0h:0m:0s left)
Iteration 60 / LogL: -1726.875 / Time: 0h:0m:0s (0h:0m:0s left)
Iteration 70 / LogL: -1730.056 / Time: 0h:0m:0s (0h:0m:0s left)
Iteration 80 / LogL: -1729.855 / Time: 0h:0m:0s (0h:0m:0s left)
Iteration 90 / LogL: -1727.357 / Time: 0h:0m:1s (0h:0m:0s left)
Iteration 100 / LogL: -1729.895 / Time: 0h:0m:1s (0h:0m:0s left)
UPDATE BEST LOG-LIKELIHOOD: -1726.767
TREE SEARCH COMPLETED AFTER 102 ITERATIONS / Time: 0h:0m:1s

--------------------------------------------------------------------
|                    FINALIZING TREE SEARCH                        |
--------------------------------------------------------------------
Performs final model parameters optimization
Estimate model parameters (epsilon = 0.010)
1. Initial log-likelihood: -1726.767
Optimal log-likelihood: -1726.767
Gamma shape alpha: 1.541
Parameters optimization took 1 rounds (0.003 sec)
BEST SCORE FOUND : -1726.767
Total tree length: 2.750

Total number of iterations: 102
CPU time used for tree search: 1.075 sec (0h:0m:1s)
Wall-clock time used for tree search: 1.094 sec (0h:0m:1s)
Total CPU time used: 1.109 sec (0h:0m:1s)
Total wall-clock time used: 1.176 sec (0h:0m:1s)

===> START BOOTSTRAP REPLICATE NUMBER 42

Creating bootstrap alignment (seed: 375842)...

Create initial parsimony tree by phylogenetic likelihood library (PLL)... 0.000 seconds
Reading model parameters from file /Users/mful870/Desktop/MD_3di_Dev_02Oct24/Scriptorum/SubstitutionMatrix/3di_substmat

NOTE: 0 MB RAM (0 GB) is required!
Estimate model parameters (epsilon = 0.100)
1. Initial log-likelihood: -1908.114
2. Current log-likelihood: -1891.390
3. Current log-likelihood: -1891.277
Optimal log-likelihood: -1891.276
Gamma shape alpha: 1.980
Parameters optimization took 3 rounds (0.010 sec)
Computing ML distances based on estimated model parameters... 0.010 sec
Computing BIONJ tree...
0.007 seconds
Log-likelihood of BIONJ tree: -1906.946
--------------------------------------------------------------------
|             INITIALIZING CANDIDATE TREE SET                      |
--------------------------------------------------------------------
Generating 98 parsimony trees... 0.022 second
Computing log-likelihood of 63 initial trees ... 0.109 seconds
Current best score: -1891.276

Do NNI search on 20 best initial trees
Estimate model parameters (epsilon = 0.100)
BETTER TREE FOUND at iteration 1: -1891.276
Iteration 10 / LogL: -1902.091 / Time: 0h:0m:0s
Iteration 20 / LogL: -1891.541 / Time: 0h:0m:0s
Finish initializing candidate tree set (3)
Current best tree score: -1891.276 / CPU time: 0.393
Number of iterations: 20
--------------------------------------------------------------------
|               OPTIMIZING CANDIDATE TREE SET                      |
--------------------------------------------------------------------
WARNING: NNI search needs unusual large number of steps (8) to converge!
WARNING: NNI search needs unusual large number of steps (8) to converge!
Iteration 30 / LogL: -1891.314 / Time: 0h:0m:0s (0h:0m:1s left)
WARNING: NNI search needs unusual large number of steps (8) to converge!
Iteration 40 / LogL: -1891.297 / Time: 0h:0m:0s (0h:0m:1s left)
Iteration 50 / LogL: -1891.317 / Time: 0h:0m:0s (0h:0m:0s left)
WARNING: NNI search needs unusual large number of steps (8) to converge!
Iteration 60 / LogL: -1891.335 / Time: 0h:0m:1s (0h:0m:0s left)
Iteration 70 / LogL: -1891.327 / Time: 0h:0m:1s (0h:0m:0s left)
Iteration 80 / LogL: -1891.345 / Time: 0h:0m:1s (0h:0m:0s left)
Iteration 90 / LogL: -1891.327 / Time: 0h:0m:1s (0h:0m:0s left)
Iteration 100 / LogL: -1891.309 / Time: 0h:0m:1s (0h:0m:0s left)
TREE SEARCH COMPLETED AFTER 102 ITERATIONS / Time: 0h:0m:1s

--------------------------------------------------------------------
|                    FINALIZING TREE SEARCH                        |
--------------------------------------------------------------------
Performs final model parameters optimization
Estimate model parameters (epsilon = 0.010)
1. Initial log-likelihood: -1891.276
Optimal log-likelihood: -1891.276
Gamma shape alpha: 1.980
Parameters optimization took 1 rounds (0.003 sec)
BEST SCORE FOUND : -1891.276
Total tree length: 3.173

Total number of iterations: 102
CPU time used for tree search: 1.436 sec (0h:0m:1s)
Wall-clock time used for tree search: 1.487 sec (0h:0m:1s)
Total CPU time used: 1.470 sec (0h:0m:1s)
Total wall-clock time used: 1.536 sec (0h:0m:1s)

===> START BOOTSTRAP REPLICATE NUMBER 43

Creating bootstrap alignment (seed: 375843)...

Create initial parsimony tree by phylogenetic likelihood library (PLL)... 0.000 seconds
Reading model parameters from file /Users/mful870/Desktop/MD_3di_Dev_02Oct24/Scriptorum/SubstitutionMatrix/3di_substmat

NOTE: 0 MB RAM (0 GB) is required!
Estimate model parameters (epsilon = 0.100)
1. Initial log-likelihood: -1829.379
2. Current log-likelihood: -1821.103
Optimal log-likelihood: -1821.062
Gamma shape alpha: 1.507
Parameters optimization took 2 rounds (0.008 sec)
Computing ML distances based on estimated model parameters... 0.010 sec
Computing BIONJ tree...
0.009 seconds
Log-likelihood of BIONJ tree: -1826.778
--------------------------------------------------------------------
|             INITIALIZING CANDIDATE TREE SET                      |
--------------------------------------------------------------------
Generating 98 parsimony trees... 0.023 second
Computing log-likelihood of 45 initial trees ... 0.088 seconds
Current best score: -1816.277

Do NNI search on 20 best initial trees
Estimate model parameters (epsilon = 0.100)
BETTER TREE FOUND at iteration 1: -1816.234
Iteration 10 / LogL: -1816.256 / Time: 0h:0m:0s
Iteration 20 / LogL: -1816.312 / Time: 0h:0m:0s
Finish initializing candidate tree set (3)
Current best tree score: -1816.234 / CPU time: 0.334
Number of iterations: 20
--------------------------------------------------------------------
|               OPTIMIZING CANDIDATE TREE SET                      |
--------------------------------------------------------------------
Iteration 30 / LogL: -1816.304 / Time: 0h:0m:0s (0h:0m:1s left)
Iteration 40 / LogL: -1846.994 / Time: 0h:0m:0s (0h:0m:0s left)
Iteration 50 / LogL: -1816.251 / Time: 0h:0m:0s (0h:0m:0s left)
Iteration 60 / LogL: -1847.020 / Time: 0h:0m:0s (0h:0m:0s left)
Iteration 70 / LogL: -1816.310 / Time: 0h:0m:0s (0h:0m:0s left)
Iteration 80 / LogL: -1816.250 / Time: 0h:0m:1s (0h:0m:0s left)
Iteration 90 / LogL: -1816.268 / Time: 0h:0m:1s (0h:0m:0s left)
Iteration 100 / LogL: -1816.244 / Time: 0h:0m:1s (0h:0m:0s left)
TREE SEARCH COMPLETED AFTER 102 ITERATIONS / Time: 0h:0m:1s

--------------------------------------------------------------------
|                    FINALIZING TREE SEARCH                        |
--------------------------------------------------------------------
Performs final model parameters optimization
Estimate model parameters (epsilon = 0.010)
1. Initial log-likelihood: -1816.234
Optimal log-likelihood: -1816.234
Gamma shape alpha: 1.445
Parameters optimization took 1 rounds (0.003 sec)
BEST SCORE FOUND : -1816.234
Total tree length: 2.972

Total number of iterations: 102
CPU time used for tree search: 1.193 sec (0h:0m:1s)
Wall-clock time used for tree search: 1.262 sec (0h:0m:1s)
Total CPU time used: 1.225 sec (0h:0m:1s)
Total wall-clock time used: 1.312 sec (0h:0m:1s)

===> START BOOTSTRAP REPLICATE NUMBER 44

Creating bootstrap alignment (seed: 375844)...

Create initial parsimony tree by phylogenetic likelihood library (PLL)... 0.000 seconds
Reading model parameters from file /Users/mful870/Desktop/MD_3di_Dev_02Oct24/Scriptorum/SubstitutionMatrix/3di_substmat

NOTE: 0 MB RAM (0 GB) is required!
Estimate model parameters (epsilon = 0.100)
1. Initial log-likelihood: -1813.997
2. Current log-likelihood: -1794.267
3. Current log-likelihood: -1794.135
Optimal log-likelihood: -1794.134
Gamma shape alpha: 2.041
Parameters optimization took 3 rounds (0.013 sec)
Computing ML distances based on estimated model parameters... 0.012 sec
Computing BIONJ tree...
0.007 seconds
Log-likelihood of BIONJ tree: -1787.762
--------------------------------------------------------------------
|             INITIALIZING CANDIDATE TREE SET                      |
--------------------------------------------------------------------
Generating 98 parsimony trees... 0.021 second
Computing log-likelihood of 59 initial trees ... 0.127 seconds
Current best score: -1787.762

Do NNI search on 20 best initial trees
Estimate model parameters (epsilon = 0.100)
BETTER TREE FOUND at iteration 1: -1786.942
Iteration 10 / LogL: -1787.153 / Time: 0h:0m:0s
Iteration 20 / LogL: -1786.987 / Time: 0h:0m:0s
Finish initializing candidate tree set (2)
Current best tree score: -1786.942 / CPU time: 0.362
Number of iterations: 20
--------------------------------------------------------------------
|               OPTIMIZING CANDIDATE TREE SET                      |
--------------------------------------------------------------------
Iteration 30 / LogL: -1787.039 / Time: 0h:0m:0s (0h:0m:1s left)
Iteration 40 / LogL: -1787.451 / Time: 0h:0m:0s (0h:0m:0s left)
Iteration 50 / LogL: -1787.092 / Time: 0h:0m:0s (0h:0m:0s left)
Iteration 60 / LogL: -1787.043 / Time: 0h:0m:0s (0h:0m:0s left)
UPDATE BEST LOG-LIKELIHOOD: -1786.942
Iteration 70 / LogL: -1786.957 / Time: 0h:0m:0s (0h:0m:0s left)
Iteration 80 / LogL: -1786.973 / Time: 0h:0m:1s (0h:0m:0s left)
Iteration 90 / LogL: -1787.849 / Time: 0h:0m:1s (0h:0m:0s left)
Iteration 100 / LogL: -1787.860 / Time: 0h:0m:1s (0h:0m:0s left)
TREE SEARCH COMPLETED AFTER 102 ITERATIONS / Time: 0h:0m:1s

--------------------------------------------------------------------
|                    FINALIZING TREE SEARCH                        |
--------------------------------------------------------------------
Performs final model parameters optimization
Estimate model parameters (epsilon = 0.010)
1. Initial log-likelihood: -1786.942
Optimal log-likelihood: -1786.942
Gamma shape alpha: 1.861
Parameters optimization took 1 rounds (0.003 sec)
BEST SCORE FOUND : -1786.942
Total tree length: 2.962

Total number of iterations: 102
CPU time used for tree search: 1.226 sec (0h:0m:1s)
Wall-clock time used for tree search: 1.280 sec (0h:0m:1s)
Total CPU time used: 1.263 sec (0h:0m:1s)
Total wall-clock time used: 1.334 sec (0h:0m:1s)

===> START BOOTSTRAP REPLICATE NUMBER 45

Creating bootstrap alignment (seed: 375845)...

Create initial parsimony tree by phylogenetic likelihood library (PLL)... 0.000 seconds
Reading model parameters from file /Users/mful870/Desktop/MD_3di_Dev_02Oct24/Scriptorum/SubstitutionMatrix/3di_substmat

NOTE: 0 MB RAM (0 GB) is required!
Estimate model parameters (epsilon = 0.100)
1. Initial log-likelihood: -1775.718
2. Current log-likelihood: -1764.164
3. Current log-likelihood: -1764.001
Optimal log-likelihood: -1764.001
Gamma shape alpha: 2.263
Parameters optimization took 3 rounds (0.013 sec)
Computing ML distances based on estimated model parameters... 0.010 sec
Computing BIONJ tree...
0.009 seconds
Log-likelihood of BIONJ tree: -1772.730
--------------------------------------------------------------------
|             INITIALIZING CANDIDATE TREE SET                      |
--------------------------------------------------------------------
Generating 98 parsimony trees... 0.022 second
Computing log-likelihood of 48 initial trees ... 0.091 seconds
Current best score: -1764.001

Do NNI search on 20 best initial trees
Estimate model parameters (epsilon = 0.100)
BETTER TREE FOUND at iteration 1: -1764.001
Iteration 10 / LogL: -1764.139 / Time: 0h:0m:0s
Iteration 20 / LogL: -1764.389 / Time: 0h:0m:0s
Finish initializing candidate tree set (4)
Current best tree score: -1764.001 / CPU time: 0.365
Number of iterations: 20
--------------------------------------------------------------------
|               OPTIMIZING CANDIDATE TREE SET                      |
--------------------------------------------------------------------
Iteration 30 / LogL: -1766.930 / Time: 0h:0m:0s (0h:0m:1s left)
Iteration 40 / LogL: -1770.768 / Time: 0h:0m:0s (0h:0m:0s left)
Iteration 50 / LogL: -1764.001 / Time: 0h:0m:0s (0h:0m:0s left)
Iteration 60 / LogL: -1764.435 / Time: 0h:0m:0s (0h:0m:0s left)
Iteration 70 / LogL: -1772.253 / Time: 0h:0m:0s (0h:0m:0s left)
Iteration 80 / LogL: -1764.011 / Time: 0h:0m:0s (0h:0m:0s left)
Iteration 90 / LogL: -1777.082 / Time: 0h:0m:1s (0h:0m:0s left)
Iteration 100 / LogL: -1764.001 / Time: 0h:0m:1s (0h:0m:0s left)
TREE SEARCH COMPLETED AFTER 102 ITERATIONS / Time: 0h:0m:1s

--------------------------------------------------------------------
|                    FINALIZING TREE SEARCH                        |
--------------------------------------------------------------------
Performs final model parameters optimization
Estimate model parameters (epsilon = 0.010)
1. Initial log-likelihood: -1764.001
Optimal log-likelihood: -1764.001
Gamma shape alpha: 2.260
Parameters optimization took 1 rounds (0.003 sec)
BEST SCORE FOUND : -1764.001
Total tree length: 2.658

Total number of iterations: 102
CPU time used for tree search: 1.083 sec (0h:0m:1s)
Wall-clock time used for tree search: 1.148 sec (0h:0m:1s)
Total CPU time used: 1.120 sec (0h:0m:1s)
Total wall-clock time used: 1.199 sec (0h:0m:1s)

===> START BOOTSTRAP REPLICATE NUMBER 46

Creating bootstrap alignment (seed: 375846)...

Create initial parsimony tree by phylogenetic likelihood library (PLL)... 0.000 seconds
Reading model parameters from file /Users/mful870/Desktop/MD_3di_Dev_02Oct24/Scriptorum/SubstitutionMatrix/3di_substmat

NOTE: 0 MB RAM (0 GB) is required!
Estimate model parameters (epsilon = 0.100)
1. Initial log-likelihood: -1833.720
2. Current log-likelihood: -1818.674
3. Current log-likelihood: -1818.564
Optimal log-likelihood: -1818.564
Gamma shape alpha: 1.487
Parameters optimization took 3 rounds (0.011 sec)
Computing ML distances based on estimated model parameters... 0.010 sec
Computing BIONJ tree...
0.009 seconds
Log-likelihood of BIONJ tree: -1819.786
--------------------------------------------------------------------
|             INITIALIZING CANDIDATE TREE SET                      |
--------------------------------------------------------------------
Generating 98 parsimony trees... 0.019 second
Computing log-likelihood of 49 initial trees ... 0.086 seconds
Current best score: -1812.463

Do NNI search on 20 best initial trees
Estimate model parameters (epsilon = 0.100)
BETTER TREE FOUND at iteration 1: -1812.437
Iteration 10 / LogL: -1812.486 / Time: 0h:0m:0s
Iteration 20 / LogL: -1812.491 / Time: 0h:0m:0s
Finish initializing candidate tree set (2)
Current best tree score: -1812.437 / CPU time: 0.263
Number of iterations: 20
--------------------------------------------------------------------
|               OPTIMIZING CANDIDATE TREE SET                      |
--------------------------------------------------------------------
UPDATE BEST LOG-LIKELIHOOD: -1812.437
Iteration 30 / LogL: -1819.991 / Time: 0h:0m:0s (0h:0m:1s left)
Iteration 40 / LogL: -1812.437 / Time: 0h:0m:0s (0h:0m:0s left)
Iteration 50 / LogL: -1812.437 / Time: 0h:0m:0s (0h:0m:0s left)
Iteration 60 / LogL: -1819.961 / Time: 0h:0m:0s (0h:0m:0s left)
UPDATE BEST LOG-LIKELIHOOD: -1812.437
Iteration 70 / LogL: -1812.437 / Time: 0h:0m:0s (0h:0m:0s left)
Iteration 80 / LogL: -1819.778 / Time: 0h:0m:0s (0h:0m:0s left)
UPDATE BEST LOG-LIKELIHOOD: -1812.437
Iteration 90 / LogL: -1812.437 / Time: 0h:0m:0s (0h:0m:0s left)
UPDATE BEST LOG-LIKELIHOOD: -1812.437
Iteration 100 / LogL: -1812.452 / Time: 0h:0m:1s (0h:0m:0s left)
TREE SEARCH COMPLETED AFTER 102 ITERATIONS / Time: 0h:0m:1s

--------------------------------------------------------------------
|                    FINALIZING TREE SEARCH                        |
--------------------------------------------------------------------
Performs final model parameters optimization
Estimate model parameters (epsilon = 0.010)
1. Initial log-likelihood: -1812.437
Optimal log-likelihood: -1812.437
Gamma shape alpha: 1.499
Parameters optimization took 1 rounds (0.021 sec)
BEST SCORE FOUND : -1812.437
Total tree length: 3.187

Total number of iterations: 102
CPU time used for tree search: 1.025 sec (0h:0m:1s)
Wall-clock time used for tree search: 1.101 sec (0h:0m:1s)
Total CPU time used: 1.059 sec (0h:0m:1s)
Total wall-clock time used: 1.170 sec (0h:0m:1s)

===> START BOOTSTRAP REPLICATE NUMBER 47

Creating bootstrap alignment (seed: 375847)...

Create initial parsimony tree by phylogenetic likelihood library (PLL)... 0.000 seconds
Reading model parameters from file /Users/mful870/Desktop/MD_3di_Dev_02Oct24/Scriptorum/SubstitutionMatrix/3di_substmat

NOTE: 0 MB RAM (0 GB) is required!
Estimate model parameters (epsilon = 0.100)
1. Initial log-likelihood: -1741.956
2. Current log-likelihood: -1724.606
Optimal log-likelihood: -1724.575
Gamma shape alpha: 1.386
Parameters optimization took 2 rounds (0.015 sec)
Computing ML distances based on estimated model parameters... 0.012 sec
Computing BIONJ tree...
0.009 seconds
Log-likelihood of BIONJ tree: -1725.585
--------------------------------------------------------------------
|             INITIALIZING CANDIDATE TREE SET                      |
--------------------------------------------------------------------
Generating 98 parsimony trees... 0.019 second
Computing log-likelihood of 56 initial trees ... 0.092 seconds
Current best score: -1724.575

Do NNI search on 20 best initial trees
Estimate model parameters (epsilon = 0.100)
BETTER TREE FOUND at iteration 1: -1724.575
Iteration 10 / LogL: -1724.635 / Time: 0h:0m:0s
Iteration 20 / LogL: -1724.624 / Time: 0h:0m:0s
Finish initializing candidate tree set (2)
Current best tree score: -1724.575 / CPU time: 0.324
Number of iterations: 20
--------------------------------------------------------------------
|               OPTIMIZING CANDIDATE TREE SET                      |
--------------------------------------------------------------------
UPDATE BEST LOG-LIKELIHOOD: -1724.575
Iteration 30 / LogL: -1724.640 / Time: 0h:0m:0s (0h:0m:1s left)
Iteration 40 / LogL: -1724.617 / Time: 0h:0m:0s (0h:0m:0s left)
Iteration 50 / LogL: -1726.139 / Time: 0h:0m:0s (0h:0m:0s left)
Iteration 60 / LogL: -1725.713 / Time: 0h:0m:0s (0h:0m:0s left)
UPDATE BEST LOG-LIKELIHOOD: -1724.575
Iteration 70 / LogL: -1724.579 / Time: 0h:0m:0s (0h:0m:0s left)
Iteration 80 / LogL: -1725.500 / Time: 0h:0m:1s (0h:0m:0s left)
Iteration 90 / LogL: -1724.590 / Time: 0h:0m:1s (0h:0m:0s left)
Iteration 100 / LogL: -1724.709 / Time: 0h:0m:1s (0h:0m:0s left)
TREE SEARCH COMPLETED AFTER 102 ITERATIONS / Time: 0h:0m:1s

--------------------------------------------------------------------
|                    FINALIZING TREE SEARCH                        |
--------------------------------------------------------------------
Performs final model parameters optimization
Estimate model parameters (epsilon = 0.010)
1. Initial log-likelihood: -1724.575
Optimal log-likelihood: -1724.575
Gamma shape alpha: 1.389
Parameters optimization took 1 rounds (0.020 sec)
BEST SCORE FOUND : -1724.575
Total tree length: 3.012

Total number of iterations: 102
CPU time used for tree search: 1.232 sec (0h:0m:1s)
Wall-clock time used for tree search: 1.269 sec (0h:0m:1s)
Total CPU time used: 1.270 sec (0h:0m:1s)
Total wall-clock time used: 1.370 sec (0h:0m:1s)

===> START BOOTSTRAP REPLICATE NUMBER 48

Creating bootstrap alignment (seed: 375848)...

Create initial parsimony tree by phylogenetic likelihood library (PLL)... 0.013 seconds
Reading model parameters from file /Users/mful870/Desktop/MD_3di_Dev_02Oct24/Scriptorum/SubstitutionMatrix/3di_substmat

NOTE: 0 MB RAM (0 GB) is required!
Estimate model parameters (epsilon = 0.100)
1. Initial log-likelihood: -1730.883
2. Current log-likelihood: -1719.131
Optimal log-likelihood: -1719.052
Gamma shape alpha: 1.563
Parameters optimization took 2 rounds (0.008 sec)
Computing ML distances based on estimated model parameters... 0.012 sec
Computing BIONJ tree...
0.025 seconds
Log-likelihood of BIONJ tree: -1719.052
--------------------------------------------------------------------
|             INITIALIZING CANDIDATE TREE SET                      |
--------------------------------------------------------------------
Generating 99 parsimony trees... 0.026 second
Computing log-likelihood of 49 initial trees ... 0.092 seconds
Current best score: -1719.052

Do NNI search on 20 best initial trees
Estimate model parameters (epsilon = 0.100)
BETTER TREE FOUND at iteration 1: -1717.219
Iteration 10 / LogL: -1717.264 / Time: 0h:0m:0s
Iteration 20 / LogL: -1717.227 / Time: 0h:0m:0s
Finish initializing candidate tree set (1)
Current best tree score: -1717.219 / CPU time: 0.339
Number of iterations: 20
--------------------------------------------------------------------
|               OPTIMIZING CANDIDATE TREE SET                      |
--------------------------------------------------------------------
Iteration 30 / LogL: -1717.299 / Time: 0h:0m:0s (0h:0m:1s left)
UPDATE BEST LOG-LIKELIHOOD: -1717.219
Iteration 40 / LogL: -1717.353 / Time: 0h:0m:0s (0h:0m:0s left)
UPDATE BEST LOG-LIKELIHOOD: -1717.218
UPDATE BEST LOG-LIKELIHOOD: -1717.217
Iteration 50 / LogL: -1717.237 / Time: 0h:0m:0s (0h:0m:0s left)
Iteration 60 / LogL: -1717.271 / Time: 0h:0m:0s (0h:0m:0s left)
UPDATE BEST LOG-LIKELIHOOD: -1717.217
UPDATE BEST LOG-LIKELIHOOD: -1717.217
Iteration 70 / LogL: -1717.217 / Time: 0h:0m:1s (0h:0m:0s left)
Iteration 80 / LogL: -1717.248 / Time: 0h:0m:1s (0h:0m:0s left)
UPDATE BEST LOG-LIKELIHOOD: -1717.217
Iteration 90 / LogL: -1717.259 / Time: 0h:0m:1s (0h:0m:0s left)
Iteration 100 / LogL: -1717.217 / Time: 0h:0m:1s (0h:0m:0s left)
TREE SEARCH COMPLETED AFTER 102 ITERATIONS / Time: 0h:0m:1s

--------------------------------------------------------------------
|                    FINALIZING TREE SEARCH                        |
--------------------------------------------------------------------
Performs final model parameters optimization
Estimate model parameters (epsilon = 0.010)
1. Initial log-likelihood: -1717.217
Optimal log-likelihood: -1717.217
Gamma shape alpha: 1.647
Parameters optimization took 1 rounds (0.004 sec)
BEST SCORE FOUND : -1717.217
Total tree length: 2.924

Total number of iterations: 102
CPU time used for tree search: 1.099 sec (0h:0m:1s)
Wall-clock time used for tree search: 1.210 sec (0h:0m:1s)
Total CPU time used: 1.136 sec (0h:0m:1s)
Total wall-clock time used: 1.311 sec (0h:0m:1s)

===> START BOOTSTRAP REPLICATE NUMBER 49

Creating bootstrap alignment (seed: 375849)...

Create initial parsimony tree by phylogenetic likelihood library (PLL)... 0.000 seconds
Reading model parameters from file /Users/mful870/Desktop/MD_3di_Dev_02Oct24/Scriptorum/SubstitutionMatrix/3di_substmat

NOTE: 0 MB RAM (0 GB) is required!
Estimate model parameters (epsilon = 0.100)
1. Initial log-likelihood: -1709.977
2. Current log-likelihood: -1692.356
Optimal log-likelihood: -1692.260
Gamma shape alpha: 1.883
Parameters optimization took 2 rounds (0.008 sec)
Computing ML distances based on estimated model parameters... 0.012 sec
Computing BIONJ tree...
0.009 seconds
Log-likelihood of BIONJ tree: -1698.429
--------------------------------------------------------------------
|             INITIALIZING CANDIDATE TREE SET                      |
--------------------------------------------------------------------
Generating 98 parsimony trees... 0.019 second
Computing log-likelihood of 59 initial trees ... 0.096 seconds
Current best score: -1692.260

Do NNI search on 20 best initial trees
Estimate model parameters (epsilon = 0.100)
BETTER TREE FOUND at iteration 1: -1692.260
Iteration 10 / LogL: -1692.454 / Time: 0h:0m:0s
Iteration 20 / LogL: -1692.584 / Time: 0h:0m:0s
Finish initializing candidate tree set (3)
Current best tree score: -1692.260 / CPU time: 0.302
Number of iterations: 20
--------------------------------------------------------------------
|               OPTIMIZING CANDIDATE TREE SET                      |
--------------------------------------------------------------------
UPDATE BEST LOG-LIKELIHOOD: -1692.260
Iteration 30 / LogL: -1706.426 / Time: 0h:0m:0s (0h:0m:1s left)
UPDATE BEST LOG-LIKELIHOOD: -1692.260
Iteration 40 / LogL: -1693.474 / Time: 0h:0m:0s (0h:0m:0s left)
UPDATE BEST LOG-LIKELIHOOD: -1692.260
Iteration 50 / LogL: -1692.446 / Time: 0h:0m:0s (0h:0m:0s left)
Iteration 60 / LogL: -1706.371 / Time: 0h:0m:0s (0h:0m:0s left)
Iteration 70 / LogL: -1698.725 / Time: 0h:0m:0s (0h:0m:0s left)
Iteration 80 / LogL: -1692.476 / Time: 0h:0m:0s (0h:0m:0s left)
Iteration 90 / LogL: -1706.371 / Time: 0h:0m:1s (0h:0m:0s left)
UPDATE BEST LOG-LIKELIHOOD: -1692.260
UPDATE BEST LOG-LIKELIHOOD: -1692.260
Iteration 100 / LogL: -1706.372 / Time: 0h:0m:1s (0h:0m:0s left)
TREE SEARCH COMPLETED AFTER 102 ITERATIONS / Time: 0h:0m:1s

--------------------------------------------------------------------
|                    FINALIZING TREE SEARCH                        |
--------------------------------------------------------------------
Performs final model parameters optimization
Estimate model parameters (epsilon = 0.010)
1. Initial log-likelihood: -1692.260
Optimal log-likelihood: -1692.260
Gamma shape alpha: 1.885
Parameters optimization took 1 rounds (0.002 sec)
BEST SCORE FOUND : -1692.260
Total tree length: 2.546

Total number of iterations: 102
CPU time used for tree search: 1.012 sec (0h:0m:1s)
Wall-clock time used for tree search: 1.108 sec (0h:0m:1s)
Total CPU time used: 1.043 sec (0h:0m:1s)
Total wall-clock time used: 1.155 sec (0h:0m:1s)

===> START BOOTSTRAP REPLICATE NUMBER 50

Creating bootstrap alignment (seed: 375850)...

Create initial parsimony tree by phylogenetic likelihood library (PLL)... 0.000 seconds
Reading model parameters from file /Users/mful870/Desktop/MD_3di_Dev_02Oct24/Scriptorum/SubstitutionMatrix/3di_substmat

NOTE: 0 MB RAM (0 GB) is required!
Estimate model parameters (epsilon = 0.100)
1. Initial log-likelihood: -1807.418
2. Current log-likelihood: -1791.260
3. Current log-likelihood: -1791.147
Optimal log-likelihood: -1791.147
Gamma shape alpha: 1.913
Parameters optimization took 3 rounds (0.016 sec)
Computing ML distances based on estimated model parameters... 0.010 sec
Computing BIONJ tree...
0.007 seconds
Log-likelihood of BIONJ tree: -1790.667
--------------------------------------------------------------------
|             INITIALIZING CANDIDATE TREE SET                      |
--------------------------------------------------------------------
Generating 98 parsimony trees... 0.020 second
Computing log-likelihood of 55 initial trees ... 0.089 seconds
Current best score: -1781.705

Do NNI search on 20 best initial trees
Estimate model parameters (epsilon = 0.100)
BETTER TREE FOUND at iteration 1: -1781.664
Iteration 10 / LogL: -1781.801 / Time: 0h:0m:0s
Iteration 20 / LogL: -1781.809 / Time: 0h:0m:0s
Finish initializing candidate tree set (1)
Current best tree score: -1781.664 / CPU time: 0.360
Number of iterations: 20
--------------------------------------------------------------------
|               OPTIMIZING CANDIDATE TREE SET                      |
--------------------------------------------------------------------
Iteration 30 / LogL: -1781.733 / Time: 0h:0m:0s (0h:0m:1s left)
Iteration 40 / LogL: -1781.741 / Time: 0h:0m:0s (0h:0m:0s left)
Iteration 50 / LogL: -1781.763 / Time: 0h:0m:0s (0h:0m:0s left)
UPDATE BEST LOG-LIKELIHOOD: -1781.664
Iteration 60 / LogL: -1782.327 / Time: 0h:0m:0s (0h:0m:0s left)
UPDATE BEST LOG-LIKELIHOOD: -1781.664
Iteration 70 / LogL: -1783.251 / Time: 0h:0m:0s (0h:0m:0s left)
UPDATE BEST LOG-LIKELIHOOD: -1781.664
Iteration 80 / LogL: -1781.699 / Time: 0h:0m:1s (0h:0m:0s left)
Iteration 90 / LogL: -1782.868 / Time: 0h:0m:1s (0h:0m:0s left)
Iteration 100 / LogL: -1781.820 / Time: 0h:0m:1s (0h:0m:0s left)
TREE SEARCH COMPLETED AFTER 102 ITERATIONS / Time: 0h:0m:1s

--------------------------------------------------------------------
|                    FINALIZING TREE SEARCH                        |
--------------------------------------------------------------------
Performs final model parameters optimization
Estimate model parameters (epsilon = 0.010)
1. Initial log-likelihood: -1781.664
Optimal log-likelihood: -1781.664
Gamma shape alpha: 1.823
Parameters optimization took 1 rounds (0.003 sec)
BEST SCORE FOUND : -1781.664
Total tree length: 2.988

Total number of iterations: 102
CPU time used for tree search: 1.196 sec (0h:0m:1s)
Wall-clock time used for tree search: 1.243 sec (0h:0m:1s)
Total CPU time used: 1.232 sec (0h:0m:1s)
Total wall-clock time used: 1.293 sec (0h:0m:1s)

===> START BOOTSTRAP REPLICATE NUMBER 51

Creating bootstrap alignment (seed: 375851)...

Create initial parsimony tree by phylogenetic likelihood library (PLL)... 0.000 seconds
Reading model parameters from file /Users/mful870/Desktop/MD_3di_Dev_02Oct24/Scriptorum/SubstitutionMatrix/3di_substmat

NOTE: 0 MB RAM (0 GB) is required!
Estimate model parameters (epsilon = 0.100)
1. Initial log-likelihood: -1753.266
2. Current log-likelihood: -1740.651
Optimal log-likelihood: -1740.571
Gamma shape alpha: 1.958
Parameters optimization took 2 rounds (0.024 sec)
Computing ML distances based on estimated model parameters... 0.010 sec
Computing BIONJ tree...
0.009 seconds
Log-likelihood of BIONJ tree: -1741.882
--------------------------------------------------------------------
|             INITIALIZING CANDIDATE TREE SET                      |
--------------------------------------------------------------------
Generating 98 parsimony trees... 0.020 second
Computing log-likelihood of 56 initial trees ... 0.103 seconds
Current best score: -1739.292

Do NNI search on 20 best initial trees
Estimate model parameters (epsilon = 0.100)
BETTER TREE FOUND at iteration 1: -1735.817
Iteration 10 / LogL: -1740.605 / Time: 0h:0m:0s
Iteration 20 / LogL: -1740.792 / Time: 0h:0m:0s
Finish initializing candidate tree set (2)
Current best tree score: -1735.817 / CPU time: 0.335
Number of iterations: 20
--------------------------------------------------------------------
|               OPTIMIZING CANDIDATE TREE SET                      |
--------------------------------------------------------------------
Iteration 30 / LogL: -1740.573 / Time: 0h:0m:0s (0h:0m:1s left)
Iteration 40 / LogL: -1735.823 / Time: 0h:0m:0s (0h:0m:0s left)
Iteration 50 / LogL: -1740.571 / Time: 0h:0m:0s (0h:0m:0s left)
Iteration 60 / LogL: -1735.822 / Time: 0h:0m:0s (0h:0m:0s left)
Iteration 70 / LogL: -1740.668 / Time: 0h:0m:0s (0h:0m:0s left)
UPDATE BEST LOG-LIKELIHOOD: -1735.817
Iteration 80 / LogL: -1740.571 / Time: 0h:0m:0s (0h:0m:0s left)
Iteration 90 / LogL: -1735.822 / Time: 0h:0m:1s (0h:0m:0s left)
Iteration 100 / LogL: -1735.817 / Time: 0h:0m:1s (0h:0m:0s left)
TREE SEARCH COMPLETED AFTER 102 ITERATIONS / Time: 0h:0m:1s

--------------------------------------------------------------------
|                    FINALIZING TREE SEARCH                        |
--------------------------------------------------------------------
Performs final model parameters optimization
Estimate model parameters (epsilon = 0.010)
1. Initial log-likelihood: -1735.817
Optimal log-likelihood: -1735.817
Gamma shape alpha: 1.998
Parameters optimization took 1 rounds (0.003 sec)
BEST SCORE FOUND : -1735.817
Total tree length: 2.932

Total number of iterations: 102
CPU time used for tree search: 1.042 sec (0h:0m:1s)
Wall-clock time used for tree search: 1.100 sec (0h:0m:1s)
Total CPU time used: 1.079 sec (0h:0m:1s)
Total wall-clock time used: 1.193 sec (0h:0m:1s)

===> START BOOTSTRAP REPLICATE NUMBER 52

Creating bootstrap alignment (seed: 375852)...

Create initial parsimony tree by phylogenetic likelihood library (PLL)... 0.000 seconds
Reading model parameters from file /Users/mful870/Desktop/MD_3di_Dev_02Oct24/Scriptorum/SubstitutionMatrix/3di_substmat

NOTE: 0 MB RAM (0 GB) is required!
Estimate model parameters (epsilon = 0.100)
1. Initial log-likelihood: -1734.606
2. Current log-likelihood: -1710.957
3. Current log-likelihood: -1710.726
Optimal log-likelihood: -1710.725
Gamma shape alpha: 3.319
Parameters optimization took 3 rounds (0.020 sec)
Computing ML distances based on estimated model parameters... 0.011 sec
Computing BIONJ tree...
0.007 seconds
Log-likelihood of BIONJ tree: -1706.646
--------------------------------------------------------------------
|             INITIALIZING CANDIDATE TREE SET                      |
--------------------------------------------------------------------
Generating 98 parsimony trees... 0.029 second
Computing log-likelihood of 47 initial trees ... 0.087 seconds
Current best score: -1706.646

Do NNI search on 20 best initial trees
Estimate model parameters (epsilon = 0.100)
BETTER TREE FOUND at iteration 1: -1706.495
Iteration 10 / LogL: -1707.861 / Time: 0h:0m:0s
Iteration 20 / LogL: -1707.940 / Time: 0h:0m:0s
Finish initializing candidate tree set (3)
Current best tree score: -1706.495 / CPU time: 0.349
Number of iterations: 20
--------------------------------------------------------------------
|               OPTIMIZING CANDIDATE TREE SET                      |
--------------------------------------------------------------------
UPDATE BEST LOG-LIKELIHOOD: -1706.495
Iteration 30 / LogL: -1711.537 / Time: 0h:0m:0s (0h:0m:1s left)
UPDATE BEST LOG-LIKELIHOOD: -1706.495
Iteration 40 / LogL: -1707.810 / Time: 0h:0m:0s (0h:0m:0s left)
Iteration 50 / LogL: -1706.924 / Time: 0h:0m:0s (0h:0m:0s left)
UPDATE BEST LOG-LIKELIHOOD: -1706.495
Iteration 60 / LogL: -1707.833 / Time: 0h:0m:0s (0h:0m:0s left)
Iteration 70 / LogL: -1706.526 / Time: 0h:0m:0s (0h:0m:0s left)
Iteration 80 / LogL: -1710.184 / Time: 0h:0m:1s (0h:0m:0s left)
UPDATE BEST LOG-LIKELIHOOD: -1706.495
Iteration 90 / LogL: -1706.543 / Time: 0h:0m:1s (0h:0m:0s left)
Iteration 100 / LogL: -1706.529 / Time: 0h:0m:1s (0h:0m:0s left)
TREE SEARCH COMPLETED AFTER 102 ITERATIONS / Time: 0h:0m:1s

--------------------------------------------------------------------
|                    FINALIZING TREE SEARCH                        |
--------------------------------------------------------------------
Performs final model parameters optimization
Estimate model parameters (epsilon = 0.010)
1. Initial log-likelihood: -1706.495
Optimal log-likelihood: -1706.495
Gamma shape alpha: 2.721
Parameters optimization took 1 rounds (0.003 sec)
BEST SCORE FOUND : -1706.495
Total tree length: 2.498

Total number of iterations: 102
CPU time used for tree search: 1.132 sec (0h:0m:1s)
Wall-clock time used for tree search: 1.197 sec (0h:0m:1s)
Total CPU time used: 1.175 sec (0h:0m:1s)
Total wall-clock time used: 1.258 sec (0h:0m:1s)

===> START BOOTSTRAP REPLICATE NUMBER 53

Creating bootstrap alignment (seed: 375853)...

Create initial parsimony tree by phylogenetic likelihood library (PLL)... 0.000 seconds
Reading model parameters from file /Users/mful870/Desktop/MD_3di_Dev_02Oct24/Scriptorum/SubstitutionMatrix/3di_substmat

NOTE: 0 MB RAM (0 GB) is required!
Estimate model parameters (epsilon = 0.100)
1. Initial log-likelihood: -1679.545
2. Current log-likelihood: -1670.098
Optimal log-likelihood: -1670.084
Gamma shape alpha: 1.488
Parameters optimization took 2 rounds (0.013 sec)
Computing ML distances based on estimated model parameters... 0.010 sec
Computing BIONJ tree...
0.007 seconds
Log-likelihood of BIONJ tree: -1667.792
--------------------------------------------------------------------
|             INITIALIZING CANDIDATE TREE SET                      |
--------------------------------------------------------------------
Generating 98 parsimony trees... 0.026 second
Computing log-likelihood of 57 initial trees ... 0.102 seconds
Current best score: -1667.792

Do NNI search on 20 best initial trees
Estimate model parameters (epsilon = 0.100)
BETTER TREE FOUND at iteration 1: -1667.787
Iteration 10 / LogL: -1667.822 / Time: 0h:0m:0s
Iteration 20 / LogL: -1667.816 / Time: 0h:0m:0s
Finish initializing candidate tree set (1)
Current best tree score: -1667.787 / CPU time: 0.321
Number of iterations: 20
--------------------------------------------------------------------
|               OPTIMIZING CANDIDATE TREE SET                      |
--------------------------------------------------------------------
UPDATE BEST LOG-LIKELIHOOD: -1667.787
Iteration 30 / LogL: -1667.835 / Time: 0h:0m:0s (0h:0m:1s left)
UPDATE BEST LOG-LIKELIHOOD: -1667.787
UPDATE BEST LOG-LIKELIHOOD: -1667.787
UPDATE BEST LOG-LIKELIHOOD: -1667.787
Iteration 40 / LogL: -1667.800 / Time: 0h:0m:0s (0h:0m:0s left)
Iteration 50 / LogL: -1667.807 / Time: 0h:0m:0s (0h:0m:0s left)
Iteration 60 / LogL: -1667.789 / Time: 0h:0m:0s (0h:0m:0s left)
Iteration 70 / LogL: -1667.924 / Time: 0h:0m:0s (0h:0m:0s left)
Iteration 80 / LogL: -1667.787 / Time: 0h:0m:0s (0h:0m:0s left)
Iteration 90 / LogL: -1667.793 / Time: 0h:0m:1s (0h:0m:0s left)
Iteration 100 / LogL: -1667.816 / Time: 0h:0m:1s (0h:0m:0s left)
TREE SEARCH COMPLETED AFTER 102 ITERATIONS / Time: 0h:0m:1s

--------------------------------------------------------------------
|                    FINALIZING TREE SEARCH                        |
--------------------------------------------------------------------
Performs final model parameters optimization
Estimate model parameters (epsilon = 0.010)
1. Initial log-likelihood: -1667.787
Optimal log-likelihood: -1667.787
Gamma shape alpha: 1.452
Parameters optimization took 1 rounds (0.003 sec)
BEST SCORE FOUND : -1667.787
Total tree length: 2.705

Total number of iterations: 102
CPU time used for tree search: 1.035 sec (0h:0m:1s)
Wall-clock time used for tree search: 1.116 sec (0h:0m:1s)
Total CPU time used: 1.069 sec (0h:0m:1s)
Total wall-clock time used: 1.167 sec (0h:0m:1s)

===> START BOOTSTRAP REPLICATE NUMBER 54

Creating bootstrap alignment (seed: 375854)...

Create initial parsimony tree by phylogenetic likelihood library (PLL)... 0.000 seconds
Reading model parameters from file /Users/mful870/Desktop/MD_3di_Dev_02Oct24/Scriptorum/SubstitutionMatrix/3di_substmat

NOTE: 0 MB RAM (0 GB) is required!
Estimate model parameters (epsilon = 0.100)
1. Initial log-likelihood: -1821.766
2. Current log-likelihood: -1799.504
Optimal log-likelihood: -1799.402
Gamma shape alpha: 1.985
Parameters optimization took 2 rounds (0.008 sec)
Computing ML distances based on estimated model parameters... 0.010 sec
Computing BIONJ tree...
0.007 seconds
Log-likelihood of BIONJ tree: -1809.152
--------------------------------------------------------------------
|             INITIALIZING CANDIDATE TREE SET                      |
--------------------------------------------------------------------
Generating 98 parsimony trees... 0.023 second
Computing log-likelihood of 57 initial trees ... 0.111 seconds
Current best score: -1799.402

Do NNI search on 20 best initial trees
Estimate model parameters (epsilon = 0.100)
BETTER TREE FOUND at iteration 1: -1799.402
Iteration 10 / LogL: -1799.407 / Time: 0h:0m:0s
Iteration 20 / LogL: -1799.420 / Time: 0h:0m:0s
Finish initializing candidate tree set (2)
Current best tree score: -1799.402 / CPU time: 0.289
Number of iterations: 20
--------------------------------------------------------------------
|               OPTIMIZING CANDIDATE TREE SET                      |
--------------------------------------------------------------------
Iteration 30 / LogL: -1799.538 / Time: 0h:0m:0s (0h:0m:1s left)
Iteration 40 / LogL: -1799.413 / Time: 0h:0m:0s (0h:0m:0s left)
Iteration 50 / LogL: -1799.526 / Time: 0h:0m:0s (0h:0m:0s left)
Iteration 60 / LogL: -1801.302 / Time: 0h:0m:0s (0h:0m:0s left)
Iteration 70 / LogL: -1799.423 / Time: 0h:0m:0s (0h:0m:0s left)
Iteration 80 / LogL: -1799.455 / Time: 0h:0m:0s (0h:0m:0s left)
Iteration 90 / LogL: -1801.273 / Time: 0h:0m:1s (0h:0m:0s left)
Iteration 100 / LogL: -1801.267 / Time: 0h:0m:1s (0h:0m:0s left)
TREE SEARCH COMPLETED AFTER 102 ITERATIONS / Time: 0h:0m:1s

--------------------------------------------------------------------
|                    FINALIZING TREE SEARCH                        |
--------------------------------------------------------------------
Performs final model parameters optimization
Estimate model parameters (epsilon = 0.010)
1. Initial log-likelihood: -1799.402
Optimal log-likelihood: -1799.402
Gamma shape alpha: 1.985
Parameters optimization took 1 rounds (0.022 sec)
BEST SCORE FOUND : -1799.402
Total tree length: 2.834

Total number of iterations: 102
CPU time used for tree search: 1.020 sec (0h:0m:1s)
Wall-clock time used for tree search: 1.059 sec (0h:0m:1s)
Total CPU time used: 1.051 sec (0h:0m:1s)
Total wall-clock time used: 1.125 sec (0h:0m:1s)

===> START BOOTSTRAP REPLICATE NUMBER 55

Creating bootstrap alignment (seed: 375855)...

Create initial parsimony tree by phylogenetic likelihood library (PLL)... 0.015 seconds
Reading model parameters from file /Users/mful870/Desktop/MD_3di_Dev_02Oct24/Scriptorum/SubstitutionMatrix/3di_substmat

NOTE: 0 MB RAM (0 GB) is required!
Estimate model parameters (epsilon = 0.100)
1. Initial log-likelihood: -1751.780
2. Current log-likelihood: -1741.680
Optimal log-likelihood: -1741.642
Gamma shape alpha: 1.796
Parameters optimization took 2 rounds (0.009 sec)
Computing ML distances based on estimated model parameters... 0.010 sec
Computing BIONJ tree...
0.007 seconds
Log-likelihood of BIONJ tree: -1746.738
--------------------------------------------------------------------
|             INITIALIZING CANDIDATE TREE SET                      |
--------------------------------------------------------------------
Generating 98 parsimony trees... 0.025 second
Computing log-likelihood of 45 initial trees ... 0.076 seconds
Current best score: -1736.328

Do NNI search on 20 best initial trees
Estimate model parameters (epsilon = 0.100)
BETTER TREE FOUND at iteration 1: -1735.974
Iteration 10 / LogL: -1741.698 / Time: 0h:0m:0s
Iteration 20 / LogL: -1741.811 / Time: 0h:0m:0s
Finish initializing candidate tree set (3)
Current best tree score: -1735.974 / CPU time: 0.321
Number of iterations: 20
--------------------------------------------------------------------
|               OPTIMIZING CANDIDATE TREE SET                      |
--------------------------------------------------------------------
Iteration 30 / LogL: -1735.984 / Time: 0h:0m:0s (0h:0m:1s left)
Iteration 40 / LogL: -1735.996 / Time: 0h:0m:0s (0h:0m:0s left)
UPDATE BEST LOG-LIKELIHOOD: -1735.974
Iteration 50 / LogL: -1735.984 / Time: 0h:0m:0s (0h:0m:0s left)
UPDATE BEST LOG-LIKELIHOOD: -1735.974
Iteration 60 / LogL: -1736.201 / Time: 0h:0m:0s (0h:0m:0s left)
Iteration 70 / LogL: -1735.979 / Time: 0h:0m:0s (0h:0m:0s left)
Iteration 80 / LogL: -1736.015 / Time: 0h:0m:1s (0h:0m:0s left)
Iteration 90 / LogL: -1741.749 / Time: 0h:0m:1s (0h:0m:0s left)
UPDATE BEST LOG-LIKELIHOOD: -1735.974
Iteration 100 / LogL: -1736.007 / Time: 0h:0m:1s (0h:0m:0s left)
TREE SEARCH COMPLETED AFTER 102 ITERATIONS / Time: 0h:0m:1s

--------------------------------------------------------------------
|                    FINALIZING TREE SEARCH                        |
--------------------------------------------------------------------
Performs final model parameters optimization
Estimate model parameters (epsilon = 0.010)
1. Initial log-likelihood: -1735.974
Optimal log-likelihood: -1735.974
Gamma shape alpha: 1.685
Parameters optimization took 1 rounds (0.004 sec)
BEST SCORE FOUND : -1735.974
Total tree length: 2.595

Total number of iterations: 102
CPU time used for tree search: 1.163 sec (0h:0m:1s)
Wall-clock time used for tree search: 1.257 sec (0h:0m:1s)
Total CPU time used: 1.197 sec (0h:0m:1s)
Total wall-clock time used: 1.353 sec (0h:0m:1s)

===> START BOOTSTRAP REPLICATE NUMBER 56

Creating bootstrap alignment (seed: 375856)...

Create initial parsimony tree by phylogenetic likelihood library (PLL)... 0.000 seconds
Reading model parameters from file /Users/mful870/Desktop/MD_3di_Dev_02Oct24/Scriptorum/SubstitutionMatrix/3di_substmat

NOTE: 0 MB RAM (0 GB) is required!
Estimate model parameters (epsilon = 0.100)
1. Initial log-likelihood: -1737.844
2. Current log-likelihood: -1724.343
Optimal log-likelihood: -1724.288
Gamma shape alpha: 1.442
Parameters optimization took 2 rounds (0.012 sec)
Computing ML distances based on estimated model parameters... 0.014 sec
Computing BIONJ tree...
0.010 seconds
Log-likelihood of BIONJ tree: -1724.050
--------------------------------------------------------------------
|             INITIALIZING CANDIDATE TREE SET                      |
--------------------------------------------------------------------
Generating 98 parsimony trees... 0.034 second
Computing log-likelihood of 49 initial trees ... 0.110 seconds
Current best score: -1724.050

Do NNI search on 20 best initial trees
Estimate model parameters (epsilon = 0.100)
BETTER TREE FOUND at iteration 1: -1724.050
Iteration 10 / LogL: -1724.193 / Time: 0h:0m:0s
Iteration 20 / LogL: -1724.058 / Time: 0h:0m:0s
Finish initializing candidate tree set (1)
Current best tree score: -1724.050 / CPU time: 0.343
Number of iterations: 20
--------------------------------------------------------------------
|               OPTIMIZING CANDIDATE TREE SET                      |
--------------------------------------------------------------------
UPDATE BEST LOG-LIKELIHOOD: -1724.050
Iteration 30 / LogL: -1724.120 / Time: 0h:0m:0s (0h:0m:1s left)
Iteration 40 / LogL: -1728.520 / Time: 0h:0m:0s (0h:0m:0s left)
UPDATE BEST LOG-LIKELIHOOD: -1724.050
UPDATE BEST LOG-LIKELIHOOD: -1724.050
Iteration 50 / LogL: -1724.943 / Time: 0h:0m:0s (0h:0m:0s left)
UPDATE BEST LOG-LIKELIHOOD: -1724.050
Iteration 60 / LogL: -1724.050 / Time: 0h:0m:0s (0h:0m:0s left)
Iteration 70 / LogL: -1724.703 / Time: 0h:0m:0s (0h:0m:0s left)
Iteration 80 / LogL: -1724.061 / Time: 0h:0m:1s (0h:0m:0s left)
Iteration 90 / LogL: -1727.674 / Time: 0h:0m:1s (0h:0m:0s left)
Iteration 100 / LogL: -1724.050 / Time: 0h:0m:1s (0h:0m:0s left)
TREE SEARCH COMPLETED AFTER 102 ITERATIONS / Time: 0h:0m:1s

--------------------------------------------------------------------
|                    FINALIZING TREE SEARCH                        |
--------------------------------------------------------------------
Performs final model parameters optimization
Estimate model parameters (epsilon = 0.010)
1. Initial log-likelihood: -1724.050
Optimal log-likelihood: -1724.050
Gamma shape alpha: 1.447
Parameters optimization took 1 rounds (0.003 sec)
BEST SCORE FOUND : -1724.050
Total tree length: 2.860

Total number of iterations: 102
CPU time used for tree search: 1.105 sec (0h:0m:1s)
Wall-clock time used for tree search: 1.176 sec (0h:0m:1s)
Total CPU time used: 1.147 sec (0h:0m:1s)
Total wall-clock time used: 1.237 sec (0h:0m:1s)

===> START BOOTSTRAP REPLICATE NUMBER 57

Creating bootstrap alignment (seed: 375857)...

Create initial parsimony tree by phylogenetic likelihood library (PLL)... 0.000 seconds
Reading model parameters from file /Users/mful870/Desktop/MD_3di_Dev_02Oct24/Scriptorum/SubstitutionMatrix/3di_substmat

NOTE: 0 MB RAM (0 GB) is required!
Estimate model parameters (epsilon = 0.100)
1. Initial log-likelihood: -1795.232
2. Current log-likelihood: -1781.982
Optimal log-likelihood: -1781.899
Gamma shape alpha: 1.804
Parameters optimization took 2 rounds (0.010 sec)
Computing ML distances based on estimated model parameters... 0.010 sec
Computing BIONJ tree...
0.007 seconds
Log-likelihood of BIONJ tree: -1781.899
--------------------------------------------------------------------
|             INITIALIZING CANDIDATE TREE SET                      |
--------------------------------------------------------------------
Generating 99 parsimony trees... 0.022 second
Computing log-likelihood of 61 initial trees ... 0.125 seconds
Current best score: -1781.899

Do NNI search on 20 best initial trees
Estimate model parameters (epsilon = 0.100)
BETTER TREE FOUND at iteration 1: -1781.898
Iteration 10 / LogL: -1781.929 / Time: 0h:0m:0s
Iteration 20 / LogL: -1782.383 / Time: 0h:0m:0s
Finish initializing candidate tree set (3)
Current best tree score: -1781.898 / CPU time: 0.366
Number of iterations: 20
--------------------------------------------------------------------
|               OPTIMIZING CANDIDATE TREE SET                      |
--------------------------------------------------------------------
Iteration 30 / LogL: -1782.253 / Time: 0h:0m:0s (0h:0m:1s left)
Iteration 40 / LogL: -1782.053 / Time: 0h:0m:0s (0h:0m:0s left)
Iteration 50 / LogL: -1782.060 / Time: 0h:0m:0s (0h:0m:0s left)
UPDATE BEST LOG-LIKELIHOOD: -1781.898
Iteration 60 / LogL: -1781.942 / Time: 0h:0m:0s (0h:0m:0s left)
Iteration 70 / LogL: -1782.065 / Time: 0h:0m:0s (0h:0m:0s left)
Iteration 80 / LogL: -1781.929 / Time: 0h:0m:1s (0h:0m:0s left)
Iteration 90 / LogL: -1781.932 / Time: 0h:0m:1s (0h:0m:0s left)
UPDATE BEST LOG-LIKELIHOOD: -1781.898
Iteration 100 / LogL: -1782.072 / Time: 0h:0m:1s (0h:0m:0s left)
TREE SEARCH COMPLETED AFTER 102 ITERATIONS / Time: 0h:0m:1s

--------------------------------------------------------------------
|                    FINALIZING TREE SEARCH                        |
--------------------------------------------------------------------
Performs final model parameters optimization
Estimate model parameters (epsilon = 0.010)
1. Initial log-likelihood: -1781.898
Optimal log-likelihood: -1781.898
Gamma shape alpha: 1.814
Parameters optimization took 1 rounds (0.003 sec)
BEST SCORE FOUND : -1781.898
Total tree length: 2.898

Total number of iterations: 102
CPU time used for tree search: 1.197 sec (0h:0m:1s)
Wall-clock time used for tree search: 1.229 sec (0h:0m:1s)
Total CPU time used: 1.228 sec (0h:0m:1s)
Total wall-clock time used: 1.273 sec (0h:0m:1s)

===> START BOOTSTRAP REPLICATE NUMBER 58

Creating bootstrap alignment (seed: 375858)...

Create initial parsimony tree by phylogenetic likelihood library (PLL)... 0.000 seconds
Reading model parameters from file /Users/mful870/Desktop/MD_3di_Dev_02Oct24/Scriptorum/SubstitutionMatrix/3di_substmat

NOTE: 0 MB RAM (0 GB) is required!
Estimate model parameters (epsilon = 0.100)
1. Initial log-likelihood: -1740.924
2. Current log-likelihood: -1726.958
3. Current log-likelihood: -1726.829
Optimal log-likelihood: -1726.828
Gamma shape alpha: 2.438
Parameters optimization took 3 rounds (0.011 sec)
Computing ML distances based on estimated model parameters... 0.011 sec
Computing BIONJ tree...
0.010 seconds
Log-likelihood of BIONJ tree: -1729.133
--------------------------------------------------------------------
|             INITIALIZING CANDIDATE TREE SET                      |
--------------------------------------------------------------------
Generating 98 parsimony trees... 0.020 second
Computing log-likelihood of 48 initial trees ... 0.097 seconds
Current best score: -1726.828

Do NNI search on 20 best initial trees
Estimate model parameters (epsilon = 0.100)
BETTER TREE FOUND at iteration 1: -1726.828
Iteration 10 / LogL: -1726.920 / Time: 0h:0m:0s
Iteration 20 / LogL: -1726.949 / Time: 0h:0m:0s
Finish initializing candidate tree set (1)
Current best tree score: -1726.828 / CPU time: 0.345
Number of iterations: 20
--------------------------------------------------------------------
|               OPTIMIZING CANDIDATE TREE SET                      |
--------------------------------------------------------------------
Iteration 30 / LogL: -1726.916 / Time: 0h:0m:0s (0h:0m:1s left)
Iteration 40 / LogL: -1727.225 / Time: 0h:0m:0s (0h:0m:0s left)
Iteration 50 / LogL: -1727.982 / Time: 0h:0m:0s (0h:0m:0s left)
Iteration 60 / LogL: -1726.923 / Time: 0h:0m:0s (0h:0m:0s left)
Iteration 70 / LogL: -1726.828 / Time: 0h:0m:0s (0h:0m:0s left)
Iteration 80 / LogL: -1726.838 / Time: 0h:0m:0s (0h:0m:0s left)
Iteration 90 / LogL: -1727.225 / Time: 0h:0m:1s (0h:0m:0s left)
UPDATE BEST LOG-LIKELIHOOD: -1726.828
Iteration 100 / LogL: -1726.851 / Time: 0h:0m:1s (0h:0m:0s left)
TREE SEARCH COMPLETED AFTER 102 ITERATIONS / Time: 0h:0m:1s

--------------------------------------------------------------------
|                    FINALIZING TREE SEARCH                        |
--------------------------------------------------------------------
Performs final model parameters optimization
Estimate model parameters (epsilon = 0.010)
1. Initial log-likelihood: -1726.828
Optimal log-likelihood: -1726.828
Gamma shape alpha: 2.442
Parameters optimization took 1 rounds (0.003 sec)
BEST SCORE FOUND : -1726.828
Total tree length: 2.631

Total number of iterations: 102
CPU time used for tree search: 1.152 sec (0h:0m:1s)
Wall-clock time used for tree search: 1.207 sec (0h:0m:1s)
Total CPU time used: 1.186 sec (0h:0m:1s)
Total wall-clock time used: 1.259 sec (0h:0m:1s)

===> START BOOTSTRAP REPLICATE NUMBER 59

Creating bootstrap alignment (seed: 375859)...

Create initial parsimony tree by phylogenetic likelihood library (PLL)... 0.000 seconds
Reading model parameters from file /Users/mful870/Desktop/MD_3di_Dev_02Oct24/Scriptorum/SubstitutionMatrix/3di_substmat

NOTE: 0 MB RAM (0 GB) is required!
Estimate model parameters (epsilon = 0.100)
1. Initial log-likelihood: -1743.367
2. Current log-likelihood: -1725.935
Optimal log-likelihood: -1725.920
Gamma shape alpha: 1.235
Parameters optimization took 2 rounds (0.008 sec)
Computing ML distances based on estimated model parameters... 0.010 sec
Computing BIONJ tree...
0.007 seconds
Log-likelihood of BIONJ tree: -1726.002
--------------------------------------------------------------------
|             INITIALIZING CANDIDATE TREE SET                      |
--------------------------------------------------------------------
Generating 98 parsimony trees... 0.019 second
Computing log-likelihood of 54 initial trees ... 0.088 seconds
Current best score: -1722.762

Do NNI search on 20 best initial trees
Estimate model parameters (epsilon = 0.100)
BETTER TREE FOUND at iteration 1: -1722.744
Iteration 10 / LogL: -1722.836 / Time: 0h:0m:0s
Iteration 20 / LogL: -1722.870 / Time: 0h:0m:0s
Finish initializing candidate tree set (3)
Current best tree score: -1722.744 / CPU time: 0.337
Number of iterations: 20
--------------------------------------------------------------------
|               OPTIMIZING CANDIDATE TREE SET                      |
--------------------------------------------------------------------
Iteration 30 / LogL: -1722.782 / Time: 0h:0m:0s (0h:0m:1s left)
Iteration 40 / LogL: -1738.229 / Time: 0h:0m:0s (0h:0m:0s left)
UPDATE BEST LOG-LIKELIHOOD: -1722.744
Iteration 50 / LogL: -1722.781 / Time: 0h:0m:0s (0h:0m:0s left)
Iteration 60 / LogL: -1722.787 / Time: 0h:0m:0s (0h:0m:0s left)
Iteration 70 / LogL: -1722.768 / Time: 0h:0m:0s (0h:0m:0s left)
Iteration 80 / LogL: -1722.780 / Time: 0h:0m:1s (0h:0m:0s left)
UPDATE BEST LOG-LIKELIHOOD: -1722.744
Iteration 90 / LogL: -1722.752 / Time: 0h:0m:1s (0h:0m:0s left)
Iteration 100 / LogL: -1722.752 / Time: 0h:0m:1s (0h:0m:0s left)
TREE SEARCH COMPLETED AFTER 102 ITERATIONS / Time: 0h:0m:1s

--------------------------------------------------------------------
|                    FINALIZING TREE SEARCH                        |
--------------------------------------------------------------------
Performs final model parameters optimization
Estimate model parameters (epsilon = 0.010)
1. Initial log-likelihood: -1722.744
Optimal log-likelihood: -1722.744
Gamma shape alpha: 1.275
Parameters optimization took 1 rounds (0.002 sec)
BEST SCORE FOUND : -1722.744
Total tree length: 2.849

Total number of iterations: 102
CPU time used for tree search: 1.191 sec (0h:0m:1s)
Wall-clock time used for tree search: 1.271 sec (0h:0m:1s)
Total CPU time used: 1.219 sec (0h:0m:1s)
Total wall-clock time used: 1.313 sec (0h:0m:1s)

===> START BOOTSTRAP REPLICATE NUMBER 60

Creating bootstrap alignment (seed: 375860)...

Create initial parsimony tree by phylogenetic likelihood library (PLL)... 0.000 seconds
Reading model parameters from file /Users/mful870/Desktop/MD_3di_Dev_02Oct24/Scriptorum/SubstitutionMatrix/3di_substmat

NOTE: 0 MB RAM (0 GB) is required!
Estimate model parameters (epsilon = 0.100)
1. Initial log-likelihood: -1714.563
2. Current log-likelihood: -1700.256
Optimal log-likelihood: -1700.226
Gamma shape alpha: 1.134
Parameters optimization took 2 rounds (0.010 sec)
Computing ML distances based on estimated model parameters... 0.011 sec
Computing BIONJ tree...
0.007 seconds
Log-likelihood of BIONJ tree: -1701.674
--------------------------------------------------------------------
|             INITIALIZING CANDIDATE TREE SET                      |
--------------------------------------------------------------------
Generating 98 parsimony trees... 0.022 second
Computing log-likelihood of 56 initial trees ... 0.108 seconds
Current best score: -1699.501

Do NNI search on 20 best initial trees
Estimate model parameters (epsilon = 0.100)
BETTER TREE FOUND at iteration 1: -1699.465
Iteration 10 / LogL: -1699.499 / Time: 0h:0m:0s
Iteration 20 / LogL: -1699.473 / Time: 0h:0m:0s
Finish initializing candidate tree set (2)
Current best tree score: -1699.465 / CPU time: 0.323
Number of iterations: 20
--------------------------------------------------------------------
|               OPTIMIZING CANDIDATE TREE SET                      |
--------------------------------------------------------------------
Iteration 30 / LogL: -1699.489 / Time: 0h:0m:0s (0h:0m:1s left)
UPDATE BEST LOG-LIKELIHOOD: -1699.465
Iteration 40 / LogL: -1699.534 / Time: 0h:0m:0s (0h:0m:0s left)
Iteration 50 / LogL: -1701.675 / Time: 0h:0m:0s (0h:0m:0s left)
Iteration 60 / LogL: -1699.487 / Time: 0h:0m:0s (0h:0m:0s left)
UPDATE BEST LOG-LIKELIHOOD: -1699.465
Iteration 70 / LogL: -1699.493 / Time: 0h:0m:0s (0h:0m:0s left)
Iteration 80 / LogL: -1699.496 / Time: 0h:0m:0s (0h:0m:0s left)
Iteration 90 / LogL: -1699.470 / Time: 0h:0m:1s (0h:0m:0s left)
Iteration 100 / LogL: -1699.516 / Time: 0h:0m:1s (0h:0m:0s left)
TREE SEARCH COMPLETED AFTER 102 ITERATIONS / Time: 0h:0m:1s

--------------------------------------------------------------------
|                    FINALIZING TREE SEARCH                        |
--------------------------------------------------------------------
Performs final model parameters optimization
Estimate model parameters (epsilon = 0.010)
1. Initial log-likelihood: -1699.465
Optimal log-likelihood: -1699.465
Gamma shape alpha: 1.152
Parameters optimization took 1 rounds (0.003 sec)
BEST SCORE FOUND : -1699.465
Total tree length: 2.842

Total number of iterations: 102
CPU time used for tree search: 1.102 sec (0h:0m:1s)
Wall-clock time used for tree search: 1.144 sec (0h:0m:1s)
Total CPU time used: 1.136 sec (0h:0m:1s)
Total wall-clock time used: 1.194 sec (0h:0m:1s)

===> START BOOTSTRAP REPLICATE NUMBER 61

Creating bootstrap alignment (seed: 375861)...

Create initial parsimony tree by phylogenetic likelihood library (PLL)... 0.000 seconds
Reading model parameters from file /Users/mful870/Desktop/MD_3di_Dev_02Oct24/Scriptorum/SubstitutionMatrix/3di_substmat

NOTE: 0 MB RAM (0 GB) is required!
Estimate model parameters (epsilon = 0.100)
1. Initial log-likelihood: -1913.148
2. Current log-likelihood: -1895.647
Optimal log-likelihood: -1895.570
Gamma shape alpha: 1.938
Parameters optimization took 2 rounds (0.011 sec)
Computing ML distances based on estimated model parameters... 0.010 sec
Computing BIONJ tree...
0.028 seconds
Log-likelihood of BIONJ tree: -1881.780
--------------------------------------------------------------------
|             INITIALIZING CANDIDATE TREE SET                      |
--------------------------------------------------------------------
Generating 98 parsimony trees... 0.021 second
Computing log-likelihood of 62 initial trees ... 0.115 seconds
Current best score: -1881.780

Do NNI search on 20 best initial trees
Estimate model parameters (epsilon = 0.100)
BETTER TREE FOUND at iteration 1: -1881.700
Iteration 10 / LogL: -1881.764 / Time: 0h:0m:0s
Iteration 20 / LogL: -1881.837 / Time: 0h:0m:0s
Finish initializing candidate tree set (1)
Current best tree score: -1881.700 / CPU time: 0.325
Number of iterations: 20
--------------------------------------------------------------------
|               OPTIMIZING CANDIDATE TREE SET                      |
--------------------------------------------------------------------
UPDATE BEST LOG-LIKELIHOOD: -1881.700
UPDATE BEST LOG-LIKELIHOOD: -1881.700
Iteration 30 / LogL: -1881.722 / Time: 0h:0m:0s (0h:0m:1s left)
Iteration 40 / LogL: -1881.725 / Time: 0h:0m:0s (0h:0m:0s left)
Iteration 50 / LogL: -1881.784 / Time: 0h:0m:0s (0h:0m:0s left)
Iteration 60 / LogL: -1881.700 / Time: 0h:0m:0s (0h:0m:0s left)
UPDATE BEST LOG-LIKELIHOOD: -1881.700
Iteration 70 / LogL: -1881.801 / Time: 0h:0m:0s (0h:0m:0s left)
Iteration 80 / LogL: -1881.729 / Time: 0h:0m:0s (0h:0m:0s left)
UPDATE BEST LOG-LIKELIHOOD: -1881.700
Iteration 90 / LogL: -1881.707 / Time: 0h:0m:1s (0h:0m:0s left)
Iteration 100 / LogL: -1881.750 / Time: 0h:0m:1s (0h:0m:0s left)
TREE SEARCH COMPLETED AFTER 102 ITERATIONS / Time: 0h:0m:1s

--------------------------------------------------------------------
|                    FINALIZING TREE SEARCH                        |
--------------------------------------------------------------------
Performs final model parameters optimization
Estimate model parameters (epsilon = 0.010)
1. Initial log-likelihood: -1881.700
Optimal log-likelihood: -1881.700
Gamma shape alpha: 2.155
Parameters optimization took 1 rounds (0.003 sec)
BEST SCORE FOUND : -1881.700
Total tree length: 3.107

Total number of iterations: 102
CPU time used for tree search: 1.008 sec (0h:0m:1s)
Wall-clock time used for tree search: 1.077 sec (0h:0m:1s)
Total CPU time used: 1.040 sec (0h:0m:1s)
Total wall-clock time used: 1.161 sec (0h:0m:1s)

===> START BOOTSTRAP REPLICATE NUMBER 62

Creating bootstrap alignment (seed: 375862)...

Create initial parsimony tree by phylogenetic likelihood library (PLL)... 0.000 seconds
Reading model parameters from file /Users/mful870/Desktop/MD_3di_Dev_02Oct24/Scriptorum/SubstitutionMatrix/3di_substmat

NOTE: 0 MB RAM (0 GB) is required!
Estimate model parameters (epsilon = 0.100)
1. Initial log-likelihood: -1778.656
2. Current log-likelihood: -1760.117
Optimal log-likelihood: -1760.055
Gamma shape alpha: 1.962
Parameters optimization took 2 rounds (0.012 sec)
Computing ML distances based on estimated model parameters... 0.009 sec
Computing BIONJ tree...
0.006 seconds
Log-likelihood of BIONJ tree: -1765.853
--------------------------------------------------------------------
|             INITIALIZING CANDIDATE TREE SET                      |
--------------------------------------------------------------------
Generating 98 parsimony trees... 0.021 second
Computing log-likelihood of 62 initial trees ... 0.124 seconds
Current best score: -1757.719

Do NNI search on 20 best initial trees
Estimate model parameters (epsilon = 0.100)
BETTER TREE FOUND at iteration 1: -1757.659
Iteration 10 / LogL: -1757.842 / Time: 0h:0m:0s
Iteration 20 / LogL: -1757.785 / Time: 0h:0m:0s
Finish initializing candidate tree set (2)
Current best tree score: -1757.659 / CPU time: 0.374
Number of iterations: 20
--------------------------------------------------------------------
|               OPTIMIZING CANDIDATE TREE SET                      |
--------------------------------------------------------------------
UPDATE BEST LOG-LIKELIHOOD: -1757.659
Iteration 30 / LogL: -1757.760 / Time: 0h:0m:0s (0h:0m:1s left)
Iteration 40 / LogL: -1757.698 / Time: 0h:0m:0s (0h:0m:0s left)
UPDATE BEST LOG-LIKELIHOOD: -1757.658
Iteration 50 / LogL: -1764.436 / Time: 0h:0m:0s (0h:0m:0s left)
Iteration 60 / LogL: -1757.703 / Time: 0h:0m:0s (0h:0m:0s left)
Iteration 70 / LogL: -1757.941 / Time: 0h:0m:0s (0h:0m:0s left)
UPDATE BEST LOG-LIKELIHOOD: -1757.658
Iteration 80 / LogL: -1757.783 / Time: 0h:0m:1s (0h:0m:0s left)
UPDATE BEST LOG-LIKELIHOOD: -1757.658
Iteration 90 / LogL: -1757.765 / Time: 0h:0m:1s (0h:0m:0s left)
Iteration 100 / LogL: -1757.703 / Time: 0h:0m:1s (0h:0m:0s left)
TREE SEARCH COMPLETED AFTER 102 ITERATIONS / Time: 0h:0m:1s

--------------------------------------------------------------------
|                    FINALIZING TREE SEARCH                        |
--------------------------------------------------------------------
Performs final model parameters optimization
Estimate model parameters (epsilon = 0.010)
1. Initial log-likelihood: -1757.658
Optimal log-likelihood: -1757.658
Gamma shape alpha: 2.066
Parameters optimization took 1 rounds (0.003 sec)
BEST SCORE FOUND : -1757.658
Total tree length: 3.127

Total number of iterations: 102
CPU time used for tree search: 1.217 sec (0h:0m:1s)
Wall-clock time used for tree search: 1.266 sec (0h:0m:1s)
Total CPU time used: 1.253 sec (0h:0m:1s)
Total wall-clock time used: 1.316 sec (0h:0m:1s)

===> START BOOTSTRAP REPLICATE NUMBER 63

Creating bootstrap alignment (seed: 375863)...

Create initial parsimony tree by phylogenetic likelihood library (PLL)... 0.000 seconds
Reading model parameters from file /Users/mful870/Desktop/MD_3di_Dev_02Oct24/Scriptorum/SubstitutionMatrix/3di_substmat

NOTE: 0 MB RAM (0 GB) is required!
Estimate model parameters (epsilon = 0.100)
1. Initial log-likelihood: -1788.188
2. Current log-likelihood: -1764.672
Optimal log-likelihood: -1764.598
Gamma shape alpha: 1.625
Parameters optimization took 2 rounds (0.008 sec)
Computing ML distances based on estimated model parameters... 0.011 sec
Computing BIONJ tree...
0.008 seconds
Log-likelihood of BIONJ tree: -1764.341
--------------------------------------------------------------------
|             INITIALIZING CANDIDATE TREE SET                      |
--------------------------------------------------------------------
Generating 98 parsimony trees... 0.021 second
Computing log-likelihood of 45 initial trees ... 0.086 seconds
Current best score: -1755.681

Do NNI search on 20 best initial trees
Estimate model parameters (epsilon = 0.100)
BETTER TREE FOUND at iteration 1: -1755.580
Iteration 10 / LogL: -1756.016 / Time: 0h:0m:0s
Iteration 20 / LogL: -1755.797 / Time: 0h:0m:0s
Finish initializing candidate tree set (3)
Current best tree score: -1755.580 / CPU time: 0.296
Number of iterations: 20
--------------------------------------------------------------------
|               OPTIMIZING CANDIDATE TREE SET                      |
--------------------------------------------------------------------
UPDATE BEST LOG-LIKELIHOOD: -1755.579
Iteration 30 / LogL: -1755.807 / Time: 0h:0m:0s (0h:0m:1s left)
Iteration 40 / LogL: -1759.055 / Time: 0h:0m:0s (0h:0m:0s left)
UPDATE BEST LOG-LIKELIHOOD: -1755.579
Iteration 50 / LogL: -1759.049 / Time: 0h:0m:0s (0h:0m:0s left)
Iteration 60 / LogL: -1758.906 / Time: 0h:0m:0s (0h:0m:0s left)
UPDATE BEST LOG-LIKELIHOOD: -1755.579
Iteration 70 / LogL: -1755.579 / Time: 0h:0m:0s (0h:0m:0s left)
UPDATE BEST LOG-LIKELIHOOD: -1755.579
Iteration 80 / LogL: -1755.633 / Time: 0h:0m:0s (0h:0m:0s left)
Iteration 90 / LogL: -1759.129 / Time: 0h:0m:1s (0h:0m:0s left)
Iteration 100 / LogL: -1758.906 / Time: 0h:0m:1s (0h:0m:0s left)
TREE SEARCH COMPLETED AFTER 102 ITERATIONS / Time: 0h:0m:1s

--------------------------------------------------------------------
|                    FINALIZING TREE SEARCH                        |
--------------------------------------------------------------------
Performs final model parameters optimization
Estimate model parameters (epsilon = 0.010)
1. Initial log-likelihood: -1755.579
Optimal log-likelihood: -1755.579
Gamma shape alpha: 1.808
Parameters optimization took 1 rounds (0.021 sec)
BEST SCORE FOUND : -1755.579
Total tree length: 2.941

Total number of iterations: 102
CPU time used for tree search: 1.051 sec (0h:0m:1s)
Wall-clock time used for tree search: 1.130 sec (0h:0m:1s)
Total CPU time used: 1.080 sec (0h:0m:1s)
Total wall-clock time used: 1.195 sec (0h:0m:1s)

===> START BOOTSTRAP REPLICATE NUMBER 64

Creating bootstrap alignment (seed: 375864)...

Create initial parsimony tree by phylogenetic likelihood library (PLL)... 0.000 seconds
Reading model parameters from file /Users/mful870/Desktop/MD_3di_Dev_02Oct24/Scriptorum/SubstitutionMatrix/3di_substmat

NOTE: 0 MB RAM (0 GB) is required!
Estimate model parameters (epsilon = 0.100)
1. Initial log-likelihood: -1881.770
2. Current log-likelihood: -1874.153
Optimal log-likelihood: -1874.135
Gamma shape alpha: 1.330
Parameters optimization took 2 rounds (0.008 sec)
Computing ML distances based on estimated model parameters... 0.011 sec
Computing BIONJ tree...
0.007 seconds
Log-likelihood of BIONJ tree: -1875.360
--------------------------------------------------------------------
|             INITIALIZING CANDIDATE TREE SET                      |
--------------------------------------------------------------------
Generating 98 parsimony trees... 0.020 second
Computing log-likelihood of 58 initial trees ... 0.097 seconds
Current best score: -1868.223

Do NNI search on 20 best initial trees
Estimate model parameters (epsilon = 0.100)
BETTER TREE FOUND at iteration 1: -1868.202
Iteration 10 / LogL: -1868.231 / Time: 0h:0m:0s
Iteration 20 / LogL: -1868.217 / Time: 0h:0m:0s
Finish initializing candidate tree set (1)
Current best tree score: -1868.202 / CPU time: 0.328
Number of iterations: 20
--------------------------------------------------------------------
|               OPTIMIZING CANDIDATE TREE SET                      |
--------------------------------------------------------------------
Iteration 30 / LogL: -1868.202 / Time: 0h:0m:0s (0h:0m:1s left)
Iteration 40 / LogL: -1868.240 / Time: 0h:0m:0s (0h:0m:0s left)
UPDATE BEST LOG-LIKELIHOOD: -1868.202
Iteration 50 / LogL: -1868.221 / Time: 0h:0m:0s (0h:0m:0s left)
Iteration 60 / LogL: -1868.207 / Time: 0h:0m:0s (0h:0m:0s left)
UPDATE BEST LOG-LIKELIHOOD: -1868.202
UPDATE BEST LOG-LIKELIHOOD: -1868.202
Iteration 70 / LogL: -1868.202 / Time: 0h:0m:0s (0h:0m:0s left)
UPDATE BEST LOG-LIKELIHOOD: -1868.202
UPDATE BEST LOG-LIKELIHOOD: -1868.202
Iteration 80 / LogL: -1868.381 / Time: 0h:0m:0s (0h:0m:0s left)
Iteration 90 / LogL: -1868.385 / Time: 0h:0m:1s (0h:0m:0s left)
UPDATE BEST LOG-LIKELIHOOD: -1868.202
Iteration 100 / LogL: -1868.207 / Time: 0h:0m:1s (0h:0m:0s left)
TREE SEARCH COMPLETED AFTER 102 ITERATIONS / Time: 0h:0m:1s

--------------------------------------------------------------------
|                    FINALIZING TREE SEARCH                        |
--------------------------------------------------------------------
Performs final model parameters optimization
Estimate model parameters (epsilon = 0.010)
1. Initial log-likelihood: -1868.202
Optimal log-likelihood: -1868.202
Gamma shape alpha: 1.287
Parameters optimization took 1 rounds (0.005 sec)
BEST SCORE FOUND : -1868.202
Total tree length: 3.256

Total number of iterations: 102
CPU time used for tree search: 1.098 sec (0h:0m:1s)
Wall-clock time used for tree search: 1.151 sec (0h:0m:1s)
Total CPU time used: 1.132 sec (0h:0m:1s)
Total wall-clock time used: 1.201 sec (0h:0m:1s)

===> START BOOTSTRAP REPLICATE NUMBER 65

Creating bootstrap alignment (seed: 375865)...

Create initial parsimony tree by phylogenetic likelihood library (PLL)... 0.000 seconds
Reading model parameters from file /Users/mful870/Desktop/MD_3di_Dev_02Oct24/Scriptorum/SubstitutionMatrix/3di_substmat

NOTE: 0 MB RAM (0 GB) is required!
Estimate model parameters (epsilon = 0.100)
1. Initial log-likelihood: -1632.629
2. Current log-likelihood: -1615.217
3. Current log-likelihood: -1615.099
Optimal log-likelihood: -1615.097
Gamma shape alpha: 1.622
Parameters optimization took 3 rounds (0.011 sec)
Computing ML distances based on estimated model parameters... 0.014 sec
Computing BIONJ tree...
0.008 seconds
Log-likelihood of BIONJ tree: -1611.200
--------------------------------------------------------------------
|             INITIALIZING CANDIDATE TREE SET                      |
--------------------------------------------------------------------
Generating 98 parsimony trees... 0.021 second
Computing log-likelihood of 53 initial trees ... 0.092 seconds
Current best score: -1608.783

Do NNI search on 20 best initial trees
Estimate model parameters (epsilon = 0.100)
BETTER TREE FOUND at iteration 1: -1607.878
Iteration 10 / LogL: -1611.280 / Time: 0h:0m:0s
Iteration 20 / LogL: -1607.946 / Time: 0h:0m:0s
Finish initializing candidate tree set (2)
Current best tree score: -1607.878 / CPU time: 0.305
Number of iterations: 20
--------------------------------------------------------------------
|               OPTIMIZING CANDIDATE TREE SET                      |
--------------------------------------------------------------------
Iteration 30 / LogL: -1607.885 / Time: 0h:0m:0s (0h:0m:1s left)
Iteration 40 / LogL: -1608.160 / Time: 0h:0m:0s (0h:0m:0s left)
Iteration 50 / LogL: -1610.042 / Time: 0h:0m:0s (0h:0m:0s left)
Iteration 60 / LogL: -1611.372 / Time: 0h:0m:0s (0h:0m:0s left)
Iteration 70 / LogL: -1611.294 / Time: 0h:0m:0s (0h:0m:0s left)
UPDATE BEST LOG-LIKELIHOOD: -1607.878
Iteration 80 / LogL: -1608.002 / Time: 0h:0m:0s (0h:0m:0s left)
Iteration 90 / LogL: -1607.902 / Time: 0h:0m:1s (0h:0m:0s left)
Iteration 100 / LogL: -1609.281 / Time: 0h:0m:1s (0h:0m:0s left)
TREE SEARCH COMPLETED AFTER 102 ITERATIONS / Time: 0h:0m:1s

--------------------------------------------------------------------
|                    FINALIZING TREE SEARCH                        |
--------------------------------------------------------------------
Performs final model parameters optimization
Estimate model parameters (epsilon = 0.010)
1. Initial log-likelihood: -1607.878
Optimal log-likelihood: -1607.878
Gamma shape alpha: 1.677
Parameters optimization took 1 rounds (0.002 sec)
BEST SCORE FOUND : -1607.878
Total tree length: 2.644

Total number of iterations: 102
CPU time used for tree search: 1.091 sec (0h:0m:1s)
Wall-clock time used for tree search: 1.152 sec (0h:0m:1s)
Total CPU time used: 1.129 sec (0h:0m:1s)
Total wall-clock time used: 1.207 sec (0h:0m:1s)

===> START BOOTSTRAP REPLICATE NUMBER 66

Creating bootstrap alignment (seed: 375866)...

Create initial parsimony tree by phylogenetic likelihood library (PLL)... 0.000 seconds
Reading model parameters from file /Users/mful870/Desktop/MD_3di_Dev_02Oct24/Scriptorum/SubstitutionMatrix/3di_substmat

NOTE: 0 MB RAM (0 GB) is required!
Estimate model parameters (epsilon = 0.100)
1. Initial log-likelihood: -1658.644
2. Current log-likelihood: -1639.965
3. Current log-likelihood: -1639.766
Optimal log-likelihood: -1639.765
Gamma shape alpha: 2.733
Parameters optimization took 3 rounds (0.015 sec)
Computing ML distances based on estimated model parameters... 0.009 sec
Computing BIONJ tree...
0.007 seconds
Log-likelihood of BIONJ tree: -1640.519
--------------------------------------------------------------------
|             INITIALIZING CANDIDATE TREE SET                      |
--------------------------------------------------------------------
Generating 98 parsimony trees... 0.019 second
Computing log-likelihood of 48 initial trees ... 0.081 seconds
Current best score: -1639.765

Do NNI search on 20 best initial trees
Estimate model parameters (epsilon = 0.100)
BETTER TREE FOUND at iteration 1: -1639.765
Iteration 10 / LogL: -1639.766 / Time: 0h:0m:0s
Iteration 20 / LogL: -1639.929 / Time: 0h:0m:0s
Finish initializing candidate tree set (1)
Current best tree score: -1639.765 / CPU time: 0.307
Number of iterations: 20
--------------------------------------------------------------------
|               OPTIMIZING CANDIDATE TREE SET                      |
--------------------------------------------------------------------
UPDATE BEST LOG-LIKELIHOOD: -1639.765
UPDATE BEST LOG-LIKELIHOOD: -1639.765
Iteration 30 / LogL: -1639.776 / Time: 0h:0m:0s (0h:0m:1s left)
Iteration 40 / LogL: -1639.779 / Time: 0h:0m:0s (0h:0m:0s left)
Iteration 50 / LogL: -1640.601 / Time: 0h:0m:0s (0h:0m:0s left)
Iteration 60 / LogL: -1639.777 / Time: 0h:0m:0s (0h:0m:0s left)
Iteration 70 / LogL: -1639.765 / Time: 0h:0m:0s (0h:0m:0s left)
Iteration 80 / LogL: -1639.772 / Time: 0h:0m:0s (0h:0m:0s left)
Iteration 90 / LogL: -1639.889 / Time: 0h:0m:1s (0h:0m:0s left)
Iteration 100 / LogL: -1639.788 / Time: 0h:0m:1s (0h:0m:0s left)
TREE SEARCH COMPLETED AFTER 102 ITERATIONS / Time: 0h:0m:1s

--------------------------------------------------------------------
|                    FINALIZING TREE SEARCH                        |
--------------------------------------------------------------------
Performs final model parameters optimization
Estimate model parameters (epsilon = 0.010)
1. Initial log-likelihood: -1639.765
Optimal log-likelihood: -1639.765
Gamma shape alpha: 2.733
Parameters optimization took 1 rounds (0.003 sec)
BEST SCORE FOUND : -1639.765
Total tree length: 2.430

Total number of iterations: 102
CPU time used for tree search: 1.132 sec (0h:0m:1s)
Wall-clock time used for tree search: 1.183 sec (0h:0m:1s)
Total CPU time used: 1.167 sec (0h:0m:1s)
Total wall-clock time used: 1.233 sec (0h:0m:1s)

===> START BOOTSTRAP REPLICATE NUMBER 67

Creating bootstrap alignment (seed: 375867)...

Create initial parsimony tree by phylogenetic likelihood library (PLL)... 0.000 seconds
Reading model parameters from file /Users/mful870/Desktop/MD_3di_Dev_02Oct24/Scriptorum/SubstitutionMatrix/3di_substmat

NOTE: 0 MB RAM (0 GB) is required!
Estimate model parameters (epsilon = 0.100)
1. Initial log-likelihood: -1798.705
2. Current log-likelihood: -1782.137
3. Current log-likelihood: -1781.990
Optimal log-likelihood: -1781.989
Gamma shape alpha: 1.599
Parameters optimization took 3 rounds (0.013 sec)
Computing ML distances based on estimated model parameters... 0.014 sec
Computing BIONJ tree...
0.008 seconds
Log-likelihood of BIONJ tree: -1774.117
--------------------------------------------------------------------
|             INITIALIZING CANDIDATE TREE SET                      |
--------------------------------------------------------------------
Generating 98 parsimony trees... 0.021 second
Computing log-likelihood of 49 initial trees ... 0.093 seconds
Current best score: -1772.075

Do NNI search on 20 best initial trees
Estimate model parameters (epsilon = 0.100)
BETTER TREE FOUND at iteration 1: -1771.616
Iteration 10 / LogL: -1771.668 / Time: 0h:0m:0s
Iteration 20 / LogL: -1771.663 / Time: 0h:0m:0s
Finish initializing candidate tree set (2)
Current best tree score: -1771.616 / CPU time: 0.319
Number of iterations: 20
--------------------------------------------------------------------
|               OPTIMIZING CANDIDATE TREE SET                      |
--------------------------------------------------------------------
Iteration 30 / LogL: -1771.671 / Time: 0h:0m:0s (0h:0m:1s left)
Iteration 40 / LogL: -1771.627 / Time: 0h:0m:0s (0h:0m:0s left)
UPDATE BEST LOG-LIKELIHOOD: -1771.616
Iteration 50 / LogL: -1771.746 / Time: 0h:0m:0s (0h:0m:0s left)
UPDATE BEST LOG-LIKELIHOOD: -1771.616
Iteration 60 / LogL: -1772.648 / Time: 0h:0m:0s (0h:0m:0s left)
Iteration 70 / LogL: -1771.691 / Time: 0h:0m:0s (0h:0m:0s left)
Iteration 80 / LogL: -1771.773 / Time: 0h:0m:1s (0h:0m:0s left)
UPDATE BEST LOG-LIKELIHOOD: -1771.616
Iteration 90 / LogL: -1771.741 / Time: 0h:0m:1s (0h:0m:0s left)
Iteration 100 / LogL: -1771.839 / Time: 0h:0m:1s (0h:0m:0s left)
TREE SEARCH COMPLETED AFTER 102 ITERATIONS / Time: 0h:0m:1s

--------------------------------------------------------------------
|                    FINALIZING TREE SEARCH                        |
--------------------------------------------------------------------
Performs final model parameters optimization
Estimate model parameters (epsilon = 0.010)
1. Initial log-likelihood: -1771.616
Optimal log-likelihood: -1771.616
Gamma shape alpha: 1.687
Parameters optimization took 1 rounds (0.004 sec)
BEST SCORE FOUND : -1771.616
Total tree length: 2.997

Total number of iterations: 102
CPU time used for tree search: 1.172 sec (0h:0m:1s)
Wall-clock time used for tree search: 1.238 sec (0h:0m:1s)
Total CPU time used: 1.212 sec (0h:0m:1s)
Total wall-clock time used: 1.292 sec (0h:0m:1s)

===> START BOOTSTRAP REPLICATE NUMBER 68

Creating bootstrap alignment (seed: 375868)...

Create initial parsimony tree by phylogenetic likelihood library (PLL)... 0.000 seconds
Reading model parameters from file /Users/mful870/Desktop/MD_3di_Dev_02Oct24/Scriptorum/SubstitutionMatrix/3di_substmat

NOTE: 0 MB RAM (0 GB) is required!
Estimate model parameters (epsilon = 0.100)
1. Initial log-likelihood: -1826.833
2. Current log-likelihood: -1809.724
3. Current log-likelihood: -1809.550
Optimal log-likelihood: -1809.550
Gamma shape alpha: 2.565
Parameters optimization took 3 rounds (0.049 sec)
Computing ML distances based on estimated model parameters... 0.009 sec
Computing BIONJ tree...
0.009 seconds
Log-likelihood of BIONJ tree: -1809.550
--------------------------------------------------------------------
|             INITIALIZING CANDIDATE TREE SET                      |
--------------------------------------------------------------------
Generating 99 parsimony trees... 0.019 second
Computing log-likelihood of 66 initial trees ... 0.118 seconds
Current best score: -1809.034

Do NNI search on 20 best initial trees
Estimate model parameters (epsilon = 0.100)
BETTER TREE FOUND at iteration 1: -1809.002
Iteration 10 / LogL: -1809.016 / Time: 0h:0m:0s
Iteration 20 / LogL: -1809.020 / Time: 0h:0m:0s
Finish initializing candidate tree set (2)
Current best tree score: -1809.002 / CPU time: 0.342
Number of iterations: 20
--------------------------------------------------------------------
|               OPTIMIZING CANDIDATE TREE SET                      |
--------------------------------------------------------------------
UPDATE BEST LOG-LIKELIHOOD: -1809.001
Iteration 30 / LogL: -1818.086 / Time: 0h:0m:0s (0h:0m:1s left)
UPDATE BEST LOG-LIKELIHOOD: -1809.001
Iteration 40 / LogL: -1818.086 / Time: 0h:0m:0s (0h:0m:1s left)
UPDATE BEST LOG-LIKELIHOOD: -1809.001
UPDATE BEST LOG-LIKELIHOOD: -1809.001
Iteration 50 / LogL: -1809.020 / Time: 0h:0m:0s (0h:0m:0s left)
Iteration 60 / LogL: -1809.026 / Time: 0h:0m:0s (0h:0m:0s left)
Iteration 70 / LogL: -1818.100 / Time: 0h:0m:1s (0h:0m:0s left)
Iteration 80 / LogL: -1809.442 / Time: 0h:0m:1s (0h:0m:0s left)
Iteration 90 / LogL: -1818.092 / Time: 0h:0m:1s (0h:0m:0s left)
UPDATE BEST LOG-LIKELIHOOD: -1809.001
Iteration 100 / LogL: -1809.020 / Time: 0h:0m:1s (0h:0m:0s left)
TREE SEARCH COMPLETED AFTER 102 ITERATIONS / Time: 0h:0m:1s

--------------------------------------------------------------------
|                    FINALIZING TREE SEARCH                        |
--------------------------------------------------------------------
Performs final model parameters optimization
Estimate model parameters (epsilon = 0.010)
1. Initial log-likelihood: -1809.001
Optimal log-likelihood: -1809.001
Gamma shape alpha: 2.753
Parameters optimization took 1 rounds (0.003 sec)
BEST SCORE FOUND : -1809.001
Total tree length: 2.851

Total number of iterations: 102
CPU time used for tree search: 1.163 sec (0h:0m:1s)
Wall-clock time used for tree search: 1.235 sec (0h:0m:1s)
Total CPU time used: 1.200 sec (0h:0m:1s)
Total wall-clock time used: 1.336 sec (0h:0m:1s)

===> START BOOTSTRAP REPLICATE NUMBER 69

Creating bootstrap alignment (seed: 375869)...

Create initial parsimony tree by phylogenetic likelihood library (PLL)... 0.000 seconds
Reading model parameters from file /Users/mful870/Desktop/MD_3di_Dev_02Oct24/Scriptorum/SubstitutionMatrix/3di_substmat

NOTE: 0 MB RAM (0 GB) is required!
Estimate model parameters (epsilon = 0.100)
1. Initial log-likelihood: -1748.798
2. Current log-likelihood: -1734.583
Optimal log-likelihood: -1734.521
Gamma shape alpha: 1.364
Parameters optimization took 2 rounds (0.010 sec)
Computing ML distances based on estimated model parameters... 0.010 sec
Computing BIONJ tree...
0.007 seconds
Log-likelihood of BIONJ tree: -1729.010
--------------------------------------------------------------------
|             INITIALIZING CANDIDATE TREE SET                      |
--------------------------------------------------------------------
Generating 98 parsimony trees... 0.020 second
Computing log-likelihood of 59 initial trees ... 0.105 seconds
Current best score: -1729.010

Do NNI search on 20 best initial trees
Estimate model parameters (epsilon = 0.100)
BETTER TREE FOUND at iteration 1: -1728.953
Iteration 10 / LogL: -1734.627 / Time: 0h:0m:0s
Iteration 20 / LogL: -1729.678 / Time: 0h:0m:0s
Finish initializing candidate tree set (4)
Current best tree score: -1728.953 / CPU time: 0.275
Number of iterations: 20
--------------------------------------------------------------------
|               OPTIMIZING CANDIDATE TREE SET                      |
--------------------------------------------------------------------
UPDATE BEST LOG-LIKELIHOOD: -1728.953
Iteration 30 / LogL: -1732.458 / Time: 0h:0m:0s (0h:0m:1s left)
Iteration 40 / LogL: -1729.107 / Time: 0h:0m:0s (0h:0m:0s left)
UPDATE BEST LOG-LIKELIHOOD: -1728.952
UPDATE BEST LOG-LIKELIHOOD: -1728.952
Iteration 50 / LogL: -1729.546 / Time: 0h:0m:0s (0h:0m:0s left)
UPDATE BEST LOG-LIKELIHOOD: -1728.951
Iteration 60 / LogL: -1732.340 / Time: 0h:0m:0s (0h:0m:0s left)
Iteration 70 / LogL: -1733.322 / Time: 0h:0m:0s (0h:0m:0s left)
UPDATE BEST LOG-LIKELIHOOD: -1728.951
Iteration 80 / LogL: -1734.585 / Time: 0h:0m:1s (0h:0m:0s left)
Iteration 90 / LogL: -1732.490 / Time: 0h:0m:1s (0h:0m:0s left)
Iteration 100 / LogL: -1732.420 / Time: 0h:0m:1s (0h:0m:0s left)
TREE SEARCH COMPLETED AFTER 102 ITERATIONS / Time: 0h:0m:1s

--------------------------------------------------------------------
|                    FINALIZING TREE SEARCH                        |
--------------------------------------------------------------------
Performs final model parameters optimization
Estimate model parameters (epsilon = 0.010)
1. Initial log-likelihood: -1728.951
Optimal log-likelihood: -1728.951
Gamma shape alpha: 1.264
Parameters optimization took 1 rounds (0.005 sec)
BEST SCORE FOUND : -1728.951
Total tree length: 2.913

Total number of iterations: 102
CPU time used for tree search: 1.173 sec (0h:0m:1s)
Wall-clock time used for tree search: 1.238 sec (0h:0m:1s)
Total CPU time used: 1.210 sec (0h:0m:1s)
Total wall-clock time used: 1.343 sec (0h:0m:1s)

===> START BOOTSTRAP REPLICATE NUMBER 70

Creating bootstrap alignment (seed: 375870)...

Create initial parsimony tree by phylogenetic likelihood library (PLL)... 0.017 seconds
Reading model parameters from file /Users/mful870/Desktop/MD_3di_Dev_02Oct24/Scriptorum/SubstitutionMatrix/3di_substmat

NOTE: 0 MB RAM (0 GB) is required!
Estimate model parameters (epsilon = 0.100)
1. Initial log-likelihood: -1731.839
2. Current log-likelihood: -1717.576
Optimal log-likelihood: -1717.488
Gamma shape alpha: 1.906
Parameters optimization took 2 rounds (0.012 sec)
Computing ML distances based on estimated model parameters... 0.011 sec
Computing BIONJ tree...
0.027 seconds
Log-likelihood of BIONJ tree: -1725.706
--------------------------------------------------------------------
|             INITIALIZING CANDIDATE TREE SET                      |
--------------------------------------------------------------------
Generating 98 parsimony trees... 0.019 second
Computing log-likelihood of 61 initial trees ... 0.113 seconds
Current best score: -1717.488

Do NNI search on 20 best initial trees
Estimate model parameters (epsilon = 0.100)
BETTER TREE FOUND at iteration 1: -1717.488
Iteration 10 / LogL: -1718.119 / Time: 0h:0m:0s
Iteration 20 / LogL: -1717.852 / Time: 0h:0m:0s
Finish initializing candidate tree set (2)
Current best tree score: -1717.488 / CPU time: 0.297
Number of iterations: 20
--------------------------------------------------------------------
|               OPTIMIZING CANDIDATE TREE SET                      |
--------------------------------------------------------------------
Iteration 30 / LogL: -1726.080 / Time: 0h:0m:0s (0h:0m:1s left)
UPDATE BEST LOG-LIKELIHOOD: -1717.488
Iteration 40 / LogL: -1717.984 / Time: 0h:0m:0s (0h:0m:1s left)
UPDATE BEST LOG-LIKELIHOOD: -1717.488
Iteration 50 / LogL: -1717.735 / Time: 0h:0m:0s (0h:0m:0s left)
Iteration 60 / LogL: -1717.991 / Time: 0h:0m:0s (0h:0m:0s left)
Iteration 70 / LogL: -1718.104 / Time: 0h:0m:1s (0h:0m:0s left)
Iteration 80 / LogL: -1726.238 / Time: 0h:0m:1s (0h:0m:0s left)
Iteration 90 / LogL: -1717.786 / Time: 0h:0m:1s (0h:0m:0s left)
Iteration 100 / LogL: -1717.911 / Time: 0h:0m:1s (0h:0m:0s left)
TREE SEARCH COMPLETED AFTER 102 ITERATIONS / Time: 0h:0m:1s

--------------------------------------------------------------------
|                    FINALIZING TREE SEARCH                        |
--------------------------------------------------------------------
Performs final model parameters optimization
Estimate model parameters (epsilon = 0.010)
1. Initial log-likelihood: -1717.488
Optimal log-likelihood: -1717.488
Gamma shape alpha: 1.910
Parameters optimization took 1 rounds (0.003 sec)
BEST SCORE FOUND : -1717.488
Total tree length: 2.640

Total number of iterations: 102
CPU time used for tree search: 1.275 sec (0h:0m:1s)
Wall-clock time used for tree search: 1.323 sec (0h:0m:1s)
Total CPU time used: 1.311 sec (0h:0m:1s)
Total wall-clock time used: 1.440 sec (0h:0m:1s)

===> START BOOTSTRAP REPLICATE NUMBER 71

Creating bootstrap alignment (seed: 375871)...

Create initial parsimony tree by phylogenetic likelihood library (PLL)... 0.000 seconds
Reading model parameters from file /Users/mful870/Desktop/MD_3di_Dev_02Oct24/Scriptorum/SubstitutionMatrix/3di_substmat

NOTE: 0 MB RAM (0 GB) is required!
Estimate model parameters (epsilon = 0.100)
1. Initial log-likelihood: -1880.415
2. Current log-likelihood: -1863.454
3. Current log-likelihood: -1863.261
Optimal log-likelihood: -1863.259
Gamma shape alpha: 1.827
Parameters optimization took 3 rounds (0.010 sec)
Computing ML distances based on estimated model parameters... 0.010 sec
Computing BIONJ tree...
0.007 seconds
Log-likelihood of BIONJ tree: -1863.978
--------------------------------------------------------------------
|             INITIALIZING CANDIDATE TREE SET                      |
--------------------------------------------------------------------
Generating 98 parsimony trees... 0.020 second
Computing log-likelihood of 59 initial trees ... 0.105 seconds
Current best score: -1859.211

Do NNI search on 20 best initial trees
Estimate model parameters (epsilon = 0.100)
BETTER TREE FOUND at iteration 1: -1859.131
Iteration 10 / LogL: -1861.122 / Time: 0h:0m:0s
Iteration 20 / LogL: -1859.290 / Time: 0h:0m:0s
Finish initializing candidate tree set (3)
Current best tree score: -1859.131 / CPU time: 0.322
Number of iterations: 20
--------------------------------------------------------------------
|               OPTIMIZING CANDIDATE TREE SET                      |
--------------------------------------------------------------------
Iteration 30 / LogL: -1859.171 / Time: 0h:0m:0s (0h:0m:1s left)
UPDATE BEST LOG-LIKELIHOOD: -1859.131
Iteration 40 / LogL: -1861.917 / Time: 0h:0m:0s (0h:0m:0s left)
Iteration 50 / LogL: -1861.009 / Time: 0h:0m:0s (0h:0m:0s left)
Iteration 60 / LogL: -1861.036 / Time: 0h:0m:0s (0h:0m:0s left)
Iteration 70 / LogL: -1859.135 / Time: 0h:0m:0s (0h:0m:0s left)
Iteration 80 / LogL: -1861.099 / Time: 0h:0m:0s (0h:0m:0s left)
Iteration 90 / LogL: -1861.058 / Time: 0h:0m:1s (0h:0m:0s left)
Iteration 100 / LogL: -1870.339 / Time: 0h:0m:1s (0h:0m:0s left)
TREE SEARCH COMPLETED AFTER 102 ITERATIONS / Time: 0h:0m:1s

--------------------------------------------------------------------
|                    FINALIZING TREE SEARCH                        |
--------------------------------------------------------------------
Performs final model parameters optimization
Estimate model parameters (epsilon = 0.010)
1. Initial log-likelihood: -1859.131
Optimal log-likelihood: -1859.130
Gamma shape alpha: 1.720
Parameters optimization took 1 rounds (0.003 sec)
BEST SCORE FOUND : -1859.130
Total tree length: 3.379

Total number of iterations: 102
CPU time used for tree search: 1.144 sec (0h:0m:1s)
Wall-clock time used for tree search: 1.178 sec (0h:0m:1s)
Total CPU time used: 1.175 sec (0h:0m:1s)
Total wall-clock time used: 1.224 sec (0h:0m:1s)

===> START BOOTSTRAP REPLICATE NUMBER 72

Creating bootstrap alignment (seed: 375872)...

Create initial parsimony tree by phylogenetic likelihood library (PLL)... 0.000 seconds
Reading model parameters from file /Users/mful870/Desktop/MD_3di_Dev_02Oct24/Scriptorum/SubstitutionMatrix/3di_substmat

NOTE: 0 MB RAM (0 GB) is required!
Estimate model parameters (epsilon = 0.100)
1. Initial log-likelihood: -1823.774
2. Current log-likelihood: -1808.785
Optimal log-likelihood: -1808.753
Gamma shape alpha: 1.705
Parameters optimization took 2 rounds (0.009 sec)
Computing ML distances based on estimated model parameters... 0.012 sec
Computing BIONJ tree...
0.008 seconds
Log-likelihood of BIONJ tree: -1817.499
--------------------------------------------------------------------
|             INITIALIZING CANDIDATE TREE SET                      |
--------------------------------------------------------------------
Generating 98 parsimony trees... 0.020 second
Computing log-likelihood of 62 initial trees ... 0.119 seconds
Current best score: -1808.753

Do NNI search on 20 best initial trees
Estimate model parameters (epsilon = 0.100)
BETTER TREE FOUND at iteration 1: -1808.753
Estimate model parameters (epsilon = 0.100)
BETTER TREE FOUND at iteration 2: -1806.994
Iteration 10 / LogL: -1808.788 / Time: 0h:0m:0s
Iteration 20 / LogL: -1808.791 / Time: 0h:0m:0s
Finish initializing candidate tree set (2)
Current best tree score: -1806.994 / CPU time: 0.388
Number of iterations: 20
--------------------------------------------------------------------
|               OPTIMIZING CANDIDATE TREE SET                      |
--------------------------------------------------------------------
Iteration 30 / LogL: -1808.836 / Time: 0h:0m:0s (0h:0m:1s left)
Iteration 40 / LogL: -1807.035 / Time: 0h:0m:0s (0h:0m:1s left)
Iteration 50 / LogL: -1806.994 / Time: 0h:0m:0s (0h:0m:0s left)
Iteration 60 / LogL: -1809.485 / Time: 0h:0m:0s (0h:0m:0s left)
Iteration 70 / LogL: -1806.994 / Time: 0h:0m:0s (0h:0m:0s left)
UPDATE BEST LOG-LIKELIHOOD: -1806.994
Iteration 80 / LogL: -1806.994 / Time: 0h:0m:1s (0h:0m:0s left)
Iteration 90 / LogL: -1808.775 / Time: 0h:0m:1s (0h:0m:0s left)
UPDATE BEST LOG-LIKELIHOOD: -1806.994
Iteration 100 / LogL: -1807.514 / Time: 0h:0m:1s (0h:0m:0s left)
TREE SEARCH COMPLETED AFTER 103 ITERATIONS / Time: 0h:0m:1s

--------------------------------------------------------------------
|                    FINALIZING TREE SEARCH                        |
--------------------------------------------------------------------
Performs final model parameters optimization
Estimate model parameters (epsilon = 0.010)
1. Initial log-likelihood: -1806.994
Optimal log-likelihood: -1806.994
Gamma shape alpha: 1.618
Parameters optimization took 1 rounds (0.003 sec)
BEST SCORE FOUND : -1806.994
Total tree length: 2.759

Total number of iterations: 103
CPU time used for tree search: 1.145 sec (0h:0m:1s)
Wall-clock time used for tree search: 1.197 sec (0h:0m:1s)
Total CPU time used: 1.179 sec (0h:0m:1s)
Total wall-clock time used: 1.248 sec (0h:0m:1s)

===> START BOOTSTRAP REPLICATE NUMBER 73

Creating bootstrap alignment (seed: 375873)...

Create initial parsimony tree by phylogenetic likelihood library (PLL)... 0.000 seconds
Reading model parameters from file /Users/mful870/Desktop/MD_3di_Dev_02Oct24/Scriptorum/SubstitutionMatrix/3di_substmat

NOTE: 0 MB RAM (0 GB) is required!
Estimate model parameters (epsilon = 0.100)
1. Initial log-likelihood: -1799.637
2. Current log-likelihood: -1781.861
Optimal log-likelihood: -1781.824
Gamma shape alpha: 1.344
Parameters optimization took 2 rounds (0.008 sec)
Computing ML distances based on estimated model parameters... 0.011 sec
Computing BIONJ tree...
0.007 seconds
Log-likelihood of BIONJ tree: -1769.662
--------------------------------------------------------------------
|             INITIALIZING CANDIDATE TREE SET                      |
--------------------------------------------------------------------
Generating 98 parsimony trees... 0.021 second
Computing log-likelihood of 45 initial trees ... 0.092 seconds
Current best score: -1769.662

Do NNI search on 20 best initial trees
Estimate model parameters (epsilon = 0.100)
BETTER TREE FOUND at iteration 1: -1769.526
Iteration 10 / LogL: -1769.530 / Time: 0h:0m:0s
Iteration 20 / LogL: -1777.609 / Time: 0h:0m:0s
Finish initializing candidate tree set (2)
Current best tree score: -1769.526 / CPU time: 0.328
Number of iterations: 20
--------------------------------------------------------------------
|               OPTIMIZING CANDIDATE TREE SET                      |
--------------------------------------------------------------------
Iteration 30 / LogL: -1777.558 / Time: 0h:0m:0s (0h:0m:1s left)
Iteration 40 / LogL: -1769.528 / Time: 0h:0m:0s (0h:0m:0s left)
Iteration 50 / LogL: -1769.536 / Time: 0h:0m:0s (0h:0m:0s left)
UPDATE BEST LOG-LIKELIHOOD: -1769.526
UPDATE BEST LOG-LIKELIHOOD: -1769.526
Iteration 60 / LogL: -1770.414 / Time: 0h:0m:0s (0h:0m:0s left)
UPDATE BEST LOG-LIKELIHOOD: -1769.526
Iteration 70 / LogL: -1769.569 / Time: 0h:0m:0s (0h:0m:0s left)
UPDATE BEST LOG-LIKELIHOOD: -1769.526
Iteration 80 / LogL: -1769.852 / Time: 0h:0m:0s (0h:0m:0s left)
Iteration 90 / LogL: -1769.854 / Time: 0h:0m:1s (0h:0m:0s left)
Iteration 100 / LogL: -1777.929 / Time: 0h:0m:1s (0h:0m:0s left)
TREE SEARCH COMPLETED AFTER 102 ITERATIONS / Time: 0h:0m:1s

--------------------------------------------------------------------
|                    FINALIZING TREE SEARCH                        |
--------------------------------------------------------------------
Performs final model parameters optimization
Estimate model parameters (epsilon = 0.010)
1. Initial log-likelihood: -1769.526
Optimal log-likelihood: -1769.526
Gamma shape alpha: 1.200
Parameters optimization took 1 rounds (0.004 sec)
BEST SCORE FOUND : -1769.526
Total tree length: 2.865

Total number of iterations: 102
CPU time used for tree search: 1.123 sec (0h:0m:1s)
Wall-clock time used for tree search: 1.186 sec (0h:0m:1s)
Total CPU time used: 1.156 sec (0h:0m:1s)
Total wall-clock time used: 1.234 sec (0h:0m:1s)

===> START BOOTSTRAP REPLICATE NUMBER 74

Creating bootstrap alignment (seed: 375874)...

Create initial parsimony tree by phylogenetic likelihood library (PLL)... 0.000 seconds
Reading model parameters from file /Users/mful870/Desktop/MD_3di_Dev_02Oct24/Scriptorum/SubstitutionMatrix/3di_substmat

NOTE: 0 MB RAM (0 GB) is required!
Estimate model parameters (epsilon = 0.100)
1. Initial log-likelihood: -1711.612
2. Current log-likelihood: -1694.650
Optimal log-likelihood: -1694.558
Gamma shape alpha: 2.445
Parameters optimization took 2 rounds (0.009 sec)
Computing ML distances based on estimated model parameters... 0.010 sec
Computing BIONJ tree...
0.008 seconds
Log-likelihood of BIONJ tree: -1687.390
--------------------------------------------------------------------
|             INITIALIZING CANDIDATE TREE SET                      |
--------------------------------------------------------------------
Generating 98 parsimony trees... 0.021 second
Computing log-likelihood of 52 initial trees ... 0.098 seconds
Current best score: -1676.873

Do NNI search on 20 best initial trees
Estimate model parameters (epsilon = 0.100)
BETTER TREE FOUND at iteration 1: -1676.860
Iteration 10 / LogL: -1676.982 / Time: 0h:0m:0s
Iteration 20 / LogL: -1676.889 / Time: 0h:0m:0s
Finish initializing candidate tree set (1)
Current best tree score: -1676.860 / CPU time: 0.349
Number of iterations: 20
--------------------------------------------------------------------
|               OPTIMIZING CANDIDATE TREE SET                      |
--------------------------------------------------------------------
Iteration 30 / LogL: -1676.914 / Time: 0h:0m:0s (0h:0m:1s left)
Iteration 40 / LogL: -1676.942 / Time: 0h:0m:0s (0h:0m:0s left)
UPDATE BEST LOG-LIKELIHOOD: -1676.860
Iteration 50 / LogL: -1676.973 / Time: 0h:0m:0s (0h:0m:0s left)
Iteration 60 / LogL: -1677.624 / Time: 0h:0m:0s (0h:0m:0s left)
Iteration 70 / LogL: -1676.860 / Time: 0h:0m:0s (0h:0m:0s left)
Iteration 80 / LogL: -1676.914 / Time: 0h:0m:0s (0h:0m:0s left)
Iteration 90 / LogL: -1676.983 / Time: 0h:0m:1s (0h:0m:0s left)
Iteration 100 / LogL: -1677.400 / Time: 0h:0m:1s (0h:0m:0s left)
UPDATE BEST LOG-LIKELIHOOD: -1676.860
TREE SEARCH COMPLETED AFTER 102 ITERATIONS / Time: 0h:0m:1s

--------------------------------------------------------------------
|                    FINALIZING TREE SEARCH                        |
--------------------------------------------------------------------
Performs final model parameters optimization
Estimate model parameters (epsilon = 0.010)
1. Initial log-likelihood: -1676.860
Optimal log-likelihood: -1676.860
Gamma shape alpha: 2.375
Parameters optimization took 1 rounds (0.003 sec)
BEST SCORE FOUND : -1676.860
Total tree length: 2.544

Total number of iterations: 102
CPU time used for tree search: 1.117 sec (0h:0m:1s)
Wall-clock time used for tree search: 1.168 sec (0h:0m:1s)
Total CPU time used: 1.150 sec (0h:0m:1s)
Total wall-clock time used: 1.216 sec (0h:0m:1s)

===> START BOOTSTRAP REPLICATE NUMBER 75

Creating bootstrap alignment (seed: 375875)...

Create initial parsimony tree by phylogenetic likelihood library (PLL)... 0.000 seconds
Reading model parameters from file /Users/mful870/Desktop/MD_3di_Dev_02Oct24/Scriptorum/SubstitutionMatrix/3di_substmat

NOTE: 0 MB RAM (0 GB) is required!
Estimate model parameters (epsilon = 0.100)
1. Initial log-likelihood: -1732.698
2. Current log-likelihood: -1716.953
3. Current log-likelihood: -1716.823
Optimal log-likelihood: -1716.820
Gamma shape alpha: 1.741
Parameters optimization took 3 rounds (0.022 sec)
Computing ML distances based on estimated model parameters... 0.011 sec
Computing BIONJ tree...
0.007 seconds
Log-likelihood of BIONJ tree: -1716.546
--------------------------------------------------------------------
|             INITIALIZING CANDIDATE TREE SET                      |
--------------------------------------------------------------------
Generating 98 parsimony trees... 0.024 second
Computing log-likelihood of 55 initial trees ... 0.098 seconds
Current best score: -1716.313

Do NNI search on 20 best initial trees
Estimate model parameters (epsilon = 0.100)
BETTER TREE FOUND at iteration 1: -1716.252
Iteration 10 / LogL: -1718.317 / Time: 0h:0m:0s
Iteration 20 / LogL: -1716.321 / Time: 0h:0m:0s
Finish initializing candidate tree set (5)
Current best tree score: -1716.252 / CPU time: 0.360
Number of iterations: 20
--------------------------------------------------------------------
|               OPTIMIZING CANDIDATE TREE SET                      |
--------------------------------------------------------------------
Iteration 30 / LogL: -1716.308 / Time: 0h:0m:0s (0h:0m:1s left)
UPDATE BEST LOG-LIKELIHOOD: -1716.251
Iteration 40 / LogL: -1716.270 / Time: 0h:0m:0s (0h:0m:0s left)
UPDATE BEST LOG-LIKELIHOOD: -1716.251
Iteration 50 / LogL: -1717.424 / Time: 0h:0m:0s (0h:0m:0s left)
Iteration 60 / LogL: -1716.271 / Time: 0h:0m:0s (0h:0m:0s left)
Iteration 70 / LogL: -1716.479 / Time: 0h:0m:0s (0h:0m:0s left)
Iteration 80 / LogL: -1719.041 / Time: 0h:0m:1s (0h:0m:0s left)
Iteration 90 / LogL: -1717.015 / Time: 0h:0m:1s (0h:0m:0s left)
Iteration 100 / LogL: -1716.317 / Time: 0h:0m:1s (0h:0m:0s left)
TREE SEARCH COMPLETED AFTER 102 ITERATIONS / Time: 0h:0m:1s

--------------------------------------------------------------------
|                    FINALIZING TREE SEARCH                        |
--------------------------------------------------------------------
Performs final model parameters optimization
Estimate model parameters (epsilon = 0.010)
1. Initial log-likelihood: -1716.251
Optimal log-likelihood: -1716.251
Gamma shape alpha: 1.694
Parameters optimization took 1 rounds (0.003 sec)
BEST SCORE FOUND : -1716.251
Total tree length: 3.280

Total number of iterations: 102
CPU time used for tree search: 1.133 sec (0h:0m:1s)
Wall-clock time used for tree search: 1.203 sec (0h:0m:1s)
Total CPU time used: 1.179 sec (0h:0m:1s)
Total wall-clock time used: 1.265 sec (0h:0m:1s)

===> START BOOTSTRAP REPLICATE NUMBER 76

Creating bootstrap alignment (seed: 375876)...

Create initial parsimony tree by phylogenetic likelihood library (PLL)... 0.000 seconds
Reading model parameters from file /Users/mful870/Desktop/MD_3di_Dev_02Oct24/Scriptorum/SubstitutionMatrix/3di_substmat

NOTE: 0 MB RAM (0 GB) is required!
Estimate model parameters (epsilon = 0.100)
1. Initial log-likelihood: -1768.735
2. Current log-likelihood: -1747.933
Optimal log-likelihood: -1747.864
Gamma shape alpha: 2.543
Parameters optimization took 2 rounds (0.010 sec)
Computing ML distances based on estimated model parameters... 0.009 sec
Computing BIONJ tree...
0.007 seconds
Log-likelihood of BIONJ tree: -1747.369
--------------------------------------------------------------------
|             INITIALIZING CANDIDATE TREE SET                      |
--------------------------------------------------------------------
Generating 98 parsimony trees... 0.027 second
Computing log-likelihood of 56 initial trees ... 0.109 seconds
Current best score: -1747.369

Do NNI search on 20 best initial trees
Estimate model parameters (epsilon = 0.100)
BETTER TREE FOUND at iteration 1: -1746.439
Iteration 10 / LogL: -1746.480 / Time: 0h:0m:0s
Iteration 20 / LogL: -1746.464 / Time: 0h:0m:0s
Finish initializing candidate tree set (1)
Current best tree score: -1746.439 / CPU time: 0.388
Number of iterations: 20
--------------------------------------------------------------------
|               OPTIMIZING CANDIDATE TREE SET                      |
--------------------------------------------------------------------
Iteration 30 / LogL: -1746.453 / Time: 0h:0m:0s (0h:0m:1s left)
UPDATE BEST LOG-LIKELIHOOD: -1746.439
Iteration 40 / LogL: -1746.443 / Time: 0h:0m:0s (0h:0m:0s left)
UPDATE BEST LOG-LIKELIHOOD: -1746.439
Iteration 50 / LogL: -1746.449 / Time: 0h:0m:0s (0h:0m:0s left)
Iteration 60 / LogL: -1746.442 / Time: 0h:0m:0s (0h:0m:0s left)
Iteration 70 / LogL: -1746.452 / Time: 0h:0m:0s (0h:0m:0s left)
Iteration 80 / LogL: -1747.190 / Time: 0h:0m:1s (0h:0m:0s left)
UPDATE BEST LOG-LIKELIHOOD: -1746.439
UPDATE BEST LOG-LIKELIHOOD: -1746.439
Iteration 90 / LogL: -1746.439 / Time: 0h:0m:1s (0h:0m:0s left)
Iteration 100 / LogL: -1746.515 / Time: 0h:0m:1s (0h:0m:0s left)
TREE SEARCH COMPLETED AFTER 102 ITERATIONS / Time: 0h:0m:1s

--------------------------------------------------------------------
|                    FINALIZING TREE SEARCH                        |
--------------------------------------------------------------------
Performs final model parameters optimization
Estimate model parameters (epsilon = 0.010)
1. Initial log-likelihood: -1746.439
Optimal log-likelihood: -1746.439
Gamma shape alpha: 2.719
Parameters optimization took 1 rounds (0.003 sec)
BEST SCORE FOUND : -1746.439
Total tree length: 2.826

Total number of iterations: 102
CPU time used for tree search: 1.130 sec (0h:0m:1s)
Wall-clock time used for tree search: 1.247 sec (0h:0m:1s)
Total CPU time used: 1.161 sec (0h:0m:1s)
Total wall-clock time used: 1.293 sec (0h:0m:1s)

===> START BOOTSTRAP REPLICATE NUMBER 77

Creating bootstrap alignment (seed: 375877)...

Create initial parsimony tree by phylogenetic likelihood library (PLL)... 0.000 seconds
Reading model parameters from file /Users/mful870/Desktop/MD_3di_Dev_02Oct24/Scriptorum/SubstitutionMatrix/3di_substmat

NOTE: 0 MB RAM (0 GB) is required!
Estimate model parameters (epsilon = 0.100)
1. Initial log-likelihood: -1711.098
2. Current log-likelihood: -1692.856
Optimal log-likelihood: -1692.831
Gamma shape alpha: 1.353
Parameters optimization took 2 rounds (0.009 sec)
Computing ML distances based on estimated model parameters... 0.009 sec
Computing BIONJ tree...
0.007 seconds
Log-likelihood of BIONJ tree: -1712.507
--------------------------------------------------------------------
|             INITIALIZING CANDIDATE TREE SET                      |
--------------------------------------------------------------------
Generating 98 parsimony trees... 0.019 second
Computing log-likelihood of 61 initial trees ... 0.119 seconds
Current best score: -1690.886

Do NNI search on 20 best initial trees
Estimate model parameters (epsilon = 0.100)
BETTER TREE FOUND at iteration 1: -1690.820
Iteration 10 / LogL: -1690.838 / Time: 0h:0m:0s
Iteration 20 / LogL: -1690.979 / Time: 0h:0m:0s
Finish initializing candidate tree set (1)
Current best tree score: -1690.820 / CPU time: 0.314
Number of iterations: 20
--------------------------------------------------------------------
|               OPTIMIZING CANDIDATE TREE SET                      |
--------------------------------------------------------------------
UPDATE BEST LOG-LIKELIHOOD: -1690.820
UPDATE BEST LOG-LIKELIHOOD: -1690.820
Iteration 30 / LogL: -1690.824 / Time: 0h:0m:0s (0h:0m:1s left)
Iteration 40 / LogL: -1690.854 / Time: 0h:0m:0s (0h:0m:0s left)
Iteration 50 / LogL: -1690.820 / Time: 0h:0m:0s (0h:0m:0s left)
Iteration 60 / LogL: -1690.850 / Time: 0h:0m:0s (0h:0m:0s left)
Iteration 70 / LogL: -1690.820 / Time: 0h:0m:0s (0h:0m:0s left)
Iteration 80 / LogL: -1692.142 / Time: 0h:0m:0s (0h:0m:0s left)
Iteration 90 / LogL: -1690.825 / Time: 0h:0m:0s (0h:0m:0s left)
UPDATE BEST LOG-LIKELIHOOD: -1690.820
Iteration 100 / LogL: -1690.905 / Time: 0h:0m:1s (0h:0m:0s left)
TREE SEARCH COMPLETED AFTER 102 ITERATIONS / Time: 0h:0m:1s

--------------------------------------------------------------------
|                    FINALIZING TREE SEARCH                        |
--------------------------------------------------------------------
Performs final model parameters optimization
Estimate model parameters (epsilon = 0.010)
1. Initial log-likelihood: -1690.820
Optimal log-likelihood: -1690.820
Gamma shape alpha: 1.273
Parameters optimization took 1 rounds (0.003 sec)
BEST SCORE FOUND : -1690.820
Total tree length: 2.597

Total number of iterations: 102
CPU time used for tree search: 0.953 sec (0h:0m:0s)
Wall-clock time used for tree search: 1.008 sec (0h:0m:1s)
Total CPU time used: 0.983 sec (0h:0m:0s)
Total wall-clock time used: 1.053 sec (0h:0m:1s)

===> START BOOTSTRAP REPLICATE NUMBER 78

Creating bootstrap alignment (seed: 375878)...

Create initial parsimony tree by phylogenetic likelihood library (PLL)... 0.000 seconds
Reading model parameters from file /Users/mful870/Desktop/MD_3di_Dev_02Oct24/Scriptorum/SubstitutionMatrix/3di_substmat

NOTE: 0 MB RAM (0 GB) is required!
Estimate model parameters (epsilon = 0.100)
1. Initial log-likelihood: -1833.670
2. Current log-likelihood: -1818.319
Optimal log-likelihood: -1818.249
Gamma shape alpha: 2.419
Parameters optimization took 2 rounds (0.008 sec)
Computing ML distances based on estimated model parameters... 0.009 sec
Computing BIONJ tree...
0.025 seconds
Log-likelihood of BIONJ tree: -1811.588
--------------------------------------------------------------------
|             INITIALIZING CANDIDATE TREE SET                      |
--------------------------------------------------------------------
Generating 98 parsimony trees... 0.028 second
Computing log-likelihood of 43 initial trees ... 0.084 seconds
Current best score: -1811.588

Do NNI search on 20 best initial trees
Estimate model parameters (epsilon = 0.100)
BETTER TREE FOUND at iteration 1: -1810.782
Iteration 10 / LogL: -1817.754 / Time: 0h:0m:0s
Iteration 20 / LogL: -1817.870 / Time: 0h:0m:0s
Finish initializing candidate tree set (2)
Current best tree score: -1810.782 / CPU time: 0.313
Number of iterations: 20
--------------------------------------------------------------------
|               OPTIMIZING CANDIDATE TREE SET                      |
--------------------------------------------------------------------
Iteration 30 / LogL: -1810.843 / Time: 0h:0m:0s (0h:0m:1s left)
UPDATE BEST LOG-LIKELIHOOD: -1810.782
Iteration 40 / LogL: -1811.096 / Time: 0h:0m:0s (0h:0m:0s left)
Iteration 50 / LogL: -1810.853 / Time: 0h:0m:0s (0h:0m:0s left)
UPDATE BEST LOG-LIKELIHOOD: -1810.782
Iteration 60 / LogL: -1810.856 / Time: 0h:0m:0s (0h:0m:0s left)
Iteration 70 / LogL: -1811.017 / Time: 0h:0m:0s (0h:0m:0s left)
UPDATE BEST LOG-LIKELIHOOD: -1810.782
Iteration 80 / LogL: -1810.782 / Time: 0h:0m:0s (0h:0m:0s left)
UPDATE BEST LOG-LIKELIHOOD: -1810.782
Iteration 90 / LogL: -1810.782 / Time: 0h:0m:1s (0h:0m:0s left)
Iteration 100 / LogL: -1817.860 / Time: 0h:0m:1s (0h:0m:0s left)
TREE SEARCH COMPLETED AFTER 102 ITERATIONS / Time: 0h:0m:1s

--------------------------------------------------------------------
|                    FINALIZING TREE SEARCH                        |
--------------------------------------------------------------------
Performs final model parameters optimization
Estimate model parameters (epsilon = 0.010)
1. Initial log-likelihood: -1810.782
Optimal log-likelihood: -1810.782
Gamma shape alpha: 2.271
Parameters optimization took 1 rounds (0.003 sec)
BEST SCORE FOUND : -1810.782
Total tree length: 2.770

Total number of iterations: 102
CPU time used for tree search: 1.023 sec (0h:0m:1s)
Wall-clock time used for tree search: 1.097 sec (0h:0m:1s)
Total CPU time used: 1.051 sec (0h:0m:1s)
Total wall-clock time used: 1.175 sec (0h:0m:1s)

===> START BOOTSTRAP REPLICATE NUMBER 79

Creating bootstrap alignment (seed: 375879)...

Create initial parsimony tree by phylogenetic likelihood library (PLL)... 0.000 seconds
Reading model parameters from file /Users/mful870/Desktop/MD_3di_Dev_02Oct24/Scriptorum/SubstitutionMatrix/3di_substmat

NOTE: 0 MB RAM (0 GB) is required!
Estimate model parameters (epsilon = 0.100)
1. Initial log-likelihood: -1763.867
2. Current log-likelihood: -1751.107
Optimal log-likelihood: -1751.078
Gamma shape alpha: 1.238
Parameters optimization took 2 rounds (0.009 sec)
Computing ML distances based on estimated model parameters... 0.011 sec
Computing BIONJ tree...
0.007 seconds
Log-likelihood of BIONJ tree: -1742.924
--------------------------------------------------------------------
|             INITIALIZING CANDIDATE TREE SET                      |
--------------------------------------------------------------------
Generating 98 parsimony trees... 0.025 second
Computing log-likelihood of 52 initial trees ... 0.108 seconds
Current best score: -1742.924

Do NNI search on 20 best initial trees
Estimate model parameters (epsilon = 0.100)
BETTER TREE FOUND at iteration 1: -1742.825
Iteration 10 / LogL: -1742.906 / Time: 0h:0m:0s
Iteration 20 / LogL: -1742.889 / Time: 0h:0m:0s
Finish initializing candidate tree set (1)
Current best tree score: -1742.825 / CPU time: 0.352
Number of iterations: 20
--------------------------------------------------------------------
|               OPTIMIZING CANDIDATE TREE SET                      |
--------------------------------------------------------------------
UPDATE BEST LOG-LIKELIHOOD: -1742.825
Iteration 30 / LogL: -1742.845 / Time: 0h:0m:0s (0h:0m:1s left)
UPDATE BEST LOG-LIKELIHOOD: -1742.825
Iteration 40 / LogL: -1742.847 / Time: 0h:0m:0s (0h:0m:0s left)
Iteration 50 / LogL: -1742.847 / Time: 0h:0m:0s (0h:0m:0s left)
Iteration 60 / LogL: -1742.825 / Time: 0h:0m:0s (0h:0m:0s left)
UPDATE BEST LOG-LIKELIHOOD: -1742.825
UPDATE BEST LOG-LIKELIHOOD: -1742.825
Iteration 70 / LogL: -1742.835 / Time: 0h:0m:0s (0h:0m:0s left)
UPDATE BEST LOG-LIKELIHOOD: -1742.825
Iteration 80 / LogL: -1742.859 / Time: 0h:0m:1s (0h:0m:0s left)
Iteration 90 / LogL: -1742.829 / Time: 0h:0m:1s (0h:0m:0s left)
Iteration 100 / LogL: -1742.825 / Time: 0h:0m:1s (0h:0m:0s left)
TREE SEARCH COMPLETED AFTER 102 ITERATIONS / Time: 0h:0m:1s

--------------------------------------------------------------------
|                    FINALIZING TREE SEARCH                        |
--------------------------------------------------------------------
Performs final model parameters optimization
Estimate model parameters (epsilon = 0.010)
1. Initial log-likelihood: -1742.825
Optimal log-likelihood: -1742.825
Gamma shape alpha: 1.364
Parameters optimization took 1 rounds (0.003 sec)
BEST SCORE FOUND : -1742.825
Total tree length: 2.765

Total number of iterations: 102
CPU time used for tree search: 1.140 sec (0h:0m:1s)
Wall-clock time used for tree search: 1.237 sec (0h:0m:1s)
Total CPU time used: 1.171 sec (0h:0m:1s)
Total wall-clock time used: 1.286 sec (0h:0m:1s)

===> START BOOTSTRAP REPLICATE NUMBER 80

Creating bootstrap alignment (seed: 375880)...

Create initial parsimony tree by phylogenetic likelihood library (PLL)... 0.000 seconds
Reading model parameters from file /Users/mful870/Desktop/MD_3di_Dev_02Oct24/Scriptorum/SubstitutionMatrix/3di_substmat

NOTE: 0 MB RAM (0 GB) is required!
Estimate model parameters (epsilon = 0.100)
1. Initial log-likelihood: -1606.251
2. Current log-likelihood: -1587.666
Optimal log-likelihood: -1587.585
Gamma shape alpha: 2.466
Parameters optimization took 2 rounds (0.009 sec)
Computing ML distances based on estimated model parameters... 0.011 sec
Computing BIONJ tree...
0.010 seconds
Log-likelihood of BIONJ tree: -1591.816
--------------------------------------------------------------------
|             INITIALIZING CANDIDATE TREE SET                      |
--------------------------------------------------------------------
Generating 98 parsimony trees... 0.020 second
Computing log-likelihood of 59 initial trees ... 0.118 seconds
Current best score: -1585.676

Do NNI search on 20 best initial trees
Estimate model parameters (epsilon = 0.100)
BETTER TREE FOUND at iteration 1: -1585.664
Iteration 10 / LogL: -1585.728 / Time: 0h:0m:0s
Iteration 20 / LogL: -1585.666 / Time: 0h:0m:0s
Finish initializing candidate tree set (1)
Current best tree score: -1585.664 / CPU time: 0.416
Number of iterations: 20
--------------------------------------------------------------------
|               OPTIMIZING CANDIDATE TREE SET                      |
--------------------------------------------------------------------
UPDATE BEST LOG-LIKELIHOOD: -1585.664
Iteration 30 / LogL: -1585.694 / Time: 0h:0m:0s (0h:0m:1s left)
UPDATE BEST LOG-LIKELIHOOD: -1585.664
Iteration 40 / LogL: -1585.703 / Time: 0h:0m:0s (0h:0m:1s left)
UPDATE BEST LOG-LIKELIHOOD: -1585.664
Iteration 50 / LogL: -1585.664 / Time: 0h:0m:0s (0h:0m:0s left)
Iteration 60 / LogL: -1585.704 / Time: 0h:0m:0s (0h:0m:0s left)
Iteration 70 / LogL: -1585.678 / Time: 0h:0m:0s (0h:0m:0s left)
Iteration 80 / LogL: -1585.669 / Time: 0h:0m:1s (0h:0m:0s left)
Iteration 90 / LogL: -1585.671 / Time: 0h:0m:1s (0h:0m:0s left)
Iteration 100 / LogL: -1585.695 / Time: 0h:0m:1s (0h:0m:0s left)
TREE SEARCH COMPLETED AFTER 102 ITERATIONS / Time: 0h:0m:1s

--------------------------------------------------------------------
|                    FINALIZING TREE SEARCH                        |
--------------------------------------------------------------------
Performs final model parameters optimization
Estimate model parameters (epsilon = 0.010)
1. Initial log-likelihood: -1585.664
Optimal log-likelihood: -1585.664
Gamma shape alpha: 2.358
Parameters optimization took 1 rounds (0.003 sec)
BEST SCORE FOUND : -1585.664
Total tree length: 2.305

Total number of iterations: 102
CPU time used for tree search: 1.251 sec (0h:0m:1s)
Wall-clock time used for tree search: 1.358 sec (0h:0m:1s)
Total CPU time used: 1.283 sec (0h:0m:1s)
Total wall-clock time used: 1.408 sec (0h:0m:1s)

===> START BOOTSTRAP REPLICATE NUMBER 81

Creating bootstrap alignment (seed: 375881)...

Create initial parsimony tree by phylogenetic likelihood library (PLL)... 0.000 seconds
Reading model parameters from file /Users/mful870/Desktop/MD_3di_Dev_02Oct24/Scriptorum/SubstitutionMatrix/3di_substmat

NOTE: 0 MB RAM (0 GB) is required!
Estimate model parameters (epsilon = 0.100)
1. Initial log-likelihood: -1773.631
2. Current log-likelihood: -1759.295
3. Current log-likelihood: -1759.176
Optimal log-likelihood: -1759.173
Gamma shape alpha: 1.727
Parameters optimization took 3 rounds (0.013 sec)
Computing ML distances based on estimated model parameters... 0.010 sec
Computing BIONJ tree...
0.007 seconds
Log-likelihood of BIONJ tree: -1756.303
--------------------------------------------------------------------
|             INITIALIZING CANDIDATE TREE SET                      |
--------------------------------------------------------------------
Generating 98 parsimony trees... 0.028 second
Computing log-likelihood of 43 initial trees ... 0.078 seconds
Current best score: -1756.303

Do NNI search on 20 best initial trees
Estimate model parameters (epsilon = 0.100)
BETTER TREE FOUND at iteration 1: -1756.288
Iteration 10 / LogL: -1756.330 / Time: 0h:0m:0s
Iteration 20 / LogL: -1756.371 / Time: 0h:0m:0s
Finish initializing candidate tree set (1)
Current best tree score: -1756.288 / CPU time: 0.322
Number of iterations: 20
--------------------------------------------------------------------
|               OPTIMIZING CANDIDATE TREE SET                      |
--------------------------------------------------------------------
Iteration 30 / LogL: -1776.561 / Time: 0h:0m:0s (0h:0m:1s left)
UPDATE BEST LOG-LIKELIHOOD: -1756.288
Iteration 40 / LogL: -1756.362 / Time: 0h:0m:0s (0h:0m:0s left)
Iteration 50 / LogL: -1756.331 / Time: 0h:0m:0s (0h:0m:0s left)
Iteration 60 / LogL: -1756.331 / Time: 0h:0m:0s (0h:0m:0s left)
Iteration 70 / LogL: -1756.349 / Time: 0h:0m:0s (0h:0m:0s left)
Iteration 80 / LogL: -1775.822 / Time: 0h:0m:0s (0h:0m:0s left)
UPDATE BEST LOG-LIKELIHOOD: -1756.288
UPDATE BEST LOG-LIKELIHOOD: -1756.288
Iteration 90 / LogL: -1756.361 / Time: 0h:0m:0s (0h:0m:0s left)
UPDATE BEST LOG-LIKELIHOOD: -1756.288
Iteration 100 / LogL: -1776.715 / Time: 0h:0m:1s (0h:0m:0s left)
TREE SEARCH COMPLETED AFTER 102 ITERATIONS / Time: 0h:0m:1s

--------------------------------------------------------------------
|                    FINALIZING TREE SEARCH                        |
--------------------------------------------------------------------
Performs final model parameters optimization
Estimate model parameters (epsilon = 0.010)
1. Initial log-likelihood: -1756.288
Optimal log-likelihood: -1756.288
Gamma shape alpha: 1.650
Parameters optimization took 1 rounds (0.003 sec)
BEST SCORE FOUND : -1756.288
Total tree length: 2.868

Total number of iterations: 102
CPU time used for tree search: 0.958 sec (0h:0m:0s)
Wall-clock time used for tree search: 1.022 sec (0h:0m:1s)
Total CPU time used: 0.993 sec (0h:0m:0s)
Total wall-clock time used: 1.072 sec (0h:0m:1s)

===> START BOOTSTRAP REPLICATE NUMBER 82

Creating bootstrap alignment (seed: 375882)...

Create initial parsimony tree by phylogenetic likelihood library (PLL)... 0.000 seconds
Reading model parameters from file /Users/mful870/Desktop/MD_3di_Dev_02Oct24/Scriptorum/SubstitutionMatrix/3di_substmat

NOTE: 0 MB RAM (0 GB) is required!
Estimate model parameters (epsilon = 0.100)
1. Initial log-likelihood: -1824.493
2. Current log-likelihood: -1805.860
3. Current log-likelihood: -1805.647
Optimal log-likelihood: -1805.646
Gamma shape alpha: 2.308
Parameters optimization took 3 rounds (0.014 sec)
Computing ML distances based on estimated model parameters... 0.010 sec
Computing BIONJ tree...
0.008 seconds
Log-likelihood of BIONJ tree: -1805.646
--------------------------------------------------------------------
|             INITIALIZING CANDIDATE TREE SET                      |
--------------------------------------------------------------------
Generating 99 parsimony trees... 0.018 second
Computing log-likelihood of 49 initial trees ... 0.081 seconds
Current best score: -1804.928

Do NNI search on 20 best initial trees
Estimate model parameters (epsilon = 0.100)
BETTER TREE FOUND at iteration 1: -1804.919
Iteration 10 / LogL: -1804.941 / Time: 0h:0m:0s
Iteration 20 / LogL: -1804.932 / Time: 0h:0m:0s
Finish initializing candidate tree set (1)
Current best tree score: -1804.919 / CPU time: 0.322
Number of iterations: 20
--------------------------------------------------------------------
|               OPTIMIZING CANDIDATE TREE SET                      |
--------------------------------------------------------------------
Iteration 30 / LogL: -1804.919 / Time: 0h:0m:0s (0h:0m:1s left)
Iteration 40 / LogL: -1804.921 / Time: 0h:0m:0s (0h:0m:0s left)
UPDATE BEST LOG-LIKELIHOOD: -1804.919
Iteration 50 / LogL: -1804.994 / Time: 0h:0m:0s (0h:0m:0s left)
Iteration 60 / LogL: -1804.919 / Time: 0h:0m:0s (0h:0m:0s left)
UPDATE BEST LOG-LIKELIHOOD: -1804.919
Iteration 70 / LogL: -1804.920 / Time: 0h:0m:0s (0h:0m:0s left)
UPDATE BEST LOG-LIKELIHOOD: -1804.919
Iteration 80 / LogL: -1804.922 / Time: 0h:0m:1s (0h:0m:0s left)
UPDATE BEST LOG-LIKELIHOOD: -1804.919
Iteration 90 / LogL: -1804.959 / Time: 0h:0m:1s (0h:0m:0s left)
Iteration 100 / LogL: -1804.920 / Time: 0h:0m:1s (0h:0m:0s left)
TREE SEARCH COMPLETED AFTER 102 ITERATIONS / Time: 0h:0m:1s

--------------------------------------------------------------------
|                    FINALIZING TREE SEARCH                        |
--------------------------------------------------------------------
Performs final model parameters optimization
Estimate model parameters (epsilon = 0.010)
1. Initial log-likelihood: -1804.919
Optimal log-likelihood: -1804.919
Gamma shape alpha: 2.371
Parameters optimization took 1 rounds (0.003 sec)
BEST SCORE FOUND : -1804.919
Total tree length: 3.016

Total number of iterations: 102
CPU time used for tree search: 1.117 sec (0h:0m:1s)
Wall-clock time used for tree search: 1.242 sec (0h:0m:1s)
Total CPU time used: 1.153 sec (0h:0m:1s)
Total wall-clock time used: 1.293 sec (0h:0m:1s)

===> START BOOTSTRAP REPLICATE NUMBER 83

Creating bootstrap alignment (seed: 375883)...

Create initial parsimony tree by phylogenetic likelihood library (PLL)... 0.000 seconds
Reading model parameters from file /Users/mful870/Desktop/MD_3di_Dev_02Oct24/Scriptorum/SubstitutionMatrix/3di_substmat

NOTE: 0 MB RAM (0 GB) is required!
Estimate model parameters (epsilon = 0.100)
1. Initial log-likelihood: -1704.106
2. Current log-likelihood: -1691.368
Optimal log-likelihood: -1691.298
Gamma shape alpha: 2.242
Parameters optimization took 2 rounds (0.009 sec)
Computing ML distances based on estimated model parameters... 0.010 sec
Computing BIONJ tree...
0.007 seconds
Log-likelihood of BIONJ tree: -1691.298
--------------------------------------------------------------------
|             INITIALIZING CANDIDATE TREE SET                      |
--------------------------------------------------------------------
Generating 99 parsimony trees... 0.019 second
Computing log-likelihood of 61 initial trees ... 0.115 seconds
Current best score: -1691.149

Do NNI search on 20 best initial trees
Estimate model parameters (epsilon = 0.100)
BETTER TREE FOUND at iteration 1: -1691.137
Iteration 10 / LogL: -1691.564 / Time: 0h:0m:0s
Iteration 20 / LogL: -1691.322 / Time: 0h:0m:0s
Finish initializing candidate tree set (2)
Current best tree score: -1691.137 / CPU time: 0.310
Number of iterations: 20
--------------------------------------------------------------------
|               OPTIMIZING CANDIDATE TREE SET                      |
--------------------------------------------------------------------
UPDATE BEST LOG-LIKELIHOOD: -1691.137
Iteration 30 / LogL: -1691.205 / Time: 0h:0m:0s (0h:0m:1s left)
Iteration 40 / LogL: -1691.498 / Time: 0h:0m:0s (0h:0m:0s left)
Iteration 50 / LogL: -1691.156 / Time: 0h:0m:0s (0h:0m:0s left)
Iteration 60 / LogL: -1691.146 / Time: 0h:0m:0s (0h:0m:0s left)
Iteration 70 / LogL: -1691.171 / Time: 0h:0m:0s (0h:0m:0s left)
Iteration 80 / LogL: -1691.275 / Time: 0h:0m:0s (0h:0m:0s left)
Iteration 90 / LogL: -1691.164 / Time: 0h:0m:0s (0h:0m:0s left)
UPDATE BEST LOG-LIKELIHOOD: -1691.137
Iteration 100 / LogL: -1691.137 / Time: 0h:0m:1s (0h:0m:0s left)
TREE SEARCH COMPLETED AFTER 102 ITERATIONS / Time: 0h:0m:1s

--------------------------------------------------------------------
|                    FINALIZING TREE SEARCH                        |
--------------------------------------------------------------------
Performs final model parameters optimization
Estimate model parameters (epsilon = 0.010)
1. Initial log-likelihood: -1691.137
Optimal log-likelihood: -1691.137
Gamma shape alpha: 2.332
Parameters optimization took 1 rounds (0.005 sec)
BEST SCORE FOUND : -1691.137
Total tree length: 2.552

Total number of iterations: 102
CPU time used for tree search: 0.982 sec (0h:0m:0s)
Wall-clock time used for tree search: 1.042 sec (0h:0m:1s)
Total CPU time used: 1.014 sec (0h:0m:1s)
Total wall-clock time used: 1.086 sec (0h:0m:1s)

===> START BOOTSTRAP REPLICATE NUMBER 84

Creating bootstrap alignment (seed: 375884)...

Create initial parsimony tree by phylogenetic likelihood library (PLL)... 0.000 seconds
Reading model parameters from file /Users/mful870/Desktop/MD_3di_Dev_02Oct24/Scriptorum/SubstitutionMatrix/3di_substmat

NOTE: 0 MB RAM (0 GB) is required!
Estimate model parameters (epsilon = 0.100)
1. Initial log-likelihood: -1740.526
2. Current log-likelihood: -1720.305
Optimal log-likelihood: -1720.210
Gamma shape alpha: 1.488
Parameters optimization took 2 rounds (0.008 sec)
Computing ML distances based on estimated model parameters... 0.011 sec
Computing BIONJ tree...
0.010 seconds
Log-likelihood of BIONJ tree: -1717.434
--------------------------------------------------------------------
|             INITIALIZING CANDIDATE TREE SET                      |
--------------------------------------------------------------------
Generating 98 parsimony trees... 0.020 second
Computing log-likelihood of 58 initial trees ... 0.100 seconds
Current best score: -1711.900

Do NNI search on 20 best initial trees
Estimate model parameters (epsilon = 0.100)
BETTER TREE FOUND at iteration 1: -1711.865
Iteration 10 / LogL: -1711.883 / Time: 0h:0m:0s
Iteration 20 / LogL: -1712.282 / Time: 0h:0m:0s
Finish initializing candidate tree set (1)
Current best tree score: -1711.865 / CPU time: 0.332
Number of iterations: 20
--------------------------------------------------------------------
|               OPTIMIZING CANDIDATE TREE SET                      |
--------------------------------------------------------------------
UPDATE BEST LOG-LIKELIHOOD: -1711.865
UPDATE BEST LOG-LIKELIHOOD: -1711.865
Iteration 30 / LogL: -1711.865 / Time: 0h:0m:0s (0h:0m:1s left)
Iteration 40 / LogL: -1712.136 / Time: 0h:0m:0s (0h:0m:0s left)
Iteration 50 / LogL: -1711.865 / Time: 0h:0m:0s (0h:0m:0s left)
Iteration 60 / LogL: -1711.877 / Time: 0h:0m:0s (0h:0m:0s left)
UPDATE BEST LOG-LIKELIHOOD: -1711.865
UPDATE BEST LOG-LIKELIHOOD: -1711.865
Iteration 70 / LogL: -1711.865 / Time: 0h:0m:0s (0h:0m:0s left)
UPDATE BEST LOG-LIKELIHOOD: -1711.865
Iteration 80 / LogL: -1711.869 / Time: 0h:0m:1s (0h:0m:0s left)
Iteration 90 / LogL: -1712.733 / Time: 0h:0m:1s (0h:0m:0s left)
Iteration 100 / LogL: -1711.876 / Time: 0h:0m:1s (0h:0m:0s left)
TREE SEARCH COMPLETED AFTER 102 ITERATIONS / Time: 0h:0m:1s

--------------------------------------------------------------------
|                    FINALIZING TREE SEARCH                        |
--------------------------------------------------------------------
Performs final model parameters optimization
Estimate model parameters (epsilon = 0.010)
1. Initial log-likelihood: -1711.865
Optimal log-likelihood: -1711.865
Gamma shape alpha: 1.511
Parameters optimization took 1 rounds (0.003 sec)
BEST SCORE FOUND : -1711.865
Total tree length: 3.118

Total number of iterations: 102
CPU time used for tree search: 1.125 sec (0h:0m:1s)
Wall-clock time used for tree search: 1.179 sec (0h:0m:1s)
Total CPU time used: 1.159 sec (0h:0m:1s)
Total wall-clock time used: 1.230 sec (0h:0m:1s)

===> START BOOTSTRAP REPLICATE NUMBER 85

Creating bootstrap alignment (seed: 375885)...

Create initial parsimony tree by phylogenetic likelihood library (PLL)... 0.000 seconds
Reading model parameters from file /Users/mful870/Desktop/MD_3di_Dev_02Oct24/Scriptorum/SubstitutionMatrix/3di_substmat

NOTE: 0 MB RAM (0 GB) is required!
Estimate model parameters (epsilon = 0.100)
1. Initial log-likelihood: -1768.106
2. Current log-likelihood: -1746.531
3. Current log-likelihood: -1745.885
Optimal log-likelihood: -1745.880
Gamma shape alpha: 2.748
Parameters optimization took 3 rounds (0.014 sec)
Computing ML distances based on estimated model parameters... 0.011 sec
Computing BIONJ tree...
0.009 seconds
Log-likelihood of BIONJ tree: -1744.261
--------------------------------------------------------------------
|             INITIALIZING CANDIDATE TREE SET                      |
--------------------------------------------------------------------
Generating 98 parsimony trees... 0.024 second
Computing log-likelihood of 52 initial trees ... 0.088 seconds
Current best score: -1741.593

Do NNI search on 20 best initial trees
Estimate model parameters (epsilon = 0.100)
BETTER TREE FOUND at iteration 1: -1741.457
Iteration 10 / LogL: -1741.587 / Time: 0h:0m:0s
Iteration 20 / LogL: -1741.744 / Time: 0h:0m:0s
Finish initializing candidate tree set (1)
Current best tree score: -1741.457 / CPU time: 0.316
Number of iterations: 20
--------------------------------------------------------------------
|               OPTIMIZING CANDIDATE TREE SET                      |
--------------------------------------------------------------------
UPDATE BEST LOG-LIKELIHOOD: -1741.457
UPDATE BEST LOG-LIKELIHOOD: -1741.457
Iteration 30 / LogL: -1741.478 / Time: 0h:0m:0s (0h:0m:1s left)
UPDATE BEST LOG-LIKELIHOOD: -1741.457
Iteration 40 / LogL: -1741.457 / Time: 0h:0m:0s (0h:0m:0s left)
UPDATE BEST LOG-LIKELIHOOD: -1741.457
Iteration 50 / LogL: -1741.467 / Time: 0h:0m:0s (0h:0m:0s left)
Iteration 60 / LogL: -1741.533 / Time: 0h:0m:0s (0h:0m:0s left)
UPDATE BEST LOG-LIKELIHOOD: -1741.457
UPDATE BEST LOG-LIKELIHOOD: -1741.457
Iteration 70 / LogL: -1741.461 / Time: 0h:0m:0s (0h:0m:0s left)
Iteration 80 / LogL: -1741.467 / Time: 0h:0m:1s (0h:0m:0s left)
Iteration 90 / LogL: -1741.457 / Time: 0h:0m:1s (0h:0m:0s left)
Iteration 100 / LogL: -1741.477 / Time: 0h:0m:1s (0h:0m:0s left)
TREE SEARCH COMPLETED AFTER 102 ITERATIONS / Time: 0h:0m:1s

--------------------------------------------------------------------
|                    FINALIZING TREE SEARCH                        |
--------------------------------------------------------------------
Performs final model parameters optimization
Estimate model parameters (epsilon = 0.010)
1. Initial log-likelihood: -1741.457
Optimal log-likelihood: -1741.457
Gamma shape alpha: 2.340
Parameters optimization took 1 rounds (0.003 sec)
BEST SCORE FOUND : -1741.457
Total tree length: 2.711

Total number of iterations: 102
CPU time used for tree search: 1.149 sec (0h:0m:1s)
Wall-clock time used for tree search: 1.247 sec (0h:0m:1s)
Total CPU time used: 1.187 sec (0h:0m:1s)
Total wall-clock time used: 1.331 sec (0h:0m:1s)

===> START BOOTSTRAP REPLICATE NUMBER 86

Creating bootstrap alignment (seed: 375886)...

Create initial parsimony tree by phylogenetic likelihood library (PLL)... 0.017 seconds
Reading model parameters from file /Users/mful870/Desktop/MD_3di_Dev_02Oct24/Scriptorum/SubstitutionMatrix/3di_substmat

NOTE: 0 MB RAM (0 GB) is required!
Estimate model parameters (epsilon = 0.100)
1. Initial log-likelihood: -1694.998
2. Current log-likelihood: -1679.649
3. Current log-likelihood: -1679.519
Optimal log-likelihood: -1679.518
Gamma shape alpha: 2.111
Parameters optimization took 3 rounds (0.012 sec)
Computing ML distances based on estimated model parameters... 0.012 sec
Computing BIONJ tree...
0.009 seconds
Log-likelihood of BIONJ tree: -1676.868
--------------------------------------------------------------------
|             INITIALIZING CANDIDATE TREE SET                      |
--------------------------------------------------------------------
Generating 98 parsimony trees... 0.029 second
Computing log-likelihood of 55 initial trees ... 0.102 seconds
Current best score: -1676.868

Do NNI search on 20 best initial trees
Estimate model parameters (epsilon = 0.100)
BETTER TREE FOUND at iteration 1: -1676.839
Iteration 10 / LogL: -1676.867 / Time: 0h:0m:0s
Iteration 20 / LogL: -1676.869 / Time: 0h:0m:0s
Finish initializing candidate tree set (2)
Current best tree score: -1676.839 / CPU time: 0.310
Number of iterations: 20
--------------------------------------------------------------------
|               OPTIMIZING CANDIDATE TREE SET                      |
--------------------------------------------------------------------
Iteration 30 / LogL: -1676.860 / Time: 0h:0m:0s (0h:0m:1s left)
Iteration 40 / LogL: -1676.839 / Time: 0h:0m:0s (0h:0m:0s left)
Iteration 50 / LogL: -1680.532 / Time: 0h:0m:0s (0h:0m:0s left)
UPDATE BEST LOG-LIKELIHOOD: -1676.839
Iteration 60 / LogL: -1677.386 / Time: 0h:0m:0s (0h:0m:0s left)
UPDATE BEST LOG-LIKELIHOOD: -1676.839
Iteration 70 / LogL: -1676.853 / Time: 0h:0m:0s (0h:0m:0s left)
Iteration 80 / LogL: -1676.847 / Time: 0h:0m:1s (0h:0m:0s left)
UPDATE BEST LOG-LIKELIHOOD: -1676.839
Iteration 90 / LogL: -1676.865 / Time: 0h:0m:1s (0h:0m:0s left)
Iteration 100 / LogL: -1680.602 / Time: 0h:0m:1s (0h:0m:0s left)
TREE SEARCH COMPLETED AFTER 102 ITERATIONS / Time: 0h:0m:1s

--------------------------------------------------------------------
|                    FINALIZING TREE SEARCH                        |
--------------------------------------------------------------------
Performs final model parameters optimization
Estimate model parameters (epsilon = 0.010)
1. Initial log-likelihood: -1676.839
Optimal log-likelihood: -1676.839
Gamma shape alpha: 2.273
Parameters optimization took 1 rounds (0.002 sec)
BEST SCORE FOUND : -1676.839
Total tree length: 2.552

Total number of iterations: 102
CPU time used for tree search: 1.127 sec (0h:0m:1s)
Wall-clock time used for tree search: 1.185 sec (0h:0m:1s)
Total CPU time used: 1.160 sec (0h:0m:1s)
Total wall-clock time used: 1.301 sec (0h:0m:1s)

===> START BOOTSTRAP REPLICATE NUMBER 87

Creating bootstrap alignment (seed: 375887)...

Create initial parsimony tree by phylogenetic likelihood library (PLL)... 0.000 seconds
Reading model parameters from file /Users/mful870/Desktop/MD_3di_Dev_02Oct24/Scriptorum/SubstitutionMatrix/3di_substmat

NOTE: 0 MB RAM (0 GB) is required!
Estimate model parameters (epsilon = 0.100)
1. Initial log-likelihood: -1849.875
2. Current log-likelihood: -1823.655
3. Current log-likelihood: -1823.315
Optimal log-likelihood: -1823.314
Gamma shape alpha: 4.380
Parameters optimization took 3 rounds (0.044 sec)
Computing ML distances based on estimated model parameters... 0.012 sec
Computing BIONJ tree...
0.007 seconds
Log-likelihood of BIONJ tree: -1829.815
--------------------------------------------------------------------
|             INITIALIZING CANDIDATE TREE SET                      |
--------------------------------------------------------------------
Generating 98 parsimony trees... 0.029 second
Computing log-likelihood of 49 initial trees ... 0.096 seconds
Current best score: -1823.314

Do NNI search on 20 best initial trees
Estimate model parameters (epsilon = 0.100)
BETTER TREE FOUND at iteration 1: -1823.314
Iteration 10 / LogL: -1823.364 / Time: 0h:0m:0s
Iteration 20 / LogL: -1823.512 / Time: 0h:0m:0s
Finish initializing candidate tree set (2)
Current best tree score: -1823.314 / CPU time: 0.313
Number of iterations: 20
--------------------------------------------------------------------
|               OPTIMIZING CANDIDATE TREE SET                      |
--------------------------------------------------------------------
Iteration 30 / LogL: -1823.459 / Time: 0h:0m:0s (0h:0m:1s left)
Iteration 40 / LogL: -1824.420 / Time: 0h:0m:0s (0h:0m:1s left)
UPDATE BEST LOG-LIKELIHOOD: -1823.314
Iteration 50 / LogL: -1829.837 / Time: 0h:0m:0s (0h:0m:0s left)
Iteration 60 / LogL: -1823.394 / Time: 0h:0m:0s (0h:0m:0s left)
Iteration 70 / LogL: -1829.907 / Time: 0h:0m:0s (0h:0m:0s left)
Iteration 80 / LogL: -1823.390 / Time: 0h:0m:1s (0h:0m:0s left)
UPDATE BEST LOG-LIKELIHOOD: -1823.314
Iteration 90 / LogL: -1823.314 / Time: 0h:0m:1s (0h:0m:0s left)
Iteration 100 / LogL: -1823.362 / Time: 0h:0m:1s (0h:0m:0s left)
TREE SEARCH COMPLETED AFTER 102 ITERATIONS / Time: 0h:0m:1s

--------------------------------------------------------------------
|                    FINALIZING TREE SEARCH                        |
--------------------------------------------------------------------
Performs final model parameters optimization
Estimate model parameters (epsilon = 0.010)
1. Initial log-likelihood: -1823.314
Optimal log-likelihood: -1823.314
Gamma shape alpha: 4.380
Parameters optimization took 1 rounds (0.003 sec)
BEST SCORE FOUND : -1823.314
Total tree length: 2.949

Total number of iterations: 102
CPU time used for tree search: 1.177 sec (0h:0m:1s)
Wall-clock time used for tree search: 1.254 sec (0h:0m:1s)
Total CPU time used: 1.224 sec (0h:0m:1s)
Total wall-clock time used: 1.352 sec (0h:0m:1s)

===> START BOOTSTRAP REPLICATE NUMBER 88

Creating bootstrap alignment (seed: 375888)...

Create initial parsimony tree by phylogenetic likelihood library (PLL)... 0.000 seconds
Reading model parameters from file /Users/mful870/Desktop/MD_3di_Dev_02Oct24/Scriptorum/SubstitutionMatrix/3di_substmat

NOTE: 0 MB RAM (0 GB) is required!
Estimate model parameters (epsilon = 0.100)
1. Initial log-likelihood: -1779.727
2. Current log-likelihood: -1764.021
Optimal log-likelihood: -1763.932
Gamma shape alpha: 1.989
Parameters optimization took 2 rounds (0.012 sec)
Computing ML distances based on estimated model parameters... 0.010 sec
Computing BIONJ tree...
0.031 seconds
Log-likelihood of BIONJ tree: -1763.931
--------------------------------------------------------------------
|             INITIALIZING CANDIDATE TREE SET                      |
--------------------------------------------------------------------
Generating 99 parsimony trees... 0.023 second
Computing log-likelihood of 53 initial trees ... 0.086 seconds
Current best score: -1763.237

Do NNI search on 20 best initial trees
Estimate model parameters (epsilon = 0.100)
BETTER TREE FOUND at iteration 1: -1762.453
Iteration 10 / LogL: -1762.456 / Time: 0h:0m:0s
Iteration 20 / LogL: -1762.478 / Time: 0h:0m:0s
Finish initializing candidate tree set (2)
Current best tree score: -1762.453 / CPU time: 0.300
Number of iterations: 20
--------------------------------------------------------------------
|               OPTIMIZING CANDIDATE TREE SET                      |
--------------------------------------------------------------------
Iteration 30 / LogL: -1762.460 / Time: 0h:0m:0s (0h:0m:1s left)
Iteration 40 / LogL: -1762.467 / Time: 0h:0m:0s (0h:0m:0s left)
Iteration 50 / LogL: -1771.912 / Time: 0h:0m:0s (0h:0m:0s left)
UPDATE BEST LOG-LIKELIHOOD: -1762.453
Iteration 60 / LogL: -1774.364 / Time: 0h:0m:0s (0h:0m:0s left)
Iteration 70 / LogL: -1762.456 / Time: 0h:0m:0s (0h:0m:0s left)
Iteration 80 / LogL: -1771.971 / Time: 0h:0m:0s (0h:0m:0s left)
UPDATE BEST LOG-LIKELIHOOD: -1762.453
Iteration 90 / LogL: -1762.498 / Time: 0h:0m:1s (0h:0m:0s left)
Iteration 100 / LogL: -1814.421 / Time: 0h:0m:1s (0h:0m:0s left)
TREE SEARCH COMPLETED AFTER 102 ITERATIONS / Time: 0h:0m:1s

--------------------------------------------------------------------
|                    FINALIZING TREE SEARCH                        |
--------------------------------------------------------------------
Performs final model parameters optimization
Estimate model parameters (epsilon = 0.010)
1. Initial log-likelihood: -1762.453
Optimal log-likelihood: -1762.453
Gamma shape alpha: 1.862
Parameters optimization took 1 rounds (0.003 sec)
BEST SCORE FOUND : -1762.453
Total tree length: 2.775

Total number of iterations: 102
CPU time used for tree search: 1.000 sec (0h:0m:0s)
Wall-clock time used for tree search: 1.064 sec (0h:0m:1s)
Total CPU time used: 1.033 sec (0h:0m:1s)
Total wall-clock time used: 1.150 sec (0h:0m:1s)

===> START BOOTSTRAP REPLICATE NUMBER 89

Creating bootstrap alignment (seed: 375889)...

Create initial parsimony tree by phylogenetic likelihood library (PLL)... 0.000 seconds
Reading model parameters from file /Users/mful870/Desktop/MD_3di_Dev_02Oct24/Scriptorum/SubstitutionMatrix/3di_substmat

NOTE: 0 MB RAM (0 GB) is required!
Estimate model parameters (epsilon = 0.100)
1. Initial log-likelihood: -1629.614
2. Current log-likelihood: -1611.306
Optimal log-likelihood: -1611.277
Gamma shape alpha: 1.221
Parameters optimization took 2 rounds (0.007 sec)
Computing ML distances based on estimated model parameters... 0.011 sec
Computing BIONJ tree...
0.007 seconds
Log-likelihood of BIONJ tree: -1609.867
--------------------------------------------------------------------
|             INITIALIZING CANDIDATE TREE SET                      |
--------------------------------------------------------------------
Generating 98 parsimony trees... 0.020 second
Computing log-likelihood of 58 initial trees ... 0.094 seconds
Current best score: -1609.867

Do NNI search on 20 best initial trees
Estimate model parameters (epsilon = 0.100)
BETTER TREE FOUND at iteration 1: -1609.867
Iteration 10 / LogL: -1609.889 / Time: 0h:0m:0s
Iteration 20 / LogL: -1609.950 / Time: 0h:0m:0s
Finish initializing candidate tree set (1)
Current best tree score: -1609.867 / CPU time: 0.288
Number of iterations: 20
--------------------------------------------------------------------
|               OPTIMIZING CANDIDATE TREE SET                      |
--------------------------------------------------------------------
Iteration 30 / LogL: -1609.913 / Time: 0h:0m:0s (0h:0m:1s left)
UPDATE BEST LOG-LIKELIHOOD: -1609.867
Iteration 40 / LogL: -1609.941 / Time: 0h:0m:0s (0h:0m:0s left)
UPDATE BEST LOG-LIKELIHOOD: -1609.867
UPDATE BEST LOG-LIKELIHOOD: -1609.867
Iteration 50 / LogL: -1609.875 / Time: 0h:0m:0s (0h:0m:0s left)
Iteration 60 / LogL: -1609.948 / Time: 0h:0m:0s (0h:0m:0s left)
Iteration 70 / LogL: -1609.876 / Time: 0h:0m:0s (0h:0m:0s left)
Iteration 80 / LogL: -1610.196 / Time: 0h:0m:0s (0h:0m:0s left)
Iteration 90 / LogL: -1609.897 / Time: 0h:0m:1s (0h:0m:0s left)
Iteration 100 / LogL: -1610.223 / Time: 0h:0m:1s (0h:0m:0s left)
TREE SEARCH COMPLETED AFTER 102 ITERATIONS / Time: 0h:0m:1s

--------------------------------------------------------------------
|                    FINALIZING TREE SEARCH                        |
--------------------------------------------------------------------
Performs final model parameters optimization
Estimate model parameters (epsilon = 0.010)
1. Initial log-likelihood: -1609.867
Optimal log-likelihood: -1609.867
Gamma shape alpha: 1.214
Parameters optimization took 1 rounds (0.002 sec)
BEST SCORE FOUND : -1609.867
Total tree length: 2.886

Total number of iterations: 102
CPU time used for tree search: 1.031 sec (0h:0m:1s)
Wall-clock time used for tree search: 1.091 sec (0h:0m:1s)
Total CPU time used: 1.061 sec (0h:0m:1s)
Total wall-clock time used: 1.135 sec (0h:0m:1s)

===> START BOOTSTRAP REPLICATE NUMBER 90

Creating bootstrap alignment (seed: 375890)...

Create initial parsimony tree by phylogenetic likelihood library (PLL)... 0.000 seconds
Reading model parameters from file /Users/mful870/Desktop/MD_3di_Dev_02Oct24/Scriptorum/SubstitutionMatrix/3di_substmat

NOTE: 0 MB RAM (0 GB) is required!
Estimate model parameters (epsilon = 0.100)
1. Initial log-likelihood: -1804.949
2. Current log-likelihood: -1793.531
Optimal log-likelihood: -1793.468
Gamma shape alpha: 1.692
Parameters optimization took 2 rounds (0.008 sec)
Computing ML distances based on estimated model parameters... 0.010 sec
Computing BIONJ tree...
0.007 seconds
Log-likelihood of BIONJ tree: -1800.074
--------------------------------------------------------------------
|             INITIALIZING CANDIDATE TREE SET                      |
--------------------------------------------------------------------
Generating 98 parsimony trees... 0.020 second
Computing log-likelihood of 53 initial trees ... 0.087 seconds
Current best score: -1793.468

Do NNI search on 20 best initial trees
Estimate model parameters (epsilon = 0.100)
BETTER TREE FOUND at iteration 1: -1793.467
Iteration 10 / LogL: -1793.498 / Time: 0h:0m:0s
Iteration 20 / LogL: -1793.509 / Time: 0h:0m:0s
Finish initializing candidate tree set (2)
Current best tree score: -1793.467 / CPU time: 0.312
Number of iterations: 20
--------------------------------------------------------------------
|               OPTIMIZING CANDIDATE TREE SET                      |
--------------------------------------------------------------------
Iteration 30 / LogL: -1795.946 / Time: 0h:0m:0s (0h:0m:1s left)
Iteration 40 / LogL: -1793.496 / Time: 0h:0m:0s (0h:0m:0s left)
Iteration 50 / LogL: -1793.489 / Time: 0h:0m:0s (0h:0m:0s left)
Iteration 60 / LogL: -1793.497 / Time: 0h:0m:0s (0h:0m:0s left)
UPDATE BEST LOG-LIKELIHOOD: -1793.467
Iteration 70 / LogL: -1793.467 / Time: 0h:0m:0s (0h:0m:0s left)
UPDATE BEST LOG-LIKELIHOOD: -1793.467
UPDATE BEST LOG-LIKELIHOOD: -1793.467
Iteration 80 / LogL: -1793.499 / Time: 0h:0m:0s (0h:0m:0s left)
Iteration 90 / LogL: -1795.584 / Time: 0h:0m:1s (0h:0m:0s left)
Iteration 100 / LogL: -1793.489 / Time: 0h:0m:1s (0h:0m:0s left)
TREE SEARCH COMPLETED AFTER 102 ITERATIONS / Time: 0h:0m:1s

--------------------------------------------------------------------
|                    FINALIZING TREE SEARCH                        |
--------------------------------------------------------------------
Performs final model parameters optimization
Estimate model parameters (epsilon = 0.010)
1. Initial log-likelihood: -1793.467
Optimal log-likelihood: -1793.467
Gamma shape alpha: 1.699
Parameters optimization took 1 rounds (0.021 sec)
BEST SCORE FOUND : -1793.467
Total tree length: 2.955

Total number of iterations: 102
CPU time used for tree search: 1.128 sec (0h:0m:1s)
Wall-clock time used for tree search: 1.156 sec (0h:0m:1s)
Total CPU time used: 1.158 sec (0h:0m:1s)
Total wall-clock time used: 1.216 sec (0h:0m:1s)

===> START BOOTSTRAP REPLICATE NUMBER 91

Creating bootstrap alignment (seed: 375891)...

Create initial parsimony tree by phylogenetic likelihood library (PLL)... 0.000 seconds
Reading model parameters from file /Users/mful870/Desktop/MD_3di_Dev_02Oct24/Scriptorum/SubstitutionMatrix/3di_substmat

NOTE: 0 MB RAM (0 GB) is required!
Estimate model parameters (epsilon = 0.100)
1. Initial log-likelihood: -1726.534
2. Current log-likelihood: -1710.181
Optimal log-likelihood: -1710.116
Gamma shape alpha: 1.805
Parameters optimization took 2 rounds (0.027 sec)
Computing ML distances based on estimated model parameters... 0.012 sec
Computing BIONJ tree...
0.024 seconds
Log-likelihood of BIONJ tree: -1700.805
--------------------------------------------------------------------
|             INITIALIZING CANDIDATE TREE SET                      |
--------------------------------------------------------------------
Generating 98 parsimony trees... 0.021 second
Computing log-likelihood of 58 initial trees ... 0.095 seconds
Current best score: -1700.805

Do NNI search on 20 best initial trees
Estimate model parameters (epsilon = 0.100)
BETTER TREE FOUND at iteration 1: -1700.684
Iteration 10 / LogL: -1700.689 / Time: 0h:0m:0s
Iteration 20 / LogL: -1700.708 / Time: 0h:0m:0s
Finish initializing candidate tree set (2)
Current best tree score: -1700.684 / CPU time: 0.282
Number of iterations: 20
--------------------------------------------------------------------
|               OPTIMIZING CANDIDATE TREE SET                      |
--------------------------------------------------------------------
UPDATE BEST LOG-LIKELIHOOD: -1700.684
Iteration 30 / LogL: -1700.698 / Time: 0h:0m:0s (0h:0m:1s left)
Iteration 40 / LogL: -1706.506 / Time: 0h:0m:0s (0h:0m:0s left)
Iteration 50 / LogL: -1706.244 / Time: 0h:0m:0s (0h:0m:0s left)
Iteration 60 / LogL: -1706.192 / Time: 0h:0m:0s (0h:0m:0s left)
UPDATE BEST LOG-LIKELIHOOD: -1700.684
Iteration 70 / LogL: -1700.684 / Time: 0h:0m:0s (0h:0m:0s left)
UPDATE BEST LOG-LIKELIHOOD: -1700.684
Iteration 80 / LogL: -1706.697 / Time: 0h:0m:0s (0h:0m:0s left)
UPDATE BEST LOG-LIKELIHOOD: -1700.684
Iteration 90 / LogL: -1700.829 / Time: 0h:0m:1s (0h:0m:0s left)
Iteration 100 / LogL: -1706.168 / Time: 0h:0m:1s (0h:0m:0s left)
TREE SEARCH COMPLETED AFTER 102 ITERATIONS / Time: 0h:0m:1s

--------------------------------------------------------------------
|                    FINALIZING TREE SEARCH                        |
--------------------------------------------------------------------
Performs final model parameters optimization
Estimate model parameters (epsilon = 0.010)
1. Initial log-likelihood: -1700.684
Optimal log-likelihood: -1700.684
Gamma shape alpha: 2.080
Parameters optimization took 1 rounds (0.003 sec)
BEST SCORE FOUND : -1700.684
Total tree length: 2.549

Total number of iterations: 102
CPU time used for tree search: 1.024 sec (0h:0m:1s)
Wall-clock time used for tree search: 1.083 sec (0h:0m:1s)
Total CPU time used: 1.059 sec (0h:0m:1s)
Total wall-clock time used: 1.184 sec (0h:0m:1s)

===> START BOOTSTRAP REPLICATE NUMBER 92

Creating bootstrap alignment (seed: 375892)...

Create initial parsimony tree by phylogenetic likelihood library (PLL)... 0.000 seconds
Reading model parameters from file /Users/mful870/Desktop/MD_3di_Dev_02Oct24/Scriptorum/SubstitutionMatrix/3di_substmat

NOTE: 0 MB RAM (0 GB) is required!
Estimate model parameters (epsilon = 0.100)
1. Initial log-likelihood: -1697.854
2. Current log-likelihood: -1682.412
Optimal log-likelihood: -1682.353
Gamma shape alpha: 1.884
Parameters optimization took 2 rounds (0.008 sec)
Computing ML distances based on estimated model parameters... 0.010 sec
Computing BIONJ tree...
0.026 seconds
Log-likelihood of BIONJ tree: -1673.058
--------------------------------------------------------------------
|             INITIALIZING CANDIDATE TREE SET                      |
--------------------------------------------------------------------
Generating 98 parsimony trees... 0.019 second
Computing log-likelihood of 61 initial trees ... 0.125 seconds
Current best score: -1673.058

Do NNI search on 20 best initial trees
Estimate model parameters (epsilon = 0.100)
BETTER TREE FOUND at iteration 1: -1672.977
Iteration 10 / LogL: -1673.040 / Time: 0h:0m:0s
Iteration 20 / LogL: -1672.981 / Time: 0h:0m:0s
Finish initializing candidate tree set (1)
Current best tree score: -1672.977 / CPU time: 0.319
Number of iterations: 20
--------------------------------------------------------------------
|               OPTIMIZING CANDIDATE TREE SET                      |
--------------------------------------------------------------------
Iteration 30 / LogL: -1673.373 / Time: 0h:0m:0s (0h:0m:1s left)
UPDATE BEST LOG-LIKELIHOOD: -1672.976
UPDATE BEST LOG-LIKELIHOOD: -1672.976
UPDATE BEST LOG-LIKELIHOOD: -1672.976
Iteration 40 / LogL: -1672.976 / Time: 0h:0m:0s (0h:0m:0s left)
Iteration 50 / LogL: -1672.990 / Time: 0h:0m:0s (0h:0m:0s left)
Iteration 60 / LogL: -1672.979 / Time: 0h:0m:0s (0h:0m:0s left)
Iteration 70 / LogL: -1672.994 / Time: 0h:0m:0s (0h:0m:0s left)
UPDATE BEST LOG-LIKELIHOOD: -1672.976
Iteration 80 / LogL: -1672.976 / Time: 0h:0m:1s (0h:0m:0s left)
Iteration 90 / LogL: -1673.005 / Time: 0h:0m:1s (0h:0m:0s left)
UPDATE BEST LOG-LIKELIHOOD: -1672.976
Iteration 100 / LogL: -1672.992 / Time: 0h:0m:1s (0h:0m:0s left)
TREE SEARCH COMPLETED AFTER 102 ITERATIONS / Time: 0h:0m:1s

--------------------------------------------------------------------
|                    FINALIZING TREE SEARCH                        |
--------------------------------------------------------------------
Performs final model parameters optimization
Estimate model parameters (epsilon = 0.010)
1. Initial log-likelihood: -1672.976
Optimal log-likelihood: -1672.976
Gamma shape alpha: 2.123
Parameters optimization took 1 rounds (0.003 sec)
BEST SCORE FOUND : -1672.976
Total tree length: 2.325

Total number of iterations: 102
CPU time used for tree search: 1.089 sec (0h:0m:1s)
Wall-clock time used for tree search: 1.164 sec (0h:0m:1s)
Total CPU time used: 1.121 sec (0h:0m:1s)
Total wall-clock time used: 1.244 sec (0h:0m:1s)

===> START BOOTSTRAP REPLICATE NUMBER 93

Creating bootstrap alignment (seed: 375893)...

Create initial parsimony tree by phylogenetic likelihood library (PLL)... 0.000 seconds
Reading model parameters from file /Users/mful870/Desktop/MD_3di_Dev_02Oct24/Scriptorum/SubstitutionMatrix/3di_substmat

NOTE: 0 MB RAM (0 GB) is required!
Estimate model parameters (epsilon = 0.100)
1. Initial log-likelihood: -1771.613
2. Current log-likelihood: -1754.326
Optimal log-likelihood: -1754.297
Gamma shape alpha: 1.346
Parameters optimization took 2 rounds (0.011 sec)
Computing ML distances based on estimated model parameters... 0.010 sec
Computing BIONJ tree...
0.008 seconds
Log-likelihood of BIONJ tree: -1757.437
--------------------------------------------------------------------
|             INITIALIZING CANDIDATE TREE SET                      |
--------------------------------------------------------------------
Generating 98 parsimony trees... 0.020 second
Computing log-likelihood of 67 initial trees ... 0.122 seconds
Current best score: -1752.927

Do NNI search on 20 best initial trees
Estimate model parameters (epsilon = 0.100)
BETTER TREE FOUND at iteration 1: -1749.874
Iteration 10 / LogL: -1757.549 / Time: 0h:0m:0s
Iteration 20 / LogL: -1749.878 / Time: 0h:0m:0s
Finish initializing candidate tree set (2)
Current best tree score: -1749.874 / CPU time: 0.373
Number of iterations: 20
--------------------------------------------------------------------
|               OPTIMIZING CANDIDATE TREE SET                      |
--------------------------------------------------------------------
UPDATE BEST LOG-LIKELIHOOD: -1749.874
Iteration 30 / LogL: -1757.608 / Time: 0h:0m:0s (0h:0m:1s left)
Iteration 40 / LogL: -1749.874 / Time: 0h:0m:0s (0h:0m:0s left)
Iteration 50 / LogL: -1749.882 / Time: 0h:0m:0s (0h:0m:0s left)
Iteration 60 / LogL: -1749.876 / Time: 0h:0m:0s (0h:0m:0s left)
UPDATE BEST LOG-LIKELIHOOD: -1749.874
UPDATE BEST LOG-LIKELIHOOD: -1749.874
UPDATE BEST LOG-LIKELIHOOD: -1749.874
Iteration 70 / LogL: -1749.874 / Time: 0h:0m:1s (0h:0m:0s left)
Iteration 80 / LogL: -1749.895 / Time: 0h:0m:1s (0h:0m:0s left)
UPDATE BEST LOG-LIKELIHOOD: -1749.874
Iteration 90 / LogL: -1749.882 / Time: 0h:0m:1s (0h:0m:0s left)
UPDATE BEST LOG-LIKELIHOOD: -1749.874
UPDATE BEST LOG-LIKELIHOOD: -1749.874
Iteration 100 / LogL: -1749.881 / Time: 0h:0m:1s (0h:0m:0s left)
TREE SEARCH COMPLETED AFTER 102 ITERATIONS / Time: 0h:0m:1s

--------------------------------------------------------------------
|                    FINALIZING TREE SEARCH                        |
--------------------------------------------------------------------
Performs final model parameters optimization
Estimate model parameters (epsilon = 0.010)
1. Initial log-likelihood: -1749.874
Optimal log-likelihood: -1749.874
Gamma shape alpha: 1.451
Parameters optimization took 1 rounds (0.003 sec)
BEST SCORE FOUND : -1749.874
Total tree length: 2.912

Total number of iterations: 102
CPU time used for tree search: 1.356 sec (0h:0m:1s)
Wall-clock time used for tree search: 1.430 sec (0h:0m:1s)
Total CPU time used: 1.388 sec (0h:0m:1s)
Total wall-clock time used: 1.479 sec (0h:0m:1s)

===> START BOOTSTRAP REPLICATE NUMBER 94

Creating bootstrap alignment (seed: 375894)...

Create initial parsimony tree by phylogenetic likelihood library (PLL)... 0.000 seconds
Reading model parameters from file /Users/mful870/Desktop/MD_3di_Dev_02Oct24/Scriptorum/SubstitutionMatrix/3di_substmat

NOTE: 0 MB RAM (0 GB) is required!
Estimate model parameters (epsilon = 0.100)
1. Initial log-likelihood: -1747.188
2. Current log-likelihood: -1732.485
Optimal log-likelihood: -1732.442
Gamma shape alpha: 1.325
Parameters optimization took 2 rounds (0.008 sec)
Computing ML distances based on estimated model parameters... 0.012 sec
Computing BIONJ tree...
0.008 seconds
Log-likelihood of BIONJ tree: -1732.825
--------------------------------------------------------------------
|             INITIALIZING CANDIDATE TREE SET                      |
--------------------------------------------------------------------
Generating 98 parsimony trees... 0.020 second
Computing log-likelihood of 51 initial trees ... 0.086 seconds
Current best score: -1732.442

Do NNI search on 20 best initial trees
Estimate model parameters (epsilon = 0.100)
BETTER TREE FOUND at iteration 1: -1732.442
BETTER TREE FOUND at iteration 3: -1732.436
Estimate model parameters (epsilon = 0.100)
UPDATE BEST LOG-LIKELIHOOD: -1732.199
Iteration 10 / LogL: -1732.286 / Time: 0h:0m:0s
Iteration 20 / LogL: -1732.514 / Time: 0h:0m:0s
Finish initializing candidate tree set (2)
Current best tree score: -1732.199 / CPU time: 0.294
Number of iterations: 20
--------------------------------------------------------------------
|               OPTIMIZING CANDIDATE TREE SET                      |
--------------------------------------------------------------------
Iteration 30 / LogL: -1732.922 / Time: 0h:0m:0s (0h:0m:1s left)
Iteration 40 / LogL: -1732.269 / Time: 0h:0m:0s (0h:0m:0s left)
Iteration 50 / LogL: -1732.511 / Time: 0h:0m:0s (0h:0m:0s left)
UPDATE BEST LOG-LIKELIHOOD: -1732.198
Iteration 60 / LogL: -1732.672 / Time: 0h:0m:0s (0h:0m:0s left)
UPDATE BEST LOG-LIKELIHOOD: -1732.198
Iteration 70 / LogL: -1732.696 / Time: 0h:0m:0s (0h:0m:0s left)
Iteration 80 / LogL: -1732.504 / Time: 0h:0m:0s (0h:0m:0s left)
Iteration 90 / LogL: -1732.227 / Time: 0h:0m:0s (0h:0m:0s left)
Iteration 100 / LogL: -1732.605 / Time: 0h:0m:1s (0h:0m:0s left)
TREE SEARCH COMPLETED AFTER 104 ITERATIONS / Time: 0h:0m:1s

--------------------------------------------------------------------
|                    FINALIZING TREE SEARCH                        |
--------------------------------------------------------------------
Performs final model parameters optimization
Estimate model parameters (epsilon = 0.010)
1. Initial log-likelihood: -1732.198
Optimal log-likelihood: -1732.198
Gamma shape alpha: 1.240
Parameters optimization took 1 rounds (0.002 sec)
BEST SCORE FOUND : -1732.198
Total tree length: 2.555

Total number of iterations: 104
CPU time used for tree search: 0.991 sec (0h:0m:0s)
Wall-clock time used for tree search: 1.037 sec (0h:0m:1s)
Total CPU time used: 1.023 sec (0h:0m:1s)
Total wall-clock time used: 1.086 sec (0h:0m:1s)

===> START BOOTSTRAP REPLICATE NUMBER 95

Creating bootstrap alignment (seed: 375895)...

Create initial parsimony tree by phylogenetic likelihood library (PLL)... 0.000 seconds
Reading model parameters from file /Users/mful870/Desktop/MD_3di_Dev_02Oct24/Scriptorum/SubstitutionMatrix/3di_substmat

NOTE: 0 MB RAM (0 GB) is required!
Estimate model parameters (epsilon = 0.100)
1. Initial log-likelihood: -1846.109
2. Current log-likelihood: -1823.734
3. Current log-likelihood: -1823.523
Optimal log-likelihood: -1823.522
Gamma shape alpha: 2.214
Parameters optimization took 3 rounds (0.011 sec)
Computing ML distances based on estimated model parameters... 0.010 sec
Computing BIONJ tree...
0.011 seconds
Log-likelihood of BIONJ tree: -1827.496
--------------------------------------------------------------------
|             INITIALIZING CANDIDATE TREE SET                      |
--------------------------------------------------------------------
Generating 98 parsimony trees... 0.024 second
Computing log-likelihood of 62 initial trees ... 0.102 seconds
Current best score: -1814.179

Do NNI search on 20 best initial trees
Estimate model parameters (epsilon = 0.100)
BETTER TREE FOUND at iteration 1: -1813.988
Iteration 10 / LogL: -1814.259 / Time: 0h:0m:0s
Iteration 20 / LogL: -1821.326 / Time: 0h:0m:0s
Finish initializing candidate tree set (3)
Current best tree score: -1813.988 / CPU time: 0.310
Number of iterations: 20
--------------------------------------------------------------------
|               OPTIMIZING CANDIDATE TREE SET                      |
--------------------------------------------------------------------
UPDATE BEST LOG-LIKELIHOOD: -1813.988
UPDATE BEST LOG-LIKELIHOOD: -1813.988
Iteration 30 / LogL: -1814.005 / Time: 0h:0m:0s (0h:0m:1s left)
UPDATE BEST LOG-LIKELIHOOD: -1813.988
Iteration 40 / LogL: -1814.006 / Time: 0h:0m:0s (0h:0m:0s left)
Iteration 50 / LogL: -1814.005 / Time: 0h:0m:0s (0h:0m:0s left)
Iteration 60 / LogL: -1826.831 / Time: 0h:0m:0s (0h:0m:0s left)
Iteration 70 / LogL: -1813.992 / Time: 0h:0m:0s (0h:0m:0s left)
Iteration 80 / LogL: -1814.000 / Time: 0h:0m:0s (0h:0m:0s left)
Iteration 90 / LogL: -1821.123 / Time: 0h:0m:1s (0h:0m:0s left)
Iteration 100 / LogL: -1814.029 / Time: 0h:0m:1s (0h:0m:0s left)
TREE SEARCH COMPLETED AFTER 102 ITERATIONS / Time: 0h:0m:1s

--------------------------------------------------------------------
|                    FINALIZING TREE SEARCH                        |
--------------------------------------------------------------------
Performs final model parameters optimization
Estimate model parameters (epsilon = 0.010)
1. Initial log-likelihood: -1813.988
Optimal log-likelihood: -1813.988
Gamma shape alpha: 1.884
Parameters optimization took 1 rounds (0.003 sec)
BEST SCORE FOUND : -1813.988
Total tree length: 2.930

Total number of iterations: 102
CPU time used for tree search: 1.062 sec (0h:0m:1s)
Wall-clock time used for tree search: 1.134 sec (0h:0m:1s)
Total CPU time used: 1.096 sec (0h:0m:1s)
Total wall-clock time used: 1.188 sec (0h:0m:1s)

===> START BOOTSTRAP REPLICATE NUMBER 96

Creating bootstrap alignment (seed: 375896)...

Create initial parsimony tree by phylogenetic likelihood library (PLL)... 0.000 seconds
Reading model parameters from file /Users/mful870/Desktop/MD_3di_Dev_02Oct24/Scriptorum/SubstitutionMatrix/3di_substmat

NOTE: 0 MB RAM (0 GB) is required!
Estimate model parameters (epsilon = 0.100)
1. Initial log-likelihood: -1800.663
2. Current log-likelihood: -1780.981
Optimal log-likelihood: -1780.881
Gamma shape alpha: 2.553
Parameters optimization took 2 rounds (0.010 sec)
Computing ML distances based on estimated model parameters... 0.010 sec
Computing BIONJ tree...
0.007 seconds
Log-likelihood of BIONJ tree: -1782.946
--------------------------------------------------------------------
|             INITIALIZING CANDIDATE TREE SET                      |
--------------------------------------------------------------------
Generating 98 parsimony trees... 0.020 second
Computing log-likelihood of 62 initial trees ... 0.109 seconds
Current best score: -1780.881

Do NNI search on 20 best initial trees
Estimate model parameters (epsilon = 0.100)
BETTER TREE FOUND at iteration 1: -1780.881
Iteration 10 / LogL: -1780.951 / Time: 0h:0m:0s
Iteration 20 / LogL: -1781.491 / Time: 0h:0m:0s
Finish initializing candidate tree set (4)
Current best tree score: -1780.881 / CPU time: 0.301
Number of iterations: 20
--------------------------------------------------------------------
|               OPTIMIZING CANDIDATE TREE SET                      |
--------------------------------------------------------------------
Iteration 30 / LogL: -1781.297 / Time: 0h:0m:0s (0h:0m:1s left)
Iteration 40 / LogL: -1783.216 / Time: 0h:0m:0s (0h:0m:0s left)
Iteration 50 / LogL: -1781.540 / Time: 0h:0m:0s (0h:0m:0s left)
UPDATE BEST LOG-LIKELIHOOD: -1780.881
Iteration 60 / LogL: -1784.201 / Time: 0h:0m:0s (0h:0m:0s left)
Iteration 70 / LogL: -1784.195 / Time: 0h:0m:0s (0h:0m:0s left)
UPDATE BEST LOG-LIKELIHOOD: -1780.881
Iteration 80 / LogL: -1784.086 / Time: 0h:0m:1s (0h:0m:0s left)
Iteration 90 / LogL: -1781.546 / Time: 0h:0m:1s (0h:0m:0s left)
Iteration 100 / LogL: -1780.930 / Time: 0h:0m:1s (0h:0m:0s left)
TREE SEARCH COMPLETED AFTER 102 ITERATIONS / Time: 0h:0m:1s

--------------------------------------------------------------------
|                    FINALIZING TREE SEARCH                        |
--------------------------------------------------------------------
Performs final model parameters optimization
Estimate model parameters (epsilon = 0.010)
1. Initial log-likelihood: -1780.881
Optimal log-likelihood: -1780.881
Gamma shape alpha: 2.559
Parameters optimization took 1 rounds (0.003 sec)
BEST SCORE FOUND : -1780.881
Total tree length: 3.016

Total number of iterations: 102
CPU time used for tree search: 1.166 sec (0h:0m:1s)
Wall-clock time used for tree search: 1.205 sec (0h:0m:1s)
Total CPU time used: 1.197 sec (0h:0m:1s)
Total wall-clock time used: 1.251 sec (0h:0m:1s)

===> START BOOTSTRAP REPLICATE NUMBER 97

Creating bootstrap alignment (seed: 375897)...

Create initial parsimony tree by phylogenetic likelihood library (PLL)... 0.000 seconds
Reading model parameters from file /Users/mful870/Desktop/MD_3di_Dev_02Oct24/Scriptorum/SubstitutionMatrix/3di_substmat

NOTE: 0 MB RAM (0 GB) is required!
Estimate model parameters (epsilon = 0.100)
1. Initial log-likelihood: -1703.096
2. Current log-likelihood: -1689.197
Optimal log-likelihood: -1689.107
Gamma shape alpha: 1.394
Parameters optimization took 2 rounds (0.008 sec)
Computing ML distances based on estimated model parameters... 0.010 sec
Computing BIONJ tree...
0.007 seconds
Log-likelihood of BIONJ tree: -1692.954
--------------------------------------------------------------------
|             INITIALIZING CANDIDATE TREE SET                      |
--------------------------------------------------------------------
Generating 98 parsimony trees... 0.019 second
Computing log-likelihood of 51 initial trees ... 0.083 seconds
Current best score: -1689.107

Do NNI search on 20 best initial trees
Estimate model parameters (epsilon = 0.100)
BETTER TREE FOUND at iteration 1: -1689.107
Iteration 10 / LogL: -1689.335 / Time: 0h:0m:0s
Iteration 20 / LogL: -1689.153 / Time: 0h:0m:0s
Finish initializing candidate tree set (1)
Current best tree score: -1689.107 / CPU time: 0.259
Number of iterations: 20
--------------------------------------------------------------------
|               OPTIMIZING CANDIDATE TREE SET                      |
--------------------------------------------------------------------
UPDATE BEST LOG-LIKELIHOOD: -1689.107
Iteration 30 / LogL: -1689.155 / Time: 0h:0m:0s (0h:0m:0s left)
Iteration 40 / LogL: -1689.165 / Time: 0h:0m:0s (0h:0m:0s left)
Iteration 50 / LogL: -1689.187 / Time: 0h:0m:0s (0h:0m:0s left)
Iteration 60 / LogL: -1689.147 / Time: 0h:0m:0s (0h:0m:0s left)
Iteration 70 / LogL: -1689.107 / Time: 0h:0m:0s (0h:0m:0s left)
Iteration 80 / LogL: -1689.107 / Time: 0h:0m:0s (0h:0m:0s left)
Iteration 90 / LogL: -1689.890 / Time: 0h:0m:0s (0h:0m:0s left)
UPDATE BEST LOG-LIKELIHOOD: -1689.107
UPDATE BEST LOG-LIKELIHOOD: -1689.107
Iteration 100 / LogL: -1689.133 / Time: 0h:0m:1s (0h:0m:0s left)
TREE SEARCH COMPLETED AFTER 102 ITERATIONS / Time: 0h:0m:1s

--------------------------------------------------------------------
|                    FINALIZING TREE SEARCH                        |
--------------------------------------------------------------------
Performs final model parameters optimization
Estimate model parameters (epsilon = 0.010)
1. Initial log-likelihood: -1689.107
Optimal log-likelihood: -1689.107
Gamma shape alpha: 1.392
Parameters optimization took 1 rounds (0.003 sec)
BEST SCORE FOUND : -1689.107
Total tree length: 2.604

Total number of iterations: 102
CPU time used for tree search: 0.966 sec (0h:0m:0s)
Wall-clock time used for tree search: 0.997 sec (0h:0m:0s)
Total CPU time used: 0.996 sec (0h:0m:0s)
Total wall-clock time used: 1.038 sec (0h:0m:1s)

===> START BOOTSTRAP REPLICATE NUMBER 98

Creating bootstrap alignment (seed: 375898)...

Create initial parsimony tree by phylogenetic likelihood library (PLL)... 0.000 seconds
Reading model parameters from file /Users/mful870/Desktop/MD_3di_Dev_02Oct24/Scriptorum/SubstitutionMatrix/3di_substmat

NOTE: 0 MB RAM (0 GB) is required!
Estimate model parameters (epsilon = 0.100)
1. Initial log-likelihood: -1827.376
2. Current log-likelihood: -1815.837
Optimal log-likelihood: -1815.769
Gamma shape alpha: 1.443
Parameters optimization took 2 rounds (0.008 sec)
Computing ML distances based on estimated model parameters... 0.010 sec
Computing BIONJ tree...
0.006 seconds
Log-likelihood of BIONJ tree: -1810.872
--------------------------------------------------------------------
|             INITIALIZING CANDIDATE TREE SET                      |
--------------------------------------------------------------------
Generating 98 parsimony trees... 0.022 second
Computing log-likelihood of 48 initial trees ... 0.086 seconds
Current best score: -1810.841

Do NNI search on 20 best initial trees
Estimate model parameters (epsilon = 0.100)
BETTER TREE FOUND at iteration 1: -1810.815
Iteration 10 / LogL: -1810.905 / Time: 0h:0m:0s
Iteration 20 / LogL: -1810.908 / Time: 0h:0m:0s
Finish initializing candidate tree set (2)
Current best tree score: -1810.815 / CPU time: 0.296
Number of iterations: 20
--------------------------------------------------------------------
|               OPTIMIZING CANDIDATE TREE SET                      |
--------------------------------------------------------------------
Iteration 30 / LogL: -1811.098 / Time: 0h:0m:0s (0h:0m:1s left)
Iteration 40 / LogL: -1811.490 / Time: 0h:0m:0s (0h:0m:0s left)
Iteration 50 / LogL: -1810.905 / Time: 0h:0m:0s (0h:0m:0s left)
Iteration 60 / LogL: -1810.927 / Time: 0h:0m:0s (0h:0m:0s left)
UPDATE BEST LOG-LIKELIHOOD: -1810.815
Iteration 70 / LogL: -1811.353 / Time: 0h:0m:0s (0h:0m:0s left)
UPDATE BEST LOG-LIKELIHOOD: -1810.815
Iteration 80 / LogL: -1810.815 / Time: 0h:0m:0s (0h:0m:0s left)
UPDATE BEST LOG-LIKELIHOOD: -1810.815
Iteration 90 / LogL: -1810.927 / Time: 0h:0m:1s (0h:0m:0s left)
Iteration 100 / LogL: -1810.815 / Time: 0h:0m:1s (0h:0m:0s left)
TREE SEARCH COMPLETED AFTER 102 ITERATIONS / Time: 0h:0m:1s

--------------------------------------------------------------------
|                    FINALIZING TREE SEARCH                        |
--------------------------------------------------------------------
Performs final model parameters optimization
Estimate model parameters (epsilon = 0.010)
1. Initial log-likelihood: -1810.815
Optimal log-likelihood: -1810.815
Gamma shape alpha: 1.397
Parameters optimization took 1 rounds (0.003 sec)
BEST SCORE FOUND : -1810.815
Total tree length: 2.814

Total number of iterations: 102
CPU time used for tree search: 0.953 sec (0h:0m:0s)
Wall-clock time used for tree search: 1.038 sec (0h:0m:1s)
Total CPU time used: 0.983 sec (0h:0m:0s)
Total wall-clock time used: 1.117 sec (0h:0m:1s)

===> START BOOTSTRAP REPLICATE NUMBER 99

Creating bootstrap alignment (seed: 375899)...

Create initial parsimony tree by phylogenetic likelihood library (PLL)... 0.000 seconds
Reading model parameters from file /Users/mful870/Desktop/MD_3di_Dev_02Oct24/Scriptorum/SubstitutionMatrix/3di_substmat

NOTE: 0 MB RAM (0 GB) is required!
Estimate model parameters (epsilon = 0.100)
1. Initial log-likelihood: -1879.372
2. Current log-likelihood: -1867.843
Optimal log-likelihood: -1867.791
Gamma shape alpha: 1.361
Parameters optimization took 2 rounds (0.008 sec)
Computing ML distances based on estimated model parameters... 0.011 sec
Computing BIONJ tree...
0.008 seconds
Log-likelihood of BIONJ tree: -1878.030
--------------------------------------------------------------------
|             INITIALIZING CANDIDATE TREE SET                      |
--------------------------------------------------------------------
Generating 98 parsimony trees... 0.018 second
Computing log-likelihood of 48 initial trees ... 0.077 seconds
Current best score: -1867.791

Do NNI search on 20 best initial trees
Estimate model parameters (epsilon = 0.100)
BETTER TREE FOUND at iteration 1: -1867.790
Iteration 10 / LogL: -1867.793 / Time: 0h:0m:0s
Iteration 20 / LogL: -1867.962 / Time: 0h:0m:0s
Finish initializing candidate tree set (2)
Current best tree score: -1867.790 / CPU time: 0.261
Number of iterations: 20
--------------------------------------------------------------------
|               OPTIMIZING CANDIDATE TREE SET                      |
--------------------------------------------------------------------
Iteration 30 / LogL: -1867.816 / Time: 0h:0m:0s (0h:0m:0s left)
UPDATE BEST LOG-LIKELIHOOD: -1867.790
UPDATE BEST LOG-LIKELIHOOD: -1867.790
Iteration 40 / LogL: -1867.880 / Time: 0h:0m:0s (0h:0m:0s left)
Iteration 50 / LogL: -1868.034 / Time: 0h:0m:0s (0h:0m:0s left)
Iteration 60 / LogL: -1867.866 / Time: 0h:0m:0s (0h:0m:0s left)
Iteration 70 / LogL: -1867.807 / Time: 0h:0m:0s (0h:0m:0s left)
Iteration 80 / LogL: -1868.230 / Time: 0h:0m:0s (0h:0m:0s left)
Iteration 90 / LogL: -1867.891 / Time: 0h:0m:0s (0h:0m:0s left)
Iteration 100 / LogL: -1868.034 / Time: 0h:0m:1s (0h:0m:0s left)
TREE SEARCH COMPLETED AFTER 102 ITERATIONS / Time: 0h:0m:1s

--------------------------------------------------------------------
|                    FINALIZING TREE SEARCH                        |
--------------------------------------------------------------------
Performs final model parameters optimization
Estimate model parameters (epsilon = 0.010)
1. Initial log-likelihood: -1867.790
Optimal log-likelihood: -1867.790
Gamma shape alpha: 1.358
Parameters optimization took 1 rounds (0.003 sec)
BEST SCORE FOUND : -1867.790
Total tree length: 2.909

Total number of iterations: 102
CPU time used for tree search: 1.024 sec (0h:0m:1s)
Wall-clock time used for tree search: 1.071 sec (0h:0m:1s)
Total CPU time used: 1.055 sec (0h:0m:1s)
Total wall-clock time used: 1.119 sec (0h:0m:1s)

===> START BOOTSTRAP REPLICATE NUMBER 100

Creating bootstrap alignment (seed: 375900)...

Create initial parsimony tree by phylogenetic likelihood library (PLL)... 0.000 seconds
Reading model parameters from file /Users/mful870/Desktop/MD_3di_Dev_02Oct24/Scriptorum/SubstitutionMatrix/3di_substmat

NOTE: 0 MB RAM (0 GB) is required!
Estimate model parameters (epsilon = 0.100)
1. Initial log-likelihood: -1873.087
2. Current log-likelihood: -1852.211
3. Current log-likelihood: -1851.907
Optimal log-likelihood: -1851.903
Gamma shape alpha: 1.787
Parameters optimization took 3 rounds (0.014 sec)
Computing ML distances based on estimated model parameters... 0.009 sec
Computing BIONJ tree...
0.007 seconds
Log-likelihood of BIONJ tree: -1851.903
--------------------------------------------------------------------
|             INITIALIZING CANDIDATE TREE SET                      |
--------------------------------------------------------------------
Generating 99 parsimony trees... 0.022 second
Computing log-likelihood of 54 initial trees ... 0.088 seconds
Current best score: -1851.903

Do NNI search on 20 best initial trees
Estimate model parameters (epsilon = 0.100)
BETTER TREE FOUND at iteration 1: -1851.903
Iteration 10 / LogL: -1852.872 / Time: 0h:0m:0s
Iteration 20 / LogL: -1852.095 / Time: 0h:0m:0s
Finish initializing candidate tree set (4)
Current best tree score: -1851.903 / CPU time: 0.265
Number of iterations: 20
--------------------------------------------------------------------
|               OPTIMIZING CANDIDATE TREE SET                      |
--------------------------------------------------------------------
Iteration 30 / LogL: -1853.006 / Time: 0h:0m:0s (0h:0m:1s left)
Iteration 40 / LogL: -1852.088 / Time: 0h:0m:0s (0h:0m:0s left)
Iteration 50 / LogL: -1852.094 / Time: 0h:0m:0s (0h:0m:0s left)
Iteration 60 / LogL: -1852.216 / Time: 0h:0m:0s (0h:0m:0s left)
Iteration 70 / LogL: -1852.230 / Time: 0h:0m:0s (0h:0m:0s left)
UPDATE BEST LOG-LIKELIHOOD: -1851.903
Iteration 80 / LogL: -1853.090 / Time: 0h:0m:1s (0h:0m:0s left)
Iteration 90 / LogL: -1852.518 / Time: 0h:0m:1s (0h:0m:0s left)
Iteration 100 / LogL: -1852.177 / Time: 0h:0m:1s (0h:0m:0s left)
TREE SEARCH COMPLETED AFTER 102 ITERATIONS / Time: 0h:0m:1s

--------------------------------------------------------------------
|                    FINALIZING TREE SEARCH                        |
--------------------------------------------------------------------
Performs final model parameters optimization
Estimate model parameters (epsilon = 0.010)
1. Initial log-likelihood: -1851.903
Optimal log-likelihood: -1851.903
Gamma shape alpha: 1.788
Parameters optimization took 1 rounds (0.003 sec)
BEST SCORE FOUND : -1851.903
Total tree length: 3.001

Total number of iterations: 102
CPU time used for tree search: 1.160 sec (0h:0m:1s)
Wall-clock time used for tree search: 1.189 sec (0h:0m:1s)
Total CPU time used: 1.194 sec (0h:0m:1s)
Total wall-clock time used: 1.238 sec (0h:0m:1s)

===> COMPUTE CONSENSUS TREE FROM 100BOOTSTRAP TREES

Reading tree(s) file crystal.tdialn.boottrees ...
100 un-rooted tree(s) loaded
0 split(s) discarded because frequency <= -1.000
27 splits found
Consensus tree written to crystal.tdialn.contree

===> START ANALYSIS ON THE ORIGINAL ALIGNMENT


Create initial parsimony tree by phylogenetic likelihood library (PLL)... 0.000 seconds
Reading model parameters from file /Users/mful870/Desktop/MD_3di_Dev_02Oct24/Scriptorum/SubstitutionMatrix/3di_substmat

NOTE: 0 MB RAM (0 GB) is required!
Estimate model parameters (epsilon = 0.100)
1. Initial log-likelihood: -1767.896
2. Current log-likelihood: -1755.982
Optimal log-likelihood: -1755.942
Gamma shape alpha: 1.821
Parameters optimization took 2 rounds (0.012 sec)
Computing ML distances based on estimated model parameters... 0.009 sec
Computing BIONJ tree...
0.007 seconds
Log-likelihood of BIONJ tree: -1755.518
--------------------------------------------------------------------
|             INITIALIZING CANDIDATE TREE SET                      |
--------------------------------------------------------------------
Generating 98 parsimony trees... 0.024 second
Computing log-likelihood of 47 initial trees ... 0.109 seconds
Current best score: -1752.302

Do NNI search on 20 best initial trees
Estimate model parameters (epsilon = 0.100)
BETTER TREE FOUND at iteration 1: -1752.287
Iteration 10 / LogL: -1752.298 / Time: 0h:0m:0s
Iteration 20 / LogL: -1752.348 / Time: 0h:0m:0s
Finish initializing candidate tree set (1)
Current best tree score: -1752.287 / CPU time: 0.358
Number of iterations: 20
--------------------------------------------------------------------
|               OPTIMIZING CANDIDATE TREE SET                      |
--------------------------------------------------------------------
Iteration 30 / LogL: -1752.315 / Time: 0h:0m:0s (0h:0m:1s left)
UPDATE BEST LOG-LIKELIHOOD: -1752.287
Iteration 40 / LogL: -1752.287 / Time: 0h:0m:0s (0h:0m:1s left)
Iteration 50 / LogL: -1752.324 / Time: 0h:0m:0s (0h:0m:0s left)
Iteration 60 / LogL: -1752.722 / Time: 0h:0m:0s (0h:0m:0s left)
Iteration 70 / LogL: -1752.287 / Time: 0h:0m:1s (0h:0m:0s left)
UPDATE BEST LOG-LIKELIHOOD: -1752.287
Iteration 80 / LogL: -1752.287 / Time: 0h:0m:1s (0h:0m:0s left)
Iteration 90 / LogL: -1752.301 / Time: 0h:0m:1s (0h:0m:0s left)
Iteration 100 / LogL: -1752.301 / Time: 0h:0m:1s (0h:0m:0s left)
TREE SEARCH COMPLETED AFTER 102 ITERATIONS / Time: 0h:0m:1s

--------------------------------------------------------------------
|                    FINALIZING TREE SEARCH                        |
--------------------------------------------------------------------
Performs final model parameters optimization
Estimate model parameters (epsilon = 0.010)
1. Initial log-likelihood: -1752.287
Optimal log-likelihood: -1752.287
Gamma shape alpha: 1.759
Parameters optimization took 1 rounds (0.004 sec)
BEST SCORE FOUND : -1752.287
Total tree length: 2.757

Total number of iterations: 102
CPU time used for tree search: 1.300 sec (0h:0m:1s)
Wall-clock time used for tree search: 1.343 sec (0h:0m:1s)
Total CPU time used: 1.335 sec (0h:0m:1s)
Total wall-clock time used: 1.387 sec (0h:0m:1s)
Reading input trees file crystal.tdialn.contree
Log-likelihood of consensus tree: -1752.287

===> ASSIGN BOOTSTRAP SUPPORTS TO THE TREE FROM ORIGINAL ALIGNMENT

Reading tree crystal.tdialn.treefile ...
Reading tree(s) file crystal.tdialn.boottrees ...
100 un-rooted tree(s) loaded
Rescaling split weights by 1.000
27 splits found
Creating bootstrap support values...
Tree with assigned support written to crystal.tdialn.treefile

Analysis results written to: 
  IQ-TREE report:                crystal.tdialn.iqtree
  Maximum-likelihood tree:       crystal.tdialn.treefile
  Likelihood distances:          crystal.tdialn.mldist
  Screen log file:               crystal.tdialn.log

Total CPU time for bootstrap: 116.982 seconds.
Total wall-clock time for bootstrap: 126.537 seconds.

Non-parametric bootstrap results written to:
Bootstrap trees:          crystal.tdialn.boottrees
  Consensus tree:           crystal.tdialn.contree

Date and Time: Fri May 30 19:42:33 2025
