IQ-TREE multicore version 2.4.0 for MacOS Intel 64-bit built Feb  7 2025
Developed by Bui Quang Minh, Nguyen Lam Tung, Olga Chernomor, Heiko Schmidt,
Dominik Schrempf, Michael Woodhams, Ly Trong Nhan, Thomas Wong

Host:    sc-sbs-383386 (AVX512, FMA3, 32 GB RAM)
Command: /Users/mful870/Bioinformatics_Programs/iqtree-2.4.0-macOS/bin/iqtree2 -s Alns/ -redo -p partition_file.nex -b 100
Seed:    26240 (Using SPRNG - Scalable Parallel Random Number Generator)
Time:    Fri Jun  6 10:38:20 2025
Kernel:  AVX+FMA - 1 threads (16 CPU cores detected)

HINT: Use -nt option to specify number of threads because your CPU has 16 cores!
HINT: -nt AUTO will automatically determine the best number of threads to use.

Reading partition model file partition_file.nex ...
Reading 2 alignment files in directory Alns/
Reading alignment file Alns/crystal.tdialn ... Fasta format detected
Reading fasta file: done in 0.000109911 secs using 64.6% CPU
Alignment most likely contains protein sequences
Alignment has 13 sequences with 158 columns, 152 distinct patterns
99 parsimony-informative, 42 singleton sites, 17 constant sites
WARNING: Some sequence names are changed as follows:
a_39_2_1+1qwv_A -> a_39_2_1_1qwv_A
a_39_2_1+1xfr_A -> a_39_2_1_1xfr_A
a_39_2_1+2kph_A -> a_39_2_1_2kph_A
a_39_2_0+2wc6_A -> a_39_2_0_2wc6_A
a_39_2_0+3q8i_A -> a_39_2_0_3q8i_A
a_39_2_1+1oof_A -> a_39_2_1_1oof_A
a_39_2_1+1org_A -> a_39_2_1_1org_A
a_39_2_0+3k1e_A -> a_39_2_0_3k1e_A
a_39_2_0+3ogn_A -> a_39_2_0_3ogn_A
a_39_2_1+3d73_A -> a_39_2_1_3d73_A
a_39_2_0+3r72_A -> a_39_2_0_3r72_A
a_39_2_0+4pt1_A -> a_39_2_0_4pt1_A
a_39_2_1+1c3y_A -> a_39_2_1_1c3y_A

                 Gap/Ambiguity  Composition  p-value
Analyzing sequences: done in 1.09673e-05 secs using 82.06% CPU
   1  a_39_2_1_1qwv_A   10.13%    failed      2.10%
   2  a_39_2_1_1xfr_A   18.99%    passed     80.77%
   3  a_39_2_1_2kph_A   10.13%    passed     22.19%
   4  a_39_2_0_2wc6_A   10.76%    passed     11.78%
   5  a_39_2_0_3q8i_A   22.15%    passed     99.86%
   6  a_39_2_1_1oof_A   21.52%    passed     81.57%
   7  a_39_2_1_1org_A   25.32%    passed     97.80%
   8  a_39_2_0_3k1e_A   21.52%    passed     89.50%
   9  a_39_2_0_3ogn_A   21.52%    passed     98.28%
  10  a_39_2_1_3d73_A   24.68%    passed     93.48%
  11  a_39_2_0_3r72_A   22.78%    passed     95.88%
  12  a_39_2_0_4pt1_A   18.35%    passed     99.69%
  13  a_39_2_1_1c3y_A   31.65%    passed     60.26%
****  TOTAL             19.96%  1 sequences failed composition chi2 test (p-value<5%; df=19)
Reading alignment file Alns/crystal_aa.fa ... Fasta format detected
Reading fasta file: done in 9.41753e-05 secs using 65.83% CPU
Alignment most likely contains protein sequences
Alignment has 13 sequences with 158 columns, 158 distinct patterns
120 parsimony-informative, 31 singleton sites, 7 constant sites
WARNING: Some sequence names are changed as follows:
a_39_2_1+1qwv_A -> a_39_2_1_1qwv_A
a_39_2_1+1xfr_A -> a_39_2_1_1xfr_A
a_39_2_1+2kph_A -> a_39_2_1_2kph_A
a_39_2_0+2wc6_A -> a_39_2_0_2wc6_A
a_39_2_0+3q8i_A -> a_39_2_0_3q8i_A
a_39_2_1+1oof_A -> a_39_2_1_1oof_A
a_39_2_1+1org_A -> a_39_2_1_1org_A
a_39_2_0+3k1e_A -> a_39_2_0_3k1e_A
a_39_2_0+3ogn_A -> a_39_2_0_3ogn_A
a_39_2_1+3d73_A -> a_39_2_1_3d73_A
a_39_2_0+3r72_A -> a_39_2_0_3r72_A
a_39_2_0+4pt1_A -> a_39_2_0_4pt1_A
a_39_2_1+1c3y_A -> a_39_2_1_1c3y_A

                 Gap/Ambiguity  Composition  p-value
Analyzing sequences: done in 8.82149e-06 secs using 90.69% CPU
   1  a_39_2_1_1qwv_A   10.13%    passed     80.92%
   2  a_39_2_1_1xfr_A   18.99%    passed     46.10%
   3  a_39_2_1_2kph_A   10.13%    passed     97.93%
   4  a_39_2_0_2wc6_A   10.76%    passed     74.40%
   5  a_39_2_0_3q8i_A   22.15%    failed      1.04%
   6  a_39_2_1_1oof_A   21.52%    passed     60.71%
   7  a_39_2_1_1org_A   25.32%    passed     37.32%
   8  a_39_2_0_3k1e_A   21.52%    passed     57.94%
   9  a_39_2_0_3ogn_A   21.52%    passed     75.15%
  10  a_39_2_1_3d73_A   24.68%    passed     72.58%
  11  a_39_2_0_3r72_A   22.78%    passed     53.24%
  12  a_39_2_0_4pt1_A   18.35%    passed     86.24%
  13  a_39_2_1_1c3y_A   31.65%    passed     34.29%
****  TOTAL             19.96%  1 sequences failed composition chi2 test (p-value<5%; df=19)

Loading 2 partitions...
Reading alignment file ./Alns/crystal_aa.fa ... Fasta format detected
Reading fasta file: done in 6.19888e-05 secs using 88.73% CPU
Alignment most likely contains protein sequences
Alignment has 13 sequences with 158 columns, 158 distinct patterns
120 parsimony-informative, 31 singleton sites, 7 constant sites
WARNING: Some sequence names are changed as follows:
a_39_2_1+1qwv_A -> a_39_2_1_1qwv_A
a_39_2_1+1xfr_A -> a_39_2_1_1xfr_A
a_39_2_1+2kph_A -> a_39_2_1_2kph_A
a_39_2_0+2wc6_A -> a_39_2_0_2wc6_A
a_39_2_0+3q8i_A -> a_39_2_0_3q8i_A
a_39_2_1+1oof_A -> a_39_2_1_1oof_A
a_39_2_1+1org_A -> a_39_2_1_1org_A
a_39_2_0+3k1e_A -> a_39_2_0_3k1e_A
a_39_2_0+3ogn_A -> a_39_2_0_3ogn_A
a_39_2_1+3d73_A -> a_39_2_1_3d73_A
a_39_2_0+3r72_A -> a_39_2_0_3r72_A
a_39_2_0+4pt1_A -> a_39_2_0_4pt1_A
a_39_2_1+1c3y_A -> a_39_2_1_1c3y_A

                 Gap/Ambiguity  Composition  p-value
Analyzing sequences: done in 1.00136e-05 secs using 89.88% CPU
   1  a_39_2_1_1qwv_A   10.13%    passed     80.92%
   2  a_39_2_1_1xfr_A   18.99%    passed     46.10%
   3  a_39_2_1_2kph_A   10.13%    passed     97.93%
   4  a_39_2_0_2wc6_A   10.76%    passed     74.40%
   5  a_39_2_0_3q8i_A   22.15%    failed      1.04%
   6  a_39_2_1_1oof_A   21.52%    passed     60.71%
   7  a_39_2_1_1org_A   25.32%    passed     37.32%
   8  a_39_2_0_3k1e_A   21.52%    passed     57.94%
   9  a_39_2_0_3ogn_A   21.52%    passed     75.15%
  10  a_39_2_1_3d73_A   24.68%    passed     72.58%
  11  a_39_2_0_3r72_A   22.78%    passed     53.24%
  12  a_39_2_0_4pt1_A   18.35%    passed     86.24%
  13  a_39_2_1_1c3y_A   31.65%    passed     34.29%
****  TOTAL             19.96%  1 sequences failed composition chi2 test (p-value<5%; df=19)
Reading alignment file ./Alns/crystal.tdialn ... Fasta format detected
Reading fasta file: done in 5.6982e-05 secs using 89.5% CPU
Alignment most likely contains protein sequences
Alignment has 13 sequences with 158 columns, 152 distinct patterns
99 parsimony-informative, 42 singleton sites, 17 constant sites
WARNING: Some sequence names are changed as follows:
a_39_2_1+1qwv_A -> a_39_2_1_1qwv_A
a_39_2_1+1xfr_A -> a_39_2_1_1xfr_A
a_39_2_1+2kph_A -> a_39_2_1_2kph_A
a_39_2_0+2wc6_A -> a_39_2_0_2wc6_A
a_39_2_0+3q8i_A -> a_39_2_0_3q8i_A
a_39_2_1+1oof_A -> a_39_2_1_1oof_A
a_39_2_1+1org_A -> a_39_2_1_1org_A
a_39_2_0+3k1e_A -> a_39_2_0_3k1e_A
a_39_2_0+3ogn_A -> a_39_2_0_3ogn_A
a_39_2_1+3d73_A -> a_39_2_1_3d73_A
a_39_2_0+3r72_A -> a_39_2_0_3r72_A
a_39_2_0+4pt1_A -> a_39_2_0_4pt1_A
a_39_2_1+1c3y_A -> a_39_2_1_1c3y_A

                 Gap/Ambiguity  Composition  p-value
Analyzing sequences: done in 8.82149e-06 secs using 79.35% CPU
   1  a_39_2_1_1qwv_A   10.13%    failed      2.10%
   2  a_39_2_1_1xfr_A   18.99%    passed     80.77%
   3  a_39_2_1_2kph_A   10.13%    passed     22.19%
   4  a_39_2_0_2wc6_A   10.76%    passed     11.78%
   5  a_39_2_0_3q8i_A   22.15%    passed     99.86%
   6  a_39_2_1_1oof_A   21.52%    passed     81.57%
   7  a_39_2_1_1org_A   25.32%    passed     97.80%
   8  a_39_2_0_3k1e_A   21.52%    passed     89.50%
   9  a_39_2_0_3ogn_A   21.52%    passed     98.28%
  10  a_39_2_1_3d73_A   24.68%    passed     93.48%
  11  a_39_2_0_3r72_A   22.78%    passed     95.88%
  12  a_39_2_0_4pt1_A   18.35%    passed     99.69%
  13  a_39_2_1_1c3y_A   31.65%    passed     60.26%
****  TOTAL             19.96%  1 sequences failed composition chi2 test (p-value<5%; df=19)
Subset	Type	Seqs	Sites	Infor	Invar	Model	Name
1	AA	13	158	120	7	WAG+G4	sequence
2		13	158	99	17	/Users/mful870/Desktop/MD_3di_Dev_02Oct24/Scriptorum/SubstitutionMatrix/3di_substmat	tdi
Degree of missing data: 0.000
Info: multi-threading strategy over partitions


===> START BOOTSTRAP REPLICATE NUMBER 1

Creating bootstrap alignment (seed: 26240)...
WARNING: States(s) E, I, K, M rarely appear in partition tdi and may cause numerical problems

Create initial parsimony tree by phylogenetic likelihood library (PLL)... 0.001 seconds
Reading model parameters from file /Users/mful870/Desktop/MD_3di_Dev_02Oct24/Scriptorum/SubstitutionMatrix/3di_substmat
WARNING: Normalizing state frequencies so that sum of them equals to 1

NOTE: 1 MB RAM (0 GB) is required!
Estimate model parameters (epsilon = 0.100)
Initial log-likelihood: -6387.163
Current log-likelihood at step 1: -6235.973
Current log-likelihood at step 2: -6211.063
Current log-likelihood at step 3: -6211.056
Partition-specific rates:  1.345 0.655
Parameters optimization took 2 rounds (0.053 sec)

Wrote distance file to... 
Computing ML distances based on estimated model parameters...
Calculating distance matrix: done in 4.1008e-05 secs using 80.47% CPU
Computing ML distances took 0.000093 sec (of wall-clock time) 0.000062 sec (of CPU time)
Setting up auxiliary I and S matrices: done in 4.81606e-05 secs using 56.06% CPU
Computing RapidNJ tree took 0.000126 sec (of wall-clock time) 0.000079 sec (of CPU time)
Log-likelihood of RapidNJ tree: -6747.322
--------------------------------------------------------------------
|             INITIALIZING CANDIDATE TREE SET                      |
--------------------------------------------------------------------
Generating 98 parsimony trees... 0.144 second
Computing log-likelihood of 96 initial trees ... 0.260 seconds
Current best score: -6211.056

Do NNI search on 20 best initial trees
Estimate model parameters (epsilon = 0.100)
Initial log-likelihood: -6196.304
Current log-likelihood at step 1: -6196.198
Current log-likelihood at step 2: -6196.194
Parameters optimization took 1 rounds (0.021 sec)

BETTER TREE FOUND at iteration 1: -6196.194
Iteration 10 / LogL: -6196.254 / Time: 0h:0m:0s
Iteration 20 / LogL: -6196.239 / Time: 0h:0m:1s
Finish initializing candidate tree set (4)
Current best tree score: -6196.194 / CPU time: 1.134
Number of iterations: 20
--------------------------------------------------------------------
|               OPTIMIZING CANDIDATE TREE SET                      |
--------------------------------------------------------------------
Iteration 30 / LogL: -6197.710 / Time: 0h:0m:1s (0h:0m:3s left)
Iteration 40 / LogL: -6197.817 / Time: 0h:0m:1s (0h:0m:2s left)
Iteration 50 / LogL: -6199.066 / Time: 0h:0m:2s (0h:0m:2s left)
Iteration 60 / LogL: -6198.347 / Time: 0h:0m:2s (0h:0m:1s left)
Iteration 70 / LogL: -6199.175 / Time: 0h:0m:3s (0h:0m:1s left)
Iteration 80 / LogL: -6197.612 / Time: 0h:0m:3s (0h:0m:0s left)
Iteration 90 / LogL: -6199.037 / Time: 0h:0m:3s (0h:0m:0s left)
Iteration 100 / LogL: -6199.042 / Time: 0h:0m:4s (0h:0m:0s left)
TREE SEARCH COMPLETED AFTER 102 ITERATIONS / Time: 0h:0m:4s

--------------------------------------------------------------------
|                    FINALIZING TREE SEARCH                        |
--------------------------------------------------------------------
Performs final model parameters optimization
Estimate model parameters (epsilon = 0.010)
Initial log-likelihood: -6196.194
Current log-likelihood at step 1: -6196.194
Partition-specific rates:  1.353 0.647
Parameters optimization took 0 rounds (0.010 sec)

Partition information was printed to partition_file.nex.best_model.nex
BEST SCORE FOUND : -6196.194
Total tree length: 7.810

Total number of iterations: 102
CPU time used for tree search: 4.393 sec (0h:0m:4s)
Wall-clock time used for tree search: 4.291 sec (0h:0m:4s)
Total CPU time used: 4.513 sec (0h:0m:4s)
Total wall-clock time used: 4.402 sec (0h:0m:4s)

===> START BOOTSTRAP REPLICATE NUMBER 2

Creating bootstrap alignment (seed: 26241)...
WARNING: States(s) E, I, K, M rarely appear in partition tdi and may cause numerical problems

Create initial parsimony tree by phylogenetic likelihood library (PLL)... 0.001 seconds
Reading model parameters from file /Users/mful870/Desktop/MD_3di_Dev_02Oct24/Scriptorum/SubstitutionMatrix/3di_substmat
WARNING: Normalizing state frequencies so that sum of them equals to 1

NOTE: 1 MB RAM (0 GB) is required!
Estimate model parameters (epsilon = 0.100)
Initial log-likelihood: -6246.399
Current log-likelihood at step 1: -6130.435
Current log-likelihood at step 2: -6103.185
Current log-likelihood at step 3: -6103.178
Partition-specific rates:  1.299 0.701
Parameters optimization took 2 rounds (0.051 sec)

Wrote distance file to... 
Computing ML distances based on estimated model parameters...
Calculating distance matrix: done in 3.69549e-05 secs using 83.89% CPU
Computing ML distances took 0.000083 sec (of wall-clock time) 0.000061 sec (of CPU time)
Setting up auxiliary I and S matrices: done in 2.69413e-05 secs using 81.66% CPU
Computing RapidNJ tree took 0.000101 sec (of wall-clock time) 0.000066 sec (of CPU time)
Log-likelihood of RapidNJ tree: -6641.352
--------------------------------------------------------------------
|             INITIALIZING CANDIDATE TREE SET                      |
--------------------------------------------------------------------
Generating 98 parsimony trees... 0.128 second
Computing log-likelihood of 98 initial trees ... 0.269 seconds
Current best score: -6103.178

Do NNI search on 20 best initial trees
Estimate model parameters (epsilon = 0.100)
Initial log-likelihood: -6097.768
Current log-likelihood at step 1: -6097.718
Parameters optimization took 0 rounds (0.011 sec)

BETTER TREE FOUND at iteration 1: -6097.718
Iteration 10 / LogL: -6098.539 / Time: 0h:0m:5s
Iteration 20 / LogL: -6097.728 / Time: 0h:0m:5s
Finish initializing candidate tree set (3)
Current best tree score: -6097.718 / CPU time: 1.225
Number of iterations: 20
--------------------------------------------------------------------
|               OPTIMIZING CANDIDATE TREE SET                      |
--------------------------------------------------------------------
Iteration 30 / LogL: -6098.184 / Time: 0h:0m:6s (0h:0m:4s left)
Iteration 40 / LogL: -6097.744 / Time: 0h:0m:6s (0h:0m:3s left)
UPDATE BEST LOG-LIKELIHOOD: -6097.714
Iteration 50 / LogL: -6104.964 / Time: 0h:0m:6s (0h:0m:2s left)
Iteration 60 / LogL: -6097.953 / Time: 0h:0m:7s (0h:0m:2s left)
UPDATE BEST LOG-LIKELIHOOD: -6097.713
Iteration 70 / LogL: -6097.998 / Time: 0h:0m:7s (0h:0m:1s left)
Iteration 80 / LogL: -6097.728 / Time: 0h:0m:8s (0h:0m:1s left)
Iteration 90 / LogL: -6097.758 / Time: 0h:0m:8s (0h:0m:0s left)
Iteration 100 / LogL: -6097.729 / Time: 0h:0m:9s (0h:0m:0s left)
TREE SEARCH COMPLETED AFTER 102 ITERATIONS / Time: 0h:0m:9s

--------------------------------------------------------------------
|                    FINALIZING TREE SEARCH                        |
--------------------------------------------------------------------
Performs final model parameters optimization
Estimate model parameters (epsilon = 0.010)
Initial log-likelihood: -6097.713
Current log-likelihood at step 1: -6097.713
Partition-specific rates:  1.294 0.706
Parameters optimization took 0 rounds (0.010 sec)

Partition information was printed to partition_file.nex.best_model.nex
BEST SCORE FOUND : -6097.713
Total tree length: 7.998

Total number of iterations: 102
CPU time used for tree search: 5.003 sec (0h:0m:5s)
Wall-clock time used for tree search: 4.942 sec (0h:0m:4s)
Total CPU time used: 9.622 sec (0h:0m:9s)
Total wall-clock time used: 9.450 sec (0h:0m:9s)

===> START BOOTSTRAP REPLICATE NUMBER 3

Creating bootstrap alignment (seed: 26242)...
WARNING: States(s) E, I, K, M, W rarely appear in partition tdi and may cause numerical problems

Create initial parsimony tree by phylogenetic likelihood library (PLL)... 0.001 seconds
Reading model parameters from file /Users/mful870/Desktop/MD_3di_Dev_02Oct24/Scriptorum/SubstitutionMatrix/3di_substmat
WARNING: Normalizing state frequencies so that sum of them equals to 1

NOTE: 1 MB RAM (0 GB) is required!
Estimate model parameters (epsilon = 0.100)
Initial log-likelihood: -6962.455
Current log-likelihood at step 1: -6798.214
Current log-likelihood at step 2: -6776.867
Current log-likelihood at step 3: -6776.864
Partition-specific rates:  1.354 0.646
Parameters optimization took 2 rounds (0.052 sec)

Wrote distance file to... 
Computing ML distances based on estimated model parameters...
Calculating distance matrix: done in 4.1008e-05 secs using 87.79% CPU
Computing ML distances took 0.000088 sec (of wall-clock time) 0.000065 sec (of CPU time)
Setting up auxiliary I and S matrices: done in 3.00407e-05 secs using 79.89% CPU
Computing RapidNJ tree took 0.000119 sec (of wall-clock time) 0.000073 sec (of CPU time)
Log-likelihood of RapidNJ tree: -7397.652
--------------------------------------------------------------------
|             INITIALIZING CANDIDATE TREE SET                      |
--------------------------------------------------------------------
Generating 98 parsimony trees... 0.132 second
Computing log-likelihood of 97 initial trees ... 0.263 seconds
Current best score: -6771.648

Do NNI search on 20 best initial trees
Estimate model parameters (epsilon = 0.100)
Initial log-likelihood: -6754.650
Current log-likelihood at step 1: -6753.846
Current log-likelihood at step 2: -6753.837
Parameters optimization took 1 rounds (0.023 sec)

BETTER TREE FOUND at iteration 1: -6753.837
Iteration 10 / LogL: -6754.964 / Time: 0h:0m:10s
Iteration 20 / LogL: -6754.114 / Time: 0h:0m:10s
Finish initializing candidate tree set (2)
Current best tree score: -6753.837 / CPU time: 1.118
Number of iterations: 20
--------------------------------------------------------------------
|               OPTIMIZING CANDIDATE TREE SET                      |
--------------------------------------------------------------------
Iteration 30 / LogL: -6754.002 / Time: 0h:0m:11s (0h:0m:3s left)
UPDATE BEST LOG-LIKELIHOOD: -6753.836
Iteration 40 / LogL: -6754.087 / Time: 0h:0m:11s (0h:0m:2s left)
Iteration 50 / LogL: -6754.175 / Time: 0h:0m:11s (0h:0m:2s left)
Iteration 60 / LogL: -6754.177 / Time: 0h:0m:12s (0h:0m:1s left)
Iteration 70 / LogL: -6753.944 / Time: 0h:0m:12s (0h:0m:1s left)
Iteration 80 / LogL: -6753.871 / Time: 0h:0m:12s (0h:0m:0s left)
UPDATE BEST LOG-LIKELIHOOD: -6753.836
Iteration 90 / LogL: -6758.812 / Time: 0h:0m:13s (0h:0m:0s left)
Iteration 100 / LogL: -6754.012 / Time: 0h:0m:13s (0h:0m:0s left)
TREE SEARCH COMPLETED AFTER 102 ITERATIONS / Time: 0h:0m:13s

--------------------------------------------------------------------
|                    FINALIZING TREE SEARCH                        |
--------------------------------------------------------------------
Performs final model parameters optimization
Estimate model parameters (epsilon = 0.010)
Initial log-likelihood: -6753.836
Current log-likelihood at step 1: -6753.836
Partition-specific rates:  1.352 0.648
Parameters optimization took 0 rounds (0.011 sec)

Partition information was printed to partition_file.nex.best_model.nex
BEST SCORE FOUND : -6753.836
Total tree length: 8.494

Total number of iterations: 102
CPU time used for tree search: 4.138 sec (0h:0m:4s)
Wall-clock time used for tree search: 4.030 sec (0h:0m:4s)
Total CPU time used: 13.871 sec (0h:0m:13s)
Total wall-clock time used: 13.590 sec (0h:0m:13s)

===> START BOOTSTRAP REPLICATE NUMBER 4

Creating bootstrap alignment (seed: 26243)...
WARNING: States(s) E, I, K, M, W, Y rarely appear in partition tdi and may cause numerical problems

Create initial parsimony tree by phylogenetic likelihood library (PLL)... 0.001 seconds
Reading model parameters from file /Users/mful870/Desktop/MD_3di_Dev_02Oct24/Scriptorum/SubstitutionMatrix/3di_substmat
WARNING: Normalizing state frequencies so that sum of them equals to 1

NOTE: 1 MB RAM (0 GB) is required!
Estimate model parameters (epsilon = 0.100)
Initial log-likelihood: -6446.053
Current log-likelihood at step 1: -6291.356
Current log-likelihood at step 2: -6251.480
Current log-likelihood at step 3: -6251.474
Partition-specific rates:  1.424 0.576
Parameters optimization took 2 rounds (0.048 sec)

Wrote distance file to... 
Computing ML distances based on estimated model parameters...
Calculating distance matrix: done in 3.91006e-05 secs using 81.84% CPU
Computing ML distances took 0.000092 sec (of wall-clock time) 0.000061 sec (of CPU time)
Setting up auxiliary I and S matrices: done in 3.60012e-05 secs using 77.78% CPU
Computing RapidNJ tree took 0.000173 sec (of wall-clock time) 0.000098 sec (of CPU time)
Log-likelihood of RapidNJ tree: -6769.235
--------------------------------------------------------------------
|             INITIALIZING CANDIDATE TREE SET                      |
--------------------------------------------------------------------
Generating 98 parsimony trees... 0.128 second
Computing log-likelihood of 98 initial trees ... 0.274 seconds
Current best score: -6243.489

Do NNI search on 20 best initial trees
Estimate model parameters (epsilon = 0.100)
Initial log-likelihood: -6225.452
Current log-likelihood at step 1: -6225.176
Current log-likelihood at step 2: -6225.168
Parameters optimization took 1 rounds (0.022 sec)

BETTER TREE FOUND at iteration 1: -6225.168
Estimate model parameters (epsilon = 0.100)
Initial log-likelihood: -6220.440
Current log-likelihood at step 1: -6220.313
Current log-likelihood at step 2: -6220.307
Parameters optimization took 1 rounds (0.021 sec)

BETTER TREE FOUND at iteration 2: -6220.307
Iteration 10 / LogL: -6220.326 / Time: 0h:0m:14s
Iteration 20 / LogL: -6220.351 / Time: 0h:0m:15s
Finish initializing candidate tree set (3)
Current best tree score: -6220.307 / CPU time: 1.391
Number of iterations: 20
--------------------------------------------------------------------
|               OPTIMIZING CANDIDATE TREE SET                      |
--------------------------------------------------------------------
Iteration 30 / LogL: -6225.516 / Time: 0h:0m:15s (0h:0m:4s left)
Iteration 40 / LogL: -6225.373 / Time: 0h:0m:15s (0h:0m:3s left)
Iteration 50 / LogL: -6225.380 / Time: 0h:0m:16s (0h:0m:2s left)
Iteration 60 / LogL: -6225.324 / Time: 0h:0m:16s (0h:0m:2s left)
Iteration 70 / LogL: -6226.079 / Time: 0h:0m:17s (0h:0m:1s left)
Iteration 80 / LogL: -6220.350 / Time: 0h:0m:17s (0h:0m:1s left)
Iteration 90 / LogL: -6226.074 / Time: 0h:0m:17s (0h:0m:0s left)
Iteration 100 / LogL: -6225.305 / Time: 0h:0m:18s (0h:0m:0s left)
TREE SEARCH COMPLETED AFTER 103 ITERATIONS / Time: 0h:0m:18s

--------------------------------------------------------------------
|                    FINALIZING TREE SEARCH                        |
--------------------------------------------------------------------
Performs final model parameters optimization
Estimate model parameters (epsilon = 0.010)
Initial log-likelihood: -6220.307
Current log-likelihood at step 1: -6220.306
Partition-specific rates:  1.397 0.603
Parameters optimization took 0 rounds (0.010 sec)

Partition information was printed to partition_file.nex.best_model.nex
BEST SCORE FOUND : -6220.306
Total tree length: 7.792

Total number of iterations: 103
CPU time used for tree search: 4.975 sec (0h:0m:4s)
Wall-clock time used for tree search: 4.887 sec (0h:0m:4s)
Total CPU time used: 18.953 sec (0h:0m:18s)
Total wall-clock time used: 18.579 sec (0h:0m:18s)

===> START BOOTSTRAP REPLICATE NUMBER 5

Creating bootstrap alignment (seed: 26244)...
WARNING: States(s) E, I, K, M, W rarely appear in partition tdi and may cause numerical problems

Create initial parsimony tree by phylogenetic likelihood library (PLL)... 0.001 seconds
Reading model parameters from file /Users/mful870/Desktop/MD_3di_Dev_02Oct24/Scriptorum/SubstitutionMatrix/3di_substmat
WARNING: Normalizing state frequencies so that sum of them equals to 1

NOTE: 1 MB RAM (0 GB) is required!
Estimate model parameters (epsilon = 0.100)
Initial log-likelihood: -6711.665
Current log-likelihood at step 1: -6553.871
Current log-likelihood at step 2: -6529.623
Current log-likelihood at step 3: -6529.618
Partition-specific rates:  1.329 0.671
Parameters optimization took 2 rounds (0.048 sec)

Wrote distance file to... 
Computing ML distances based on estimated model parameters...
Calculating distance matrix: done in 3.60012e-05 secs using 86.11% CPU
Computing ML distances took 0.000079 sec (of wall-clock time) 0.000058 sec (of CPU time)
Setting up auxiliary I and S matrices: done in 2.69413e-05 secs using 81.66% CPU
Computing RapidNJ tree took 0.000112 sec (of wall-clock time) 0.000067 sec (of CPU time)
Log-likelihood of RapidNJ tree: -7115.701
--------------------------------------------------------------------
|             INITIALIZING CANDIDATE TREE SET                      |
--------------------------------------------------------------------
Generating 98 parsimony trees... 0.136 second
Computing log-likelihood of 98 initial trees ... 0.264 seconds
Current best score: -6509.611

Do NNI search on 20 best initial trees
Estimate model parameters (epsilon = 0.100)
Initial log-likelihood: -6487.597
Current log-likelihood at step 1: -6486.362
Current log-likelihood at step 2: -6486.344
Parameters optimization took 1 rounds (0.025 sec)

BETTER TREE FOUND at iteration 1: -6486.344
Iteration 10 / LogL: -6486.407 / Time: 0h:0m:19s
Iteration 20 / LogL: -6492.616 / Time: 0h:0m:19s
Finish initializing candidate tree set (4)
Current best tree score: -6486.344 / CPU time: 1.189
Number of iterations: 20
--------------------------------------------------------------------
|               OPTIMIZING CANDIDATE TREE SET                      |
--------------------------------------------------------------------
Iteration 30 / LogL: -6488.147 / Time: 0h:0m:20s (0h:0m:4s left)
Iteration 40 / LogL: -6486.390 / Time: 0h:0m:20s (0h:0m:3s left)
Iteration 50 / LogL: -6488.133 / Time: 0h:0m:21s (0h:0m:2s left)
Iteration 60 / LogL: -6488.102 / Time: 0h:0m:21s (0h:0m:1s left)
Iteration 70 / LogL: -6486.402 / Time: 0h:0m:21s (0h:0m:1s left)
Iteration 80 / LogL: -6486.411 / Time: 0h:0m:22s (0h:0m:0s left)
Iteration 90 / LogL: -6488.180 / Time: 0h:0m:22s (0h:0m:0s left)
UPDATE BEST LOG-LIKELIHOOD: -6486.340
UPDATE BEST LOG-LIKELIHOOD: -6486.340
Iteration 100 / LogL: -6488.113 / Time: 0h:0m:22s (0h:0m:0s left)
TREE SEARCH COMPLETED AFTER 102 ITERATIONS / Time: 0h:0m:22s

--------------------------------------------------------------------
|                    FINALIZING TREE SEARCH                        |
--------------------------------------------------------------------
Performs final model parameters optimization
Estimate model parameters (epsilon = 0.010)
Initial log-likelihood: -6486.340
Current log-likelihood at step 1: -6486.340
Partition-specific rates:  1.304 0.696
Parameters optimization took 0 rounds (0.010 sec)

Partition information was printed to partition_file.nex.best_model.nex
BEST SCORE FOUND : -6486.340
Total tree length: 8.223

Total number of iterations: 102
CPU time used for tree search: 4.375 sec (0h:0m:4s)
Wall-clock time used for tree search: 4.281 sec (0h:0m:4s)
Total CPU time used: 23.437 sec (0h:0m:23s)
Total wall-clock time used: 22.964 sec (0h:0m:22s)

===> START BOOTSTRAP REPLICATE NUMBER 6

Creating bootstrap alignment (seed: 26245)...
WARNING: States(s) E, I, K, M rarely appear in partition tdi and may cause numerical problems

Create initial parsimony tree by phylogenetic likelihood library (PLL)... 0.001 seconds
Reading model parameters from file /Users/mful870/Desktop/MD_3di_Dev_02Oct24/Scriptorum/SubstitutionMatrix/3di_substmat
WARNING: Normalizing state frequencies so that sum of them equals to 1

NOTE: 1 MB RAM (0 GB) is required!
Estimate model parameters (epsilon = 0.100)
Initial log-likelihood: -6670.146
Current log-likelihood at step 1: -6537.478
Current log-likelihood at step 2: -6521.887
Current log-likelihood at step 3: -6521.886
Partition-specific rates:  1.321 0.679
Parameters optimization took 2 rounds (0.053 sec)

Wrote distance file to... 
Computing ML distances based on estimated model parameters...
Calculating distance matrix: done in 4.00543e-05 secs using 82.39% CPU
Computing ML distances took 0.000095 sec (of wall-clock time) 0.000062 sec (of CPU time)
Setting up auxiliary I and S matrices: done in 3.79086e-05 secs using 84.41% CPU
Computing RapidNJ tree took 0.000129 sec (of wall-clock time) 0.000080 sec (of CPU time)
Log-likelihood of RapidNJ tree: -7095.832
--------------------------------------------------------------------
|             INITIALIZING CANDIDATE TREE SET                      |
--------------------------------------------------------------------
Generating 98 parsimony trees... 0.135 second
Computing log-likelihood of 98 initial trees ... 0.277 seconds
Current best score: -6496.414

Do NNI search on 20 best initial trees
Estimate model parameters (epsilon = 0.100)
Initial log-likelihood: -6486.677
Current log-likelihood at step 1: -6485.556
Current log-likelihood at step 2: -6485.549
Parameters optimization took 1 rounds (0.025 sec)

BETTER TREE FOUND at iteration 1: -6485.549
Iteration 10 / LogL: -6486.098 / Time: 0h:0m:23s
Iteration 20 / LogL: -6485.569 / Time: 0h:0m:24s
Finish initializing candidate tree set (3)
Current best tree score: -6485.549 / CPU time: 1.242
Number of iterations: 20
--------------------------------------------------------------------
|               OPTIMIZING CANDIDATE TREE SET                      |
--------------------------------------------------------------------
Iteration 30 / LogL: -6500.069 / Time: 0h:0m:24s (0h:0m:4s left)
Iteration 40 / LogL: -6485.713 / Time: 0h:0m:25s (0h:0m:3s left)
Iteration 50 / LogL: -6485.686 / Time: 0h:0m:25s (0h:0m:2s left)
Iteration 60 / LogL: -6485.909 / Time: 0h:0m:25s (0h:0m:2s left)
Iteration 70 / LogL: -6485.658 / Time: 0h:0m:26s (0h:0m:1s left)
Iteration 80 / LogL: -6487.508 / Time: 0h:0m:26s (0h:0m:0s left)
Iteration 90 / LogL: -6485.635 / Time: 0h:0m:27s (0h:0m:0s left)
Iteration 100 / LogL: -6485.563 / Time: 0h:0m:27s (0h:0m:0s left)
TREE SEARCH COMPLETED AFTER 102 ITERATIONS / Time: 0h:0m:27s

--------------------------------------------------------------------
|                    FINALIZING TREE SEARCH                        |
--------------------------------------------------------------------
Performs final model parameters optimization
Estimate model parameters (epsilon = 0.010)
Initial log-likelihood: -6485.549
Current log-likelihood at step 1: -6485.547
Partition-specific rates:  1.280 0.720
Parameters optimization took 0 rounds (0.010 sec)

Partition information was printed to partition_file.nex.best_model.nex
BEST SCORE FOUND : -6485.547
Total tree length: 7.776

Total number of iterations: 102
CPU time used for tree search: 4.686 sec (0h:0m:4s)
Wall-clock time used for tree search: 4.583 sec (0h:0m:4s)
Total CPU time used: 28.236 sec (0h:0m:28s)
Total wall-clock time used: 27.663 sec (0h:0m:27s)

===> START BOOTSTRAP REPLICATE NUMBER 7

Creating bootstrap alignment (seed: 26246)...
WARNING: States(s) E, I, K, M rarely appear in partition tdi and may cause numerical problems

Create initial parsimony tree by phylogenetic likelihood library (PLL)... 0.001 seconds
Reading model parameters from file /Users/mful870/Desktop/MD_3di_Dev_02Oct24/Scriptorum/SubstitutionMatrix/3di_substmat
WARNING: Normalizing state frequencies so that sum of them equals to 1

NOTE: 1 MB RAM (0 GB) is required!
Estimate model parameters (epsilon = 0.100)
Initial log-likelihood: -6531.689
Current log-likelihood at step 1: -6396.200
Current log-likelihood at step 2: -6365.317
Current log-likelihood at step 3: -6365.314
Partition-specific rates:  1.352 0.648
Parameters optimization took 2 rounds (0.051 sec)

Wrote distance file to... 
Computing ML distances based on estimated model parameters...
Calculating distance matrix: done in 3.60012e-05 secs using 86.11% CPU
Computing ML distances took 0.000086 sec (of wall-clock time) 0.000058 sec (of CPU time)
Setting up auxiliary I and S matrices: done in 2.59876e-05 secs using 76.96% CPU
Computing RapidNJ tree took 0.000105 sec (of wall-clock time) 0.000066 sec (of CPU time)
Log-likelihood of RapidNJ tree: -6943.936
--------------------------------------------------------------------
|             INITIALIZING CANDIDATE TREE SET                      |
--------------------------------------------------------------------
Generating 98 parsimony trees... 0.137 second
Computing log-likelihood of 96 initial trees ... 0.263 seconds
Current best score: -6357.551

Do NNI search on 20 best initial trees
Estimate model parameters (epsilon = 0.100)
Initial log-likelihood: -6348.220
Current log-likelihood at step 1: -6348.067
Current log-likelihood at step 2: -6348.058
Parameters optimization took 1 rounds (0.021 sec)

BETTER TREE FOUND at iteration 1: -6348.058
Iteration 10 / LogL: -6348.134 / Time: 0h:0m:28s
Iteration 20 / LogL: -6356.012 / Time: 0h:0m:28s
Finish initializing candidate tree set (3)
Current best tree score: -6348.058 / CPU time: 1.232
Number of iterations: 20
--------------------------------------------------------------------
|               OPTIMIZING CANDIDATE TREE SET                      |
--------------------------------------------------------------------
Iteration 30 / LogL: -6353.392 / Time: 0h:0m:29s (0h:0m:4s left)
Iteration 40 / LogL: -6348.118 / Time: 0h:0m:30s (0h:0m:3s left)
Iteration 50 / LogL: -6348.157 / Time: 0h:0m:30s (0h:0m:3s left)
Iteration 60 / LogL: -6358.904 / Time: 0h:0m:30s (0h:0m:2s left)
Iteration 70 / LogL: -6348.162 / Time: 0h:0m:31s (0h:0m:1s left)
Iteration 80 / LogL: -6348.079 / Time: 0h:0m:31s (0h:0m:1s left)
Iteration 90 / LogL: -6356.028 / Time: 0h:0m:32s (0h:0m:0s left)
Iteration 100 / LogL: -6358.913 / Time: 0h:0m:32s (0h:0m:0s left)
TREE SEARCH COMPLETED AFTER 102 ITERATIONS / Time: 0h:0m:32s

--------------------------------------------------------------------
|                    FINALIZING TREE SEARCH                        |
--------------------------------------------------------------------
Performs final model parameters optimization
Estimate model parameters (epsilon = 0.010)
Initial log-likelihood: -6348.058
Current log-likelihood at step 1: -6348.057
Partition-specific rates:  1.364 0.636
Parameters optimization took 0 rounds (0.010 sec)

Partition information was printed to partition_file.nex.best_model.nex
BEST SCORE FOUND : -6348.057
Total tree length: 8.070

Total number of iterations: 102
CPU time used for tree search: 5.262 sec (0h:0m:5s)
Wall-clock time used for tree search: 5.220 sec (0h:0m:5s)
Total CPU time used: 33.611 sec (0h:0m:33s)
Total wall-clock time used: 32.991 sec (0h:0m:32s)

===> START BOOTSTRAP REPLICATE NUMBER 8

Creating bootstrap alignment (seed: 26247)...
WARNING: States(s) E, I, K, M, Y rarely appear in partition tdi and may cause numerical problems

Create initial parsimony tree by phylogenetic likelihood library (PLL)... 0.001 seconds
Reading model parameters from file /Users/mful870/Desktop/MD_3di_Dev_02Oct24/Scriptorum/SubstitutionMatrix/3di_substmat
WARNING: Normalizing state frequencies so that sum of them equals to 1

NOTE: 1 MB RAM (0 GB) is required!
Estimate model parameters (epsilon = 0.100)
Initial log-likelihood: -6464.444
Current log-likelihood at step 1: -6324.445
Current log-likelihood at step 2: -6298.309
Current log-likelihood at step 3: -6298.304
Partition-specific rates:  1.327 0.673
Parameters optimization took 2 rounds (0.053 sec)

Wrote distance file to... 
Computing ML distances based on estimated model parameters...
Calculating distance matrix: done in 3.60012e-05 secs using 86.11% CPU
Computing ML distances took 0.000079 sec (of wall-clock time) 0.000057 sec (of CPU time)
Setting up auxiliary I and S matrices: done in 2.90871e-05 secs using 79.07% CPU
Computing RapidNJ tree took 0.000114 sec (of wall-clock time) 0.000069 sec (of CPU time)
Log-likelihood of RapidNJ tree: -6953.157
--------------------------------------------------------------------
|             INITIALIZING CANDIDATE TREE SET                      |
--------------------------------------------------------------------
Generating 98 parsimony trees... 0.126 second
Computing log-likelihood of 98 initial trees ... 0.279 seconds
Current best score: -6296.152

Do NNI search on 20 best initial trees
Estimate model parameters (epsilon = 0.100)
Initial log-likelihood: -6277.599
Current log-likelihood at step 1: -6277.556
Parameters optimization took 0 rounds (0.011 sec)

BETTER TREE FOUND at iteration 1: -6277.556
Iteration 10 / LogL: -6277.560 / Time: 0h:0m:33s
Iteration 20 / LogL: -6277.740 / Time: 0h:0m:34s
Finish initializing candidate tree set (3)
Current best tree score: -6277.556 / CPU time: 1.252
Number of iterations: 20
--------------------------------------------------------------------
|               OPTIMIZING CANDIDATE TREE SET                      |
--------------------------------------------------------------------
Iteration 30 / LogL: -6298.812 / Time: 0h:0m:34s (0h:0m:4s left)
Iteration 40 / LogL: -6277.904 / Time: 0h:0m:35s (0h:0m:3s left)
Iteration 50 / LogL: -6298.926 / Time: 0h:0m:35s (0h:0m:2s left)
Iteration 60 / LogL: -6298.477 / Time: 0h:0m:35s (0h:0m:2s left)
Iteration 70 / LogL: -6298.708 / Time: 0h:0m:36s (0h:0m:1s left)
Iteration 80 / LogL: -6277.647 / Time: 0h:0m:36s (0h:0m:1s left)
Iteration 90 / LogL: -6278.031 / Time: 0h:0m:37s (0h:0m:0s left)
UPDATE BEST LOG-LIKELIHOOD: -6277.552
Iteration 100 / LogL: -6298.421 / Time: 0h:0m:37s (0h:0m:0s left)
TREE SEARCH COMPLETED AFTER 102 ITERATIONS / Time: 0h:0m:37s

--------------------------------------------------------------------
|                    FINALIZING TREE SEARCH                        |
--------------------------------------------------------------------
Performs final model parameters optimization
Estimate model parameters (epsilon = 0.010)
Initial log-likelihood: -6277.552
Current log-likelihood at step 1: -6277.552
Partition-specific rates:  1.323 0.677
Parameters optimization took 0 rounds (0.011 sec)

Partition information was printed to partition_file.nex.best_model.nex
BEST SCORE FOUND : -6277.552
Total tree length: 7.769

Total number of iterations: 102
CPU time used for tree search: 4.686 sec (0h:0m:4s)
Wall-clock time used for tree search: 4.593 sec (0h:0m:4s)
Total CPU time used: 38.416 sec (0h:0m:38s)
Total wall-clock time used: 37.697 sec (0h:0m:37s)

===> START BOOTSTRAP REPLICATE NUMBER 9

Creating bootstrap alignment (seed: 26248)...
WARNING: States(s) E, I, K, M, W rarely appear in partition tdi and may cause numerical problems

Create initial parsimony tree by phylogenetic likelihood library (PLL)... 0.001 seconds
Reading model parameters from file /Users/mful870/Desktop/MD_3di_Dev_02Oct24/Scriptorum/SubstitutionMatrix/3di_substmat
WARNING: Normalizing state frequencies so that sum of them equals to 1

NOTE: 1 MB RAM (0 GB) is required!
Estimate model parameters (epsilon = 0.100)
Initial log-likelihood: -6426.408
Current log-likelihood at step 1: -6308.029
Current log-likelihood at step 2: -6276.073
Current log-likelihood at step 3: -6276.012
Partition-specific rates:  1.413 0.587
Parameters optimization took 2 rounds (0.054 sec)

Wrote distance file to... 
Computing ML distances based on estimated model parameters...
Calculating distance matrix: done in 3.69549e-05 secs using 86.59% CPU
Computing ML distances took 0.000081 sec (of wall-clock time) 0.000060 sec (of CPU time)
Setting up auxiliary I and S matrices: done in 3.09944e-05 secs using 80.66% CPU
Computing RapidNJ tree took 0.000119 sec (of wall-clock time) 0.000075 sec (of CPU time)
Log-likelihood of RapidNJ tree: -6952.383
--------------------------------------------------------------------
|             INITIALIZING CANDIDATE TREE SET                      |
--------------------------------------------------------------------
Generating 98 parsimony trees... 0.134 second
Computing log-likelihood of 97 initial trees ... 0.267 seconds
Current best score: -6276.012

Do NNI search on 20 best initial trees
Estimate model parameters (epsilon = 0.100)
Initial log-likelihood: -6274.196
Current log-likelihood at step 1: -6274.140
Parameters optimization took 0 rounds (0.011 sec)

BETTER TREE FOUND at iteration 1: -6274.140
UPDATE BEST LOG-LIKELIHOOD: -6274.136
Iteration 10 / LogL: -6274.148 / Time: 0h:0m:38s
Iteration 20 / LogL: -6274.191 / Time: 0h:0m:39s
Finish initializing candidate tree set (1)
Current best tree score: -6274.136 / CPU time: 1.206
Number of iterations: 20
--------------------------------------------------------------------
|               OPTIMIZING CANDIDATE TREE SET                      |
--------------------------------------------------------------------
Estimate model parameters (epsilon = 0.100)
Initial log-likelihood: -6272.619
Current log-likelihood at step 1: -6272.547
Parameters optimization took 0 rounds (0.012 sec)

BETTER TREE FOUND at iteration 28: -6272.547
Iteration 30 / LogL: -6272.549 / Time: 0h:0m:39s (0h:0m:5s left)
Iteration 40 / LogL: -6272.672 / Time: 0h:0m:39s (0h:0m:4s left)
UPDATE BEST LOG-LIKELIHOOD: -6272.545
Iteration 50 / LogL: -6272.565 / Time: 0h:0m:40s (0h:0m:4s left)
Iteration 60 / LogL: -6272.546 / Time: 0h:0m:40s (0h:0m:3s left)
Iteration 70 / LogL: -6272.548 / Time: 0h:0m:41s (0h:0m:3s left)
Iteration 80 / LogL: -6272.546 / Time: 0h:0m:41s (0h:0m:2s left)
Iteration 90 / LogL: -6274.187 / Time: 0h:0m:42s (0h:0m:1s left)
Iteration 100 / LogL: -6272.695 / Time: 0h:0m:42s (0h:0m:1s left)
Iteration 110 / LogL: -6274.466 / Time: 0h:0m:43s (0h:0m:0s left)
Iteration 120 / LogL: -6274.182 / Time: 0h:0m:43s (0h:0m:0s left)
TREE SEARCH COMPLETED AFTER 129 ITERATIONS / Time: 0h:0m:44s

--------------------------------------------------------------------
|                    FINALIZING TREE SEARCH                        |
--------------------------------------------------------------------
Performs final model parameters optimization
Estimate model parameters (epsilon = 0.010)
Initial log-likelihood: -6272.545
Current log-likelihood at step 1: -6272.545
Partition-specific rates:  1.408 0.592
Parameters optimization took 0 rounds (0.011 sec)

Partition information was printed to partition_file.nex.best_model.nex
BEST SCORE FOUND : -6272.545
Total tree length: 7.787

Total number of iterations: 129
CPU time used for tree search: 6.282 sec (0h:0m:6s)
Wall-clock time used for tree search: 6.209 sec (0h:0m:6s)
Total CPU time used: 44.813 sec (0h:0m:44s)
Total wall-clock time used: 44.020 sec (0h:0m:44s)

===> START BOOTSTRAP REPLICATE NUMBER 10

Creating bootstrap alignment (seed: 26249)...
WARNING: States(s) E, I, K, M rarely appear in partition tdi and may cause numerical problems

Create initial parsimony tree by phylogenetic likelihood library (PLL)... 0.001 seconds
Reading model parameters from file /Users/mful870/Desktop/MD_3di_Dev_02Oct24/Scriptorum/SubstitutionMatrix/3di_substmat
WARNING: Normalizing state frequencies so that sum of them equals to 1

NOTE: 1 MB RAM (0 GB) is required!
Estimate model parameters (epsilon = 0.100)
Initial log-likelihood: -6661.500
Current log-likelihood at step 1: -6515.890
Current log-likelihood at step 2: -6495.458
Current log-likelihood at step 3: -6495.457
Partition-specific rates:  1.318 0.682
Parameters optimization took 2 rounds (0.048 sec)

Wrote distance file to... 
Computing ML distances based on estimated model parameters...
Calculating distance matrix: done in 4.00543e-05 secs using 84.88% CPU
Computing ML distances took 0.000092 sec (of wall-clock time) 0.000062 sec (of CPU time)
Setting up auxiliary I and S matrices: done in 2.7895e-05 secs using 75.28% CPU
Computing RapidNJ tree took 0.000122 sec (of wall-clock time) 0.000072 sec (of CPU time)
Log-likelihood of RapidNJ tree: -7060.561
--------------------------------------------------------------------
|             INITIALIZING CANDIDATE TREE SET                      |
--------------------------------------------------------------------
Generating 98 parsimony trees... 0.139 second
Computing log-likelihood of 98 initial trees ... 0.311 seconds
Current best score: -6495.457

Do NNI search on 20 best initial trees
Estimate model parameters (epsilon = 0.100)
Initial log-likelihood: -6484.080
Current log-likelihood at step 1: -6483.502
Current log-likelihood at step 2: -6483.491
Parameters optimization took 1 rounds (0.024 sec)

BETTER TREE FOUND at iteration 1: -6483.491
Iteration 10 / LogL: -6483.631 / Time: 0h:0m:44s
Estimate model parameters (epsilon = 0.100)
Initial log-likelihood: -6482.637
Current log-likelihood at step 1: -6482.477
Current log-likelihood at step 2: -6482.476
Parameters optimization took 1 rounds (0.022 sec)

BETTER TREE FOUND at iteration 13: -6482.476
Iteration 20 / LogL: -6483.675 / Time: 0h:0m:45s
Finish initializing candidate tree set (5)
Current best tree score: -6482.476 / CPU time: 1.241
Number of iterations: 20
--------------------------------------------------------------------
|               OPTIMIZING CANDIDATE TREE SET                      |
--------------------------------------------------------------------
Iteration 30 / LogL: -6482.479 / Time: 0h:0m:45s (0h:0m:4s left)
Iteration 40 / LogL: -6483.569 / Time: 0h:0m:46s (0h:0m:4s left)
Iteration 50 / LogL: -6483.624 / Time: 0h:0m:46s (0h:0m:3s left)
Iteration 60 / LogL: -6482.716 / Time: 0h:0m:46s (0h:0m:2s left)
Iteration 70 / LogL: -6485.422 / Time: 0h:0m:47s (0h:0m:2s left)
Iteration 80 / LogL: -6483.897 / Time: 0h:0m:47s (0h:0m:1s left)
Iteration 90 / LogL: -6483.965 / Time: 0h:0m:48s (0h:0m:1s left)
Iteration 100 / LogL: -6483.570 / Time: 0h:0m:48s (0h:0m:0s left)
Iteration 110 / LogL: -6483.908 / Time: 0h:0m:48s (0h:0m:0s left)
TREE SEARCH COMPLETED AFTER 114 ITERATIONS / Time: 0h:0m:49s

--------------------------------------------------------------------
|                    FINALIZING TREE SEARCH                        |
--------------------------------------------------------------------
Performs final model parameters optimization
Estimate model parameters (epsilon = 0.010)
Initial log-likelihood: -6482.476
Current log-likelihood at step 1: -6482.476
Partition-specific rates:  1.290 0.710
Parameters optimization took 0 rounds (0.010 sec)

Partition information was printed to partition_file.nex.best_model.nex
BEST SCORE FOUND : -6482.476
Total tree length: 7.979

Total number of iterations: 114
CPU time used for tree search: 5.110 sec (0h:0m:5s)
Wall-clock time used for tree search: 5.032 sec (0h:0m:5s)
Total CPU time used: 50.027 sec (0h:0m:50s)
Total wall-clock time used: 49.154 sec (0h:0m:49s)

===> START BOOTSTRAP REPLICATE NUMBER 11

Creating bootstrap alignment (seed: 26250)...
WARNING: States(s) E, I, K, M, Y rarely appear in partition tdi and may cause numerical problems

Create initial parsimony tree by phylogenetic likelihood library (PLL)... 0.001 seconds
Reading model parameters from file /Users/mful870/Desktop/MD_3di_Dev_02Oct24/Scriptorum/SubstitutionMatrix/3di_substmat
WARNING: Normalizing state frequencies so that sum of them equals to 1

NOTE: 1 MB RAM (0 GB) is required!
Estimate model parameters (epsilon = 0.100)
Initial log-likelihood: -6535.495
Current log-likelihood at step 1: -6411.289
Current log-likelihood at step 2: -6387.290
Current log-likelihood at step 3: -6387.277
Partition-specific rates:  1.319 0.681
Parameters optimization took 2 rounds (0.053 sec)

Wrote distance file to... 
Computing ML distances based on estimated model parameters...
Calculating distance matrix: done in 3.69549e-05 secs using 83.89% CPU
Computing ML distances took 0.000089 sec (of wall-clock time) 0.000058 sec (of CPU time)
Setting up auxiliary I and S matrices: done in 2.90871e-05 secs using 79.07% CPU
Computing RapidNJ tree took 0.000123 sec (of wall-clock time) 0.000073 sec (of CPU time)
Log-likelihood of RapidNJ tree: -6879.489
--------------------------------------------------------------------
|             INITIALIZING CANDIDATE TREE SET                      |
--------------------------------------------------------------------
Generating 98 parsimony trees... 0.170 second
Computing log-likelihood of 98 initial trees ... 0.291 seconds
Current best score: -6358.243

Do NNI search on 20 best initial trees
Estimate model parameters (epsilon = 0.100)
Initial log-likelihood: -6348.667
Current log-likelihood at step 1: -6348.189
Current log-likelihood at step 2: -6348.181
Parameters optimization took 1 rounds (0.025 sec)

BETTER TREE FOUND at iteration 1: -6348.181
Iteration 10 / LogL: -6348.204 / Time: 0h:0m:50s
Iteration 20 / LogL: -6358.594 / Time: 0h:0m:50s
Finish initializing candidate tree set (4)
Current best tree score: -6348.181 / CPU time: 1.320
Number of iterations: 20
--------------------------------------------------------------------
|               OPTIMIZING CANDIDATE TREE SET                      |
--------------------------------------------------------------------
Iteration 30 / LogL: -6348.248 / Time: 0h:0m:50s (0h:0m:4s left)
Iteration 40 / LogL: -6358.700 / Time: 0h:0m:51s (0h:0m:3s left)
Iteration 50 / LogL: -6348.314 / Time: 0h:0m:51s (0h:0m:2s left)
Iteration 60 / LogL: -6348.282 / Time: 0h:0m:52s (0h:0m:2s left)
Iteration 70 / LogL: -6348.262 / Time: 0h:0m:52s (0h:0m:1s left)
Iteration 80 / LogL: -6348.252 / Time: 0h:0m:53s (0h:0m:1s left)
Iteration 90 / LogL: -6348.298 / Time: 0h:0m:53s (0h:0m:0s left)
Iteration 100 / LogL: -6348.274 / Time: 0h:0m:54s (0h:0m:0s left)
TREE SEARCH COMPLETED AFTER 102 ITERATIONS / Time: 0h:0m:54s

--------------------------------------------------------------------
|                    FINALIZING TREE SEARCH                        |
--------------------------------------------------------------------
Performs final model parameters optimization
Estimate model parameters (epsilon = 0.010)
Initial log-likelihood: -6348.181
Current log-likelihood at step 1: -6348.180
Partition-specific rates:  1.302 0.698
Parameters optimization took 0 rounds (0.012 sec)

Partition information was printed to partition_file.nex.best_model.nex
BEST SCORE FOUND : -6348.180
Total tree length: 7.560

Total number of iterations: 102
CPU time used for tree search: 5.000 sec (0h:0m:4s)
Wall-clock time used for tree search: 4.930 sec (0h:0m:4s)
Total CPU time used: 55.150 sec (0h:0m:55s)
Total wall-clock time used: 54.196 sec (0h:0m:54s)

===> START BOOTSTRAP REPLICATE NUMBER 12

Creating bootstrap alignment (seed: 26251)...
WARNING: States(s) E, I, K, M, W rarely appear in partition tdi and may cause numerical problems

Create initial parsimony tree by phylogenetic likelihood library (PLL)... 0.001 seconds
Reading model parameters from file /Users/mful870/Desktop/MD_3di_Dev_02Oct24/Scriptorum/SubstitutionMatrix/3di_substmat
WARNING: Normalizing state frequencies so that sum of them equals to 1

NOTE: 1 MB RAM (0 GB) is required!
Estimate model parameters (epsilon = 0.100)
Initial log-likelihood: -6405.819
Current log-likelihood at step 1: -6261.155
Current log-likelihood at step 2: -6226.195
Current log-likelihood at step 3: -6226.192
Partition-specific rates:  1.394 0.606
Parameters optimization took 2 rounds (0.070 sec)

Wrote distance file to... 
Computing ML distances based on estimated model parameters...
Calculating distance matrix: done in 4.00543e-05 secs using 84.88% CPU
Computing ML distances took 0.000084 sec (of wall-clock time) 0.000062 sec (of CPU time)
Setting up auxiliary I and S matrices: done in 2.7895e-05 secs using 75.28% CPU
Computing RapidNJ tree took 0.000118 sec (of wall-clock time) 0.000074 sec (of CPU time)
Log-likelihood of RapidNJ tree: -6813.335
--------------------------------------------------------------------
|             INITIALIZING CANDIDATE TREE SET                      |
--------------------------------------------------------------------
Generating 98 parsimony trees... 0.139 second
Computing log-likelihood of 98 initial trees ... 0.339 seconds
Current best score: -6222.750

Do NNI search on 20 best initial trees
Estimate model parameters (epsilon = 0.100)
Initial log-likelihood: -6209.034
Current log-likelihood at step 1: -6208.971
Parameters optimization took 0 rounds (0.011 sec)

BETTER TREE FOUND at iteration 1: -6208.971
Iteration 10 / LogL: -6209.788 / Time: 0h:0m:55s
UPDATE BEST LOG-LIKELIHOOD: -6208.971
Iteration 20 / LogL: -6209.064 / Time: 0h:0m:55s
Finish initializing candidate tree set (2)
Current best tree score: -6208.971 / CPU time: 1.351
Number of iterations: 20
--------------------------------------------------------------------
|               OPTIMIZING CANDIDATE TREE SET                      |
--------------------------------------------------------------------
UPDATE BEST LOG-LIKELIHOOD: -6208.969
UPDATE BEST LOG-LIKELIHOOD: -6208.967
Iteration 30 / LogL: -6209.040 / Time: 0h:0m:56s (0h:0m:4s left)
UPDATE BEST LOG-LIKELIHOOD: -6208.964
Iteration 40 / LogL: -6209.129 / Time: 0h:0m:56s (0h:0m:3s left)
Iteration 50 / LogL: -6209.024 / Time: 0h:0m:56s (0h:0m:2s left)
Iteration 60 / LogL: -6209.006 / Time: 0h:0m:57s (0h:0m:2s left)
Iteration 70 / LogL: -6209.492 / Time: 0h:0m:57s (0h:0m:1s left)
Iteration 80 / LogL: -6209.115 / Time: 0h:0m:58s (0h:0m:1s left)
Iteration 90 / LogL: -6209.016 / Time: 0h:0m:58s (0h:0m:0s left)
Iteration 100 / LogL: -6209.086 / Time: 0h:0m:58s (0h:0m:0s left)
TREE SEARCH COMPLETED AFTER 102 ITERATIONS / Time: 0h:0m:59s

--------------------------------------------------------------------
|                    FINALIZING TREE SEARCH                        |
--------------------------------------------------------------------
Performs final model parameters optimization
Estimate model parameters (epsilon = 0.010)
Initial log-likelihood: -6208.964
Current log-likelihood at step 1: -6208.963
Partition-specific rates:  1.400 0.600
Parameters optimization took 0 rounds (0.011 sec)

Partition information was printed to partition_file.nex.best_model.nex
BEST SCORE FOUND : -6208.963
Total tree length: 7.571

Total number of iterations: 102
CPU time used for tree search: 4.745 sec (0h:0m:4s)
Wall-clock time used for tree search: 4.704 sec (0h:0m:4s)
Total CPU time used: 60.039 sec (0h:1m:0s)
Total wall-clock time used: 59.030 sec (0h:0m:59s)

===> START BOOTSTRAP REPLICATE NUMBER 13

Creating bootstrap alignment (seed: 26252)...
WARNING: States(s) E, I, K, M rarely appear in partition tdi and may cause numerical problems

Create initial parsimony tree by phylogenetic likelihood library (PLL)... 0.001 seconds
Reading model parameters from file /Users/mful870/Desktop/MD_3di_Dev_02Oct24/Scriptorum/SubstitutionMatrix/3di_substmat
WARNING: Normalizing state frequencies so that sum of them equals to 1

NOTE: 1 MB RAM (0 GB) is required!
Estimate model parameters (epsilon = 0.100)
Initial log-likelihood: -6545.007
Current log-likelihood at step 1: -6399.753
Current log-likelihood at step 2: -6365.534
Current log-likelihood at step 3: -6365.532
Partition-specific rates:  1.411 0.589
Parameters optimization took 2 rounds (0.079 sec)

Wrote distance file to... 
Computing ML distances based on estimated model parameters...
Calculating distance matrix: done in 3.91006e-05 secs using 84.4% CPU
Computing ML distances took 0.000089 sec (of wall-clock time) 0.000063 sec (of CPU time)
Setting up auxiliary I and S matrices: done in 3.8147e-05 secs using 76.02% CPU
Computing RapidNJ tree took 0.000130 sec (of wall-clock time) 0.000084 sec (of CPU time)
Log-likelihood of RapidNJ tree: -6990.254
--------------------------------------------------------------------
|             INITIALIZING CANDIDATE TREE SET                      |
--------------------------------------------------------------------
Generating 98 parsimony trees... 0.156 second
Computing log-likelihood of 98 initial trees ... 0.289 seconds
Current best score: -6365.532

Do NNI search on 20 best initial trees
Estimate model parameters (epsilon = 0.100)
Initial log-likelihood: -6362.059
Current log-likelihood at step 1: -6361.998
Parameters optimization took 0 rounds (0.011 sec)

BETTER TREE FOUND at iteration 1: -6361.998
Iteration 10 / LogL: -6362.080 / Time: 0h:0m:59s
Iteration 20 / LogL: -6362.151 / Time: 0h:1m:0s
Finish initializing candidate tree set (2)
Current best tree score: -6361.998 / CPU time: 1.224
Number of iterations: 20
--------------------------------------------------------------------
|               OPTIMIZING CANDIDATE TREE SET                      |
--------------------------------------------------------------------
Iteration 30 / LogL: -6362.003 / Time: 0h:1m:0s (0h:0m:4s left)
Iteration 40 / LogL: -6362.057 / Time: 0h:1m:1s (0h:0m:3s left)
Iteration 50 / LogL: -6362.016 / Time: 0h:1m:1s (0h:0m:2s left)
Iteration 60 / LogL: -6362.012 / Time: 0h:1m:2s (0h:0m:2s left)
Iteration 70 / LogL: -6362.005 / Time: 0h:1m:2s (0h:0m:1s left)
Iteration 80 / LogL: -6362.028 / Time: 0h:1m:2s (0h:0m:1s left)
Iteration 90 / LogL: -6362.012 / Time: 0h:1m:3s (0h:0m:0s left)
Iteration 100 / LogL: -6362.020 / Time: 0h:1m:3s (0h:0m:0s left)
TREE SEARCH COMPLETED AFTER 102 ITERATIONS / Time: 0h:1m:3s

--------------------------------------------------------------------
|                    FINALIZING TREE SEARCH                        |
--------------------------------------------------------------------
Performs final model parameters optimization
Estimate model parameters (epsilon = 0.010)
Initial log-likelihood: -6361.998
Current log-likelihood at step 1: -6361.992
Partition-specific rates:  1.407 0.593
Parameters optimization took 0 rounds (0.016 sec)

Partition information was printed to partition_file.nex.best_model.nex
BEST SCORE FOUND : -6361.992
Total tree length: 7.610

Total number of iterations: 102
CPU time used for tree search: 4.814 sec (0h:0m:4s)
Wall-clock time used for tree search: 4.737 sec (0h:0m:4s)
Total CPU time used: 65.017 sec (0h:1m:5s)
Total wall-clock time used: 63.917 sec (0h:1m:3s)

===> START BOOTSTRAP REPLICATE NUMBER 14

Creating bootstrap alignment (seed: 26253)...
WARNING: States(s) E, I, K, M, W rarely appear in partition tdi and may cause numerical problems

Create initial parsimony tree by phylogenetic likelihood library (PLL)... 0.002 seconds
Reading model parameters from file /Users/mful870/Desktop/MD_3di_Dev_02Oct24/Scriptorum/SubstitutionMatrix/3di_substmat
WARNING: Normalizing state frequencies so that sum of them equals to 1

NOTE: 1 MB RAM (0 GB) is required!
Estimate model parameters (epsilon = 0.100)
Initial log-likelihood: -6679.430
Current log-likelihood at step 1: -6544.831
Current log-likelihood at step 2: -6522.406
Current log-likelihood at step 3: -6522.400
Partition-specific rates:  1.308 0.692
Parameters optimization took 2 rounds (0.064 sec)

Wrote distance file to... 
Computing ML distances based on estimated model parameters...
Calculating distance matrix: done in 5.6982e-05 secs using 84.24% CPU
Computing ML distances took 0.000121 sec (of wall-clock time) 0.000092 sec (of CPU time)
Setting up auxiliary I and S matrices: done in 3.29018e-05 secs using 75.98% CPU
Computing RapidNJ tree took 0.000155 sec (of wall-clock time) 0.000099 sec (of CPU time)
Log-likelihood of RapidNJ tree: -7119.144
--------------------------------------------------------------------
|             INITIALIZING CANDIDATE TREE SET                      |
--------------------------------------------------------------------
Generating 98 parsimony trees... 0.171 second
Computing log-likelihood of 97 initial trees ... 0.283 seconds
Current best score: -6522.400

Do NNI search on 20 best initial trees
Estimate model parameters (epsilon = 0.100)
Initial log-likelihood: -6508.851
Current log-likelihood at step 1: -6508.762
Parameters optimization took 0 rounds (0.011 sec)

BETTER TREE FOUND at iteration 1: -6508.762
Iteration 10 / LogL: -6508.872 / Time: 0h:1m:4s
Estimate model parameters (epsilon = 0.100)
Initial log-likelihood: -6508.542
Current log-likelihood at step 1: -6508.440
Current log-likelihood at step 2: -6508.430
Parameters optimization took 1 rounds (0.027 sec)

BETTER TREE FOUND at iteration 11: -6508.430
Iteration 20 / LogL: -6508.665 / Time: 0h:1m:5s
Finish initializing candidate tree set (3)
Current best tree score: -6508.430 / CPU time: 1.374
Number of iterations: 20
--------------------------------------------------------------------
|               OPTIMIZING CANDIDATE TREE SET                      |
--------------------------------------------------------------------
Iteration 30 / LogL: -6513.080 / Time: 0h:1m:5s (0h:0m:5s left)
Iteration 40 / LogL: -6508.870 / Time: 0h:1m:6s (0h:0m:4s left)
Iteration 50 / LogL: -6508.445 / Time: 0h:1m:6s (0h:0m:3s left)
Iteration 60 / LogL: -6508.578 / Time: 0h:1m:7s (0h:0m:2s left)
Iteration 70 / LogL: -6508.885 / Time: 0h:1m:7s (0h:0m:2s left)
Iteration 80 / LogL: -6508.433 / Time: 0h:1m:7s (0h:0m:1s left)
Iteration 90 / LogL: -6508.557 / Time: 0h:1m:8s (0h:0m:1s left)
Iteration 100 / LogL: -6508.864 / Time: 0h:1m:8s (0h:0m:0s left)
Iteration 110 / LogL: -6508.481 / Time: 0h:1m:9s (0h:0m:0s left)
TREE SEARCH COMPLETED AFTER 112 ITERATIONS / Time: 0h:1m:9s

--------------------------------------------------------------------
|                    FINALIZING TREE SEARCH                        |
--------------------------------------------------------------------
Performs final model parameters optimization
Estimate model parameters (epsilon = 0.010)
Initial log-likelihood: -6508.430
Current log-likelihood at step 1: -6508.429
Partition-specific rates:  1.318 0.682
Parameters optimization took 0 rounds (0.011 sec)

Partition information was printed to partition_file.nex.best_model.nex
BEST SCORE FOUND : -6508.429
Total tree length: 8.022

Total number of iterations: 112
CPU time used for tree search: 5.450 sec (0h:0m:5s)
Wall-clock time used for tree search: 5.362 sec (0h:0m:5s)
Total CPU time used: 70.605 sec (0h:1m:10s)
Total wall-clock time used: 69.405 sec (0h:1m:9s)

===> START BOOTSTRAP REPLICATE NUMBER 15

Creating bootstrap alignment (seed: 26254)...
WARNING: States(s) E, I, K, M, W, Y rarely appear in partition tdi and may cause numerical problems

Create initial parsimony tree by phylogenetic likelihood library (PLL)... 0.001 seconds
Reading model parameters from file /Users/mful870/Desktop/MD_3di_Dev_02Oct24/Scriptorum/SubstitutionMatrix/3di_substmat
WARNING: Normalizing state frequencies so that sum of them equals to 1

NOTE: 1 MB RAM (0 GB) is required!
Estimate model parameters (epsilon = 0.100)
Initial log-likelihood: -6440.233
Current log-likelihood at step 1: -6283.770
Current log-likelihood at step 2: -6255.142
Current log-likelihood at step 3: -6255.134
Partition-specific rates:  1.378 0.622
Parameters optimization took 2 rounds (0.051 sec)

Wrote distance file to... 
Computing ML distances based on estimated model parameters...
Calculating distance matrix: done in 3.69549e-05 secs using 89.3% CPU
Computing ML distances took 0.000081 sec (of wall-clock time) 0.000060 sec (of CPU time)
Setting up auxiliary I and S matrices: done in 2.81334e-05 secs using 78.2% CPU
Computing RapidNJ tree took 0.000146 sec (of wall-clock time) 0.000087 sec (of CPU time)
Log-likelihood of RapidNJ tree: -6796.501
--------------------------------------------------------------------
|             INITIALIZING CANDIDATE TREE SET                      |
--------------------------------------------------------------------
Generating 98 parsimony trees... 0.138 second
Computing log-likelihood of 98 initial trees ... 0.268 seconds
Current best score: -6205.459

Do NNI search on 20 best initial trees
Estimate model parameters (epsilon = 0.100)
Initial log-likelihood: -6196.424
Current log-likelihood at step 1: -6196.307
Current log-likelihood at step 2: -6196.300
Parameters optimization took 1 rounds (0.023 sec)

BETTER TREE FOUND at iteration 1: -6196.300
Iteration 10 / LogL: -6196.674 / Time: 0h:1m:10s
Iteration 20 / LogL: -6196.341 / Time: 0h:1m:10s
Finish initializing candidate tree set (1)
Current best tree score: -6196.300 / CPU time: 1.188
Number of iterations: 20
--------------------------------------------------------------------
|               OPTIMIZING CANDIDATE TREE SET                      |
--------------------------------------------------------------------
UPDATE BEST LOG-LIKELIHOOD: -6196.300
UPDATE BEST LOG-LIKELIHOOD: -6196.300
Iteration 30 / LogL: -6196.340 / Time: 0h:1m:11s (0h:0m:4s left)
Iteration 40 / LogL: -6196.318 / Time: 0h:1m:11s (0h:0m:3s left)
Iteration 50 / LogL: -6196.546 / Time: 0h:1m:11s (0h:0m:2s left)
Iteration 60 / LogL: -6196.350 / Time: 0h:1m:12s (0h:0m:2s left)
Iteration 70 / LogL: -6196.362 / Time: 0h:1m:12s (0h:0m:1s left)
Iteration 80 / LogL: -6196.328 / Time: 0h:1m:13s (0h:0m:1s left)
UPDATE BEST LOG-LIKELIHOOD: -6196.300
Iteration 90 / LogL: -6196.363 / Time: 0h:1m:13s (0h:0m:0s left)
Iteration 100 / LogL: -6196.617 / Time: 0h:1m:14s (0h:0m:0s left)
TREE SEARCH COMPLETED AFTER 102 ITERATIONS / Time: 0h:1m:14s

--------------------------------------------------------------------
|                    FINALIZING TREE SEARCH                        |
--------------------------------------------------------------------
Performs final model parameters optimization
Estimate model parameters (epsilon = 0.010)
Initial log-likelihood: -6196.300
Current log-likelihood at step 1: -6196.300
Partition-specific rates:  1.371 0.629
Parameters optimization took 0 rounds (0.012 sec)

Partition information was printed to partition_file.nex.best_model.nex
BEST SCORE FOUND : -6196.300
Total tree length: 7.325

Total number of iterations: 102
CPU time used for tree search: 5.102 sec (0h:0m:5s)
Wall-clock time used for tree search: 5.131 sec (0h:0m:5s)
Total CPU time used: 75.819 sec (0h:1m:15s)
Total wall-clock time used: 74.643 sec (0h:1m:14s)

===> START BOOTSTRAP REPLICATE NUMBER 16

Creating bootstrap alignment (seed: 26255)...
WARNING: States(s) E, I, K, M, W, Y rarely appear in partition tdi and may cause numerical problems

Create initial parsimony tree by phylogenetic likelihood library (PLL)... 0.001 seconds
Reading model parameters from file /Users/mful870/Desktop/MD_3di_Dev_02Oct24/Scriptorum/SubstitutionMatrix/3di_substmat
WARNING: Normalizing state frequencies so that sum of them equals to 1

NOTE: 1 MB RAM (0 GB) is required!
Estimate model parameters (epsilon = 0.100)
Initial log-likelihood: -6754.030
Current log-likelihood at step 1: -6611.454
Current log-likelihood at step 2: -6587.713
Current log-likelihood at step 3: -6587.708
Partition-specific rates:  1.332 0.668
Parameters optimization took 2 rounds (0.056 sec)

Wrote distance file to... 
Computing ML distances based on estimated model parameters...
Calculating distance matrix: done in 4.19617e-05 secs using 83.41% CPU
Computing ML distances took 0.000092 sec (of wall-clock time) 0.000065 sec (of CPU time)
Setting up auxiliary I and S matrices: done in 4.1008e-05 secs using 75.6% CPU
Computing RapidNJ tree took 0.000164 sec (of wall-clock time) 0.000104 sec (of CPU time)
Log-likelihood of RapidNJ tree: -7267.904
--------------------------------------------------------------------
|             INITIALIZING CANDIDATE TREE SET                      |
--------------------------------------------------------------------
Generating 98 parsimony trees... 0.170 second
Computing log-likelihood of 98 initial trees ... 0.333 seconds
Current best score: -6587.708

Do NNI search on 20 best initial trees
Estimate model parameters (epsilon = 0.100)
Initial log-likelihood: -6566.709
Current log-likelihood at step 1: -6566.549
Current log-likelihood at step 2: -6566.547
Parameters optimization took 1 rounds (0.035 sec)

BETTER TREE FOUND at iteration 1: -6566.547
Estimate model parameters (epsilon = 0.100)
Initial log-likelihood: -6566.518
Current log-likelihood at step 1: -6566.468
Parameters optimization took 0 rounds (0.012 sec)

BETTER TREE FOUND at iteration 6: -6566.468
Iteration 10 / LogL: -6566.606 / Time: 0h:1m:15s
Iteration 20 / LogL: -6566.621 / Time: 0h:1m:16s
Finish initializing candidate tree set (2)
Current best tree score: -6566.468 / CPU time: 1.454
Number of iterations: 20
--------------------------------------------------------------------
|               OPTIMIZING CANDIDATE TREE SET                      |
--------------------------------------------------------------------
Iteration 30 / LogL: -6566.663 / Time: 0h:1m:16s (0h:0m:5s left)
Iteration 40 / LogL: -6566.494 / Time: 0h:1m:16s (0h:0m:3s left)
UPDATE BEST LOG-LIKELIHOOD: -6566.459
Iteration 50 / LogL: -6566.716 / Time: 0h:1m:17s (0h:0m:3s left)
Iteration 60 / LogL: -6566.477 / Time: 0h:1m:17s (0h:0m:2s left)
Iteration 70 / LogL: -6566.675 / Time: 0h:1m:18s (0h:0m:1s left)
Iteration 80 / LogL: -6566.634 / Time: 0h:1m:18s (0h:0m:1s left)
Iteration 90 / LogL: -6566.752 / Time: 0h:1m:19s (0h:0m:0s left)
Iteration 100 / LogL: -6566.920 / Time: 0h:1m:19s (0h:0m:0s left)
TREE SEARCH COMPLETED AFTER 107 ITERATIONS / Time: 0h:1m:19s

--------------------------------------------------------------------
|                    FINALIZING TREE SEARCH                        |
--------------------------------------------------------------------
Performs final model parameters optimization
Estimate model parameters (epsilon = 0.010)
Initial log-likelihood: -6566.459
Current log-likelihood at step 1: -6566.457
Partition-specific rates:  1.335 0.665
Parameters optimization took 0 rounds (0.011 sec)

Partition information was printed to partition_file.nex.best_model.nex
BEST SCORE FOUND : -6566.457
Total tree length: 8.342

Total number of iterations: 107
CPU time used for tree search: 5.053 sec (0h:0m:5s)
Wall-clock time used for tree search: 5.002 sec (0h:0m:5s)
Total CPU time used: 81.006 sec (0h:1m:21s)
Total wall-clock time used: 79.766 sec (0h:1m:19s)

===> START BOOTSTRAP REPLICATE NUMBER 17

Creating bootstrap alignment (seed: 26256)...
WARNING: States(s) E, I, K, M rarely appear in partition tdi and may cause numerical problems

Create initial parsimony tree by phylogenetic likelihood library (PLL)... 0.001 seconds
Reading model parameters from file /Users/mful870/Desktop/MD_3di_Dev_02Oct24/Scriptorum/SubstitutionMatrix/3di_substmat
WARNING: Normalizing state frequencies so that sum of them equals to 1

NOTE: 1 MB RAM (0 GB) is required!
Estimate model parameters (epsilon = 0.100)
Initial log-likelihood: -6448.994
Current log-likelihood at step 1: -6275.312
Current log-likelihood at step 2: -6248.604
Current log-likelihood at step 3: -6248.440
Current log-likelihood at step 4: -6248.440
Partition-specific rates:  1.370 0.630
Parameters optimization took 3 rounds (0.064 sec)

Wrote distance file to... 
Computing ML distances based on estimated model parameters...
Calculating distance matrix: done in 4.1008e-05 secs using 85.35% CPU
Computing ML distances took 0.000088 sec (of wall-clock time) 0.000065 sec (of CPU time)
Setting up auxiliary I and S matrices: done in 3.00407e-05 secs using 79.89% CPU
Computing RapidNJ tree took 0.000118 sec (of wall-clock time) 0.000071 sec (of CPU time)
Log-likelihood of RapidNJ tree: -6773.534
--------------------------------------------------------------------
|             INITIALIZING CANDIDATE TREE SET                      |
--------------------------------------------------------------------
Generating 98 parsimony trees... 0.163 second
Computing log-likelihood of 97 initial trees ... 0.338 seconds
Current best score: -6220.852

Do NNI search on 20 best initial trees
Estimate model parameters (epsilon = 0.100)
Initial log-likelihood: -6206.184
Current log-likelihood at step 1: -6206.171
Parameters optimization took 0 rounds (0.011 sec)

BETTER TREE FOUND at iteration 1: -6206.171
Iteration 10 / LogL: -6211.923 / Time: 0h:1m:20s
Iteration 20 / LogL: -6206.186 / Time: 0h:1m:21s
Finish initializing candidate tree set (5)
Current best tree score: -6206.171 / CPU time: 1.351
Number of iterations: 20
--------------------------------------------------------------------
|               OPTIMIZING CANDIDATE TREE SET                      |
--------------------------------------------------------------------
UPDATE BEST LOG-LIKELIHOOD: -6206.170
Iteration 30 / LogL: -6211.627 / Time: 0h:1m:21s (0h:0m:4s left)
Iteration 40 / LogL: -6211.624 / Time: 0h:1m:22s (0h:0m:3s left)
Iteration 50 / LogL: -6206.250 / Time: 0h:1m:22s (0h:0m:2s left)
Iteration 60 / LogL: -6210.087 / Time: 0h:1m:23s (0h:0m:2s left)
Iteration 70 / LogL: -6206.279 / Time: 0h:1m:23s (0h:0m:1s left)
Iteration 80 / LogL: -6206.304 / Time: 0h:1m:23s (0h:0m:1s left)
Iteration 90 / LogL: -6209.896 / Time: 0h:1m:24s (0h:0m:0s left)
Iteration 100 / LogL: -6206.405 / Time: 0h:1m:24s (0h:0m:0s left)
TREE SEARCH COMPLETED AFTER 102 ITERATIONS / Time: 0h:1m:25s

--------------------------------------------------------------------
|                    FINALIZING TREE SEARCH                        |
--------------------------------------------------------------------
Performs final model parameters optimization
Estimate model parameters (epsilon = 0.010)
Initial log-likelihood: -6206.170
Current log-likelihood at step 1: -6206.170
Partition-specific rates:  1.373 0.627
Parameters optimization took 0 rounds (0.011 sec)

Partition information was printed to partition_file.nex.best_model.nex
BEST SCORE FOUND : -6206.170
Total tree length: 7.641

Total number of iterations: 102
CPU time used for tree search: 5.142 sec (0h:0m:5s)
Wall-clock time used for tree search: 5.121 sec (0h:0m:5s)
Total CPU time used: 86.301 sec (0h:1m:26s)
Total wall-clock time used: 85.021 sec (0h:1m:25s)

===> START BOOTSTRAP REPLICATE NUMBER 18

Creating bootstrap alignment (seed: 26257)...
WARNING: States(s) E, I, K, M rarely appear in partition tdi and may cause numerical problems

Create initial parsimony tree by phylogenetic likelihood library (PLL)... 0.001 seconds
Reading model parameters from file /Users/mful870/Desktop/MD_3di_Dev_02Oct24/Scriptorum/SubstitutionMatrix/3di_substmat
WARNING: Normalizing state frequencies so that sum of them equals to 1

NOTE: 1 MB RAM (0 GB) is required!
Estimate model parameters (epsilon = 0.100)
Initial log-likelihood: -6552.817
Current log-likelihood at step 1: -6393.747
Current log-likelihood at step 2: -6376.109
Current log-likelihood at step 3: -6376.106
Partition-specific rates:  1.316 0.684
Parameters optimization took 2 rounds (0.058 sec)

Wrote distance file to... 
Computing ML distances based on estimated model parameters...
Calculating distance matrix: done in 5.50747e-05 secs using 85.34% CPU
Computing ML distances took 0.000121 sec (of wall-clock time) 0.000087 sec (of CPU time)
Setting up auxiliary I and S matrices: done in 3.91006e-05 secs using 79.28% CPU
Computing RapidNJ tree took 0.000162 sec (of wall-clock time) 0.000097 sec (of CPU time)
Log-likelihood of RapidNJ tree: -6973.911
--------------------------------------------------------------------
|             INITIALIZING CANDIDATE TREE SET                      |
--------------------------------------------------------------------
Generating 98 parsimony trees... 0.147 second
Computing log-likelihood of 98 initial trees ... 0.284 seconds
Current best score: -6376.106

Do NNI search on 20 best initial trees
Estimate model parameters (epsilon = 0.100)
Initial log-likelihood: -6363.866
Current log-likelihood at step 1: -6363.737
Current log-likelihood at step 2: -6363.735
Parameters optimization took 1 rounds (0.025 sec)

BETTER TREE FOUND at iteration 1: -6363.735
Iteration 10 / LogL: -6363.769 / Time: 0h:1m:25s
Iteration 20 / LogL: -6364.077 / Time: 0h:1m:26s
Finish initializing candidate tree set (1)
Current best tree score: -6363.735 / CPU time: 1.205
Number of iterations: 20
--------------------------------------------------------------------
|               OPTIMIZING CANDIDATE TREE SET                      |
--------------------------------------------------------------------
UPDATE BEST LOG-LIKELIHOOD: -6363.735
Iteration 30 / LogL: -6364.076 / Time: 0h:1m:26s (0h:0m:4s left)
Iteration 40 / LogL: -6363.764 / Time: 0h:1m:27s (0h:0m:3s left)
UPDATE BEST LOG-LIKELIHOOD: -6363.735
Iteration 50 / LogL: -6363.974 / Time: 0h:1m:27s (0h:0m:2s left)
Iteration 60 / LogL: -6363.877 / Time: 0h:1m:27s (0h:0m:1s left)
UPDATE BEST LOG-LIKELIHOOD: -6363.735
Iteration 70 / LogL: -6363.735 / Time: 0h:1m:28s (0h:0m:1s left)
UPDATE BEST LOG-LIKELIHOOD: -6363.735
Iteration 80 / LogL: -6363.755 / Time: 0h:1m:28s (0h:0m:0s left)
Iteration 90 / LogL: -6364.015 / Time: 0h:1m:29s (0h:0m:0s left)
Iteration 100 / LogL: -6364.184 / Time: 0h:1m:29s (0h:0m:0s left)
TREE SEARCH COMPLETED AFTER 102 ITERATIONS / Time: 0h:1m:29s

--------------------------------------------------------------------
|                    FINALIZING TREE SEARCH                        |
--------------------------------------------------------------------
Performs final model parameters optimization
Estimate model parameters (epsilon = 0.010)
Initial log-likelihood: -6363.735
Current log-likelihood at step 1: -6363.735
Partition-specific rates:  1.314 0.686
Parameters optimization took 0 rounds (0.010 sec)

Partition information was printed to partition_file.nex.best_model.nex
BEST SCORE FOUND : -6363.735
Total tree length: 7.648

Total number of iterations: 102
CPU time used for tree search: 4.636 sec (0h:0m:4s)
Wall-clock time used for tree search: 4.565 sec (0h:0m:4s)
Total CPU time used: 91.064 sec (0h:1m:31s)
Total wall-clock time used: 89.712 sec (0h:1m:29s)

===> START BOOTSTRAP REPLICATE NUMBER 19

Creating bootstrap alignment (seed: 26258)...
WARNING: States(s) E, I, K, M, Y rarely appear in partition tdi and may cause numerical problems

Create initial parsimony tree by phylogenetic likelihood library (PLL)... 0.001 seconds
Reading model parameters from file /Users/mful870/Desktop/MD_3di_Dev_02Oct24/Scriptorum/SubstitutionMatrix/3di_substmat
WARNING: Normalizing state frequencies so that sum of them equals to 1

NOTE: 1 MB RAM (0 GB) is required!
Estimate model parameters (epsilon = 0.100)
Initial log-likelihood: -6633.500
Current log-likelihood at step 1: -6515.432
Current log-likelihood at step 2: -6493.568
Current log-likelihood at step 3: -6493.343
Current log-likelihood at step 4: -6493.342
Partition-specific rates:  1.344 0.656
Parameters optimization took 3 rounds (0.071 sec)

Wrote distance file to... 
Computing ML distances based on estimated model parameters...
Calculating distance matrix: done in 4.00543e-05 secs using 82.39% CPU
Computing ML distances took 0.000084 sec (of wall-clock time) 0.000062 sec (of CPU time)
Setting up auxiliary I and S matrices: done in 2.90871e-05 secs using 79.07% CPU
Computing RapidNJ tree took 0.000142 sec (of wall-clock time) 0.000084 sec (of CPU time)
Log-likelihood of RapidNJ tree: -7058.220
--------------------------------------------------------------------
|             INITIALIZING CANDIDATE TREE SET                      |
--------------------------------------------------------------------
Generating 98 parsimony trees... 0.154 second
Computing log-likelihood of 96 initial trees ... 0.337 seconds
Current best score: -6493.342

Do NNI search on 20 best initial trees
Estimate model parameters (epsilon = 0.100)
Initial log-likelihood: -6489.432
Current log-likelihood at step 1: -6489.338
Parameters optimization took 0 rounds (0.011 sec)

BETTER TREE FOUND at iteration 1: -6489.338
UPDATE BEST LOG-LIKELIHOOD: -6489.329
Estimate model parameters (epsilon = 0.100)
Initial log-likelihood: -6483.550
Current log-likelihood at step 1: -6483.395
Current log-likelihood at step 2: -6483.391
Parameters optimization took 1 rounds (0.023 sec)

BETTER TREE FOUND at iteration 5: -6483.391
Iteration 10 / LogL: -6489.532 / Time: 0h:1m:30s
Iteration 20 / LogL: -6489.488 / Time: 0h:1m:31s
Finish initializing candidate tree set (2)
Current best tree score: -6483.391 / CPU time: 1.452
Number of iterations: 20
--------------------------------------------------------------------
|               OPTIMIZING CANDIDATE TREE SET                      |
--------------------------------------------------------------------
Iteration 30 / LogL: -6489.539 / Time: 0h:1m:31s (0h:0m:5s left)
Iteration 40 / LogL: -6489.628 / Time: 0h:1m:32s (0h:0m:4s left)
Iteration 50 / LogL: -6489.503 / Time: 0h:1m:32s (0h:0m:3s left)
Iteration 60 / LogL: -6483.745 / Time: 0h:1m:33s (0h:0m:2s left)
Iteration 70 / LogL: -6489.538 / Time: 0h:1m:33s (0h:0m:1s left)
Iteration 80 / LogL: -6483.436 / Time: 0h:1m:34s (0h:0m:1s left)
Iteration 90 / LogL: -6483.430 / Time: 0h:1m:34s (0h:0m:0s left)
Iteration 100 / LogL: -6489.576 / Time: 0h:1m:34s (0h:0m:0s left)
TREE SEARCH COMPLETED AFTER 106 ITERATIONS / Time: 0h:1m:35s

--------------------------------------------------------------------
|                    FINALIZING TREE SEARCH                        |
--------------------------------------------------------------------
Performs final model parameters optimization
Estimate model parameters (epsilon = 0.010)
Initial log-likelihood: -6483.391
Current log-likelihood at step 1: -6483.391
Partition-specific rates:  1.353 0.647
Parameters optimization took 0 rounds (0.012 sec)

Partition information was printed to partition_file.nex.best_model.nex
BEST SCORE FOUND : -6483.391
Total tree length: 7.945

Total number of iterations: 106
CPU time used for tree search: 5.410 sec (0h:0m:5s)
Wall-clock time used for tree search: 5.385 sec (0h:0m:5s)
Total CPU time used: 96.618 sec (0h:1m:36s)
Total wall-clock time used: 95.233 sec (0h:1m:35s)

===> START BOOTSTRAP REPLICATE NUMBER 20

Creating bootstrap alignment (seed: 26259)...
WARNING: States(s) E, I, K, M rarely appear in partition tdi and may cause numerical problems

Create initial parsimony tree by phylogenetic likelihood library (PLL)... 0.001 seconds
Reading model parameters from file /Users/mful870/Desktop/MD_3di_Dev_02Oct24/Scriptorum/SubstitutionMatrix/3di_substmat
WARNING: Normalizing state frequencies so that sum of them equals to 1

NOTE: 1 MB RAM (0 GB) is required!
Estimate model parameters (epsilon = 0.100)
Initial log-likelihood: -6541.645
Current log-likelihood at step 1: -6392.523
Current log-likelihood at step 2: -6373.351
Current log-likelihood at step 3: -6373.349
Partition-specific rates:  1.280 0.720
Parameters optimization took 2 rounds (0.058 sec)

Wrote distance file to... 
Computing ML distances based on estimated model parameters...
Calculating distance matrix: done in 4.00543e-05 secs using 82.39% CPU
Computing ML distances took 0.000085 sec (of wall-clock time) 0.000062 sec (of CPU time)
Setting up auxiliary I and S matrices: done in 3.09944e-05 secs using 80.66% CPU
Computing RapidNJ tree took 0.000208 sec (of wall-clock time) 0.000085 sec (of CPU time)
Log-likelihood of RapidNJ tree: -6985.191
--------------------------------------------------------------------
|             INITIALIZING CANDIDATE TREE SET                      |
--------------------------------------------------------------------
Generating 98 parsimony trees... 0.157 second
Computing log-likelihood of 97 initial trees ... 0.309 seconds
Current best score: -6330.735

Do NNI search on 20 best initial trees
Estimate model parameters (epsilon = 0.100)
Initial log-likelihood: -6323.217
Current log-likelihood at step 1: -6323.152
Parameters optimization took 0 rounds (0.011 sec)

BETTER TREE FOUND at iteration 1: -6323.152
Iteration 10 / LogL: -6323.999 / Time: 0h:1m:36s
Iteration 20 / LogL: -6323.261 / Time: 0h:1m:36s
Finish initializing candidate tree set (2)
Current best tree score: -6323.152 / CPU time: 1.209
Number of iterations: 20
--------------------------------------------------------------------
|               OPTIMIZING CANDIDATE TREE SET                      |
--------------------------------------------------------------------
Iteration 30 / LogL: -6323.411 / Time: 0h:1m:36s (0h:0m:4s left)
UPDATE BEST LOG-LIKELIHOOD: -6323.147
Iteration 40 / LogL: -6323.205 / Time: 0h:1m:37s (0h:0m:3s left)
Iteration 50 / LogL: -6323.188 / Time: 0h:1m:37s (0h:0m:2s left)
Iteration 60 / LogL: -6323.223 / Time: 0h:1m:38s (0h:0m:2s left)
Iteration 70 / LogL: -6323.200 / Time: 0h:1m:38s (0h:0m:1s left)
Iteration 80 / LogL: -6323.173 / Time: 0h:1m:39s (0h:0m:1s left)
Iteration 90 / LogL: -6329.722 / Time: 0h:1m:39s (0h:0m:0s left)
Iteration 100 / LogL: -6323.267 / Time: 0h:1m:40s (0h:0m:0s left)
TREE SEARCH COMPLETED AFTER 102 ITERATIONS / Time: 0h:1m:40s

--------------------------------------------------------------------
|                    FINALIZING TREE SEARCH                        |
--------------------------------------------------------------------
Performs final model parameters optimization
Estimate model parameters (epsilon = 0.010)
Initial log-likelihood: -6323.147
Current log-likelihood at step 1: -6323.147
Partition-specific rates:  1.285 0.715
Parameters optimization took 0 rounds (0.011 sec)

Partition information was printed to partition_file.nex.best_model.nex
BEST SCORE FOUND : -6323.147
Total tree length: 7.822

Total number of iterations: 102
CPU time used for tree search: 5.102 sec (0h:0m:5s)
Wall-clock time used for tree search: 5.034 sec (0h:0m:5s)
Total CPU time used: 101.849 sec (0h:1m:41s)
Total wall-clock time used: 100.383 sec (0h:1m:40s)

===> START BOOTSTRAP REPLICATE NUMBER 21

Creating bootstrap alignment (seed: 26260)...
WARNING: States(s) E, I, K, M rarely appear in partition tdi and may cause numerical problems

Create initial parsimony tree by phylogenetic likelihood library (PLL)... 0.001 seconds
Reading model parameters from file /Users/mful870/Desktop/MD_3di_Dev_02Oct24/Scriptorum/SubstitutionMatrix/3di_substmat
WARNING: Normalizing state frequencies so that sum of them equals to 1

NOTE: 1 MB RAM (0 GB) is required!
Estimate model parameters (epsilon = 0.100)
Initial log-likelihood: -6564.257
Current log-likelihood at step 1: -6431.427
Current log-likelihood at step 2: -6405.689
Current log-likelihood at step 3: -6405.613
Partition-specific rates:  1.331 0.669
Parameters optimization took 2 rounds (0.059 sec)

Wrote distance file to... 
Computing ML distances based on estimated model parameters...
Calculating distance matrix: done in 4.00543e-05 secs using 84.88% CPU
Computing ML distances took 0.000092 sec (of wall-clock time) 0.000063 sec (of CPU time)
Setting up auxiliary I and S matrices: done in 2.90871e-05 secs using 79.07% CPU
Computing RapidNJ tree took 0.000162 sec (of wall-clock time) 0.000101 sec (of CPU time)
Log-likelihood of RapidNJ tree: -6995.785
--------------------------------------------------------------------
|             INITIALIZING CANDIDATE TREE SET                      |
--------------------------------------------------------------------
Generating 98 parsimony trees... 0.168 second
Computing log-likelihood of 97 initial trees ... 0.316 seconds
Current best score: -6405.613

Do NNI search on 20 best initial trees
Estimate model parameters (epsilon = 0.100)
Initial log-likelihood: -6376.154
Current log-likelihood at step 1: -6375.942
Current log-likelihood at step 2: -6375.940
Parameters optimization took 1 rounds (0.031 sec)

BETTER TREE FOUND at iteration 1: -6375.940
Iteration 10 / LogL: -6380.897 / Time: 0h:1m:41s
Iteration 20 / LogL: -6380.907 / Time: 0h:1m:42s
Finish initializing candidate tree set (2)
Current best tree score: -6375.940 / CPU time: 1.774
Number of iterations: 20
--------------------------------------------------------------------
|               OPTIMIZING CANDIDATE TREE SET                      |
--------------------------------------------------------------------
Iteration 30 / LogL: -6375.988 / Time: 0h:1m:42s (0h:0m:5s left)
Iteration 40 / LogL: -6375.984 / Time: 0h:1m:43s (0h:0m:4s left)
Iteration 50 / LogL: -6375.970 / Time: 0h:1m:43s (0h:0m:3s left)
Iteration 60 / LogL: -6377.089 / Time: 0h:1m:44s (0h:0m:2s left)
Iteration 70 / LogL: -6376.495 / Time: 0h:1m:44s (0h:0m:1s left)
Iteration 80 / LogL: -6380.946 / Time: 0h:1m:45s (0h:0m:1s left)
Iteration 90 / LogL: -6381.054 / Time: 0h:1m:45s (0h:0m:0s left)
Iteration 100 / LogL: -6375.975 / Time: 0h:1m:45s (0h:0m:0s left)
TREE SEARCH COMPLETED AFTER 102 ITERATIONS / Time: 0h:1m:46s

--------------------------------------------------------------------
|                    FINALIZING TREE SEARCH                        |
--------------------------------------------------------------------
Performs final model parameters optimization
Estimate model parameters (epsilon = 0.010)
Initial log-likelihood: -6375.940
Current log-likelihood at step 1: -6375.940
Partition-specific rates:  1.339 0.661
Parameters optimization took 0 rounds (0.010 sec)

Partition information was printed to partition_file.nex.best_model.nex
BEST SCORE FOUND : -6375.940
Total tree length: 8.208

Total number of iterations: 102
CPU time used for tree search: 5.666 sec (0h:0m:5s)
Wall-clock time used for tree search: 5.589 sec (0h:0m:5s)
Total CPU time used: 107.639 sec (0h:1m:47s)
Total wall-clock time used: 106.086 sec (0h:1m:46s)

===> START BOOTSTRAP REPLICATE NUMBER 22

Creating bootstrap alignment (seed: 26261)...
WARNING: States(s) E, I, K, M rarely appear in partition tdi and may cause numerical problems

Create initial parsimony tree by phylogenetic likelihood library (PLL)... 0.001 seconds
Reading model parameters from file /Users/mful870/Desktop/MD_3di_Dev_02Oct24/Scriptorum/SubstitutionMatrix/3di_substmat
WARNING: Normalizing state frequencies so that sum of them equals to 1

NOTE: 1 MB RAM (0 GB) is required!
Estimate model parameters (epsilon = 0.100)
Initial log-likelihood: -6430.207
Current log-likelihood at step 1: -6303.258
Current log-likelihood at step 2: -6283.945
Current log-likelihood at step 3: -6283.944
Partition-specific rates:  1.262 0.738
Parameters optimization took 2 rounds (0.055 sec)

Wrote distance file to... 
Computing ML distances based on estimated model parameters...
Calculating distance matrix: done in 4.00543e-05 secs using 84.88% CPU
Computing ML distances took 0.000096 sec (of wall-clock time) 0.000063 sec (of CPU time)
Setting up auxiliary I and S matrices: done in 2.69413e-05 secs using 77.95% CPU
Computing RapidNJ tree took 0.000115 sec (of wall-clock time) 0.000069 sec (of CPU time)
Log-likelihood of RapidNJ tree: -6891.746
--------------------------------------------------------------------
|             INITIALIZING CANDIDATE TREE SET                      |
--------------------------------------------------------------------
Generating 98 parsimony trees... 0.141 second
Computing log-likelihood of 97 initial trees ... 0.285 seconds
Current best score: -6274.025

Do NNI search on 20 best initial trees
Estimate model parameters (epsilon = 0.100)
Initial log-likelihood: -6257.794
Current log-likelihood at step 1: -6257.557
Current log-likelihood at step 2: -6257.551
Parameters optimization took 1 rounds (0.023 sec)

BETTER TREE FOUND at iteration 1: -6257.551
Iteration 10 / LogL: -6258.547 / Time: 0h:1m:47s
Iteration 20 / LogL: -6258.384 / Time: 0h:1m:47s
Finish initializing candidate tree set (2)
Current best tree score: -6257.551 / CPU time: 1.329
Number of iterations: 20
--------------------------------------------------------------------
|               OPTIMIZING CANDIDATE TREE SET                      |
--------------------------------------------------------------------
Iteration 30 / LogL: -6257.639 / Time: 0h:1m:47s (0h:0m:4s left)
Iteration 40 / LogL: -6258.483 / Time: 0h:1m:48s (0h:0m:3s left)
Iteration 50 / LogL: -6258.240 / Time: 0h:1m:48s (0h:0m:2s left)
Iteration 60 / LogL: -6257.928 / Time: 0h:1m:49s (0h:0m:2s left)
Iteration 70 / LogL: -6257.666 / Time: 0h:1m:49s (0h:0m:1s left)
Iteration 80 / LogL: -6257.599 / Time: 0h:1m:50s (0h:0m:1s left)
Iteration 90 / LogL: -6257.612 / Time: 0h:1m:50s (0h:0m:0s left)
Iteration 100 / LogL: -6258.633 / Time: 0h:1m:51s (0h:0m:0s left)
TREE SEARCH COMPLETED AFTER 102 ITERATIONS / Time: 0h:1m:51s

--------------------------------------------------------------------
|                    FINALIZING TREE SEARCH                        |
--------------------------------------------------------------------
Performs final model parameters optimization
Estimate model parameters (epsilon = 0.010)
Initial log-likelihood: -6257.551
Current log-likelihood at step 1: -6257.550
Partition-specific rates:  1.263 0.737
Parameters optimization took 0 rounds (0.010 sec)

Partition information was printed to partition_file.nex.best_model.nex
BEST SCORE FOUND : -6257.550
Total tree length: 7.888

Total number of iterations: 102
CPU time used for tree search: 4.998 sec (0h:0m:4s)
Wall-clock time used for tree search: 4.963 sec (0h:0m:4s)
Total CPU time used: 112.754 sec (0h:1m:52s)
Total wall-clock time used: 111.164 sec (0h:1m:51s)

===> START BOOTSTRAP REPLICATE NUMBER 23

Creating bootstrap alignment (seed: 26262)...
WARNING: States(s) E, I, K, M, W rarely appear in partition tdi and may cause numerical problems

Create initial parsimony tree by phylogenetic likelihood library (PLL)... 0.001 seconds
Reading model parameters from file /Users/mful870/Desktop/MD_3di_Dev_02Oct24/Scriptorum/SubstitutionMatrix/3di_substmat
WARNING: Normalizing state frequencies so that sum of them equals to 1

NOTE: 1 MB RAM (0 GB) is required!
Estimate model parameters (epsilon = 0.100)
Initial log-likelihood: -6878.815
Current log-likelihood at step 1: -6740.077
Current log-likelihood at step 2: -6727.708
Current log-likelihood at step 3: -6727.706
Partition-specific rates:  1.290 0.710
Parameters optimization took 2 rounds (0.053 sec)

Wrote distance file to... 
Computing ML distances based on estimated model parameters...
Calculating distance matrix: done in 4.00543e-05 secs using 84.88% CPU
Computing ML distances took 0.000096 sec (of wall-clock time) 0.000064 sec (of CPU time)
Setting up auxiliary I and S matrices: done in 3.09944e-05 secs using 80.66% CPU
Computing RapidNJ tree took 0.000128 sec (of wall-clock time) 0.000075 sec (of CPU time)
Log-likelihood of RapidNJ tree: -7369.797
--------------------------------------------------------------------
|             INITIALIZING CANDIDATE TREE SET                      |
--------------------------------------------------------------------
Generating 98 parsimony trees... 0.192 second
Computing log-likelihood of 98 initial trees ... 0.306 seconds
Current best score: -6727.706

Do NNI search on 20 best initial trees
Estimate model parameters (epsilon = 0.100)
Initial log-likelihood: -6712.971
Current log-likelihood at step 1: -6712.647
Current log-likelihood at step 2: -6712.645
Parameters optimization took 1 rounds (0.035 sec)

BETTER TREE FOUND at iteration 1: -6712.645
Iteration 10 / LogL: -6712.668 / Time: 0h:1m:52s
Iteration 20 / LogL: -6712.661 / Time: 0h:1m:52s
Finish initializing candidate tree set (2)
Current best tree score: -6712.645 / CPU time: 1.296
Number of iterations: 20
--------------------------------------------------------------------
|               OPTIMIZING CANDIDATE TREE SET                      |
--------------------------------------------------------------------
Iteration 30 / LogL: -6712.673 / Time: 0h:1m:53s (0h:0m:4s left)
Iteration 40 / LogL: -6718.552 / Time: 0h:1m:53s (0h:0m:3s left)
Iteration 50 / LogL: -6712.885 / Time: 0h:1m:53s (0h:0m:2s left)
Iteration 60 / LogL: -6712.707 / Time: 0h:1m:54s (0h:0m:2s left)
Iteration 70 / LogL: -6712.743 / Time: 0h:1m:54s (0h:0m:1s left)
Iteration 80 / LogL: -6712.861 / Time: 0h:1m:55s (0h:0m:1s left)
Iteration 90 / LogL: -6720.118 / Time: 0h:1m:55s (0h:0m:0s left)
Iteration 100 / LogL: -6712.780 / Time: 0h:1m:56s (0h:0m:0s left)
TREE SEARCH COMPLETED AFTER 102 ITERATIONS / Time: 0h:1m:56s

--------------------------------------------------------------------
|                    FINALIZING TREE SEARCH                        |
--------------------------------------------------------------------
Performs final model parameters optimization
Estimate model parameters (epsilon = 0.010)
Initial log-likelihood: -6712.645
Current log-likelihood at step 1: -6712.645
Partition-specific rates:  1.308 0.692
Parameters optimization took 0 rounds (0.011 sec)

Partition information was printed to partition_file.nex.best_model.nex
BEST SCORE FOUND : -6712.645
Total tree length: 8.067

Total number of iterations: 102
CPU time used for tree search: 4.841 sec (0h:0m:4s)
Wall-clock time used for tree search: 4.806 sec (0h:0m:4s)
Total CPU time used: 117.739 sec (0h:1m:57s)
Total wall-clock time used: 116.108 sec (0h:1m:56s)

===> START BOOTSTRAP REPLICATE NUMBER 24

Creating bootstrap alignment (seed: 26263)...
WARNING: States(s) E, I, K, M, W rarely appear in partition tdi and may cause numerical problems

Create initial parsimony tree by phylogenetic likelihood library (PLL)... 0.001 seconds
Reading model parameters from file /Users/mful870/Desktop/MD_3di_Dev_02Oct24/Scriptorum/SubstitutionMatrix/3di_substmat
WARNING: Normalizing state frequencies so that sum of them equals to 1

NOTE: 1 MB RAM (0 GB) is required!
Estimate model parameters (epsilon = 0.100)
Initial log-likelihood: -6375.823
Current log-likelihood at step 1: -6244.666
Current log-likelihood at step 2: -6209.131
Current log-likelihood at step 3: -6209.127
Partition-specific rates:  1.361 0.639
Parameters optimization took 2 rounds (0.054 sec)

Wrote distance file to... 
Computing ML distances based on estimated model parameters...
Calculating distance matrix: done in 4.00543e-05 secs using 84.88% CPU
Computing ML distances took 0.000097 sec (of wall-clock time) 0.000062 sec (of CPU time)
Setting up auxiliary I and S matrices: done in 3.09944e-05 secs using 80.66% CPU
Computing RapidNJ tree took 0.000131 sec (of wall-clock time) 0.000076 sec (of CPU time)
Log-likelihood of RapidNJ tree: -6804.578
--------------------------------------------------------------------
|             INITIALIZING CANDIDATE TREE SET                      |
--------------------------------------------------------------------
Generating 98 parsimony trees... 0.160 second
Computing log-likelihood of 98 initial trees ... 0.296 seconds
Current best score: -6209.127

Do NNI search on 20 best initial trees
Estimate model parameters (epsilon = 0.100)
Initial log-likelihood: -6184.608
Current log-likelihood at step 1: -6184.573
Parameters optimization took 0 rounds (0.015 sec)

BETTER TREE FOUND at iteration 1: -6184.573
Estimate model parameters (epsilon = 0.100)
Initial log-likelihood: -6183.993
Current log-likelihood at step 1: -6183.872
Current log-likelihood at step 2: -6183.871
Parameters optimization took 1 rounds (0.028 sec)

BETTER TREE FOUND at iteration 6: -6183.871
Iteration 10 / LogL: -6183.879 / Time: 0h:1m:57s
Iteration 20 / LogL: -6183.960 / Time: 0h:1m:57s
Finish initializing candidate tree set (6)
Current best tree score: -6183.871 / CPU time: 1.505
Number of iterations: 20
--------------------------------------------------------------------
|               OPTIMIZING CANDIDATE TREE SET                      |
--------------------------------------------------------------------
Iteration 30 / LogL: -6184.663 / Time: 0h:1m:58s (0h:0m:5s left)
Iteration 40 / LogL: -6183.998 / Time: 0h:1m:58s (0h:0m:4s left)
UPDATE BEST LOG-LIKELIHOOD: -6183.870
Iteration 50 / LogL: -6184.314 / Time: 0h:1m:59s (0h:0m:3s left)
Iteration 60 / LogL: -6183.876 / Time: 0h:1m:59s (0h:0m:2s left)
UPDATE BEST LOG-LIKELIHOOD: -6183.870
Iteration 70 / LogL: -6183.968 / Time: 0h:2m:0s (0h:0m:2s left)
Iteration 80 / LogL: -6186.017 / Time: 0h:2m:0s (0h:0m:1s left)
Iteration 90 / LogL: -6183.959 / Time: 0h:2m:1s (0h:0m:0s left)
Iteration 100 / LogL: -6184.575 / Time: 0h:2m:1s (0h:0m:0s left)
TREE SEARCH COMPLETED AFTER 107 ITERATIONS / Time: 0h:2m:1s

--------------------------------------------------------------------
|                    FINALIZING TREE SEARCH                        |
--------------------------------------------------------------------
Performs final model parameters optimization
Estimate model parameters (epsilon = 0.010)
Initial log-likelihood: -6183.870
Current log-likelihood at step 1: -6183.870
Partition-specific rates:  1.354 0.646
Parameters optimization took 0 rounds (0.011 sec)

Partition information was printed to partition_file.nex.best_model.nex
BEST SCORE FOUND : -6183.870
Total tree length: 7.775

Total number of iterations: 107
CPU time used for tree search: 5.642 sec (0h:0m:5s)
Wall-clock time used for tree search: 5.578 sec (0h:0m:5s)
Total CPU time used: 123.501 sec (0h:2m:3s)
Total wall-clock time used: 121.797 sec (0h:2m:1s)

===> START BOOTSTRAP REPLICATE NUMBER 25

Creating bootstrap alignment (seed: 26264)...
WARNING: States(s) E, I, K, M, W rarely appear in partition tdi and may cause numerical problems

Create initial parsimony tree by phylogenetic likelihood library (PLL)... 0.001 seconds
Reading model parameters from file /Users/mful870/Desktop/MD_3di_Dev_02Oct24/Scriptorum/SubstitutionMatrix/3di_substmat
WARNING: Normalizing state frequencies so that sum of them equals to 1

NOTE: 1 MB RAM (0 GB) is required!
Estimate model parameters (epsilon = 0.100)
Initial log-likelihood: -6491.093
Current log-likelihood at step 1: -6337.423
Current log-likelihood at step 2: -6310.322
Current log-likelihood at step 3: -6310.299
Partition-specific rates:  1.375 0.625
Parameters optimization took 2 rounds (0.061 sec)

Wrote distance file to... 
Computing ML distances based on estimated model parameters...
Calculating distance matrix: done in 4.19617e-05 secs using 85.79% CPU
Computing ML distances took 0.000106 sec (of wall-clock time) 0.000067 sec (of CPU time)
Setting up auxiliary I and S matrices: done in 2.7895e-05 secs using 78.87% CPU
Computing RapidNJ tree took 0.000132 sec (of wall-clock time) 0.000083 sec (of CPU time)
Log-likelihood of RapidNJ tree: -6882.970
--------------------------------------------------------------------
|             INITIALIZING CANDIDATE TREE SET                      |
--------------------------------------------------------------------
Generating 98 parsimony trees... 0.128 second
Computing log-likelihood of 98 initial trees ... 0.286 seconds
Current best score: -6273.950

Do NNI search on 20 best initial trees
Estimate model parameters (epsilon = 0.100)
Initial log-likelihood: -6252.503
Current log-likelihood at step 1: -6252.021
Current log-likelihood at step 2: -6252.017
Parameters optimization took 1 rounds (0.022 sec)

BETTER TREE FOUND at iteration 1: -6252.017
Estimate model parameters (epsilon = 0.100)
Initial log-likelihood: -6250.127
Current log-likelihood at step 1: -6250.094
Parameters optimization took 0 rounds (0.013 sec)

BETTER TREE FOUND at iteration 5: -6250.094
Iteration 10 / LogL: -6250.118 / Time: 0h:2m:2s
Iteration 20 / LogL: -6250.491 / Time: 0h:2m:3s
Finish initializing candidate tree set (3)
Current best tree score: -6250.094 / CPU time: 1.435
Number of iterations: 20
--------------------------------------------------------------------
|               OPTIMIZING CANDIDATE TREE SET                      |
--------------------------------------------------------------------
Iteration 30 / LogL: -6250.111 / Time: 0h:2m:3s (0h:0m:5s left)
Iteration 40 / LogL: -6250.490 / Time: 0h:2m:4s (0h:0m:4s left)
Iteration 50 / LogL: -6250.293 / Time: 0h:2m:4s (0h:0m:3s left)
Iteration 60 / LogL: -6250.240 / Time: 0h:2m:5s (0h:0m:2s left)
Iteration 70 / LogL: -6250.495 / Time: 0h:2m:5s (0h:0m:2s left)
Iteration 80 / LogL: -6250.197 / Time: 0h:2m:6s (0h:0m:1s left)
Iteration 90 / LogL: -6250.219 / Time: 0h:2m:6s (0h:0m:0s left)
Iteration 100 / LogL: -6250.331 / Time: 0h:2m:7s (0h:0m:0s left)
TREE SEARCH COMPLETED AFTER 106 ITERATIONS / Time: 0h:2m:7s

--------------------------------------------------------------------
|                    FINALIZING TREE SEARCH                        |
--------------------------------------------------------------------
Performs final model parameters optimization
Estimate model parameters (epsilon = 0.010)
Initial log-likelihood: -6250.094
Current log-likelihood at step 1: -6250.092
Partition-specific rates:  1.352 0.648
Parameters optimization took 0 rounds (0.011 sec)

Partition information was printed to partition_file.nex.best_model.nex
BEST SCORE FOUND : -6250.092
Total tree length: 7.715

Total number of iterations: 106
CPU time used for tree search: 5.737 sec (0h:0m:5s)
Wall-clock time used for tree search: 5.656 sec (0h:0m:5s)
Total CPU time used: 129.372 sec (0h:2m:9s)
Total wall-clock time used: 127.572 sec (0h:2m:7s)

===> START BOOTSTRAP REPLICATE NUMBER 26

Creating bootstrap alignment (seed: 26265)...
WARNING: States(s) E, I, K, M, W rarely appear in partition tdi and may cause numerical problems

Create initial parsimony tree by phylogenetic likelihood library (PLL)... 0.001 seconds
Reading model parameters from file /Users/mful870/Desktop/MD_3di_Dev_02Oct24/Scriptorum/SubstitutionMatrix/3di_substmat
WARNING: Normalizing state frequencies so that sum of them equals to 1

NOTE: 1 MB RAM (0 GB) is required!
Estimate model parameters (epsilon = 0.100)
Initial log-likelihood: -6572.908
Current log-likelihood at step 1: -6418.423
Current log-likelihood at step 2: -6385.352
Current log-likelihood at step 3: -6385.174
Current log-likelihood at step 4: -6385.164
Partition-specific rates:  1.410 0.590
Parameters optimization took 3 rounds (0.071 sec)

Wrote distance file to... 
Computing ML distances based on estimated model parameters...
Calculating distance matrix: done in 4.00543e-05 secs using 87.38% CPU
Computing ML distances took 0.000097 sec (of wall-clock time) 0.000064 sec (of CPU time)
Setting up auxiliary I and S matrices: done in 3.09944e-05 secs using 80.66% CPU
Computing RapidNJ tree took 0.000126 sec (of wall-clock time) 0.000075 sec (of CPU time)
Log-likelihood of RapidNJ tree: -6900.353
--------------------------------------------------------------------
|             INITIALIZING CANDIDATE TREE SET                      |
--------------------------------------------------------------------
Generating 98 parsimony trees... 0.137 second
Computing log-likelihood of 96 initial trees ... 0.280 seconds
Current best score: -6366.784

Do NNI search on 20 best initial trees
Estimate model parameters (epsilon = 0.100)
Initial log-likelihood: -6350.297
Current log-likelihood at step 1: -6349.840
Current log-likelihood at step 2: -6349.800
Parameters optimization took 1 rounds (0.027 sec)

BETTER TREE FOUND at iteration 1: -6349.800
Iteration 10 / LogL: -6349.881 / Time: 0h:2m:8s
Iteration 20 / LogL: -6349.831 / Time: 0h:2m:8s
Finish initializing candidate tree set (2)
Current best tree score: -6349.800 / CPU time: 1.234
Number of iterations: 20
--------------------------------------------------------------------
|               OPTIMIZING CANDIDATE TREE SET                      |
--------------------------------------------------------------------
Iteration 30 / LogL: -6349.854 / Time: 0h:2m:9s (0h:0m:4s left)
Iteration 40 / LogL: -6354.112 / Time: 0h:2m:9s (0h:0m:3s left)
Iteration 50 / LogL: -6349.889 / Time: 0h:2m:10s (0h:0m:2s left)
Iteration 60 / LogL: -6349.953 / Time: 0h:2m:10s (0h:0m:2s left)
Iteration 70 / LogL: -6349.819 / Time: 0h:2m:11s (0h:0m:1s left)
Iteration 80 / LogL: -6354.437 / Time: 0h:2m:11s (0h:0m:1s left)
Iteration 90 / LogL: -6349.907 / Time: 0h:2m:11s (0h:0m:0s left)
Iteration 100 / LogL: -6350.237 / Time: 0h:2m:12s (0h:0m:0s left)
TREE SEARCH COMPLETED AFTER 102 ITERATIONS / Time: 0h:2m:12s

--------------------------------------------------------------------
|                    FINALIZING TREE SEARCH                        |
--------------------------------------------------------------------
Performs final model parameters optimization
Estimate model parameters (epsilon = 0.010)
Initial log-likelihood: -6349.800
Current log-likelihood at step 1: -6349.798
Partition-specific rates:  1.384 0.616
Parameters optimization took 0 rounds (0.013 sec)

Partition information was printed to partition_file.nex.best_model.nex
BEST SCORE FOUND : -6349.798
Total tree length: 8.027

Total number of iterations: 102
CPU time used for tree search: 4.713 sec (0h:0m:4s)
Wall-clock time used for tree search: 4.671 sec (0h:0m:4s)
Total CPU time used: 134.230 sec (0h:2m:14s)
Total wall-clock time used: 132.376 sec (0h:2m:12s)

===> START BOOTSTRAP REPLICATE NUMBER 27

Creating bootstrap alignment (seed: 26266)...
WARNING: States(s) E, I, K, M, W, Y rarely appear in partition tdi and may cause numerical problems

Create initial parsimony tree by phylogenetic likelihood library (PLL)... 0.001 seconds
Reading model parameters from file /Users/mful870/Desktop/MD_3di_Dev_02Oct24/Scriptorum/SubstitutionMatrix/3di_substmat
WARNING: Normalizing state frequencies so that sum of them equals to 1

NOTE: 1 MB RAM (0 GB) is required!
Estimate model parameters (epsilon = 0.100)
Initial log-likelihood: -6401.932
Current log-likelihood at step 1: -6280.734
Current log-likelihood at step 2: -6244.800
Current log-likelihood at step 3: -6244.799
Partition-specific rates:  1.374 0.626
Parameters optimization took 2 rounds (0.057 sec)

Wrote distance file to... 
Computing ML distances based on estimated model parameters...
Calculating distance matrix: done in 5.60284e-05 secs using 87.46% CPU
Computing ML distances took 0.000134 sec (of wall-clock time) 0.000088 sec (of CPU time)
Setting up auxiliary I and S matrices: done in 3.29018e-05 secs using 79.02% CPU
Computing RapidNJ tree took 0.000151 sec (of wall-clock time) 0.000079 sec (of CPU time)
Log-likelihood of RapidNJ tree: -6789.914
--------------------------------------------------------------------
|             INITIALIZING CANDIDATE TREE SET                      |
--------------------------------------------------------------------
Generating 98 parsimony trees... 0.156 second
Computing log-likelihood of 97 initial trees ... 0.286 seconds
Current best score: -6243.092

Do NNI search on 20 best initial trees
Estimate model parameters (epsilon = 0.100)
Initial log-likelihood: -6227.753
Current log-likelihood at step 1: -6227.541
Current log-likelihood at step 2: -6227.535
Parameters optimization took 1 rounds (0.023 sec)

BETTER TREE FOUND at iteration 1: -6227.535
Iteration 10 / LogL: -6238.893 / Time: 0h:2m:13s
Iteration 20 / LogL: -6227.830 / Time: 0h:2m:13s
Finish initializing candidate tree set (4)
Current best tree score: -6227.535 / CPU time: 1.424
Number of iterations: 20
--------------------------------------------------------------------
|               OPTIMIZING CANDIDATE TREE SET                      |
--------------------------------------------------------------------
UPDATE BEST LOG-LIKELIHOOD: -6227.535
Iteration 30 / LogL: -6227.653 / Time: 0h:2m:14s (0h:0m:4s left)
Iteration 40 / LogL: -6228.194 / Time: 0h:2m:14s (0h:0m:4s left)
Iteration 50 / LogL: -6227.545 / Time: 0h:2m:15s (0h:0m:3s left)
Iteration 60 / LogL: -6228.191 / Time: 0h:2m:16s (0h:0m:2s left)
Iteration 70 / LogL: -6227.546 / Time: 0h:2m:16s (0h:0m:1s left)
Iteration 80 / LogL: -6227.554 / Time: 0h:2m:16s (0h:0m:1s left)
Iteration 90 / LogL: -6228.192 / Time: 0h:2m:17s (0h:0m:0s left)
Iteration 100 / LogL: -6227.545 / Time: 0h:2m:18s (0h:0m:0s left)
TREE SEARCH COMPLETED AFTER 102 ITERATIONS / Time: 0h:2m:18s

--------------------------------------------------------------------
|                    FINALIZING TREE SEARCH                        |
--------------------------------------------------------------------
Performs final model parameters optimization
Estimate model parameters (epsilon = 0.010)
Initial log-likelihood: -6227.535
Current log-likelihood at step 1: -6227.535
Partition-specific rates:  1.389 0.611
Parameters optimization took 0 rounds (0.011 sec)

Partition information was printed to partition_file.nex.best_model.nex
BEST SCORE FOUND : -6227.535
Total tree length: 7.796

Total number of iterations: 102
CPU time used for tree search: 5.675 sec (0h:0m:5s)
Wall-clock time used for tree search: 5.626 sec (0h:0m:5s)
Total CPU time used: 140.037 sec (0h:2m:20s)
Total wall-clock time used: 138.123 sec (0h:2m:18s)

===> START BOOTSTRAP REPLICATE NUMBER 28

Creating bootstrap alignment (seed: 26267)...
WARNING: States(s) E, I, K, M rarely appear in partition tdi and may cause numerical problems

Create initial parsimony tree by phylogenetic likelihood library (PLL)... 0.001 seconds
Reading model parameters from file /Users/mful870/Desktop/MD_3di_Dev_02Oct24/Scriptorum/SubstitutionMatrix/3di_substmat
WARNING: Normalizing state frequencies so that sum of them equals to 1

NOTE: 1 MB RAM (0 GB) is required!
Estimate model parameters (epsilon = 0.100)
Initial log-likelihood: -6431.387
Current log-likelihood at step 1: -6288.043
Current log-likelihood at step 2: -6270.788
Current log-likelihood at step 3: -6270.785
Partition-specific rates:  1.265 0.735
Parameters optimization took 2 rounds (0.052 sec)

Wrote distance file to... 
Computing ML distances based on estimated model parameters...
Calculating distance matrix: done in 4.1008e-05 secs using 85.35% CPU
Computing ML distances took 0.000097 sec (of wall-clock time) 0.000064 sec (of CPU time)
Setting up auxiliary I and S matrices: done in 4.88758e-05 secs using 65.47% CPU
Computing RapidNJ tree took 0.000159 sec (of wall-clock time) 0.000086 sec (of CPU time)
Log-likelihood of RapidNJ tree: -6874.721
--------------------------------------------------------------------
|             INITIALIZING CANDIDATE TREE SET                      |
--------------------------------------------------------------------
Generating 98 parsimony trees... 0.145 second
Computing log-likelihood of 98 initial trees ... 0.289 seconds
Current best score: -6270.785

Do NNI search on 20 best initial trees
Estimate model parameters (epsilon = 0.100)
Initial log-likelihood: -6264.898
Current log-likelihood at step 1: -6264.754
Current log-likelihood at step 2: -6264.748
Parameters optimization took 1 rounds (0.022 sec)

BETTER TREE FOUND at iteration 1: -6264.748
Estimate model parameters (epsilon = 0.100)
Initial log-likelihood: -6264.719
Current log-likelihood at step 1: -6264.702
Parameters optimization took 0 rounds (0.011 sec)

BETTER TREE FOUND at iteration 7: -6264.702
Iteration 10 / LogL: -6264.773 / Time: 0h:2m:19s
Iteration 20 / LogL: -6264.718 / Time: 0h:2m:19s
Finish initializing candidate tree set (2)
Current best tree score: -6264.702 / CPU time: 1.475
Number of iterations: 20
--------------------------------------------------------------------
|               OPTIMIZING CANDIDATE TREE SET                      |
--------------------------------------------------------------------
Iteration 30 / LogL: -6264.761 / Time: 0h:2m:20s (0h:0m:5s left)
Iteration 40 / LogL: -6264.782 / Time: 0h:2m:20s (0h:0m:4s left)
Iteration 50 / LogL: -6264.793 / Time: 0h:2m:21s (0h:0m:3s left)
Iteration 60 / LogL: -6264.760 / Time: 0h:2m:21s (0h:0m:2s left)
Iteration 70 / LogL: -6264.953 / Time: 0h:2m:21s (0h:0m:1s left)
Iteration 80 / LogL: -6264.821 / Time: 0h:2m:22s (0h:0m:1s left)
Iteration 90 / LogL: -6264.721 / Time: 0h:2m:22s (0h:0m:0s left)
Iteration 100 / LogL: -6264.713 / Time: 0h:2m:23s (0h:0m:0s left)
TREE SEARCH COMPLETED AFTER 108 ITERATIONS / Time: 0h:2m:23s

--------------------------------------------------------------------
|                    FINALIZING TREE SEARCH                        |
--------------------------------------------------------------------
Performs final model parameters optimization
Estimate model parameters (epsilon = 0.010)
Initial log-likelihood: -6264.702
Current log-likelihood at step 1: -6264.701
Partition-specific rates:  1.250 0.750
Parameters optimization took 0 rounds (0.010 sec)

Partition information was printed to partition_file.nex.best_model.nex
BEST SCORE FOUND : -6264.701
Total tree length: 7.550

Total number of iterations: 108
CPU time used for tree search: 5.417 sec (0h:0m:5s)
Wall-clock time used for tree search: 5.388 sec (0h:0m:5s)
Total CPU time used: 145.578 sec (0h:2m:25s)
Total wall-clock time used: 143.621 sec (0h:2m:23s)

===> START BOOTSTRAP REPLICATE NUMBER 29

Creating bootstrap alignment (seed: 26268)...
WARNING: States(s) E, I, K, M rarely appear in partition tdi and may cause numerical problems

Create initial parsimony tree by phylogenetic likelihood library (PLL)... 0.001 seconds
Reading model parameters from file /Users/mful870/Desktop/MD_3di_Dev_02Oct24/Scriptorum/SubstitutionMatrix/3di_substmat
WARNING: Normalizing state frequencies so that sum of them equals to 1

NOTE: 1 MB RAM (0 GB) is required!
Estimate model parameters (epsilon = 0.100)
Initial log-likelihood: -6522.078
Current log-likelihood at step 1: -6406.236
Current log-likelihood at step 2: -6372.799
Current log-likelihood at step 3: -6372.789
Partition-specific rates:  1.332 0.668
Parameters optimization took 2 rounds (0.055 sec)

Wrote distance file to... 
Computing ML distances based on estimated model parameters...
Calculating distance matrix: done in 4.1008e-05 secs using 85.35% CPU
Computing ML distances took 0.000103 sec (of wall-clock time) 0.000066 sec (of CPU time)
Setting up auxiliary I and S matrices: done in 4.1008e-05 secs using 78.03% CPU
Computing RapidNJ tree took 0.000181 sec (of wall-clock time) 0.000107 sec (of CPU time)
Log-likelihood of RapidNJ tree: -6864.510
--------------------------------------------------------------------
|             INITIALIZING CANDIDATE TREE SET                      |
--------------------------------------------------------------------
Generating 98 parsimony trees... 0.160 second
Computing log-likelihood of 98 initial trees ... 0.313 seconds
Current best score: -6372.789

Do NNI search on 20 best initial trees
Estimate model parameters (epsilon = 0.100)
Initial log-likelihood: -6355.251
Current log-likelihood at step 1: -6355.005
Current log-likelihood at step 2: -6354.995
Parameters optimization took 1 rounds (0.030 sec)

BETTER TREE FOUND at iteration 1: -6354.995
Estimate model parameters (epsilon = 0.100)
Initial log-likelihood: -6351.824
Current log-likelihood at step 1: -6351.803
Parameters optimization took 0 rounds (0.013 sec)

BETTER TREE FOUND at iteration 2: -6351.803
Iteration 10 / LogL: -6355.017 / Time: 0h:2m:24s
Iteration 20 / LogL: -6355.214 / Time: 0h:2m:25s
Finish initializing candidate tree set (3)
Current best tree score: -6351.803 / CPU time: 1.483
Number of iterations: 20
--------------------------------------------------------------------
|               OPTIMIZING CANDIDATE TREE SET                      |
--------------------------------------------------------------------
Iteration 30 / LogL: -6356.196 / Time: 0h:2m:25s (0h:0m:5s left)
Iteration 40 / LogL: -6355.009 / Time: 0h:2m:26s (0h:0m:4s left)
Iteration 50 / LogL: -6356.198 / Time: 0h:2m:26s (0h:0m:3s left)
Iteration 60 / LogL: -6351.834 / Time: 0h:2m:27s (0h:0m:2s left)
Iteration 70 / LogL: -6351.831 / Time: 0h:2m:27s (0h:0m:1s left)
Iteration 80 / LogL: -6355.165 / Time: 0h:2m:28s (0h:0m:1s left)
Iteration 90 / LogL: -6356.082 / Time: 0h:2m:28s (0h:0m:0s left)
Iteration 100 / LogL: -6352.197 / Time: 0h:2m:29s (0h:0m:0s left)
TREE SEARCH COMPLETED AFTER 103 ITERATIONS / Time: 0h:2m:29s

--------------------------------------------------------------------
|                    FINALIZING TREE SEARCH                        |
--------------------------------------------------------------------
Performs final model parameters optimization
Estimate model parameters (epsilon = 0.010)
Initial log-likelihood: -6351.803
Current log-likelihood at step 1: -6351.802
Partition-specific rates:  1.320 0.680
Parameters optimization took 0 rounds (0.013 sec)

Partition information was printed to partition_file.nex.best_model.nex
BEST SCORE FOUND : -6351.802
Total tree length: 8.394

Total number of iterations: 103
CPU time used for tree search: 5.659 sec (0h:0m:5s)
Wall-clock time used for tree search: 5.595 sec (0h:0m:5s)
Total CPU time used: 151.365 sec (0h:2m:31s)
Total wall-clock time used: 149.332 sec (0h:2m:29s)

===> START BOOTSTRAP REPLICATE NUMBER 30

Creating bootstrap alignment (seed: 26269)...
WARNING: States(s) E, I, K, M rarely appear in partition tdi and may cause numerical problems

Create initial parsimony tree by phylogenetic likelihood library (PLL)... 0.001 seconds
Reading model parameters from file /Users/mful870/Desktop/MD_3di_Dev_02Oct24/Scriptorum/SubstitutionMatrix/3di_substmat
WARNING: Normalizing state frequencies so that sum of them equals to 1

NOTE: 1 MB RAM (0 GB) is required!
Estimate model parameters (epsilon = 0.100)
Initial log-likelihood: -6544.301
Current log-likelihood at step 1: -6398.727
Current log-likelihood at step 2: -6381.871
Current log-likelihood at step 3: -6381.869
Partition-specific rates:  1.323 0.677
Parameters optimization took 2 rounds (0.058 sec)

Wrote distance file to... 
Computing ML distances based on estimated model parameters...
Calculating distance matrix: done in 4.1008e-05 secs using 85.35% CPU
Computing ML distances took 0.000098 sec (of wall-clock time) 0.000064 sec (of CPU time)
Setting up auxiliary I and S matrices: done in 3.00407e-05 secs using 79.89% CPU
Computing RapidNJ tree took 0.000138 sec (of wall-clock time) 0.000079 sec (of CPU time)
Log-likelihood of RapidNJ tree: -6972.770
--------------------------------------------------------------------
|             INITIALIZING CANDIDATE TREE SET                      |
--------------------------------------------------------------------
Generating 98 parsimony trees... 0.167 second
Computing log-likelihood of 98 initial trees ... 0.287 seconds
Current best score: -6381.869

Do NNI search on 20 best initial trees
Estimate model parameters (epsilon = 0.100)
Initial log-likelihood: -6375.006
Current log-likelihood at step 1: -6374.862
Current log-likelihood at step 2: -6374.856
Parameters optimization took 1 rounds (0.025 sec)

BETTER TREE FOUND at iteration 1: -6374.856
Iteration 10 / LogL: -6374.881 / Time: 0h:2m:30s
Iteration 20 / LogL: -6375.978 / Time: 0h:2m:30s
Finish initializing candidate tree set (3)
Current best tree score: -6374.856 / CPU time: 1.166
Number of iterations: 20
--------------------------------------------------------------------
|               OPTIMIZING CANDIDATE TREE SET                      |
--------------------------------------------------------------------
Iteration 30 / LogL: -6375.265 / Time: 0h:2m:31s (0h:0m:4s left)
Iteration 40 / LogL: -6374.902 / Time: 0h:2m:31s (0h:0m:3s left)
Iteration 50 / LogL: -6377.873 / Time: 0h:2m:31s (0h:0m:2s left)
Iteration 60 / LogL: -6374.920 / Time: 0h:2m:32s (0h:0m:2s left)
Iteration 70 / LogL: -6375.995 / Time: 0h:2m:32s (0h:0m:1s left)
Iteration 80 / LogL: -6375.988 / Time: 0h:2m:33s (0h:0m:1s left)
Iteration 90 / LogL: -6375.986 / Time: 0h:2m:33s (0h:0m:0s left)
Iteration 100 / LogL: -6374.876 / Time: 0h:2m:34s (0h:0m:0s left)
TREE SEARCH COMPLETED AFTER 102 ITERATIONS / Time: 0h:2m:34s

--------------------------------------------------------------------
|                    FINALIZING TREE SEARCH                        |
--------------------------------------------------------------------
Performs final model parameters optimization
Estimate model parameters (epsilon = 0.010)
Initial log-likelihood: -6374.856
Current log-likelihood at step 1: -6374.855
Partition-specific rates:  1.310 0.690
Parameters optimization took 0 rounds (0.011 sec)

Partition information was printed to partition_file.nex.best_model.nex
BEST SCORE FOUND : -6374.855
Total tree length: 7.826

Total number of iterations: 102
CPU time used for tree search: 4.926 sec (0h:0m:4s)
Wall-clock time used for tree search: 4.850 sec (0h:0m:4s)
Total CPU time used: 156.445 sec (0h:2m:36s)
Total wall-clock time used: 154.311 sec (0h:2m:34s)

===> START BOOTSTRAP REPLICATE NUMBER 31

Creating bootstrap alignment (seed: 26270)...
WARNING: States(s) E, I, K, M, W rarely appear in partition tdi and may cause numerical problems

Create initial parsimony tree by phylogenetic likelihood library (PLL)... 0.001 seconds
Reading model parameters from file /Users/mful870/Desktop/MD_3di_Dev_02Oct24/Scriptorum/SubstitutionMatrix/3di_substmat
WARNING: Normalizing state frequencies so that sum of them equals to 1

NOTE: 1 MB RAM (0 GB) is required!
Estimate model parameters (epsilon = 0.100)
Initial log-likelihood: -6664.445
Current log-likelihood at step 1: -6526.617
Current log-likelihood at step 2: -6503.879
Current log-likelihood at step 3: -6503.611
Current log-likelihood at step 4: -6503.608
Partition-specific rates:  1.362 0.638
Parameters optimization took 3 rounds (0.069 sec)

Wrote distance file to... 
Computing ML distances based on estimated model parameters...
Calculating distance matrix: done in 4.00543e-05 secs using 84.88% CPU
Computing ML distances took 0.000095 sec (of wall-clock time) 0.000064 sec (of CPU time)
Setting up auxiliary I and S matrices: done in 2.71797e-05 secs using 77.26% CPU
Computing RapidNJ tree took 0.000126 sec (of wall-clock time) 0.000073 sec (of CPU time)
Log-likelihood of RapidNJ tree: -7064.018
--------------------------------------------------------------------
|             INITIALIZING CANDIDATE TREE SET                      |
--------------------------------------------------------------------
Generating 98 parsimony trees... 0.158 second
Computing log-likelihood of 98 initial trees ... 0.300 seconds
Current best score: -6486.236

Do NNI search on 20 best initial trees
Estimate model parameters (epsilon = 0.100)
Initial log-likelihood: -6475.319
Current log-likelihood at step 1: -6475.267
Parameters optimization took 0 rounds (0.012 sec)

BETTER TREE FOUND at iteration 1: -6475.267
Iteration 10 / LogL: -6475.273 / Time: 0h:2m:35s
Iteration 20 / LogL: -6499.286 / Time: 0h:2m:36s
Finish initializing candidate tree set (4)
Current best tree score: -6475.267 / CPU time: 1.825
Number of iterations: 20
--------------------------------------------------------------------
|               OPTIMIZING CANDIDATE TREE SET                      |
--------------------------------------------------------------------
Iteration 30 / LogL: -6475.349 / Time: 0h:2m:36s (0h:0m:6s left)
Iteration 40 / LogL: -6498.848 / Time: 0h:2m:37s (0h:0m:4s left)
Iteration 50 / LogL: -6475.272 / Time: 0h:2m:37s (0h:0m:3s left)
UPDATE BEST LOG-LIKELIHOOD: -6475.265
UPDATE BEST LOG-LIKELIHOOD: -6475.264
Iteration 60 / LogL: -6475.268 / Time: 0h:2m:38s (0h:0m:2s left)
Iteration 70 / LogL: -6476.067 / Time: 0h:2m:39s (0h:0m:2s left)
Iteration 80 / LogL: -6475.286 / Time: 0h:2m:39s (0h:0m:1s left)
UPDATE BEST LOG-LIKELIHOOD: -6475.263
Iteration 90 / LogL: -6475.273 / Time: 0h:2m:40s (0h:0m:0s left)
Iteration 100 / LogL: -6475.272 / Time: 0h:2m:40s (0h:0m:0s left)
TREE SEARCH COMPLETED AFTER 102 ITERATIONS / Time: 0h:2m:41s

--------------------------------------------------------------------
|                    FINALIZING TREE SEARCH                        |
--------------------------------------------------------------------
Performs final model parameters optimization
Estimate model parameters (epsilon = 0.010)
Initial log-likelihood: -6475.263
Current log-likelihood at step 1: -6475.262
Partition-specific rates:  1.365 0.635
Parameters optimization took 0 rounds (0.011 sec)

Partition information was printed to partition_file.nex.best_model.nex
BEST SCORE FOUND : -6475.262
Total tree length: 7.890

Total number of iterations: 102
CPU time used for tree search: 6.715 sec (0h:0m:6s)
Wall-clock time used for tree search: 6.660 sec (0h:0m:6s)
Total CPU time used: 163.302 sec (0h:2m:43s)
Total wall-clock time used: 161.102 sec (0h:2m:41s)

===> START BOOTSTRAP REPLICATE NUMBER 32

Creating bootstrap alignment (seed: 26271)...
WARNING: States(s) E, I, K, M rarely appear in partition tdi and may cause numerical problems

Create initial parsimony tree by phylogenetic likelihood library (PLL)... 0.002 seconds
Reading model parameters from file /Users/mful870/Desktop/MD_3di_Dev_02Oct24/Scriptorum/SubstitutionMatrix/3di_substmat
WARNING: Normalizing state frequencies so that sum of them equals to 1

NOTE: 1 MB RAM (0 GB) is required!
Estimate model parameters (epsilon = 0.100)
Initial log-likelihood: -6654.612
Current log-likelihood at step 1: -6527.781
Current log-likelihood at step 2: -6501.029
Current log-likelihood at step 3: -6501.024
Partition-specific rates:  1.335 0.665
Parameters optimization took 2 rounds (0.051 sec)

Wrote distance file to... 
Computing ML distances based on estimated model parameters...
Calculating distance matrix: done in 4.1008e-05 secs using 85.35% CPU
Computing ML distances took 0.000099 sec (of wall-clock time) 0.000065 sec (of CPU time)
Setting up auxiliary I and S matrices: done in 9.17912e-05 secs using 32.68% CPU
Computing RapidNJ tree took 0.000322 sec (of wall-clock time) 0.000116 sec (of CPU time)
Log-likelihood of RapidNJ tree: -7171.237
--------------------------------------------------------------------
|             INITIALIZING CANDIDATE TREE SET                      |
--------------------------------------------------------------------
Generating 98 parsimony trees... 0.149 second
Computing log-likelihood of 97 initial trees ... 0.282 seconds
Current best score: -6501.024

Do NNI search on 20 best initial trees
Estimate model parameters (epsilon = 0.100)
Initial log-likelihood: -6493.892
Current log-likelihood at step 1: -6493.793
Parameters optimization took 0 rounds (0.011 sec)

BETTER TREE FOUND at iteration 1: -6493.793
Iteration 10 / LogL: -6494.378 / Time: 0h:2m:41s
Iteration 20 / LogL: -6493.863 / Time: 0h:2m:42s
Finish initializing candidate tree set (2)
Current best tree score: -6493.793 / CPU time: 1.108
Number of iterations: 20
--------------------------------------------------------------------
|               OPTIMIZING CANDIDATE TREE SET                      |
--------------------------------------------------------------------
Iteration 30 / LogL: -6494.202 / Time: 0h:2m:42s (0h:0m:4s left)
UPDATE BEST LOG-LIKELIHOOD: -6493.793
Iteration 40 / LogL: -6494.190 / Time: 0h:2m:43s (0h:0m:3s left)
Iteration 50 / LogL: -6494.192 / Time: 0h:2m:43s (0h:0m:2s left)
Iteration 60 / LogL: -6494.530 / Time: 0h:2m:44s (0h:0m:2s left)
Iteration 70 / LogL: -6494.297 / Time: 0h:2m:44s (0h:0m:1s left)
Iteration 80 / LogL: -6495.732 / Time: 0h:2m:44s (0h:0m:1s left)
Iteration 90 / LogL: -6493.828 / Time: 0h:2m:45s (0h:0m:0s left)
Iteration 100 / LogL: -6493.835 / Time: 0h:2m:45s (0h:0m:0s left)
TREE SEARCH COMPLETED AFTER 102 ITERATIONS / Time: 0h:2m:45s

--------------------------------------------------------------------
|                    FINALIZING TREE SEARCH                        |
--------------------------------------------------------------------
Performs final model parameters optimization
Estimate model parameters (epsilon = 0.010)
Initial log-likelihood: -6493.793
Current log-likelihood at step 1: -6493.789
Partition-specific rates:  1.331 0.669
Parameters optimization took 0 rounds (0.011 sec)

Partition information was printed to partition_file.nex.best_model.nex
BEST SCORE FOUND : -6493.789
Total tree length: 7.866

Total number of iterations: 102
CPU time used for tree search: 4.769 sec (0h:0m:4s)
Wall-clock time used for tree search: 4.676 sec (0h:0m:4s)
Total CPU time used: 168.195 sec (0h:2m:48s)
Total wall-clock time used: 165.894 sec (0h:2m:45s)

===> START BOOTSTRAP REPLICATE NUMBER 33

Creating bootstrap alignment (seed: 26272)...
WARNING: States(s) E, I, K, M, W, Y rarely appear in partition tdi and may cause numerical problems

Create initial parsimony tree by phylogenetic likelihood library (PLL)... 0.001 seconds
Reading model parameters from file /Users/mful870/Desktop/MD_3di_Dev_02Oct24/Scriptorum/SubstitutionMatrix/3di_substmat
WARNING: Normalizing state frequencies so that sum of them equals to 1

NOTE: 1 MB RAM (0 GB) is required!
Estimate model parameters (epsilon = 0.100)
Initial log-likelihood: -6644.569
Current log-likelihood at step 1: -6494.443
Current log-likelihood at step 2: -6468.205
Current log-likelihood at step 3: -6468.197
Partition-specific rates:  1.357 0.643
Parameters optimization took 2 rounds (0.062 sec)

Wrote distance file to... 
Computing ML distances based on estimated model parameters...
Calculating distance matrix: done in 3.98159e-05 secs using 87.9% CPU
Computing ML distances took 0.000097 sec (of wall-clock time) 0.000064 sec (of CPU time)
Setting up auxiliary I and S matrices: done in 3.29018e-05 secs using 75.98% CPU
Computing RapidNJ tree took 0.000172 sec (of wall-clock time) 0.000105 sec (of CPU time)
Log-likelihood of RapidNJ tree: -7042.053
--------------------------------------------------------------------
|             INITIALIZING CANDIDATE TREE SET                      |
--------------------------------------------------------------------
Generating 98 parsimony trees... 0.152 second
Computing log-likelihood of 98 initial trees ... 0.302 seconds
Current best score: -6467.212

Do NNI search on 20 best initial trees
Estimate model parameters (epsilon = 0.100)
Initial log-likelihood: -6458.579
Current log-likelihood at step 1: -6458.533
Parameters optimization took 0 rounds (0.013 sec)

BETTER TREE FOUND at iteration 1: -6458.533
Iteration 10 / LogL: -6458.773 / Time: 0h:2m:46s
Iteration 20 / LogL: -6458.629 / Time: 0h:2m:47s
Finish initializing candidate tree set (1)
Current best tree score: -6458.533 / CPU time: 1.283
Number of iterations: 20
--------------------------------------------------------------------
|               OPTIMIZING CANDIDATE TREE SET                      |
--------------------------------------------------------------------
Iteration 30 / LogL: -6458.553 / Time: 0h:2m:47s (0h:0m:4s left)
Iteration 40 / LogL: -6458.613 / Time: 0h:2m:48s (0h:0m:3s left)
Iteration 50 / LogL: -6462.801 / Time: 0h:2m:48s (0h:0m:3s left)
Iteration 60 / LogL: -6458.670 / Time: 0h:2m:49s (0h:0m:2s left)
Iteration 70 / LogL: -6458.550 / Time: 0h:2m:49s (0h:0m:1s left)
Iteration 80 / LogL: -6458.545 / Time: 0h:2m:50s (0h:0m:1s left)
UPDATE BEST LOG-LIKELIHOOD: -6458.528
Iteration 90 / LogL: -6458.932 / Time: 0h:2m:51s (0h:0m:0s left)
Iteration 100 / LogL: -6464.076 / Time: 0h:2m:51s (0h:0m:0s left)
TREE SEARCH COMPLETED AFTER 102 ITERATIONS / Time: 0h:2m:51s

--------------------------------------------------------------------
|                    FINALIZING TREE SEARCH                        |
--------------------------------------------------------------------
Performs final model parameters optimization
Estimate model parameters (epsilon = 0.010)
Initial log-likelihood: -6458.528
Current log-likelihood at step 1: -6458.527
Partition-specific rates:  1.354 0.646
Parameters optimization took 0 rounds (0.015 sec)

Partition information was printed to partition_file.nex.best_model.nex
BEST SCORE FOUND : -6458.527
Total tree length: 8.142

Total number of iterations: 102
CPU time used for tree search: 5.753 sec (0h:0m:5s)
Wall-clock time used for tree search: 5.726 sec (0h:0m:5s)
Total CPU time used: 174.079 sec (0h:2m:54s)
Total wall-clock time used: 171.745 sec (0h:2m:51s)

===> START BOOTSTRAP REPLICATE NUMBER 34

Creating bootstrap alignment (seed: 26273)...
WARNING: States(s) E, I, K, M rarely appear in partition tdi and may cause numerical problems

Create initial parsimony tree by phylogenetic likelihood library (PLL)... 0.001 seconds
Reading model parameters from file /Users/mful870/Desktop/MD_3di_Dev_02Oct24/Scriptorum/SubstitutionMatrix/3di_substmat
WARNING: Normalizing state frequencies so that sum of them equals to 1

NOTE: 1 MB RAM (0 GB) is required!
Estimate model parameters (epsilon = 0.100)
Initial log-likelihood: -6676.971
Current log-likelihood at step 1: -6519.521
Current log-likelihood at step 2: -6492.864
Current log-likelihood at step 3: -6492.858
Partition-specific rates:  1.339 0.661
Parameters optimization took 2 rounds (0.058 sec)

Wrote distance file to... 
Computing ML distances based on estimated model parameters...
Calculating distance matrix: done in 4.41074e-05 secs using 86.15% CPU
Computing ML distances took 0.000092 sec (of wall-clock time) 0.000070 sec (of CPU time)
Setting up auxiliary I and S matrices: done in 3.60012e-05 secs using 72.22% CPU
Computing RapidNJ tree took 0.000137 sec (of wall-clock time) 0.000095 sec (of CPU time)
Log-likelihood of RapidNJ tree: -7054.999
--------------------------------------------------------------------
|             INITIALIZING CANDIDATE TREE SET                      |
--------------------------------------------------------------------
Generating 98 parsimony trees... 0.173 second
Computing log-likelihood of 97 initial trees ... 0.323 seconds
Current best score: -6492.858

Do NNI search on 20 best initial trees
Estimate model parameters (epsilon = 0.100)
Initial log-likelihood: -6483.274
Current log-likelihood at step 1: -6483.166
Current log-likelihood at step 2: -6483.160
Parameters optimization took 1 rounds (0.023 sec)

BETTER TREE FOUND at iteration 1: -6483.160
Iteration 10 / LogL: -6483.172 / Time: 0h:2m:52s
Iteration 20 / LogL: -6483.192 / Time: 0h:2m:53s
Finish initializing candidate tree set (5)
Current best tree score: -6483.160 / CPU time: 1.597
Number of iterations: 20
--------------------------------------------------------------------
|               OPTIMIZING CANDIDATE TREE SET                      |
--------------------------------------------------------------------
Iteration 30 / LogL: -6486.255 / Time: 0h:2m:53s (0h:0m:5s left)
Iteration 40 / LogL: -6483.167 / Time: 0h:2m:54s (0h:0m:4s left)
Iteration 50 / LogL: -6484.510 / Time: 0h:2m:54s (0h:0m:3s left)
UPDATE BEST LOG-LIKELIHOOD: -6483.160
Iteration 60 / LogL: -6483.173 / Time: 0h:2m:55s (0h:0m:2s left)
Iteration 70 / LogL: -6483.189 / Time: 0h:2m:55s (0h:0m:1s left)
Iteration 80 / LogL: -6483.229 / Time: 0h:2m:56s (0h:0m:1s left)
Iteration 90 / LogL: -6483.261 / Time: 0h:2m:56s (0h:0m:0s left)
Iteration 100 / LogL: -6485.874 / Time: 0h:2m:57s (0h:0m:0s left)
TREE SEARCH COMPLETED AFTER 102 ITERATIONS / Time: 0h:2m:57s

--------------------------------------------------------------------
|                    FINALIZING TREE SEARCH                        |
--------------------------------------------------------------------
Performs final model parameters optimization
Estimate model parameters (epsilon = 0.010)
Initial log-likelihood: -6483.160
Current log-likelihood at step 1: -6483.160
Partition-specific rates:  1.334 0.666
Parameters optimization took 0 rounds (0.011 sec)

Partition information was printed to partition_file.nex.best_model.nex
BEST SCORE FOUND : -6483.160
Total tree length: 8.397

Total number of iterations: 102
CPU time used for tree search: 5.594 sec (0h:0m:5s)
Wall-clock time used for tree search: 5.530 sec (0h:0m:5s)
Total CPU time used: 179.801 sec (0h:2m:59s)
Total wall-clock time used: 177.391 sec (0h:2m:57s)

===> START BOOTSTRAP REPLICATE NUMBER 35

Creating bootstrap alignment (seed: 26274)...
WARNING: States(s) E, I, K, M, W rarely appear in partition tdi and may cause numerical problems

Create initial parsimony tree by phylogenetic likelihood library (PLL)... 0.001 seconds
Reading model parameters from file /Users/mful870/Desktop/MD_3di_Dev_02Oct24/Scriptorum/SubstitutionMatrix/3di_substmat
WARNING: Normalizing state frequencies so that sum of them equals to 1

NOTE: 1 MB RAM (0 GB) is required!
Estimate model parameters (epsilon = 0.100)
Initial log-likelihood: -6433.905
Current log-likelihood at step 1: -6304.662
Current log-likelihood at step 2: -6278.004
Current log-likelihood at step 3: -6277.916
Partition-specific rates:  1.326 0.674
Parameters optimization took 2 rounds (0.058 sec)

Wrote distance file to... 
Computing ML distances based on estimated model parameters...
Calculating distance matrix: done in 4.1008e-05 secs using 85.35% CPU
Computing ML distances took 0.000100 sec (of wall-clock time) 0.000065 sec (of CPU time)
Setting up auxiliary I and S matrices: done in 3.79086e-05 secs using 79.14% CPU
Computing RapidNJ tree took 0.000181 sec (of wall-clock time) 0.000098 sec (of CPU time)
Log-likelihood of RapidNJ tree: -6891.675
--------------------------------------------------------------------
|             INITIALIZING CANDIDATE TREE SET                      |
--------------------------------------------------------------------
Generating 98 parsimony trees... 0.155 second
Computing log-likelihood of 98 initial trees ... 0.301 seconds
Current best score: -6277.916

Do NNI search on 20 best initial trees
Estimate model parameters (epsilon = 0.100)
Initial log-likelihood: -6257.123
Current log-likelihood at step 1: -6257.062
Parameters optimization took 0 rounds (0.012 sec)

BETTER TREE FOUND at iteration 1: -6257.062
Estimate model parameters (epsilon = 0.100)
Initial log-likelihood: -6256.835
Current log-likelihood at step 1: -6256.788
Parameters optimization took 0 rounds (0.011 sec)

BETTER TREE FOUND at iteration 4: -6256.788
Iteration 10 / LogL: -6257.126 / Time: 0h:2m:58s
Iteration 20 / LogL: -6257.144 / Time: 0h:2m:58s
Finish initializing candidate tree set (2)
Current best tree score: -6256.788 / CPU time: 1.376
Number of iterations: 20
--------------------------------------------------------------------
|               OPTIMIZING CANDIDATE TREE SET                      |
--------------------------------------------------------------------
UPDATE BEST LOG-LIKELIHOOD: -6256.787
Iteration 30 / LogL: -6256.812 / Time: 0h:2m:59s (0h:0m:4s left)
Iteration 40 / LogL: -6257.830 / Time: 0h:2m:59s (0h:0m:3s left)
UPDATE BEST LOG-LIKELIHOOD: -6256.786
Iteration 50 / LogL: -6257.218 / Time: 0h:3m:0s (0h:0m:2s left)
Iteration 60 / LogL: -6256.797 / Time: 0h:3m:0s (0h:0m:2s left)
Iteration 70 / LogL: -6256.796 / Time: 0h:3m:0s (0h:0m:1s left)
Iteration 80 / LogL: -6256.892 / Time: 0h:3m:1s (0h:0m:1s left)
Iteration 90 / LogL: -6258.532 / Time: 0h:3m:1s (0h:0m:0s left)
UPDATE BEST LOG-LIKELIHOOD: -6256.786
Iteration 100 / LogL: -6257.101 / Time: 0h:3m:2s (0h:0m:0s left)
TREE SEARCH COMPLETED AFTER 105 ITERATIONS / Time: 0h:3m:2s

--------------------------------------------------------------------
|                    FINALIZING TREE SEARCH                        |
--------------------------------------------------------------------
Performs final model parameters optimization
Estimate model parameters (epsilon = 0.010)
Initial log-likelihood: -6256.786
Current log-likelihood at step 1: -6256.786
Partition-specific rates:  1.328 0.672
Parameters optimization took 0 rounds (0.011 sec)

Partition information was printed to partition_file.nex.best_model.nex
BEST SCORE FOUND : -6256.786
Total tree length: 8.083

Total number of iterations: 105
CPU time used for tree search: 4.954 sec (0h:0m:4s)
Wall-clock time used for tree search: 4.874 sec (0h:0m:4s)
Total CPU time used: 184.882 sec (0h:3m:4s)
Total wall-clock time used: 182.385 sec (0h:3m:2s)

===> START BOOTSTRAP REPLICATE NUMBER 36

Creating bootstrap alignment (seed: 26275)...
WARNING: States(s) E, I, K, M rarely appear in partition tdi and may cause numerical problems

Create initial parsimony tree by phylogenetic likelihood library (PLL)... 0.001 seconds
Reading model parameters from file /Users/mful870/Desktop/MD_3di_Dev_02Oct24/Scriptorum/SubstitutionMatrix/3di_substmat
WARNING: Normalizing state frequencies so that sum of them equals to 1

NOTE: 1 MB RAM (0 GB) is required!
Estimate model parameters (epsilon = 0.100)
Initial log-likelihood: -6769.816
Current log-likelihood at step 1: -6630.093
Current log-likelihood at step 2: -6604.105
Current log-likelihood at step 3: -6604.105
Partition-specific rates:  1.345 0.655
Parameters optimization took 2 rounds (0.069 sec)

Wrote distance file to... 
Computing ML distances based on estimated model parameters...
Calculating distance matrix: done in 4.19617e-05 secs using 85.79% CPU
Computing ML distances took 0.000105 sec (of wall-clock time) 0.000068 sec (of CPU time)
Setting up auxiliary I and S matrices: done in 4.00543e-05 secs using 72.4% CPU
Computing RapidNJ tree took 0.000167 sec (of wall-clock time) 0.000101 sec (of CPU time)
Log-likelihood of RapidNJ tree: -7138.016
--------------------------------------------------------------------
|             INITIALIZING CANDIDATE TREE SET                      |
--------------------------------------------------------------------
Generating 98 parsimony trees... 0.153 second
Computing log-likelihood of 98 initial trees ... 0.293 seconds
Current best score: -6595.836

Do NNI search on 20 best initial trees
Estimate model parameters (epsilon = 0.100)
Initial log-likelihood: -6585.247
Current log-likelihood at step 1: -6585.099
Current log-likelihood at step 2: -6585.091
Parameters optimization took 1 rounds (0.022 sec)

BETTER TREE FOUND at iteration 1: -6585.091
Iteration 10 / LogL: -6585.323 / Time: 0h:3m:3s
Iteration 20 / LogL: -6586.290 / Time: 0h:3m:3s
Finish initializing candidate tree set (4)
Current best tree score: -6585.091 / CPU time: 1.381
Number of iterations: 20
--------------------------------------------------------------------
|               OPTIMIZING CANDIDATE TREE SET                      |
--------------------------------------------------------------------
Iteration 30 / LogL: -6586.128 / Time: 0h:3m:4s (0h:0m:4s left)
Iteration 40 / LogL: -6585.243 / Time: 0h:3m:4s (0h:0m:3s left)
Iteration 50 / LogL: -6586.378 / Time: 0h:3m:5s (0h:0m:2s left)
Iteration 60 / LogL: -6586.155 / Time: 0h:3m:5s (0h:0m:2s left)
Iteration 70 / LogL: -6586.143 / Time: 0h:3m:6s (0h:0m:1s left)
Iteration 80 / LogL: -6586.370 / Time: 0h:3m:6s (0h:0m:1s left)
Iteration 90 / LogL: -6585.102 / Time: 0h:3m:7s (0h:0m:0s left)
Iteration 100 / LogL: -6586.391 / Time: 0h:3m:7s (0h:0m:0s left)
TREE SEARCH COMPLETED AFTER 102 ITERATIONS / Time: 0h:3m:7s

--------------------------------------------------------------------
|                    FINALIZING TREE SEARCH                        |
--------------------------------------------------------------------
Performs final model parameters optimization
Estimate model parameters (epsilon = 0.010)
Initial log-likelihood: -6585.091
Current log-likelihood at step 1: -6585.090
Partition-specific rates:  1.334 0.666
Parameters optimization took 0 rounds (0.016 sec)

Partition information was printed to partition_file.nex.best_model.nex
BEST SCORE FOUND : -6585.090
Total tree length: 8.265

Total number of iterations: 102
CPU time used for tree search: 5.287 sec (0h:0m:5s)
Wall-clock time used for tree search: 5.211 sec (0h:0m:5s)
Total CPU time used: 190.304 sec (0h:3m:10s)
Total wall-clock time used: 187.731 sec (0h:3m:7s)

===> START BOOTSTRAP REPLICATE NUMBER 37

Creating bootstrap alignment (seed: 26276)...
WARNING: States(s) E, I, K, M rarely appear in partition tdi and may cause numerical problems

Create initial parsimony tree by phylogenetic likelihood library (PLL)... 0.002 seconds
Reading model parameters from file /Users/mful870/Desktop/MD_3di_Dev_02Oct24/Scriptorum/SubstitutionMatrix/3di_substmat
WARNING: Normalizing state frequencies so that sum of them equals to 1

NOTE: 1 MB RAM (0 GB) is required!
Estimate model parameters (epsilon = 0.100)
Initial log-likelihood: -6720.846
Current log-likelihood at step 1: -6571.154
Current log-likelihood at step 2: -6539.214
Current log-likelihood at step 3: -6539.210
Partition-specific rates:  1.361 0.639
Parameters optimization took 2 rounds (0.069 sec)

Wrote distance file to... 
Computing ML distances based on estimated model parameters...
Calculating distance matrix: done in 4.50611e-05 secs using 84.33% CPU
Computing ML distances took 0.000111 sec (of wall-clock time) 0.000071 sec (of CPU time)
Setting up auxiliary I and S matrices: done in 5.00679e-05 secs using 63.91% CPU
Computing RapidNJ tree took 0.000172 sec (of wall-clock time) 0.000099 sec (of CPU time)
Log-likelihood of RapidNJ tree: -7077.003
--------------------------------------------------------------------
|             INITIALIZING CANDIDATE TREE SET                      |
--------------------------------------------------------------------
Generating 98 parsimony trees... 0.181 second
Computing log-likelihood of 96 initial trees ... 0.306 seconds
Current best score: -6539.210

Do NNI search on 20 best initial trees
Estimate model parameters (epsilon = 0.100)
Initial log-likelihood: -6515.573
Current log-likelihood at step 1: -6515.477
Parameters optimization took 0 rounds (0.014 sec)

BETTER TREE FOUND at iteration 1: -6515.477
Iteration 10 / LogL: -6515.523 / Time: 0h:3m:8s
Iteration 20 / LogL: -6515.808 / Time: 0h:3m:9s
Finish initializing candidate tree set (1)
Current best tree score: -6515.477 / CPU time: 1.340
Number of iterations: 20
--------------------------------------------------------------------
|               OPTIMIZING CANDIDATE TREE SET                      |
--------------------------------------------------------------------
UPDATE BEST LOG-LIKELIHOOD: -6515.476
Iteration 30 / LogL: -6516.217 / Time: 0h:3m:9s (0h:0m:4s left)
Iteration 40 / LogL: -6515.479 / Time: 0h:3m:9s (0h:0m:3s left)
Iteration 50 / LogL: -6515.541 / Time: 0h:3m:10s (0h:0m:2s left)
Iteration 60 / LogL: -6515.530 / Time: 0h:3m:10s (0h:0m:2s left)
Iteration 70 / LogL: -6515.504 / Time: 0h:3m:11s (0h:0m:1s left)
Iteration 80 / LogL: -6515.536 / Time: 0h:3m:11s (0h:0m:1s left)
Iteration 90 / LogL: -6515.598 / Time: 0h:3m:12s (0h:0m:0s left)
Iteration 100 / LogL: -6515.592 / Time: 0h:3m:12s (0h:0m:0s left)
TREE SEARCH COMPLETED AFTER 102 ITERATIONS / Time: 0h:3m:12s

--------------------------------------------------------------------
|                    FINALIZING TREE SEARCH                        |
--------------------------------------------------------------------
Performs final model parameters optimization
Estimate model parameters (epsilon = 0.010)
Initial log-likelihood: -6515.476
Current log-likelihood at step 1: -6515.475
Partition-specific rates:  1.351 0.649
Parameters optimization took 0 rounds (0.013 sec)

Partition information was printed to partition_file.nex.best_model.nex
BEST SCORE FOUND : -6515.475
Total tree length: 8.414

Total number of iterations: 102
CPU time used for tree search: 4.857 sec (0h:0m:4s)
Wall-clock time used for tree search: 4.787 sec (0h:0m:4s)
Total CPU time used: 195.313 sec (0h:3m:15s)
Total wall-clock time used: 192.660 sec (0h:3m:12s)

===> START BOOTSTRAP REPLICATE NUMBER 38

Creating bootstrap alignment (seed: 26277)...
WARNING: States(s) E, I, K, M rarely appear in partition tdi and may cause numerical problems

Create initial parsimony tree by phylogenetic likelihood library (PLL)... 0.001 seconds
Reading model parameters from file /Users/mful870/Desktop/MD_3di_Dev_02Oct24/Scriptorum/SubstitutionMatrix/3di_substmat
WARNING: Normalizing state frequencies so that sum of them equals to 1

NOTE: 1 MB RAM (0 GB) is required!
Estimate model parameters (epsilon = 0.100)
Initial log-likelihood: -6456.459
Current log-likelihood at step 1: -6302.466
Current log-likelihood at step 2: -6284.858
Current log-likelihood at step 3: -6284.639
Current log-likelihood at step 4: -6284.638
Partition-specific rates:  1.291 0.709
Parameters optimization took 3 rounds (0.102 sec)

Wrote distance file to... 
Computing ML distances based on estimated model parameters...
Calculating distance matrix: done in 3.98159e-05 secs using 87.9% CPU
Computing ML distances took 0.000101 sec (of wall-clock time) 0.000065 sec (of CPU time)
Setting up auxiliary I and S matrices: done in 3.88622e-05 secs using 77.2% CPU
Computing RapidNJ tree took 0.000165 sec (of wall-clock time) 0.000099 sec (of CPU time)
Log-likelihood of RapidNJ tree: -6820.657
--------------------------------------------------------------------
|             INITIALIZING CANDIDATE TREE SET                      |
--------------------------------------------------------------------
Generating 98 parsimony trees... 0.161 second
Computing log-likelihood of 98 initial trees ... 0.284 seconds
Current best score: -6237.473

Do NNI search on 20 best initial trees
Estimate model parameters (epsilon = 0.100)
Initial log-likelihood: -6231.307
Current log-likelihood at step 1: -6231.265
Parameters optimization took 0 rounds (0.010 sec)

BETTER TREE FOUND at iteration 1: -6231.265
Iteration 10 / LogL: -6232.316 / Time: 0h:3m:13s
Iteration 20 / LogL: -6231.346 / Time: 0h:3m:14s
Finish initializing candidate tree set (3)
Current best tree score: -6231.265 / CPU time: 1.319
Number of iterations: 20
--------------------------------------------------------------------
|               OPTIMIZING CANDIDATE TREE SET                      |
--------------------------------------------------------------------
Iteration 30 / LogL: -6231.298 / Time: 0h:3m:14s (0h:0m:4s left)
Iteration 40 / LogL: -6231.268 / Time: 0h:3m:15s (0h:0m:3s left)
Iteration 50 / LogL: -6231.366 / Time: 0h:3m:15s (0h:0m:3s left)
Iteration 60 / LogL: -6231.273 / Time: 0h:3m:16s (0h:0m:2s left)
Iteration 70 / LogL: -6231.379 / Time: 0h:3m:16s (0h:0m:1s left)
Iteration 80 / LogL: -6231.271 / Time: 0h:3m:17s (0h:0m:1s left)
Iteration 90 / LogL: -6231.424 / Time: 0h:3m:17s (0h:0m:0s left)
Iteration 100 / LogL: -6231.273 / Time: 0h:3m:18s (0h:0m:0s left)
TREE SEARCH COMPLETED AFTER 102 ITERATIONS / Time: 0h:3m:18s

--------------------------------------------------------------------
|                    FINALIZING TREE SEARCH                        |
--------------------------------------------------------------------
Performs final model parameters optimization
Estimate model parameters (epsilon = 0.010)
Initial log-likelihood: -6231.265
Current log-likelihood at step 1: -6231.264
Partition-specific rates:  1.293 0.707
Parameters optimization took 0 rounds (0.011 sec)

Partition information was printed to partition_file.nex.best_model.nex
BEST SCORE FOUND : -6231.264
Total tree length: 7.632

Total number of iterations: 102
CPU time used for tree search: 5.399 sec (0h:0m:5s)
Wall-clock time used for tree search: 5.381 sec (0h:0m:5s)
Total CPU time used: 200.882 sec (0h:3m:20s)
Total wall-clock time used: 198.214 sec (0h:3m:18s)

===> START BOOTSTRAP REPLICATE NUMBER 39

Creating bootstrap alignment (seed: 26278)...
WARNING: States(s) E, I, K, M rarely appear in partition tdi and may cause numerical problems

Create initial parsimony tree by phylogenetic likelihood library (PLL)... 0.001 seconds
Reading model parameters from file /Users/mful870/Desktop/MD_3di_Dev_02Oct24/Scriptorum/SubstitutionMatrix/3di_substmat
WARNING: Normalizing state frequencies so that sum of them equals to 1

NOTE: 1 MB RAM (0 GB) is required!
Estimate model parameters (epsilon = 0.100)
Initial log-likelihood: -6433.403
Current log-likelihood at step 1: -6312.268
Current log-likelihood at step 2: -6282.193
Current log-likelihood at step 3: -6282.185
Partition-specific rates:  1.373 0.627
Parameters optimization took 2 rounds (0.054 sec)

Wrote distance file to... 
Computing ML distances based on estimated model parameters...
Calculating distance matrix: done in 8.29697e-05 secs using 61.47% CPU
Computing ML distances took 0.000143 sec (of wall-clock time) 0.000082 sec (of CPU time)
Setting up auxiliary I and S matrices: done in 3.60012e-05 secs using 75% CPU
Computing RapidNJ tree took 0.000145 sec (of wall-clock time) 0.000094 sec (of CPU time)
Log-likelihood of RapidNJ tree: -6948.066
--------------------------------------------------------------------
|             INITIALIZING CANDIDATE TREE SET                      |
--------------------------------------------------------------------
Generating 98 parsimony trees... 0.157 second
Computing log-likelihood of 97 initial trees ... 0.281 seconds
Current best score: -6282.185

Do NNI search on 20 best initial trees
Estimate model parameters (epsilon = 0.100)
Initial log-likelihood: -6270.193
Current log-likelihood at step 1: -6270.174
Parameters optimization took 0 rounds (0.010 sec)

BETTER TREE FOUND at iteration 1: -6270.174
Iteration 10 / LogL: -6270.182 / Time: 0h:3m:19s
Iteration 20 / LogL: -6270.221 / Time: 0h:3m:19s
Finish initializing candidate tree set (1)
Current best tree score: -6270.174 / CPU time: 1.324
Number of iterations: 20
--------------------------------------------------------------------
|               OPTIMIZING CANDIDATE TREE SET                      |
--------------------------------------------------------------------
UPDATE BEST LOG-LIKELIHOOD: -6270.171
Iteration 30 / LogL: -6270.216 / Time: 0h:3m:20s (0h:0m:4s left)
Iteration 40 / LogL: -6270.197 / Time: 0h:3m:20s (0h:0m:3s left)
UPDATE BEST LOG-LIKELIHOOD: -6270.171
Iteration 50 / LogL: -6270.223 / Time: 0h:3m:20s (0h:0m:2s left)
Iteration 60 / LogL: -6270.387 / Time: 0h:3m:21s (0h:0m:2s left)
Iteration 70 / LogL: -6270.237 / Time: 0h:3m:21s (0h:0m:1s left)
Iteration 80 / LogL: -6270.195 / Time: 0h:3m:22s (0h:0m:1s left)
Iteration 90 / LogL: -6270.271 / Time: 0h:3m:22s (0h:0m:0s left)
Iteration 100 / LogL: -6270.186 / Time: 0h:3m:23s (0h:0m:0s left)
TREE SEARCH COMPLETED AFTER 102 ITERATIONS / Time: 0h:3m:23s

--------------------------------------------------------------------
|                    FINALIZING TREE SEARCH                        |
--------------------------------------------------------------------
Performs final model parameters optimization
Estimate model parameters (epsilon = 0.010)
Initial log-likelihood: -6270.171
Current log-likelihood at step 1: -6270.171
Partition-specific rates:  1.373 0.627
Parameters optimization took 0 rounds (0.010 sec)

Partition information was printed to partition_file.nex.best_model.nex
BEST SCORE FOUND : -6270.171
Total tree length: 7.654

Total number of iterations: 102
CPU time used for tree search: 5.184 sec (0h:0m:5s)
Wall-clock time used for tree search: 5.138 sec (0h:0m:5s)
Total CPU time used: 206.215 sec (0h:3m:26s)
Total wall-clock time used: 203.477 sec (0h:3m:23s)

===> START BOOTSTRAP REPLICATE NUMBER 40

Creating bootstrap alignment (seed: 26279)...
WARNING: States(s) E, I, K, M rarely appear in partition tdi and may cause numerical problems

Create initial parsimony tree by phylogenetic likelihood library (PLL)... 0.001 seconds
Reading model parameters from file /Users/mful870/Desktop/MD_3di_Dev_02Oct24/Scriptorum/SubstitutionMatrix/3di_substmat
WARNING: Normalizing state frequencies so that sum of them equals to 1

NOTE: 1 MB RAM (0 GB) is required!
Estimate model parameters (epsilon = 0.100)
Initial log-likelihood: -6413.522
Current log-likelihood at step 1: -6269.263
Current log-likelihood at step 2: -6238.346
Current log-likelihood at step 3: -6238.341
Partition-specific rates:  1.351 0.649
Parameters optimization took 2 rounds (0.068 sec)

Wrote distance file to... 
Computing ML distances based on estimated model parameters...
Calculating distance matrix: done in 4.00543e-05 secs using 84.88% CPU
Computing ML distances took 0.000098 sec (of wall-clock time) 0.000064 sec (of CPU time)
Setting up auxiliary I and S matrices: done in 3.60012e-05 secs using 75% CPU
Computing RapidNJ tree took 0.000150 sec (of wall-clock time) 0.000087 sec (of CPU time)
Log-likelihood of RapidNJ tree: -6823.978
--------------------------------------------------------------------
|             INITIALIZING CANDIDATE TREE SET                      |
--------------------------------------------------------------------
Generating 98 parsimony trees... 0.153 second
Computing log-likelihood of 98 initial trees ... 0.313 seconds
Current best score: -6225.773

Do NNI search on 20 best initial trees
Estimate model parameters (epsilon = 0.100)
Initial log-likelihood: -6206.434
Current log-likelihood at step 1: -6206.404
Parameters optimization took 0 rounds (0.018 sec)

BETTER TREE FOUND at iteration 1: -6206.404
Estimate model parameters (epsilon = 0.100)
Initial log-likelihood: -6203.987
Current log-likelihood at step 1: -6203.764
Current log-likelihood at step 2: -6203.763
Parameters optimization took 1 rounds (0.026 sec)

BETTER TREE FOUND at iteration 2: -6203.763
Iteration 10 / LogL: -6203.946 / Time: 0h:3m:24s
Iteration 20 / LogL: -6204.108 / Time: 0h:3m:25s
Finish initializing candidate tree set (2)
Current best tree score: -6203.763 / CPU time: 1.482
Number of iterations: 20
--------------------------------------------------------------------
|               OPTIMIZING CANDIDATE TREE SET                      |
--------------------------------------------------------------------
Iteration 30 / LogL: -6206.583 / Time: 0h:3m:25s (0h:0m:5s left)
Iteration 40 / LogL: -6203.782 / Time: 0h:3m:26s (0h:0m:4s left)
Iteration 50 / LogL: -6206.596 / Time: 0h:3m:26s (0h:0m:3s left)
Iteration 60 / LogL: -6206.688 / Time: 0h:3m:26s (0h:0m:2s left)
Iteration 70 / LogL: -6206.533 / Time: 0h:3m:27s (0h:0m:1s left)
UPDATE BEST LOG-LIKELIHOOD: -6203.763
Iteration 80 / LogL: -6203.773 / Time: 0h:3m:27s (0h:0m:1s left)
Iteration 90 / LogL: -6203.800 / Time: 0h:3m:28s (0h:0m:0s left)
Iteration 100 / LogL: -6203.799 / Time: 0h:3m:28s (0h:0m:0s left)
TREE SEARCH COMPLETED AFTER 103 ITERATIONS / Time: 0h:3m:28s

--------------------------------------------------------------------
|                    FINALIZING TREE SEARCH                        |
--------------------------------------------------------------------
Performs final model parameters optimization
Estimate model parameters (epsilon = 0.010)
Initial log-likelihood: -6203.763
Current log-likelihood at step 1: -6203.763
Partition-specific rates:  1.341 0.659
Parameters optimization took 0 rounds (0.013 sec)

Partition information was printed to partition_file.nex.best_model.nex
BEST SCORE FOUND : -6203.763
Total tree length: 7.736

Total number of iterations: 103
CPU time used for tree search: 5.186 sec (0h:0m:5s)
Wall-clock time used for tree search: 5.163 sec (0h:0m:5s)
Total CPU time used: 211.580 sec (0h:3m:31s)
Total wall-clock time used: 208.796 sec (0h:3m:28s)

===> START BOOTSTRAP REPLICATE NUMBER 41

Creating bootstrap alignment (seed: 26280)...
WARNING: States(s) E, I, K, M, W, Y rarely appear in partition tdi and may cause numerical problems

Create initial parsimony tree by phylogenetic likelihood library (PLL)... 0.002 seconds
Reading model parameters from file /Users/mful870/Desktop/MD_3di_Dev_02Oct24/Scriptorum/SubstitutionMatrix/3di_substmat
WARNING: Normalizing state frequencies so that sum of them equals to 1

NOTE: 1 MB RAM (0 GB) is required!
Estimate model parameters (epsilon = 0.100)
Initial log-likelihood: -6567.358
Current log-likelihood at step 1: -6428.006
Current log-likelihood at step 2: -6398.716
Current log-likelihood at step 3: -6398.502
Current log-likelihood at step 4: -6398.502
Partition-specific rates:  1.389 0.611
Parameters optimization took 3 rounds (0.083 sec)

Wrote distance file to... 
Computing ML distances based on estimated model parameters...
Calculating distance matrix: done in 4.3869e-05 secs using 84.34% CPU
Computing ML distances took 0.000106 sec (of wall-clock time) 0.000068 sec (of CPU time)
Setting up auxiliary I and S matrices: done in 3.88622e-05 secs using 74.62% CPU
Computing RapidNJ tree took 0.000167 sec (of wall-clock time) 0.000101 sec (of CPU time)
Log-likelihood of RapidNJ tree: -6968.551
--------------------------------------------------------------------
|             INITIALIZING CANDIDATE TREE SET                      |
--------------------------------------------------------------------
Generating 98 parsimony trees... 0.160 second
Computing log-likelihood of 96 initial trees ... 0.270 seconds
Current best score: -6398.502

Do NNI search on 20 best initial trees
Estimate model parameters (epsilon = 0.100)
Initial log-likelihood: -6384.781
Current log-likelihood at step 1: -6384.539
Current log-likelihood at step 2: -6384.536
Parameters optimization took 1 rounds (0.023 sec)

BETTER TREE FOUND at iteration 1: -6384.536
Estimate model parameters (epsilon = 0.100)
Initial log-likelihood: -6383.627
Current log-likelihood at step 1: -6383.272
Current log-likelihood at step 2: -6383.270
Parameters optimization took 1 rounds (0.025 sec)

BETTER TREE FOUND at iteration 4: -6383.270
Iteration 10 / LogL: -6384.668 / Time: 0h:3m:29s
Iteration 20 / LogL: -6383.338 / Time: 0h:3m:30s
Finish initializing candidate tree set (3)
Current best tree score: -6383.270 / CPU time: 1.419
Number of iterations: 20
--------------------------------------------------------------------
|               OPTIMIZING CANDIDATE TREE SET                      |
--------------------------------------------------------------------
Iteration 30 / LogL: -6385.181 / Time: 0h:3m:30s (0h:0m:4s left)
Iteration 40 / LogL: -6385.114 / Time: 0h:3m:31s (0h:0m:3s left)
Iteration 50 / LogL: -6384.797 / Time: 0h:3m:31s (0h:0m:3s left)
Iteration 60 / LogL: -6384.651 / Time: 0h:3m:32s (0h:0m:2s left)
Iteration 70 / LogL: -6384.669 / Time: 0h:3m:32s (0h:0m:1s left)
Iteration 80 / LogL: -6383.286 / Time: 0h:3m:33s (0h:0m:1s left)
Iteration 90 / LogL: -6383.275 / Time: 0h:3m:33s (0h:0m:0s left)
Iteration 100 / LogL: -6383.296 / Time: 0h:3m:34s (0h:0m:0s left)
TREE SEARCH COMPLETED AFTER 105 ITERATIONS / Time: 0h:3m:34s

--------------------------------------------------------------------
|                    FINALIZING TREE SEARCH                        |
--------------------------------------------------------------------
Performs final model parameters optimization
Estimate model parameters (epsilon = 0.010)
Initial log-likelihood: -6383.270
Current log-likelihood at step 1: -6383.269
Partition-specific rates:  1.401 0.599
Parameters optimization took 0 rounds (0.012 sec)

Partition information was printed to partition_file.nex.best_model.nex
BEST SCORE FOUND : -6383.269
Total tree length: 7.745

Total number of iterations: 105
CPU time used for tree search: 5.592 sec (0h:0m:5s)
Wall-clock time used for tree search: 5.587 sec (0h:0m:5s)
Total CPU time used: 217.324 sec (0h:3m:37s)
Total wall-clock time used: 214.527 sec (0h:3m:34s)

===> START BOOTSTRAP REPLICATE NUMBER 42

Creating bootstrap alignment (seed: 26281)...
WARNING: States(s) E, I, K, M rarely appear in partition tdi and may cause numerical problems

Create initial parsimony tree by phylogenetic likelihood library (PLL)... 0.001 seconds
Reading model parameters from file /Users/mful870/Desktop/MD_3di_Dev_02Oct24/Scriptorum/SubstitutionMatrix/3di_substmat
WARNING: Normalizing state frequencies so that sum of them equals to 1

NOTE: 1 MB RAM (0 GB) is required!
Estimate model parameters (epsilon = 0.100)
Initial log-likelihood: -6715.559
Current log-likelihood at step 1: -6578.073
Current log-likelihood at step 2: -6551.210
Current log-likelihood at step 3: -6551.207
Partition-specific rates:  1.350 0.650
Parameters optimization took 2 rounds (0.061 sec)

Wrote distance file to... 
Computing ML distances based on estimated model parameters...
Calculating distance matrix: done in 6.00815e-05 secs using 84.88% CPU
Computing ML distances took 0.000149 sec (of wall-clock time) 0.000095 sec (of CPU time)
Setting up auxiliary I and S matrices: done in 2.90871e-05 secs using 82.51% CPU
Computing RapidNJ tree took 0.000121 sec (of wall-clock time) 0.000076 sec (of CPU time)
Log-likelihood of RapidNJ tree: -7184.297
--------------------------------------------------------------------
|             INITIALIZING CANDIDATE TREE SET                      |
--------------------------------------------------------------------
Generating 98 parsimony trees... 0.153 second
Computing log-likelihood of 98 initial trees ... 0.299 seconds
Current best score: -6551.207

Do NNI search on 20 best initial trees
Estimate model parameters (epsilon = 0.100)
Initial log-likelihood: -6551.207
Current log-likelihood at step 1: -6551.207
Parameters optimization took 0 rounds (0.011 sec)

BETTER TREE FOUND at iteration 1: -6551.207
Estimate model parameters (epsilon = 0.100)
Initial log-likelihood: -6533.534
Current log-likelihood at step 1: -6533.505
Parameters optimization took 0 rounds (0.011 sec)

BETTER TREE FOUND at iteration 2: -6533.505
Iteration 10 / LogL: -6533.648 / Time: 0h:3m:35s
Iteration 20 / LogL: -6549.459 / Time: 0h:3m:36s
Finish initializing candidate tree set (3)
Current best tree score: -6533.505 / CPU time: 1.424
Number of iterations: 20
--------------------------------------------------------------------
|               OPTIMIZING CANDIDATE TREE SET                      |
--------------------------------------------------------------------
Iteration 30 / LogL: -6533.569 / Time: 0h:3m:36s (0h:0m:4s left)
Iteration 40 / LogL: -6533.645 / Time: 0h:3m:36s (0h:0m:3s left)
Iteration 50 / LogL: -6551.253 / Time: 0h:3m:37s (0h:0m:3s left)
Iteration 60 / LogL: -6551.258 / Time: 0h:3m:37s (0h:0m:2s left)
Iteration 70 / LogL: -6559.449 / Time: 0h:3m:38s (0h:0m:1s left)
Iteration 80 / LogL: -6551.214 / Time: 0h:3m:38s (0h:0m:1s left)
UPDATE BEST LOG-LIKELIHOOD: -6533.504
Iteration 90 / LogL: -6549.965 / Time: 0h:3m:39s (0h:0m:0s left)
Iteration 100 / LogL: -6533.605 / Time: 0h:3m:39s (0h:0m:0s left)
TREE SEARCH COMPLETED AFTER 103 ITERATIONS / Time: 0h:3m:39s

--------------------------------------------------------------------
|                    FINALIZING TREE SEARCH                        |
--------------------------------------------------------------------
Performs final model parameters optimization
Estimate model parameters (epsilon = 0.010)
Initial log-likelihood: -6533.504
Current log-likelihood at step 1: -6533.503
Partition-specific rates:  1.351 0.649
Parameters optimization took 0 rounds (0.011 sec)

Partition information was printed to partition_file.nex.best_model.nex
BEST SCORE FOUND : -6533.503
Total tree length: 8.207

Total number of iterations: 103
CPU time used for tree search: 5.280 sec (0h:0m:5s)
Wall-clock time used for tree search: 5.205 sec (0h:0m:5s)
Total CPU time used: 222.737 sec (0h:3m:42s)
Total wall-clock time used: 219.854 sec (0h:3m:39s)

===> START BOOTSTRAP REPLICATE NUMBER 43

Creating bootstrap alignment (seed: 26282)...
WARNING: States(s) E, I, K, M rarely appear in partition tdi and may cause numerical problems

Create initial parsimony tree by phylogenetic likelihood library (PLL)... 0.001 seconds
Reading model parameters from file /Users/mful870/Desktop/MD_3di_Dev_02Oct24/Scriptorum/SubstitutionMatrix/3di_substmat
WARNING: Normalizing state frequencies so that sum of them equals to 1

NOTE: 1 MB RAM (0 GB) is required!
Estimate model parameters (epsilon = 0.100)
Initial log-likelihood: -6615.853
Current log-likelihood at step 1: -6467.771
Current log-likelihood at step 2: -6452.279
Current log-likelihood at step 3: -6451.970
Current log-likelihood at step 4: -6451.954
Partition-specific rates:  1.267 0.733
Parameters optimization took 3 rounds (0.079 sec)

Wrote distance file to... 
Computing ML distances based on estimated model parameters...
Calculating distance matrix: done in 6.29425e-05 secs using 68.32% CPU
Computing ML distances took 0.000168 sec (of wall-clock time) 0.000088 sec (of CPU time)
Setting up auxiliary I and S matrices: done in 3.00407e-05 secs using 79.89% CPU
Computing RapidNJ tree took 0.000121 sec (of wall-clock time) 0.000075 sec (of CPU time)
Log-likelihood of RapidNJ tree: -6987.772
--------------------------------------------------------------------
|             INITIALIZING CANDIDATE TREE SET                      |
--------------------------------------------------------------------
Generating 98 parsimony trees... 0.149 second
Computing log-likelihood of 98 initial trees ... 0.280 seconds
Current best score: -6448.351

Do NNI search on 20 best initial trees
Estimate model parameters (epsilon = 0.100)
Initial log-likelihood: -6433.942
Current log-likelihood at step 1: -6433.271
Current log-likelihood at step 2: -6433.267
Parameters optimization took 1 rounds (0.037 sec)

BETTER TREE FOUND at iteration 1: -6433.267
Iteration 10 / LogL: -6433.321 / Time: 0h:3m:40s
Iteration 20 / LogL: -6433.297 / Time: 0h:3m:41s
Finish initializing candidate tree set (2)
Current best tree score: -6433.267 / CPU time: 1.384
Number of iterations: 20
--------------------------------------------------------------------
|               OPTIMIZING CANDIDATE TREE SET                      |
--------------------------------------------------------------------
Iteration 30 / LogL: -6433.519 / Time: 0h:3m:41s (0h:0m:4s left)
Iteration 40 / LogL: -6433.320 / Time: 0h:3m:42s (0h:0m:3s left)
Iteration 50 / LogL: -6436.715 / Time: 0h:3m:42s (0h:0m:3s left)
Iteration 60 / LogL: -6446.536 / Time: 0h:3m:43s (0h:0m:2s left)
Iteration 70 / LogL: -6433.273 / Time: 0h:3m:43s (0h:0m:1s left)
Iteration 80 / LogL: -6433.279 / Time: 0h:3m:44s (0h:0m:1s left)
Iteration 90 / LogL: -6436.657 / Time: 0h:3m:44s (0h:0m:0s left)
Iteration 100 / LogL: -6433.296 / Time: 0h:3m:45s (0h:0m:0s left)
TREE SEARCH COMPLETED AFTER 102 ITERATIONS / Time: 0h:3m:45s

--------------------------------------------------------------------
|                    FINALIZING TREE SEARCH                        |
--------------------------------------------------------------------
Performs final model parameters optimization
Estimate model parameters (epsilon = 0.010)
Initial log-likelihood: -6433.267
Current log-likelihood at step 1: -6433.267
Partition-specific rates:  1.271 0.729
Parameters optimization took 0 rounds (0.009 sec)

Partition information was printed to partition_file.nex.best_model.nex
BEST SCORE FOUND : -6433.267
Total tree length: 8.174

Total number of iterations: 102
CPU time used for tree search: 5.595 sec (0h:0m:5s)
Wall-clock time used for tree search: 5.576 sec (0h:0m:5s)
Total CPU time used: 228.475 sec (0h:3m:48s)
Total wall-clock time used: 225.567 sec (0h:3m:45s)

===> START BOOTSTRAP REPLICATE NUMBER 44

Creating bootstrap alignment (seed: 26283)...
WARNING: States(s) E, I, K, M, W rarely appear in partition tdi and may cause numerical problems

Create initial parsimony tree by phylogenetic likelihood library (PLL)... 0.001 seconds
Reading model parameters from file /Users/mful870/Desktop/MD_3di_Dev_02Oct24/Scriptorum/SubstitutionMatrix/3di_substmat
WARNING: Normalizing state frequencies so that sum of them equals to 1

NOTE: 1 MB RAM (0 GB) is required!
Estimate model parameters (epsilon = 0.100)
Initial log-likelihood: -6402.371
Current log-likelihood at step 1: -6272.034
Current log-likelihood at step 2: -6242.984
Current log-likelihood at step 3: -6242.878
Current log-likelihood at step 4: -6242.877
Partition-specific rates:  1.369 0.631
Parameters optimization took 3 rounds (0.071 sec)

Wrote distance file to... 
Computing ML distances based on estimated model parameters...
Calculating distance matrix: done in 4.3869e-05 secs using 82.06% CPU
Computing ML distances took 0.000138 sec (of wall-clock time) 0.000077 sec (of CPU time)
Setting up auxiliary I and S matrices: done in 3.98159e-05 secs using 77.86% CPU
Computing RapidNJ tree took 0.000161 sec (of wall-clock time) 0.000090 sec (of CPU time)
Log-likelihood of RapidNJ tree: -6828.201
--------------------------------------------------------------------
|             INITIALIZING CANDIDATE TREE SET                      |
--------------------------------------------------------------------
Generating 98 parsimony trees... 0.184 second
Computing log-likelihood of 98 initial trees ... 0.313 seconds
Current best score: -6242.877

Do NNI search on 20 best initial trees
Estimate model parameters (epsilon = 0.100)
Initial log-likelihood: -6233.592
Current log-likelihood at step 1: -6233.200
Current log-likelihood at step 2: -6233.196
Parameters optimization took 1 rounds (0.023 sec)

BETTER TREE FOUND at iteration 1: -6233.196
Iteration 10 / LogL: -6233.396 / Time: 0h:3m:46s
Iteration 20 / LogL: -6233.202 / Time: 0h:3m:47s
Finish initializing candidate tree set (2)
Current best tree score: -6233.196 / CPU time: 1.530
Number of iterations: 20
--------------------------------------------------------------------
|               OPTIMIZING CANDIDATE TREE SET                      |
--------------------------------------------------------------------
UPDATE BEST LOG-LIKELIHOOD: -6233.196
Iteration 30 / LogL: -6233.275 / Time: 0h:3m:47s (0h:0m:4s left)
Iteration 40 / LogL: -6233.367 / Time: 0h:3m:48s (0h:0m:3s left)
Iteration 50 / LogL: -6233.228 / Time: 0h:3m:48s (0h:0m:2s left)
Iteration 60 / LogL: -6233.332 / Time: 0h:3m:48s (0h:0m:2s left)
Iteration 70 / LogL: -6233.331 / Time: 0h:3m:49s (0h:0m:1s left)
Iteration 80 / LogL: -6233.377 / Time: 0h:3m:49s (0h:0m:1s left)
UPDATE BEST LOG-LIKELIHOOD: -6233.196
Iteration 90 / LogL: -6233.223 / Time: 0h:3m:50s (0h:0m:0s left)
Iteration 100 / LogL: -6233.202 / Time: 0h:3m:50s (0h:0m:0s left)
TREE SEARCH COMPLETED AFTER 102 ITERATIONS / Time: 0h:3m:50s

--------------------------------------------------------------------
|                    FINALIZING TREE SEARCH                        |
--------------------------------------------------------------------
Performs final model parameters optimization
Estimate model parameters (epsilon = 0.010)
Initial log-likelihood: -6233.196
Current log-likelihood at step 1: -6233.196
Partition-specific rates:  1.373 0.627
Parameters optimization took 0 rounds (0.012 sec)

Partition information was printed to partition_file.nex.best_model.nex
BEST SCORE FOUND : -6233.196
Total tree length: 7.959

Total number of iterations: 102
CPU time used for tree search: 5.026 sec (0h:0m:5s)
Wall-clock time used for tree search: 4.977 sec (0h:0m:4s)
Total CPU time used: 233.654 sec (0h:3m:53s)
Total wall-clock time used: 230.685 sec (0h:3m:50s)

===> START BOOTSTRAP REPLICATE NUMBER 45

Creating bootstrap alignment (seed: 26284)...
WARNING: States(s) E, I, K, M, W rarely appear in partition tdi and may cause numerical problems

Create initial parsimony tree by phylogenetic likelihood library (PLL)... 0.001 seconds
Reading model parameters from file /Users/mful870/Desktop/MD_3di_Dev_02Oct24/Scriptorum/SubstitutionMatrix/3di_substmat
WARNING: Normalizing state frequencies so that sum of them equals to 1

NOTE: 1 MB RAM (0 GB) is required!
Estimate model parameters (epsilon = 0.100)
Initial log-likelihood: -6590.240
Current log-likelihood at step 1: -6456.281
Current log-likelihood at step 2: -6430.566
Current log-likelihood at step 3: -6430.219
Current log-likelihood at step 4: -6430.219
Partition-specific rates:  1.308 0.692
Parameters optimization took 3 rounds (0.075 sec)

Wrote distance file to... 
Computing ML distances based on estimated model parameters...
Calculating distance matrix: done in 4.00543e-05 secs using 87.38% CPU
Computing ML distances took 0.000097 sec (of wall-clock time) 0.000064 sec (of CPU time)
Setting up auxiliary I and S matrices: done in 3.40939e-05 secs using 70.39% CPU
Computing RapidNJ tree took 0.000140 sec (of wall-clock time) 0.000090 sec (of CPU time)
Log-likelihood of RapidNJ tree: -6950.589
--------------------------------------------------------------------
|             INITIALIZING CANDIDATE TREE SET                      |
--------------------------------------------------------------------
Generating 98 parsimony trees... 0.174 second
Computing log-likelihood of 98 initial trees ... 0.287 seconds
Current best score: -6421.587

Do NNI search on 20 best initial trees
Estimate model parameters (epsilon = 0.100)
Initial log-likelihood: -6394.278
Current log-likelihood at step 1: -6393.927
Current log-likelihood at step 2: -6393.920
Parameters optimization took 1 rounds (0.024 sec)

BETTER TREE FOUND at iteration 1: -6393.920
Iteration 10 / LogL: -6394.140 / Time: 0h:3m:51s
Iteration 20 / LogL: -6393.924 / Time: 0h:3m:52s
Finish initializing candidate tree set (4)
Current best tree score: -6393.920 / CPU time: 1.496
Number of iterations: 20
--------------------------------------------------------------------
|               OPTIMIZING CANDIDATE TREE SET                      |
--------------------------------------------------------------------
Iteration 30 / LogL: -6394.022 / Time: 0h:3m:52s (0h:0m:5s left)
Iteration 40 / LogL: -6393.924 / Time: 0h:3m:53s (0h:0m:4s left)
Iteration 50 / LogL: -6394.222 / Time: 0h:3m:53s (0h:0m:3s left)
Iteration 60 / LogL: -6395.323 / Time: 0h:3m:54s (0h:0m:2s left)
Iteration 70 / LogL: -6394.028 / Time: 0h:3m:54s (0h:0m:1s left)
Iteration 80 / LogL: -6394.079 / Time: 0h:3m:55s (0h:0m:1s left)
Iteration 90 / LogL: -6403.896 / Time: 0h:3m:56s (0h:0m:0s left)
Iteration 100 / LogL: -6394.078 / Time: 0h:3m:56s (0h:0m:0s left)
TREE SEARCH COMPLETED AFTER 102 ITERATIONS / Time: 0h:3m:56s

--------------------------------------------------------------------
|                    FINALIZING TREE SEARCH                        |
--------------------------------------------------------------------
Performs final model parameters optimization
Estimate model parameters (epsilon = 0.010)
Initial log-likelihood: -6393.920
Current log-likelihood at step 1: -6393.920
Partition-specific rates:  1.286 0.714
Parameters optimization took 0 rounds (0.010 sec)

Partition information was printed to partition_file.nex.best_model.nex
BEST SCORE FOUND : -6393.920
Total tree length: 7.929

Total number of iterations: 102
CPU time used for tree search: 5.761 sec (0h:0m:5s)
Wall-clock time used for tree search: 5.706 sec (0h:0m:5s)
Total CPU time used: 239.580 sec (0h:3m:59s)
Total wall-clock time used: 236.533 sec (0h:3m:56s)

===> START BOOTSTRAP REPLICATE NUMBER 46

Creating bootstrap alignment (seed: 26285)...
WARNING: States(s) E, I, K, M, Y rarely appear in partition tdi and may cause numerical problems

Create initial parsimony tree by phylogenetic likelihood library (PLL)... 0.001 seconds
Reading model parameters from file /Users/mful870/Desktop/MD_3di_Dev_02Oct24/Scriptorum/SubstitutionMatrix/3di_substmat
WARNING: Normalizing state frequencies so that sum of them equals to 1

NOTE: 1 MB RAM (0 GB) is required!
Estimate model parameters (epsilon = 0.100)
Initial log-likelihood: -6648.572
Current log-likelihood at step 1: -6497.364
Current log-likelihood at step 2: -6465.462
Current log-likelihood at step 3: -6465.443
Partition-specific rates:  1.331 0.669
Parameters optimization took 2 rounds (0.050 sec)

Wrote distance file to... 
Computing ML distances based on estimated model parameters...
Calculating distance matrix: done in 4.00543e-05 secs using 84.88% CPU
Computing ML distances took 0.000095 sec (of wall-clock time) 0.000064 sec (of CPU time)
Setting up auxiliary I and S matrices: done in 2.7895e-05 secs using 75.28% CPU
Computing RapidNJ tree took 0.000118 sec (of wall-clock time) 0.000069 sec (of CPU time)
Log-likelihood of RapidNJ tree: -6987.638
--------------------------------------------------------------------
|             INITIALIZING CANDIDATE TREE SET                      |
--------------------------------------------------------------------
Generating 98 parsimony trees... 0.143 second
Computing log-likelihood of 98 initial trees ... 0.286 seconds
Current best score: -6459.876

Do NNI search on 20 best initial trees
Estimate model parameters (epsilon = 0.100)
Initial log-likelihood: -6431.217
Current log-likelihood at step 1: -6431.116
Current log-likelihood at step 2: -6431.111
Parameters optimization took 1 rounds (0.025 sec)

BETTER TREE FOUND at iteration 1: -6431.111
Iteration 10 / LogL: -6431.170 / Time: 0h:3m:57s
Iteration 20 / LogL: -6431.312 / Time: 0h:3m:57s
Finish initializing candidate tree set (2)
Current best tree score: -6431.111 / CPU time: 1.253
Number of iterations: 20
--------------------------------------------------------------------
|               OPTIMIZING CANDIDATE TREE SET                      |
--------------------------------------------------------------------
Iteration 30 / LogL: -6431.181 / Time: 0h:3m:58s (0h:0m:4s left)
Iteration 40 / LogL: -6437.529 / Time: 0h:3m:58s (0h:0m:3s left)
Iteration 50 / LogL: -6437.677 / Time: 0h:3m:59s (0h:0m:2s left)
Iteration 60 / LogL: -6431.364 / Time: 0h:3m:59s (0h:0m:2s left)
Iteration 70 / LogL: -6431.222 / Time: 0h:4m:0s (0h:0m:1s left)
Iteration 80 / LogL: -6431.984 / Time: 0h:4m:0s (0h:0m:1s left)
Iteration 90 / LogL: -6431.263 / Time: 0h:4m:0s (0h:0m:0s left)
Iteration 100 / LogL: -6437.706 / Time: 0h:4m:1s (0h:0m:0s left)
TREE SEARCH COMPLETED AFTER 102 ITERATIONS / Time: 0h:4m:1s

--------------------------------------------------------------------
|                    FINALIZING TREE SEARCH                        |
--------------------------------------------------------------------
Performs final model parameters optimization
Estimate model parameters (epsilon = 0.010)
Initial log-likelihood: -6431.111
Current log-likelihood at step 1: -6431.111
Partition-specific rates:  1.324 0.676
Parameters optimization took 0 rounds (0.012 sec)

Partition information was printed to partition_file.nex.best_model.nex
BEST SCORE FOUND : -6431.111
Total tree length: 8.354

Total number of iterations: 102
CPU time used for tree search: 4.916 sec (0h:0m:4s)
Wall-clock time used for tree search: 4.826 sec (0h:0m:4s)
Total CPU time used: 244.611 sec (0h:4m:4s)
Total wall-clock time used: 241.469 sec (0h:4m:1s)

===> START BOOTSTRAP REPLICATE NUMBER 47

Creating bootstrap alignment (seed: 26286)...
WARNING: States(s) E, I, K, M, W, Y rarely appear in partition tdi and may cause numerical problems

Create initial parsimony tree by phylogenetic likelihood library (PLL)... 0.001 seconds
Reading model parameters from file /Users/mful870/Desktop/MD_3di_Dev_02Oct24/Scriptorum/SubstitutionMatrix/3di_substmat
WARNING: Normalizing state frequencies so that sum of them equals to 1

NOTE: 1 MB RAM (0 GB) is required!
Estimate model parameters (epsilon = 0.100)
Initial log-likelihood: -6647.744
Current log-likelihood at step 1: -6497.892
Current log-likelihood at step 2: -6470.987
Current log-likelihood at step 3: -6470.979
Partition-specific rates:  1.352 0.648
Parameters optimization took 2 rounds (0.052 sec)

Wrote distance file to... 
Computing ML distances based on estimated model parameters...
Calculating distance matrix: done in 4.1008e-05 secs using 85.35% CPU
Computing ML distances took 0.000095 sec (of wall-clock time) 0.000062 sec (of CPU time)
Setting up auxiliary I and S matrices: done in 3.09944e-05 secs using 77.43% CPU
Computing RapidNJ tree took 0.000129 sec (of wall-clock time) 0.000077 sec (of CPU time)
Log-likelihood of RapidNJ tree: -7039.206
--------------------------------------------------------------------
|             INITIALIZING CANDIDATE TREE SET                      |
--------------------------------------------------------------------
Generating 98 parsimony trees... 0.161 second
Computing log-likelihood of 98 initial trees ... 0.291 seconds
Current best score: -6468.614

Do NNI search on 20 best initial trees
Estimate model parameters (epsilon = 0.100)
Initial log-likelihood: -6445.969
Current log-likelihood at step 1: -6445.857
Current log-likelihood at step 2: -6445.845
Parameters optimization took 1 rounds (0.022 sec)

BETTER TREE FOUND at iteration 1: -6445.845
Iteration 10 / LogL: -6445.856 / Time: 0h:4m:2s
Iteration 20 / LogL: -6445.919 / Time: 0h:4m:3s
Finish initializing candidate tree set (3)
Current best tree score: -6445.845 / CPU time: 1.455
Number of iterations: 20
--------------------------------------------------------------------
|               OPTIMIZING CANDIDATE TREE SET                      |
--------------------------------------------------------------------
Iteration 30 / LogL: -6446.073 / Time: 0h:4m:3s (0h:0m:4s left)
Iteration 40 / LogL: -6445.876 / Time: 0h:4m:3s (0h:0m:3s left)
UPDATE BEST LOG-LIKELIHOOD: -6445.844
Iteration 50 / LogL: -6445.942 / Time: 0h:4m:4s (0h:0m:3s left)
Iteration 60 / LogL: -6446.146 / Time: 0h:4m:4s (0h:0m:2s left)
Iteration 70 / LogL: -6445.845 / Time: 0h:4m:5s (0h:0m:1s left)
Iteration 80 / LogL: -6446.142 / Time: 0h:4m:5s (0h:0m:1s left)
Iteration 90 / LogL: -6446.487 / Time: 0h:4m:6s (0h:0m:0s left)
Iteration 100 / LogL: -6445.846 / Time: 0h:4m:6s (0h:0m:0s left)
TREE SEARCH COMPLETED AFTER 102 ITERATIONS / Time: 0h:4m:6s

--------------------------------------------------------------------
|                    FINALIZING TREE SEARCH                        |
--------------------------------------------------------------------
Performs final model parameters optimization
Estimate model parameters (epsilon = 0.010)
Initial log-likelihood: -6445.844
Current log-likelihood at step 1: -6445.842
Partition-specific rates:  1.343 0.657
Parameters optimization took 0 rounds (0.012 sec)

Partition information was printed to partition_file.nex.best_model.nex
BEST SCORE FOUND : -6445.842
Total tree length: 7.991

Total number of iterations: 102
CPU time used for tree search: 5.320 sec (0h:0m:5s)
Wall-clock time used for tree search: 5.248 sec (0h:0m:5s)
Total CPU time used: 250.069 sec (0h:4m:10s)
Total wall-clock time used: 246.837 sec (0h:4m:6s)

===> START BOOTSTRAP REPLICATE NUMBER 48

Creating bootstrap alignment (seed: 26287)...
WARNING: States(s) E, I, K, M, W rarely appear in partition tdi and may cause numerical problems

Create initial parsimony tree by phylogenetic likelihood library (PLL)... 0.001 seconds
Reading model parameters from file /Users/mful870/Desktop/MD_3di_Dev_02Oct24/Scriptorum/SubstitutionMatrix/3di_substmat
WARNING: Normalizing state frequencies so that sum of them equals to 1

NOTE: 1 MB RAM (0 GB) is required!
Estimate model parameters (epsilon = 0.100)
Initial log-likelihood: -6478.501
Current log-likelihood at step 1: -6324.089
Current log-likelihood at step 2: -6300.159
Current log-likelihood at step 3: -6300.156
Partition-specific rates:  1.317 0.683
Parameters optimization took 2 rounds (0.055 sec)

Wrote distance file to... 
Computing ML distances based on estimated model parameters...
Calculating distance matrix: done in 4.50611e-05 secs using 84.33% CPU
Computing ML distances took 0.000115 sec (of wall-clock time) 0.000074 sec (of CPU time)
Setting up auxiliary I and S matrices: done in 4.00543e-05 secs using 79.89% CPU
Computing RapidNJ tree took 0.000153 sec (of wall-clock time) 0.000091 sec (of CPU time)
Log-likelihood of RapidNJ tree: -6940.688
--------------------------------------------------------------------
|             INITIALIZING CANDIDATE TREE SET                      |
--------------------------------------------------------------------
Generating 98 parsimony trees... 0.155 second
Computing log-likelihood of 98 initial trees ... 0.276 seconds
Current best score: -6300.156

Do NNI search on 20 best initial trees
Estimate model parameters (epsilon = 0.100)
Initial log-likelihood: -6289.690
Current log-likelihood at step 1: -6289.625
Parameters optimization took 0 rounds (0.012 sec)

BETTER TREE FOUND at iteration 1: -6289.625
Iteration 10 / LogL: -6289.633 / Time: 0h:4m:7s
Iteration 20 / LogL: -6290.276 / Time: 0h:4m:8s
Finish initializing candidate tree set (2)
Current best tree score: -6289.625 / CPU time: 1.263
Number of iterations: 20
--------------------------------------------------------------------
|               OPTIMIZING CANDIDATE TREE SET                      |
--------------------------------------------------------------------
Iteration 30 / LogL: -6289.784 / Time: 0h:4m:8s (0h:0m:4s left)
Iteration 40 / LogL: -6290.268 / Time: 0h:4m:9s (0h:0m:3s left)
UPDATE BEST LOG-LIKELIHOOD: -6289.617
Iteration 50 / LogL: -6289.828 / Time: 0h:4m:9s (0h:0m:2s left)
Iteration 60 / LogL: -6289.665 / Time: 0h:4m:9s (0h:0m:2s left)
Iteration 70 / LogL: -6290.287 / Time: 0h:4m:10s (0h:0m:1s left)
Iteration 80 / LogL: -6290.316 / Time: 0h:4m:10s (0h:0m:1s left)
Iteration 90 / LogL: -6289.678 / Time: 0h:4m:11s (0h:0m:0s left)
Iteration 100 / LogL: -6289.670 / Time: 0h:4m:11s (0h:0m:0s left)
TREE SEARCH COMPLETED AFTER 102 ITERATIONS / Time: 0h:4m:11s

--------------------------------------------------------------------
|                    FINALIZING TREE SEARCH                        |
--------------------------------------------------------------------
Performs final model parameters optimization
Estimate model parameters (epsilon = 0.010)
Initial log-likelihood: -6289.617
Current log-likelihood at step 1: -6289.617
Partition-specific rates:  1.313 0.687
Parameters optimization took 0 rounds (0.010 sec)

Partition information was printed to partition_file.nex.best_model.nex
BEST SCORE FOUND : -6289.617
Total tree length: 7.790

Total number of iterations: 102
CPU time used for tree search: 4.773 sec (0h:0m:4s)
Wall-clock time used for tree search: 4.692 sec (0h:0m:4s)
Total CPU time used: 254.983 sec (0h:4m:14s)
Total wall-clock time used: 251.650 sec (0h:4m:11s)

===> START BOOTSTRAP REPLICATE NUMBER 49

Creating bootstrap alignment (seed: 26288)...
WARNING: States(s) E, I, K, M rarely appear in partition tdi and may cause numerical problems

Create initial parsimony tree by phylogenetic likelihood library (PLL)... 0.001 seconds
Reading model parameters from file /Users/mful870/Desktop/MD_3di_Dev_02Oct24/Scriptorum/SubstitutionMatrix/3di_substmat
WARNING: Normalizing state frequencies so that sum of them equals to 1

NOTE: 1 MB RAM (0 GB) is required!
Estimate model parameters (epsilon = 0.100)
Initial log-likelihood: -6474.653
Current log-likelihood at step 1: -6336.001
Current log-likelihood at step 2: -6316.433
Current log-likelihood at step 3: -6316.432
Partition-specific rates:  1.267 0.733
Parameters optimization took 2 rounds (0.053 sec)

Wrote distance file to... 
Computing ML distances based on estimated model parameters...
Calculating distance matrix: done in 4.00543e-05 secs using 84.88% CPU
Computing ML distances took 0.000095 sec (of wall-clock time) 0.000064 sec (of CPU time)
Setting up auxiliary I and S matrices: done in 2.81334e-05 secs using 74.64% CPU
Computing RapidNJ tree took 0.000142 sec (of wall-clock time) 0.000083 sec (of CPU time)
Log-likelihood of RapidNJ tree: -6877.616
--------------------------------------------------------------------
|             INITIALIZING CANDIDATE TREE SET                      |
--------------------------------------------------------------------
Generating 98 parsimony trees... 0.159 second
Computing log-likelihood of 97 initial trees ... 0.291 seconds
Current best score: -6308.950

Do NNI search on 20 best initial trees
Estimate model parameters (epsilon = 0.100)
Initial log-likelihood: -6297.128
Current log-likelihood at step 1: -6297.097
Parameters optimization took 0 rounds (0.011 sec)

BETTER TREE FOUND at iteration 1: -6297.097
Iteration 10 / LogL: -6297.126 / Time: 0h:4m:12s
Iteration 20 / LogL: -6297.114 / Time: 0h:4m:12s
Finish initializing candidate tree set (2)
Current best tree score: -6297.097 / CPU time: 1.254
Number of iterations: 20
--------------------------------------------------------------------
|               OPTIMIZING CANDIDATE TREE SET                      |
--------------------------------------------------------------------
Iteration 30 / LogL: -6299.703 / Time: 0h:4m:13s (0h:0m:4s left)
Iteration 40 / LogL: -6297.117 / Time: 0h:4m:13s (0h:0m:3s left)
Iteration 50 / LogL: -6299.541 / Time: 0h:4m:14s (0h:0m:2s left)
UPDATE BEST LOG-LIKELIHOOD: -6297.095
Iteration 60 / LogL: -6297.107 / Time: 0h:4m:14s (0h:0m:2s left)
Iteration 70 / LogL: -6299.568 / Time: 0h:4m:14s (0h:0m:1s left)
Iteration 80 / LogL: -6297.980 / Time: 0h:4m:15s (0h:0m:0s left)
Iteration 90 / LogL: -6297.153 / Time: 0h:4m:15s (0h:0m:0s left)
Iteration 100 / LogL: -6297.109 / Time: 0h:4m:16s (0h:0m:0s left)
TREE SEARCH COMPLETED AFTER 102 ITERATIONS / Time: 0h:4m:16s

--------------------------------------------------------------------
|                    FINALIZING TREE SEARCH                        |
--------------------------------------------------------------------
Performs final model parameters optimization
Estimate model parameters (epsilon = 0.010)
Initial log-likelihood: -6297.095
Current log-likelihood at step 1: -6297.094
Partition-specific rates:  1.269 0.731
Parameters optimization took 0 rounds (0.012 sec)

Partition information was printed to partition_file.nex.best_model.nex
BEST SCORE FOUND : -6297.094
Total tree length: 7.844

Total number of iterations: 102
CPU time used for tree search: 4.720 sec (0h:0m:4s)
Wall-clock time used for tree search: 4.687 sec (0h:0m:4s)
Total CPU time used: 259.822 sec (0h:4m:19s)
Total wall-clock time used: 256.448 sec (0h:4m:16s)

===> START BOOTSTRAP REPLICATE NUMBER 50

Creating bootstrap alignment (seed: 26289)...
WARNING: States(s) E, I, K, M rarely appear in partition tdi and may cause numerical problems

Create initial parsimony tree by phylogenetic likelihood library (PLL)... 0.001 seconds
Reading model parameters from file /Users/mful870/Desktop/MD_3di_Dev_02Oct24/Scriptorum/SubstitutionMatrix/3di_substmat
WARNING: Normalizing state frequencies so that sum of them equals to 1

NOTE: 1 MB RAM (0 GB) is required!
Estimate model parameters (epsilon = 0.100)
Initial log-likelihood: -6465.562
Current log-likelihood at step 1: -6329.381
Current log-likelihood at step 2: -6303.527
Current log-likelihood at step 3: -6303.251
Current log-likelihood at step 4: -6303.251
Partition-specific rates:  1.401 0.599
Parameters optimization took 3 rounds (0.071 sec)

Wrote distance file to... 
Computing ML distances based on estimated model parameters...
Calculating distance matrix: done in 4.00543e-05 secs using 84.88% CPU
Computing ML distances took 0.000094 sec (of wall-clock time) 0.000062 sec (of CPU time)
Setting up auxiliary I and S matrices: done in 3.09944e-05 secs using 80.66% CPU
Computing RapidNJ tree took 0.000143 sec (of wall-clock time) 0.000087 sec (of CPU time)
Log-likelihood of RapidNJ tree: -6829.180
--------------------------------------------------------------------
|             INITIALIZING CANDIDATE TREE SET                      |
--------------------------------------------------------------------
Generating 98 parsimony trees... 0.139 second
Computing log-likelihood of 98 initial trees ... 0.279 seconds
Current best score: -6289.137

Do NNI search on 20 best initial trees
Estimate model parameters (epsilon = 0.100)
Initial log-likelihood: -6261.131
Current log-likelihood at step 1: -6260.800
Current log-likelihood at step 2: -6260.777
Parameters optimization took 1 rounds (0.047 sec)

BETTER TREE FOUND at iteration 1: -6260.777
Iteration 10 / LogL: -6260.784 / Time: 0h:4m:17s
Iteration 20 / LogL: -6261.138 / Time: 0h:4m:17s
Finish initializing candidate tree set (1)
Current best tree score: -6260.777 / CPU time: 1.357
Number of iterations: 20
--------------------------------------------------------------------
|               OPTIMIZING CANDIDATE TREE SET                      |
--------------------------------------------------------------------
Iteration 30 / LogL: -6260.779 / Time: 0h:4m:18s (0h:0m:4s left)
Iteration 40 / LogL: -6260.906 / Time: 0h:4m:18s (0h:0m:3s left)
Iteration 50 / LogL: -6260.833 / Time: 0h:4m:19s (0h:0m:2s left)
Iteration 60 / LogL: -6260.783 / Time: 0h:4m:19s (0h:0m:2s left)
UPDATE BEST LOG-LIKELIHOOD: -6260.777
Iteration 70 / LogL: -6260.777 / Time: 0h:4m:20s (0h:0m:1s left)
Iteration 80 / LogL: -6260.884 / Time: 0h:4m:20s (0h:0m:1s left)
Iteration 90 / LogL: -6260.807 / Time: 0h:4m:20s (0h:0m:0s left)
Iteration 100 / LogL: -6260.783 / Time: 0h:4m:21s (0h:0m:0s left)
TREE SEARCH COMPLETED AFTER 102 ITERATIONS / Time: 0h:4m:21s

--------------------------------------------------------------------
|                    FINALIZING TREE SEARCH                        |
--------------------------------------------------------------------
Performs final model parameters optimization
Estimate model parameters (epsilon = 0.010)
Initial log-likelihood: -6260.777
Current log-likelihood at step 1: -6260.777
Partition-specific rates:  1.381 0.619
Parameters optimization took 0 rounds (0.012 sec)

Partition information was printed to partition_file.nex.best_model.nex
BEST SCORE FOUND : -6260.777
Total tree length: 7.500

Total number of iterations: 102
CPU time used for tree search: 4.877 sec (0h:0m:4s)
Wall-clock time used for tree search: 4.792 sec (0h:0m:4s)
Total CPU time used: 264.828 sec (0h:4m:24s)
Total wall-clock time used: 261.365 sec (0h:4m:21s)

===> START BOOTSTRAP REPLICATE NUMBER 51

Creating bootstrap alignment (seed: 26290)...
WARNING: States(s) E, I, K, M rarely appear in partition tdi and may cause numerical problems

Create initial parsimony tree by phylogenetic likelihood library (PLL)... 0.001 seconds
Reading model parameters from file /Users/mful870/Desktop/MD_3di_Dev_02Oct24/Scriptorum/SubstitutionMatrix/3di_substmat
WARNING: Normalizing state frequencies so that sum of them equals to 1

NOTE: 1 MB RAM (0 GB) is required!
Estimate model parameters (epsilon = 0.100)
Initial log-likelihood: -6454.571
Current log-likelihood at step 1: -6326.552
Current log-likelihood at step 2: -6304.289
Current log-likelihood at step 3: -6304.228
Partition-specific rates:  1.329 0.671
Parameters optimization took 2 rounds (0.053 sec)

Wrote distance file to... 
Computing ML distances based on estimated model parameters...
Calculating distance matrix: done in 4.00543e-05 secs using 84.88% CPU
Computing ML distances took 0.000088 sec (of wall-clock time) 0.000063 sec (of CPU time)
Setting up auxiliary I and S matrices: done in 3.09944e-05 secs using 80.66% CPU
Computing RapidNJ tree took 0.000131 sec (of wall-clock time) 0.000081 sec (of CPU time)
Log-likelihood of RapidNJ tree: -6961.315
--------------------------------------------------------------------
|             INITIALIZING CANDIDATE TREE SET                      |
--------------------------------------------------------------------
Generating 98 parsimony trees... 0.137 second
Computing log-likelihood of 97 initial trees ... 0.263 seconds
Current best score: -6304.228

Do NNI search on 20 best initial trees
Estimate model parameters (epsilon = 0.100)
Initial log-likelihood: -6304.228
Current log-likelihood at step 1: -6304.227
Parameters optimization took 0 rounds (0.013 sec)

BETTER TREE FOUND at iteration 1: -6304.227
Estimate model parameters (epsilon = 0.100)
Initial log-likelihood: -6301.761
Current log-likelihood at step 1: -6301.017
Current log-likelihood at step 2: -6301.013
Parameters optimization took 1 rounds (0.027 sec)

BETTER TREE FOUND at iteration 3: -6301.013
Iteration 10 / LogL: -6301.037 / Time: 0h:4m:22s
Iteration 20 / LogL: -6301.062 / Time: 0h:4m:22s
Finish initializing candidate tree set (2)
Current best tree score: -6301.013 / CPU time: 1.162
Number of iterations: 20
--------------------------------------------------------------------
|               OPTIMIZING CANDIDATE TREE SET                      |
--------------------------------------------------------------------
UPDATE BEST LOG-LIKELIHOOD: -6301.012
Iteration 30 / LogL: -6304.358 / Time: 0h:4m:23s (0h:0m:4s left)
Iteration 40 / LogL: -6301.096 / Time: 0h:4m:23s (0h:0m:3s left)
Iteration 50 / LogL: -6301.230 / Time: 0h:4m:23s (0h:0m:2s left)
Iteration 60 / LogL: -6304.240 / Time: 0h:4m:24s (0h:0m:2s left)
Iteration 70 / LogL: -6301.095 / Time: 0h:4m:24s (0h:0m:1s left)
Iteration 80 / LogL: -6301.236 / Time: 0h:4m:25s (0h:0m:1s left)
UPDATE BEST LOG-LIKELIHOOD: -6301.012
Iteration 90 / LogL: -6301.037 / Time: 0h:4m:25s (0h:0m:0s left)
Iteration 100 / LogL: -6303.738 / Time: 0h:4m:25s (0h:0m:0s left)
TREE SEARCH COMPLETED AFTER 104 ITERATIONS / Time: 0h:4m:25s

--------------------------------------------------------------------
|                    FINALIZING TREE SEARCH                        |
--------------------------------------------------------------------
Performs final model parameters optimization
Estimate model parameters (epsilon = 0.010)
Initial log-likelihood: -6301.012
Current log-likelihood at step 1: -6301.012
Partition-specific rates:  1.333 0.667
Parameters optimization took 0 rounds (0.012 sec)

Partition information was printed to partition_file.nex.best_model.nex
BEST SCORE FOUND : -6301.012
Total tree length: 8.235

Total number of iterations: 104
CPU time used for tree search: 4.487 sec (0h:0m:4s)
Wall-clock time used for tree search: 4.406 sec (0h:0m:4s)
Total CPU time used: 269.451 sec (0h:4m:29s)
Total wall-clock time used: 265.893 sec (0h:4m:25s)

===> START BOOTSTRAP REPLICATE NUMBER 52

Creating bootstrap alignment (seed: 26291)...
WARNING: States(s) E, I, K, M, W rarely appear in partition tdi and may cause numerical problems

Create initial parsimony tree by phylogenetic likelihood library (PLL)... 0.001 seconds
Reading model parameters from file /Users/mful870/Desktop/MD_3di_Dev_02Oct24/Scriptorum/SubstitutionMatrix/3di_substmat
WARNING: Normalizing state frequencies so that sum of them equals to 1

NOTE: 1 MB RAM (0 GB) is required!
Estimate model parameters (epsilon = 0.100)
Initial log-likelihood: -6787.894
Current log-likelihood at step 1: -6643.343
Current log-likelihood at step 2: -6622.436
Current log-likelihood at step 3: -6622.253
Current log-likelihood at step 4: -6622.253
Partition-specific rates:  1.373 0.627
Parameters optimization took 3 rounds (0.073 sec)

Wrote distance file to... 
Computing ML distances based on estimated model parameters...
Calculating distance matrix: done in 4.22001e-05 secs using 85.31% CPU
Computing ML distances took 0.000092 sec (of wall-clock time) 0.000067 sec (of CPU time)
Setting up auxiliary I and S matrices: done in 3.79086e-05 secs using 76.5% CPU
Computing RapidNJ tree took 0.000146 sec (of wall-clock time) 0.000099 sec (of CPU time)
Log-likelihood of RapidNJ tree: -7130.883
--------------------------------------------------------------------
|             INITIALIZING CANDIDATE TREE SET                      |
--------------------------------------------------------------------
Generating 98 parsimony trees... 0.146 second
Computing log-likelihood of 97 initial trees ... 0.285 seconds
Current best score: -6603.672

Do NNI search on 20 best initial trees
Estimate model parameters (epsilon = 0.100)
Initial log-likelihood: -6591.757
Current log-likelihood at step 1: -6591.612
Current log-likelihood at step 2: -6591.609
Parameters optimization took 1 rounds (0.022 sec)

BETTER TREE FOUND at iteration 1: -6591.609
Iteration 10 / LogL: -6591.734 / Time: 0h:4m:26s
Iteration 20 / LogL: -6591.687 / Time: 0h:4m:27s
Finish initializing candidate tree set (1)
Current best tree score: -6591.609 / CPU time: 1.294
Number of iterations: 20
--------------------------------------------------------------------
|               OPTIMIZING CANDIDATE TREE SET                      |
--------------------------------------------------------------------
UPDATE BEST LOG-LIKELIHOOD: -6591.608
Iteration 30 / LogL: -6591.617 / Time: 0h:4m:27s (0h:0m:4s left)
UPDATE BEST LOG-LIKELIHOOD: -6591.608
Iteration 40 / LogL: -6591.693 / Time: 0h:4m:28s (0h:0m:3s left)
Iteration 50 / LogL: -6591.674 / Time: 0h:4m:28s (0h:0m:2s left)
Iteration 60 / LogL: -6591.743 / Time: 0h:4m:29s (0h:0m:2s left)
Iteration 70 / LogL: -6591.736 / Time: 0h:4m:29s (0h:0m:1s left)
Iteration 80 / LogL: -6591.613 / Time: 0h:4m:30s (0h:0m:1s left)
Iteration 90 / LogL: -6591.705 / Time: 0h:4m:30s (0h:0m:0s left)
Iteration 100 / LogL: -6591.626 / Time: 0h:4m:30s (0h:0m:0s left)
TREE SEARCH COMPLETED AFTER 102 ITERATIONS / Time: 0h:4m:30s

--------------------------------------------------------------------
|                    FINALIZING TREE SEARCH                        |
--------------------------------------------------------------------
Performs final model parameters optimization
Estimate model parameters (epsilon = 0.010)
Initial log-likelihood: -6591.608
Current log-likelihood at step 1: -6591.608
Partition-specific rates:  1.360 0.640
Parameters optimization took 0 rounds (0.011 sec)

Partition information was printed to partition_file.nex.best_model.nex
BEST SCORE FOUND : -6591.608
Total tree length: 8.252

Total number of iterations: 102
CPU time used for tree search: 5.025 sec (0h:0m:5s)
Wall-clock time used for tree search: 4.937 sec (0h:0m:4s)
Total CPU time used: 274.612 sec (0h:4m:34s)
Total wall-clock time used: 270.963 sec (0h:4m:30s)

===> START BOOTSTRAP REPLICATE NUMBER 53

Creating bootstrap alignment (seed: 26292)...
WARNING: States(s) E, I, K, M, W rarely appear in partition tdi and may cause numerical problems

Create initial parsimony tree by phylogenetic likelihood library (PLL)... 0.001 seconds
Reading model parameters from file /Users/mful870/Desktop/MD_3di_Dev_02Oct24/Scriptorum/SubstitutionMatrix/3di_substmat
WARNING: Normalizing state frequencies so that sum of them equals to 1

NOTE: 1 MB RAM (0 GB) is required!
Estimate model parameters (epsilon = 0.100)
Initial log-likelihood: -6449.594
Current log-likelihood at step 1: -6324.014
Current log-likelihood at step 2: -6297.868
Current log-likelihood at step 3: -6297.867
Partition-specific rates:  1.330 0.670
Parameters optimization took 2 rounds (0.062 sec)

Wrote distance file to... 
Computing ML distances based on estimated model parameters...
Calculating distance matrix: done in 4.00543e-05 secs using 87.38% CPU
Computing ML distances took 0.000087 sec (of wall-clock time) 0.000065 sec (of CPU time)
Setting up auxiliary I and S matrices: done in 3.91006e-05 secs using 76.73% CPU
Computing RapidNJ tree took 0.000156 sec (of wall-clock time) 0.000100 sec (of CPU time)
Log-likelihood of RapidNJ tree: -6890.714
--------------------------------------------------------------------
|             INITIALIZING CANDIDATE TREE SET                      |
--------------------------------------------------------------------
Generating 98 parsimony trees... 0.150 second
Computing log-likelihood of 98 initial trees ... 0.285 seconds
Current best score: -6297.867

Do NNI search on 20 best initial trees
Estimate model parameters (epsilon = 0.100)
Initial log-likelihood: -6289.686
Current log-likelihood at step 1: -6289.554
Current log-likelihood at step 2: -6289.554
Parameters optimization took 1 rounds (0.025 sec)

BETTER TREE FOUND at iteration 1: -6289.554
Estimate model parameters (epsilon = 0.100)
Initial log-likelihood: -6287.396
Current log-likelihood at step 1: -6287.364
Parameters optimization took 0 rounds (0.011 sec)

BETTER TREE FOUND at iteration 2: -6287.364
Iteration 10 / LogL: -6287.494 / Time: 0h:4m:31s
Iteration 20 / LogL: -6297.922 / Time: 0h:4m:32s
Finish initializing candidate tree set (3)
Current best tree score: -6287.364 / CPU time: 1.166
Number of iterations: 20
--------------------------------------------------------------------
|               OPTIMIZING CANDIDATE TREE SET                      |
--------------------------------------------------------------------
Iteration 30 / LogL: -6287.858 / Time: 0h:4m:32s (0h:0m:4s left)
Iteration 40 / LogL: -6287.370 / Time: 0h:4m:33s (0h:0m:3s left)
Iteration 50 / LogL: -6287.562 / Time: 0h:4m:33s (0h:0m:2s left)
Iteration 60 / LogL: -6287.857 / Time: 0h:4m:33s (0h:0m:2s left)
Iteration 70 / LogL: -6290.259 / Time: 0h:4m:34s (0h:0m:1s left)
Iteration 80 / LogL: -6287.513 / Time: 0h:4m:34s (0h:0m:1s left)
Iteration 90 / LogL: -6287.477 / Time: 0h:4m:34s (0h:0m:0s left)
UPDATE BEST LOG-LIKELIHOOD: -6287.361
Iteration 100 / LogL: -6287.678 / Time: 0h:4m:35s (0h:0m:0s left)
TREE SEARCH COMPLETED AFTER 103 ITERATIONS / Time: 0h:4m:35s

--------------------------------------------------------------------
|                    FINALIZING TREE SEARCH                        |
--------------------------------------------------------------------
Performs final model parameters optimization
Estimate model parameters (epsilon = 0.010)
Initial log-likelihood: -6287.361
Current log-likelihood at step 1: -6287.360
Partition-specific rates:  1.331 0.669
Parameters optimization took 0 rounds (0.013 sec)

Partition information was printed to partition_file.nex.best_model.nex
BEST SCORE FOUND : -6287.360
Total tree length: 7.782

Total number of iterations: 103
CPU time used for tree search: 4.531 sec (0h:0m:4s)
Wall-clock time used for tree search: 4.441 sec (0h:0m:4s)
Total CPU time used: 279.289 sec (0h:4m:39s)
Total wall-clock time used: 275.538 sec (0h:4m:35s)

===> START BOOTSTRAP REPLICATE NUMBER 54

Creating bootstrap alignment (seed: 26293)...
WARNING: States(s) E, I, K, M rarely appear in partition tdi and may cause numerical problems

Create initial parsimony tree by phylogenetic likelihood library (PLL)... 0.001 seconds
Reading model parameters from file /Users/mful870/Desktop/MD_3di_Dev_02Oct24/Scriptorum/SubstitutionMatrix/3di_substmat
WARNING: Normalizing state frequencies so that sum of them equals to 1

NOTE: 1 MB RAM (0 GB) is required!
Estimate model parameters (epsilon = 0.100)
Initial log-likelihood: -6560.915
Current log-likelihood at step 1: -6426.048
Current log-likelihood at step 2: -6396.842
Current log-likelihood at step 3: -6396.839
Partition-specific rates:  1.348 0.652
Parameters optimization took 2 rounds (0.055 sec)

Wrote distance file to... 
Computing ML distances based on estimated model parameters...
Calculating distance matrix: done in 4.1008e-05 secs using 82.91% CPU
Computing ML distances took 0.000088 sec (of wall-clock time) 0.000065 sec (of CPU time)
Setting up auxiliary I and S matrices: done in 2.69413e-05 secs using 77.95% CPU
Computing RapidNJ tree took 0.000116 sec (of wall-clock time) 0.000070 sec (of CPU time)
Log-likelihood of RapidNJ tree: -6994.235
--------------------------------------------------------------------
|             INITIALIZING CANDIDATE TREE SET                      |
--------------------------------------------------------------------
Generating 98 parsimony trees... 0.160 second
Computing log-likelihood of 96 initial trees ... 0.309 seconds
Current best score: -6396.839

Do NNI search on 20 best initial trees
Estimate model parameters (epsilon = 0.100)
Initial log-likelihood: -6381.639
Current log-likelihood at step 1: -6381.543
Parameters optimization took 0 rounds (0.012 sec)

BETTER TREE FOUND at iteration 1: -6381.543
Estimate model parameters (epsilon = 0.100)
Initial log-likelihood: -6379.707
Current log-likelihood at step 1: -6379.660
Parameters optimization took 0 rounds (0.013 sec)

BETTER TREE FOUND at iteration 4: -6379.660
BETTER TREE FOUND at iteration 7: -6379.655
UPDATE BEST LOG-LIKELIHOOD: -6379.652
UPDATE BEST LOG-LIKELIHOOD: -6379.652
Iteration 10 / LogL: -6379.652 / Time: 0h:4m:36s
Iteration 20 / LogL: -6381.611 / Time: 0h:4m:37s
Finish initializing candidate tree set (3)
Current best tree score: -6379.652 / CPU time: 1.367
Number of iterations: 20
--------------------------------------------------------------------
|               OPTIMIZING CANDIDATE TREE SET                      |
--------------------------------------------------------------------
UPDATE BEST LOG-LIKELIHOOD: -6379.651
Iteration 30 / LogL: -6381.676 / Time: 0h:4m:37s (0h:0m:5s left)
Iteration 40 / LogL: -6381.628 / Time: 0h:4m:38s (0h:0m:4s left)
Iteration 50 / LogL: -6379.920 / Time: 0h:4m:38s (0h:0m:3s left)
UPDATE BEST LOG-LIKELIHOOD: -6379.651
Iteration 60 / LogL: -6379.651 / Time: 0h:4m:38s (0h:0m:2s left)
Iteration 70 / LogL: -6379.674 / Time: 0h:4m:39s (0h:0m:2s left)
Iteration 80 / LogL: -6379.652 / Time: 0h:4m:39s (0h:0m:1s left)
Iteration 90 / LogL: -6379.653 / Time: 0h:4m:40s (0h:0m:0s left)
UPDATE BEST LOG-LIKELIHOOD: -6379.651
Iteration 100 / LogL: -6379.652 / Time: 0h:4m:40s (0h:0m:0s left)
TREE SEARCH COMPLETED AFTER 108 ITERATIONS / Time: 0h:4m:41s

--------------------------------------------------------------------
|                    FINALIZING TREE SEARCH                        |
--------------------------------------------------------------------
Performs final model parameters optimization
Estimate model parameters (epsilon = 0.010)
Initial log-likelihood: -6379.651
Current log-likelihood at step 1: -6379.651
Partition-specific rates:  1.335 0.665
Parameters optimization took 0 rounds (0.012 sec)

Partition information was printed to partition_file.nex.best_model.nex
BEST SCORE FOUND : -6379.651
Total tree length: 8.179

Total number of iterations: 108
CPU time used for tree search: 5.653 sec (0h:0m:5s)
Wall-clock time used for tree search: 5.665 sec (0h:0m:5s)
Total CPU time used: 285.093 sec (0h:4m:45s)
Total wall-clock time used: 281.333 sec (0h:4m:41s)

===> START BOOTSTRAP REPLICATE NUMBER 55

Creating bootstrap alignment (seed: 26294)...
WARNING: States(s) E, I, K, M rarely appear in partition tdi and may cause numerical problems

Create initial parsimony tree by phylogenetic likelihood library (PLL)... 0.002 seconds
Reading model parameters from file /Users/mful870/Desktop/MD_3di_Dev_02Oct24/Scriptorum/SubstitutionMatrix/3di_substmat
WARNING: Normalizing state frequencies so that sum of them equals to 1

NOTE: 1 MB RAM (0 GB) is required!
Estimate model parameters (epsilon = 0.100)
Initial log-likelihood: -6474.619
Current log-likelihood at step 1: -6347.112
Current log-likelihood at step 2: -6321.884
Current log-likelihood at step 3: -6321.879
Partition-specific rates:  1.340 0.660
Parameters optimization took 2 rounds (0.057 sec)

Wrote distance file to... 
Computing ML distances based on estimated model parameters...
Calculating distance matrix: done in 4.41074e-05 secs using 86.15% CPU
Computing ML distances took 0.000092 sec (of wall-clock time) 0.000069 sec (of CPU time)
Setting up auxiliary I and S matrices: done in 3.88622e-05 secs using 77.2% CPU
Computing RapidNJ tree took 0.000135 sec (of wall-clock time) 0.000089 sec (of CPU time)
Log-likelihood of RapidNJ tree: -6893.931
--------------------------------------------------------------------
|             INITIALIZING CANDIDATE TREE SET                      |
--------------------------------------------------------------------
Generating 98 parsimony trees... 0.162 second
Computing log-likelihood of 98 initial trees ... 0.285 seconds
Current best score: -6317.720

Do NNI search on 20 best initial trees
Estimate model parameters (epsilon = 0.100)
Initial log-likelihood: -6303.913
Current log-likelihood at step 1: -6303.822
Parameters optimization took 0 rounds (0.011 sec)

BETTER TREE FOUND at iteration 1: -6303.822
Estimate model parameters (epsilon = 0.100)
Initial log-likelihood: -6302.148
Current log-likelihood at step 1: -6301.969
Current log-likelihood at step 2: -6301.966
Parameters optimization took 1 rounds (0.024 sec)

BETTER TREE FOUND at iteration 6: -6301.966
Iteration 10 / LogL: -6304.005 / Time: 0h:4m:42s
Iteration 20 / LogL: -6302.136 / Time: 0h:4m:42s
Finish initializing candidate tree set (3)
Current best tree score: -6301.966 / CPU time: 1.313
Number of iterations: 20
--------------------------------------------------------------------
|               OPTIMIZING CANDIDATE TREE SET                      |
--------------------------------------------------------------------
Iteration 30 / LogL: -6303.862 / Time: 0h:4m:43s (0h:0m:4s left)
Iteration 40 / LogL: -6317.011 / Time: 0h:4m:43s (0h:0m:3s left)
Iteration 50 / LogL: -6302.210 / Time: 0h:4m:43s (0h:0m:3s left)
Iteration 60 / LogL: -6302.026 / Time: 0h:4m:44s (0h:0m:2s left)
Iteration 70 / LogL: -6304.034 / Time: 0h:4m:44s (0h:0m:1s left)
Iteration 80 / LogL: -6303.948 / Time: 0h:4m:45s (0h:0m:1s left)
UPDATE BEST LOG-LIKELIHOOD: -6301.966
Iteration 90 / LogL: -6316.989 / Time: 0h:4m:45s (0h:0m:0s left)
Iteration 100 / LogL: -6302.024 / Time: 0h:4m:46s (0h:0m:0s left)
TREE SEARCH COMPLETED AFTER 107 ITERATIONS / Time: 0h:4m:46s

--------------------------------------------------------------------
|                    FINALIZING TREE SEARCH                        |
--------------------------------------------------------------------
Performs final model parameters optimization
Estimate model parameters (epsilon = 0.010)
Initial log-likelihood: -6301.966
Current log-likelihood at step 1: -6301.966
Partition-specific rates:  1.336 0.664
Parameters optimization took 0 rounds (0.011 sec)

Partition information was printed to partition_file.nex.best_model.nex
BEST SCORE FOUND : -6301.966
Total tree length: 7.866

Total number of iterations: 107
CPU time used for tree search: 4.989 sec (0h:0m:4s)
Wall-clock time used for tree search: 4.919 sec (0h:0m:4s)
Total CPU time used: 290.224 sec (0h:4m:50s)
Total wall-clock time used: 286.375 sec (0h:4m:46s)

===> START BOOTSTRAP REPLICATE NUMBER 56

Creating bootstrap alignment (seed: 26295)...
WARNING: States(s) E, I, K, M rarely appear in partition tdi and may cause numerical problems

Create initial parsimony tree by phylogenetic likelihood library (PLL)... 0.001 seconds
Reading model parameters from file /Users/mful870/Desktop/MD_3di_Dev_02Oct24/Scriptorum/SubstitutionMatrix/3di_substmat
WARNING: Normalizing state frequencies so that sum of them equals to 1

NOTE: 1 MB RAM (0 GB) is required!
Estimate model parameters (epsilon = 0.100)
Initial log-likelihood: -6653.304
Current log-likelihood at step 1: -6511.041
Current log-likelihood at step 2: -6483.713
Current log-likelihood at step 3: -6483.649
Partition-specific rates:  1.376 0.624
Parameters optimization took 2 rounds (0.055 sec)

Wrote distance file to... 
Computing ML distances based on estimated model parameters...
Calculating distance matrix: done in 5.60284e-05 secs using 87.46% CPU
Computing ML distances took 0.000138 sec (of wall-clock time) 0.000096 sec (of CPU time)
Setting up auxiliary I and S matrices: done in 3.09944e-05 secs using 77.43% CPU
Computing RapidNJ tree took 0.000162 sec (of wall-clock time) 0.000089 sec (of CPU time)
Log-likelihood of RapidNJ tree: -7091.724
--------------------------------------------------------------------
|             INITIALIZING CANDIDATE TREE SET                      |
--------------------------------------------------------------------
Generating 98 parsimony trees... 0.146 second
Computing log-likelihood of 97 initial trees ... 0.272 seconds
Current best score: -6481.668

Do NNI search on 20 best initial trees
Estimate model parameters (epsilon = 0.100)
Initial log-likelihood: -6467.159
Current log-likelihood at step 1: -6467.003
Current log-likelihood at step 2: -6467.000
Parameters optimization took 1 rounds (0.024 sec)

BETTER TREE FOUND at iteration 1: -6467.000
Iteration 10 / LogL: -6468.032 / Time: 0h:4m:47s
Iteration 20 / LogL: -6467.046 / Time: 0h:4m:47s
Finish initializing candidate tree set (4)
Current best tree score: -6467.000 / CPU time: 1.305
Number of iterations: 20
--------------------------------------------------------------------
|               OPTIMIZING CANDIDATE TREE SET                      |
--------------------------------------------------------------------
Iteration 30 / LogL: -6467.044 / Time: 0h:4m:48s (0h:0m:4s left)
Iteration 40 / LogL: -6490.913 / Time: 0h:4m:48s (0h:0m:3s left)
Iteration 50 / LogL: -6467.341 / Time: 0h:4m:49s (0h:0m:3s left)
Iteration 60 / LogL: -6467.052 / Time: 0h:4m:49s (0h:0m:2s left)
Iteration 70 / LogL: -6467.075 / Time: 0h:4m:50s (0h:0m:1s left)
Iteration 80 / LogL: -6467.019 / Time: 0h:4m:50s (0h:0m:1s left)
Iteration 90 / LogL: -6467.010 / Time: 0h:4m:51s (0h:0m:0s left)
Iteration 100 / LogL: -6467.022 / Time: 0h:4m:51s (0h:0m:0s left)
TREE SEARCH COMPLETED AFTER 102 ITERATIONS / Time: 0h:4m:51s

--------------------------------------------------------------------
|                    FINALIZING TREE SEARCH                        |
--------------------------------------------------------------------
Performs final model parameters optimization
Estimate model parameters (epsilon = 0.010)
Initial log-likelihood: -6467.000
Current log-likelihood at step 1: -6466.999
Partition-specific rates:  1.374 0.626
Parameters optimization took 0 rounds (0.010 sec)

Partition information was printed to partition_file.nex.best_model.nex
BEST SCORE FOUND : -6466.999
Total tree length: 8.152

Total number of iterations: 102
CPU time used for tree search: 5.378 sec (0h:0m:5s)
Wall-clock time used for tree search: 5.301 sec (0h:0m:5s)
Total CPU time used: 295.716 sec (0h:4m:55s)
Total wall-clock time used: 291.789 sec (0h:4m:51s)

===> START BOOTSTRAP REPLICATE NUMBER 57

Creating bootstrap alignment (seed: 26296)...
WARNING: States(s) E, I, K, M, W rarely appear in partition tdi and may cause numerical problems

Create initial parsimony tree by phylogenetic likelihood library (PLL)... 0.001 seconds
Reading model parameters from file /Users/mful870/Desktop/MD_3di_Dev_02Oct24/Scriptorum/SubstitutionMatrix/3di_substmat
WARNING: Normalizing state frequencies so that sum of them equals to 1

NOTE: 1 MB RAM (0 GB) is required!
Estimate model parameters (epsilon = 0.100)
Initial log-likelihood: -6508.909
Current log-likelihood at step 1: -6362.052
Current log-likelihood at step 2: -6337.185
Current log-likelihood at step 3: -6337.032
Current log-likelihood at step 4: -6337.032
Partition-specific rates:  1.338 0.662
Parameters optimization took 3 rounds (0.069 sec)

Wrote distance file to... 
Computing ML distances based on estimated model parameters...
Calculating distance matrix: done in 4.1008e-05 secs using 85.35% CPU
Computing ML distances took 0.000097 sec (of wall-clock time) 0.000065 sec (of CPU time)
Setting up auxiliary I and S matrices: done in 2.88486e-05 secs using 79.73% CPU
Computing RapidNJ tree took 0.000130 sec (of wall-clock time) 0.000076 sec (of CPU time)
Log-likelihood of RapidNJ tree: -6840.768
--------------------------------------------------------------------
|             INITIALIZING CANDIDATE TREE SET                      |
--------------------------------------------------------------------
Generating 98 parsimony trees... 0.157 second
Computing log-likelihood of 98 initial trees ... 0.289 seconds
Current best score: -6323.897

Do NNI search on 20 best initial trees
Estimate model parameters (epsilon = 0.100)
Initial log-likelihood: -6309.847
Current log-likelihood at step 1: -6309.083
Current log-likelihood at step 2: -6309.081
Parameters optimization took 1 rounds (0.030 sec)

BETTER TREE FOUND at iteration 1: -6309.081
Iteration 10 / LogL: -6309.159 / Time: 0h:4m:52s
Iteration 20 / LogL: -6309.129 / Time: 0h:4m:53s
Finish initializing candidate tree set (5)
Current best tree score: -6309.081 / CPU time: 1.282
Number of iterations: 20
--------------------------------------------------------------------
|               OPTIMIZING CANDIDATE TREE SET                      |
--------------------------------------------------------------------
Iteration 30 / LogL: -6313.896 / Time: 0h:4m:53s (0h:0m:4s left)
Iteration 40 / LogL: -6309.102 / Time: 0h:4m:54s (0h:0m:3s left)
Iteration 50 / LogL: -6314.204 / Time: 0h:4m:54s (0h:0m:2s left)
Iteration 60 / LogL: -6309.633 / Time: 0h:4m:55s (0h:0m:2s left)
Iteration 70 / LogL: -6309.163 / Time: 0h:4m:55s (0h:0m:1s left)
Iteration 80 / LogL: -6309.092 / Time: 0h:4m:55s (0h:0m:1s left)
Iteration 90 / LogL: -6309.252 / Time: 0h:4m:56s (0h:0m:0s left)
Iteration 100 / LogL: -6309.188 / Time: 0h:4m:56s (0h:0m:0s left)
TREE SEARCH COMPLETED AFTER 102 ITERATIONS / Time: 0h:4m:56s

--------------------------------------------------------------------
|                    FINALIZING TREE SEARCH                        |
--------------------------------------------------------------------
Performs final model parameters optimization
Estimate model parameters (epsilon = 0.010)
Initial log-likelihood: -6309.081
Current log-likelihood at step 1: -6309.081
Partition-specific rates:  1.318 0.682
Parameters optimization took 0 rounds (0.010 sec)

Partition information was printed to partition_file.nex.best_model.nex
BEST SCORE FOUND : -6309.081
Total tree length: 7.999

Total number of iterations: 102
CPU time used for tree search: 4.973 sec (0h:0m:4s)
Wall-clock time used for tree search: 4.881 sec (0h:0m:4s)
Total CPU time used: 300.816 sec (0h:5m:0s)
Total wall-clock time used: 296.792 sec (0h:4m:56s)

===> START BOOTSTRAP REPLICATE NUMBER 58

Creating bootstrap alignment (seed: 26297)...
WARNING: States(s) E, I, K, M, Y rarely appear in partition tdi and may cause numerical problems

Create initial parsimony tree by phylogenetic likelihood library (PLL)... 0.001 seconds
Reading model parameters from file /Users/mful870/Desktop/MD_3di_Dev_02Oct24/Scriptorum/SubstitutionMatrix/3di_substmat
WARNING: Normalizing state frequencies so that sum of them equals to 1

NOTE: 1 MB RAM (0 GB) is required!
Estimate model parameters (epsilon = 0.100)
Initial log-likelihood: -6387.418
Current log-likelihood at step 1: -6282.315
Current log-likelihood at step 2: -6247.990
Current log-likelihood at step 3: -6247.981
Partition-specific rates:  1.368 0.632
Parameters optimization took 2 rounds (0.051 sec)

Wrote distance file to... 
Computing ML distances based on estimated model parameters...
Calculating distance matrix: done in 5.50747e-05 secs using 85.34% CPU
Computing ML distances took 0.000139 sec (of wall-clock time) 0.000089 sec (of CPU time)
Setting up auxiliary I and S matrices: done in 3.31402e-05 secs using 75.44% CPU
Computing RapidNJ tree took 0.000142 sec (of wall-clock time) 0.000090 sec (of CPU time)
Log-likelihood of RapidNJ tree: -6858.602
--------------------------------------------------------------------
|             INITIALIZING CANDIDATE TREE SET                      |
--------------------------------------------------------------------
Generating 98 parsimony trees... 0.151 second
Computing log-likelihood of 97 initial trees ... 0.273 seconds
Current best score: -6238.557

Do NNI search on 20 best initial trees
Estimate model parameters (epsilon = 0.100)
Initial log-likelihood: -6221.251
Current log-likelihood at step 1: -6221.169
Parameters optimization took 0 rounds (0.013 sec)

BETTER TREE FOUND at iteration 1: -6221.169
UPDATE BEST LOG-LIKELIHOOD: -6221.161
Iteration 10 / LogL: -6221.161 / Time: 0h:4m:57s
Estimate model parameters (epsilon = 0.100)
Initial log-likelihood: -6221.142
Current log-likelihood at step 1: -6221.132
Parameters optimization took 0 rounds (0.010 sec)

UPDATE BEST LOG-LIKELIHOOD: -6221.132
Iteration 20 / LogL: -6221.243 / Time: 0h:4m:58s
Finish initializing candidate tree set (2)
Current best tree score: -6221.132 / CPU time: 1.225
Number of iterations: 20
--------------------------------------------------------------------
|               OPTIMIZING CANDIDATE TREE SET                      |
--------------------------------------------------------------------
Iteration 30 / LogL: -6221.142 / Time: 0h:4m:58s (0h:0m:4s left)
Iteration 40 / LogL: -6221.158 / Time: 0h:4m:58s (0h:0m:3s left)
Iteration 50 / LogL: -6221.368 / Time: 0h:4m:59s (0h:0m:2s left)
Iteration 60 / LogL: -6221.223 / Time: 0h:4m:59s (0h:0m:2s left)
UPDATE BEST LOG-LIKELIHOOD: -6221.131
Iteration 70 / LogL: -6221.131 / Time: 0h:5m:0s (0h:0m:1s left)
Iteration 80 / LogL: -6221.142 / Time: 0h:5m:0s (0h:0m:0s left)
Iteration 90 / LogL: -6221.376 / Time: 0h:5m:0s (0h:0m:0s left)
Iteration 100 / LogL: -6221.153 / Time: 0h:5m:1s (0h:0m:0s left)
TREE SEARCH COMPLETED AFTER 102 ITERATIONS / Time: 0h:5m:1s

--------------------------------------------------------------------
|                    FINALIZING TREE SEARCH                        |
--------------------------------------------------------------------
Performs final model parameters optimization
Estimate model parameters (epsilon = 0.010)
Initial log-likelihood: -6221.131
Current log-likelihood at step 1: -6221.131
Partition-specific rates:  1.363 0.637
Parameters optimization took 0 rounds (0.011 sec)

Partition information was printed to partition_file.nex.best_model.nex
BEST SCORE FOUND : -6221.131
Total tree length: 8.078

Total number of iterations: 102
CPU time used for tree search: 4.440 sec (0h:0m:4s)
Wall-clock time used for tree search: 4.370 sec (0h:0m:4s)
Total CPU time used: 305.408 sec (0h:5m:5s)
Total wall-clock time used: 301.289 sec (0h:5m:1s)

===> START BOOTSTRAP REPLICATE NUMBER 59

Creating bootstrap alignment (seed: 26298)...
WARNING: States(s) E, I, K, M, W rarely appear in partition tdi and may cause numerical problems

Create initial parsimony tree by phylogenetic likelihood library (PLL)... 0.001 seconds
Reading model parameters from file /Users/mful870/Desktop/MD_3di_Dev_02Oct24/Scriptorum/SubstitutionMatrix/3di_substmat
WARNING: Normalizing state frequencies so that sum of them equals to 1

NOTE: 1 MB RAM (0 GB) is required!
Estimate model parameters (epsilon = 0.100)
Initial log-likelihood: -6319.665
Current log-likelihood at step 1: -6186.465
Current log-likelihood at step 2: -6160.221
Current log-likelihood at step 3: -6160.210
Partition-specific rates:  1.320 0.680
Parameters optimization took 2 rounds (0.054 sec)

Wrote distance file to... 
Computing ML distances based on estimated model parameters...
Calculating distance matrix: done in 5.60284e-05 secs using 85.67% CPU
Computing ML distances took 0.000129 sec (of wall-clock time) 0.000085 sec (of CPU time)
Setting up auxiliary I and S matrices: done in 3.00407e-05 secs using 76.56% CPU
Computing RapidNJ tree took 0.000122 sec (of wall-clock time) 0.000075 sec (of CPU time)
Log-likelihood of RapidNJ tree: -6778.351
--------------------------------------------------------------------
|             INITIALIZING CANDIDATE TREE SET                      |
--------------------------------------------------------------------
Generating 98 parsimony trees... 0.162 second
Computing log-likelihood of 97 initial trees ... 0.306 seconds
Current best score: -6125.203

Do NNI search on 20 best initial trees
Estimate model parameters (epsilon = 0.100)
Initial log-likelihood: -6101.633
Current log-likelihood at step 1: -6101.605
Parameters optimization took 0 rounds (0.015 sec)

BETTER TREE FOUND at iteration 1: -6101.605
Iteration 10 / LogL: -6101.835 / Time: 0h:5m:2s
Iteration 20 / LogL: -6101.942 / Time: 0h:5m:2s
Finish initializing candidate tree set (3)
Current best tree score: -6101.605 / CPU time: 1.496
Number of iterations: 20
--------------------------------------------------------------------
|               OPTIMIZING CANDIDATE TREE SET                      |
--------------------------------------------------------------------
Iteration 30 / LogL: -6101.742 / Time: 0h:5m:3s (0h:0m:5s left)
Iteration 40 / LogL: -6105.808 / Time: 0h:5m:3s (0h:0m:4s left)
Iteration 50 / LogL: -6101.614 / Time: 0h:5m:4s (0h:0m:3s left)
Iteration 60 / LogL: -6101.806 / Time: 0h:5m:5s (0h:0m:2s left)
Iteration 70 / LogL: -6101.622 / Time: 0h:5m:5s (0h:0m:1s left)
Iteration 80 / LogL: -6101.668 / Time: 0h:5m:6s (0h:0m:1s left)
Iteration 90 / LogL: -6101.611 / Time: 0h:5m:6s (0h:0m:0s left)
Iteration 100 / LogL: -6101.611 / Time: 0h:5m:7s (0h:0m:0s left)
TREE SEARCH COMPLETED AFTER 102 ITERATIONS / Time: 0h:5m:7s

--------------------------------------------------------------------
|                    FINALIZING TREE SEARCH                        |
--------------------------------------------------------------------
Performs final model parameters optimization
Estimate model parameters (epsilon = 0.010)
Initial log-likelihood: -6101.605
Current log-likelihood at step 1: -6101.603
Partition-specific rates:  1.314 0.686
Parameters optimization took 0 rounds (0.011 sec)

Partition information was printed to partition_file.nex.best_model.nex
BEST SCORE FOUND : -6101.603
Total tree length: 7.356

Total number of iterations: 102
CPU time used for tree search: 5.953 sec (0h:0m:5s)
Wall-clock time used for tree search: 5.895 sec (0h:0m:5s)
Total CPU time used: 311.485 sec (0h:5m:11s)
Total wall-clock time used: 307.295 sec (0h:5m:7s)

===> START BOOTSTRAP REPLICATE NUMBER 60

Creating bootstrap alignment (seed: 26299)...
WARNING: States(s) E, I, K, M rarely appear in partition tdi and may cause numerical problems

Create initial parsimony tree by phylogenetic likelihood library (PLL)... 0.001 seconds
Reading model parameters from file /Users/mful870/Desktop/MD_3di_Dev_02Oct24/Scriptorum/SubstitutionMatrix/3di_substmat
WARNING: Normalizing state frequencies so that sum of them equals to 1

NOTE: 1 MB RAM (0 GB) is required!
Estimate model parameters (epsilon = 0.100)
Initial log-likelihood: -6801.406
Current log-likelihood at step 1: -6661.095
Current log-likelihood at step 2: -6638.594
Current log-likelihood at step 3: -6638.592
Partition-specific rates:  1.267 0.733
Parameters optimization took 2 rounds (0.053 sec)

Wrote distance file to... 
Computing ML distances based on estimated model parameters...
Calculating distance matrix: done in 4.19617e-05 secs using 85.79% CPU
Computing ML distances took 0.000099 sec (of wall-clock time) 0.000065 sec (of CPU time)
Setting up auxiliary I and S matrices: done in 3.09944e-05 secs using 77.43% CPU
Computing RapidNJ tree took 0.000128 sec (of wall-clock time) 0.000074 sec (of CPU time)
Log-likelihood of RapidNJ tree: -7228.629
--------------------------------------------------------------------
|             INITIALIZING CANDIDATE TREE SET                      |
--------------------------------------------------------------------
Generating 98 parsimony trees... 0.153 second
Computing log-likelihood of 98 initial trees ... 0.335 seconds
Current best score: -6620.327

Do NNI search on 20 best initial trees
Estimate model parameters (epsilon = 0.100)
Initial log-likelihood: -6596.449
Current log-likelihood at step 1: -6596.357
Parameters optimization took 0 rounds (0.014 sec)

BETTER TREE FOUND at iteration 1: -6596.357
Estimate model parameters (epsilon = 0.100)
Initial log-likelihood: -6593.870
Current log-likelihood at step 1: -6593.693
Current log-likelihood at step 2: -6593.690
Parameters optimization took 1 rounds (0.022 sec)

BETTER TREE FOUND at iteration 2: -6593.690
Iteration 10 / LogL: -6593.751 / Time: 0h:5m:8s
Iteration 20 / LogL: -6596.518 / Time: 0h:5m:9s
Finish initializing candidate tree set (3)
Current best tree score: -6593.690 / CPU time: 1.735
Number of iterations: 20
--------------------------------------------------------------------
|               OPTIMIZING CANDIDATE TREE SET                      |
--------------------------------------------------------------------
Iteration 30 / LogL: -6593.701 / Time: 0h:5m:9s (0h:0m:5s left)
Iteration 40 / LogL: -6597.352 / Time: 0h:5m:10s (0h:0m:4s left)
Iteration 50 / LogL: -6593.775 / Time: 0h:5m:10s (0h:0m:3s left)
Iteration 60 / LogL: -6593.720 / Time: 0h:5m:11s (0h:0m:2s left)
Iteration 70 / LogL: -6594.603 / Time: 0h:5m:11s (0h:0m:2s left)
Iteration 80 / LogL: -6593.694 / Time: 0h:5m:12s (0h:0m:1s left)
Iteration 90 / LogL: -6597.515 / Time: 0h:5m:12s (0h:0m:0s left)
Iteration 100 / LogL: -6594.608 / Time: 0h:5m:12s (0h:0m:0s left)
TREE SEARCH COMPLETED AFTER 103 ITERATIONS / Time: 0h:5m:13s

--------------------------------------------------------------------
|                    FINALIZING TREE SEARCH                        |
--------------------------------------------------------------------
Performs final model parameters optimization
Estimate model parameters (epsilon = 0.010)
Initial log-likelihood: -6593.690
Current log-likelihood at step 1: -6593.689
Partition-specific rates:  1.276 0.724
Parameters optimization took 0 rounds (0.011 sec)

Partition information was printed to partition_file.nex.best_model.nex
BEST SCORE FOUND : -6593.689
Total tree length: 8.500

Total number of iterations: 103
CPU time used for tree search: 5.733 sec (0h:0m:5s)
Wall-clock time used for tree search: 5.698 sec (0h:0m:5s)
Total CPU time used: 317.336 sec (0h:5m:17s)
Total wall-clock time used: 313.106 sec (0h:5m:13s)

===> START BOOTSTRAP REPLICATE NUMBER 61

Creating bootstrap alignment (seed: 26300)...
WARNING: States(s) E, I, K, M rarely appear in partition tdi and may cause numerical problems

Create initial parsimony tree by phylogenetic likelihood library (PLL)... 0.001 seconds
Reading model parameters from file /Users/mful870/Desktop/MD_3di_Dev_02Oct24/Scriptorum/SubstitutionMatrix/3di_substmat
WARNING: Normalizing state frequencies so that sum of them equals to 1

NOTE: 1 MB RAM (0 GB) is required!
Estimate model parameters (epsilon = 0.100)
Initial log-likelihood: -6483.374
Current log-likelihood at step 1: -6347.040
Current log-likelihood at step 2: -6314.267
Current log-likelihood at step 3: -6314.263
Partition-specific rates:  1.339 0.661
Parameters optimization took 2 rounds (0.054 sec)

Wrote distance file to... 
Computing ML distances based on estimated model parameters...
Calculating distance matrix: done in 4.00543e-05 secs using 84.88% CPU
Computing ML distances took 0.000098 sec (of wall-clock time) 0.000063 sec (of CPU time)
Setting up auxiliary I and S matrices: done in 5.38826e-05 secs using 61.24% CPU
Computing RapidNJ tree took 0.000201 sec (of wall-clock time) 0.000097 sec (of CPU time)
Log-likelihood of RapidNJ tree: -6886.922
--------------------------------------------------------------------
|             INITIALIZING CANDIDATE TREE SET                      |
--------------------------------------------------------------------
Generating 98 parsimony trees... 0.158 second
Computing log-likelihood of 98 initial trees ... 0.310 seconds
Current best score: -6310.509

Do NNI search on 20 best initial trees
Estimate model parameters (epsilon = 0.100)
Initial log-likelihood: -6294.830
Current log-likelihood at step 1: -6294.290
Current log-likelihood at step 2: -6294.287
Parameters optimization took 1 rounds (0.024 sec)

BETTER TREE FOUND at iteration 1: -6294.287
Iteration 10 / LogL: -6296.233 / Time: 0h:5m:14s
Iteration 20 / LogL: -6296.227 / Time: 0h:5m:14s
Finish initializing candidate tree set (2)
Current best tree score: -6294.287 / CPU time: 1.597
Number of iterations: 20
--------------------------------------------------------------------
|               OPTIMIZING CANDIDATE TREE SET                      |
--------------------------------------------------------------------
Iteration 30 / LogL: -6296.190 / Time: 0h:5m:15s (0h:0m:5s left)
Iteration 40 / LogL: -6294.394 / Time: 0h:5m:15s (0h:0m:3s left)
Iteration 50 / LogL: -6296.103 / Time: 0h:5m:16s (0h:0m:3s left)
Iteration 60 / LogL: -6294.308 / Time: 0h:5m:16s (0h:0m:2s left)
UPDATE BEST LOG-LIKELIHOOD: -6294.287
Iteration 70 / LogL: -6294.361 / Time: 0h:5m:16s (0h:0m:1s left)
Iteration 80 / LogL: -6295.323 / Time: 0h:5m:17s (0h:0m:1s left)
Iteration 90 / LogL: -6296.304 / Time: 0h:5m:17s (0h:0m:0s left)
Iteration 100 / LogL: -6294.344 / Time: 0h:5m:18s (0h:0m:0s left)
TREE SEARCH COMPLETED AFTER 102 ITERATIONS / Time: 0h:5m:18s

--------------------------------------------------------------------
|                    FINALIZING TREE SEARCH                        |
--------------------------------------------------------------------
Performs final model parameters optimization
Estimate model parameters (epsilon = 0.010)
Initial log-likelihood: -6294.287
Current log-likelihood at step 1: -6294.287
Partition-specific rates:  1.352 0.648
Parameters optimization took 0 rounds (0.011 sec)

Partition information was printed to partition_file.nex.best_model.nex
BEST SCORE FOUND : -6294.287
Total tree length: 8.305

Total number of iterations: 102
CPU time used for tree search: 5.240 sec (0h:0m:5s)
Wall-clock time used for tree search: 5.159 sec (0h:0m:5s)
Total CPU time used: 322.697 sec (0h:5m:22s)
Total wall-clock time used: 318.374 sec (0h:5m:18s)

===> START BOOTSTRAP REPLICATE NUMBER 62

Creating bootstrap alignment (seed: 26301)...
WARNING: States(s) E, I, K, M rarely appear in partition tdi and may cause numerical problems

Create initial parsimony tree by phylogenetic likelihood library (PLL)... 0.001 seconds
Reading model parameters from file /Users/mful870/Desktop/MD_3di_Dev_02Oct24/Scriptorum/SubstitutionMatrix/3di_substmat
WARNING: Normalizing state frequencies so that sum of them equals to 1

NOTE: 1 MB RAM (0 GB) is required!
Estimate model parameters (epsilon = 0.100)
Initial log-likelihood: -6471.327
Current log-likelihood at step 1: -6338.219
Current log-likelihood at step 2: -6308.206
Current log-likelihood at step 3: -6308.203
Partition-specific rates:  1.339 0.661
Parameters optimization took 2 rounds (0.069 sec)

Wrote distance file to... 
Computing ML distances based on estimated model parameters...
Calculating distance matrix: done in 4.00543e-05 secs using 84.88% CPU
Computing ML distances took 0.000102 sec (of wall-clock time) 0.000063 sec (of CPU time)
Setting up auxiliary I and S matrices: done in 4.29153e-05 secs using 72.24% CPU
Computing RapidNJ tree took 0.000164 sec (of wall-clock time) 0.000095 sec (of CPU time)
Log-likelihood of RapidNJ tree: -6827.014
--------------------------------------------------------------------
|             INITIALIZING CANDIDATE TREE SET                      |
--------------------------------------------------------------------
Generating 98 parsimony trees... 0.165 second
Computing log-likelihood of 98 initial trees ... 0.322 seconds
Current best score: -6304.538

Do NNI search on 20 best initial trees
Estimate model parameters (epsilon = 0.100)
Initial log-likelihood: -6288.565
Current log-likelihood at step 1: -6288.545
Parameters optimization took 0 rounds (0.012 sec)

BETTER TREE FOUND at iteration 1: -6288.545
Iteration 10 / LogL: -6289.857 / Time: 0h:5m:19s
Iteration 20 / LogL: -6289.885 / Time: 0h:5m:19s
Finish initializing candidate tree set (4)
Current best tree score: -6288.545 / CPU time: 1.321
Number of iterations: 20
--------------------------------------------------------------------
|               OPTIMIZING CANDIDATE TREE SET                      |
--------------------------------------------------------------------
Iteration 30 / LogL: -6290.347 / Time: 0h:5m:20s (0h:0m:4s left)
Iteration 40 / LogL: -6297.216 / Time: 0h:5m:20s (0h:0m:3s left)
Iteration 50 / LogL: -6288.563 / Time: 0h:5m:21s (0h:0m:3s left)
Iteration 60 / LogL: -6288.556 / Time: 0h:5m:21s (0h:0m:2s left)
Iteration 70 / LogL: -6290.011 / Time: 0h:5m:22s (0h:0m:1s left)
Iteration 80 / LogL: -6290.222 / Time: 0h:5m:22s (0h:0m:1s left)
Iteration 90 / LogL: -6290.020 / Time: 0h:5m:22s (0h:0m:0s left)
Iteration 100 / LogL: -6288.848 / Time: 0h:5m:23s (0h:0m:0s left)
TREE SEARCH COMPLETED AFTER 102 ITERATIONS / Time: 0h:5m:23s

--------------------------------------------------------------------
|                    FINALIZING TREE SEARCH                        |
--------------------------------------------------------------------
Performs final model parameters optimization
Estimate model parameters (epsilon = 0.010)
Initial log-likelihood: -6288.545
Current log-likelihood at step 1: -6288.543
Partition-specific rates:  1.335 0.665
Parameters optimization took 0 rounds (0.010 sec)

Partition information was printed to partition_file.nex.best_model.nex
BEST SCORE FOUND : -6288.543
Total tree length: 7.934

Total number of iterations: 102
CPU time used for tree search: 5.144 sec (0h:0m:5s)
Wall-clock time used for tree search: 5.065 sec (0h:0m:5s)
Total CPU time used: 327.974 sec (0h:5m:27s)
Total wall-clock time used: 323.564 sec (0h:5m:23s)

===> START BOOTSTRAP REPLICATE NUMBER 63

Creating bootstrap alignment (seed: 26302)...
WARNING: States(s) E, I, K, M rarely appear in partition tdi and may cause numerical problems

Create initial parsimony tree by phylogenetic likelihood library (PLL)... 0.001 seconds
Reading model parameters from file /Users/mful870/Desktop/MD_3di_Dev_02Oct24/Scriptorum/SubstitutionMatrix/3di_substmat
WARNING: Normalizing state frequencies so that sum of them equals to 1

NOTE: 1 MB RAM (0 GB) is required!
Estimate model parameters (epsilon = 0.100)
Initial log-likelihood: -6354.681
Current log-likelihood at step 1: -6243.084
Current log-likelihood at step 2: -6221.137
Current log-likelihood at step 3: -6221.063
Partition-specific rates:  1.333 0.667
Parameters optimization took 2 rounds (0.056 sec)

Wrote distance file to... 
Computing ML distances based on estimated model parameters...
Calculating distance matrix: done in 4.00543e-05 secs using 84.88% CPU
Computing ML distances took 0.000094 sec (of wall-clock time) 0.000063 sec (of CPU time)
Setting up auxiliary I and S matrices: done in 2.69413e-05 secs using 77.95% CPU
Computing RapidNJ tree took 0.000118 sec (of wall-clock time) 0.000070 sec (of CPU time)
Log-likelihood of RapidNJ tree: -6876.941
--------------------------------------------------------------------
|             INITIALIZING CANDIDATE TREE SET                      |
--------------------------------------------------------------------
Generating 98 parsimony trees... 0.136 second
Computing log-likelihood of 98 initial trees ... 0.282 seconds
Current best score: -6216.873

Do NNI search on 20 best initial trees
Estimate model parameters (epsilon = 0.100)
Initial log-likelihood: -6207.313
Current log-likelihood at step 1: -6206.582
Current log-likelihood at step 2: -6206.578
Parameters optimization took 1 rounds (0.024 sec)

BETTER TREE FOUND at iteration 1: -6206.578
Estimate model parameters (epsilon = 0.100)
Initial log-likelihood: -6203.803
Current log-likelihood at step 1: -6203.796
Parameters optimization took 0 rounds (0.011 sec)

BETTER TREE FOUND at iteration 4: -6203.796
Iteration 10 / LogL: -6203.801 / Time: 0h:5m:24s
Iteration 20 / LogL: -6206.646 / Time: 0h:5m:24s
Finish initializing candidate tree set (2)
Current best tree score: -6203.796 / CPU time: 1.225
Number of iterations: 20
--------------------------------------------------------------------
|               OPTIMIZING CANDIDATE TREE SET                      |
--------------------------------------------------------------------
Iteration 30 / LogL: -6206.665 / Time: 0h:5m:25s (0h:0m:4s left)
Iteration 40 / LogL: -6204.074 / Time: 0h:5m:25s (0h:0m:3s left)
Iteration 50 / LogL: -6203.804 / Time: 0h:5m:26s (0h:0m:2s left)
Iteration 60 / LogL: -6204.071 / Time: 0h:5m:26s (0h:0m:2s left)
Iteration 70 / LogL: -6203.842 / Time: 0h:5m:26s (0h:0m:1s left)
Iteration 80 / LogL: -6206.764 / Time: 0h:5m:27s (0h:0m:1s left)
Iteration 90 / LogL: -6203.963 / Time: 0h:5m:27s (0h:0m:0s left)
Iteration 100 / LogL: -6207.266 / Time: 0h:5m:28s (0h:0m:0s left)
TREE SEARCH COMPLETED AFTER 105 ITERATIONS / Time: 0h:5m:28s

--------------------------------------------------------------------
|                    FINALIZING TREE SEARCH                        |
--------------------------------------------------------------------
Performs final model parameters optimization
Estimate model parameters (epsilon = 0.010)
Initial log-likelihood: -6203.796
Current log-likelihood at step 1: -6203.796
Partition-specific rates:  1.341 0.659
Parameters optimization took 0 rounds (0.010 sec)

Partition information was printed to partition_file.nex.best_model.nex
BEST SCORE FOUND : -6203.796
Total tree length: 7.497

Total number of iterations: 105
CPU time used for tree search: 4.853 sec (0h:0m:4s)
Wall-clock time used for tree search: 4.771 sec (0h:0m:4s)
Total CPU time used: 332.954 sec (0h:5m:32s)
Total wall-clock time used: 328.451 sec (0h:5m:28s)

===> START BOOTSTRAP REPLICATE NUMBER 64

Creating bootstrap alignment (seed: 26303)...
WARNING: States(s) E, I, K, M, Y rarely appear in partition tdi and may cause numerical problems

Create initial parsimony tree by phylogenetic likelihood library (PLL)... 0.001 seconds
Reading model parameters from file /Users/mful870/Desktop/MD_3di_Dev_02Oct24/Scriptorum/SubstitutionMatrix/3di_substmat
WARNING: Normalizing state frequencies so that sum of them equals to 1

NOTE: 1 MB RAM (0 GB) is required!
Estimate model parameters (epsilon = 0.100)
Initial log-likelihood: -6671.426
Current log-likelihood at step 1: -6511.054
Current log-likelihood at step 2: -6485.530
Current log-likelihood at step 3: -6485.525
Partition-specific rates:  1.361 0.639
Parameters optimization took 2 rounds (0.057 sec)

Wrote distance file to... 
Computing ML distances based on estimated model parameters...
Calculating distance matrix: done in 4.22001e-05 secs using 85.31% CPU
Computing ML distances took 0.000099 sec (of wall-clock time) 0.000067 sec (of CPU time)
Setting up auxiliary I and S matrices: done in 3.09944e-05 secs using 77.43% CPU
Computing RapidNJ tree took 0.000149 sec (of wall-clock time) 0.000085 sec (of CPU time)
Log-likelihood of RapidNJ tree: -7093.293
--------------------------------------------------------------------
|             INITIALIZING CANDIDATE TREE SET                      |
--------------------------------------------------------------------
Generating 98 parsimony trees... 0.148 second
Computing log-likelihood of 98 initial trees ... 0.300 seconds
Current best score: -6485.525

Do NNI search on 20 best initial trees
Estimate model parameters (epsilon = 0.100)
Initial log-likelihood: -6472.436
Current log-likelihood at step 1: -6472.389
Parameters optimization took 0 rounds (0.011 sec)

BETTER TREE FOUND at iteration 1: -6472.389
Iteration 10 / LogL: -6472.431 / Time: 0h:5m:29s
Iteration 20 / LogL: -6472.395 / Time: 0h:5m:29s
Finish initializing candidate tree set (1)
Current best tree score: -6472.389 / CPU time: 1.318
Number of iterations: 20
--------------------------------------------------------------------
|               OPTIMIZING CANDIDATE TREE SET                      |
--------------------------------------------------------------------
UPDATE BEST LOG-LIKELIHOOD: -6472.388
Iteration 30 / LogL: -6472.477 / Time: 0h:5m:30s (0h:0m:4s left)
Iteration 40 / LogL: -6472.474 / Time: 0h:5m:30s (0h:0m:3s left)
Iteration 50 / LogL: -6472.424 / Time: 0h:5m:31s (0h:0m:2s left)
UPDATE BEST LOG-LIKELIHOOD: -6472.388
Iteration 60 / LogL: -6472.388 / Time: 0h:5m:31s (0h:0m:2s left)
Iteration 70 / LogL: -6478.169 / Time: 0h:5m:32s (0h:0m:1s left)
Iteration 80 / LogL: -6472.473 / Time: 0h:5m:32s (0h:0m:1s left)
Iteration 90 / LogL: -6472.398 / Time: 0h:5m:32s (0h:0m:0s left)
Iteration 100 / LogL: -6472.401 / Time: 0h:5m:33s (0h:0m:0s left)
TREE SEARCH COMPLETED AFTER 102 ITERATIONS / Time: 0h:5m:33s

--------------------------------------------------------------------
|                    FINALIZING TREE SEARCH                        |
--------------------------------------------------------------------
Performs final model parameters optimization
Estimate model parameters (epsilon = 0.010)
Initial log-likelihood: -6472.388
Current log-likelihood at step 1: -6472.388
Partition-specific rates:  1.354 0.646
Parameters optimization took 0 rounds (0.010 sec)

Partition information was printed to partition_file.nex.best_model.nex
BEST SCORE FOUND : -6472.388
Total tree length: 8.007

Total number of iterations: 102
CPU time used for tree search: 5.064 sec (0h:0m:5s)
Wall-clock time used for tree search: 4.986 sec (0h:0m:4s)
Total CPU time used: 338.143 sec (0h:5m:38s)
Total wall-clock time used: 333.555 sec (0h:5m:33s)

===> START BOOTSTRAP REPLICATE NUMBER 65

Creating bootstrap alignment (seed: 26304)...
WARNING: States(s) E, I, K, M, W rarely appear in partition tdi and may cause numerical problems

Create initial parsimony tree by phylogenetic likelihood library (PLL)... 0.001 seconds
Reading model parameters from file /Users/mful870/Desktop/MD_3di_Dev_02Oct24/Scriptorum/SubstitutionMatrix/3di_substmat
WARNING: Normalizing state frequencies so that sum of them equals to 1

NOTE: 1 MB RAM (0 GB) is required!
Estimate model parameters (epsilon = 0.100)
Initial log-likelihood: -6642.197
Current log-likelihood at step 1: -6491.709
Current log-likelihood at step 2: -6471.422
Current log-likelihood at step 3: -6471.420
Partition-specific rates:  1.315 0.685
Parameters optimization took 2 rounds (0.054 sec)

Wrote distance file to... 
Computing ML distances based on estimated model parameters...
Calculating distance matrix: done in 3.98159e-05 secs using 85.39% CPU
Computing ML distances took 0.000097 sec (of wall-clock time) 0.000063 sec (of CPU time)
Setting up auxiliary I and S matrices: done in 3.00407e-05 secs using 79.89% CPU
Computing RapidNJ tree took 0.000133 sec (of wall-clock time) 0.000075 sec (of CPU time)
Log-likelihood of RapidNJ tree: -7030.876
--------------------------------------------------------------------
|             INITIALIZING CANDIDATE TREE SET                      |
--------------------------------------------------------------------
Generating 98 parsimony trees... 0.134 second
Computing log-likelihood of 98 initial trees ... 0.296 seconds
Current best score: -6466.250

Do NNI search on 20 best initial trees
Estimate model parameters (epsilon = 0.100)
Initial log-likelihood: -6454.613
Current log-likelihood at step 1: -6454.527
Parameters optimization took 0 rounds (0.012 sec)

BETTER TREE FOUND at iteration 1: -6454.527
Iteration 10 / LogL: -6454.949 / Time: 0h:5m:34s
Iteration 20 / LogL: -6454.743 / Time: 0h:5m:34s
Finish initializing candidate tree set (2)
Current best tree score: -6454.527 / CPU time: 1.268
Number of iterations: 20
--------------------------------------------------------------------
|               OPTIMIZING CANDIDATE TREE SET                      |
--------------------------------------------------------------------
Iteration 30 / LogL: -6454.691 / Time: 0h:5m:35s (0h:0m:4s left)
Iteration 40 / LogL: -6480.275 / Time: 0h:5m:35s (0h:0m:3s left)
Iteration 50 / LogL: -6455.643 / Time: 0h:5m:36s (0h:0m:3s left)
UPDATE BEST LOG-LIKELIHOOD: -6454.524
Iteration 60 / LogL: -6477.390 / Time: 0h:5m:36s (0h:0m:2s left)
Iteration 70 / LogL: -6480.920 / Time: 0h:5m:37s (0h:0m:1s left)
Iteration 80 / LogL: -6454.573 / Time: 0h:5m:37s (0h:0m:1s left)
Iteration 90 / LogL: -6454.585 / Time: 0h:5m:38s (0h:0m:0s left)
Iteration 100 / LogL: -6457.054 / Time: 0h:5m:38s (0h:0m:0s left)
TREE SEARCH COMPLETED AFTER 102 ITERATIONS / Time: 0h:5m:38s

--------------------------------------------------------------------
|                    FINALIZING TREE SEARCH                        |
--------------------------------------------------------------------
Performs final model parameters optimization
Estimate model parameters (epsilon = 0.010)
Initial log-likelihood: -6454.524
Current log-likelihood at step 1: -6454.524
Partition-specific rates:  1.325 0.675
Parameters optimization took 0 rounds (0.011 sec)

Partition information was printed to partition_file.nex.best_model.nex
BEST SCORE FOUND : -6454.524
Total tree length: 7.910

Total number of iterations: 102
CPU time used for tree search: 5.115 sec (0h:0m:5s)
Wall-clock time used for tree search: 5.073 sec (0h:0m:5s)
Total CPU time used: 343.373 sec (0h:5m:43s)
Total wall-clock time used: 338.734 sec (0h:5m:38s)

===> START BOOTSTRAP REPLICATE NUMBER 66

Creating bootstrap alignment (seed: 26305)...
WARNING: States(s) E, I, K, M rarely appear in partition tdi and may cause numerical problems

Create initial parsimony tree by phylogenetic likelihood library (PLL)... 0.001 seconds
Reading model parameters from file /Users/mful870/Desktop/MD_3di_Dev_02Oct24/Scriptorum/SubstitutionMatrix/3di_substmat
WARNING: Normalizing state frequencies so that sum of them equals to 1

NOTE: 1 MB RAM (0 GB) is required!
Estimate model parameters (epsilon = 0.100)
Initial log-likelihood: -6323.060
Current log-likelihood at step 1: -6187.436
Current log-likelihood at step 2: -6163.073
Current log-likelihood at step 3: -6163.069
Partition-specific rates:  1.310 0.690
Parameters optimization took 2 rounds (0.055 sec)

Wrote distance file to... 
Computing ML distances based on estimated model parameters...
Calculating distance matrix: done in 4.00543e-05 secs using 87.38% CPU
Computing ML distances took 0.000094 sec (of wall-clock time) 0.000063 sec (of CPU time)
Setting up auxiliary I and S matrices: done in 3.21865e-05 secs using 80.78% CPU
Computing RapidNJ tree took 0.000136 sec (of wall-clock time) 0.000076 sec (of CPU time)
Log-likelihood of RapidNJ tree: -6740.443
--------------------------------------------------------------------
|             INITIALIZING CANDIDATE TREE SET                      |
--------------------------------------------------------------------
Generating 98 parsimony trees... 0.155 second
Computing log-likelihood of 98 initial trees ... 0.310 seconds
Current best score: -6158.659

Do NNI search on 20 best initial trees
Estimate model parameters (epsilon = 0.100)
Initial log-likelihood: -6127.705
Current log-likelihood at step 1: -6127.647
Parameters optimization took 0 rounds (0.012 sec)

BETTER TREE FOUND at iteration 1: -6127.647
Iteration 10 / LogL: -6127.884 / Time: 0h:5m:39s
Iteration 20 / LogL: -6127.659 / Time: 0h:5m:40s
Finish initializing candidate tree set (1)
Current best tree score: -6127.647 / CPU time: 1.352
Number of iterations: 20
--------------------------------------------------------------------
|               OPTIMIZING CANDIDATE TREE SET                      |
--------------------------------------------------------------------
Iteration 30 / LogL: -6128.786 / Time: 0h:5m:40s (0h:0m:4s left)
Iteration 40 / LogL: -6127.659 / Time: 0h:5m:41s (0h:0m:3s left)
UPDATE BEST LOG-LIKELIHOOD: -6127.644
Iteration 50 / LogL: -6128.083 / Time: 0h:5m:41s (0h:0m:2s left)
Iteration 60 / LogL: -6128.535 / Time: 0h:5m:41s (0h:0m:2s left)
UPDATE BEST LOG-LIKELIHOOD: -6127.644
Iteration 70 / LogL: -6128.424 / Time: 0h:5m:42s (0h:0m:1s left)
Iteration 80 / LogL: -6127.669 / Time: 0h:5m:42s (0h:0m:1s left)
Iteration 90 / LogL: -6127.669 / Time: 0h:5m:43s (0h:0m:0s left)
Iteration 100 / LogL: -6128.387 / Time: 0h:5m:43s (0h:0m:0s left)
TREE SEARCH COMPLETED AFTER 102 ITERATIONS / Time: 0h:5m:43s

--------------------------------------------------------------------
|                    FINALIZING TREE SEARCH                        |
--------------------------------------------------------------------
Performs final model parameters optimization
Estimate model parameters (epsilon = 0.010)
Initial log-likelihood: -6127.644
Current log-likelihood at step 1: -6127.644
Partition-specific rates:  1.313 0.687
Parameters optimization took 0 rounds (0.011 sec)

Partition information was printed to partition_file.nex.best_model.nex
BEST SCORE FOUND : -6127.644
Total tree length: 7.933

Total number of iterations: 102
CPU time used for tree search: 4.872 sec (0h:0m:4s)
Wall-clock time used for tree search: 4.809 sec (0h:0m:4s)
Total CPU time used: 348.381 sec (0h:5m:48s)
Total wall-clock time used: 343.662 sec (0h:5m:43s)

===> START BOOTSTRAP REPLICATE NUMBER 67

Creating bootstrap alignment (seed: 26306)...
WARNING: States(s) E, I, K, M, W rarely appear in partition tdi and may cause numerical problems

Create initial parsimony tree by phylogenetic likelihood library (PLL)... 0.001 seconds
Reading model parameters from file /Users/mful870/Desktop/MD_3di_Dev_02Oct24/Scriptorum/SubstitutionMatrix/3di_substmat
WARNING: Normalizing state frequencies so that sum of them equals to 1

NOTE: 1 MB RAM (0 GB) is required!
Estimate model parameters (epsilon = 0.100)
Initial log-likelihood: -6719.131
Current log-likelihood at step 1: -6559.768
Current log-likelihood at step 2: -6538.130
Current log-likelihood at step 3: -6538.123
Partition-specific rates:  1.303 0.697
Parameters optimization took 2 rounds (0.057 sec)

Wrote distance file to... 
Computing ML distances based on estimated model parameters...
Calculating distance matrix: done in 4.81606e-05 secs using 85.13% CPU
Computing ML distances took 0.000116 sec (of wall-clock time) 0.000075 sec (of CPU time)
Setting up auxiliary I and S matrices: done in 3.50475e-05 secs using 74.18% CPU
Computing RapidNJ tree took 0.000158 sec (of wall-clock time) 0.000097 sec (of CPU time)
Log-likelihood of RapidNJ tree: -7100.162
--------------------------------------------------------------------
|             INITIALIZING CANDIDATE TREE SET                      |
--------------------------------------------------------------------
Generating 98 parsimony trees... 0.170 second
Computing log-likelihood of 97 initial trees ... 0.308 seconds
Current best score: -6515.089

Do NNI search on 20 best initial trees
Estimate model parameters (epsilon = 0.100)
Initial log-likelihood: -6503.457
Current log-likelihood at step 1: -6503.146
Current log-likelihood at step 2: -6503.144
Parameters optimization took 1 rounds (0.023 sec)

BETTER TREE FOUND at iteration 1: -6503.144
Iteration 10 / LogL: -6503.792 / Time: 0h:5m:44s
Iteration 20 / LogL: -6503.433 / Time: 0h:5m:45s
Finish initializing candidate tree set (2)
Current best tree score: -6503.144 / CPU time: 1.240
Number of iterations: 20
--------------------------------------------------------------------
|               OPTIMIZING CANDIDATE TREE SET                      |
--------------------------------------------------------------------
UPDATE BEST LOG-LIKELIHOOD: -6503.144
Iteration 30 / LogL: -6503.177 / Time: 0h:5m:45s (0h:0m:4s left)
Iteration 40 / LogL: -6522.660 / Time: 0h:5m:45s (0h:0m:3s left)
Iteration 50 / LogL: -6503.185 / Time: 0h:5m:46s (0h:0m:2s left)
Iteration 60 / LogL: -6503.494 / Time: 0h:5m:46s (0h:0m:2s left)
Iteration 70 / LogL: -6503.182 / Time: 0h:5m:47s (0h:0m:1s left)
Iteration 80 / LogL: -6522.719 / Time: 0h:5m:47s (0h:0m:1s left)
Iteration 90 / LogL: -6503.273 / Time: 0h:5m:48s (0h:0m:0s left)
Iteration 100 / LogL: -6503.180 / Time: 0h:5m:48s (0h:0m:0s left)
TREE SEARCH COMPLETED AFTER 102 ITERATIONS / Time: 0h:5m:48s

--------------------------------------------------------------------
|                    FINALIZING TREE SEARCH                        |
--------------------------------------------------------------------
Performs final model parameters optimization
Estimate model parameters (epsilon = 0.010)
Initial log-likelihood: -6503.144
Current log-likelihood at step 1: -6503.144
Partition-specific rates:  1.324 0.676
Parameters optimization took 0 rounds (0.012 sec)

Partition information was printed to partition_file.nex.best_model.nex
BEST SCORE FOUND : -6503.144
Total tree length: 8.390

Total number of iterations: 102
CPU time used for tree search: 5.244 sec (0h:0m:5s)
Wall-clock time used for tree search: 5.162 sec (0h:0m:5s)
Total CPU time used: 353.747 sec (0h:5m:53s)
Total wall-clock time used: 348.943 sec (0h:5m:48s)

===> START BOOTSTRAP REPLICATE NUMBER 68

Creating bootstrap alignment (seed: 26307)...
WARNING: States(s) E, I, K, M, W, Y rarely appear in partition tdi and may cause numerical problems

Create initial parsimony tree by phylogenetic likelihood library (PLL)... 0.002 seconds
Reading model parameters from file /Users/mful870/Desktop/MD_3di_Dev_02Oct24/Scriptorum/SubstitutionMatrix/3di_substmat
WARNING: Normalizing state frequencies so that sum of them equals to 1

NOTE: 1 MB RAM (0 GB) is required!
Estimate model parameters (epsilon = 0.100)
Initial log-likelihood: -6662.481
Current log-likelihood at step 1: -6541.721
Current log-likelihood at step 2: -6523.981
Current log-likelihood at step 3: -6523.881
Current log-likelihood at step 4: -6523.879
Partition-specific rates:  1.291 0.709
Parameters optimization took 3 rounds (0.074 sec)

Wrote distance file to... 
Computing ML distances based on estimated model parameters...
Calculating distance matrix: done in 3.91006e-05 secs using 86.96% CPU
Computing ML distances took 0.000085 sec (of wall-clock time) 0.000063 sec (of CPU time)
Setting up auxiliary I and S matrices: done in 3.19481e-05 secs using 81.38% CPU
Computing RapidNJ tree took 0.000133 sec (of wall-clock time) 0.000080 sec (of CPU time)
Log-likelihood of RapidNJ tree: -7116.790
--------------------------------------------------------------------
|             INITIALIZING CANDIDATE TREE SET                      |
--------------------------------------------------------------------
Generating 98 parsimony trees... 0.150 second
Computing log-likelihood of 98 initial trees ... 0.310 seconds
Current best score: -6523.788

Do NNI search on 20 best initial trees
Estimate model parameters (epsilon = 0.100)
Initial log-likelihood: -6506.767
Current log-likelihood at step 1: -6506.663
Current log-likelihood at step 2: -6506.658
Parameters optimization took 1 rounds (0.038 sec)

BETTER TREE FOUND at iteration 1: -6506.658
Iteration 10 / LogL: -6507.786 / Time: 0h:5m:50s
Iteration 20 / LogL: -6507.779 / Time: 0h:5m:50s
Finish initializing candidate tree set (3)
Current best tree score: -6506.658 / CPU time: 1.548
Number of iterations: 20
--------------------------------------------------------------------
|               OPTIMIZING CANDIDATE TREE SET                      |
--------------------------------------------------------------------
Iteration 30 / LogL: -6506.784 / Time: 0h:5m:51s (0h:0m:5s left)
UPDATE BEST LOG-LIKELIHOOD: -6506.658
Iteration 40 / LogL: -6525.378 / Time: 0h:5m:51s (0h:0m:4s left)
Iteration 50 / LogL: -6508.797 / Time: 0h:5m:52s (0h:0m:3s left)
Iteration 60 / LogL: -6506.667 / Time: 0h:5m:52s (0h:0m:2s left)
Iteration 70 / LogL: -6507.802 / Time: 0h:5m:53s (0h:0m:1s left)
Iteration 80 / LogL: -6506.660 / Time: 0h:5m:53s (0h:0m:1s left)
Iteration 90 / LogL: -6507.044 / Time: 0h:5m:54s (0h:0m:0s left)
Iteration 100 / LogL: -6507.052 / Time: 0h:5m:54s (0h:0m:0s left)
TREE SEARCH COMPLETED AFTER 102 ITERATIONS / Time: 0h:5m:55s

--------------------------------------------------------------------
|                    FINALIZING TREE SEARCH                        |
--------------------------------------------------------------------
Performs final model parameters optimization
Estimate model parameters (epsilon = 0.010)
Initial log-likelihood: -6506.658
Current log-likelihood at step 1: -6506.658
Partition-specific rates:  1.279 0.721
Parameters optimization took 0 rounds (0.011 sec)

Partition information was printed to partition_file.nex.best_model.nex
BEST SCORE FOUND : -6506.658
Total tree length: 7.883

Total number of iterations: 102
CPU time used for tree search: 6.075 sec (0h:0m:6s)
Wall-clock time used for tree search: 6.022 sec (0h:0m:6s)
Total CPU time used: 359.968 sec (0h:5m:59s)
Total wall-clock time used: 355.102 sec (0h:5m:55s)

===> START BOOTSTRAP REPLICATE NUMBER 69

Creating bootstrap alignment (seed: 26308)...
WARNING: States(s) E, I, K, M, W rarely appear in partition tdi and may cause numerical problems

Create initial parsimony tree by phylogenetic likelihood library (PLL)... 0.001 seconds
Reading model parameters from file /Users/mful870/Desktop/MD_3di_Dev_02Oct24/Scriptorum/SubstitutionMatrix/3di_substmat
WARNING: Normalizing state frequencies so that sum of them equals to 1

NOTE: 1 MB RAM (0 GB) is required!
Estimate model parameters (epsilon = 0.100)
Initial log-likelihood: -6606.357
Current log-likelihood at step 1: -6470.333
Current log-likelihood at step 2: -6447.012
Current log-likelihood at step 3: -6447.002
Partition-specific rates:  1.321 0.679
Parameters optimization took 2 rounds (0.057 sec)

Wrote distance file to... 
Computing ML distances based on estimated model parameters...
Calculating distance matrix: done in 4.00543e-05 secs using 84.88% CPU
Computing ML distances took 0.000085 sec (of wall-clock time) 0.000062 sec (of CPU time)
Setting up auxiliary I and S matrices: done in 4.31538e-05 secs using 76.47% CPU
Computing RapidNJ tree took 0.000152 sec (of wall-clock time) 0.000101 sec (of CPU time)
Log-likelihood of RapidNJ tree: -7050.436
--------------------------------------------------------------------
|             INITIALIZING CANDIDATE TREE SET                      |
--------------------------------------------------------------------
Generating 98 parsimony trees... 0.153 second
Computing log-likelihood of 98 initial trees ... 0.299 seconds
Current best score: -6444.419

Do NNI search on 20 best initial trees
Estimate model parameters (epsilon = 0.100)
Initial log-likelihood: -6430.842
Current log-likelihood at step 1: -6430.783
Parameters optimization took 0 rounds (0.010 sec)

BETTER TREE FOUND at iteration 1: -6430.783
Estimate model parameters (epsilon = 0.100)
Initial log-likelihood: -6430.734
Current log-likelihood at step 1: -6430.637
Parameters optimization took 0 rounds (0.015 sec)

BETTER TREE FOUND at iteration 2: -6430.637
Iteration 10 / LogL: -6430.687 / Time: 0h:5m:56s
Iteration 20 / LogL: -6432.446 / Time: 0h:5m:56s
Finish initializing candidate tree set (4)
Current best tree score: -6430.637 / CPU time: 1.352
Number of iterations: 20
--------------------------------------------------------------------
|               OPTIMIZING CANDIDATE TREE SET                      |
--------------------------------------------------------------------
UPDATE BEST LOG-LIKELIHOOD: -6430.633
Iteration 30 / LogL: -6430.977 / Time: 0h:5m:57s (0h:0m:4s left)
Iteration 40 / LogL: -6432.336 / Time: 0h:5m:57s (0h:0m:3s left)
Iteration 50 / LogL: -6431.810 / Time: 0h:5m:57s (0h:0m:2s left)
Estimate model parameters (epsilon = 0.100)
Initial log-likelihood: -6430.600
Current log-likelihood at step 1: -6430.597
Parameters optimization took 0 rounds (0.012 sec)

UPDATE BEST LOG-LIKELIHOOD: -6430.597
Iteration 60 / LogL: -6430.935 / Time: 0h:5m:58s (0h:0m:2s left)
Iteration 70 / LogL: -6430.722 / Time: 0h:5m:58s (0h:0m:1s left)
Iteration 80 / LogL: -6436.304 / Time: 0h:5m:59s (0h:0m:1s left)
UPDATE BEST LOG-LIKELIHOOD: -6430.596
Iteration 90 / LogL: -6432.223 / Time: 0h:5m:59s (0h:0m:0s left)
Iteration 100 / LogL: -6430.967 / Time: 0h:6m:0s (0h:0m:0s left)
TREE SEARCH COMPLETED AFTER 103 ITERATIONS / Time: 0h:6m:0s

--------------------------------------------------------------------
|                    FINALIZING TREE SEARCH                        |
--------------------------------------------------------------------
Performs final model parameters optimization
Estimate model parameters (epsilon = 0.010)
Initial log-likelihood: -6430.596
Current log-likelihood at step 1: -6430.596
Partition-specific rates:  1.315 0.685
Parameters optimization took 0 rounds (0.012 sec)

Partition information was printed to partition_file.nex.best_model.nex
BEST SCORE FOUND : -6430.596
Total tree length: 8.090

Total number of iterations: 103
CPU time used for tree search: 4.994 sec (0h:0m:4s)
Wall-clock time used for tree search: 4.928 sec (0h:0m:4s)
Total CPU time used: 365.110 sec (0h:6m:5s)
Total wall-clock time used: 360.157 sec (0h:6m:0s)

===> START BOOTSTRAP REPLICATE NUMBER 70

Creating bootstrap alignment (seed: 26309)...
WARNING: States(s) E, I, K, M, Y rarely appear in partition tdi and may cause numerical problems

Create initial parsimony tree by phylogenetic likelihood library (PLL)... 0.001 seconds
Reading model parameters from file /Users/mful870/Desktop/MD_3di_Dev_02Oct24/Scriptorum/SubstitutionMatrix/3di_substmat
WARNING: Normalizing state frequencies so that sum of them equals to 1

NOTE: 1 MB RAM (0 GB) is required!
Estimate model parameters (epsilon = 0.100)
Initial log-likelihood: -6633.424
Current log-likelihood at step 1: -6474.994
Current log-likelihood at step 2: -6449.509
Current log-likelihood at step 3: -6449.505
Partition-specific rates:  1.299 0.701
Parameters optimization took 2 rounds (0.056 sec)

Wrote distance file to... 
Computing ML distances based on estimated model parameters...
Calculating distance matrix: done in 4.1008e-05 secs using 85.35% CPU
Computing ML distances took 0.000103 sec (of wall-clock time) 0.000066 sec (of CPU time)
Setting up auxiliary I and S matrices: done in 3.19481e-05 secs using 78.25% CPU
Computing RapidNJ tree took 0.000142 sec (of wall-clock time) 0.000082 sec (of CPU time)
Log-likelihood of RapidNJ tree: -6966.677
--------------------------------------------------------------------
|             INITIALIZING CANDIDATE TREE SET                      |
--------------------------------------------------------------------
Generating 98 parsimony trees... 0.151 second
Computing log-likelihood of 98 initial trees ... 0.303 seconds
Current best score: -6428.458

Do NNI search on 20 best initial trees
Estimate model parameters (epsilon = 0.100)
Initial log-likelihood: -6403.591
Current log-likelihood at step 1: -6403.510
Parameters optimization took 0 rounds (0.011 sec)

BETTER TREE FOUND at iteration 1: -6403.510
Iteration 10 / LogL: -6405.943 / Time: 0h:6m:1s
Iteration 20 / LogL: -6403.977 / Time: 0h:6m:1s
Finish initializing candidate tree set (2)
Current best tree score: -6403.510 / CPU time: 1.289
Number of iterations: 20
--------------------------------------------------------------------
|               OPTIMIZING CANDIDATE TREE SET                      |
--------------------------------------------------------------------
Iteration 30 / LogL: -6403.513 / Time: 0h:6m:1s (0h:0m:4s left)
Iteration 40 / LogL: -6406.067 / Time: 0h:6m:2s (0h:0m:3s left)
Iteration 50 / LogL: -6403.721 / Time: 0h:6m:2s (0h:0m:2s left)
Iteration 60 / LogL: -6404.102 / Time: 0h:6m:3s (0h:0m:1s left)
Iteration 70 / LogL: -6403.551 / Time: 0h:6m:3s (0h:0m:1s left)
UPDATE BEST LOG-LIKELIHOOD: -6403.506
Iteration 80 / LogL: -6403.506 / Time: 0h:6m:3s (0h:0m:0s left)
Iteration 90 / LogL: -6403.554 / Time: 0h:6m:4s (0h:0m:0s left)
Iteration 100 / LogL: -6403.654 / Time: 0h:6m:4s (0h:0m:0s left)
TREE SEARCH COMPLETED AFTER 102 ITERATIONS / Time: 0h:6m:4s

--------------------------------------------------------------------
|                    FINALIZING TREE SEARCH                        |
--------------------------------------------------------------------
Performs final model parameters optimization
Estimate model parameters (epsilon = 0.010)
Initial log-likelihood: -6403.506
Current log-likelihood at step 1: -6403.503
Partition-specific rates:  1.305 0.695
Parameters optimization took 0 rounds (0.011 sec)

Partition information was printed to partition_file.nex.best_model.nex
BEST SCORE FOUND : -6403.503
Total tree length: 8.105

Total number of iterations: 102
CPU time used for tree search: 4.536 sec (0h:0m:4s)
Wall-clock time used for tree search: 4.493 sec (0h:0m:4s)
Total CPU time used: 369.771 sec (0h:6m:9s)
Total wall-clock time used: 364.769 sec (0h:6m:4s)

===> START BOOTSTRAP REPLICATE NUMBER 71

Creating bootstrap alignment (seed: 26310)...
WARNING: States(s) E, I, K, M rarely appear in partition tdi and may cause numerical problems

Create initial parsimony tree by phylogenetic likelihood library (PLL)... 0.001 seconds
Reading model parameters from file /Users/mful870/Desktop/MD_3di_Dev_02Oct24/Scriptorum/SubstitutionMatrix/3di_substmat
WARNING: Normalizing state frequencies so that sum of them equals to 1

NOTE: 1 MB RAM (0 GB) is required!
Estimate model parameters (epsilon = 0.100)
Initial log-likelihood: -6676.201
Current log-likelihood at step 1: -6530.017
Current log-likelihood at step 2: -6516.257
Current log-likelihood at step 3: -6516.197
Partition-specific rates:  1.291 0.709
Parameters optimization took 2 rounds (0.061 sec)

Wrote distance file to... 
Computing ML distances based on estimated model parameters...
Calculating distance matrix: done in 4.29153e-05 secs using 83.89% CPU
Computing ML distances took 0.000108 sec (of wall-clock time) 0.000073 sec (of CPU time)
Setting up auxiliary I and S matrices: done in 3.88622e-05 secs using 79.77% CPU
Computing RapidNJ tree took 0.000184 sec (of wall-clock time) 0.000104 sec (of CPU time)
Log-likelihood of RapidNJ tree: -7103.065
--------------------------------------------------------------------
|             INITIALIZING CANDIDATE TREE SET                      |
--------------------------------------------------------------------
Generating 98 parsimony trees... 0.160 second
Computing log-likelihood of 97 initial trees ... 0.302 seconds
Current best score: -6516.197

Do NNI search on 20 best initial trees
Estimate model parameters (epsilon = 0.100)
Initial log-likelihood: -6516.087
Current log-likelihood at step 1: -6516.073
Parameters optimization took 0 rounds (0.012 sec)

BETTER TREE FOUND at iteration 1: -6516.073
Estimate model parameters (epsilon = 0.100)
Initial log-likelihood: -6510.039
Current log-likelihood at step 1: -6509.369
Current log-likelihood at step 2: -6509.357
Parameters optimization took 1 rounds (0.027 sec)

BETTER TREE FOUND at iteration 2: -6509.357
Iteration 10 / LogL: -6509.411 / Time: 0h:6m:5s
Iteration 20 / LogL: -6512.384 / Time: 0h:6m:6s
Finish initializing candidate tree set (4)
Current best tree score: -6509.357 / CPU time: 1.563
Number of iterations: 20
--------------------------------------------------------------------
|               OPTIMIZING CANDIDATE TREE SET                      |
--------------------------------------------------------------------
Iteration 30 / LogL: -6509.456 / Time: 0h:6m:6s (0h:0m:5s left)
Iteration 40 / LogL: -6509.446 / Time: 0h:6m:7s (0h:0m:4s left)
Iteration 50 / LogL: -6516.151 / Time: 0h:6m:8s (0h:0m:3s left)
Iteration 60 / LogL: -6509.400 / Time: 0h:6m:8s (0h:0m:2s left)
Iteration 70 / LogL: -6512.362 / Time: 0h:6m:8s (0h:0m:1s left)
Iteration 80 / LogL: -6509.403 / Time: 0h:6m:9s (0h:0m:1s left)
Iteration 90 / LogL: -6510.808 / Time: 0h:6m:9s (0h:0m:0s left)
Iteration 100 / LogL: -6509.527 / Time: 0h:6m:10s (0h:0m:0s left)
TREE SEARCH COMPLETED AFTER 103 ITERATIONS / Time: 0h:6m:10s

--------------------------------------------------------------------
|                    FINALIZING TREE SEARCH                        |
--------------------------------------------------------------------
Performs final model parameters optimization
Estimate model parameters (epsilon = 0.010)
Initial log-likelihood: -6509.357
Current log-likelihood at step 1: -6509.356
Partition-specific rates:  1.301 0.699
Parameters optimization took 0 rounds (0.011 sec)

Partition information was printed to partition_file.nex.best_model.nex
BEST SCORE FOUND : -6509.356
Total tree length: 7.914

Total number of iterations: 103
CPU time used for tree search: 5.675 sec (0h:0m:5s)
Wall-clock time used for tree search: 5.657 sec (0h:0m:5s)
Total CPU time used: 375.578 sec (0h:6m:15s)
Total wall-clock time used: 370.546 sec (0h:6m:10s)

===> START BOOTSTRAP REPLICATE NUMBER 72

Creating bootstrap alignment (seed: 26311)...
WARNING: States(s) E, I, K, M rarely appear in partition tdi and may cause numerical problems

Create initial parsimony tree by phylogenetic likelihood library (PLL)... 0.002 seconds
Reading model parameters from file /Users/mful870/Desktop/MD_3di_Dev_02Oct24/Scriptorum/SubstitutionMatrix/3di_substmat
WARNING: Normalizing state frequencies so that sum of them equals to 1

NOTE: 1 MB RAM (0 GB) is required!
Estimate model parameters (epsilon = 0.100)
Initial log-likelihood: -6373.140
Current log-likelihood at step 1: -6247.039
Current log-likelihood at step 2: -6214.342
Current log-likelihood at step 3: -6214.324
Partition-specific rates:  1.396 0.604
Parameters optimization took 2 rounds (0.057 sec)

Wrote distance file to... 
Computing ML distances based on estimated model parameters...
Calculating distance matrix: done in 4.1008e-05 secs using 85.35% CPU
Computing ML distances took 0.000100 sec (of wall-clock time) 0.000063 sec (of CPU time)
Setting up auxiliary I and S matrices: done in 3.00407e-05 secs using 76.56% CPU
Computing RapidNJ tree took 0.000131 sec (of wall-clock time) 0.000074 sec (of CPU time)
Log-likelihood of RapidNJ tree: -6780.580
--------------------------------------------------------------------
|             INITIALIZING CANDIDATE TREE SET                      |
--------------------------------------------------------------------
Generating 98 parsimony trees... 0.149 second
Computing log-likelihood of 98 initial trees ... 0.309 seconds
Current best score: -6195.929

Do NNI search on 20 best initial trees
Estimate model parameters (epsilon = 0.100)
Initial log-likelihood: -6179.868
Current log-likelihood at step 1: -6179.482
Current log-likelihood at step 2: -6179.475
Parameters optimization took 1 rounds (0.027 sec)

BETTER TREE FOUND at iteration 1: -6179.475
Iteration 10 / LogL: -6179.897 / Time: 0h:6m:11s
Iteration 20 / LogL: -6179.533 / Time: 0h:6m:12s
Finish initializing candidate tree set (3)
Current best tree score: -6179.475 / CPU time: 1.479
Number of iterations: 20
--------------------------------------------------------------------
|               OPTIMIZING CANDIDATE TREE SET                      |
--------------------------------------------------------------------
Iteration 30 / LogL: -6180.273 / Time: 0h:6m:12s (0h:0m:5s left)
Iteration 40 / LogL: -6179.900 / Time: 0h:6m:13s (0h:0m:3s left)
Iteration 50 / LogL: -6179.908 / Time: 0h:6m:13s (0h:0m:3s left)
Iteration 60 / LogL: -6179.849 / Time: 0h:6m:13s (0h:0m:2s left)
Iteration 70 / LogL: -6181.568 / Time: 0h:6m:14s (0h:0m:1s left)
Iteration 80 / LogL: -6179.633 / Time: 0h:6m:14s (0h:0m:1s left)
Iteration 90 / LogL: -6179.521 / Time: 0h:6m:15s (0h:0m:0s left)
Iteration 100 / LogL: -6179.628 / Time: 0h:6m:15s (0h:0m:0s left)
TREE SEARCH COMPLETED AFTER 102 ITERATIONS / Time: 0h:6m:15s

--------------------------------------------------------------------
|                    FINALIZING TREE SEARCH                        |
--------------------------------------------------------------------
Performs final model parameters optimization
Estimate model parameters (epsilon = 0.010)
Initial log-likelihood: -6179.475
Current log-likelihood at step 1: -6179.475
Partition-specific rates:  1.395 0.605
Parameters optimization took 0 rounds (0.011 sec)

Partition information was printed to partition_file.nex.best_model.nex
BEST SCORE FOUND : -6179.475
Total tree length: 7.650

Total number of iterations: 102
CPU time used for tree search: 5.084 sec (0h:0m:5s)
Wall-clock time used for tree search: 5.017 sec (0h:0m:5s)
Total CPU time used: 380.782 sec (0h:6m:20s)
Total wall-clock time used: 375.675 sec (0h:6m:15s)

===> START BOOTSTRAP REPLICATE NUMBER 73

Creating bootstrap alignment (seed: 26312)...
WARNING: States(s) E, I, K, M, W rarely appear in partition tdi and may cause numerical problems

Create initial parsimony tree by phylogenetic likelihood library (PLL)... 0.001 seconds
Reading model parameters from file /Users/mful870/Desktop/MD_3di_Dev_02Oct24/Scriptorum/SubstitutionMatrix/3di_substmat
WARNING: Normalizing state frequencies so that sum of them equals to 1

NOTE: 1 MB RAM (0 GB) is required!
Estimate model parameters (epsilon = 0.100)
Initial log-likelihood: -6528.667
Current log-likelihood at step 1: -6386.453
Current log-likelihood at step 2: -6372.161
Current log-likelihood at step 3: -6372.069
Partition-specific rates:  1.265 0.735
Parameters optimization took 2 rounds (0.066 sec)

Wrote distance file to... 
Computing ML distances based on estimated model parameters...
Calculating distance matrix: done in 4.29153e-05 secs using 81.56% CPU
Computing ML distances took 0.000099 sec (of wall-clock time) 0.000065 sec (of CPU time)
Setting up auxiliary I and S matrices: done in 4.29153e-05 secs using 76.9% CPU
Computing RapidNJ tree took 0.000161 sec (of wall-clock time) 0.000099 sec (of CPU time)
Log-likelihood of RapidNJ tree: -6861.371
--------------------------------------------------------------------
|             INITIALIZING CANDIDATE TREE SET                      |
--------------------------------------------------------------------
Generating 98 parsimony trees... 0.149 second
Computing log-likelihood of 98 initial trees ... 0.290 seconds
Current best score: -6326.501

Do NNI search on 20 best initial trees
Estimate model parameters (epsilon = 0.100)
Initial log-likelihood: -6318.490
Current log-likelihood at step 1: -6318.358
Current log-likelihood at step 2: -6318.357
Parameters optimization took 1 rounds (0.026 sec)

BETTER TREE FOUND at iteration 1: -6318.357
Iteration 10 / LogL: -6318.409 / Time: 0h:6m:16s
Iteration 20 / LogL: -6319.555 / Time: 0h:6m:17s
Finish initializing candidate tree set (3)
Current best tree score: -6318.357 / CPU time: 1.360
Number of iterations: 20
--------------------------------------------------------------------
|               OPTIMIZING CANDIDATE TREE SET                      |
--------------------------------------------------------------------
Iteration 30 / LogL: -6318.413 / Time: 0h:6m:17s (0h:0m:4s left)
Iteration 40 / LogL: -6318.383 / Time: 0h:6m:18s (0h:0m:3s left)
Iteration 50 / LogL: -6319.703 / Time: 0h:6m:18s (0h:0m:3s left)
Iteration 60 / LogL: -6319.772 / Time: 0h:6m:19s (0h:0m:2s left)
Iteration 70 / LogL: -6318.595 / Time: 0h:6m:19s (0h:0m:1s left)
Iteration 80 / LogL: -6318.363 / Time: 0h:6m:20s (0h:0m:1s left)
Iteration 90 / LogL: -6321.136 / Time: 0h:6m:20s (0h:0m:0s left)
Iteration 100 / LogL: -6318.389 / Time: 0h:6m:21s (0h:0m:0s left)
TREE SEARCH COMPLETED AFTER 102 ITERATIONS / Time: 0h:6m:21s

--------------------------------------------------------------------
|                    FINALIZING TREE SEARCH                        |
--------------------------------------------------------------------
Performs final model parameters optimization
Estimate model parameters (epsilon = 0.010)
Initial log-likelihood: -6318.357
Current log-likelihood at step 1: -6318.356
Partition-specific rates:  1.250 0.750
Parameters optimization took 0 rounds (0.011 sec)

Partition information was printed to partition_file.nex.best_model.nex
BEST SCORE FOUND : -6318.356
Total tree length: 7.784

Total number of iterations: 102
CPU time used for tree search: 5.602 sec (0h:0m:5s)
Wall-clock time used for tree search: 5.521 sec (0h:0m:5s)
Total CPU time used: 386.524 sec (0h:6m:26s)
Total wall-clock time used: 381.321 sec (0h:6m:21s)

===> START BOOTSTRAP REPLICATE NUMBER 74

Creating bootstrap alignment (seed: 26313)...
WARNING: States(s) E, I, K, M, W rarely appear in partition tdi and may cause numerical problems

Create initial parsimony tree by phylogenetic likelihood library (PLL)... 0.001 seconds
Reading model parameters from file /Users/mful870/Desktop/MD_3di_Dev_02Oct24/Scriptorum/SubstitutionMatrix/3di_substmat
WARNING: Normalizing state frequencies so that sum of them equals to 1

NOTE: 1 MB RAM (0 GB) is required!
Estimate model parameters (epsilon = 0.100)
Initial log-likelihood: -6361.130
Current log-likelihood at step 1: -6200.855
Current log-likelihood at step 2: -6172.432
Current log-likelihood at step 3: -6172.424
Partition-specific rates:  1.312 0.688
Parameters optimization took 2 rounds (0.053 sec)

Wrote distance file to... 
Computing ML distances based on estimated model parameters...
Calculating distance matrix: done in 4.1008e-05 secs using 85.35% CPU
Computing ML distances took 0.000099 sec (of wall-clock time) 0.000064 sec (of CPU time)
Setting up auxiliary I and S matrices: done in 3.00407e-05 secs using 79.89% CPU
Computing RapidNJ tree took 0.000127 sec (of wall-clock time) 0.000074 sec (of CPU time)
Log-likelihood of RapidNJ tree: -6640.136
--------------------------------------------------------------------
|             INITIALIZING CANDIDATE TREE SET                      |
--------------------------------------------------------------------
Generating 98 parsimony trees... 0.149 second
Computing log-likelihood of 97 initial trees ... 0.271 seconds
Current best score: -6158.248

Do NNI search on 20 best initial trees
Estimate model parameters (epsilon = 0.100)
Initial log-likelihood: -6127.413
Current log-likelihood at step 1: -6127.371
Parameters optimization took 0 rounds (0.011 sec)

BETTER TREE FOUND at iteration 1: -6127.371
Iteration 10 / LogL: -6136.906 / Time: 0h:6m:22s
Iteration 20 / LogL: -6133.835 / Time: 0h:6m:22s
Finish initializing candidate tree set (5)
Current best tree score: -6127.371 / CPU time: 1.547
Number of iterations: 20
--------------------------------------------------------------------
|               OPTIMIZING CANDIDATE TREE SET                      |
--------------------------------------------------------------------
Iteration 30 / LogL: -6127.410 / Time: 0h:6m:23s (0h:0m:5s left)
Iteration 40 / LogL: -6133.923 / Time: 0h:6m:24s (0h:0m:4s left)
Iteration 50 / LogL: -6127.386 / Time: 0h:6m:24s (0h:0m:3s left)
UPDATE BEST LOG-LIKELIHOOD: -6127.365
Iteration 60 / LogL: -6127.392 / Time: 0h:6m:25s (0h:0m:2s left)
Iteration 70 / LogL: -6127.410 / Time: 0h:6m:25s (0h:0m:2s left)
Iteration 80 / LogL: -6127.386 / Time: 0h:6m:26s (0h:0m:1s left)
Iteration 90 / LogL: -6127.396 / Time: 0h:6m:27s (0h:0m:0s left)
Iteration 100 / LogL: -6127.483 / Time: 0h:6m:27s (0h:0m:0s left)
TREE SEARCH COMPLETED AFTER 102 ITERATIONS / Time: 0h:6m:27s

--------------------------------------------------------------------
|                    FINALIZING TREE SEARCH                        |
--------------------------------------------------------------------
Performs final model parameters optimization
Estimate model parameters (epsilon = 0.010)
Initial log-likelihood: -6127.365
Current log-likelihood at step 1: -6127.364
Partition-specific rates:  1.306 0.694
Parameters optimization took 0 rounds (0.010 sec)

Partition information was printed to partition_file.nex.best_model.nex
BEST SCORE FOUND : -6127.364
Total tree length: 7.954

Total number of iterations: 102
CPU time used for tree search: 6.296 sec (0h:0m:6s)
Wall-clock time used for tree search: 6.233 sec (0h:0m:6s)
Total CPU time used: 392.959 sec (0h:6m:32s)
Total wall-clock time used: 387.677 sec (0h:6m:27s)

===> START BOOTSTRAP REPLICATE NUMBER 75

Creating bootstrap alignment (seed: 26314)...
WARNING: States(s) E, I, K, M rarely appear in partition tdi and may cause numerical problems

Create initial parsimony tree by phylogenetic likelihood library (PLL)... 0.001 seconds
Reading model parameters from file /Users/mful870/Desktop/MD_3di_Dev_02Oct24/Scriptorum/SubstitutionMatrix/3di_substmat
WARNING: Normalizing state frequencies so that sum of them equals to 1

NOTE: 1 MB RAM (0 GB) is required!
Estimate model parameters (epsilon = 0.100)
Initial log-likelihood: -6489.996
Current log-likelihood at step 1: -6357.684
Current log-likelihood at step 2: -6322.273
Current log-likelihood at step 3: -6322.258
Partition-specific rates:  1.392 0.608
Parameters optimization took 2 rounds (0.050 sec)

Wrote distance file to... 
Computing ML distances based on estimated model parameters...
Calculating distance matrix: done in 4.00543e-05 secs using 82.39% CPU
Computing ML distances took 0.000096 sec (of wall-clock time) 0.000062 sec (of CPU time)
Setting up auxiliary I and S matrices: done in 3.00407e-05 secs using 79.89% CPU
Computing RapidNJ tree took 0.000143 sec (of wall-clock time) 0.000082 sec (of CPU time)
Log-likelihood of RapidNJ tree: -6887.083
--------------------------------------------------------------------
|             INITIALIZING CANDIDATE TREE SET                      |
--------------------------------------------------------------------
Generating 98 parsimony trees... 0.174 second
Computing log-likelihood of 97 initial trees ... 0.293 seconds
Current best score: -6316.217

Do NNI search on 20 best initial trees
Estimate model parameters (epsilon = 0.100)
Initial log-likelihood: -6299.376
Current log-likelihood at step 1: -6299.279
Parameters optimization took 0 rounds (0.011 sec)

BETTER TREE FOUND at iteration 1: -6299.279
Estimate model parameters (epsilon = 0.100)
Initial log-likelihood: -6295.983
Current log-likelihood at step 1: -6295.731
Current log-likelihood at step 2: -6295.722
Parameters optimization took 1 rounds (0.024 sec)

BETTER TREE FOUND at iteration 6: -6295.722
Iteration 10 / LogL: -6299.845 / Time: 0h:6m:28s
Iteration 20 / LogL: -6299.510 / Time: 0h:6m:29s
Finish initializing candidate tree set (3)
Current best tree score: -6295.722 / CPU time: 1.347
Number of iterations: 20
--------------------------------------------------------------------
|               OPTIMIZING CANDIDATE TREE SET                      |
--------------------------------------------------------------------
Iteration 30 / LogL: -6295.810 / Time: 0h:6m:29s (0h:0m:4s left)
Iteration 40 / LogL: -6299.672 / Time: 0h:6m:29s (0h:0m:3s left)
Iteration 50 / LogL: -6296.024 / Time: 0h:6m:30s (0h:0m:3s left)
Iteration 60 / LogL: -6295.795 / Time: 0h:6m:30s (0h:0m:2s left)
Iteration 70 / LogL: -6299.278 / Time: 0h:6m:31s (0h:0m:1s left)
Iteration 80 / LogL: -6295.845 / Time: 0h:6m:31s (0h:0m:1s left)
Iteration 90 / LogL: -6295.848 / Time: 0h:6m:32s (0h:0m:0s left)
Iteration 100 / LogL: -6299.807 / Time: 0h:6m:32s (0h:0m:0s left)
UPDATE BEST LOG-LIKELIHOOD: -6295.720
TREE SEARCH COMPLETED AFTER 107 ITERATIONS / Time: 0h:6m:32s

--------------------------------------------------------------------
|                    FINALIZING TREE SEARCH                        |
--------------------------------------------------------------------
Performs final model parameters optimization
Estimate model parameters (epsilon = 0.010)
Initial log-likelihood: -6295.720
Current log-likelihood at step 1: -6295.719
Partition-specific rates:  1.402 0.598
Parameters optimization took 0 rounds (0.015 sec)

Partition information was printed to partition_file.nex.best_model.nex
BEST SCORE FOUND : -6295.719
Total tree length: 7.963

Total number of iterations: 107
CPU time used for tree search: 5.179 sec (0h:0m:5s)
Wall-clock time used for tree search: 5.098 sec (0h:0m:5s)
Total CPU time used: 398.262 sec (0h:6m:38s)
Total wall-clock time used: 392.884 sec (0h:6m:32s)

===> START BOOTSTRAP REPLICATE NUMBER 76

Creating bootstrap alignment (seed: 26315)...
WARNING: States(s) E, I, K, M rarely appear in partition tdi and may cause numerical problems

Create initial parsimony tree by phylogenetic likelihood library (PLL)... 0.001 seconds
Reading model parameters from file /Users/mful870/Desktop/MD_3di_Dev_02Oct24/Scriptorum/SubstitutionMatrix/3di_substmat
WARNING: Normalizing state frequencies so that sum of them equals to 1

NOTE: 1 MB RAM (0 GB) is required!
Estimate model parameters (epsilon = 0.100)
Initial log-likelihood: -6498.490
Current log-likelihood at step 1: -6374.732
Current log-likelihood at step 2: -6335.802
Current log-likelihood at step 3: -6335.736
Partition-specific rates:  1.340 0.660
Parameters optimization took 2 rounds (0.060 sec)

Wrote distance file to... 
Computing ML distances based on estimated model parameters...
Calculating distance matrix: done in 4.19617e-05 secs using 83.41% CPU
Computing ML distances took 0.000104 sec (of wall-clock time) 0.000066 sec (of CPU time)
Setting up auxiliary I and S matrices: done in 3.00407e-05 secs using 79.89% CPU
Computing RapidNJ tree took 0.000127 sec (of wall-clock time) 0.000075 sec (of CPU time)
Log-likelihood of RapidNJ tree: -6910.050
--------------------------------------------------------------------
|             INITIALIZING CANDIDATE TREE SET                      |
--------------------------------------------------------------------
Generating 98 parsimony trees... 0.157 second
Computing log-likelihood of 97 initial trees ... 0.335 seconds
Current best score: -6323.324

Do NNI search on 20 best initial trees
Estimate model parameters (epsilon = 0.100)
Initial log-likelihood: -6310.253
Current log-likelihood at step 1: -6310.233
Parameters optimization took 0 rounds (0.018 sec)

BETTER TREE FOUND at iteration 1: -6310.233
Estimate model parameters (epsilon = 0.100)
Initial log-likelihood: -6308.884
Current log-likelihood at step 1: -6308.867
Parameters optimization took 0 rounds (0.013 sec)

BETTER TREE FOUND at iteration 4: -6308.867
Iteration 10 / LogL: -6310.466 / Time: 0h:6m:33s
Iteration 20 / LogL: -6310.301 / Time: 0h:6m:34s
Finish initializing candidate tree set (5)
Current best tree score: -6308.867 / CPU time: 1.406
Number of iterations: 20
--------------------------------------------------------------------
|               OPTIMIZING CANDIDATE TREE SET                      |
--------------------------------------------------------------------
Iteration 30 / LogL: -6310.255 / Time: 0h:6m:34s (0h:0m:4s left)
Iteration 40 / LogL: -6310.793 / Time: 0h:6m:35s (0h:0m:3s left)
Iteration 50 / LogL: -6308.867 / Time: 0h:6m:35s (0h:0m:3s left)
Iteration 60 / LogL: -6309.014 / Time: 0h:6m:36s (0h:0m:2s left)
Iteration 70 / LogL: -6310.787 / Time: 0h:6m:36s (0h:0m:1s left)
Iteration 80 / LogL: -6311.230 / Time: 0h:6m:37s (0h:0m:1s left)
Iteration 90 / LogL: -6310.554 / Time: 0h:6m:37s (0h:0m:0s left)
Iteration 100 / LogL: -6310.530 / Time: 0h:6m:38s (0h:0m:0s left)
TREE SEARCH COMPLETED AFTER 105 ITERATIONS / Time: 0h:6m:38s

--------------------------------------------------------------------
|                    FINALIZING TREE SEARCH                        |
--------------------------------------------------------------------
Performs final model parameters optimization
Estimate model parameters (epsilon = 0.010)
Initial log-likelihood: -6308.867
Current log-likelihood at step 1: -6308.866
Partition-specific rates:  1.344 0.656
Parameters optimization took 0 rounds (0.018 sec)

Partition information was printed to partition_file.nex.best_model.nex
BEST SCORE FOUND : -6308.866
Total tree length: 8.394

Total number of iterations: 105
CPU time used for tree search: 5.323 sec (0h:0m:5s)
Wall-clock time used for tree search: 5.254 sec (0h:0m:5s)
Total CPU time used: 403.736 sec (0h:6m:43s)
Total wall-clock time used: 398.292 sec (0h:6m:38s)

===> START BOOTSTRAP REPLICATE NUMBER 77

Creating bootstrap alignment (seed: 26316)...
WARNING: States(s) E, I, K, M rarely appear in partition tdi and may cause numerical problems

Create initial parsimony tree by phylogenetic likelihood library (PLL)... 0.001 seconds
Reading model parameters from file /Users/mful870/Desktop/MD_3di_Dev_02Oct24/Scriptorum/SubstitutionMatrix/3di_substmat
WARNING: Normalizing state frequencies so that sum of them equals to 1

NOTE: 1 MB RAM (0 GB) is required!
Estimate model parameters (epsilon = 0.100)
Initial log-likelihood: -6341.805
Current log-likelihood at step 1: -6205.972
Current log-likelihood at step 2: -6171.981
Current log-likelihood at step 3: -6171.979
Partition-specific rates:  1.355 0.645
Parameters optimization took 2 rounds (0.061 sec)

Wrote distance file to... 
Computing ML distances based on estimated model parameters...
Calculating distance matrix: done in 4.50611e-05 secs using 84.33% CPU
Computing ML distances took 0.000118 sec (of wall-clock time) 0.000078 sec (of CPU time)
Setting up auxiliary I and S matrices: done in 3.38554e-05 secs using 70.89% CPU
Computing RapidNJ tree took 0.000142 sec (of wall-clock time) 0.000090 sec (of CPU time)
Log-likelihood of RapidNJ tree: -6712.534
--------------------------------------------------------------------
|             INITIALIZING CANDIDATE TREE SET                      |
--------------------------------------------------------------------
Generating 98 parsimony trees... 0.174 second
Computing log-likelihood of 98 initial trees ... 0.338 seconds
Current best score: -6152.820

Do NNI search on 20 best initial trees
Estimate model parameters (epsilon = 0.100)
Initial log-likelihood: -6146.098
Current log-likelihood at step 1: -6146.043
Parameters optimization took 0 rounds (0.015 sec)

BETTER TREE FOUND at iteration 1: -6146.043
Estimate model parameters (epsilon = 0.100)
Initial log-likelihood: -6145.071
Current log-likelihood at step 1: -6145.025
Parameters optimization took 0 rounds (0.011 sec)

BETTER TREE FOUND at iteration 2: -6145.025
Iteration 10 / LogL: -6145.112 / Time: 0h:6m:39s
Estimate model parameters (epsilon = 0.100)
Initial log-likelihood: -6144.633
Current log-likelihood at step 1: -6144.561
Parameters optimization took 0 rounds (0.013 sec)

BETTER TREE FOUND at iteration 18: -6144.561
Iteration 20 / LogL: -6146.055 / Time: 0h:6m:39s
Finish initializing candidate tree set (7)
Current best tree score: -6144.561 / CPU time: 1.469
Number of iterations: 20
--------------------------------------------------------------------
|               OPTIMIZING CANDIDATE TREE SET                      |
--------------------------------------------------------------------
Iteration 30 / LogL: -6144.625 / Time: 0h:6m:40s (0h:0m:6s left)
Iteration 40 / LogL: -6162.017 / Time: 0h:6m:40s (0h:0m:4s left)
Iteration 50 / LogL: -6146.170 / Time: 0h:6m:41s (0h:0m:3s left)
Iteration 60 / LogL: -6146.213 / Time: 0h:6m:41s (0h:0m:3s left)
Iteration 70 / LogL: -6146.086 / Time: 0h:6m:42s (0h:0m:2s left)
UPDATE BEST LOG-LIKELIHOOD: -6144.558
Iteration 80 / LogL: -6145.082 / Time: 0h:6m:42s (0h:0m:2s left)
Iteration 90 / LogL: -6145.061 / Time: 0h:6m:42s (0h:0m:1s left)
Iteration 100 / LogL: -6146.137 / Time: 0h:6m:43s (0h:0m:0s left)
Iteration 110 / LogL: -6145.119 / Time: 0h:6m:43s (0h:0m:0s left)
UPDATE BEST LOG-LIKELIHOOD: -6144.558
TREE SEARCH COMPLETED AFTER 119 ITERATIONS / Time: 0h:6m:44s

--------------------------------------------------------------------
|                    FINALIZING TREE SEARCH                        |
--------------------------------------------------------------------
Performs final model parameters optimization
Estimate model parameters (epsilon = 0.010)
Initial log-likelihood: -6144.558
Current log-likelihood at step 1: -6144.558
Partition-specific rates:  1.365 0.635
Parameters optimization took 0 rounds (0.013 sec)

Partition information was printed to partition_file.nex.best_model.nex
BEST SCORE FOUND : -6144.558
Total tree length: 7.388

Total number of iterations: 119
CPU time used for tree search: 5.888 sec (0h:0m:5s)
Wall-clock time used for tree search: 5.838 sec (0h:0m:5s)
Total CPU time used: 409.772 sec (0h:6m:49s)
Total wall-clock time used: 404.265 sec (0h:6m:44s)

===> START BOOTSTRAP REPLICATE NUMBER 78

Creating bootstrap alignment (seed: 26317)...
WARNING: States(s) E, I, K, M rarely appear in partition tdi and may cause numerical problems

Create initial parsimony tree by phylogenetic likelihood library (PLL)... 0.002 seconds
Reading model parameters from file /Users/mful870/Desktop/MD_3di_Dev_02Oct24/Scriptorum/SubstitutionMatrix/3di_substmat
WARNING: Normalizing state frequencies so that sum of them equals to 1

NOTE: 1 MB RAM (0 GB) is required!
Estimate model parameters (epsilon = 0.100)
Initial log-likelihood: -6576.996
Current log-likelihood at step 1: -6422.958
Current log-likelihood at step 2: -6408.509
Current log-likelihood at step 3: -6408.507
Partition-specific rates:  1.334 0.666
Parameters optimization took 2 rounds (0.052 sec)

Wrote distance file to... 
Computing ML distances based on estimated model parameters...
Calculating distance matrix: done in 4.1008e-05 secs using 82.91% CPU
Computing ML distances took 0.000100 sec (of wall-clock time) 0.000065 sec (of CPU time)
Setting up auxiliary I and S matrices: done in 4.19617e-05 secs using 76.26% CPU
Computing RapidNJ tree took 0.000153 sec (of wall-clock time) 0.000090 sec (of CPU time)
Log-likelihood of RapidNJ tree: -6974.706
--------------------------------------------------------------------
|             INITIALIZING CANDIDATE TREE SET                      |
--------------------------------------------------------------------
Generating 98 parsimony trees... 0.166 second
Computing log-likelihood of 98 initial trees ... 0.324 seconds
Current best score: -6399.505

Do NNI search on 20 best initial trees
Estimate model parameters (epsilon = 0.100)
Initial log-likelihood: -6385.148
Current log-likelihood at step 1: -6385.102
Parameters optimization took 0 rounds (0.013 sec)

BETTER TREE FOUND at iteration 1: -6385.102
Iteration 10 / LogL: -6385.661 / Time: 0h:6m:45s
Iteration 20 / LogL: -6385.140 / Time: 0h:6m:45s
Finish initializing candidate tree set (4)
Current best tree score: -6385.102 / CPU time: 1.441
Number of iterations: 20
--------------------------------------------------------------------
|               OPTIMIZING CANDIDATE TREE SET                      |
--------------------------------------------------------------------
Iteration 30 / LogL: -6393.135 / Time: 0h:6m:46s (0h:0m:5s left)
Iteration 40 / LogL: -6393.132 / Time: 0h:6m:47s (0h:0m:4s left)
Iteration 50 / LogL: -6393.137 / Time: 0h:6m:47s (0h:0m:3s left)
Iteration 60 / LogL: -6395.831 / Time: 0h:6m:48s (0h:0m:2s left)
Iteration 70 / LogL: -6393.137 / Time: 0h:6m:48s (0h:0m:2s left)
Iteration 80 / LogL: -6393.130 / Time: 0h:6m:49s (0h:0m:1s left)
Iteration 90 / LogL: -6385.114 / Time: 0h:6m:49s (0h:0m:0s left)
Iteration 100 / LogL: -6385.692 / Time: 0h:6m:50s (0h:0m:0s left)
TREE SEARCH COMPLETED AFTER 102 ITERATIONS / Time: 0h:6m:50s

--------------------------------------------------------------------
|                    FINALIZING TREE SEARCH                        |
--------------------------------------------------------------------
Performs final model parameters optimization
Estimate model parameters (epsilon = 0.010)
Initial log-likelihood: -6385.102
Current log-likelihood at step 1: -6385.098
Partition-specific rates:  1.330 0.670
Parameters optimization took 0 rounds (0.011 sec)

Partition information was printed to partition_file.nex.best_model.nex
BEST SCORE FOUND : -6385.098
Total tree length: 7.394

Total number of iterations: 102
CPU time used for tree search: 6.086 sec (0h:0m:6s)
Wall-clock time used for tree search: 6.144 sec (0h:0m:6s)
Total CPU time used: 415.984 sec (0h:6m:55s)
Total wall-clock time used: 410.522 sec (0h:6m:50s)

===> START BOOTSTRAP REPLICATE NUMBER 79

Creating bootstrap alignment (seed: 26318)...
WARNING: States(s) E, I, K, M, W, Y rarely appear in partition tdi and may cause numerical problems

Create initial parsimony tree by phylogenetic likelihood library (PLL)... 0.001 seconds
Reading model parameters from file /Users/mful870/Desktop/MD_3di_Dev_02Oct24/Scriptorum/SubstitutionMatrix/3di_substmat
WARNING: Normalizing state frequencies so that sum of them equals to 1

NOTE: 1 MB RAM (0 GB) is required!
Estimate model parameters (epsilon = 0.100)
Initial log-likelihood: -6578.816
Current log-likelihood at step 1: -6444.844
Current log-likelihood at step 2: -6427.940
Current log-likelihood at step 3: -6427.846
Partition-specific rates:  1.339 0.661
Parameters optimization took 2 rounds (0.055 sec)

Wrote distance file to... 
Computing ML distances based on estimated model parameters...
Calculating distance matrix: done in 4.00543e-05 secs using 84.88% CPU
Computing ML distances took 0.000097 sec (of wall-clock time) 0.000065 sec (of CPU time)
Setting up auxiliary I and S matrices: done in 3.38554e-05 secs using 73.84% CPU
Computing RapidNJ tree took 0.000145 sec (of wall-clock time) 0.000092 sec (of CPU time)
Log-likelihood of RapidNJ tree: -7074.064
--------------------------------------------------------------------
|             INITIALIZING CANDIDATE TREE SET                      |
--------------------------------------------------------------------
Generating 98 parsimony trees... 0.136 second
Computing log-likelihood of 98 initial trees ... 0.290 seconds
Current best score: -6427.846

Do NNI search on 20 best initial trees
Estimate model parameters (epsilon = 0.100)
Initial log-likelihood: -6418.303
Current log-likelihood at step 1: -6418.249
Parameters optimization took 0 rounds (0.011 sec)

BETTER TREE FOUND at iteration 1: -6418.249
UPDATE BEST LOG-LIKELIHOOD: -6418.247
Iteration 10 / LogL: -6418.254 / Time: 0h:6m:51s
Iteration 20 / LogL: -6418.249 / Time: 0h:6m:51s
Finish initializing candidate tree set (2)
Current best tree score: -6418.247 / CPU time: 1.295
Number of iterations: 20
--------------------------------------------------------------------
|               OPTIMIZING CANDIDATE TREE SET                      |
--------------------------------------------------------------------
Iteration 30 / LogL: -6425.155 / Time: 0h:6m:52s (0h:0m:4s left)
UPDATE BEST LOG-LIKELIHOOD: -6418.245
Iteration 40 / LogL: -6425.150 / Time: 0h:6m:52s (0h:0m:3s left)
Iteration 50 / LogL: -6418.260 / Time: 0h:6m:53s (0h:0m:2s left)
Iteration 60 / LogL: -6418.284 / Time: 0h:6m:53s (0h:0m:2s left)
Iteration 70 / LogL: -6425.293 / Time: 0h:6m:54s (0h:0m:1s left)
Iteration 80 / LogL: -6425.329 / Time: 0h:6m:54s (0h:0m:1s left)
Iteration 90 / LogL: -6418.252 / Time: 0h:6m:54s (0h:0m:0s left)
Iteration 100 / LogL: -6418.252 / Time: 0h:6m:55s (0h:0m:0s left)
TREE SEARCH COMPLETED AFTER 102 ITERATIONS / Time: 0h:6m:55s

--------------------------------------------------------------------
|                    FINALIZING TREE SEARCH                        |
--------------------------------------------------------------------
Performs final model parameters optimization
Estimate model parameters (epsilon = 0.010)
Initial log-likelihood: -6418.245
Current log-likelihood at step 1: -6418.245
Partition-specific rates:  1.336 0.664
Parameters optimization took 0 rounds (0.010 sec)

Partition information was printed to partition_file.nex.best_model.nex
BEST SCORE FOUND : -6418.245
Total tree length: 7.409

Total number of iterations: 102
CPU time used for tree search: 4.917 sec (0h:0m:4s)
Wall-clock time used for tree search: 4.826 sec (0h:0m:4s)
Total CPU time used: 421.017 sec (0h:7m:1s)
Total wall-clock time used: 415.459 sec (0h:6m:55s)

===> START BOOTSTRAP REPLICATE NUMBER 80

Creating bootstrap alignment (seed: 26319)...
WARNING: States(s) E, I, K, M rarely appear in partition tdi and may cause numerical problems

Create initial parsimony tree by phylogenetic likelihood library (PLL)... 0.002 seconds
Reading model parameters from file /Users/mful870/Desktop/MD_3di_Dev_02Oct24/Scriptorum/SubstitutionMatrix/3di_substmat
WARNING: Normalizing state frequencies so that sum of them equals to 1

NOTE: 1 MB RAM (0 GB) is required!
Estimate model parameters (epsilon = 0.100)
Initial log-likelihood: -6555.988
Current log-likelihood at step 1: -6428.354
Current log-likelihood at step 2: -6411.742
Current log-likelihood at step 3: -6411.724
Partition-specific rates:  1.282 0.718
Parameters optimization took 2 rounds (0.052 sec)

Wrote distance file to... 
Computing ML distances based on estimated model parameters...
Calculating distance matrix: done in 4.1008e-05 secs using 85.35% CPU
Computing ML distances took 0.000097 sec (of wall-clock time) 0.000065 sec (of CPU time)
Setting up auxiliary I and S matrices: done in 3.09944e-05 secs using 80.66% CPU
Computing RapidNJ tree took 0.000171 sec (of wall-clock time) 0.000091 sec (of CPU time)
Log-likelihood of RapidNJ tree: -6980.450
--------------------------------------------------------------------
|             INITIALIZING CANDIDATE TREE SET                      |
--------------------------------------------------------------------
Generating 98 parsimony trees... 0.159 second
Computing log-likelihood of 97 initial trees ... 0.297 seconds
Current best score: -6411.724

Do NNI search on 20 best initial trees
Estimate model parameters (epsilon = 0.100)
Initial log-likelihood: -6395.205
Current log-likelihood at step 1: -6395.053
Current log-likelihood at step 2: -6395.043
Parameters optimization took 1 rounds (0.021 sec)

BETTER TREE FOUND at iteration 1: -6395.043
Iteration 10 / LogL: -6395.419 / Time: 0h:6m:56s
Iteration 20 / LogL: -6395.129 / Time: 0h:6m:56s
Finish initializing candidate tree set (2)
Current best tree score: -6395.043 / CPU time: 1.331
Number of iterations: 20
--------------------------------------------------------------------
|               OPTIMIZING CANDIDATE TREE SET                      |
--------------------------------------------------------------------
Iteration 30 / LogL: -6395.193 / Time: 0h:6m:57s (0h:0m:4s left)
Iteration 40 / LogL: -6395.203 / Time: 0h:6m:57s (0h:0m:3s left)
Iteration 50 / LogL: -6395.590 / Time: 0h:6m:58s (0h:0m:2s left)
Iteration 60 / LogL: -6395.624 / Time: 0h:6m:58s (0h:0m:2s left)
Iteration 70 / LogL: -6395.608 / Time: 0h:6m:58s (0h:0m:1s left)
Iteration 80 / LogL: -6415.730 / Time: 0h:6m:59s (0h:0m:1s left)
Iteration 90 / LogL: -6395.192 / Time: 0h:6m:59s (0h:0m:0s left)
Iteration 100 / LogL: -6395.106 / Time: 0h:7m:0s (0h:0m:0s left)
TREE SEARCH COMPLETED AFTER 102 ITERATIONS / Time: 0h:7m:0s

--------------------------------------------------------------------
|                    FINALIZING TREE SEARCH                        |
--------------------------------------------------------------------
Performs final model parameters optimization
Estimate model parameters (epsilon = 0.010)
Initial log-likelihood: -6395.043
Current log-likelihood at step 1: -6395.042
Partition-specific rates:  1.271 0.729
Parameters optimization took 0 rounds (0.010 sec)

Partition information was printed to partition_file.nex.best_model.nex
BEST SCORE FOUND : -6395.042
Total tree length: 7.839

Total number of iterations: 102
CPU time used for tree search: 4.768 sec (0h:0m:4s)
Wall-clock time used for tree search: 4.687 sec (0h:0m:4s)
Total CPU time used: 425.896 sec (0h:7m:5s)
Total wall-clock time used: 420.255 sec (0h:7m:0s)

===> START BOOTSTRAP REPLICATE NUMBER 81

Creating bootstrap alignment (seed: 26320)...
WARNING: States(s) E, I, K, M, W rarely appear in partition tdi and may cause numerical problems

Create initial parsimony tree by phylogenetic likelihood library (PLL)... 0.001 seconds
Reading model parameters from file /Users/mful870/Desktop/MD_3di_Dev_02Oct24/Scriptorum/SubstitutionMatrix/3di_substmat
WARNING: Normalizing state frequencies so that sum of them equals to 1

NOTE: 1 MB RAM (0 GB) is required!
Estimate model parameters (epsilon = 0.100)
Initial log-likelihood: -6539.518
Current log-likelihood at step 1: -6410.716
Current log-likelihood at step 2: -6388.440
Current log-likelihood at step 3: -6388.433
Partition-specific rates:  1.302 0.698
Parameters optimization took 2 rounds (0.058 sec)

Wrote distance file to... 
Computing ML distances based on estimated model parameters...
Calculating distance matrix: done in 4.79221e-05 secs using 87.64% CPU
Computing ML distances took 0.000115 sec (of wall-clock time) 0.000077 sec (of CPU time)
Setting up auxiliary I and S matrices: done in 3.48091e-05 secs using 77.57% CPU
Computing RapidNJ tree took 0.000153 sec (of wall-clock time) 0.000088 sec (of CPU time)
Log-likelihood of RapidNJ tree: -7002.922
--------------------------------------------------------------------
|             INITIALIZING CANDIDATE TREE SET                      |
--------------------------------------------------------------------
Generating 98 parsimony trees... 0.157 second
Computing log-likelihood of 98 initial trees ... 0.289 seconds
Current best score: -6388.433

Do NNI search on 20 best initial trees
Estimate model parameters (epsilon = 0.100)
Initial log-likelihood: -6375.092
Current log-likelihood at step 1: -6375.039
Parameters optimization took 0 rounds (0.012 sec)

BETTER TREE FOUND at iteration 1: -6375.039
Iteration 10 / LogL: -6375.082 / Time: 0h:7m:1s
Estimate model parameters (epsilon = 0.100)
Initial log-likelihood: -6373.457
Current log-likelihood at step 1: -6373.299
Current log-likelihood at step 2: -6373.295
Parameters optimization took 1 rounds (0.026 sec)

BETTER TREE FOUND at iteration 18: -6373.295
Iteration 20 / LogL: -6375.086 / Time: 0h:7m:1s
Finish initializing candidate tree set (5)
Current best tree score: -6373.295 / CPU time: 1.395
Number of iterations: 20
--------------------------------------------------------------------
|               OPTIMIZING CANDIDATE TREE SET                      |
--------------------------------------------------------------------
Iteration 30 / LogL: -6375.077 / Time: 0h:7m:2s (0h:0m:5s left)
Iteration 40 / LogL: -6373.331 / Time: 0h:7m:2s (0h:0m:4s left)
Iteration 50 / LogL: -6375.048 / Time: 0h:7m:3s (0h:0m:3s left)
UPDATE BEST LOG-LIKELIHOOD: -6373.295
Iteration 60 / LogL: -6375.158 / Time: 0h:7m:3s (0h:0m:3s left)
Iteration 70 / LogL: -6374.425 / Time: 0h:7m:3s (0h:0m:2s left)
Iteration 80 / LogL: -6373.588 / Time: 0h:7m:4s (0h:0m:1s left)
Iteration 90 / LogL: -6373.342 / Time: 0h:7m:4s (0h:0m:1s left)
Iteration 100 / LogL: -6375.072 / Time: 0h:7m:5s (0h:0m:0s left)
Iteration 110 / LogL: -6373.346 / Time: 0h:7m:5s (0h:0m:0s left)
TREE SEARCH COMPLETED AFTER 119 ITERATIONS / Time: 0h:7m:6s

--------------------------------------------------------------------
|                    FINALIZING TREE SEARCH                        |
--------------------------------------------------------------------
Performs final model parameters optimization
Estimate model parameters (epsilon = 0.010)
Initial log-likelihood: -6373.295
Current log-likelihood at step 1: -6373.295
Partition-specific rates:  1.300 0.700
Parameters optimization took 0 rounds (0.011 sec)

Partition information was printed to partition_file.nex.best_model.nex
BEST SCORE FOUND : -6373.295
Total tree length: 7.705

Total number of iterations: 119
CPU time used for tree search: 5.798 sec (0h:0m:5s)
Wall-clock time used for tree search: 5.724 sec (0h:0m:5s)
Total CPU time used: 431.823 sec (0h:7m:11s)
Total wall-clock time used: 426.096 sec (0h:7m:6s)

===> START BOOTSTRAP REPLICATE NUMBER 82

Creating bootstrap alignment (seed: 26321)...
WARNING: States(s) E, I, K, M, W rarely appear in partition tdi and may cause numerical problems

Create initial parsimony tree by phylogenetic likelihood library (PLL)... 0.001 seconds
Reading model parameters from file /Users/mful870/Desktop/MD_3di_Dev_02Oct24/Scriptorum/SubstitutionMatrix/3di_substmat
WARNING: Normalizing state frequencies so that sum of them equals to 1

NOTE: 1 MB RAM (0 GB) is required!
Estimate model parameters (epsilon = 0.100)
Initial log-likelihood: -6745.575
Current log-likelihood at step 1: -6620.451
Current log-likelihood at step 2: -6606.657
Current log-likelihood at step 3: -6606.611
Partition-specific rates:  1.267 0.733
Parameters optimization took 2 rounds (0.057 sec)

Wrote distance file to... 
Computing ML distances based on estimated model parameters...
Calculating distance matrix: done in 4.1008e-05 secs using 85.35% CPU
Computing ML distances took 0.000096 sec (of wall-clock time) 0.000064 sec (of CPU time)
Setting up auxiliary I and S matrices: done in 4.1008e-05 secs using 78.03% CPU
Computing RapidNJ tree took 0.000163 sec (of wall-clock time) 0.000093 sec (of CPU time)
Log-likelihood of RapidNJ tree: -7339.564
--------------------------------------------------------------------
|             INITIALIZING CANDIDATE TREE SET                      |
--------------------------------------------------------------------
Generating 98 parsimony trees... 0.144 second
Computing log-likelihood of 98 initial trees ... 0.286 seconds
Current best score: -6606.611

Do NNI search on 20 best initial trees
Estimate model parameters (epsilon = 0.100)
Initial log-likelihood: -6606.611
Current log-likelihood at step 1: -6606.610
Parameters optimization took 0 rounds (0.013 sec)

BETTER TREE FOUND at iteration 1: -6606.610
Estimate model parameters (epsilon = 0.100)
Initial log-likelihood: -6605.986
Current log-likelihood at step 1: -6605.884
Current log-likelihood at step 2: -6605.861
Parameters optimization took 1 rounds (0.022 sec)

BETTER TREE FOUND at iteration 2: -6605.861
Iteration 10 / LogL: -6605.868 / Time: 0h:7m:7s
Iteration 20 / LogL: -6606.404 / Time: 0h:7m:7s
Finish initializing candidate tree set (3)
Current best tree score: -6605.861 / CPU time: 1.163
Number of iterations: 20
--------------------------------------------------------------------
|               OPTIMIZING CANDIDATE TREE SET                      |
--------------------------------------------------------------------
Iteration 30 / LogL: -6605.886 / Time: 0h:7m:7s (0h:0m:4s left)
UPDATE BEST LOG-LIKELIHOOD: -6605.861
Iteration 40 / LogL: -6606.744 / Time: 0h:7m:8s (0h:0m:3s left)
UPDATE BEST LOG-LIKELIHOOD: -6605.859
Iteration 50 / LogL: -6606.628 / Time: 0h:7m:8s (0h:0m:2s left)
Iteration 60 / LogL: -6605.863 / Time: 0h:7m:9s (0h:0m:2s left)
UPDATE BEST LOG-LIKELIHOOD: -6605.858
Iteration 70 / LogL: -6606.629 / Time: 0h:7m:9s (0h:0m:1s left)
Iteration 80 / LogL: -6605.861 / Time: 0h:7m:10s (0h:0m:1s left)
Iteration 90 / LogL: -6606.762 / Time: 0h:7m:10s (0h:0m:0s left)
Iteration 100 / LogL: -6606.113 / Time: 0h:7m:11s (0h:0m:0s left)
TREE SEARCH COMPLETED AFTER 103 ITERATIONS / Time: 0h:7m:11s

--------------------------------------------------------------------
|                    FINALIZING TREE SEARCH                        |
--------------------------------------------------------------------
Performs final model parameters optimization
Estimate model parameters (epsilon = 0.010)
Initial log-likelihood: -6605.858
Current log-likelihood at step 1: -6605.855
Partition-specific rates:  1.269 0.731
Parameters optimization took 0 rounds (0.009 sec)

Partition information was printed to partition_file.nex.best_model.nex
BEST SCORE FOUND : -6605.855
Total tree length: 8.129

Total number of iterations: 103
CPU time used for tree search: 4.967 sec (0h:0m:4s)
Wall-clock time used for tree search: 5.001 sec (0h:0m:5s)
Total CPU time used: 437.021 sec (0h:7m:17s)
Total wall-clock time used: 431.269 sec (0h:7m:11s)

===> START BOOTSTRAP REPLICATE NUMBER 83

Creating bootstrap alignment (seed: 26322)...
WARNING: States(s) E, I, K, M, W rarely appear in partition tdi and may cause numerical problems

Create initial parsimony tree by phylogenetic likelihood library (PLL)... 0.001 seconds
Reading model parameters from file /Users/mful870/Desktop/MD_3di_Dev_02Oct24/Scriptorum/SubstitutionMatrix/3di_substmat
WARNING: Normalizing state frequencies so that sum of them equals to 1

NOTE: 1 MB RAM (0 GB) is required!
Estimate model parameters (epsilon = 0.100)
Initial log-likelihood: -6333.534
Current log-likelihood at step 1: -6191.737
Current log-likelihood at step 2: -6163.968
Current log-likelihood at step 3: -6163.724
Current log-likelihood at step 4: -6163.720
Partition-specific rates:  1.329 0.671
Parameters optimization took 3 rounds (0.078 sec)

Wrote distance file to... 
Computing ML distances based on estimated model parameters...
Calculating distance matrix: done in 6.41346e-05 secs using 76.4% CPU
Computing ML distances took 0.000152 sec (of wall-clock time) 0.000092 sec (of CPU time)
Setting up auxiliary I and S matrices: done in 3.91006e-05 secs using 74.17% CPU
Computing RapidNJ tree took 0.000151 sec (of wall-clock time) 0.000097 sec (of CPU time)
Log-likelihood of RapidNJ tree: -6722.740
--------------------------------------------------------------------
|             INITIALIZING CANDIDATE TREE SET                      |
--------------------------------------------------------------------
Generating 98 parsimony trees... 0.160 second
Computing log-likelihood of 98 initial trees ... 0.295 seconds
Current best score: -6130.695

Do NNI search on 20 best initial trees
Estimate model parameters (epsilon = 0.100)
Initial log-likelihood: -6117.053
Current log-likelihood at step 1: -6116.653
Current log-likelihood at step 2: -6116.652
Parameters optimization took 1 rounds (0.026 sec)

BETTER TREE FOUND at iteration 1: -6116.652
Estimate model parameters (epsilon = 0.100)
Initial log-likelihood: -6115.042
Current log-likelihood at step 1: -6115.014
Parameters optimization took 0 rounds (0.012 sec)

BETTER TREE FOUND at iteration 2: -6115.014
Estimate model parameters (epsilon = 0.100)
Initial log-likelihood: -6113.927
Current log-likelihood at step 1: -6113.915
Parameters optimization took 0 rounds (0.012 sec)

BETTER TREE FOUND at iteration 9: -6113.915
Iteration 10 / LogL: -6115.055 / Time: 0h:7m:12s
Iteration 20 / LogL: -6115.108 / Time: 0h:7m:12s
Finish initializing candidate tree set (4)
Current best tree score: -6113.915 / CPU time: 1.338
Number of iterations: 20
--------------------------------------------------------------------
|               OPTIMIZING CANDIDATE TREE SET                      |
--------------------------------------------------------------------
Iteration 30 / LogL: -6113.930 / Time: 0h:7m:13s (0h:0m:5s left)
Iteration 40 / LogL: -6116.743 / Time: 0h:7m:13s (0h:0m:4s left)
Iteration 50 / LogL: -6113.936 / Time: 0h:7m:14s (0h:0m:3s left)
Iteration 60 / LogL: -6115.036 / Time: 0h:7m:14s (0h:0m:2s left)
Iteration 70 / LogL: -6115.226 / Time: 0h:7m:14s (0h:0m:2s left)
Iteration 80 / LogL: -6113.993 / Time: 0h:7m:15s (0h:0m:1s left)
Iteration 90 / LogL: -6113.936 / Time: 0h:7m:15s (0h:0m:0s left)
Iteration 100 / LogL: -6113.926 / Time: 0h:7m:16s (0h:0m:0s left)
Iteration 110 / LogL: -6114.022 / Time: 0h:7m:16s (0h:0m:-1s left)
TREE SEARCH COMPLETED AFTER 110 ITERATIONS / Time: 0h:7m:16s

--------------------------------------------------------------------
|                    FINALIZING TREE SEARCH                        |
--------------------------------------------------------------------
Performs final model parameters optimization
Estimate model parameters (epsilon = 0.010)
Initial log-likelihood: -6113.915
Current log-likelihood at step 1: -6113.914
Partition-specific rates:  1.307 0.693
Parameters optimization took 0 rounds (0.011 sec)

Partition information was printed to partition_file.nex.best_model.nex
BEST SCORE FOUND : -6113.914
Total tree length: 7.971

Total number of iterations: 110
CPU time used for tree search: 5.475 sec (0h:0m:5s)
Wall-clock time used for tree search: 5.408 sec (0h:0m:5s)
Total CPU time used: 442.660 sec (0h:7m:22s)
Total wall-clock time used: 436.824 sec (0h:7m:16s)

===> START BOOTSTRAP REPLICATE NUMBER 84

Creating bootstrap alignment (seed: 26323)...
WARNING: States(s) E, I, K, M, W rarely appear in partition tdi and may cause numerical problems

Create initial parsimony tree by phylogenetic likelihood library (PLL)... 0.001 seconds
Reading model parameters from file /Users/mful870/Desktop/MD_3di_Dev_02Oct24/Scriptorum/SubstitutionMatrix/3di_substmat
WARNING: Normalizing state frequencies so that sum of them equals to 1

NOTE: 1 MB RAM (0 GB) is required!
Estimate model parameters (epsilon = 0.100)
Initial log-likelihood: -6402.400
Current log-likelihood at step 1: -6287.584
Current log-likelihood at step 2: -6255.261
Current log-likelihood at step 3: -6255.237
Partition-specific rates:  1.335 0.665
Parameters optimization took 2 rounds (0.054 sec)

Wrote distance file to... 
Computing ML distances based on estimated model parameters...
Calculating distance matrix: done in 4.1008e-05 secs using 85.35% CPU
Computing ML distances took 0.000096 sec (of wall-clock time) 0.000064 sec (of CPU time)
Setting up auxiliary I and S matrices: done in 4.19617e-05 secs using 78.64% CPU
Computing RapidNJ tree took 0.000189 sec (of wall-clock time) 0.000112 sec (of CPU time)
Log-likelihood of RapidNJ tree: -6864.069
--------------------------------------------------------------------
|             INITIALIZING CANDIDATE TREE SET                      |
--------------------------------------------------------------------
Generating 98 parsimony trees... 0.146 second
Computing log-likelihood of 98 initial trees ... 0.303 seconds
Current best score: -6255.237

Do NNI search on 20 best initial trees
Estimate model parameters (epsilon = 0.100)
Initial log-likelihood: -6246.144
Current log-likelihood at step 1: -6246.023
Current log-likelihood at step 2: -6246.017
Parameters optimization took 1 rounds (0.026 sec)

BETTER TREE FOUND at iteration 1: -6246.017
Iteration 10 / LogL: -6246.027 / Time: 0h:7m:17s
Iteration 20 / LogL: -6246.224 / Time: 0h:7m:18s
Finish initializing candidate tree set (1)
Current best tree score: -6246.017 / CPU time: 1.435
Number of iterations: 20
--------------------------------------------------------------------
|               OPTIMIZING CANDIDATE TREE SET                      |
--------------------------------------------------------------------
UPDATE BEST LOG-LIKELIHOOD: -6246.016
Iteration 30 / LogL: -6246.162 / Time: 0h:7m:18s (0h:0m:4s left)
Iteration 40 / LogL: -6246.065 / Time: 0h:7m:19s (0h:0m:3s left)
Iteration 50 / LogL: -6246.114 / Time: 0h:7m:19s (0h:0m:2s left)
Iteration 60 / LogL: -6246.084 / Time: 0h:7m:20s (0h:0m:2s left)
Iteration 70 / LogL: -6246.077 / Time: 0h:7m:20s (0h:0m:1s left)
Iteration 80 / LogL: -6246.786 / Time: 0h:7m:20s (0h:0m:1s left)
Iteration 90 / LogL: -6246.514 / Time: 0h:7m:21s (0h:0m:0s left)
Iteration 100 / LogL: -6246.140 / Time: 0h:7m:21s (0h:0m:0s left)
TREE SEARCH COMPLETED AFTER 102 ITERATIONS / Time: 0h:7m:21s

--------------------------------------------------------------------
|                    FINALIZING TREE SEARCH                        |
--------------------------------------------------------------------
Performs final model parameters optimization
Estimate model parameters (epsilon = 0.010)
Initial log-likelihood: -6246.016
Current log-likelihood at step 1: -6246.016
Partition-specific rates:  1.324 0.676
Parameters optimization took 0 rounds (0.011 sec)

Partition information was printed to partition_file.nex.best_model.nex
BEST SCORE FOUND : -6246.016
Total tree length: 8.176

Total number of iterations: 102
CPU time used for tree search: 5.073 sec (0h:0m:5s)
Wall-clock time used for tree search: 4.989 sec (0h:0m:4s)
Total CPU time used: 447.863 sec (0h:7m:27s)
Total wall-clock time used: 441.928 sec (0h:7m:21s)

===> START BOOTSTRAP REPLICATE NUMBER 85

Creating bootstrap alignment (seed: 26324)...
WARNING: States(s) E, I, K, M, W, Y rarely appear in partition tdi and may cause numerical problems

Create initial parsimony tree by phylogenetic likelihood library (PLL)... 0.001 seconds
Reading model parameters from file /Users/mful870/Desktop/MD_3di_Dev_02Oct24/Scriptorum/SubstitutionMatrix/3di_substmat
WARNING: Normalizing state frequencies so that sum of them equals to 1

NOTE: 1 MB RAM (0 GB) is required!
Estimate model parameters (epsilon = 0.100)
Initial log-likelihood: -6539.298
Current log-likelihood at step 1: -6401.566
Current log-likelihood at step 2: -6372.935
Current log-likelihood at step 3: -6372.843
Partition-specific rates:  1.354 0.646
Parameters optimization took 2 rounds (0.061 sec)

Wrote distance file to... 
Computing ML distances based on estimated model parameters...
Calculating distance matrix: done in 4.1008e-05 secs using 85.35% CPU
Computing ML distances took 0.000089 sec (of wall-clock time) 0.000067 sec (of CPU time)
Setting up auxiliary I and S matrices: done in 4.00543e-05 secs using 77.39% CPU
Computing RapidNJ tree took 0.000163 sec (of wall-clock time) 0.000105 sec (of CPU time)
Log-likelihood of RapidNJ tree: -6966.417
--------------------------------------------------------------------
|             INITIALIZING CANDIDATE TREE SET                      |
--------------------------------------------------------------------
Generating 98 parsimony trees... 0.146 second
Computing log-likelihood of 98 initial trees ... 0.292 seconds
Current best score: -6353.266

Do NNI search on 20 best initial trees
Estimate model parameters (epsilon = 0.100)
Initial log-likelihood: -6337.908
Current log-likelihood at step 1: -6337.874
Parameters optimization took 0 rounds (0.012 sec)

BETTER TREE FOUND at iteration 1: -6337.874
UPDATE BEST LOG-LIKELIHOOD: -6337.874
Iteration 10 / LogL: -6338.505 / Time: 0h:7m:23s
UPDATE BEST LOG-LIKELIHOOD: -6337.874
Iteration 20 / LogL: -6337.874 / Time: 0h:7m:23s
Finish initializing candidate tree set (4)
Current best tree score: -6337.874 / CPU time: 1.577
Number of iterations: 20
--------------------------------------------------------------------
|               OPTIMIZING CANDIDATE TREE SET                      |
--------------------------------------------------------------------
Iteration 30 / LogL: -6347.112 / Time: 0h:7m:24s (0h:0m:5s left)
UPDATE BEST LOG-LIKELIHOOD: -6337.874
Iteration 40 / LogL: -6337.874 / Time: 0h:7m:24s (0h:0m:4s left)
UPDATE BEST LOG-LIKELIHOOD: -6337.874
Iteration 50 / LogL: -6337.874 / Time: 0h:7m:25s (0h:0m:3s left)
UPDATE BEST LOG-LIKELIHOOD: -6337.874
Iteration 60 / LogL: -6347.082 / Time: 0h:7m:25s (0h:0m:2s left)
Iteration 70 / LogL: -6347.180 / Time: 0h:7m:26s (0h:0m:1s left)
Iteration 80 / LogL: -6337.874 / Time: 0h:7m:26s (0h:0m:1s left)
Iteration 90 / LogL: -6337.874 / Time: 0h:7m:27s (0h:0m:0s left)
UPDATE BEST LOG-LIKELIHOOD: -6337.874
Iteration 100 / LogL: -6337.874 / Time: 0h:7m:28s (0h:0m:0s left)
TREE SEARCH COMPLETED AFTER 102 ITERATIONS / Time: 0h:7m:28s

--------------------------------------------------------------------
|                    FINALIZING TREE SEARCH                        |
--------------------------------------------------------------------
Performs final model parameters optimization
Estimate model parameters (epsilon = 0.010)
Initial log-likelihood: -6337.874
Current log-likelihood at step 1: -6337.874
Partition-specific rates:  1.361 0.639
Parameters optimization took 0 rounds (0.011 sec)

Partition information was printed to partition_file.nex.best_model.nex
BEST SCORE FOUND : -6337.874
Total tree length: 8.028

Total number of iterations: 102
CPU time used for tree search: 6.223 sec (0h:0m:6s)
Wall-clock time used for tree search: 6.171 sec (0h:0m:6s)
Total CPU time used: 454.227 sec (0h:7m:34s)
Total wall-clock time used: 448.234 sec (0h:7m:28s)

===> START BOOTSTRAP REPLICATE NUMBER 86

Creating bootstrap alignment (seed: 26325)...
WARNING: States(s) E, I, K, M, W rarely appear in partition tdi and may cause numerical problems

Create initial parsimony tree by phylogenetic likelihood library (PLL)... 0.001 seconds
Reading model parameters from file /Users/mful870/Desktop/MD_3di_Dev_02Oct24/Scriptorum/SubstitutionMatrix/3di_substmat
WARNING: Normalizing state frequencies so that sum of them equals to 1

NOTE: 1 MB RAM (0 GB) is required!
Estimate model parameters (epsilon = 0.100)
Initial log-likelihood: -6435.983
Current log-likelihood at step 1: -6316.133
Current log-likelihood at step 2: -6292.402
Current log-likelihood at step 3: -6292.397
Partition-specific rates:  1.331 0.669
Parameters optimization took 2 rounds (0.052 sec)

Wrote distance file to... 
Computing ML distances based on estimated model parameters...
Calculating distance matrix: done in 4.1008e-05 secs using 87.79% CPU
Computing ML distances took 0.000089 sec (of wall-clock time) 0.000067 sec (of CPU time)
Setting up auxiliary I and S matrices: done in 3.09944e-05 secs using 77.43% CPU
Computing RapidNJ tree took 0.000119 sec (of wall-clock time) 0.000073 sec (of CPU time)
Log-likelihood of RapidNJ tree: -6960.876
--------------------------------------------------------------------
|             INITIALIZING CANDIDATE TREE SET                      |
--------------------------------------------------------------------
Generating 98 parsimony trees... 0.153 second
Computing log-likelihood of 96 initial trees ... 0.294 seconds
Current best score: -6292.131

Do NNI search on 20 best initial trees
Estimate model parameters (epsilon = 0.100)
Initial log-likelihood: -6285.374
Current log-likelihood at step 1: -6285.336
Parameters optimization took 0 rounds (0.012 sec)

BETTER TREE FOUND at iteration 1: -6285.336
Iteration 10 / LogL: -6285.369 / Time: 0h:7m:29s
Iteration 20 / LogL: -6285.493 / Time: 0h:7m:29s
Finish initializing candidate tree set (1)
Current best tree score: -6285.336 / CPU time: 1.301
Number of iterations: 20
--------------------------------------------------------------------
|               OPTIMIZING CANDIDATE TREE SET                      |
--------------------------------------------------------------------
Iteration 30 / LogL: -6285.359 / Time: 0h:7m:30s (0h:0m:4s left)
Iteration 40 / LogL: -6285.872 / Time: 0h:7m:30s (0h:0m:3s left)
UPDATE BEST LOG-LIKELIHOOD: -6285.335
Iteration 50 / LogL: -6285.357 / Time: 0h:7m:30s (0h:0m:2s left)
UPDATE BEST LOG-LIKELIHOOD: -6285.332
Iteration 60 / LogL: -6285.448 / Time: 0h:7m:31s (0h:0m:2s left)
Iteration 70 / LogL: -6285.343 / Time: 0h:7m:31s (0h:0m:1s left)
UPDATE BEST LOG-LIKELIHOOD: -6285.332
Iteration 80 / LogL: -6285.336 / Time: 0h:7m:32s (0h:0m:1s left)
Iteration 90 / LogL: -6285.343 / Time: 0h:7m:32s (0h:0m:0s left)
UPDATE BEST LOG-LIKELIHOOD: -6285.331
Iteration 100 / LogL: -6285.351 / Time: 0h:7m:32s (0h:0m:0s left)
TREE SEARCH COMPLETED AFTER 102 ITERATIONS / Time: 0h:7m:33s

--------------------------------------------------------------------
|                    FINALIZING TREE SEARCH                        |
--------------------------------------------------------------------
Performs final model parameters optimization
Estimate model parameters (epsilon = 0.010)
Initial log-likelihood: -6285.331
Current log-likelihood at step 1: -6285.331
Partition-specific rates:  1.332 0.668
Parameters optimization took 0 rounds (0.012 sec)

Partition information was printed to partition_file.nex.best_model.nex
BEST SCORE FOUND : -6285.331
Total tree length: 7.364

Total number of iterations: 102
CPU time used for tree search: 4.740 sec (0h:0m:4s)
Wall-clock time used for tree search: 4.694 sec (0h:0m:4s)
Total CPU time used: 459.093 sec (0h:7m:39s)
Total wall-clock time used: 453.041 sec (0h:7m:33s)

===> START BOOTSTRAP REPLICATE NUMBER 87

Creating bootstrap alignment (seed: 26326)...
WARNING: States(s) E, I, K, M, W rarely appear in partition tdi and may cause numerical problems

Create initial parsimony tree by phylogenetic likelihood library (PLL)... 0.001 seconds
Reading model parameters from file /Users/mful870/Desktop/MD_3di_Dev_02Oct24/Scriptorum/SubstitutionMatrix/3di_substmat
WARNING: Normalizing state frequencies so that sum of them equals to 1

NOTE: 1 MB RAM (0 GB) is required!
Estimate model parameters (epsilon = 0.100)
Initial log-likelihood: -6430.226
Current log-likelihood at step 1: -6283.997
Current log-likelihood at step 2: -6250.402
Current log-likelihood at step 3: -6250.374
Partition-specific rates:  1.391 0.609
Parameters optimization took 2 rounds (0.054 sec)

Wrote distance file to... 
Computing ML distances based on estimated model parameters...
Calculating distance matrix: done in 3.88622e-05 secs using 87.49% CPU
Computing ML distances took 0.000087 sec (of wall-clock time) 0.000063 sec (of CPU time)
Setting up auxiliary I and S matrices: done in 3.69549e-05 secs using 78.47% CPU
Computing RapidNJ tree took 0.000155 sec (of wall-clock time) 0.000097 sec (of CPU time)
Log-likelihood of RapidNJ tree: -6711.889
--------------------------------------------------------------------
|             INITIALIZING CANDIDATE TREE SET                      |
--------------------------------------------------------------------
Generating 98 parsimony trees... 0.154 second
Computing log-likelihood of 98 initial trees ... 0.281 seconds
Current best score: -6246.558

Do NNI search on 20 best initial trees
Estimate model parameters (epsilon = 0.100)
Initial log-likelihood: -6234.325
Current log-likelihood at step 1: -6233.990
Current log-likelihood at step 2: -6233.988
Parameters optimization took 1 rounds (0.031 sec)

BETTER TREE FOUND at iteration 1: -6233.988
Iteration 10 / LogL: -6234.434 / Time: 0h:7m:33s
Iteration 20 / LogL: -6234.031 / Time: 0h:7m:34s
Finish initializing candidate tree set (3)
Current best tree score: -6233.988 / CPU time: 1.334
Number of iterations: 20
--------------------------------------------------------------------
|               OPTIMIZING CANDIDATE TREE SET                      |
--------------------------------------------------------------------
Iteration 30 / LogL: -6239.286 / Time: 0h:7m:34s (0h:0m:4s left)
Iteration 40 / LogL: -6242.817 / Time: 0h:7m:35s (0h:0m:3s left)
Iteration 50 / LogL: -6239.231 / Time: 0h:7m:35s (0h:0m:2s left)
Iteration 60 / LogL: -6242.752 / Time: 0h:7m:36s (0h:0m:2s left)
Iteration 70 / LogL: -6235.612 / Time: 0h:7m:36s (0h:0m:1s left)
Iteration 80 / LogL: -6235.570 / Time: 0h:7m:37s (0h:0m:1s left)
Iteration 90 / LogL: -6235.571 / Time: 0h:7m:37s (0h:0m:0s left)
Iteration 100 / LogL: -6242.720 / Time: 0h:7m:38s (0h:0m:0s left)
TREE SEARCH COMPLETED AFTER 102 ITERATIONS / Time: 0h:7m:38s

--------------------------------------------------------------------
|                    FINALIZING TREE SEARCH                        |
--------------------------------------------------------------------
Performs final model parameters optimization
Estimate model parameters (epsilon = 0.010)
Initial log-likelihood: -6233.988
Current log-likelihood at step 1: -6233.987
Partition-specific rates:  1.390 0.610
Parameters optimization took 0 rounds (0.011 sec)

Partition information was printed to partition_file.nex.best_model.nex
BEST SCORE FOUND : -6233.987
Total tree length: 8.061

Total number of iterations: 102
CPU time used for tree search: 5.180 sec (0h:0m:5s)
Wall-clock time used for tree search: 5.095 sec (0h:0m:5s)
Total CPU time used: 464.392 sec (0h:7m:44s)
Total wall-clock time used: 458.247 sec (0h:7m:38s)

===> START BOOTSTRAP REPLICATE NUMBER 88

Creating bootstrap alignment (seed: 26327)...
WARNING: States(s) E, I, K, M rarely appear in partition tdi and may cause numerical problems

Create initial parsimony tree by phylogenetic likelihood library (PLL)... 0.001 seconds
Reading model parameters from file /Users/mful870/Desktop/MD_3di_Dev_02Oct24/Scriptorum/SubstitutionMatrix/3di_substmat
WARNING: Normalizing state frequencies so that sum of them equals to 1

NOTE: 1 MB RAM (0 GB) is required!
Estimate model parameters (epsilon = 0.100)
Initial log-likelihood: -6462.577
Current log-likelihood at step 1: -6352.708
Current log-likelihood at step 2: -6340.032
Current log-likelihood at step 3: -6340.008
Partition-specific rates:  1.252 0.748
Parameters optimization took 2 rounds (0.052 sec)

Wrote distance file to... 
Computing ML distances based on estimated model parameters...
Calculating distance matrix: done in 4.1008e-05 secs using 87.79% CPU
Computing ML distances took 0.000096 sec (of wall-clock time) 0.000064 sec (of CPU time)
Setting up auxiliary I and S matrices: done in 3.21865e-05 secs using 77.67% CPU
Computing RapidNJ tree took 0.000149 sec (of wall-clock time) 0.000081 sec (of CPU time)
Log-likelihood of RapidNJ tree: -6918.089
--------------------------------------------------------------------
|             INITIALIZING CANDIDATE TREE SET                      |
--------------------------------------------------------------------
Generating 98 parsimony trees... 0.152 second
Computing log-likelihood of 97 initial trees ... 0.266 seconds
Current best score: -6340.008

Do NNI search on 20 best initial trees
Estimate model parameters (epsilon = 0.100)
Initial log-likelihood: -6340.008
Current log-likelihood at step 1: -6340.007
Parameters optimization took 0 rounds (0.008 sec)

BETTER TREE FOUND at iteration 1: -6340.007
Iteration 10 / LogL: -6345.921 / Time: 0h:7m:39s
Iteration 20 / LogL: -6347.175 / Time: 0h:7m:39s
Finish initializing candidate tree set (3)
Current best tree score: -6340.007 / CPU time: 1.147
Number of iterations: 20
--------------------------------------------------------------------
|               OPTIMIZING CANDIDATE TREE SET                      |
--------------------------------------------------------------------
Iteration 30 / LogL: -6340.027 / Time: 0h:7m:39s (0h:0m:4s left)
Iteration 40 / LogL: -6340.029 / Time: 0h:7m:40s (0h:0m:3s left)
Iteration 50 / LogL: -6347.163 / Time: 0h:7m:40s (0h:0m:2s left)
Iteration 60 / LogL: -6340.028 / Time: 0h:7m:41s (0h:0m:2s left)
Iteration 70 / LogL: -6340.041 / Time: 0h:7m:41s (0h:0m:1s left)
Iteration 80 / LogL: -6341.876 / Time: 0h:7m:42s (0h:0m:1s left)
UPDATE BEST LOG-LIKELIHOOD: -6340.007
Iteration 90 / LogL: -6340.165 / Time: 0h:7m:42s (0h:0m:0s left)
Iteration 100 / LogL: -6340.031 / Time: 0h:7m:43s (0h:0m:0s left)
TREE SEARCH COMPLETED AFTER 102 ITERATIONS / Time: 0h:7m:43s

--------------------------------------------------------------------
|                    FINALIZING TREE SEARCH                        |
--------------------------------------------------------------------
Performs final model parameters optimization
Estimate model parameters (epsilon = 0.010)
Initial log-likelihood: -6340.007
Current log-likelihood at step 1: -6340.007
Partition-specific rates:  1.252 0.748
Parameters optimization took 0 rounds (0.008 sec)

Partition information was printed to partition_file.nex.best_model.nex
BEST SCORE FOUND : -6340.007
Total tree length: 7.538

Total number of iterations: 102
CPU time used for tree search: 4.897 sec (0h:0m:4s)
Wall-clock time used for tree search: 4.811 sec (0h:0m:4s)
Total CPU time used: 469.410 sec (0h:7m:49s)
Total wall-clock time used: 463.167 sec (0h:7m:43s)

===> START BOOTSTRAP REPLICATE NUMBER 89

Creating bootstrap alignment (seed: 26328)...
WARNING: States(s) E, I, K, M, Y rarely appear in partition tdi and may cause numerical problems

Create initial parsimony tree by phylogenetic likelihood library (PLL)... 0.001 seconds
Reading model parameters from file /Users/mful870/Desktop/MD_3di_Dev_02Oct24/Scriptorum/SubstitutionMatrix/3di_substmat
WARNING: Normalizing state frequencies so that sum of them equals to 1

NOTE: 1 MB RAM (0 GB) is required!
Estimate model parameters (epsilon = 0.100)
Initial log-likelihood: -6641.229
Current log-likelihood at step 1: -6511.019
Current log-likelihood at step 2: -6492.264
Current log-likelihood at step 3: -6492.262
Partition-specific rates:  1.320 0.680
Parameters optimization took 2 rounds (0.051 sec)

Wrote distance file to... 
Computing ML distances based on estimated model parameters...
Calculating distance matrix: done in 3.91006e-05 secs using 84.4% CPU
Computing ML distances took 0.000093 sec (of wall-clock time) 0.000062 sec (of CPU time)
Setting up auxiliary I and S matrices: done in 2.71797e-05 secs using 73.58% CPU
Computing RapidNJ tree took 0.000116 sec (of wall-clock time) 0.000070 sec (of CPU time)
Log-likelihood of RapidNJ tree: -7156.828
--------------------------------------------------------------------
|             INITIALIZING CANDIDATE TREE SET                      |
--------------------------------------------------------------------
Generating 98 parsimony trees... 0.139 second
Computing log-likelihood of 98 initial trees ... 0.292 seconds
Current best score: -6492.262

Do NNI search on 20 best initial trees
Estimate model parameters (epsilon = 0.100)
Initial log-likelihood: -6482.172
Current log-likelihood at step 1: -6481.988
Current log-likelihood at step 2: -6481.988
Parameters optimization took 1 rounds (0.023 sec)

BETTER TREE FOUND at iteration 1: -6481.988
UPDATE BEST LOG-LIKELIHOOD: -6481.988
Iteration 10 / LogL: -6481.988 / Time: 0h:7m:44s
Iteration 20 / LogL: -6481.988 / Time: 0h:7m:45s
Finish initializing candidate tree set (3)
Current best tree score: -6481.988 / CPU time: 1.776
Number of iterations: 20
--------------------------------------------------------------------
|               OPTIMIZING CANDIDATE TREE SET                      |
--------------------------------------------------------------------
Iteration 30 / LogL: -6481.988 / Time: 0h:7m:45s (0h:0m:6s left)
Iteration 40 / LogL: -6481.988 / Time: 0h:7m:46s (0h:0m:4s left)
Iteration 50 / LogL: -6481.988 / Time: 0h:7m:46s (0h:0m:3s left)
Iteration 60 / LogL: -6481.988 / Time: 0h:7m:47s (0h:0m:2s left)
Iteration 70 / LogL: -6481.988 / Time: 0h:7m:47s (0h:0m:2s left)
Iteration 80 / LogL: -6481.988 / Time: 0h:7m:48s (0h:0m:1s left)
Iteration 90 / LogL: -6482.583 / Time: 0h:7m:49s (0h:0m:0s left)
Iteration 100 / LogL: -6481.988 / Time: 0h:7m:49s (0h:0m:0s left)
TREE SEARCH COMPLETED AFTER 102 ITERATIONS / Time: 0h:7m:49s

--------------------------------------------------------------------
|                    FINALIZING TREE SEARCH                        |
--------------------------------------------------------------------
Performs final model parameters optimization
Estimate model parameters (epsilon = 0.010)
Initial log-likelihood: -6481.988
Current log-likelihood at step 1: -6481.988
Partition-specific rates:  1.336 0.664
Parameters optimization took 0 rounds (0.011 sec)

Partition information was printed to partition_file.nex.best_model.nex
BEST SCORE FOUND : -6481.988
Total tree length: 7.668

Total number of iterations: 102
CPU time used for tree search: 6.657 sec (0h:0m:6s)
Wall-clock time used for tree search: 6.646 sec (0h:0m:6s)
Total CPU time used: 476.210 sec (0h:7m:56s)
Total wall-clock time used: 469.933 sec (0h:7m:49s)

===> START BOOTSTRAP REPLICATE NUMBER 90

Creating bootstrap alignment (seed: 26329)...
WARNING: States(s) E, I, K, M rarely appear in partition tdi and may cause numerical problems

Create initial parsimony tree by phylogenetic likelihood library (PLL)... 0.001 seconds
Reading model parameters from file /Users/mful870/Desktop/MD_3di_Dev_02Oct24/Scriptorum/SubstitutionMatrix/3di_substmat
WARNING: Normalizing state frequencies so that sum of them equals to 1

NOTE: 1 MB RAM (0 GB) is required!
Estimate model parameters (epsilon = 0.100)
Initial log-likelihood: -6479.013
Current log-likelihood at step 1: -6347.028
Current log-likelihood at step 2: -6313.799
Current log-likelihood at step 3: -6313.788
Partition-specific rates:  1.374 0.626
Parameters optimization took 2 rounds (0.059 sec)

Wrote distance file to... 
Computing ML distances based on estimated model parameters...
Calculating distance matrix: done in 4.19617e-05 secs using 83.41% CPU
Computing ML distances took 0.000098 sec (of wall-clock time) 0.000064 sec (of CPU time)
Setting up auxiliary I and S matrices: done in 3.29018e-05 secs using 82.06% CPU
Computing RapidNJ tree took 0.000135 sec (of wall-clock time) 0.000078 sec (of CPU time)
Log-likelihood of RapidNJ tree: -6874.814
--------------------------------------------------------------------
|             INITIALIZING CANDIDATE TREE SET                      |
--------------------------------------------------------------------
Generating 98 parsimony trees... 0.159 second
Computing log-likelihood of 98 initial trees ... 0.303 seconds
Current best score: -6313.788

Do NNI search on 20 best initial trees
Estimate model parameters (epsilon = 0.100)
Initial log-likelihood: -6303.810
Current log-likelihood at step 1: -6303.615
Current log-likelihood at step 2: -6303.611
Parameters optimization took 1 rounds (0.026 sec)

BETTER TREE FOUND at iteration 1: -6303.611
Iteration 10 / LogL: -6303.693 / Time: 0h:7m:50s
Iteration 20 / LogL: -6303.721 / Time: 0h:7m:51s
Finish initializing candidate tree set (2)
Current best tree score: -6303.611 / CPU time: 1.314
Number of iterations: 20
--------------------------------------------------------------------
|               OPTIMIZING CANDIDATE TREE SET                      |
--------------------------------------------------------------------
Iteration 30 / LogL: -6303.681 / Time: 0h:7m:51s (0h:0m:4s left)
Iteration 40 / LogL: -6303.639 / Time: 0h:7m:52s (0h:0m:3s left)
Iteration 50 / LogL: -6304.685 / Time: 0h:7m:52s (0h:0m:3s left)
Iteration 60 / LogL: -6303.721 / Time: 0h:7m:53s (0h:0m:2s left)
Iteration 70 / LogL: -6303.657 / Time: 0h:7m:53s (0h:0m:1s left)
Iteration 80 / LogL: -6303.690 / Time: 0h:7m:54s (0h:0m:1s left)
Iteration 90 / LogL: -6303.780 / Time: 0h:7m:54s (0h:0m:0s left)
Iteration 100 / LogL: -6304.126 / Time: 0h:7m:55s (0h:0m:0s left)
TREE SEARCH COMPLETED AFTER 102 ITERATIONS / Time: 0h:7m:55s

--------------------------------------------------------------------
|                    FINALIZING TREE SEARCH                        |
--------------------------------------------------------------------
Performs final model parameters optimization
Estimate model parameters (epsilon = 0.010)
Initial log-likelihood: -6303.611
Current log-likelihood at step 1: -6303.610
Partition-specific rates:  1.377 0.623
Parameters optimization took 0 rounds (0.011 sec)

Partition information was printed to partition_file.nex.best_model.nex
BEST SCORE FOUND : -6303.610
Total tree length: 8.182

Total number of iterations: 102
CPU time used for tree search: 5.275 sec (0h:0m:5s)
Wall-clock time used for tree search: 5.202 sec (0h:0m:5s)
Total CPU time used: 481.617 sec (0h:8m:1s)
Total wall-clock time used: 475.257 sec (0h:7m:55s)

===> START BOOTSTRAP REPLICATE NUMBER 91

Creating bootstrap alignment (seed: 26330)...
WARNING: States(s) E, I, K, M, W rarely appear in partition tdi and may cause numerical problems

Create initial parsimony tree by phylogenetic likelihood library (PLL)... 0.001 seconds
Reading model parameters from file /Users/mful870/Desktop/MD_3di_Dev_02Oct24/Scriptorum/SubstitutionMatrix/3di_substmat
WARNING: Normalizing state frequencies so that sum of them equals to 1

NOTE: 1 MB RAM (0 GB) is required!
Estimate model parameters (epsilon = 0.100)
Initial log-likelihood: -6530.239
Current log-likelihood at step 1: -6404.764
Current log-likelihood at step 2: -6378.792
Current log-likelihood at step 3: -6378.785
Partition-specific rates:  1.341 0.659
Parameters optimization took 2 rounds (0.055 sec)

Wrote distance file to... 
Computing ML distances based on estimated model parameters...
Calculating distance matrix: done in 4.00543e-05 secs using 82.39% CPU
Computing ML distances took 0.000096 sec (of wall-clock time) 0.000064 sec (of CPU time)
Setting up auxiliary I and S matrices: done in 2.71797e-05 secs using 77.26% CPU
Computing RapidNJ tree took 0.000126 sec (of wall-clock time) 0.000071 sec (of CPU time)
Log-likelihood of RapidNJ tree: -6974.761
--------------------------------------------------------------------
|             INITIALIZING CANDIDATE TREE SET                      |
--------------------------------------------------------------------
Generating 98 parsimony trees... 0.153 second
Computing log-likelihood of 98 initial trees ... 0.323 seconds
Current best score: -6374.469

Do NNI search on 20 best initial trees
Estimate model parameters (epsilon = 0.100)
Initial log-likelihood: -6359.190
Current log-likelihood at step 1: -6359.114
Parameters optimization took 0 rounds (0.014 sec)

BETTER TREE FOUND at iteration 1: -6359.114
Iteration 10 / LogL: -6359.132 / Time: 0h:7m:56s
Estimate model parameters (epsilon = 0.100)
Initial log-likelihood: -6357.719
Current log-likelihood at step 1: -6357.474
Current log-likelihood at step 2: -6357.471
Parameters optimization took 1 rounds (0.025 sec)

BETTER TREE FOUND at iteration 13: -6357.471
Iteration 20 / LogL: -6359.499 / Time: 0h:7m:56s
Finish initializing candidate tree set (4)
Current best tree score: -6357.471 / CPU time: 1.365
Number of iterations: 20
--------------------------------------------------------------------
|               OPTIMIZING CANDIDATE TREE SET                      |
--------------------------------------------------------------------
Iteration 30 / LogL: -6358.263 / Time: 0h:7m:57s (0h:0m:5s left)
Iteration 40 / LogL: -6359.302 / Time: 0h:7m:57s (0h:0m:4s left)
Iteration 50 / LogL: -6358.395 / Time: 0h:7m:57s (0h:0m:3s left)
UPDATE BEST LOG-LIKELIHOOD: -6357.470
Iteration 60 / LogL: -6358.413 / Time: 0h:7m:58s (0h:0m:2s left)
Iteration 70 / LogL: -6359.206 / Time: 0h:7m:58s (0h:0m:2s left)
Iteration 80 / LogL: -6358.383 / Time: 0h:7m:59s (0h:0m:1s left)
Iteration 90 / LogL: -6357.500 / Time: 0h:7m:59s (0h:0m:1s left)
Iteration 100 / LogL: -6358.311 / Time: 0h:8m:0s (0h:0m:0s left)
Iteration 110 / LogL: -6359.445 / Time: 0h:8m:0s (0h:0m:0s left)
TREE SEARCH COMPLETED AFTER 114 ITERATIONS / Time: 0h:8m:0s

--------------------------------------------------------------------
|                    FINALIZING TREE SEARCH                        |
--------------------------------------------------------------------
Performs final model parameters optimization
Estimate model parameters (epsilon = 0.010)
Initial log-likelihood: -6357.470
Current log-likelihood at step 1: -6357.470
Partition-specific rates:  1.324 0.676
Parameters optimization took 0 rounds (0.011 sec)

Partition information was printed to partition_file.nex.best_model.nex
BEST SCORE FOUND : -6357.470
Total tree length: 7.952

Total number of iterations: 114
CPU time used for tree search: 5.407 sec (0h:0m:5s)
Wall-clock time used for tree search: 5.334 sec (0h:0m:5s)
Total CPU time used: 487.148 sec (0h:8m:7s)
Total wall-clock time used: 480.706 sec (0h:8m:0s)

===> START BOOTSTRAP REPLICATE NUMBER 92

Creating bootstrap alignment (seed: 26331)...
WARNING: States(s) E, I, K, M rarely appear in partition tdi and may cause numerical problems

Create initial parsimony tree by phylogenetic likelihood library (PLL)... 0.001 seconds
Reading model parameters from file /Users/mful870/Desktop/MD_3di_Dev_02Oct24/Scriptorum/SubstitutionMatrix/3di_substmat
WARNING: Normalizing state frequencies so that sum of them equals to 1

NOTE: 1 MB RAM (0 GB) is required!
Estimate model parameters (epsilon = 0.100)
Initial log-likelihood: -6293.117
Current log-likelihood at step 1: -6153.561
Current log-likelihood at step 2: -6119.412
Current log-likelihood at step 3: -6119.408
Partition-specific rates:  1.388 0.612
Parameters optimization took 2 rounds (0.066 sec)

Wrote distance file to... 
Computing ML distances based on estimated model parameters...
Calculating distance matrix: done in 4.41074e-05 secs using 83.89% CPU
Computing ML distances took 0.000102 sec (of wall-clock time) 0.000069 sec (of CPU time)
Setting up auxiliary I and S matrices: done in 3.00407e-05 secs using 79.89% CPU
Computing RapidNJ tree took 0.000131 sec (of wall-clock time) 0.000076 sec (of CPU time)
Log-likelihood of RapidNJ tree: -6716.398
--------------------------------------------------------------------
|             INITIALIZING CANDIDATE TREE SET                      |
--------------------------------------------------------------------
Generating 98 parsimony trees... 0.161 second
Computing log-likelihood of 97 initial trees ... 0.294 seconds
Current best score: -6119.408

Do NNI search on 20 best initial trees
Estimate model parameters (epsilon = 0.100)
Initial log-likelihood: -6090.949
Current log-likelihood at step 1: -6090.870
Parameters optimization took 0 rounds (0.012 sec)

BETTER TREE FOUND at iteration 1: -6090.870
UPDATE BEST LOG-LIKELIHOOD: -6090.865
Iteration 10 / LogL: -6090.905 / Time: 0h:8m:1s
Iteration 20 / LogL: -6091.015 / Time: 0h:8m:2s
Finish initializing candidate tree set (2)
Current best tree score: -6090.865 / CPU time: 1.487
Number of iterations: 20
--------------------------------------------------------------------
|               OPTIMIZING CANDIDATE TREE SET                      |
--------------------------------------------------------------------
Iteration 30 / LogL: -6090.881 / Time: 0h:8m:2s (0h:0m:4s left)
UPDATE BEST LOG-LIKELIHOOD: -6090.865
Iteration 40 / LogL: -6090.880 / Time: 0h:8m:3s (0h:0m:3s left)
Iteration 50 / LogL: -6091.224 / Time: 0h:8m:3s (0h:0m:3s left)
Iteration 60 / LogL: -6091.112 / Time: 0h:8m:4s (0h:0m:2s left)
UPDATE BEST LOG-LIKELIHOOD: -6090.865
UPDATE BEST LOG-LIKELIHOOD: -6090.864
Iteration 70 / LogL: -6090.864 / Time: 0h:8m:4s (0h:0m:1s left)
Iteration 80 / LogL: -6090.880 / Time: 0h:8m:4s (0h:0m:1s left)
Iteration 90 / LogL: -6091.946 / Time: 0h:8m:5s (0h:0m:0s left)
Iteration 100 / LogL: -6091.391 / Time: 0h:8m:5s (0h:0m:0s left)
TREE SEARCH COMPLETED AFTER 102 ITERATIONS / Time: 0h:8m:5s

--------------------------------------------------------------------
|                    FINALIZING TREE SEARCH                        |
--------------------------------------------------------------------
Performs final model parameters optimization
Estimate model parameters (epsilon = 0.010)
Initial log-likelihood: -6090.864
Current log-likelihood at step 1: -6090.864
Partition-specific rates:  1.393 0.607
Parameters optimization took 0 rounds (0.011 sec)

Partition information was printed to partition_file.nex.best_model.nex
BEST SCORE FOUND : -6090.864
Total tree length: 7.978

Total number of iterations: 102
CPU time used for tree search: 5.110 sec (0h:0m:5s)
Wall-clock time used for tree search: 5.045 sec (0h:0m:5s)
Total CPU time used: 492.399 sec (0h:8m:12s)
Total wall-clock time used: 485.878 sec (0h:8m:5s)

===> START BOOTSTRAP REPLICATE NUMBER 93

Creating bootstrap alignment (seed: 26332)...
WARNING: States(s) E, I, K, M, W rarely appear in partition tdi and may cause numerical problems

Create initial parsimony tree by phylogenetic likelihood library (PLL)... 0.001 seconds
Reading model parameters from file /Users/mful870/Desktop/MD_3di_Dev_02Oct24/Scriptorum/SubstitutionMatrix/3di_substmat
WARNING: Normalizing state frequencies so that sum of them equals to 1

NOTE: 1 MB RAM (0 GB) is required!
Estimate model parameters (epsilon = 0.100)
Initial log-likelihood: -6475.914
Current log-likelihood at step 1: -6336.575
Current log-likelihood at step 2: -6307.927
Current log-likelihood at step 3: -6307.920
Partition-specific rates:  1.339 0.661
Parameters optimization took 2 rounds (0.060 sec)

Wrote distance file to... 
Computing ML distances based on estimated model parameters...
Calculating distance matrix: done in 4.81606e-05 secs using 85.13% CPU
Computing ML distances took 0.000106 sec (of wall-clock time) 0.000070 sec (of CPU time)
Setting up auxiliary I and S matrices: done in 3.91006e-05 secs using 74.17% CPU
Computing RapidNJ tree took 0.000199 sec (of wall-clock time) 0.000112 sec (of CPU time)
Log-likelihood of RapidNJ tree: -6910.136
--------------------------------------------------------------------
|             INITIALIZING CANDIDATE TREE SET                      |
--------------------------------------------------------------------
Generating 98 parsimony trees... 0.150 second
Computing log-likelihood of 98 initial trees ... 0.278 seconds
Current best score: -6307.920

Do NNI search on 20 best initial trees
Estimate model parameters (epsilon = 0.100)
Initial log-likelihood: -6291.429
Current log-likelihood at step 1: -6291.400
Parameters optimization took 0 rounds (0.011 sec)

BETTER TREE FOUND at iteration 1: -6291.400
Iteration 10 / LogL: -6291.417 / Time: 0h:8m:6s
Iteration 20 / LogL: -6291.746 / Time: 0h:8m:7s
Finish initializing candidate tree set (1)
Current best tree score: -6291.400 / CPU time: 1.374
Number of iterations: 20
--------------------------------------------------------------------
|               OPTIMIZING CANDIDATE TREE SET                      |
--------------------------------------------------------------------
Iteration 30 / LogL: -6291.492 / Time: 0h:8m:7s (0h:0m:4s left)
UPDATE BEST LOG-LIKELIHOOD: -6291.397
Iteration 40 / LogL: -6291.416 / Time: 0h:8m:8s (0h:0m:3s left)
Iteration 50 / LogL: -6291.410 / Time: 0h:8m:8s (0h:0m:2s left)
Iteration 60 / LogL: -6291.411 / Time: 0h:8m:9s (0h:0m:2s left)
Iteration 70 / LogL: -6291.410 / Time: 0h:8m:9s (0h:0m:1s left)
UPDATE BEST LOG-LIKELIHOOD: -6291.396
Iteration 80 / LogL: -6291.417 / Time: 0h:8m:9s (0h:0m:1s left)
Iteration 90 / LogL: -6291.414 / Time: 0h:8m:10s (0h:0m:0s left)
UPDATE BEST LOG-LIKELIHOOD: -6291.396
Iteration 100 / LogL: -6291.644 / Time: 0h:8m:10s (0h:0m:0s left)
TREE SEARCH COMPLETED AFTER 102 ITERATIONS / Time: 0h:8m:10s

--------------------------------------------------------------------
|                    FINALIZING TREE SEARCH                        |
--------------------------------------------------------------------
Performs final model parameters optimization
Estimate model parameters (epsilon = 0.010)
Initial log-likelihood: -6291.396
Current log-likelihood at step 1: -6291.396
Partition-specific rates:  1.342 0.658
Parameters optimization took 0 rounds (0.011 sec)

Partition information was printed to partition_file.nex.best_model.nex
BEST SCORE FOUND : -6291.396
Total tree length: 8.038

Total number of iterations: 102
CPU time used for tree search: 4.911 sec (0h:0m:4s)
Wall-clock time used for tree search: 4.832 sec (0h:0m:4s)
Total CPU time used: 497.447 sec (0h:8m:17s)
Total wall-clock time used: 490.835 sec (0h:8m:10s)

===> START BOOTSTRAP REPLICATE NUMBER 94

Creating bootstrap alignment (seed: 26333)...
WARNING: States(s) E, I, K, M rarely appear in partition tdi and may cause numerical problems

Create initial parsimony tree by phylogenetic likelihood library (PLL)... 0.001 seconds
Reading model parameters from file /Users/mful870/Desktop/MD_3di_Dev_02Oct24/Scriptorum/SubstitutionMatrix/3di_substmat
WARNING: Normalizing state frequencies so that sum of them equals to 1

NOTE: 1 MB RAM (0 GB) is required!
Estimate model parameters (epsilon = 0.100)
Initial log-likelihood: -6509.606
Current log-likelihood at step 1: -6377.151
Current log-likelihood at step 2: -6353.484
Current log-likelihood at step 3: -6353.483
Partition-specific rates:  1.341 0.659
Parameters optimization took 2 rounds (0.054 sec)

Wrote distance file to... 
Computing ML distances based on estimated model parameters...
Calculating distance matrix: done in 4.1008e-05 secs using 85.35% CPU
Computing ML distances took 0.000099 sec (of wall-clock time) 0.000065 sec (of CPU time)
Setting up auxiliary I and S matrices: done in 3.29018e-05 secs using 82.06% CPU
Computing RapidNJ tree took 0.000167 sec (of wall-clock time) 0.000092 sec (of CPU time)
Log-likelihood of RapidNJ tree: -6928.636
--------------------------------------------------------------------
|             INITIALIZING CANDIDATE TREE SET                      |
--------------------------------------------------------------------
Generating 98 parsimony trees... 0.162 second
Computing log-likelihood of 97 initial trees ... 0.283 seconds
Current best score: -6353.483

Do NNI search on 20 best initial trees
Estimate model parameters (epsilon = 0.100)
Initial log-likelihood: -6353.483
Current log-likelihood at step 1: -6353.483
Parameters optimization took 0 rounds (0.011 sec)

BETTER TREE FOUND at iteration 1: -6353.483
Estimate model parameters (epsilon = 0.100)
Initial log-likelihood: -6352.554
Current log-likelihood at step 1: -6352.522
Parameters optimization took 0 rounds (0.015 sec)

BETTER TREE FOUND at iteration 2: -6352.522
Estimate model parameters (epsilon = 0.100)
Initial log-likelihood: -6348.404
Current log-likelihood at step 1: -6348.338
Parameters optimization took 0 rounds (0.011 sec)

BETTER TREE FOUND at iteration 7: -6348.338
Estimate model parameters (epsilon = 0.100)
Initial log-likelihood: -6347.569
Current log-likelihood at step 1: -6347.560
Parameters optimization took 0 rounds (0.011 sec)

BETTER TREE FOUND at iteration 9: -6347.560
Iteration 10 / LogL: -6347.566 / Time: 0h:8m:11s
Iteration 20 / LogL: -6353.595 / Time: 0h:8m:12s
Finish initializing candidate tree set (5)
Current best tree score: -6347.560 / CPU time: 1.179
Number of iterations: 20
--------------------------------------------------------------------
|               OPTIMIZING CANDIDATE TREE SET                      |
--------------------------------------------------------------------
Iteration 30 / LogL: -6352.545 / Time: 0h:8m:12s (0h:0m:4s left)
Iteration 40 / LogL: -6347.560 / Time: 0h:8m:13s (0h:0m:4s left)
Iteration 50 / LogL: -6347.567 / Time: 0h:8m:13s (0h:0m:3s left)
UPDATE BEST LOG-LIKELIHOOD: -6347.560
Iteration 60 / LogL: -6354.188 / Time: 0h:8m:13s (0h:0m:2s left)
Iteration 70 / LogL: -6347.568 / Time: 0h:8m:14s (0h:0m:2s left)
Iteration 80 / LogL: -6348.122 / Time: 0h:8m:14s (0h:0m:1s left)
Iteration 90 / LogL: -6353.734 / Time: 0h:8m:15s (0h:0m:0s left)
UPDATE BEST LOG-LIKELIHOOD: -6347.560
Iteration 100 / LogL: -6353.722 / Time: 0h:8m:15s (0h:0m:0s left)
Iteration 110 / LogL: -6354.286 / Time: 0h:8m:16s (0h:0m:-1s left)
TREE SEARCH COMPLETED AFTER 110 ITERATIONS / Time: 0h:8m:16s

--------------------------------------------------------------------
|                    FINALIZING TREE SEARCH                        |
--------------------------------------------------------------------
Performs final model parameters optimization
Estimate model parameters (epsilon = 0.010)
Initial log-likelihood: -6347.560
Current log-likelihood at step 1: -6347.560
Partition-specific rates:  1.340 0.660
Parameters optimization took 0 rounds (0.011 sec)

Partition information was printed to partition_file.nex.best_model.nex
BEST SCORE FOUND : -6347.560
Total tree length: 7.776

Total number of iterations: 110
CPU time used for tree search: 5.410 sec (0h:0m:5s)
Wall-clock time used for tree search: 5.336 sec (0h:0m:5s)
Total CPU time used: 502.998 sec (0h:8m:22s)
Total wall-clock time used: 496.292 sec (0h:8m:16s)

===> START BOOTSTRAP REPLICATE NUMBER 95

Creating bootstrap alignment (seed: 26334)...
WARNING: States(s) E, I, K, M rarely appear in partition tdi and may cause numerical problems

Create initial parsimony tree by phylogenetic likelihood library (PLL)... 0.001 seconds
Reading model parameters from file /Users/mful870/Desktop/MD_3di_Dev_02Oct24/Scriptorum/SubstitutionMatrix/3di_substmat
WARNING: Normalizing state frequencies so that sum of them equals to 1

NOTE: 1 MB RAM (0 GB) is required!
Estimate model parameters (epsilon = 0.100)
Initial log-likelihood: -6431.590
Current log-likelihood at step 1: -6273.909
Current log-likelihood at step 2: -6256.967
Current log-likelihood at step 3: -6256.941
Partition-specific rates:  1.278 0.722
Parameters optimization took 2 rounds (0.058 sec)

Wrote distance file to... 
Computing ML distances based on estimated model parameters...
Calculating distance matrix: done in 3.98159e-05 secs using 82.88% CPU
Computing ML distances took 0.000098 sec (of wall-clock time) 0.000065 sec (of CPU time)
Setting up auxiliary I and S matrices: done in 2.69413e-05 secs using 81.66% CPU
Computing RapidNJ tree took 0.000116 sec (of wall-clock time) 0.000070 sec (of CPU time)
Log-likelihood of RapidNJ tree: -6747.769
--------------------------------------------------------------------
|             INITIALIZING CANDIDATE TREE SET                      |
--------------------------------------------------------------------
Generating 98 parsimony trees... 0.167 second
Computing log-likelihood of 98 initial trees ... 0.362 seconds
Current best score: -6256.417

Do NNI search on 20 best initial trees
Estimate model parameters (epsilon = 0.100)
Initial log-likelihood: -6223.015
Current log-likelihood at step 1: -6222.849
Current log-likelihood at step 2: -6222.840
Parameters optimization took 1 rounds (0.026 sec)

BETTER TREE FOUND at iteration 1: -6222.840
Iteration 10 / LogL: -6222.889 / Time: 0h:8m:17s
Iteration 20 / LogL: -6222.982 / Time: 0h:8m:17s
Finish initializing candidate tree set (1)
Current best tree score: -6222.840 / CPU time: 1.539
Number of iterations: 20
--------------------------------------------------------------------
|               OPTIMIZING CANDIDATE TREE SET                      |
--------------------------------------------------------------------
Iteration 30 / LogL: -6222.984 / Time: 0h:8m:18s (0h:0m:4s left)
UPDATE BEST LOG-LIKELIHOOD: -6222.839
Iteration 40 / LogL: -6222.843 / Time: 0h:8m:18s (0h:0m:3s left)
Iteration 50 / LogL: -6223.066 / Time: 0h:8m:19s (0h:0m:2s left)
UPDATE BEST LOG-LIKELIHOOD: -6222.838
Iteration 60 / LogL: -6222.907 / Time: 0h:8m:19s (0h:0m:2s left)
Iteration 70 / LogL: -6223.030 / Time: 0h:8m:19s (0h:0m:1s left)
Iteration 80 / LogL: -6223.052 / Time: 0h:8m:20s (0h:0m:1s left)
UPDATE BEST LOG-LIKELIHOOD: -6222.838
Iteration 90 / LogL: -6222.847 / Time: 0h:8m:20s (0h:0m:0s left)
Iteration 100 / LogL: -6222.874 / Time: 0h:8m:21s (0h:0m:0s left)
TREE SEARCH COMPLETED AFTER 102 ITERATIONS / Time: 0h:8m:21s

--------------------------------------------------------------------
|                    FINALIZING TREE SEARCH                        |
--------------------------------------------------------------------
Performs final model parameters optimization
Estimate model parameters (epsilon = 0.010)
Initial log-likelihood: -6222.838
Current log-likelihood at step 1: -6222.838
Partition-specific rates:  1.291 0.709
Parameters optimization took 0 rounds (0.011 sec)

Partition information was printed to partition_file.nex.best_model.nex
BEST SCORE FOUND : -6222.838
Total tree length: 7.836

Total number of iterations: 102
CPU time used for tree search: 4.917 sec (0h:0m:4s)
Wall-clock time used for tree search: 4.895 sec (0h:0m:4s)
Total CPU time used: 508.040 sec (0h:8m:28s)
Total wall-clock time used: 501.304 sec (0h:8m:21s)

===> START BOOTSTRAP REPLICATE NUMBER 96

Creating bootstrap alignment (seed: 26335)...
WARNING: States(s) E, I, K, M rarely appear in partition tdi and may cause numerical problems

Create initial parsimony tree by phylogenetic likelihood library (PLL)... 0.001 seconds
Reading model parameters from file /Users/mful870/Desktop/MD_3di_Dev_02Oct24/Scriptorum/SubstitutionMatrix/3di_substmat
WARNING: Normalizing state frequencies so that sum of them equals to 1

NOTE: 1 MB RAM (0 GB) is required!
Estimate model parameters (epsilon = 0.100)
Initial log-likelihood: -6350.835
Current log-likelihood at step 1: -6209.910
Current log-likelihood at step 2: -6190.213
Current log-likelihood at step 3: -6190.211
Partition-specific rates:  1.292 0.708
Parameters optimization took 2 rounds (0.048 sec)

Wrote distance file to... 
Computing ML distances based on estimated model parameters...
Calculating distance matrix: done in 3.88622e-05 secs using 84.92% CPU
Computing ML distances took 0.000093 sec (of wall-clock time) 0.000061 sec (of CPU time)
Setting up auxiliary I and S matrices: done in 3.00407e-05 secs using 79.89% CPU
Computing RapidNJ tree took 0.000143 sec (of wall-clock time) 0.000086 sec (of CPU time)
Log-likelihood of RapidNJ tree: -6829.189
--------------------------------------------------------------------
|             INITIALIZING CANDIDATE TREE SET                      |
--------------------------------------------------------------------
Generating 98 parsimony trees... 0.187 second
Computing log-likelihood of 97 initial trees ... 0.282 seconds
Current best score: -6190.211

Do NNI search on 20 best initial trees
Estimate model parameters (epsilon = 0.100)
Initial log-likelihood: -6181.312
Current log-likelihood at step 1: -6181.228
Parameters optimization took 0 rounds (0.012 sec)

BETTER TREE FOUND at iteration 1: -6181.228
Iteration 10 / LogL: -6181.317 / Time: 0h:8m:22s
Iteration 20 / LogL: -6181.259 / Time: 0h:8m:22s
Finish initializing candidate tree set (2)
Current best tree score: -6181.228 / CPU time: 1.273
Number of iterations: 20
--------------------------------------------------------------------
|               OPTIMIZING CANDIDATE TREE SET                      |
--------------------------------------------------------------------
Iteration 30 / LogL: -6182.456 / Time: 0h:8m:23s (0h:0m:4s left)
UPDATE BEST LOG-LIKELIHOOD: -6181.223
Iteration 40 / LogL: -6181.406 / Time: 0h:8m:23s (0h:0m:3s left)
Iteration 50 / LogL: -6197.380 / Time: 0h:8m:23s (0h:0m:2s left)
Iteration 60 / LogL: -6181.282 / Time: 0h:8m:24s (0h:0m:2s left)
Iteration 70 / LogL: -6182.483 / Time: 0h:8m:24s (0h:0m:1s left)
Iteration 80 / LogL: -6181.416 / Time: 0h:8m:25s (0h:0m:1s left)
Iteration 90 / LogL: -6181.239 / Time: 0h:8m:25s (0h:0m:0s left)
Iteration 100 / LogL: -6181.344 / Time: 0h:8m:26s (0h:0m:0s left)
TREE SEARCH COMPLETED AFTER 102 ITERATIONS / Time: 0h:8m:26s

--------------------------------------------------------------------
|                    FINALIZING TREE SEARCH                        |
--------------------------------------------------------------------
Performs final model parameters optimization
Estimate model parameters (epsilon = 0.010)
Initial log-likelihood: -6181.223
Current log-likelihood at step 1: -6181.223
Partition-specific rates:  1.285 0.715
Parameters optimization took 0 rounds (0.012 sec)

Partition information was printed to partition_file.nex.best_model.nex
BEST SCORE FOUND : -6181.223
Total tree length: 7.616

Total number of iterations: 102
CPU time used for tree search: 4.889 sec (0h:0m:4s)
Wall-clock time used for tree search: 4.826 sec (0h:0m:4s)
Total CPU time used: 513.057 sec (0h:8m:33s)
Total wall-clock time used: 506.242 sec (0h:8m:26s)

===> START BOOTSTRAP REPLICATE NUMBER 97

Creating bootstrap alignment (seed: 26336)...
WARNING: States(s) E, I, K, M, W rarely appear in partition tdi and may cause numerical problems

Create initial parsimony tree by phylogenetic likelihood library (PLL)... 0.001 seconds
Reading model parameters from file /Users/mful870/Desktop/MD_3di_Dev_02Oct24/Scriptorum/SubstitutionMatrix/3di_substmat
WARNING: Normalizing state frequencies so that sum of them equals to 1

NOTE: 1 MB RAM (0 GB) is required!
Estimate model parameters (epsilon = 0.100)
Initial log-likelihood: -6664.403
Current log-likelihood at step 1: -6536.381
Current log-likelihood at step 2: -6522.766
Current log-likelihood at step 3: -6522.720
Partition-specific rates:  1.267 0.733
Parameters optimization took 2 rounds (0.057 sec)

Wrote distance file to... 
Computing ML distances based on estimated model parameters...
Calculating distance matrix: done in 4.19617e-05 secs using 83.41% CPU
Computing ML distances took 0.000099 sec (of wall-clock time) 0.000067 sec (of CPU time)
Setting up auxiliary I and S matrices: done in 3.19481e-05 secs using 81.38% CPU
Computing RapidNJ tree took 0.000146 sec (of wall-clock time) 0.000083 sec (of CPU time)
Log-likelihood of RapidNJ tree: -7099.218
--------------------------------------------------------------------
|             INITIALIZING CANDIDATE TREE SET                      |
--------------------------------------------------------------------
Generating 98 parsimony trees... 0.169 second
Computing log-likelihood of 98 initial trees ... 0.319 seconds
Current best score: -6522.269

Do NNI search on 20 best initial trees
Estimate model parameters (epsilon = 0.100)
Initial log-likelihood: -6508.405
Current log-likelihood at step 1: -6507.449
Current log-likelihood at step 2: -6507.442
Parameters optimization took 1 rounds (0.028 sec)

BETTER TREE FOUND at iteration 1: -6507.442
Estimate model parameters (epsilon = 0.100)
Initial log-likelihood: -6506.729
Current log-likelihood at step 1: -6506.610
Current log-likelihood at step 2: -6506.600
Parameters optimization took 1 rounds (0.029 sec)

BETTER TREE FOUND at iteration 3: -6506.600
Iteration 10 / LogL: -6514.328 / Time: 0h:8m:27s
Iteration 20 / LogL: -6507.456 / Time: 0h:8m:27s
Finish initializing candidate tree set (5)
Current best tree score: -6506.600 / CPU time: 1.423
Number of iterations: 20
--------------------------------------------------------------------
|               OPTIMIZING CANDIDATE TREE SET                      |
--------------------------------------------------------------------
Iteration 30 / LogL: -6507.475 / Time: 0h:8m:28s (0h:0m:4s left)
Iteration 40 / LogL: -6506.631 / Time: 0h:8m:28s (0h:0m:4s left)
Iteration 50 / LogL: -6507.456 / Time: 0h:8m:29s (0h:0m:3s left)
Iteration 60 / LogL: -6506.665 / Time: 0h:8m:29s (0h:0m:2s left)
Iteration 70 / LogL: -6507.552 / Time: 0h:8m:30s (0h:0m:1s left)
Iteration 80 / LogL: -6506.651 / Time: 0h:8m:30s (0h:0m:1s left)
Iteration 90 / LogL: -6507.506 / Time: 0h:8m:31s (0h:0m:0s left)
Iteration 100 / LogL: -6507.457 / Time: 0h:8m:31s (0h:0m:0s left)
TREE SEARCH COMPLETED AFTER 104 ITERATIONS / Time: 0h:8m:31s

--------------------------------------------------------------------
|                    FINALIZING TREE SEARCH                        |
--------------------------------------------------------------------
Performs final model parameters optimization
Estimate model parameters (epsilon = 0.010)
Initial log-likelihood: -6506.600
Current log-likelihood at step 1: -6506.599
Partition-specific rates:  1.293 0.707
Parameters optimization took 0 rounds (0.013 sec)

Partition information was printed to partition_file.nex.best_model.nex
BEST SCORE FOUND : -6506.599
Total tree length: 7.707

Total number of iterations: 104
CPU time used for tree search: 5.518 sec (0h:0m:5s)
Wall-clock time used for tree search: 5.488 sec (0h:0m:5s)
Total CPU time used: 518.699 sec (0h:8m:38s)
Total wall-clock time used: 511.848 sec (0h:8m:31s)

===> START BOOTSTRAP REPLICATE NUMBER 98

Creating bootstrap alignment (seed: 26337)...
WARNING: States(s) E, I, K, M, Y rarely appear in partition tdi and may cause numerical problems

Create initial parsimony tree by phylogenetic likelihood library (PLL)... 0.001 seconds
Reading model parameters from file /Users/mful870/Desktop/MD_3di_Dev_02Oct24/Scriptorum/SubstitutionMatrix/3di_substmat
WARNING: Normalizing state frequencies so that sum of them equals to 1

NOTE: 1 MB RAM (0 GB) is required!
Estimate model parameters (epsilon = 0.100)
Initial log-likelihood: -6518.307
Current log-likelihood at step 1: -6374.671
Current log-likelihood at step 2: -6359.859
Current log-likelihood at step 3: -6359.585
Current log-likelihood at step 4: -6359.577
Partition-specific rates:  1.335 0.665
Parameters optimization took 3 rounds (0.078 sec)

Wrote distance file to... 
Computing ML distances based on estimated model parameters...
Calculating distance matrix: done in 5.10216e-05 secs using 82.32% CPU
Computing ML distances took 0.000109 sec (of wall-clock time) 0.000073 sec (of CPU time)
Setting up auxiliary I and S matrices: done in 7.79629e-05 secs using 53.87% CPU
Computing RapidNJ tree took 0.000227 sec (of wall-clock time) 0.000128 sec (of CPU time)
Log-likelihood of RapidNJ tree: -6926.847
--------------------------------------------------------------------
|             INITIALIZING CANDIDATE TREE SET                      |
--------------------------------------------------------------------
Generating 98 parsimony trees... 0.169 second
Computing log-likelihood of 98 initial trees ... 0.275 seconds
Current best score: -6339.224

Do NNI search on 20 best initial trees
Estimate model parameters (epsilon = 0.100)
Initial log-likelihood: -6328.957
Current log-likelihood at step 1: -6328.654
Current log-likelihood at step 2: -6328.637
Parameters optimization took 1 rounds (0.030 sec)

BETTER TREE FOUND at iteration 1: -6328.637
Iteration 10 / LogL: -6329.414 / Time: 0h:8m:32s
Iteration 20 / LogL: -6328.836 / Time: 0h:8m:33s
Finish initializing candidate tree set (3)
Current best tree score: -6328.637 / CPU time: 1.171
Number of iterations: 20
--------------------------------------------------------------------
|               OPTIMIZING CANDIDATE TREE SET                      |
--------------------------------------------------------------------
Iteration 30 / LogL: -6328.831 / Time: 0h:8m:33s (0h:0m:4s left)
UPDATE BEST LOG-LIKELIHOOD: -6328.637
Iteration 40 / LogL: -6328.637 / Time: 0h:8m:33s (0h:0m:3s left)
Iteration 50 / LogL: -6328.950 / Time: 0h:8m:34s (0h:0m:2s left)
Iteration 60 / LogL: -6328.823 / Time: 0h:8m:34s (0h:0m:2s left)
Iteration 70 / LogL: -6328.744 / Time: 0h:8m:35s (0h:0m:1s left)
Iteration 80 / LogL: -6329.101 / Time: 0h:8m:35s (0h:0m:1s left)
Iteration 90 / LogL: -6328.808 / Time: 0h:8m:36s (0h:0m:0s left)
UPDATE BEST LOG-LIKELIHOOD: -6328.637
Iteration 100 / LogL: -6328.842 / Time: 0h:8m:36s (0h:0m:0s left)
TREE SEARCH COMPLETED AFTER 102 ITERATIONS / Time: 0h:8m:36s

--------------------------------------------------------------------
|                    FINALIZING TREE SEARCH                        |
--------------------------------------------------------------------
Performs final model parameters optimization
Estimate model parameters (epsilon = 0.010)
Initial log-likelihood: -6328.637
Current log-likelihood at step 1: -6328.636
Partition-specific rates:  1.316 0.684
Parameters optimization took 0 rounds (0.013 sec)

Partition information was printed to partition_file.nex.best_model.nex
BEST SCORE FOUND : -6328.636
Total tree length: 7.322

Total number of iterations: 102
CPU time used for tree search: 4.822 sec (0h:0m:4s)
Wall-clock time used for tree search: 4.761 sec (0h:0m:4s)
Total CPU time used: 523.680 sec (0h:8m:43s)
Total wall-clock time used: 516.754 sec (0h:8m:36s)

===> START BOOTSTRAP REPLICATE NUMBER 99

Creating bootstrap alignment (seed: 26338)...
WARNING: States(s) E, I, K, M, W rarely appear in partition tdi and may cause numerical problems

Create initial parsimony tree by phylogenetic likelihood library (PLL)... 0.001 seconds
Reading model parameters from file /Users/mful870/Desktop/MD_3di_Dev_02Oct24/Scriptorum/SubstitutionMatrix/3di_substmat
WARNING: Normalizing state frequencies so that sum of them equals to 1

NOTE: 1 MB RAM (0 GB) is required!
Estimate model parameters (epsilon = 0.100)
Initial log-likelihood: -6622.258
Current log-likelihood at step 1: -6499.472
Current log-likelihood at step 2: -6480.624
Current log-likelihood at step 3: -6480.619
Partition-specific rates:  1.295 0.705
Parameters optimization took 2 rounds (0.065 sec)

Wrote distance file to... 
Computing ML distances based on estimated model parameters...
Calculating distance matrix: done in 4.00543e-05 secs using 84.88% CPU
Computing ML distances took 0.000099 sec (of wall-clock time) 0.000065 sec (of CPU time)
Setting up auxiliary I and S matrices: done in 3.88622e-05 secs using 79.77% CPU
Computing RapidNJ tree took 0.000148 sec (of wall-clock time) 0.000094 sec (of CPU time)
Log-likelihood of RapidNJ tree: -7101.805
--------------------------------------------------------------------
|             INITIALIZING CANDIDATE TREE SET                      |
--------------------------------------------------------------------
Generating 98 parsimony trees... 0.140 second
Computing log-likelihood of 98 initial trees ... 0.296 seconds
Current best score: -6480.619

Do NNI search on 20 best initial trees
Estimate model parameters (epsilon = 0.100)
Initial log-likelihood: -6476.951
Current log-likelihood at step 1: -6476.812
Current log-likelihood at step 2: -6476.809
Parameters optimization took 1 rounds (0.030 sec)

BETTER TREE FOUND at iteration 1: -6476.809
Iteration 10 / LogL: -6476.944 / Time: 0h:8m:37s
Iteration 20 / LogL: -6478.072 / Time: 0h:8m:38s
Finish initializing candidate tree set (6)
Current best tree score: -6476.809 / CPU time: 1.282
Number of iterations: 20
--------------------------------------------------------------------
|               OPTIMIZING CANDIDATE TREE SET                      |
--------------------------------------------------------------------
Iteration 30 / LogL: -6476.902 / Time: 0h:8m:38s (0h:0m:4s left)
Iteration 40 / LogL: -6478.434 / Time: 0h:8m:38s (0h:0m:3s left)
Iteration 50 / LogL: -6478.376 / Time: 0h:8m:39s (0h:0m:2s left)
Iteration 60 / LogL: -6478.521 / Time: 0h:8m:39s (0h:0m:2s left)
Iteration 70 / LogL: -6478.066 / Time: 0h:8m:40s (0h:0m:1s left)
Iteration 80 / LogL: -6478.065 / Time: 0h:8m:40s (0h:0m:1s left)
Iteration 90 / LogL: -6478.769 / Time: 0h:8m:41s (0h:0m:0s left)
Iteration 100 / LogL: -6478.053 / Time: 0h:8m:41s (0h:0m:0s left)
TREE SEARCH COMPLETED AFTER 102 ITERATIONS / Time: 0h:8m:41s

--------------------------------------------------------------------
|                    FINALIZING TREE SEARCH                        |
--------------------------------------------------------------------
Performs final model parameters optimization
Estimate model parameters (epsilon = 0.010)
Initial log-likelihood: -6476.809
Current log-likelihood at step 1: -6476.809
Partition-specific rates:  1.297 0.703
Parameters optimization took 0 rounds (0.010 sec)

Partition information was printed to partition_file.nex.best_model.nex
BEST SCORE FOUND : -6476.809
Total tree length: 8.061

Total number of iterations: 102
CPU time used for tree search: 4.808 sec (0h:0m:4s)
Wall-clock time used for tree search: 4.738 sec (0h:0m:4s)
Total CPU time used: 528.628 sec (0h:8m:48s)
Total wall-clock time used: 521.622 sec (0h:8m:41s)

===> START BOOTSTRAP REPLICATE NUMBER 100

Creating bootstrap alignment (seed: 26339)...
WARNING: States(s) E, I, K, M rarely appear in partition tdi and may cause numerical problems

Create initial parsimony tree by phylogenetic likelihood library (PLL)... 0.001 seconds
Reading model parameters from file /Users/mful870/Desktop/MD_3di_Dev_02Oct24/Scriptorum/SubstitutionMatrix/3di_substmat
WARNING: Normalizing state frequencies so that sum of them equals to 1

NOTE: 1 MB RAM (0 GB) is required!
Estimate model parameters (epsilon = 0.100)
Initial log-likelihood: -6613.952
Current log-likelihood at step 1: -6479.963
Current log-likelihood at step 2: -6455.545
Current log-likelihood at step 3: -6455.543
Partition-specific rates:  1.302 0.698
Parameters optimization took 2 rounds (0.051 sec)

Wrote distance file to... 
Computing ML distances based on estimated model parameters...
Calculating distance matrix: done in 4.19617e-05 secs using 83.41% CPU
Computing ML distances took 0.000102 sec (of wall-clock time) 0.000066 sec (of CPU time)
Setting up auxiliary I and S matrices: done in 6.00815e-05 secs using 68.24% CPU
Computing RapidNJ tree took 0.000206 sec (of wall-clock time) 0.000114 sec (of CPU time)
Log-likelihood of RapidNJ tree: -7053.186
--------------------------------------------------------------------
|             INITIALIZING CANDIDATE TREE SET                      |
--------------------------------------------------------------------
Generating 98 parsimony trees... 0.146 second
Computing log-likelihood of 97 initial trees ... 0.338 seconds
Current best score: -6455.543

Do NNI search on 20 best initial trees
Estimate model parameters (epsilon = 0.100)
Initial log-likelihood: -6438.044
Current log-likelihood at step 1: -6437.701
Current log-likelihood at step 2: -6437.691
Parameters optimization took 1 rounds (0.022 sec)

BETTER TREE FOUND at iteration 1: -6437.691
Iteration 10 / LogL: -6437.760 / Time: 0h:8m:42s
Iteration 20 / LogL: -6437.991 / Time: 0h:8m:43s
Finish initializing candidate tree set (3)
Current best tree score: -6437.691 / CPU time: 1.490
Number of iterations: 20
--------------------------------------------------------------------
|               OPTIMIZING CANDIDATE TREE SET                      |
--------------------------------------------------------------------
Estimate model parameters (epsilon = 0.100)
Initial log-likelihood: -6437.343
Current log-likelihood at step 1: -6437.295
Parameters optimization took 0 rounds (0.012 sec)

BETTER TREE FOUND at iteration 26: -6437.295
Iteration 30 / LogL: -6442.215 / Time: 0h:8m:43s (0h:0m:6s left)
Iteration 40 / LogL: -6438.045 / Time: 0h:8m:44s (0h:0m:5s left)
Iteration 50 / LogL: -6437.299 / Time: 0h:8m:44s (0h:0m:4s left)
Iteration 60 / LogL: -6437.299 / Time: 0h:8m:45s (0h:0m:4s left)
Iteration 70 / LogL: -6437.745 / Time: 0h:8m:45s (0h:0m:3s left)
Iteration 80 / LogL: -6442.320 / Time: 0h:8m:46s (0h:0m:2s left)
Iteration 90 / LogL: -6437.304 / Time: 0h:8m:46s (0h:0m:2s left)
Iteration 100 / LogL: -6449.027 / Time: 0h:8m:47s (0h:0m:1s left)
Iteration 110 / LogL: -6442.437 / Time: 0h:8m:47s (0h:0m:0s left)
Iteration 120 / LogL: -6437.745 / Time: 0h:8m:48s (0h:0m:0s left)
TREE SEARCH COMPLETED AFTER 127 ITERATIONS / Time: 0h:8m:48s

--------------------------------------------------------------------
|                    FINALIZING TREE SEARCH                        |
--------------------------------------------------------------------
Performs final model parameters optimization
Estimate model parameters (epsilon = 0.010)
Initial log-likelihood: -6437.295
Current log-likelihood at step 1: -6437.295
Partition-specific rates:  1.289 0.711
Parameters optimization took 0 rounds (0.012 sec)

Partition information was printed to partition_file.nex.best_model.nex
BEST SCORE FOUND : -6437.295
Total tree length: 8.092

Total number of iterations: 127
CPU time used for tree search: 6.757 sec (0h:0m:6s)
Wall-clock time used for tree search: 6.737 sec (0h:0m:6s)
Total CPU time used: 535.496 sec (0h:8m:55s)
Total wall-clock time used: 528.465 sec (0h:8m:48s)

===> COMPUTE CONSENSUS TREE FROM 100 BOOTSTRAP TREES

Reading tree(s) file partition_file.nex.boottrees ...
100 tree(s) loaded (0 rooted and 100 unrooted)
0 split(s) discarded because frequency <= -1.000
51 splits found
Consensus tree written to partition_file.nex.contree

===> START ANALYSIS ON THE ORIGINAL ALIGNMENT

WARNING: States(s) E, I, K, M rarely appear in partition tdi and may cause numerical problems

Create initial parsimony tree by phylogenetic likelihood library (PLL)... 0.001 seconds
Reading model parameters from file /Users/mful870/Desktop/MD_3di_Dev_02Oct24/Scriptorum/SubstitutionMatrix/3di_substmat
WARNING: Normalizing state frequencies so that sum of them equals to 1

NOTE: 1 MB RAM (0 GB) is required!
Estimate model parameters (epsilon = 0.100)
Initial log-likelihood: -6517.726
Current log-likelihood at step 1: -6392.216
Current log-likelihood at step 2: -6366.476
Current log-likelihood at step 3: -6366.473
Partition-specific rates:  1.335 0.665
Parameters optimization took 2 rounds (0.080 sec)

Wrote distance file to... 
Computing ML distances based on estimated model parameters...
Calculating distance matrix: done in 4.00543e-05 secs using 87.38% CPU
Computing ML distances took 0.000099 sec (of wall-clock time) 0.000065 sec (of CPU time)
Setting up auxiliary I and S matrices: done in 3.31402e-05 secs using 75.44% CPU
Computing RapidNJ tree took 0.000143 sec (of wall-clock time) 0.000092 sec (of CPU time)
Log-likelihood of RapidNJ tree: -6948.742
--------------------------------------------------------------------
|             INITIALIZING CANDIDATE TREE SET                      |
--------------------------------------------------------------------
Generating 98 parsimony trees... 0.137 second
Computing log-likelihood of 98 initial trees ... 0.390 seconds
Current best score: -6366.473

Do NNI search on 20 best initial trees
Estimate model parameters (epsilon = 0.100)
Initial log-likelihood: -6360.682
Current log-likelihood at step 1: -6360.618
Parameters optimization took 0 rounds (0.016 sec)

BETTER TREE FOUND at iteration 1: -6360.618
Estimate model parameters (epsilon = 0.100)
Initial log-likelihood: -6358.872
Current log-likelihood at step 1: -6358.844
Parameters optimization took 0 rounds (0.018 sec)

BETTER TREE FOUND at iteration 2: -6358.844
Iteration 10 / LogL: -6360.643 / Time: 0h:8m:49s
Iteration 20 / LogL: -6359.001 / Time: 0h:8m:50s
Finish initializing candidate tree set (3)
Current best tree score: -6358.844 / CPU time: 1.660
Number of iterations: 20
--------------------------------------------------------------------
|               OPTIMIZING CANDIDATE TREE SET                      |
--------------------------------------------------------------------
Iteration 30 / LogL: -6358.891 / Time: 0h:8m:50s (0h:0m:5s left)
Iteration 40 / LogL: -6358.850 / Time: 0h:8m:51s (0h:0m:4s left)
UPDATE BEST LOG-LIKELIHOOD: -6358.843
Iteration 50 / LogL: -6358.876 / Time: 0h:8m:52s (0h:0m:3s left)
Iteration 60 / LogL: -6358.941 / Time: 0h:8m:52s (0h:0m:3s left)
Iteration 70 / LogL: -6358.891 / Time: 0h:8m:53s (0h:0m:2s left)
UPDATE BEST LOG-LIKELIHOOD: -6358.841
Iteration 80 / LogL: -6358.850 / Time: 0h:8m:54s (0h:0m:1s left)
Iteration 90 / LogL: -6358.851 / Time: 0h:8m:54s (0h:0m:0s left)
UPDATE BEST LOG-LIKELIHOOD: -6358.841
Iteration 100 / LogL: -6358.918 / Time: 0h:8m:55s (0h:0m:0s left)
TREE SEARCH COMPLETED AFTER 103 ITERATIONS / Time: 0h:8m:55s

--------------------------------------------------------------------
|                    FINALIZING TREE SEARCH                        |
--------------------------------------------------------------------
Performs final model parameters optimization
Estimate model parameters (epsilon = 0.010)
Initial log-likelihood: -6358.841
Current log-likelihood at step 1: -6358.841
Partition-specific rates:  1.332 0.668
Parameters optimization took 0 rounds (0.017 sec)

Partition information was printed to partition_file.nex.best_model.nex
BEST SCORE FOUND : -6358.841
Total tree length: 7.884

Total number of iterations: 103
CPU time used for tree search: 7.014 sec (0h:0m:7s)
Wall-clock time used for tree search: 6.956 sec (0h:0m:6s)
Total CPU time used: 542.684 sec (0h:9m:2s)
Total wall-clock time used: 535.581 sec (0h:8m:55s)
Reading input trees file partition_file.nex.contree
Log-likelihood of consensus tree: -6358.841

===> ASSIGN BOOTSTRAP SUPPORTS TO THE TREE FROM ORIGINAL ALIGNMENT

Reading tree partition_file.nex.treefile ...
unrooted tree detected
Reading tree(s) file partition_file.nex.boottrees ...
100 tree(s) loaded (0 rooted and 100 unrooted)
Rescaling split weights by 1.000
51 splits found
Creating bootstrap support values...
Tree with assigned support written to partition_file.nex.treefile

Analysis results written to: 
  IQ-TREE report:                partition_file.nex.iqtree
  Maximum-likelihood tree:       partition_file.nex.treefile
  Likelihood distances:          partition_file.nex.mldist
  Screen log file:               partition_file.nex.log

Total CPU time for bootstrap: 542.710 seconds.
Total wall-clock time for bootstrap: 535.621 seconds.

Non-parametric bootstrap results written to:
  Bootstrap trees:          partition_file.nex.boottrees
  Consensus tree:           partition_file.nex.contree

Date and Time: Fri Jun  6 10:47:15 2025
